# WaveFront *.obj file (generated by Autodesk ATF)

mtllib Bottom_deck.mtl

g Body1

v -0.160000 3.300000 -0.000000
v -0.154548 3.341411 0.000000
v -0.138564 3.380000 0.000000
v -0.113137 3.413137 0.000000
v -0.080000 3.438564 0.000000
v -0.041411 3.454548 0.000000
v 0.000000 3.460000 0.000000
v 0.041411 3.454548 0.000000
v 0.080000 3.438564 0.000000
v 0.113137 3.413137 0.000000
v 0.138564 3.380000 0.000000
v 0.154548 3.341411 0.000000
v 0.160000 3.300000 0.000000
v 0.154548 3.258589 0.000000
v 0.138564 3.220000 0.000000
v 0.113137 3.186863 0.000000
v 0.080000 3.161436 0.000000
v 0.041411 3.145452 0.000000
v 0.000000 3.140000 0.000000
v -0.041411 3.145452 0.000000
v -0.080000 3.161436 0.000000
v -0.113137 3.186863 0.000000
v -0.138564 3.220000 0.000000
v -0.154548 3.258589 0.000000
v -0.160000 3.300000 0.300000
v -0.154548 3.258589 0.300000
v -0.138564 3.220000 0.300000
v -0.113137 3.186863 0.300000
v -0.080000 3.161436 0.300000
v -0.041411 3.145452 0.300000
v 0.000000 3.140000 0.300000
v 0.041411 3.145452 0.300000
v 0.080000 3.161436 0.300000
v 0.113137 3.186863 0.300000
v 0.138564 3.220000 0.300000
v 0.154548 3.258589 0.300000
v 0.160000 3.300000 0.300000
v 0.154548 3.341411 0.300000
v 0.138564 3.380000 0.300000
v 0.113137 3.413137 0.300000
v 0.080000 3.438564 0.300000
v 0.041411 3.454548 0.300000
v 0.000000 3.460000 0.300000
v -0.041411 3.454548 0.300000
v -0.080000 3.438564 0.300000
v -0.113137 3.413137 0.300000
v -0.138564 3.380000 0.300000
v -0.154548 3.341411 0.300000
v -0.766218 2.250000 -0.000000
v -0.760766 2.291411 0.000000
v -0.744782 2.330000 0.000000
v -0.719355 2.363137 0.000000
v -0.686218 2.388564 0.000000
v -0.647629 2.404548 0.000000
v -0.606218 2.410000 0.000000
v -0.564807 2.404548 0.000000
v -0.526218 2.388564 0.000000
v -0.493081 2.363137 0.000000
v -0.467654 2.330000 0.000000
v -0.451670 2.291411 0.000000
v -0.446218 2.250000 0.000000
v -0.451670 2.208589 0.000000
v -0.467654 2.170000 0.000000
v -0.493081 2.136863 0.000000
v -0.526218 2.111436 0.000000
v -0.564807 2.095452 0.000000
v -0.606218 2.090000 0.000000
v -0.647629 2.095452 0.000000
v -0.686218 2.111436 0.000000
v -0.719355 2.136863 0.000000
v -0.744782 2.170000 0.000000
v -0.760766 2.208589 0.000000
v -0.766218 2.250000 0.300000
v -0.760766 2.208589 0.300000
v -0.744782 2.170000 0.300000
v -0.719355 2.136863 0.300000
v -0.686218 2.111436 0.300000
v -0.647629 2.095452 0.300000
v -0.606218 2.090000 0.300000
v -0.564807 2.095452 0.300000
v -0.526218 2.111436 0.300000
v -0.493081 2.136863 0.300000
v -0.467654 2.170000 0.300000
v -0.451670 2.208589 0.300000
v -0.446218 2.250000 0.300000
v -0.451670 2.291411 0.300000
v -0.467654 2.330000 0.300000
v -0.493081 2.363137 0.300000
v -0.526218 2.388564 0.300000
v -0.564807 2.404548 0.300000
v -0.606218 2.410000 0.300000
v -0.647629 2.404548 0.300000
v -0.686218 2.388564 0.300000
v -0.719355 2.363137 0.300000
v -0.744782 2.330000 0.300000
v -0.760766 2.291411 0.300000
v 0.446218 2.250000 -0.000000
v 0.451670 2.291411 0.000000
v 0.467654 2.330000 0.000000
v 0.493081 2.363137 0.000000
v 0.526218 2.388564 0.000000
v 0.564807 2.404548 0.000000
v 0.606218 2.410000 0.000000
v 0.647629 2.404548 0.000000
v 0.686218 2.388564 0.000000
v 0.719355 2.363137 0.000000
v 0.744782 2.330000 0.000000
v 0.760766 2.291411 0.000000
v 0.766218 2.250000 0.000000
v 0.760766 2.208589 0.000000
v 0.744782 2.170000 0.000000
v 0.719355 2.136863 0.000000
v 0.686218 2.111436 0.000000
v 0.647629 2.095452 0.000000
v 0.606218 2.090000 0.000000
v 0.564807 2.095452 0.000000
v 0.526218 2.111436 0.000000
v 0.493081 2.136863 0.000000
v 0.467654 2.170000 0.000000
v 0.451670 2.208589 0.000000
v 0.446218 2.250000 0.300000
v 0.451670 2.208589 0.300000
v 0.467654 2.170000 0.300000
v 0.493081 2.136863 0.300000
v 0.526218 2.111436 0.300000
v 0.564807 2.095452 0.300000
v 0.606218 2.090000 0.300000
v 0.647629 2.095452 0.300000
v 0.686218 2.111436 0.300000
v 0.719355 2.136863 0.300000
v 0.744782 2.170000 0.300000
v 0.760766 2.208589 0.300000
v 0.766218 2.250000 0.300000
v 0.760766 2.291411 0.300000
v 0.744782 2.330000 0.300000
v 0.719355 2.363137 0.300000
v 0.686218 2.388564 0.300000
v 0.647629 2.404548 0.300000
v 0.606218 2.410000 0.300000
v 0.564807 2.404548 0.300000
v 0.526218 2.388564 0.300000
v 0.493081 2.363137 0.300000
v 0.467654 2.330000 0.300000
v 0.451670 2.291411 0.300000
v 2.615000 0.850000 0.300000
v 3.115000 0.850000 0.300000
v 3.115000 1.100000 0.300000
v 3.415000 1.100000 0.300000
v 3.415000 1.300000 0.300000
v 3.411593 1.325882 0.300000
v 3.401603 1.350000 0.300000
v 3.385711 1.370711 0.300000
v 3.365000 1.386603 0.300000
v 3.340882 1.396593 0.300000
v 3.315000 1.400000 0.300000
v 3.065000 1.400000 0.300000
v 3.039118 1.403407 0.300000
v 3.015000 1.413397 0.300000
v 2.994289 1.429289 0.300000
v 2.978397 1.450000 0.300000
v 2.968407 1.474118 0.300000
v 2.965000 1.500000 0.300000
v 2.965000 2.600000 0.300000
v 3.105000 2.600000 0.300000
v 3.105000 2.100000 0.300000
v 3.085000 2.100000 0.300000
v 3.085000 1.900000 0.300000
v 3.315000 1.900000 0.300000
v 3.340882 1.903407 0.300000
v 3.365000 1.913397 0.300000
v 3.385711 1.929289 0.300000
v 3.401603 1.950000 0.300000
v 3.411593 1.974118 0.300000
v 3.415000 2.000000 0.300000
v 3.415000 8.340000 0.300000
v 3.115000 8.340000 0.300000
v 3.115000 9.860000 0.300000
v 3.415000 9.860000 0.300000
v 3.415000 11.250000 0.300000
v 3.115000 11.250000 0.300000
v 3.115000 11.600000 0.300000
v 2.615000 11.600000 0.300000
v 2.615000 11.490000 0.300000
v 2.365000 11.490000 0.300000
v 2.365000 11.600000 0.300000
v 2.165000 11.600000 0.300000
v 2.165000 11.900000 0.300000
v 2.365000 11.900000 0.300000
v 2.365000 12.010000 0.300000
v 2.615000 12.010000 0.300000
v 2.615000 11.900000 0.300000
v 3.115000 11.900000 0.300000
v 3.115000 12.250000 0.300000
v 3.415000 12.250000 0.300000
v 3.415000 13.350000 0.300000
v 2.275865 13.350000 0.300000
v 2.199281 13.359940 0.300000
v 2.127772 13.389101 0.300000
v 2.066076 13.435551 0.300000
v 2.018282 13.496211 0.300000
v 1.987557 13.567062 0.300000
v 1.000000 17.000000 0.300000
v 0.510000 17.000000 0.300000
v 0.510000 16.840000 0.300000
v 0.150000 16.840000 0.300000
v 0.150000 16.190000 0.300000
v 0.260000 16.190000 0.300000
v 0.260000 15.940000 0.300000
v 0.150000 15.940000 0.300000
v 0.150000 15.740000 0.300000
v -0.150000 15.740000 0.300000
v -0.150000 15.940000 0.300000
v -0.260000 15.940000 0.300000
v -0.260000 16.190000 0.300000
v -0.150000 16.190000 0.300000
v -0.150000 16.840000 0.300000
v -0.510000 16.840000 0.300000
v -0.510000 17.000000 0.300000
v -1.000000 17.000000 0.300000
v -1.987557 13.567062 0.300000
v -2.018282 13.496211 0.300000
v -2.066076 13.435551 0.300000
v -2.127772 13.389101 0.300000
v -2.199281 13.359940 0.300000
v -2.275865 13.350000 0.300000
v -3.415000 13.350000 0.300000
v -3.415000 12.250000 0.300000
v -3.115000 12.250000 0.300000
v -3.115000 11.900000 0.300000
v -2.615000 11.900000 0.300000
v -2.615000 12.010000 0.300000
v -2.365000 12.010000 0.300000
v -2.365000 11.900000 0.300000
v -2.165000 11.900000 0.300000
v -2.165000 11.600000 0.300000
v -2.365000 11.600000 0.300000
v -2.365000 11.490000 0.300000
v -2.615000 11.490000 0.300000
v -2.615000 11.600000 0.300000
v -3.115000 11.600000 0.300000
v -3.115000 11.250000 0.300000
v -3.415000 11.250000 0.300000
v -3.415000 9.860000 0.300000
v -3.115000 9.860000 0.300000
v -3.115000 8.340000 0.300000
v -3.415000 8.340000 0.300000
v -3.415000 2.000000 0.300000
v -3.411593 1.974118 0.300000
v -3.401603 1.950000 0.300000
v -3.385711 1.929289 0.300000
v -3.365000 1.913397 0.300000
v -3.340882 1.903407 0.300000
v -3.315000 1.900000 0.300000
v -3.085000 1.900000 0.300000
v -3.085000 2.100000 0.300000
v -3.105000 2.100000 0.300000
v -3.105000 2.600000 0.300000
v -2.965000 2.600000 0.300000
v -2.965000 1.500000 0.300000
v -2.968407 1.474118 0.300000
v -2.978397 1.450000 0.300000
v -2.994289 1.429289 0.300000
v -3.015000 1.413397 0.300000
v -3.039118 1.403407 0.300000
v -3.065000 1.400000 0.300000
v -3.315000 1.400000 0.300000
v -3.340882 1.396593 0.300000
v -3.365000 1.386603 0.300000
v -3.385711 1.370711 0.300000
v -3.401603 1.350000 0.300000
v -3.411593 1.325882 0.300000
v -3.415000 1.300000 0.300000
v -3.415000 1.100000 0.300000
v -3.115000 1.100000 0.300000
v -3.115000 0.850000 0.300000
v -2.615000 0.850000 0.300000
v -2.615000 0.960000 0.300000
v -2.365000 0.960000 0.300000
v -2.365000 0.850000 0.300000
v -2.165000 0.850000 0.300000
v -2.165000 0.550000 0.300000
v -2.365000 0.550000 0.300000
v -2.365000 0.440000 0.300000
v -2.615000 0.440000 0.300000
v -2.615000 0.550000 0.300000
v -3.115000 0.550000 0.300000
v -3.115000 0.300000 0.300000
v -3.415000 0.300000 0.300000
v -3.415000 -0.000000 0.300000
v -2.750000 -0.000000 0.300000
v -2.750000 -0.160000 0.300000
v -1.750000 -0.160000 0.300000
v -1.750000 0.000000 0.300000
v -0.150000 0.000000 0.300000
v -0.150000 0.650000 0.300000
v -0.260000 0.650000 0.300000
v -0.260000 0.900000 0.300000
v -0.150000 0.900000 0.300000
v -0.150000 1.100000 0.300000
v 0.150000 1.100000 0.300000
v 0.150000 0.900000 0.300000
v 0.260000 0.900000 0.300000
v 0.260000 0.650000 0.300000
v 0.150000 0.650000 0.300000
v 0.150000 0.000000 0.300000
v 1.750000 0.000000 0.300000
v 1.750000 -0.160000 0.300000
v 2.750000 -0.160000 0.300000
v 2.750000 -0.000000 0.300000
v 3.415000 0.000000 0.300000
v 3.415000 0.300000 0.300000
v 3.115000 0.300000 0.300000
v 3.115000 0.550000 0.300000
v 2.615000 0.550000 0.300000
v 2.615000 0.440000 0.300000
v 2.365000 0.440000 0.300000
v 2.365000 0.550000 0.300000
v 2.165000 0.550000 0.300000
v 2.165000 0.850000 0.300000
v 2.365000 0.850000 0.300000
v 2.365000 0.960000 0.300000
v 2.615000 0.960000 0.300000
v -0.600000 0.200000 0.300000
v -1.400000 0.200000 0.300000
v -1.400000 1.000000 0.300000
v -0.600000 1.000000 0.300000
v 0.325000 14.400000 0.300000
v 0.325000 14.300000 0.300000
v 0.321593 14.274118 0.300000
v 0.311603 14.250000 0.300000
v 0.295711 14.229289 0.300000
v 0.275000 14.213397 0.300000
v 0.250882 14.203407 0.300000
v 0.225000 14.200000 0.300000
v -1.175000 14.200000 0.300000
v -1.200882 14.203407 0.300000
v -1.225000 14.213397 0.300000
v -1.245711 14.229289 0.300000
v -1.261603 14.250000 0.300000
v -1.271593 14.274118 0.300000
v -1.275000 14.300000 0.300000
v -1.275000 14.400000 0.300000
v -1.271593 14.425882 0.300000
v -1.261603 14.450000 0.300000
v -1.245711 14.470711 0.300000
v -1.225000 14.486603 0.300000
v -1.200882 14.496593 0.300000
v -1.175000 14.500000 0.300000
v 0.225000 14.500000 0.300000
v 0.250882 14.496593 0.300000
v 0.275000 14.486603 0.300000
v 0.295711 14.470711 0.300000
v 0.311603 14.450000 0.300000
v 0.321593 14.425882 0.300000
v 0.850000 13.200000 0.300000
v 0.854259 13.232352 0.300000
v 0.866747 13.262500 0.300000
v 0.886612 13.288388 0.300000
v 0.912500 13.308253 0.300000
v 0.942648 13.320741 0.300000
v 0.975000 13.325000 0.300000
v 1.007352 13.320741 0.300000
v 1.037500 13.308253 0.300000
v 1.063388 13.288388 0.300000
v 1.083253 13.262500 0.300000
v 1.095741 13.232352 0.300000
v 1.100000 13.200000 0.300000
v 1.095741 13.167648 0.300000
v 1.083253 13.137500 0.300000
v 1.063388 13.111612 0.300000
v 1.037500 13.091747 0.300000
v 1.007352 13.079259 0.300000
v 0.975000 13.075000 0.300000
v 0.942648 13.079259 0.300000
v 0.912500 13.091747 0.300000
v 0.886612 13.111612 0.300000
v 0.866747 13.137500 0.300000
v 0.854259 13.167648 0.300000
v -1.100000 13.200000 0.300000
v -1.095741 13.232352 0.300000
v -1.083253 13.262500 0.300000
v -1.063388 13.288388 0.300000
v -1.037500 13.308253 0.300000
v -1.007352 13.320741 0.300000
v -0.975000 13.325000 0.300000
v -0.942648 13.320741 0.300000
v -0.912500 13.308253 0.300000
v -0.886612 13.288388 0.300000
v -0.866747 13.262500 0.300000
v -0.854259 13.232352 0.300000
v -0.850000 13.200000 0.300000
v -0.854259 13.167648 0.300000
v -0.866747 13.137500 0.300000
v -0.886612 13.111612 0.300000
v -0.912500 13.091747 0.300000
v -0.942648 13.079259 0.300000
v -0.975000 13.075000 0.300000
v -1.007352 13.079259 0.300000
v -1.037500 13.091747 0.300000
v -1.063388 13.111612 0.300000
v -1.083253 13.137500 0.300000
v -1.095741 13.167648 0.300000
v -0.800000 11.600000 0.300000
v -1.800000 11.600000 0.300000
v -1.800000 11.900000 0.300000
v -0.800000 11.900000 0.300000
v -0.915000 8.340000 0.300000
v -1.215000 8.340000 0.300000
v -1.215000 9.860000 0.300000
v -0.915000 9.860000 0.300000
v -2.150000 2.600000 0.300000
v -2.144889 2.638823 0.300000
v -2.129904 2.675000 0.300000
v -2.106066 2.706066 0.300000
v -2.075000 2.729904 0.300000
v -2.038823 2.744889 0.300000
v -2.000000 2.750000 0.300000
v -1.961177 2.744889 0.300000
v -1.925000 2.729904 0.300000
v -1.893934 2.706066 0.300000
v -1.870096 2.675000 0.300000
v -1.855111 2.638823 0.300000
v -1.850000 2.600000 0.300000
v -1.855111 2.561177 0.300000
v -1.870096 2.525000 0.300000
v -1.893934 2.493934 0.300000
v -1.925000 2.470096 0.300000
v -1.961177 2.455111 0.300000
v -2.000000 2.450000 0.300000
v -2.038823 2.455111 0.300000
v -2.075000 2.470096 0.300000
v -2.106066 2.493934 0.300000
v -2.129904 2.525000 0.300000
v -2.144889 2.561177 0.300000
v 1.850000 2.600000 0.300000
v 1.855111 2.638823 0.300000
v 1.870096 2.675000 0.300000
v 1.893934 2.706066 0.300000
v 1.925000 2.729904 0.300000
v 1.961177 2.744889 0.300000
v 2.000000 2.750000 0.300000
v 2.038823 2.744889 0.300000
v 2.075000 2.729904 0.300000
v 2.106066 2.706066 0.300000
v 2.129904 2.675000 0.300000
v 2.144889 2.638823 0.300000
v 2.150000 2.600000 0.300000
v 2.144889 2.561177 0.300000
v 2.129904 2.525000 0.300000
v 2.106066 2.493934 0.300000
v 2.075000 2.470096 0.300000
v 2.038823 2.455111 0.300000
v 2.000000 2.450000 0.300000
v 1.961177 2.455111 0.300000
v 1.925000 2.470096 0.300000
v 1.893934 2.493934 0.300000
v 1.870096 2.525000 0.300000
v 1.855111 2.561177 0.300000
v 1.215000 8.340000 0.300000
v 0.915000 8.340000 0.300000
v 0.915000 9.860000 0.300000
v 1.215000 9.860000 0.300000
v 1.800000 11.600000 0.300000
v 0.800000 11.600000 0.300000
v 0.800000 11.900000 0.300000
v 1.800000 11.900000 0.300000
v 3.115000 1.100000 0.000000
v 3.115000 0.850000 0.000000
v 2.615000 0.850000 0.000000
v 2.615000 0.960000 0.000000
v 2.365000 0.960000 0.000000
v 2.365000 0.850000 0.000000
v 2.165000 0.850000 0.000000
v 2.165000 0.550000 0.000000
v 2.365000 0.550000 0.000000
v 2.365000 0.440000 0.000000
v 2.615000 0.440000 0.000000
v 2.615000 0.550000 0.000000
v 3.115000 0.550000 0.000000
v 3.115000 0.300000 0.000000
v 3.415000 0.300000 0.000000
v 3.415000 0.000000 0.000000
v 2.750000 -0.000000 0.000000
v 2.750000 -0.160000 0.000000
v 1.750000 -0.160000 0.000000
v 1.750000 0.000000 0.000000
v 0.150000 0.000000 0.000000
v 0.150000 0.650000 0.000000
v 0.260000 0.650000 0.000000
v 0.260000 0.900000 0.000000
v 0.150000 0.900000 0.000000
v 0.150000 1.100000 0.000000
v -0.150000 1.100000 0.000000
v -0.150000 0.900000 0.000000
v -0.260000 0.900000 0.000000
v -0.260000 0.650000 0.000000
v -0.150000 0.650000 0.000000
v -0.150000 0.000000 0.000000
v -1.750000 0.000000 0.000000
v -1.750000 -0.160000 0.000000
v -2.750000 -0.160000 0.000000
v -2.750000 -0.000000 0.000000
v -3.415000 -0.000000 0.000000
v -3.415000 0.300000 0.000000
v -3.115000 0.300000 0.000000
v -3.115000 0.550000 0.000000
v -2.615000 0.550000 0.000000
v -2.615000 0.440000 0.000000
v -2.365000 0.440000 0.000000
v -2.365000 0.550000 0.000000
v -2.165000 0.550000 0.000000
v -2.165000 0.850000 0.000000
v -2.365000 0.850000 0.000000
v -2.365000 0.960000 0.000000
v -2.615000 0.960000 0.000000
v -2.615000 0.850000 0.000000
v -3.115000 0.850000 0.000000
v -3.115000 1.100000 0.000000
v -3.415000 1.100000 0.000000
v -3.415000 1.300000 0.000000
v -3.411593 1.325882 0.000000
v -3.401603 1.350000 0.000000
v -3.385711 1.370711 0.000000
v -3.365000 1.386603 0.000000
v -3.340882 1.396593 0.000000
v -3.315000 1.400000 0.000000
v -3.065000 1.400000 0.000000
v -3.039118 1.403407 0.000000
v -3.015000 1.413397 0.000000
v -2.994289 1.429289 0.000000
v -2.978397 1.450000 0.000000
v -2.968407 1.474118 0.000000
v -2.965000 1.500000 0.000000
v -2.965000 2.600000 0.000000
v -3.105000 2.600000 0.000000
v -3.105000 2.100000 0.000000
v -3.085000 2.100000 0.000000
v -3.085000 1.900000 0.000000
v -3.315000 1.900000 0.000000
v -3.340882 1.903407 0.000000
v -3.365000 1.913397 0.000000
v -3.385711 1.929289 0.000000
v -3.401603 1.950000 0.000000
v -3.411593 1.974118 0.000000
v -3.415000 2.000000 0.000000
v -3.415000 8.340000 0.000000
v -3.115000 8.340000 0.000000
v -3.115000 9.860000 0.000000
v -3.415000 9.860000 0.000000
v -3.415000 11.250000 0.000000
v -3.115000 11.250000 0.000000
v -3.115000 11.600000 0.000000
v -2.615000 11.600000 0.000000
v -2.615000 11.490000 0.000000
v -2.365000 11.490000 0.000000
v -2.365000 11.600000 0.000000
v -2.165000 11.600000 0.000000
v -2.165000 11.900000 0.000000
v -2.365000 11.900000 0.000000
v -2.365000 12.010000 0.000000
v -2.615000 12.010000 0.000000
v -2.615000 11.900000 0.000000
v -3.115000 11.900000 0.000000
v -3.115000 12.250000 0.000000
v -3.415000 12.250000 0.000000
v -3.415000 13.350000 0.000000
v -2.275865 13.350000 0.000000
v -2.199281 13.359940 0.000000
v -2.127772 13.389101 0.000000
v -2.066076 13.435551 0.000000
v -2.018282 13.496211 0.000000
v -1.987557 13.567062 0.000000
v -1.000000 17.000000 0.000000
v -0.510000 17.000000 0.000000
v -0.510000 16.840000 0.000000
v -0.150000 16.840000 0.000000
v -0.150000 16.190000 0.000000
v -0.260000 16.190000 0.000000
v -0.260000 15.940000 0.000000
v -0.150000 15.940000 0.000000
v -0.150000 15.740000 0.000000
v 0.150000 15.740000 0.000000
v 0.150000 15.940000 0.000000
v 0.260000 15.940000 0.000000
v 0.260000 16.190000 0.000000
v 0.150000 16.190000 0.000000
v 0.150000 16.840000 0.000000
v 0.510000 16.840000 0.000000
v 0.510000 17.000000 0.000000
v 1.000000 17.000000 0.000000
v 1.987557 13.567062 0.000000
v 2.018282 13.496211 0.000000
v 2.066076 13.435551 0.000000
v 2.127772 13.389101 0.000000
v 2.199281 13.359940 0.000000
v 2.275865 13.350000 0.000000
v 3.415000 13.350000 0.000000
v 3.415000 12.250000 0.000000
v 3.115000 12.250000 0.000000
v 3.115000 11.900000 0.000000
v 2.615000 11.900000 0.000000
v 2.615000 12.010000 0.000000
v 2.365000 12.010000 0.000000
v 2.365000 11.900000 0.000000
v 2.165000 11.900000 0.000000
v 2.165000 11.600000 0.000000
v 2.365000 11.600000 0.000000
v 2.365000 11.490000 0.000000
v 2.615000 11.490000 0.000000
v 2.615000 11.600000 0.000000
v 3.115000 11.600000 0.000000
v 3.115000 11.250000 0.000000
v 3.415000 11.250000 0.000000
v 3.415000 9.860000 0.000000
v 3.115000 9.860000 0.000000
v 3.115000 8.340000 0.000000
v 3.415000 8.340000 0.000000
v 3.415000 2.000000 0.000000
v 3.411593 1.974118 0.000000
v 3.401603 1.950000 0.000000
v 3.385711 1.929289 0.000000
v 3.365000 1.913397 0.000000
v 3.340882 1.903407 0.000000
v 3.315000 1.900000 0.000000
v 3.085000 1.900000 0.000000
v 3.085000 2.100000 0.000000
v 3.105000 2.100000 0.000000
v 3.105000 2.600000 0.000000
v 2.965000 2.600000 0.000000
v 2.965000 1.500000 0.000000
v 2.968407 1.474118 0.000000
v 2.978397 1.450000 0.000000
v 2.994289 1.429289 0.000000
v 3.015000 1.413397 0.000000
v 3.039118 1.403407 0.000000
v 3.065000 1.400000 0.000000
v 3.315000 1.400000 0.000000
v 3.340882 1.396593 0.000000
v 3.365000 1.386603 0.000000
v 3.385711 1.370711 0.000000
v 3.401603 1.350000 0.000000
v 3.411593 1.325882 0.000000
v 3.415000 1.300000 0.000000
v 3.415000 1.100000 0.000000
v -1.275000 14.400000 0.000000
v -1.275000 14.300000 0.000000
v -1.271593 14.274118 0.000000
v -1.261603 14.250000 0.000000
v -1.245711 14.229289 0.000000
v -1.225000 14.213397 0.000000
v -1.200882 14.203407 0.000000
v -1.175000 14.200000 0.000000
v 0.225000 14.200000 0.000000
v 0.250882 14.203407 0.000000
v 0.275000 14.213397 0.000000
v 0.295711 14.229289 0.000000
v 0.311603 14.250000 0.000000
v 0.321593 14.274118 0.000000
v 0.325000 14.300000 0.000000
v 0.325000 14.400000 0.000000
v 0.321593 14.425882 0.000000
v 0.311603 14.450000 0.000000
v 0.295711 14.470711 0.000000
v 0.275000 14.486603 0.000000
v 0.250882 14.496593 0.000000
v 0.225000 14.500000 0.000000
v -1.175000 14.500000 0.000000
v -1.200882 14.496593 0.000000
v -1.225000 14.486603 0.000000
v -1.245711 14.470711 0.000000
v -1.261603 14.450000 0.000000
v -1.271593 14.425882 0.000000
v 0.850000 13.200000 0.000000
v 0.854259 13.167648 0.000000
v 0.866747 13.137500 0.000000
v 0.886612 13.111612 0.000000
v 0.912500 13.091747 0.000000
v 0.942648 13.079259 0.000000
v 0.975000 13.075000 0.000000
v 1.007352 13.079259 0.000000
v 1.037500 13.091747 0.000000
v 1.063388 13.111612 0.000000
v 1.083253 13.137500 0.000000
v 1.095741 13.167648 0.000000
v 1.100000 13.200000 0.000000
v 1.095741 13.232352 0.000000
v 1.083253 13.262500 0.000000
v 1.063388 13.288388 0.000000
v 1.037500 13.308253 0.000000
v 1.007352 13.320741 0.000000
v 0.975000 13.325000 0.000000
v 0.942648 13.320741 0.000000
v 0.912500 13.308253 0.000000
v 0.886612 13.288388 0.000000
v 0.866747 13.262500 0.000000
v 0.854259 13.232352 0.000000
v -1.100000 13.200000 0.000000
v -1.095741 13.167648 0.000000
v -1.083253 13.137500 0.000000
v -1.063388 13.111612 0.000000
v -1.037500 13.091747 0.000000
v -1.007352 13.079259 0.000000
v -0.975000 13.075000 0.000000
v -0.942648 13.079259 0.000000
v -0.912500 13.091747 0.000000
v -0.886612 13.111612 0.000000
v -0.866747 13.137500 0.000000
v -0.854259 13.167648 0.000000
v -0.850000 13.200000 0.000000
v -0.854259 13.232352 0.000000
v -0.866747 13.262500 0.000000
v -0.886612 13.288388 0.000000
v -0.912500 13.308253 0.000000
v -0.942648 13.320741 0.000000
v -0.975000 13.325000 0.000000
v -1.007352 13.320741 0.000000
v -1.037500 13.308253 0.000000
v -1.063388 13.288388 0.000000
v -1.083253 13.262500 0.000000
v -1.095741 13.232352 0.000000
v 2.150000 2.600000 0.000000
v 2.144889 2.638823 0.000000
v 2.129904 2.675000 0.000000
v 2.106066 2.706066 0.000000
v 2.075000 2.729904 0.000000
v 2.038823 2.744889 0.000000
v 2.000000 2.750000 0.000000
v 1.961177 2.744889 0.000000
v 1.925000 2.729904 0.000000
v 1.893934 2.706066 0.000000
v 1.870096 2.675000 0.000000
v 1.855111 2.638823 0.000000
v 1.850000 2.600000 0.000000
v 1.855111 2.561177 0.000000
v 1.870096 2.525000 0.000000
v 1.893934 2.493934 0.000000
v 1.925000 2.470096 0.000000
v 1.961177 2.455111 0.000000
v 2.000000 2.450000 0.000000
v 2.038823 2.455111 0.000000
v 2.075000 2.470096 0.000000
v 2.106066 2.493934 0.000000
v 2.129904 2.525000 0.000000
v 2.144889 2.561177 0.000000
v -1.850000 2.600000 0.000000
v -1.855111 2.638823 0.000000
v -1.870096 2.675000 0.000000
v -1.893934 2.706066 0.000000
v -1.925000 2.729904 0.000000
v -1.961177 2.744889 0.000000
v -2.000000 2.750000 0.000000
v -2.038823 2.744889 0.000000
v -2.075000 2.729904 0.000000
v -2.106066 2.706066 0.000000
v -2.129904 2.675000 0.000000
v -2.144889 2.638823 0.000000
v -2.150000 2.600000 0.000000
v -2.144889 2.561177 0.000000
v -2.129904 2.525000 0.000000
v -2.106066 2.493934 0.000000
v -2.075000 2.470096 0.000000
v -2.038823 2.455111 0.000000
v -2.000000 2.450000 0.000000
v -1.961177 2.455111 0.000000
v -1.925000 2.470096 0.000000
v -1.893934 2.493934 0.000000
v -1.870096 2.525000 0.000000
v -1.855111 2.561177 0.000000
v 0.915000 9.860000 0.000000
v 0.915000 8.340000 0.000000
v 1.215000 8.340000 0.000000
v 1.215000 9.860000 0.000000
v -1.215000 9.860000 0.000000
v -1.215000 8.340000 0.000000
v -0.915000 8.340000 0.000000
v -0.915000 9.860000 0.000000
v 0.800000 11.900000 0.000000
v 0.800000 11.600000 0.000000
v 1.800000 11.600000 0.000000
v 1.800000 11.900000 0.000000
v -1.800000 11.900000 0.000000
v -1.800000 11.600000 0.000000
v -0.800000 11.600000 0.000000
v -0.800000 11.900000 0.000000
v -1.350000 0.250000 0.300000
v -1.350000 0.950000 0.300000
v -1.350000 0.950000 0.250000
v -1.350000 0.250000 0.250000
v -0.650000 0.950000 0.300000
v -0.650000 0.950000 0.250000
v -0.650000 0.250000 0.300000
v -0.650000 0.250000 0.250000
v -1.400000 0.200000 0.250000
v -1.400000 1.000000 0.250000
v -0.600000 0.200000 0.250000
v -0.600000 1.000000 0.250000
v -0.908994 0.863366 0.300000
v -0.908994 0.340000 0.300000
v -0.972998 0.340000 0.300000
v -0.972998 0.747758 0.300000
v -0.999790 0.725769 0.300000
v -1.033756 0.703704 0.300000
v -1.069326 0.684402 0.300000
v -1.101006 0.670687 0.300000
v -1.101006 0.732557 0.300000
v -1.050679 0.760385 0.300000
v -1.007145 0.793617 0.300000
v -0.972885 0.829042 0.300000
v -0.950330 0.863366 0.300000
v -0.908994 0.340000 0.250000
v -0.972998 0.340000 0.250000
v -0.908994 0.863366 0.250000
v -0.950330 0.863366 0.250000
v -1.101006 0.732557 0.250000
v -1.050679 0.760385 0.250000
v -1.007145 0.793617 0.250000
v -0.972885 0.829042 0.250000
v -1.101006 0.670687 0.250000
v -0.972998 0.747758 0.250000
v -0.999790 0.725769 0.250000
v -1.033756 0.703704 0.250000
v -1.069326 0.684402 0.250000
vt 0.300000 -0.460767 0.000000
vt 0.000000 -0.460767 0.000000
vt 0.300000 -0.502655 0.000000
vt 0.000000 -0.502655 0.000000
vt 0.300000 0.502655 0.000000
vt 0.000000 0.502655 0.000000
vt 0.300000 0.460767 0.000000
vt -0.000000 0.460767 0.000000
vt 0.300000 0.418879 0.000000
vt -0.000000 0.418879 0.000000
vt 0.300000 0.376991 0.000000
vt -0.000000 0.376991 0.000000
vt 0.300000 0.335103 0.000000
vt 0.000000 0.335103 0.000000
vt 0.300000 0.293215 0.000000
vt 0.000000 0.293215 0.000000
vt 0.300000 0.251327 0.000000
vt 0.000000 0.251327 0.000000
vt 0.300000 0.209440 0.000000
vt 0.000000 0.209440 0.000000
vt 0.300000 0.167552 0.000000
vt 0.000000 0.167552 0.000000
vt 0.300000 0.125664 0.000000
vt 0.000000 0.125664 0.000000
vt 0.300000 0.083776 0.000000
vt 0.000000 0.083776 0.000000
vt 0.300000 0.041888 0.000000
vt 0.000000 0.041888 0.000000
vt 0.300000 0.000000 0.000000
vt 0.000000 0.000000 0.000000
vt 0.300000 -0.041888 0.000000
vt 0.000000 -0.041888 0.000000
vt 0.300000 -0.083776 0.000000
vt 0.000000 -0.083776 0.000000
vt 0.300000 -0.125664 0.000000
vt 0.000000 -0.125664 0.000000
vt 0.300000 -0.167552 0.000000
vt 0.000000 -0.167552 0.000000
vt 0.300000 -0.209440 0.000000
vt 0.000000 -0.209440 0.000000
vt 0.300000 -0.251327 0.000000
vt 0.000000 -0.251327 0.000000
vt 0.300000 -0.293215 0.000000
vt 0.000000 -0.293215 0.000000
vt 0.300000 -0.335103 0.000000
vt 0.000000 -0.335103 0.000000
vt 0.300000 -0.376991 0.000000
vt 0.000000 -0.376991 0.000000
vt 0.300000 -0.418879 0.000000
vt 0.000000 -0.418879 0.000000
vt 0.300000 -0.460767 0.000000
vt 0.000000 -0.460767 0.000000
vt 0.300000 -0.502655 0.000000
vt 0.000000 -0.502655 0.000000
vt 0.300000 0.502655 0.000000
vt 0.000000 0.502655 0.000000
vt 0.300000 0.460767 0.000000
vt -0.000000 0.460767 0.000000
vt 0.300000 0.418879 0.000000
vt -0.000000 0.418879 0.000000
vt 0.300000 0.376991 0.000000
vt 0.000000 0.376991 0.000000
vt 0.300000 0.335103 0.000000
vt 0.000000 0.335103 0.000000
vt 0.300000 0.293215 0.000000
vt -0.000000 0.293215 0.000000
vt 0.300000 0.251327 0.000000
vt 0.000000 0.251327 0.000000
vt 0.300000 0.209440 0.000000
vt 0.000000 0.209440 0.000000
vt 0.300000 0.167552 0.000000
vt 0.000000 0.167552 0.000000
vt 0.300000 0.125664 0.000000
vt 0.000000 0.125664 0.000000
vt 0.300000 0.083776 0.000000
vt 0.000000 0.083776 0.000000
vt 0.300000 0.041888 0.000000
vt 0.000000 0.041888 0.000000
vt 0.300000 0.000000 0.000000
vt 0.000000 0.000000 0.000000
vt 0.300000 -0.041888 0.000000
vt 0.000000 -0.041888 0.000000
vt 0.300000 -0.083776 0.000000
vt 0.000000 -0.083776 0.000000
vt 0.300000 -0.125664 0.000000
vt 0.000000 -0.125664 0.000000
vt 0.300000 -0.167552 0.000000
vt 0.000000 -0.167552 0.000000
vt 0.300000 -0.209440 0.000000
vt 0.000000 -0.209440 0.000000
vt 0.300000 -0.251327 0.000000
vt 0.000000 -0.251327 0.000000
vt 0.300000 -0.293215 0.000000
vt 0.000000 -0.293215 0.000000
vt 0.300000 -0.335103 0.000000
vt 0.000000 -0.335103 0.000000
vt 0.300000 -0.376991 0.000000
vt 0.000000 -0.376991 0.000000
vt 0.300000 -0.418879 0.000000
vt 0.000000 -0.418879 0.000000
vt 0.300000 -0.460767 0.000000
vt 0.000000 -0.460767 0.000000
vt 0.300000 -0.502655 0.000000
vt 0.000000 -0.502655 0.000000
vt 0.300000 0.502655 0.000000
vt 0.000000 0.502655 0.000000
vt 0.300000 0.460767 0.000000
vt -0.000000 0.460767 0.000000
vt 0.300000 0.418879 0.000000
vt -0.000000 0.418879 0.000000
vt 0.300000 0.376991 0.000000
vt 0.000000 0.376991 0.000000
vt 0.300000 0.335103 0.000000
vt 0.000000 0.335103 0.000000
vt 0.300000 0.293215 0.000000
vt -0.000000 0.293215 0.000000
vt 0.300000 0.251327 0.000000
vt 0.000000 0.251327 0.000000
vt 0.300000 0.209440 0.000000
vt 0.000000 0.209440 0.000000
vt 0.300000 0.167552 0.000000
vt 0.000000 0.167552 0.000000
vt 0.300000 0.125664 0.000000
vt 0.000000 0.125664 0.000000
vt 0.300000 0.083776 0.000000
vt 0.000000 0.083776 0.000000
vt 0.300000 0.041888 0.000000
vt 0.000000 0.041888 0.000000
vt 0.300000 0.000000 0.000000
vt 0.000000 0.000000 0.000000
vt 0.300000 -0.041888 0.000000
vt 0.000000 -0.041888 0.000000
vt 0.300000 -0.083776 0.000000
vt 0.000000 -0.083776 0.000000
vt 0.300000 -0.125664 0.000000
vt 0.000000 -0.125664 0.000000
vt 0.300000 -0.167552 0.000000
vt 0.000000 -0.167552 0.000000
vt 0.300000 -0.209440 0.000000
vt 0.000000 -0.209440 0.000000
vt 0.300000 -0.251327 0.000000
vt 0.000000 -0.251327 0.000000
vt 0.300000 -0.293215 0.000000
vt 0.000000 -0.293215 0.000000
vt 0.300000 -0.335103 0.000000
vt 0.000000 -0.335103 0.000000
vt 0.300000 -0.376991 0.000000
vt 0.000000 -0.376991 0.000000
vt 0.300000 -0.418879 0.000000
vt 0.000000 -0.418879 0.000000
vt -0.154548 3.341411 0.000000
vt -1.870096 2.675000 0.000000
vt -0.160000 3.300000 0.000000
vt -0.686218 2.388564 0.000000
vt -0.647629 2.404548 0.000000
vt -0.138564 3.380000 0.000000
vt -1.925000 2.729904 0.000000
vt -1.893934 2.706066 0.000000
vt -1.961177 2.744889 0.000000
vt -0.113137 3.413137 0.000000
vt -1.215000 8.340000 0.000000
vt -0.080000 3.438564 0.000000
vt -0.915000 8.340000 0.000000
vt -0.041411 3.454548 0.000000
vt 0.000000 3.460000 0.000000
vt 0.915000 8.340000 0.000000
vt 0.041411 3.454548 0.000000
vt 0.080000 3.438564 0.000000
vt 1.215000 8.340000 0.000000
vt 0.113137 3.413137 0.000000
vt 1.961177 2.744889 0.000000
vt 0.138564 3.380000 0.000000
vt 1.925000 2.729904 0.000000
vt 0.154548 3.341411 0.000000
vt 1.893934 2.706066 0.000000
vt 1.870096 2.675000 0.000000
vt 0.160000 3.300000 0.000000
vt 0.686218 2.388564 0.000000
vt 0.647629 2.404548 0.000000
vt 0.154548 3.258589 0.000000
vt 0.606218 2.410000 0.000000
vt 0.138564 3.220000 0.000000
vt 0.564807 2.404548 0.000000
vt 0.526218 2.388564 0.000000
vt 0.113137 3.186863 0.000000
vt 0.493081 2.363137 0.000000
vt 0.080000 3.161436 0.000000
vt 0.467654 2.330000 0.000000
vt 0.041411 3.145452 0.000000
vt 0.000000 3.140000 0.000000
vt -0.041411 3.145452 0.000000
vt -0.467654 2.330000 0.000000
vt -0.451670 2.291411 0.000000
vt 0.451670 2.291411 0.000000
vt 0.446218 2.250000 0.000000
vt -0.446218 2.250000 0.000000
vt 0.451670 2.208589 0.000000
vt -0.451670 2.208589 0.000000
vt 0.467654 2.170000 0.000000
vt -0.467654 2.170000 0.000000
vt 0.150000 1.100000 0.000000
vt -0.150000 1.100000 0.000000
vt -0.493081 2.136863 0.000000
vt -0.526218 2.111436 0.000000
vt -0.080000 3.161436 0.000000
vt -0.493081 2.363137 0.000000
vt -0.113137 3.186863 0.000000
vt -0.526218 2.388564 0.000000
vt -0.138564 3.220000 0.000000
vt -0.564807 2.404548 0.000000
vt -0.606218 2.410000 0.000000
vt -0.154548 3.258589 0.000000
vt -0.760766 2.291411 0.000000
vt -1.855111 2.561177 0.000000
vt -0.766218 2.250000 0.000000
vt -1.870096 2.525000 0.000000
vt -0.760766 2.208589 0.000000
vt -1.893934 2.493934 0.000000
vt -1.400000 1.000000 0.000000
vt -1.925000 2.470096 0.000000
vt -1.961177 2.455111 0.000000
vt -1.850000 2.600000 0.000000
vt -0.744782 2.330000 0.000000
vt -1.855111 2.638823 0.000000
vt -0.719355 2.363137 0.000000
vt -0.564807 2.095452 0.000000
vt -0.600000 1.000000 0.000000
vt -0.260000 0.900000 0.000000
vt -0.260000 0.650000 0.000000
vt -0.600000 0.200000 0.000000
vt -0.150000 0.000000 0.000000
vt -1.750000 0.000000 0.000000
vt -1.400000 0.200000 0.000000
vt -2.165000 0.550000 0.000000
vt -2.165000 0.850000 0.000000
vt -2.000000 2.450000 0.000000
vt -0.606218 2.090000 0.000000
vt -0.647629 2.095452 0.000000
vt -0.686218 2.111436 0.000000
vt -0.719355 2.136863 0.000000
vt -0.744782 2.170000 0.000000
vt 0.719355 2.363137 0.000000
vt 1.855111 2.638823 0.000000
vt 0.744782 2.330000 0.000000
vt 1.850000 2.600000 0.000000
vt 0.760766 2.291411 0.000000
vt 1.855111 2.561177 0.000000
vt 0.766218 2.250000 0.000000
vt 1.870096 2.525000 0.000000
vt 0.760766 2.208589 0.000000
vt 1.893934 2.493934 0.000000
vt 0.744782 2.170000 0.000000
vt 1.925000 2.470096 0.000000
vt 2.165000 0.850000 0.000000
vt 1.961177 2.455111 0.000000
vt 2.000000 2.450000 0.000000
vt 2.365000 0.960000 0.000000
vt 2.038823 2.455111 0.000000
vt 2.075000 2.470096 0.000000
vt 2.965000 1.500000 0.000000
vt 2.106066 2.493934 0.000000
vt 2.129904 2.525000 0.000000
vt 2.965000 2.600000 0.000000
vt 2.144889 2.561177 0.000000
vt 2.150000 2.600000 0.000000
vt 2.144889 2.638823 0.000000
vt 2.129904 2.675000 0.000000
vt 2.106066 2.706066 0.000000
vt 2.075000 2.729904 0.000000
vt 3.115000 8.340000 0.000000
vt 2.038823 2.744889 0.000000
vt 2.000000 2.750000 0.000000
vt 0.719355 2.136863 0.000000
vt 0.260000 0.900000 0.000000
vt 1.750000 0.000000 0.000000
vt 0.260000 0.650000 0.000000
vt 0.150000 0.000000 0.000000
vt 0.150000 0.650000 0.000000
vt 0.686218 2.111436 0.000000
vt 0.647629 2.095452 0.000000
vt 0.606218 2.090000 0.000000
vt 0.564807 2.095452 0.000000
vt 0.526218 2.111436 0.000000
vt 0.493081 2.136863 0.000000
vt 2.615000 0.850000 0.000000
vt 3.115000 0.850000 0.000000
vt 2.615000 0.960000 0.000000
vt 3.115000 1.100000 0.000000
vt 2.994289 1.429289 0.000000
vt 3.015000 1.413397 0.000000
vt 3.039118 1.403407 0.000000
vt 3.065000 1.400000 0.000000
vt 3.315000 1.400000 0.000000
vt 3.415000 1.300000 0.000000
vt 3.340882 1.396593 0.000000
vt 3.365000 1.386603 0.000000
vt 3.385711 1.370711 0.000000
vt 3.401603 1.350000 0.000000
vt 3.411593 1.325882 0.000000
vt 3.415000 1.100000 0.000000
vt 2.978397 1.450000 0.000000
vt 2.968407 1.474118 0.000000
vt 3.105000 2.600000 0.000000
vt 3.415000 8.340000 0.000000
vt 3.415000 2.000000 0.000000
vt 3.105000 2.100000 0.000000
vt 3.315000 1.900000 0.000000
vt 3.085000 1.900000 0.000000
vt 3.085000 2.100000 0.000000
vt 3.340882 1.903407 0.000000
vt 3.365000 1.913397 0.000000
vt 3.385711 1.929289 0.000000
vt 3.401603 1.950000 0.000000
vt 3.411593 1.974118 0.000000
vt 1.215000 9.860000 0.000000
vt 3.115000 9.860000 0.000000
vt 2.365000 11.490000 0.000000
vt 2.615000 11.490000 0.000000
vt 3.115000 11.250000 0.000000
vt 3.115000 11.600000 0.000000
vt 3.415000 9.860000 0.000000
vt 3.415000 11.250000 0.000000
vt 2.615000 11.600000 0.000000
vt 2.365000 11.600000 0.000000
vt 2.165000 11.600000 0.000000
vt 1.800000 11.600000 0.000000
vt 0.800000 11.600000 0.000000
vt 0.915000 9.860000 0.000000
vt -0.800000 11.600000 0.000000
vt -0.915000 9.860000 0.000000
vt -1.215000 9.860000 0.000000
vt -1.800000 11.600000 0.000000
vt -2.365000 11.490000 0.000000
vt -2.165000 11.600000 0.000000
vt -2.365000 11.600000 0.000000
vt 1.800000 11.900000 0.000000
vt 2.165000 11.900000 0.000000
vt 2.199281 13.359940 0.000000
vt 2.365000 12.010000 0.000000
vt 2.275865 13.350000 0.000000
vt 2.615000 12.010000 0.000000
vt 3.115000 12.250000 0.000000
vt 3.115000 11.900000 0.000000
vt 2.615000 11.900000 0.000000
vt 2.365000 11.900000 0.000000
vt 3.415000 12.250000 0.000000
vt 3.415000 13.350000 0.000000
vt 2.127772 13.389101 0.000000
vt 2.066076 13.435551 0.000000
vt 1.083253 13.137500 0.000000
vt 1.095741 13.167648 0.000000
vt 2.018282 13.496211 0.000000
vt 1.100000 13.200000 0.000000
vt 1.987557 13.567062 0.000000
vt 1.095741 13.232352 0.000000
vt 1.083253 13.262500 0.000000
vt 1.063388 13.288388 0.000000
vt 1.037500 13.308253 0.000000
vt 1.007352 13.320741 0.000000
vt 0.325000 14.400000 0.000000
vt 0.325000 14.300000 0.000000
vt 1.000000 17.000000 0.000000
vt 0.260000 15.940000 0.000000
vt 0.311603 14.450000 0.000000
vt 0.321593 14.425882 0.000000
vt 0.510000 17.000000 0.000000
vt 0.510000 16.840000 0.000000
vt 0.260000 16.190000 0.000000
vt 0.150000 16.840000 0.000000
vt 0.150000 16.190000 0.000000
vt 0.150000 15.940000 0.000000
vt 0.150000 15.740000 0.000000
vt 0.295711 14.470711 0.000000
vt -0.150000 15.740000 0.000000
vt 0.225000 14.500000 0.000000
vt 0.250882 14.496593 0.000000
vt 0.275000 14.486603 0.000000
vt -0.150000 15.940000 0.000000
vt -0.260000 15.940000 0.000000
vt -1.175000 14.500000 0.000000
vt -1.000000 17.000000 0.000000
vt -0.260000 16.190000 0.000000
vt -0.510000 16.840000 0.000000
vt -0.150000 16.840000 0.000000
vt -0.150000 16.190000 0.000000
vt -0.510000 17.000000 0.000000
vt -1.987557 13.567062 0.000000
vt -1.261603 14.450000 0.000000
vt -1.245711 14.470711 0.000000
vt -1.225000 14.486603 0.000000
vt -2.018282 13.496211 0.000000
vt -1.100000 13.200000 0.000000
vt -1.095741 13.232352 0.000000
vt -1.083253 13.262500 0.000000
vt -1.095741 13.167648 0.000000
vt -2.066076 13.435551 0.000000
vt -1.083253 13.137500 0.000000
vt -1.800000 11.900000 0.000000
vt -1.063388 13.111612 0.000000
vt -1.037500 13.091747 0.000000
vt -0.800000 11.900000 0.000000
vt -1.007352 13.079259 0.000000
vt -0.975000 13.075000 0.000000
vt -0.942648 13.079259 0.000000
vt -0.912500 13.091747 0.000000
vt -0.886612 13.111612 0.000000
vt -0.866747 13.137500 0.000000
vt 0.800000 11.900000 0.000000
vt 0.866747 13.137500 0.000000
vt 0.886612 13.111612 0.000000
vt 0.912500 13.091747 0.000000
vt 0.942648 13.079259 0.000000
vt 0.975000 13.075000 0.000000
vt 1.007352 13.079259 0.000000
vt 1.037500 13.091747 0.000000
vt 1.063388 13.111612 0.000000
vt -2.127772 13.389101 0.000000
vt -2.199281 13.359940 0.000000
vt -2.165000 11.900000 0.000000
vt -2.365000 12.010000 0.000000
vt -2.365000 11.900000 0.000000
vt -2.275865 13.350000 0.000000
vt -2.615000 12.010000 0.000000
vt -3.115000 12.250000 0.000000
vt -3.115000 11.900000 0.000000
vt -3.415000 13.350000 0.000000
vt -3.415000 12.250000 0.000000
vt -2.615000 11.900000 0.000000
vt -3.115000 9.860000 0.000000
vt -2.615000 11.490000 0.000000
vt -3.115000 11.250000 0.000000
vt -3.115000 11.600000 0.000000
vt -2.615000 11.600000 0.000000
vt -3.415000 11.250000 0.000000
vt -3.415000 9.860000 0.000000
vt -3.115000 8.340000 0.000000
vt -2.000000 2.750000 0.000000
vt -2.038823 2.744889 0.000000
vt -2.075000 2.729904 0.000000
vt -2.965000 2.600000 0.000000
vt -2.106066 2.706066 0.000000
vt -2.129904 2.675000 0.000000
vt -2.144889 2.638823 0.000000
vt -2.150000 2.600000 0.000000
vt -2.144889 2.561177 0.000000
vt -2.129904 2.525000 0.000000
vt -2.965000 1.500000 0.000000
vt -2.106066 2.493934 0.000000
vt -2.075000 2.470096 0.000000
vt -2.365000 0.960000 0.000000
vt -2.038823 2.455111 0.000000
vt -3.105000 2.600000 0.000000
vt -3.415000 8.340000 0.000000
vt -3.415000 2.000000 0.000000
vt -3.411593 1.974118 0.000000
vt -3.401603 1.950000 0.000000
vt -3.385711 1.929289 0.000000
vt -3.365000 1.913397 0.000000
vt -3.340882 1.903407 0.000000
vt -3.315000 1.900000 0.000000
vt -3.105000 2.100000 0.000000
vt -3.085000 1.900000 0.000000
vt -3.085000 2.100000 0.000000
vt -2.615000 0.960000 0.000000
vt -2.968407 1.474118 0.000000
vt -2.978397 1.450000 0.000000
vt -2.994289 1.429289 0.000000
vt -3.115000 1.100000 0.000000
vt -3.115000 0.850000 0.000000
vt -3.015000 1.413397 0.000000
vt -3.039118 1.403407 0.000000
vt -3.065000 1.400000 0.000000
vt -3.315000 1.400000 0.000000
vt -3.415000 1.300000 0.000000
vt -3.415000 1.100000 0.000000
vt -3.340882 1.396593 0.000000
vt -3.365000 1.386603 0.000000
vt -3.385711 1.370711 0.000000
vt -3.401603 1.350000 0.000000
vt -3.411593 1.325882 0.000000
vt -2.615000 0.850000 0.000000
vt -2.365000 0.850000 0.000000
vt -2.365000 0.550000 0.000000
vt -2.365000 0.440000 0.000000
vt -2.615000 0.440000 0.000000
vt -2.750000 -0.000000 0.000000
vt -2.750000 -0.160000 0.000000
vt -1.750000 -0.160000 0.000000
vt -2.615000 0.550000 0.000000
vt -3.115000 0.550000 0.000000
vt -3.115000 0.300000 0.000000
vt -3.415000 -0.000000 0.000000
vt -3.415000 0.300000 0.000000
vt -0.150000 0.650000 0.000000
vt -0.150000 0.900000 0.000000
vt 0.150000 0.900000 0.000000
vt 1.750000 -0.160000 0.000000
vt 2.365000 0.440000 0.000000
vt 2.165000 0.550000 0.000000
vt 2.750000 -0.160000 0.000000
vt 2.750000 -0.000000 0.000000
vt 2.615000 0.440000 0.000000
vt 3.115000 0.300000 0.000000
vt 3.115000 0.550000 0.000000
vt 3.415000 0.000000 0.000000
vt 3.415000 0.300000 0.000000
vt 2.615000 0.550000 0.000000
vt 2.365000 0.550000 0.000000
vt 2.365000 0.850000 0.000000
vt 0.975000 13.325000 0.000000
vt 0.321593 14.274118 0.000000
vt 0.942648 13.320741 0.000000
vt 0.311603 14.250000 0.000000
vt 0.912500 13.308253 0.000000
vt 0.295711 14.229289 0.000000
vt 0.886612 13.288388 0.000000
vt 0.275000 14.213397 0.000000
vt 0.866747 13.262500 0.000000
vt 0.250882 14.203407 0.000000
vt 0.854259 13.232352 0.000000
vt 0.225000 14.200000 0.000000
vt 0.850000 13.200000 0.000000
vt -0.850000 13.200000 0.000000
vt 0.854259 13.167648 0.000000
vt -0.854259 13.167648 0.000000
vt -1.175000 14.200000 0.000000
vt -0.886612 13.288388 0.000000
vt -0.866747 13.262500 0.000000
vt -0.854259 13.232352 0.000000
vt -1.200882 14.203407 0.000000
vt -1.037500 13.308253 0.000000
vt -1.007352 13.320741 0.000000
vt -0.975000 13.325000 0.000000
vt -1.063388 13.288388 0.000000
vt -1.225000 14.213397 0.000000
vt -1.245711 14.229289 0.000000
vt -1.261603 14.250000 0.000000
vt -1.271593 14.274118 0.000000
vt -1.275000 14.300000 0.000000
vt -1.275000 14.400000 0.000000
vt -1.271593 14.425882 0.000000
vt -1.200882 14.496593 0.000000
vt -0.942648 13.320741 0.000000
vt -0.912500 13.308253 0.000000
vt 0.154548 3.258589 0.000000
vt 0.647629 2.404548 0.000000
vt 0.160000 3.300000 0.000000
vt 0.686218 2.388564 0.000000
vt 1.870096 2.675000 0.000000
vt 0.719355 2.363137 0.000000
vt 1.855111 2.638823 0.000000
vt 0.744782 2.330000 0.000000
vt 1.850000 2.600000 0.000000
vt 0.760766 2.291411 0.000000
vt 1.855111 2.561177 0.000000
vt 0.766218 2.250000 0.000000
vt 1.870096 2.525000 0.000000
vt 0.760766 2.208589 0.000000
vt 1.893934 2.493934 0.000000
vt 0.744782 2.170000 0.000000
vt 1.925000 2.470096 0.000000
vt 2.165000 0.850000 0.000000
vt 1.961177 2.455111 0.000000
vt 2.000000 2.450000 0.000000
vt 2.365000 0.960000 0.000000
vt 2.038823 2.455111 0.000000
vt 2.075000 2.470096 0.000000
vt 2.965000 1.500000 0.000000
vt 2.106066 2.493934 0.000000
vt 2.129904 2.525000 0.000000
vt 2.965000 2.600000 0.000000
vt 2.144889 2.561177 0.000000
vt 2.150000 2.600000 0.000000
vt 2.144889 2.638823 0.000000
vt 2.129904 2.675000 0.000000
vt 2.106066 2.706066 0.000000
vt 2.075000 2.729904 0.000000
vt 3.115000 8.340000 0.000000
vt 2.038823 2.744889 0.000000
vt 2.000000 2.750000 0.000000
vt 1.215000 8.340000 0.000000
vt 1.961177 2.744889 0.000000
vt 0.113137 3.413137 0.000000
vt 0.138564 3.380000 0.000000
vt 0.606218 2.410000 0.000000
vt 0.138564 3.220000 0.000000
vt 0.564807 2.404548 0.000000
vt 0.526218 2.388564 0.000000
vt 0.113137 3.186863 0.000000
vt 0.493081 2.363137 0.000000
vt 0.080000 3.161436 0.000000
vt 0.467654 2.330000 0.000000
vt 0.041411 3.145452 0.000000
vt -0.000000 3.140000 0.000000
vt -0.041411 3.145452 0.000000
vt -0.467654 2.330000 0.000000
vt -0.451670 2.291411 0.000000
vt 0.451670 2.291411 0.000000
vt 0.446218 2.250000 0.000000
vt -0.446218 2.250000 0.000000
vt 0.451670 2.208589 0.000000
vt -0.451670 2.208589 0.000000
vt 0.467654 2.170000 0.000000
vt -0.467654 2.170000 0.000000
vt 0.150000 1.100000 0.000000
vt -0.150000 1.100000 0.000000
vt -0.493081 2.136863 0.000000
vt -0.526218 2.111436 0.000000
vt -0.080000 3.161436 0.000000
vt -0.493081 2.363137 0.000000
vt -0.113137 3.186863 0.000000
vt -0.526218 2.388564 0.000000
vt -0.138564 3.220000 0.000000
vt -0.564807 2.404548 0.000000
vt -0.606218 2.410000 0.000000
vt -0.154548 3.258589 0.000000
vt -0.647629 2.404548 0.000000
vt -0.160000 3.300000 0.000000
vt -0.686218 2.388564 0.000000
vt -1.870096 2.675000 0.000000
vt -0.719355 2.363137 0.000000
vt -1.855111 2.638823 0.000000
vt -0.744782 2.330000 0.000000
vt -1.850000 2.600000 0.000000
vt -0.760766 2.291411 0.000000
vt -1.855111 2.561177 0.000000
vt -0.766218 2.250000 0.000000
vt -1.870096 2.525000 0.000000
vt -0.760766 2.208589 0.000000
vt -1.893934 2.493934 0.000000
vt -0.744782 2.170000 0.000000
vt -1.925000 2.470096 0.000000
vt -2.165000 0.850000 0.000000
vt -1.961177 2.455111 0.000000
vt -2.000000 2.450000 0.000000
vt -0.154548 3.341411 0.000000
vt -1.893934 2.706066 0.000000
vt -1.925000 2.729904 0.000000
vt -0.138564 3.380000 0.000000
vt -1.961177 2.744889 0.000000
vt -0.113137 3.413137 0.000000
vt -1.215000 8.340000 0.000000
vt -0.080000 3.438564 0.000000
vt -0.915000 8.340000 0.000000
vt -0.041411 3.454548 0.000000
vt -0.000000 3.460000 0.000000
vt 0.915000 8.340000 0.000000
vt 0.041411 3.454548 0.000000
vt 0.080000 3.438564 0.000000
vt 1.925000 2.729904 0.000000
vt 0.154548 3.341411 0.000000
vt 1.893934 2.706066 0.000000
vt 0.719355 2.136863 0.000000
vt 0.260000 0.900000 0.000000
vt 1.750000 0.000000 0.000000
vt 0.260000 0.650000 0.000000
vt 0.150000 0.000000 0.000000
vt 0.150000 0.650000 0.000000
vt 0.686218 2.111436 0.000000
vt 0.647629 2.095452 0.000000
vt 0.606218 2.090000 0.000000
vt 0.564807 2.095452 0.000000
vt 0.526218 2.111436 0.000000
vt 0.493081 2.136863 0.000000
vt -0.564807 2.095452 0.000000
vt -0.606218 2.090000 0.000000
vt -0.260000 0.900000 0.000000
vt -0.647629 2.095452 0.000000
vt -0.686218 2.111436 0.000000
vt -0.719355 2.136863 0.000000
vt -1.750000 0.000000 0.000000
vt -2.165000 0.550000 0.000000
vt -2.365000 0.440000 0.000000
vt -2.365000 0.550000 0.000000
vt -3.115000 0.850000 0.000000
vt -2.615000 0.960000 0.000000
vt -3.115000 1.100000 0.000000
vt -2.994289 1.429289 0.000000
vt -3.015000 1.413397 0.000000
vt -2.615000 0.850000 0.000000
vt -2.365000 0.960000 0.000000
vt -2.965000 1.500000 0.000000
vt -2.968407 1.474118 0.000000
vt -2.978397 1.450000 0.000000
vt -2.365000 0.850000 0.000000
vt -2.038823 2.455111 0.000000
vt -2.615000 0.440000 0.000000
vt -2.750000 -0.000000 0.000000
vt -2.750000 -0.160000 0.000000
vt -1.750000 -0.160000 0.000000
vt -2.615000 0.550000 0.000000
vt -3.115000 0.550000 0.000000
vt -3.115000 0.300000 0.000000
vt -3.415000 0.000000 0.000000
vt -3.415000 0.300000 0.000000
vt -0.260000 0.650000 0.000000
vt -0.150000 0.000000 0.000000
vt -0.150000 0.650000 0.000000
vt -0.150000 0.900000 0.000000
vt 0.150000 0.900000 0.000000
vt 1.750000 -0.160000 0.000000
vt 2.365000 0.440000 0.000000
vt 2.165000 0.550000 0.000000
vt 2.750000 -0.160000 0.000000
vt 2.750000 -0.000000 0.000000
vt 2.615000 0.440000 0.000000
vt 3.115000 0.300000 0.000000
vt 3.115000 0.550000 0.000000
vt 3.415000 -0.000000 0.000000
vt 3.415000 0.300000 0.000000
vt 2.615000 0.550000 0.000000
vt 2.365000 0.550000 0.000000
vt 2.365000 0.850000 0.000000
vt 2.615000 0.960000 0.000000
vt 2.968407 1.474118 0.000000
vt 2.978397 1.450000 0.000000
vt 2.994289 1.429289 0.000000
vt 3.115000 1.100000 0.000000
vt 3.015000 1.413397 0.000000
vt 3.039118 1.403407 0.000000
vt 3.065000 1.400000 0.000000
vt 3.315000 1.400000 0.000000
vt 3.415000 1.300000 0.000000
vt 3.340882 1.396593 0.000000
vt 3.365000 1.386603 0.000000
vt 3.385711 1.370711 0.000000
vt 3.401603 1.350000 0.000000
vt 3.411593 1.325882 0.000000
vt 2.615000 0.850000 0.000000
vt 3.115000 0.850000 0.000000
vt 3.415000 1.100000 0.000000
vt 3.105000 2.600000 0.000000
vt 3.415000 8.340000 0.000000
vt 3.415000 2.000000 0.000000
vt 3.105000 2.100000 0.000000
vt 3.315000 1.900000 0.000000
vt 3.085000 1.900000 0.000000
vt 3.085000 2.100000 0.000000
vt 3.340882 1.903407 0.000000
vt 3.365000 1.913397 0.000000
vt 3.385711 1.929289 0.000000
vt 3.401603 1.950000 0.000000
vt 3.411593 1.974118 0.000000
vt 1.215000 9.860000 0.000000
vt 3.115000 9.860000 0.000000
vt 2.365000 11.490000 0.000000
vt 2.615000 11.490000 0.000000
vt 3.115000 11.250000 0.000000
vt 3.115000 11.600000 0.000000
vt 3.415000 9.860000 0.000000
vt 3.415000 11.250000 0.000000
vt 2.615000 11.600000 0.000000
vt 2.365000 11.600000 0.000000
vt 2.165000 11.600000 0.000000
vt 1.800000 11.600000 0.000000
vt 0.800000 11.600000 0.000000
vt 0.915000 9.860000 0.000000
vt -0.800000 11.600000 0.000000
vt -0.915000 9.860000 0.000000
vt -1.215000 9.860000 0.000000
vt -1.800000 11.600000 0.000000
vt -2.365000 11.490000 0.000000
vt -2.165000 11.600000 0.000000
vt -2.365000 11.600000 0.000000
vt 1.800000 11.900000 0.000000
vt 2.165000 11.900000 0.000000
vt 2.199281 13.359940 0.000000
vt 2.365000 12.010000 0.000000
vt 2.275865 13.350000 0.000000
vt 2.615000 12.010000 0.000000
vt 3.115000 12.250000 0.000000
vt 3.115000 11.900000 0.000000
vt 2.615000 11.900000 0.000000
vt 2.365000 11.900000 0.000000
vt 3.415000 12.250000 0.000000
vt 3.415000 13.350000 0.000000
vt 2.127772 13.389101 0.000000
vt 2.066076 13.435551 0.000000
vt 1.083253 13.137500 0.000000
vt 1.095741 13.167648 0.000000
vt 2.018282 13.496211 0.000000
vt 1.100000 13.200000 0.000000
vt 1.987557 13.567062 0.000000
vt 1.095741 13.232352 0.000000
vt 1.083253 13.262500 0.000000
vt 1.225000 14.213397 0.000000
vt 1.063388 13.288388 0.000000
vt 1.200882 14.203407 0.000000
vt 1.037500 13.308253 0.000000
vt 1.175000 14.200000 0.000000
vt 1.007352 13.320741 0.000000
vt 0.975000 13.325000 0.000000
vt 0.942648 13.320741 0.000000
vt 0.912500 13.308253 0.000000
vt 0.886612 13.288388 0.000000
vt -0.225000 14.200000 0.000000
vt 0.866747 13.262500 0.000000
vt 0.854259 13.232352 0.000000
vt 0.850000 13.200000 0.000000
vt -0.850000 13.200000 0.000000
vt 0.854259 13.167648 0.000000
vt -0.854259 13.167648 0.000000
vt 0.866747 13.137500 0.000000
vt -0.866747 13.137500 0.000000
vt 0.800000 11.900000 0.000000
vt -0.800000 11.900000 0.000000
vt 1.000000 17.000000 0.000000
vt 1.261603 14.450000 0.000000
vt 1.271593 14.425882 0.000000
vt 1.275000 14.400000 0.000000
vt 0.510000 17.000000 0.000000
vt 0.510000 16.840000 0.000000
vt 0.260000 16.190000 0.000000
vt 0.260000 15.940000 0.000000
vt 0.150000 16.840000 0.000000
vt 0.150000 16.190000 0.000000
vt 0.150000 15.940000 0.000000
vt 0.150000 15.740000 0.000000
vt 1.175000 14.500000 0.000000
vt 1.200882 14.496593 0.000000
vt 1.225000 14.486603 0.000000
vt -0.225000 14.500000 0.000000
vt -0.150000 15.740000 0.000000
vt -0.250882 14.496593 0.000000
vt -0.275000 14.486603 0.000000
vt -0.295711 14.470711 0.000000
vt -0.260000 15.940000 0.000000
vt -0.311603 14.450000 0.000000
vt -1.987557 13.567062 0.000000
vt -0.321593 14.425882 0.000000
vt -0.325000 14.400000 0.000000
vt -1.007352 13.320741 0.000000
vt -0.325000 14.300000 0.000000
vt -0.975000 13.325000 0.000000
vt -0.321593 14.274118 0.000000
vt -0.942648 13.320741 0.000000
vt -0.311603 14.250000 0.000000
vt -0.912500 13.308253 0.000000
vt -0.295711 14.229289 0.000000
vt -0.886612 13.288388 0.000000
vt -0.275000 14.213397 0.000000
vt -0.866747 13.262500 0.000000
vt -0.250882 14.203407 0.000000
vt -0.854259 13.232352 0.000000
vt -0.150000 15.940000 0.000000
vt -1.000000 17.000000 0.000000
vt -0.260000 16.190000 0.000000
vt -0.510000 16.840000 0.000000
vt -0.150000 16.840000 0.000000
vt -0.150000 16.190000 0.000000
vt -0.510000 17.000000 0.000000
vt -2.018282 13.496211 0.000000
vt -1.100000 13.200000 0.000000
vt -1.095741 13.232352 0.000000
vt -1.083253 13.262500 0.000000
vt -1.095741 13.167648 0.000000
vt -2.066076 13.435551 0.000000
vt -1.083253 13.137500 0.000000
vt -1.800000 11.900000 0.000000
vt -1.063388 13.111612 0.000000
vt -1.037500 13.091747 0.000000
vt -1.007352 13.079259 0.000000
vt -0.975000 13.075000 0.000000
vt -0.942648 13.079259 0.000000
vt -0.912500 13.091747 0.000000
vt -0.886612 13.111612 0.000000
vt -2.127772 13.389101 0.000000
vt -2.199281 13.359940 0.000000
vt -2.165000 11.900000 0.000000
vt -2.365000 12.010000 0.000000
vt -2.365000 11.900000 0.000000
vt -2.275865 13.350000 0.000000
vt -2.615000 12.010000 0.000000
vt -3.115000 12.250000 0.000000
vt -3.115000 11.900000 0.000000
vt -3.415000 13.350000 0.000000
vt -3.415000 12.250000 0.000000
vt -2.615000 11.900000 0.000000
vt -3.115000 9.860000 0.000000
vt -2.615000 11.490000 0.000000
vt -3.115000 11.250000 0.000000
vt -3.115000 11.600000 0.000000
vt -2.615000 11.600000 0.000000
vt -3.415000 11.250000 0.000000
vt -3.415000 9.860000 0.000000
vt -3.115000 8.340000 0.000000
vt -2.000000 2.750000 0.000000
vt -2.038823 2.744889 0.000000
vt -2.075000 2.729904 0.000000
vt -2.965000 2.600000 0.000000
vt -2.106066 2.706066 0.000000
vt -2.129904 2.675000 0.000000
vt -2.144889 2.638823 0.000000
vt -2.150000 2.600000 0.000000
vt -2.144889 2.561177 0.000000
vt -2.129904 2.525000 0.000000
vt -2.106066 2.493934 0.000000
vt -2.075000 2.470096 0.000000
vt -3.105000 2.600000 0.000000
vt -3.415000 8.340000 0.000000
vt -3.415000 2.000000 0.000000
vt -3.411593 1.974118 0.000000
vt -3.401603 1.950000 0.000000
vt -3.385711 1.929289 0.000000
vt -3.365000 1.913397 0.000000
vt -3.340882 1.903407 0.000000
vt -3.315000 1.900000 0.000000
vt -3.105000 2.100000 0.000000
vt -3.085000 1.900000 0.000000
vt -3.085000 2.100000 0.000000
vt -3.039118 1.403407 0.000000
vt -3.065000 1.400000 0.000000
vt -3.315000 1.400000 0.000000
vt -3.415000 1.300000 0.000000
vt -3.340882 1.396593 0.000000
vt -3.365000 1.386603 0.000000
vt -3.385711 1.370711 0.000000
vt -3.401603 1.350000 0.000000
vt -3.411593 1.325882 0.000000
vt -3.415000 1.100000 0.000000
vt 1.275000 14.300000 0.000000
vt 1.271593 14.274118 0.000000
vt 1.261603 14.250000 0.000000
vt 1.245711 14.229289 0.000000
vt 1.245711 14.470711 0.000000
vt -1.063388 13.288388 0.000000
vt -1.037500 13.308253 0.000000
vt 1.063388 13.111612 0.000000
vt 1.037500 13.091747 0.000000
vt 1.007352 13.079259 0.000000
vt 0.975000 13.075000 0.000000
vt 0.942648 13.079259 0.000000
vt 0.912500 13.091747 0.000000
vt 0.886612 13.111612 0.000000
vt 0.000000 0.350000 0.000000
vt -0.300000 0.350000 0.000000
vt 0.000000 0.000000 0.000000
vt -0.300000 0.000000 0.000000
vt 0.000000 0.250000 0.000000
vt -0.300000 0.250000 0.000000
vt 0.000000 0.000000 0.000000
vt -0.300000 0.000000 0.000000
vt 0.000000 -0.250000 0.000000
vt 0.300000 -0.250000 0.000000
vt 0.000000 0.000000 0.000000
vt 0.300000 0.000000 0.000000
vt 0.000000 -0.350000 0.000000
vt 0.300000 -0.350000 0.000000
vt 0.000000 0.000000 0.000000
vt 0.300000 0.000000 0.000000
vt 0.300000 -12.050000 0.000000
vt -0.000000 -12.050000 0.000000
vt 0.300000 -12.250000 0.000000
vt 0.000000 -12.250000 0.000000
vt -0.300000 2.000000 0.000000
vt 0.000000 2.000000 0.000000
vt -0.300000 8.340000 0.000000
vt 0.000000 8.340000 0.000000
vt -0.000000 -11.350000 0.000000
vt 0.300000 -11.350000 0.000000
vt 0.000000 -5.010000 0.000000
vt 0.300000 -5.010000 0.000000
vt -0.300000 9.860000 0.000000
vt 0.000000 9.860000 0.000000
vt -0.300000 11.250000 0.000000
vt 0.000000 11.250000 0.000000
vt 0.300000 -13.050000 0.000000
vt 0.000000 -13.050000 0.000000
vt 0.300000 -13.350000 0.000000
vt -0.000000 -13.350000 0.000000
vt 0.000000 -3.490000 0.000000
vt 0.300000 -3.490000 0.000000
vt 0.000000 -2.100000 0.000000
vt 0.300000 -2.100000 0.000000
vt -0.300000 12.250000 0.000000
vt 0.000000 12.250000 0.000000
vt -0.300000 13.350000 0.000000
vt 0.000000 13.350000 0.000000
vt 0.000000 1.300000 0.000000
vt -0.300000 1.300000 0.000000
vt 0.000000 1.100000 0.000000
vt -0.300000 1.100000 0.000000
vt 0.300000 -1.665000 0.000000
vt -0.000000 -1.665000 0.000000
vt 0.300000 -3.265000 0.000000
vt -0.000000 -3.265000 0.000000
vt 0.300000 -6.165000 0.000000
vt -0.000000 -6.165000 0.000000
vt 0.300000 -6.830000 0.000000
vt -0.000000 -6.830000 0.000000
vt -0.000000 -5.165000 0.000000
vt 0.300000 -5.165000 0.000000
vt -0.000000 -3.565000 0.000000
vt 0.300000 -3.565000 0.000000
vt -0.300000 1.510000 0.000000
vt 0.000000 1.510000 0.000000
vt -0.300000 2.000000 0.000000
vt 0.000000 2.000000 0.000000
vt 0.000000 0.490000 0.000000
vt -0.300000 0.490000 0.000000
vt 0.000000 0.000000 0.000000
vt -0.300000 0.000000 0.000000
vt -0.000000 -3.572161 0.000000
vt 0.300000 -3.572161 0.000000
vt 0.000000 0.000000 0.000000
vt 0.300000 0.000000 0.000000
vt -0.300000 0.225865 0.000000
vt 0.000000 0.225865 0.000000
vt -0.300000 1.365000 0.000000
vt 0.000000 1.365000 0.000000
vt 0.000000 -1.100000 0.000000
vt 0.300000 -1.100000 0.000000
vt 0.000000 0.000000 0.000000
vt 0.300000 0.000000 0.000000
vt -0.000000 -0.665000 0.000000
vt 0.300000 -0.665000 0.000000
vt 0.000000 -0.000000 0.000000
vt 0.300000 -0.000000 0.000000
vt 0.000000 0.300000 0.000000
vt -0.300000 0.300000 0.000000
vt 0.000000 0.000000 0.000000
vt -0.300000 0.000000 0.000000
vt 0.000000 1.139135 0.000000
vt -0.300000 1.139135 0.000000
vt 0.000000 0.000000 0.000000
vt -0.300000 0.000000 0.000000
vt -0.300000 0.225865 0.000000
vt 0.000000 0.225865 0.000000
vt -0.300000 3.798026 0.000000
vt 0.000000 3.798026 0.000000
vt -0.030000 0.000000 0.000000
vt -0.330000 0.000000 0.000000
vt -0.030000 -0.160000 0.000000
vt -0.330000 -0.160000 0.000000
vt 0.030000 0.000000 0.000000
vt 0.330000 0.000000 0.000000
vt 0.030000 0.360000 0.000000
vt 0.330000 0.360000 0.000000
vt -0.030000 0.000000 0.000000
vt -0.330000 0.000000 0.000000
vt -0.030000 -0.650000 0.000000
vt -0.330000 -0.650000 0.000000
vt -0.030000 0.000000 0.000000
vt -0.330000 0.000000 0.000000
vt -0.030000 -0.110000 0.000000
vt -0.330000 -0.110000 0.000000
vt -0.030000 0.000000 0.000000
vt -0.330000 0.000000 0.000000
vt -0.030000 -0.250000 0.000000
vt -0.330000 -0.250000 0.000000
vt 0.030000 0.000000 0.000000
vt 0.330000 0.000000 0.000000
vt 0.030000 0.110000 0.000000
vt 0.330000 0.110000 0.000000
vt 0.030000 0.000000 0.000000
vt 0.330000 0.000000 0.000000
vt 0.030000 0.200000 0.000000
vt 0.330000 0.200000 0.000000
vt -0.030000 0.000000 0.000000
vt -0.330000 0.000000 0.000000
vt -0.030000 -0.200000 0.000000
vt -0.330000 -0.200000 0.000000
vt 0.030000 0.000000 0.000000
vt 0.330000 0.000000 0.000000
vt 0.030000 0.300000 0.000000
vt 0.330000 0.300000 0.000000
vt 0.030000 0.000000 0.000000
vt 0.330000 0.000000 0.000000
vt 0.030000 0.110000 0.000000
vt 0.330000 0.110000 0.000000
vt 0.030000 0.000000 0.000000
vt 0.330000 0.000000 0.000000
vt 0.030000 0.250000 0.000000
vt 0.330000 0.250000 0.000000
vt -0.030000 0.000000 0.000000
vt -0.330000 0.000000 0.000000
vt -0.030000 -0.110000 0.000000
vt -0.330000 -0.110000 0.000000
vt 0.030000 0.000000 0.000000
vt 0.330000 0.000000 0.000000
vt 0.030000 0.650000 0.000000
vt 0.330000 0.650000 0.000000
vt 0.030000 0.000000 0.000000
vt 0.330000 0.000000 0.000000
vt 0.030000 0.360000 0.000000
vt 0.330000 0.360000 0.000000
vt 0.030000 0.000000 0.000000
vt 0.330000 0.000000 0.000000
vt 0.030000 0.160000 0.000000
vt 0.330000 0.160000 0.000000
vt 0.030000 0.000000 0.000000
vt 0.330000 0.000000 0.000000
vt 0.030000 0.650000 0.000000
vt 0.330000 0.650000 0.000000
vt 0.030000 0.000000 0.000000
vt 0.330000 0.000000 0.000000
vt 0.030000 0.110000 0.000000
vt 0.330000 0.110000 0.000000
vt 0.030000 0.000000 0.000000
vt 0.330000 0.000000 0.000000
vt 0.030000 0.250000 0.000000
vt 0.330000 0.250000 0.000000
vt -0.030000 0.000000 0.000000
vt -0.330000 0.000000 0.000000
vt -0.030000 -0.110000 0.000000
vt -0.330000 -0.110000 0.000000
vt 0.030000 0.000000 0.000000
vt 0.330000 0.000000 0.000000
vt 0.030000 0.200000 0.000000
vt 0.330000 0.200000 0.000000
vt -0.030000 0.000000 0.000000
vt -0.330000 0.000000 0.000000
vt -0.030000 -0.110000 0.000000
vt -0.330000 -0.110000 0.000000
vt -0.030000 0.000000 0.000000
vt -0.330000 0.000000 0.000000
vt -0.030000 -0.300000 0.000000
vt -0.330000 -0.300000 0.000000
vt -0.030000 0.000000 0.000000
vt -0.330000 0.000000 0.000000
vt -0.030000 -0.200000 0.000000
vt -0.330000 -0.200000 0.000000
vt -0.030000 0.000000 0.000000
vt -0.330000 0.000000 0.000000
vt -0.030000 -0.250000 0.000000
vt -0.330000 -0.250000 0.000000
vt 0.030000 0.000000 0.000000
vt 0.330000 0.000000 0.000000
vt 0.030000 0.110000 0.000000
vt 0.330000 0.110000 0.000000
vt -0.030000 0.000000 0.000000
vt -0.330000 0.000000 0.000000
vt -0.030000 -0.650000 0.000000
vt -0.330000 -0.650000 0.000000
vt 0.300000 0.160000 0.000000
vt -0.000000 0.160000 0.000000
vt 0.300000 0.000000 0.000000
vt -0.000000 0.000000 0.000000
vt -0.300000 -0.160000 0.000000
vt -0.000000 -0.160000 0.000000
vt -0.300000 0.000000 0.000000
vt -0.000000 0.000000 0.000000
vt -0.300000 -1.000000 0.000000
vt -0.000000 -1.000000 0.000000
vt -0.300000 0.000000 0.000000
vt -0.000000 0.000000 0.000000
vt 0.300000 0.160000 0.000000
vt -0.000000 0.160000 0.000000
vt 0.300000 0.000000 0.000000
vt -0.000000 0.000000 0.000000
vt -0.300000 -0.160000 0.000000
vt -0.000000 -0.160000 0.000000
vt -0.300000 -0.000000 0.000000
vt -0.000000 -0.000000 0.000000
vt -0.300000 -1.000000 0.000000
vt -0.000000 -1.000000 0.000000
vt -0.300000 0.000000 0.000000
vt -0.000000 0.000000 0.000000
vt 0.000000 -0.039270 0.000000
vt 0.300000 -0.039270 0.000000
vt 0.000000 0.000000 0.000000
vt 0.300000 0.000000 0.000000
vt 0.000000 0.039270 0.000000
vt 0.300000 0.039270 0.000000
vt 0.000000 0.078540 0.000000
vt 0.300000 0.078540 0.000000
vt 0.000000 0.117810 0.000000
vt 0.300000 0.117810 0.000000
vt 0.000000 0.157080 0.000000
vt 0.300000 0.157080 0.000000
vt 0.000000 0.196350 0.000000
vt 0.300000 0.196350 0.000000
vt 0.000000 0.235619 0.000000
vt 0.300000 0.235619 0.000000
vt 0.000000 0.274889 0.000000
vt 0.300000 0.274889 0.000000
vt 0.000000 0.314159 0.000000
vt 0.300000 0.314159 0.000000
vt 0.000000 0.353429 0.000000
vt 0.300000 0.353429 0.000000
vt 0.000000 0.392699 0.000000
vt 0.300000 0.392699 0.000000
vt 0.000000 0.431969 0.000000
vt 0.300000 0.431969 0.000000
vt 0.000000 0.471239 0.000000
vt 0.300000 0.471239 0.000000
vt 0.000000 -0.471239 0.000000
vt 0.300000 -0.471239 0.000000
vt 0.000000 -0.431969 0.000000
vt 0.300000 -0.431969 0.000000
vt 0.000000 -0.392699 0.000000
vt 0.300000 -0.392699 0.000000
vt 0.000000 -0.353429 0.000000
vt 0.300000 -0.353429 0.000000
vt 0.000000 -0.314159 0.000000
vt 0.300000 -0.314159 0.000000
vt 0.000000 -0.274889 0.000000
vt 0.300000 -0.274889 0.000000
vt 0.000000 -0.235619 0.000000
vt 0.300000 -0.235619 0.000000
vt 0.000000 -0.196350 0.000000
vt 0.300000 -0.196350 0.000000
vt 0.000000 -0.157080 0.000000
vt 0.300000 -0.157080 0.000000
vt 0.000000 -0.117810 0.000000
vt 0.300000 -0.117810 0.000000
vt 0.000000 -0.078540 0.000000
vt 0.300000 -0.078540 0.000000
vt 0.000000 -0.039270 0.000000
vt 0.300000 -0.039270 0.000000
vt 0.000000 0.000000 0.000000
vt 0.300000 0.000000 0.000000
vt 0.000000 0.039270 0.000000
vt 0.300000 0.039270 0.000000
vt 0.000000 0.078540 0.000000
vt 0.300000 0.078540 0.000000
vt 0.000000 0.117810 0.000000
vt 0.300000 0.117810 0.000000
vt 0.000000 0.157080 0.000000
vt 0.300000 0.157080 0.000000
vt 0.000000 0.196350 0.000000
vt 0.300000 0.196350 0.000000
vt 0.000000 0.235619 0.000000
vt 0.300000 0.235619 0.000000
vt 0.000000 0.274889 0.000000
vt 0.300000 0.274889 0.000000
vt 0.000000 0.314159 0.000000
vt 0.300000 0.314159 0.000000
vt 0.000000 0.353429 0.000000
vt 0.300000 0.353429 0.000000
vt 0.000000 0.392699 0.000000
vt 0.300000 0.392699 0.000000
vt 0.000000 0.431969 0.000000
vt 0.300000 0.431969 0.000000
vt 0.000000 0.471239 0.000000
vt 0.300000 0.471239 0.000000
vt 0.000000 -0.471239 0.000000
vt 0.300000 -0.471239 0.000000
vt 0.000000 -0.431969 0.000000
vt 0.300000 -0.431969 0.000000
vt 0.000000 -0.392699 0.000000
vt 0.300000 -0.392699 0.000000
vt 0.000000 -0.353429 0.000000
vt 0.300000 -0.353429 0.000000
vt 0.000000 -0.314159 0.000000
vt 0.300000 -0.314159 0.000000
vt 0.000000 -0.274889 0.000000
vt 0.300000 -0.274889 0.000000
vt 0.000000 -0.235619 0.000000
vt 0.300000 -0.235619 0.000000
vt 0.000000 -0.196350 0.000000
vt 0.300000 -0.196350 0.000000
vt 0.000000 -0.157080 0.000000
vt 0.300000 -0.157080 0.000000
vt 0.000000 -0.117810 0.000000
vt 0.300000 -0.117810 0.000000
vt 0.000000 -0.078540 0.000000
vt 0.300000 -0.078540 0.000000
vt -0.300000 -0.471239 0.000000
vt 0.000000 -0.471239 0.000000
vt -0.300000 -0.393798 0.000000
vt 0.000000 -0.393798 0.000000
vt -0.300000 -0.316356 0.000000
vt 0.000000 -0.316356 0.000000
vt -0.300000 -0.238915 0.000000
vt 0.000000 -0.238915 0.000000
vt -0.300000 -0.161474 0.000000
vt 0.000000 -0.161474 0.000000
vt -0.300000 -0.084032 0.000000
vt 0.000000 -0.084032 0.000000
vt -0.300000 -0.858445 0.000000
vt 0.000000 -0.858445 0.000000
vt -0.300000 -0.781004 0.000000
vt 0.000000 -0.781004 0.000000
vt -0.300000 -0.703563 0.000000
vt 0.000000 -0.703563 0.000000
vt -0.300000 -0.626121 0.000000
vt 0.000000 -0.626121 0.000000
vt -0.300000 -0.548680 0.000000
vt 0.000000 -0.548680 0.000000
vt -0.300000 -0.471239 0.000000
vt 0.000000 -0.471239 0.000000
vt -0.300000 0.000000 0.000000
vt 0.000000 0.000000 0.000000
vt -0.300000 0.300000 0.000000
vt 0.000000 0.300000 0.000000
vt 0.300000 -0.550000 0.000000
vt 0.000000 -0.550000 0.000000
vt 0.300000 -0.800000 0.000000
vt 0.000000 -0.800000 0.000000
vt 0.300000 0.000000 0.000000
vt 0.000000 0.000000 0.000000
vt 0.300000 -0.300000 0.000000
vt 0.000000 -0.300000 0.000000
vt -0.300000 0.650000 0.000000
vt 0.000000 0.650000 0.000000
vt -0.300000 1.000000 0.000000
vt 0.000000 1.000000 0.000000
vt -0.300000 0.000000 0.000000
vt 0.000000 0.000000 0.000000
vt -0.300000 0.300000 0.000000
vt 0.000000 0.300000 0.000000
vt 0.300000 0.000000 0.000000
vt 0.000000 0.000000 0.000000
vt 0.300000 -0.300000 0.000000
vt 0.000000 -0.300000 0.000000
vt -0.300000 0.550000 0.000000
vt 0.000000 0.550000 0.000000
vt -0.300000 0.800000 0.000000
vt 0.000000 0.800000 0.000000
vt -0.300000 0.000000 0.000000
vt 0.000000 0.000000 0.000000
vt -0.300000 0.300000 0.000000
vt 0.000000 0.300000 0.000000
vt 0.300000 0.000000 0.000000
vt 0.000000 0.000000 0.000000
vt 0.300000 -0.300000 0.000000
vt 0.000000 -0.300000 0.000000
vt 0.300000 -0.650000 0.000000
vt 0.000000 -0.650000 0.000000
vt 0.300000 -1.000000 0.000000
vt 0.000000 -1.000000 0.000000
vt 0.300000 0.000000 0.000000
vt 0.000000 0.000000 0.000000
vt 0.300000 -0.300000 0.000000
vt 0.000000 -0.300000 0.000000
vt -0.300000 0.000000 0.000000
vt 0.000000 0.000000 0.000000
vt -0.300000 0.300000 0.000000
vt 0.000000 0.300000 0.000000
vt -0.030000 1.520000 0.000000
vt -0.330000 1.520000 0.000000
vt -0.030000 0.000000 0.000000
vt -0.330000 0.000000 0.000000
vt -0.030000 0.300000 0.000000
vt -0.330000 0.300000 0.000000
vt -0.030000 0.000000 0.000000
vt -0.330000 0.000000 0.000000
vt 0.030000 -0.300000 0.000000
vt 0.330000 -0.300000 0.000000
vt 0.030000 0.000000 0.000000
vt 0.330000 0.000000 0.000000
vt 0.030000 -0.300000 0.000000
vt 0.330000 -0.300000 0.000000
vt 0.030000 0.000000 0.000000
vt 0.330000 0.000000 0.000000
vt 0.030000 -1.520000 0.000000
vt 0.330000 -1.520000 0.000000
vt 0.030000 0.000000 0.000000
vt 0.330000 0.000000 0.000000
vt -0.030000 1.520000 0.000000
vt -0.330000 1.520000 0.000000
vt -0.030000 0.000000 0.000000
vt -0.330000 0.000000 0.000000
vt -0.030000 0.300000 0.000000
vt -0.330000 0.300000 0.000000
vt -0.030000 0.000000 0.000000
vt -0.330000 0.000000 0.000000
vt 0.030000 -0.300000 0.000000
vt 0.330000 -0.300000 0.000000
vt 0.030000 0.000000 0.000000
vt 0.330000 0.000000 0.000000
vt 0.030000 -1.520000 0.000000
vt 0.330000 -1.520000 0.000000
vt 0.030000 0.000000 0.000000
vt 0.330000 0.000000 0.000000
vt -0.030000 1.520000 0.000000
vt -0.330000 1.520000 0.000000
vt -0.030000 0.000000 0.000000
vt -0.330000 0.000000 0.000000
vt -0.030000 0.300000 0.000000
vt -0.330000 0.300000 0.000000
vt -0.030000 0.000000 0.000000
vt -0.330000 0.000000 0.000000
vt 0.030000 -1.520000 0.000000
vt 0.330000 -1.520000 0.000000
vt 0.030000 0.000000 0.000000
vt 0.330000 0.000000 0.000000
vt 0.030000 -0.300000 0.000000
vt 0.330000 -0.300000 0.000000
vt 0.030000 0.000000 0.000000
vt 0.330000 0.000000 0.000000
vt -0.030000 0.300000 0.000000
vt -0.330000 0.300000 0.000000
vt -0.030000 0.000000 0.000000
vt -0.330000 0.000000 0.000000
vt 0.030000 -1.000000 0.000000
vt 0.330000 -1.000000 0.000000
vt 0.030000 0.000000 0.000000
vt 0.330000 0.000000 0.000000
vt 0.030000 -0.300000 0.000000
vt 0.330000 -0.300000 0.000000
vt 0.030000 0.000000 0.000000
vt 0.330000 0.000000 0.000000
vt -0.030000 0.300000 0.000000
vt -0.330000 0.300000 0.000000
vt -0.030000 0.000000 0.000000
vt -0.330000 0.000000 0.000000
vt -0.030000 1.000000 0.000000
vt -0.330000 1.000000 0.000000
vt -0.030000 0.000000 0.000000
vt -0.330000 0.000000 0.000000
vt 0.030000 -1.000000 0.000000
vt 0.330000 -1.000000 0.000000
vt 0.030000 0.000000 0.000000
vt 0.330000 0.000000 0.000000
vt 0.030000 -0.300000 0.000000
vt 0.330000 -0.300000 0.000000
vt 0.030000 0.000000 0.000000
vt 0.330000 0.000000 0.000000
vt -0.030000 0.300000 0.000000
vt -0.330000 0.300000 0.000000
vt -0.030000 0.000000 0.000000
vt -0.330000 0.000000 0.000000
vt -0.030000 1.000000 0.000000
vt -0.330000 1.000000 0.000000
vt -0.030000 0.000000 0.000000
vt -0.330000 0.000000 0.000000
vt 0.330000 0.350000 0.000000
vt 0.030000 0.350000 0.000000
vt 0.330000 0.100000 0.000000
vt 0.030000 0.100000 0.000000
vt 0.030000 0.100000 0.000000
vt 0.330000 0.100000 0.000000
vt 0.030000 1.200000 0.000000
vt 0.330000 1.200000 0.000000
vt -0.030000 0.000000 0.000000
vt -0.330000 0.000000 0.000000
vt -0.030000 -0.140000 0.000000
vt -0.330000 -0.140000 0.000000
vt -0.030000 0.000000 0.000000
vt -0.330000 0.000000 0.000000
vt -0.030000 -0.500000 0.000000
vt -0.330000 -0.500000 0.000000
vt -0.330000 -0.230000 0.000000
vt -0.030000 -0.230000 0.000000
vt -0.330000 0.000000 0.000000
vt -0.030000 -0.000000 0.000000
vt 0.030000 0.000000 0.000000
vt 0.330000 0.000000 0.000000
vt 0.030000 0.020000 0.000000
vt 0.330000 0.020000 0.000000
vt -0.030000 0.000000 0.000000
vt -0.330000 0.000000 0.000000
vt -0.030000 -0.200000 0.000000
vt -0.330000 -0.200000 0.000000
vt 0.030000 -0.157080 0.000000
vt 0.330000 -0.157080 0.000000
vt 0.030000 -0.130900 0.000000
vt 0.330000 -0.130900 0.000000
vt 0.030000 -0.104720 0.000000
vt 0.330000 -0.104720 0.000000
vt 0.030000 -0.078540 0.000000
vt 0.330000 -0.078540 0.000000
vt 0.030000 -0.052360 0.000000
vt 0.330000 -0.052360 0.000000
vt 0.030000 -0.026180 0.000000
vt 0.330000 -0.026180 0.000000
vt 0.030000 -0.000000 0.000000
vt 0.330000 -0.000000 0.000000
vt 0.330000 0.157080 0.000000
vt 0.030000 0.157080 0.000000
vt 0.330000 0.130900 0.000000
vt 0.030000 0.130900 0.000000
vt 0.330000 0.104720 0.000000
vt 0.030000 0.104720 0.000000
vt 0.330000 0.078540 0.000000
vt 0.030000 0.078540 0.000000
vt 0.330000 0.052360 0.000000
vt 0.030000 0.052360 0.000000
vt 0.330000 0.026180 0.000000
vt 0.030000 0.026180 0.000000
vt 0.330000 0.000000 0.000000
vt 0.030000 0.000000 0.000000
vt -0.000000 0.000000 0.000000
vt -0.300000 0.000000 0.000000
vt 0.000000 -0.026180 0.000000
vt -0.300000 -0.026180 0.000000
vt 0.000000 -0.052360 0.000000
vt -0.300000 -0.052360 0.000000
vt 0.000000 -0.078540 0.000000
vt -0.300000 -0.078540 0.000000
vt 0.000000 -0.104720 0.000000
vt -0.300000 -0.104720 0.000000
vt 0.000000 -0.130900 0.000000
vt -0.300000 -0.130900 0.000000
vt -0.000000 -0.157080 0.000000
vt -0.300000 -0.157080 0.000000
vt -0.030000 0.230000 0.000000
vt -0.330000 0.230000 0.000000
vt -0.030000 0.000000 0.000000
vt -0.330000 0.000000 0.000000
vt 0.030000 -0.200000 0.000000
vt 0.330000 -0.200000 0.000000
vt 0.030000 0.000000 0.000000
vt 0.330000 0.000000 0.000000
vt 0.030000 -0.020000 0.000000
vt 0.330000 -0.020000 0.000000
vt 0.030000 0.000000 0.000000
vt 0.330000 0.000000 0.000000
vt 0.030000 -0.500000 0.000000
vt 0.330000 -0.500000 0.000000
vt 0.030000 0.000000 0.000000
vt 0.330000 0.000000 0.000000
vt -0.030000 0.140000 0.000000
vt -0.330000 0.140000 0.000000
vt -0.030000 0.000000 0.000000
vt -0.330000 0.000000 0.000000
vt -0.330000 0.100000 0.000000
vt -0.030000 0.100000 0.000000
vt -0.330000 1.200000 0.000000
vt -0.030000 1.200000 0.000000
vt 0.030000 -0.350000 0.000000
vt 0.330000 -0.350000 0.000000
vt 0.030000 -0.100000 0.000000
vt 0.330000 -0.100000 0.000000
vt 0.030000 -0.314159 0.000000
vt 0.330000 -0.314159 0.000000
vt 0.030000 -0.287979 0.000000
vt 0.330000 -0.287979 0.000000
vt 0.030000 -0.261799 0.000000
vt 0.330000 -0.261799 0.000000
vt 0.030000 -0.235619 0.000000
vt 0.330000 -0.235619 0.000000
vt 0.030000 -0.209440 0.000000
vt 0.330000 -0.209440 0.000000
vt 0.030000 -0.183260 0.000000
vt 0.330000 -0.183260 0.000000
vt 0.030000 -0.157080 0.000000
vt 0.330000 -0.157080 0.000000
vt -0.000000 0.000000 0.000000
vt 0.300000 0.000000 0.000000
vt -0.000000 0.026180 0.000000
vt 0.300000 0.026180 0.000000
vt -0.000000 0.052360 0.000000
vt 0.300000 0.052360 0.000000
vt -0.000000 0.078540 0.000000
vt 0.300000 0.078540 0.000000
vt -0.000000 0.104720 0.000000
vt 0.300000 0.104720 0.000000
vt -0.000000 0.130900 0.000000
vt 0.300000 0.130900 0.000000
vt -0.000000 0.157080 0.000000
vt 0.300000 0.157080 0.000000
vt -0.330000 -0.157080 0.000000
vt -0.030000 -0.157080 0.000000
vt -0.330000 -0.130900 0.000000
vt -0.030000 -0.130900 0.000000
vt -0.330000 -0.104720 0.000000
vt -0.030000 -0.104720 0.000000
vt -0.330000 -0.078540 0.000000
vt -0.030000 -0.078540 0.000000
vt -0.330000 -0.052360 0.000000
vt -0.030000 -0.052360 0.000000
vt -0.330000 -0.026180 0.000000
vt -0.030000 -0.026180 0.000000
vt -0.330000 -0.000000 0.000000
vt -0.030000 -0.000000 0.000000
vt 0.030000 0.000000 0.000000
vt 0.330000 0.000000 0.000000
vt 0.030000 0.500000 0.000000
vt 0.330000 0.500000 0.000000
vt -0.030000 0.000000 0.000000
vt -0.330000 0.000000 0.000000
vt -0.030000 -0.110000 0.000000
vt -0.330000 -0.110000 0.000000
vt 0.030000 0.000000 0.000000
vt 0.330000 0.000000 0.000000
vt 0.030000 0.250000 0.000000
vt 0.330000 0.250000 0.000000
vt 0.030000 0.000000 0.000000
vt 0.330000 0.000000 0.000000
vt 0.030000 0.110000 0.000000
vt 0.330000 0.110000 0.000000
vt 0.030000 0.000000 0.000000
vt 0.330000 0.000000 0.000000
vt 0.030000 0.200000 0.000000
vt 0.330000 0.200000 0.000000
vt 0.030000 0.000000 0.000000
vt 0.330000 0.000000 0.000000
vt 0.030000 0.300000 0.000000
vt 0.330000 0.300000 0.000000
vt -0.030000 0.000000 0.000000
vt -0.330000 0.000000 0.000000
vt -0.030000 -0.200000 0.000000
vt -0.330000 -0.200000 0.000000
vt 0.030000 0.000000 0.000000
vt 0.330000 0.000000 0.000000
vt 0.030000 0.110000 0.000000
vt 0.330000 0.110000 0.000000
vt -0.030000 0.000000 0.000000
vt -0.330000 0.000000 0.000000
vt -0.030000 -0.250000 0.000000
vt -0.330000 -0.250000 0.000000
vt -0.030000 0.000000 0.000000
vt -0.330000 0.000000 0.000000
vt -0.030000 -0.110000 0.000000
vt -0.330000 -0.110000 0.000000
vt -0.030000 0.000000 0.000000
vt -0.330000 0.000000 0.000000
vt -0.030000 -0.500000 0.000000
vt -0.330000 -0.500000 0.000000
vt 0.030000 0.000000 0.000000
vt 0.330000 0.000000 0.000000
vt 0.030000 0.500000 0.000000
vt 0.330000 0.500000 0.000000
vt 0.030000 0.000000 0.000000
vt 0.330000 0.000000 0.000000
vt 0.030000 0.110000 0.000000
vt 0.330000 0.110000 0.000000
vt -0.030000 0.000000 0.000000
vt -0.330000 0.000000 0.000000
vt -0.030000 -0.110000 0.000000
vt -0.330000 -0.110000 0.000000
vt 0.030000 0.000000 0.000000
vt 0.330000 0.000000 0.000000
vt 0.030000 0.250000 0.000000
vt 0.330000 0.250000 0.000000
vt 0.030000 0.000000 0.000000
vt 0.330000 0.000000 0.000000
vt 0.030000 0.200000 0.000000
vt 0.330000 0.200000 0.000000
vt 0.030000 0.000000 0.000000
vt 0.330000 0.000000 0.000000
vt 0.030000 0.300000 0.000000
vt 0.330000 0.300000 0.000000
vt -0.030000 0.000000 0.000000
vt -0.330000 0.000000 0.000000
vt -0.030000 -0.200000 0.000000
vt -0.330000 -0.200000 0.000000
vt 0.030000 0.000000 0.000000
vt 0.330000 0.000000 0.000000
vt 0.030000 0.110000 0.000000
vt 0.330000 0.110000 0.000000
vt -0.030000 0.000000 0.000000
vt -0.330000 0.000000 0.000000
vt -0.030000 -0.250000 0.000000
vt -0.330000 -0.250000 0.000000
vt -0.030000 0.000000 0.000000
vt -0.330000 0.000000 0.000000
vt -0.030000 -0.110000 0.000000
vt -0.330000 -0.110000 0.000000
vt -0.030000 0.000000 0.000000
vt -0.330000 0.000000 0.000000
vt -0.030000 -0.500000 0.000000
vt -0.330000 -0.500000 0.000000
vt -0.030000 0.500000 0.000000
vt -0.330000 0.500000 0.000000
vt -0.030000 0.000000 0.000000
vt -0.330000 0.000000 0.000000
vt 0.030000 -0.110000 0.000000
vt 0.330000 -0.110000 0.000000
vt 0.030000 0.000000 0.000000
vt 0.330000 0.000000 0.000000
vt -0.030000 0.250000 0.000000
vt -0.330000 0.250000 0.000000
vt -0.030000 0.000000 0.000000
vt -0.330000 0.000000 0.000000
vt -0.030000 0.110000 0.000000
vt -0.330000 0.110000 0.000000
vt -0.030000 0.000000 0.000000
vt -0.330000 0.000000 0.000000
vt -0.030000 0.200000 0.000000
vt -0.330000 0.200000 0.000000
vt -0.030000 0.000000 0.000000
vt -0.330000 0.000000 0.000000
vt -0.030000 0.300000 0.000000
vt -0.330000 0.300000 0.000000
vt -0.030000 0.000000 0.000000
vt -0.330000 0.000000 0.000000
vt -0.030000 0.110000 0.000000
vt -0.330000 0.110000 0.000000
vt -0.030000 0.000000 0.000000
vt -0.330000 0.000000 0.000000
vt 0.030000 -0.200000 0.000000
vt 0.330000 -0.200000 0.000000
vt 0.030000 0.000000 0.000000
vt 0.330000 0.000000 0.000000
vt 0.030000 -0.250000 0.000000
vt 0.330000 -0.250000 0.000000
vt 0.030000 0.000000 0.000000
vt 0.330000 0.000000 0.000000
vt 0.030000 -0.110000 0.000000
vt 0.330000 -0.110000 0.000000
vt 0.030000 0.000000 0.000000
vt 0.330000 0.000000 0.000000
vt 0.030000 -0.500000 0.000000
vt 0.330000 -0.500000 0.000000
vt 0.030000 0.000000 0.000000
vt 0.330000 0.000000 0.000000
vt -0.030000 0.500000 0.000000
vt -0.330000 0.500000 0.000000
vt -0.030000 0.000000 0.000000
vt -0.330000 0.000000 0.000000
vt 0.030000 -0.110000 0.000000
vt 0.330000 -0.110000 0.000000
vt 0.030000 0.000000 0.000000
vt 0.330000 0.000000 0.000000
vt -0.030000 0.250000 0.000000
vt -0.330000 0.250000 0.000000
vt -0.030000 0.000000 0.000000
vt -0.330000 0.000000 0.000000
vt -0.030000 0.110000 0.000000
vt -0.330000 0.110000 0.000000
vt -0.030000 0.000000 0.000000
vt -0.330000 0.000000 0.000000
vt -0.030000 0.200000 0.000000
vt -0.330000 0.200000 0.000000
vt -0.030000 0.000000 0.000000
vt -0.330000 0.000000 0.000000
vt -0.030000 0.300000 0.000000
vt -0.330000 0.300000 0.000000
vt -0.030000 0.000000 0.000000
vt -0.330000 0.000000 0.000000
vt 0.030000 -0.200000 0.000000
vt 0.330000 -0.200000 0.000000
vt 0.030000 0.000000 0.000000
vt 0.330000 0.000000 0.000000
vt -0.030000 0.110000 0.000000
vt -0.330000 0.110000 0.000000
vt -0.030000 0.000000 0.000000
vt -0.330000 0.000000 0.000000
vt 0.030000 -0.250000 0.000000
vt 0.330000 -0.250000 0.000000
vt 0.030000 0.000000 0.000000
vt 0.330000 0.000000 0.000000
vt 0.030000 -0.500000 0.000000
vt 0.330000 -0.500000 0.000000
vt 0.030000 0.000000 0.000000
vt 0.330000 0.000000 0.000000
vt 0.030000 -0.110000 0.000000
vt 0.330000 -0.110000 0.000000
vt 0.030000 0.000000 0.000000
vt 0.330000 0.000000 0.000000
vt 0.300000 0.032725 0.000000
vt 0.000000 0.032725 0.000000
vt 0.300000 0.000000 0.000000
vt 0.000000 0.000000 0.000000
vt 0.300000 -0.032725 0.000000
vt 0.000000 -0.032725 0.000000
vt 0.300000 -0.065450 0.000000
vt -0.000000 -0.065450 0.000000
vt 0.300000 -0.098175 0.000000
vt 0.000000 -0.098175 0.000000
vt 0.300000 -0.130900 0.000000
vt -0.000000 -0.130900 0.000000
vt 0.300000 -0.163625 0.000000
vt -0.000000 -0.163625 0.000000
vt 0.300000 -0.196350 0.000000
vt 0.000000 -0.196350 0.000000
vt 0.300000 -0.229074 0.000000
vt 0.000000 -0.229074 0.000000
vt 0.300000 -0.261799 0.000000
vt 0.000000 -0.261799 0.000000
vt 0.300000 -0.294524 0.000000
vt 0.000000 -0.294524 0.000000
vt 0.300000 -0.327249 0.000000
vt 0.000000 -0.327249 0.000000
vt 0.300000 -0.359974 0.000000
vt 0.000000 -0.359974 0.000000
vt 0.300000 -0.392699 0.000000
vt 0.000000 -0.392699 0.000000
vt 0.300000 0.392699 0.000000
vt 0.000000 0.392699 0.000000
vt 0.300000 0.359974 0.000000
vt 0.000000 0.359974 0.000000
vt 0.300000 0.327249 0.000000
vt 0.000000 0.327249 0.000000
vt 0.300000 0.294524 0.000000
vt 0.000000 0.294524 0.000000
vt 0.300000 0.261799 0.000000
vt 0.000000 0.261799 0.000000
vt 0.300000 0.229074 0.000000
vt 0.000000 0.229074 0.000000
vt 0.300000 0.196350 0.000000
vt 0.000000 0.196350 0.000000
vt 0.300000 0.163625 0.000000
vt 0.000000 0.163625 0.000000
vt 0.300000 0.130900 0.000000
vt 0.000000 0.130900 0.000000
vt 0.300000 0.098175 0.000000
vt 0.000000 0.098175 0.000000
vt 0.300000 0.065450 0.000000
vt 0.000000 0.065450 0.000000
vt 0.300000 0.032725 0.000000
vt 0.000000 0.032725 0.000000
vt 0.300000 0.000000 0.000000
vt 0.000000 0.000000 0.000000
vt 0.300000 -0.032725 0.000000
vt 0.000000 -0.032725 0.000000
vt 0.300000 -0.065450 0.000000
vt -0.000000 -0.065450 0.000000
vt 0.300000 -0.098175 0.000000
vt 0.000000 -0.098175 0.000000
vt 0.300000 -0.130900 0.000000
vt -0.000000 -0.130900 0.000000
vt 0.300000 -0.163625 0.000000
vt -0.000000 -0.163625 0.000000
vt 0.300000 -0.196350 0.000000
vt 0.000000 -0.196350 0.000000
vt 0.300000 -0.229074 0.000000
vt 0.000000 -0.229074 0.000000
vt 0.300000 -0.261799 0.000000
vt 0.000000 -0.261799 0.000000
vt 0.300000 -0.294524 0.000000
vt 0.000000 -0.294524 0.000000
vt 0.300000 -0.327249 0.000000
vt 0.000000 -0.327249 0.000000
vt 0.300000 -0.359974 0.000000
vt 0.000000 -0.359974 0.000000
vt 0.300000 -0.392699 0.000000
vt 0.000000 -0.392699 0.000000
vt 0.300000 0.392699 0.000000
vt 0.000000 0.392699 0.000000
vt 0.300000 0.359974 0.000000
vt 0.000000 0.359974 0.000000
vt 0.300000 0.327249 0.000000
vt 0.000000 0.327249 0.000000
vt 0.300000 0.294524 0.000000
vt 0.000000 0.294524 0.000000
vt 0.300000 0.261799 0.000000
vt 0.000000 0.261799 0.000000
vt 0.300000 0.229074 0.000000
vt 0.000000 0.229074 0.000000
vt 0.300000 0.196350 0.000000
vt 0.000000 0.196350 0.000000
vt 0.300000 0.163625 0.000000
vt 0.000000 0.163625 0.000000
vt 0.300000 0.130900 0.000000
vt 0.000000 0.130900 0.000000
vt 0.300000 0.098175 0.000000
vt 0.000000 0.098175 0.000000
vt 0.300000 0.065450 0.000000
vt 0.000000 0.065450 0.000000
vt 0.300000 -0.100000 0.000000
vt 0.000000 -0.100000 0.000000
vt 0.300000 -1.500000 0.000000
vt 0.000000 -1.500000 0.000000
vt -0.300000 0.100000 0.000000
vt 0.000000 0.100000 0.000000
vt -0.300000 0.200000 0.000000
vt 0.000000 0.200000 0.000000
vt 0.000000 1.500000 0.000000
vt -0.300000 1.500000 0.000000
vt 0.000000 0.100000 0.000000
vt -0.300000 0.100000 0.000000
vt 0.300000 -0.100000 0.000000
vt 0.000000 -0.100000 0.000000
vt 0.300000 -0.200000 0.000000
vt 0.000000 -0.200000 0.000000
vt 0.000000 0.000000 0.000000
vt 0.300000 0.000000 0.000000
vt 0.000000 0.026180 0.000000
vt 0.300000 0.026180 0.000000
vt 0.000000 0.052360 0.000000
vt 0.300000 0.052360 0.000000
vt 0.000000 0.078540 0.000000
vt 0.300000 0.078540 0.000000
vt 0.000000 0.104720 0.000000
vt 0.300000 0.104720 0.000000
vt 0.000000 0.130900 0.000000
vt 0.300000 0.130900 0.000000
vt 0.000000 0.157080 0.000000
vt 0.300000 0.157080 0.000000
vt 0.000000 -0.157080 0.000000
vt 0.300000 -0.157080 0.000000
vt 0.000000 -0.130900 0.000000
vt 0.300000 -0.130900 0.000000
vt 0.000000 -0.104720 0.000000
vt 0.300000 -0.104720 0.000000
vt 0.000000 -0.078540 0.000000
vt 0.300000 -0.078540 0.000000
vt 0.000000 -0.052360 0.000000
vt 0.300000 -0.052360 0.000000
vt 0.000000 -0.026180 0.000000
vt 0.300000 -0.026180 0.000000
vt 0.000000 0.000000 0.000000
vt 0.300000 0.000000 0.000000
vt 0.000000 -0.314159 0.000000
vt 0.300000 -0.314159 0.000000
vt 0.000000 -0.287979 0.000000
vt 0.300000 -0.287979 0.000000
vt 0.000000 -0.261799 0.000000
vt 0.300000 -0.261799 0.000000
vt 0.000000 -0.235619 0.000000
vt 0.300000 -0.235619 0.000000
vt 0.000000 -0.209440 0.000000
vt 0.300000 -0.209440 0.000000
vt 0.000000 -0.183260 0.000000
vt 0.300000 -0.183260 0.000000
vt 0.000000 -0.157080 0.000000
vt 0.300000 -0.157080 0.000000
vt 0.000000 0.157080 0.000000
vt 0.300000 0.157080 0.000000
vt 0.000000 0.183260 0.000000
vt 0.300000 0.183260 0.000000
vt 0.000000 0.209440 0.000000
vt 0.300000 0.209440 0.000000
vt 0.000000 0.235619 0.000000
vt 0.300000 0.235619 0.000000
vt 0.000000 0.261799 0.000000
vt 0.300000 0.261799 0.000000
vt 0.000000 0.287979 0.000000
vt 0.300000 0.287979 0.000000
vt 0.000000 0.314159 0.000000
vt 0.300000 0.314159 0.000000
vt 0.050000 0.700000 0.000000
vt -0.000000 0.700000 0.000000
vt 0.050000 0.000000 0.000000
vt -0.000000 0.000000 0.000000
vt 0.050000 0.700000 0.000000
vt -0.000000 0.700000 0.000000
vt 0.050000 0.000000 0.000000
vt -0.000000 0.000000 0.000000
vt -0.050000 -0.700000 0.000000
vt -0.000000 -0.700000 0.000000
vt -0.050000 0.000000 0.000000
vt -0.000000 0.000000 0.000000
vt -0.050000 -0.800000 0.000000
vt -0.000000 -0.800000 0.000000
vt -0.050000 0.000000 0.000000
vt -0.000000 0.000000 0.000000
vt 0.050000 0.800000 0.000000
vt -0.000000 0.800000 0.000000
vt 0.050000 0.000000 0.000000
vt -0.000000 0.000000 0.000000
vt 0.050000 0.800000 0.000000
vt -0.000000 0.800000 0.000000
vt 0.050000 -0.000000 0.000000
vt 0.000000 -0.000000 0.000000
vt -0.050000 -0.800000 0.000000
vt -0.000000 -0.800000 0.000000
vt -0.050000 0.000000 0.000000
vt -0.000000 0.000000 0.000000
vt -0.050000 -0.700000 0.000000
vt -0.000000 -0.700000 0.000000
vt -0.050000 0.000000 0.000000
vt -0.000000 0.000000 0.000000
vt -1.400000 0.200000 0.000000
vt -1.350000 0.950000 0.000000
vt -1.400000 1.000000 0.000000
vt -0.650000 0.950000 0.000000
vt -0.600000 1.000000 0.000000
vt -0.600000 0.200000 0.000000
vt -0.650000 0.250000 0.000000
vt -1.350000 0.250000 0.000000
vt -1.350000 0.950000 0.000000
vt -0.950330 0.863366 0.000000
vt -0.650000 0.950000 0.000000
vt -0.908994 0.863366 0.000000
vt -0.908994 0.340000 0.000000
vt -1.350000 0.250000 0.000000
vt -1.101006 0.670687 0.000000
vt -1.101006 0.732557 0.000000
vt -1.050679 0.760385 0.000000
vt -0.972998 0.340000 0.000000
vt -0.650000 0.250000 0.000000
vt -0.972998 0.747758 0.000000
vt -0.999790 0.725769 0.000000
vt -1.033756 0.703704 0.000000
vt -1.069326 0.684402 0.000000
vt -1.007145 0.793617 0.000000
vt -0.972885 0.829042 0.000000
vt 0.050000 0.064004 0.000000
vt -0.000000 0.064004 0.000000
vt 0.050000 0.000000 0.000000
vt -0.000000 0.000000 0.000000
vt 0.050000 0.523366 0.000000
vt -0.000000 0.523366 0.000000
vt 0.050000 0.000000 0.000000
vt -0.000000 0.000000 0.000000
vt -0.050000 -0.041336 0.000000
vt -0.000000 -0.041336 0.000000
vt -0.050000 0.000000 0.000000
vt -0.000000 0.000000 0.000000
vt -0.740362 0.050000 0.000000
vt -0.793641 0.050000 0.000000
vt -0.740362 0.000000 0.000000
vt -0.793641 0.000000 0.000000
vt -0.846919 0.050000 0.000000
vt -0.846919 0.000000 0.000000
vt -0.900197 0.050000 0.000000
vt -0.900197 0.000000 0.000000
vt -0.953475 0.050000 0.000000
vt -0.953475 0.000000 0.000000
vt -0.050000 -0.061870 0.000000
vt -0.000000 -0.061870 0.000000
vt -0.050000 0.000000 0.000000
vt -0.000000 0.000000 0.000000
vt -1.016735 0.050000 0.000000
vt -1.059428 0.050000 0.000000
vt -1.016735 0.000000 0.000000
vt -1.059428 0.000000 0.000000
vt -1.102121 0.050000 0.000000
vt -1.102121 0.000000 0.000000
vt -1.144813 0.050000 0.000000
vt -1.144813 0.000000 0.000000
vt -1.187506 0.050000 0.000000
vt -1.187506 0.000000 0.000000
vt -0.050000 -0.407758 0.000000
vt -0.000000 -0.407758 0.000000
vt -0.050000 0.000000 0.000000
vt -0.000000 0.000000 0.000000
vt 0.034147 -0.453617 0.000000
vt 0.098151 -0.453617 0.000000
vt 0.034147 -0.045859 0.000000
vt 0.098151 0.069748 0.000000
vt 0.056815 0.069748 0.000000
vt 0.034260 0.035424 0.000000
vt 0.000000 0.000000 0.000000
vt 0.007355 -0.067849 0.000000
vt -0.026611 -0.089913 0.000000
vt -0.043534 -0.033232 0.000000
vt -0.062181 -0.109215 0.000000
vt -0.093861 -0.061060 0.000000
vt -0.093861 -0.122930 0.000000
vn 0.965926 -0.258819 0.000000
vn 0.965926 -0.258819 0.000000
vn 1.000000 -0.000000 0.000000
vn 1.000000 -0.000000 0.000000
vn 0.965926 0.258819 0.000000
vn 0.965926 0.258819 0.000000
vn 0.866025 0.500000 0.000000
vn 0.866025 0.500000 0.000000
vn 0.707107 0.707107 0.000000
vn 0.707107 0.707107 0.000000
vn 0.500000 0.866025 0.000000
vn 0.500000 0.866025 0.000000
vn 0.258819 0.965926 0.000000
vn 0.258819 0.965926 0.000000
vn -0.000000 1.000000 0.000000
vn -0.000000 1.000000 0.000000
vn -0.258819 0.965926 0.000000
vn -0.258819 0.965926 0.000000
vn -0.500000 0.866025 0.000000
vn -0.500000 0.866025 0.000000
vn -0.707107 0.707107 0.000000
vn -0.707107 0.707107 0.000000
vn -0.866025 0.500000 0.000000
vn -0.866025 0.500000 0.000000
vn -0.965926 0.258819 0.000000
vn -0.965926 0.258819 0.000000
vn -1.000000 -0.000000 -0.000000
vn -1.000000 -0.000000 -0.000000
vn -0.965926 -0.258819 -0.000000
vn -0.965926 -0.258819 -0.000000
vn -0.866025 -0.500000 -0.000000
vn -0.866025 -0.500000 -0.000000
vn -0.707107 -0.707107 -0.000000
vn -0.707107 -0.707107 -0.000000
vn -0.500000 -0.866025 -0.000000
vn -0.500000 -0.866025 -0.000000
vn -0.258819 -0.965926 -0.000000
vn -0.258819 -0.965926 -0.000000
vn -0.000000 -1.000000 -0.000000
vn -0.000000 -1.000000 -0.000000
vn 0.258819 -0.965926 0.000000
vn 0.258819 -0.965926 0.000000
vn 0.500000 -0.866025 0.000000
vn 0.500000 -0.866025 0.000000
vn 0.707107 -0.707107 0.000000
vn 0.707107 -0.707107 0.000000
vn 0.866025 -0.500000 0.000000
vn 0.866025 -0.500000 0.000000
vn 0.965926 -0.258819 0.000000
vn 0.965926 -0.258819 0.000000
vn 1.000000 -0.000000 0.000000
vn 1.000000 -0.000000 0.000000
vn 0.965926 0.258819 0.000000
vn 0.965926 0.258819 0.000000
vn 0.866025 0.500000 0.000000
vn 0.866025 0.500000 0.000000
vn 0.707107 0.707107 0.000000
vn 0.707107 0.707107 0.000000
vn 0.500000 0.866025 0.000000
vn 0.500000 0.866025 0.000000
vn 0.258819 0.965926 0.000000
vn 0.258819 0.965926 0.000000
vn -0.000000 1.000000 0.000000
vn -0.000000 1.000000 0.000000
vn -0.258819 0.965926 0.000000
vn -0.258819 0.965926 0.000000
vn -0.500000 0.866025 0.000000
vn -0.500000 0.866025 0.000000
vn -0.707107 0.707107 0.000000
vn -0.707107 0.707107 0.000000
vn -0.866025 0.500000 0.000000
vn -0.866025 0.500000 0.000000
vn -0.965926 0.258819 0.000000
vn -0.965926 0.258819 0.000000
vn -1.000000 -0.000000 -0.000000
vn -1.000000 -0.000000 -0.000000
vn -0.965926 -0.258819 -0.000000
vn -0.965926 -0.258819 -0.000000
vn -0.866025 -0.500000 -0.000000
vn -0.866025 -0.500000 -0.000000
vn -0.707107 -0.707107 -0.000000
vn -0.707107 -0.707107 -0.000000
vn -0.500000 -0.866025 -0.000000
vn -0.500000 -0.866025 -0.000000
vn -0.258819 -0.965926 -0.000000
vn -0.258819 -0.965926 -0.000000
vn -0.000000 -1.000000 -0.000000
vn -0.000000 -1.000000 -0.000000
vn 0.258819 -0.965926 0.000000
vn 0.258819 -0.965926 0.000000
vn 0.500000 -0.866025 0.000000
vn 0.500000 -0.866025 0.000000
vn 0.707107 -0.707107 0.000000
vn 0.707107 -0.707107 0.000000
vn 0.866025 -0.500000 0.000000
vn 0.866025 -0.500000 0.000000
vn 0.965926 -0.258819 0.000000
vn 0.965926 -0.258819 0.000000
vn 1.000000 -0.000000 0.000000
vn 1.000000 -0.000000 0.000000
vn 0.965926 0.258819 0.000000
vn 0.965926 0.258819 0.000000
vn 0.866025 0.500000 0.000000
vn 0.866025 0.500000 0.000000
vn 0.707107 0.707107 0.000000
vn 0.707107 0.707107 0.000000
vn 0.500000 0.866025 0.000000
vn 0.500000 0.866025 0.000000
vn 0.258819 0.965926 0.000000
vn 0.258819 0.965926 0.000000
vn -0.000000 1.000000 0.000000
vn -0.000000 1.000000 0.000000
vn -0.258819 0.965926 0.000000
vn -0.258819 0.965926 0.000000
vn -0.500000 0.866025 0.000000
vn -0.500000 0.866025 0.000000
vn -0.707107 0.707107 0.000000
vn -0.707107 0.707107 0.000000
vn -0.866025 0.500000 0.000000
vn -0.866025 0.500000 0.000000
vn -0.965926 0.258819 0.000000
vn -0.965926 0.258819 0.000000
vn -1.000000 -0.000000 -0.000000
vn -1.000000 -0.000000 -0.000000
vn -0.965926 -0.258819 -0.000000
vn -0.965926 -0.258819 -0.000000
vn -0.866025 -0.500000 -0.000000
vn -0.866025 -0.500000 -0.000000
vn -0.707107 -0.707107 -0.000000
vn -0.707107 -0.707107 -0.000000
vn -0.500000 -0.866025 -0.000000
vn -0.500000 -0.866025 -0.000000
vn -0.258819 -0.965926 -0.000000
vn -0.258819 -0.965926 -0.000000
vn -0.000000 -1.000000 -0.000000
vn -0.000000 -1.000000 -0.000000
vn 0.258819 -0.965926 0.000000
vn 0.258819 -0.965926 0.000000
vn 0.500000 -0.866025 0.000000
vn 0.500000 -0.866025 0.000000
vn 0.707107 -0.707107 0.000000
vn 0.707107 -0.707107 0.000000
vn 0.866025 -0.500000 0.000000
vn 0.866025 -0.500000 0.000000
vn -0.000000 -0.000000 1.000000
vn -0.000000 -0.000000 1.000000
vn -0.000000 -0.000000 1.000000
vn -0.000000 -0.000000 1.000000
vn -0.000000 -0.000000 1.000000
vn -0.000000 -0.000000 1.000000
vn -0.000000 -0.000000 1.000000
vn -0.000000 -0.000000 1.000000
vn -0.000000 -0.000000 1.000000
vn -0.000000 -0.000000 1.000000
vn -0.000000 -0.000000 1.000000
vn -0.000000 -0.000000 1.000000
vn -0.000000 -0.000000 1.000000
vn -0.000000 -0.000000 1.000000
vn -0.000000 -0.000000 1.000000
vn -0.000000 -0.000000 1.000000
vn -0.000000 -0.000000 1.000000
vn -0.000000 -0.000000 1.000000
vn -0.000000 -0.000000 1.000000
vn -0.000000 -0.000000 1.000000
vn -0.000000 -0.000000 1.000000
vn -0.000000 -0.000000 1.000000
vn -0.000000 -0.000000 1.000000
vn -0.000000 -0.000000 1.000000
vn -0.000000 -0.000000 1.000000
vn -0.000000 -0.000000 1.000000
vn -0.000000 -0.000000 1.000000
vn -0.000000 -0.000000 1.000000
vn -0.000000 -0.000000 1.000000
vn -0.000000 -0.000000 1.000000
vn -0.000000 -0.000000 1.000000
vn -0.000000 -0.000000 1.000000
vn -0.000000 -0.000000 1.000000
vn -0.000000 -0.000000 1.000000
vn -0.000000 -0.000000 1.000000
vn -0.000000 -0.000000 1.000000
vn -0.000000 -0.000000 1.000000
vn -0.000000 -0.000000 1.000000
vn -0.000000 -0.000000 1.000000
vn -0.000000 -0.000000 1.000000
vn -0.000000 -0.000000 1.000000
vn -0.000000 -0.000000 1.000000
vn -0.000000 -0.000000 1.000000
vn -0.000000 -0.000000 1.000000
vn -0.000000 -0.000000 1.000000
vn -0.000000 -0.000000 1.000000
vn -0.000000 -0.000000 1.000000
vn -0.000000 -0.000000 1.000000
vn -0.000000 -0.000000 1.000000
vn -0.000000 -0.000000 1.000000
vn -0.000000 -0.000000 1.000000
vn -0.000000 -0.000000 1.000000
vn -0.000000 -0.000000 1.000000
vn -0.000000 -0.000000 1.000000
vn -0.000000 -0.000000 1.000000
vn -0.000000 -0.000000 1.000000
vn -0.000000 -0.000000 1.000000
vn -0.000000 -0.000000 1.000000
vn -0.000000 -0.000000 1.000000
vn -0.000000 -0.000000 1.000000
vn -0.000000 -0.000000 1.000000
vn -0.000000 -0.000000 1.000000
vn -0.000000 -0.000000 1.000000
vn -0.000000 -0.000000 1.000000
vn -0.000000 -0.000000 1.000000
vn -0.000000 -0.000000 1.000000
vn -0.000000 -0.000000 1.000000
vn -0.000000 -0.000000 1.000000
vn -0.000000 -0.000000 1.000000
vn -0.000000 -0.000000 1.000000
vn -0.000000 -0.000000 1.000000
vn -0.000000 -0.000000 1.000000
vn -0.000000 -0.000000 1.000000
vn -0.000000 -0.000000 1.000000
vn -0.000000 -0.000000 1.000000
vn -0.000000 -0.000000 1.000000
vn -0.000000 -0.000000 1.000000
vn -0.000000 -0.000000 1.000000
vn -0.000000 -0.000000 1.000000
vn -0.000000 -0.000000 1.000000
vn -0.000000 -0.000000 1.000000
vn -0.000000 -0.000000 1.000000
vn -0.000000 -0.000000 1.000000
vn -0.000000 -0.000000 1.000000
vn -0.000000 -0.000000 1.000000
vn -0.000000 -0.000000 1.000000
vn -0.000000 -0.000000 1.000000
vn -0.000000 -0.000000 1.000000
vn -0.000000 -0.000000 1.000000
vn -0.000000 -0.000000 1.000000
vn -0.000000 -0.000000 1.000000
vn -0.000000 -0.000000 1.000000
vn -0.000000 -0.000000 1.000000
vn -0.000000 -0.000000 1.000000
vn -0.000000 -0.000000 1.000000
vn -0.000000 -0.000000 1.000000
vn -0.000000 -0.000000 1.000000
vn -0.000000 -0.000000 1.000000
vn -0.000000 -0.000000 1.000000
vn -0.000000 -0.000000 1.000000
vn -0.000000 -0.000000 1.000000
vn -0.000000 -0.000000 1.000000
vn -0.000000 -0.000000 1.000000
vn -0.000000 -0.000000 1.000000
vn -0.000000 -0.000000 1.000000
vn -0.000000 -0.000000 1.000000
vn -0.000000 -0.000000 1.000000
vn -0.000000 -0.000000 1.000000
vn -0.000000 -0.000000 1.000000
vn -0.000000 -0.000000 1.000000
vn -0.000000 -0.000000 1.000000
vn -0.000000 -0.000000 1.000000
vn -0.000000 -0.000000 1.000000
vn -0.000000 -0.000000 1.000000
vn -0.000000 -0.000000 1.000000
vn -0.000000 -0.000000 1.000000
vn -0.000000 -0.000000 1.000000
vn -0.000000 -0.000000 1.000000
vn -0.000000 -0.000000 1.000000
vn -0.000000 -0.000000 1.000000
vn -0.000000 -0.000000 1.000000
vn -0.000000 -0.000000 1.000000
vn -0.000000 -0.000000 1.000000
vn -0.000000 -0.000000 1.000000
vn -0.000000 -0.000000 1.000000
vn -0.000000 -0.000000 1.000000
vn -0.000000 -0.000000 1.000000
vn -0.000000 -0.000000 1.000000
vn -0.000000 -0.000000 1.000000
vn -0.000000 -0.000000 1.000000
vn -0.000000 -0.000000 1.000000
vn -0.000000 -0.000000 1.000000
vn -0.000000 -0.000000 1.000000
vn -0.000000 -0.000000 1.000000
vn -0.000000 -0.000000 1.000000
vn -0.000000 -0.000000 1.000000
vn -0.000000 -0.000000 1.000000
vn -0.000000 -0.000000 1.000000
vn -0.000000 -0.000000 1.000000
vn -0.000000 -0.000000 1.000000
vn -0.000000 -0.000000 1.000000
vn -0.000000 -0.000000 1.000000
vn -0.000000 -0.000000 1.000000
vn -0.000000 -0.000000 1.000000
vn -0.000000 -0.000000 1.000000
vn -0.000000 -0.000000 1.000000
vn -0.000000 -0.000000 1.000000
vn -0.000000 -0.000000 1.000000
vn -0.000000 -0.000000 1.000000
vn -0.000000 -0.000000 1.000000
vn -0.000000 -0.000000 1.000000
vn -0.000000 -0.000000 1.000000
vn -0.000000 -0.000000 1.000000
vn -0.000000 -0.000000 1.000000
vn -0.000000 -0.000000 1.000000
vn -0.000000 -0.000000 1.000000
vn -0.000000 -0.000000 1.000000
vn -0.000000 -0.000000 1.000000
vn -0.000000 -0.000000 1.000000
vn -0.000000 -0.000000 1.000000
vn -0.000000 -0.000000 1.000000
vn -0.000000 -0.000000 1.000000
vn -0.000000 -0.000000 1.000000
vn -0.000000 -0.000000 1.000000
vn -0.000000 -0.000000 1.000000
vn -0.000000 -0.000000 1.000000
vn -0.000000 -0.000000 1.000000
vn -0.000000 -0.000000 1.000000
vn -0.000000 -0.000000 1.000000
vn -0.000000 -0.000000 1.000000
vn -0.000000 -0.000000 1.000000
vn -0.000000 -0.000000 1.000000
vn -0.000000 -0.000000 1.000000
vn -0.000000 -0.000000 1.000000
vn -0.000000 -0.000000 1.000000
vn -0.000000 -0.000000 1.000000
vn -0.000000 -0.000000 1.000000
vn -0.000000 -0.000000 1.000000
vn -0.000000 -0.000000 1.000000
vn -0.000000 -0.000000 1.000000
vn -0.000000 -0.000000 1.000000
vn -0.000000 -0.000000 1.000000
vn -0.000000 -0.000000 1.000000
vn -0.000000 -0.000000 1.000000
vn -0.000000 -0.000000 1.000000
vn -0.000000 -0.000000 1.000000
vn -0.000000 -0.000000 1.000000
vn -0.000000 -0.000000 1.000000
vn -0.000000 -0.000000 1.000000
vn -0.000000 -0.000000 1.000000
vn -0.000000 -0.000000 1.000000
vn -0.000000 -0.000000 1.000000
vn -0.000000 -0.000000 1.000000
vn -0.000000 -0.000000 1.000000
vn -0.000000 -0.000000 1.000000
vn -0.000000 -0.000000 1.000000
vn -0.000000 -0.000000 1.000000
vn -0.000000 -0.000000 1.000000
vn -0.000000 -0.000000 1.000000
vn -0.000000 -0.000000 1.000000
vn -0.000000 -0.000000 1.000000
vn -0.000000 -0.000000 1.000000
vn -0.000000 -0.000000 1.000000
vn -0.000000 -0.000000 1.000000
vn -0.000000 -0.000000 1.000000
vn -0.000000 -0.000000 1.000000
vn -0.000000 -0.000000 1.000000
vn -0.000000 -0.000000 1.000000
vn -0.000000 -0.000000 1.000000
vn -0.000000 -0.000000 1.000000
vn -0.000000 -0.000000 1.000000
vn -0.000000 -0.000000 1.000000
vn -0.000000 -0.000000 1.000000
vn -0.000000 -0.000000 1.000000
vn -0.000000 -0.000000 1.000000
vn -0.000000 -0.000000 1.000000
vn -0.000000 -0.000000 1.000000
vn -0.000000 -0.000000 1.000000
vn -0.000000 -0.000000 1.000000
vn -0.000000 -0.000000 1.000000
vn -0.000000 -0.000000 1.000000
vn -0.000000 -0.000000 1.000000
vn -0.000000 -0.000000 1.000000
vn -0.000000 -0.000000 1.000000
vn -0.000000 -0.000000 1.000000
vn -0.000000 -0.000000 1.000000
vn -0.000000 -0.000000 1.000000
vn -0.000000 -0.000000 1.000000
vn -0.000000 -0.000000 1.000000
vn -0.000000 -0.000000 1.000000
vn -0.000000 -0.000000 1.000000
vn -0.000000 -0.000000 1.000000
vn -0.000000 -0.000000 1.000000
vn -0.000000 -0.000000 1.000000
vn -0.000000 -0.000000 1.000000
vn -0.000000 -0.000000 1.000000
vn -0.000000 -0.000000 1.000000
vn -0.000000 -0.000000 1.000000
vn -0.000000 -0.000000 1.000000
vn -0.000000 -0.000000 1.000000
vn -0.000000 -0.000000 1.000000
vn -0.000000 -0.000000 1.000000
vn -0.000000 -0.000000 1.000000
vn -0.000000 -0.000000 1.000000
vn -0.000000 -0.000000 1.000000
vn -0.000000 -0.000000 1.000000
vn -0.000000 -0.000000 1.000000
vn -0.000000 -0.000000 1.000000
vn -0.000000 -0.000000 1.000000
vn -0.000000 -0.000000 1.000000
vn -0.000000 -0.000000 1.000000
vn -0.000000 -0.000000 1.000000
vn -0.000000 -0.000000 1.000000
vn -0.000000 -0.000000 1.000000
vn -0.000000 -0.000000 1.000000
vn -0.000000 -0.000000 1.000000
vn -0.000000 -0.000000 1.000000
vn -0.000000 -0.000000 1.000000
vn -0.000000 -0.000000 1.000000
vn -0.000000 -0.000000 1.000000
vn -0.000000 -0.000000 1.000000
vn -0.000000 -0.000000 1.000000
vn -0.000000 -0.000000 1.000000
vn -0.000000 -0.000000 1.000000
vn -0.000000 -0.000000 1.000000
vn -0.000000 -0.000000 1.000000
vn -0.000000 -0.000000 1.000000
vn -0.000000 -0.000000 1.000000
vn -0.000000 -0.000000 1.000000
vn -0.000000 -0.000000 1.000000
vn -0.000000 -0.000000 1.000000
vn -0.000000 -0.000000 1.000000
vn -0.000000 -0.000000 1.000000
vn -0.000000 -0.000000 1.000000
vn -0.000000 -0.000000 1.000000
vn -0.000000 -0.000000 1.000000
vn -0.000000 -0.000000 1.000000
vn -0.000000 -0.000000 1.000000
vn -0.000000 -0.000000 1.000000
vn -0.000000 -0.000000 1.000000
vn -0.000000 -0.000000 1.000000
vn -0.000000 -0.000000 1.000000
vn -0.000000 -0.000000 1.000000
vn -0.000000 -0.000000 1.000000
vn -0.000000 -0.000000 1.000000
vn -0.000000 -0.000000 1.000000
vn -0.000000 -0.000000 1.000000
vn -0.000000 -0.000000 1.000000
vn -0.000000 -0.000000 1.000000
vn -0.000000 -0.000000 1.000000
vn -0.000000 -0.000000 1.000000
vn -0.000000 -0.000000 1.000000
vn -0.000000 -0.000000 1.000000
vn -0.000000 -0.000000 1.000000
vn -0.000000 -0.000000 1.000000
vn -0.000000 -0.000000 1.000000
vn -0.000000 -0.000000 1.000000
vn -0.000000 -0.000000 1.000000
vn -0.000000 -0.000000 1.000000
vn -0.000000 -0.000000 1.000000
vn -0.000000 -0.000000 1.000000
vn -0.000000 -0.000000 1.000000
vn -0.000000 -0.000000 1.000000
vn -0.000000 -0.000000 1.000000
vn -0.000000 -0.000000 1.000000
vn -0.000000 -0.000000 1.000000
vn -0.000000 -0.000000 1.000000
vn -0.000000 -0.000000 1.000000
vn -0.000000 -0.000000 1.000000
vn -0.000000 -0.000000 1.000000
vn -0.000000 -0.000000 1.000000
vn -0.000000 -0.000000 1.000000
vn -0.000000 -0.000000 1.000000
vn -0.000000 -0.000000 1.000000
vn -0.000000 -0.000000 1.000000
vn -0.000000 -0.000000 1.000000
vn -0.000000 -0.000000 1.000000
vn -0.000000 -0.000000 1.000000
vn -0.000000 -0.000000 1.000000
vn -0.000000 -0.000000 1.000000
vn -0.000000 -0.000000 1.000000
vn -0.000000 -0.000000 1.000000
vn -0.000000 -0.000000 1.000000
vn -0.000000 -0.000000 1.000000
vn -0.000000 -0.000000 1.000000
vn -0.000000 -0.000000 1.000000
vn -0.000000 -0.000000 1.000000
vn -0.000000 -0.000000 1.000000
vn -0.000000 -0.000000 1.000000
vn -0.000000 -0.000000 1.000000
vn -0.000000 -0.000000 1.000000
vn -0.000000 -0.000000 1.000000
vn -0.000000 -0.000000 1.000000
vn -0.000000 -0.000000 1.000000
vn -0.000000 -0.000000 1.000000
vn -0.000000 -0.000000 1.000000
vn -0.000000 -0.000000 1.000000
vn -0.000000 -0.000000 1.000000
vn -0.000000 -0.000000 1.000000
vn -0.000000 -0.000000 1.000000
vn -0.000000 -0.000000 1.000000
vn -0.000000 -0.000000 1.000000
vn -0.000000 -0.000000 1.000000
vn -0.000000 -0.000000 1.000000
vn -0.000000 -0.000000 1.000000
vn -0.000000 -0.000000 1.000000
vn -0.000000 -0.000000 1.000000
vn -0.000000 -0.000000 1.000000
vn -0.000000 -0.000000 1.000000
vn -0.000000 -0.000000 1.000000
vn -0.000000 -0.000000 1.000000
vn -0.000000 -0.000000 1.000000
vn -0.000000 -0.000000 1.000000
vn -0.000000 -0.000000 1.000000
vn -0.000000 -0.000000 1.000000
vn -0.000000 -0.000000 1.000000
vn -0.000000 -0.000000 1.000000
vn -0.000000 -0.000000 1.000000
vn -0.000000 -0.000000 1.000000
vn -0.000000 -0.000000 1.000000
vn -0.000000 -0.000000 1.000000
vn -0.000000 -0.000000 1.000000
vn -0.000000 -0.000000 1.000000
vn -0.000000 -0.000000 1.000000
vn -0.000000 -0.000000 1.000000
vn -0.000000 -0.000000 1.000000
vn -0.000000 -0.000000 1.000000
vn -0.000000 -0.000000 1.000000
vn -0.000000 -0.000000 1.000000
vn -0.000000 -0.000000 1.000000
vn -0.000000 -0.000000 1.000000
vn -0.000000 -0.000000 1.000000
vn -0.000000 -0.000000 1.000000
vn -0.000000 -0.000000 1.000000
vn -0.000000 -0.000000 1.000000
vn -0.000000 -0.000000 1.000000
vn -0.000000 -0.000000 1.000000
vn -0.000000 -0.000000 1.000000
vn -0.000000 -0.000000 1.000000
vn -0.000000 -0.000000 1.000000
vn -0.000000 -0.000000 1.000000
vn -0.000000 -0.000000 1.000000
vn -0.000000 -0.000000 1.000000
vn -0.000000 -0.000000 1.000000
vn -0.000000 -0.000000 1.000000
vn -0.000000 -0.000000 1.000000
vn -0.000000 -0.000000 1.000000
vn -0.000000 -0.000000 1.000000
vn -0.000000 -0.000000 1.000000
vn -0.000000 -0.000000 1.000000
vn -0.000000 -0.000000 1.000000
vn -0.000000 -0.000000 1.000000
vn -0.000000 -0.000000 1.000000
vn -0.000000 -0.000000 1.000000
vn 0.000000 0.000000 -1.000000
vn 0.000000 0.000000 -1.000000
vn 0.000000 0.000000 -1.000000
vn 0.000000 0.000000 -1.000000
vn 0.000000 0.000000 -1.000000
vn 0.000000 0.000000 -1.000000
vn 0.000000 0.000000 -1.000000
vn 0.000000 0.000000 -1.000000
vn 0.000000 0.000000 -1.000000
vn 0.000000 0.000000 -1.000000
vn 0.000000 0.000000 -1.000000
vn 0.000000 0.000000 -1.000000
vn 0.000000 0.000000 -1.000000
vn 0.000000 0.000000 -1.000000
vn 0.000000 0.000000 -1.000000
vn 0.000000 0.000000 -1.000000
vn 0.000000 0.000000 -1.000000
vn 0.000000 0.000000 -1.000000
vn 0.000000 0.000000 -1.000000
vn 0.000000 0.000000 -1.000000
vn 0.000000 0.000000 -1.000000
vn 0.000000 0.000000 -1.000000
vn 0.000000 0.000000 -1.000000
vn 0.000000 0.000000 -1.000000
vn 0.000000 0.000000 -1.000000
vn 0.000000 0.000000 -1.000000
vn 0.000000 0.000000 -1.000000
vn 0.000000 0.000000 -1.000000
vn 0.000000 0.000000 -1.000000
vn 0.000000 0.000000 -1.000000
vn 0.000000 0.000000 -1.000000
vn 0.000000 0.000000 -1.000000
vn 0.000000 0.000000 -1.000000
vn 0.000000 0.000000 -1.000000
vn 0.000000 0.000000 -1.000000
vn 0.000000 0.000000 -1.000000
vn 0.000000 0.000000 -1.000000
vn 0.000000 0.000000 -1.000000
vn 0.000000 0.000000 -1.000000
vn 0.000000 0.000000 -1.000000
vn 0.000000 0.000000 -1.000000
vn 0.000000 0.000000 -1.000000
vn 0.000000 0.000000 -1.000000
vn 0.000000 0.000000 -1.000000
vn 0.000000 0.000000 -1.000000
vn 0.000000 0.000000 -1.000000
vn 0.000000 0.000000 -1.000000
vn 0.000000 0.000000 -1.000000
vn 0.000000 0.000000 -1.000000
vn 0.000000 0.000000 -1.000000
vn 0.000000 0.000000 -1.000000
vn 0.000000 0.000000 -1.000000
vn 0.000000 0.000000 -1.000000
vn 0.000000 0.000000 -1.000000
vn 0.000000 0.000000 -1.000000
vn 0.000000 0.000000 -1.000000
vn 0.000000 0.000000 -1.000000
vn 0.000000 0.000000 -1.000000
vn 0.000000 0.000000 -1.000000
vn 0.000000 0.000000 -1.000000
vn 0.000000 0.000000 -1.000000
vn 0.000000 0.000000 -1.000000
vn 0.000000 0.000000 -1.000000
vn 0.000000 0.000000 -1.000000
vn 0.000000 0.000000 -1.000000
vn 0.000000 0.000000 -1.000000
vn 0.000000 0.000000 -1.000000
vn 0.000000 0.000000 -1.000000
vn 0.000000 0.000000 -1.000000
vn 0.000000 0.000000 -1.000000
vn 0.000000 0.000000 -1.000000
vn 0.000000 0.000000 -1.000000
vn 0.000000 0.000000 -1.000000
vn 0.000000 0.000000 -1.000000
vn 0.000000 0.000000 -1.000000
vn 0.000000 0.000000 -1.000000
vn 0.000000 0.000000 -1.000000
vn 0.000000 0.000000 -1.000000
vn 0.000000 0.000000 -1.000000
vn 0.000000 0.000000 -1.000000
vn 0.000000 0.000000 -1.000000
vn 0.000000 0.000000 -1.000000
vn 0.000000 0.000000 -1.000000
vn 0.000000 0.000000 -1.000000
vn 0.000000 0.000000 -1.000000
vn 0.000000 0.000000 -1.000000
vn 0.000000 0.000000 -1.000000
vn 0.000000 0.000000 -1.000000
vn 0.000000 0.000000 -1.000000
vn 0.000000 0.000000 -1.000000
vn 0.000000 0.000000 -1.000000
vn 0.000000 0.000000 -1.000000
vn 0.000000 0.000000 -1.000000
vn 0.000000 0.000000 -1.000000
vn 0.000000 0.000000 -1.000000
vn 0.000000 0.000000 -1.000000
vn 0.000000 0.000000 -1.000000
vn 0.000000 0.000000 -1.000000
vn 0.000000 0.000000 -1.000000
vn 0.000000 0.000000 -1.000000
vn 0.000000 0.000000 -1.000000
vn 0.000000 0.000000 -1.000000
vn 0.000000 0.000000 -1.000000
vn 0.000000 0.000000 -1.000000
vn 0.000000 0.000000 -1.000000
vn 0.000000 0.000000 -1.000000
vn 0.000000 0.000000 -1.000000
vn 0.000000 0.000000 -1.000000
vn 0.000000 0.000000 -1.000000
vn 0.000000 0.000000 -1.000000
vn 0.000000 0.000000 -1.000000
vn 0.000000 0.000000 -1.000000
vn 0.000000 0.000000 -1.000000
vn 0.000000 0.000000 -1.000000
vn 0.000000 0.000000 -1.000000
vn 0.000000 0.000000 -1.000000
vn 0.000000 0.000000 -1.000000
vn 0.000000 0.000000 -1.000000
vn 0.000000 0.000000 -1.000000
vn 0.000000 0.000000 -1.000000
vn 0.000000 0.000000 -1.000000
vn 0.000000 0.000000 -1.000000
vn 0.000000 0.000000 -1.000000
vn 0.000000 0.000000 -1.000000
vn 0.000000 0.000000 -1.000000
vn 0.000000 0.000000 -1.000000
vn 0.000000 0.000000 -1.000000
vn 0.000000 0.000000 -1.000000
vn 0.000000 0.000000 -1.000000
vn 0.000000 0.000000 -1.000000
vn 0.000000 0.000000 -1.000000
vn 0.000000 0.000000 -1.000000
vn 0.000000 0.000000 -1.000000
vn 0.000000 0.000000 -1.000000
vn 0.000000 0.000000 -1.000000
vn 0.000000 0.000000 -1.000000
vn 0.000000 0.000000 -1.000000
vn 0.000000 0.000000 -1.000000
vn 0.000000 0.000000 -1.000000
vn 0.000000 0.000000 -1.000000
vn 0.000000 0.000000 -1.000000
vn 0.000000 0.000000 -1.000000
vn 0.000000 0.000000 -1.000000
vn 0.000000 0.000000 -1.000000
vn 0.000000 0.000000 -1.000000
vn 0.000000 0.000000 -1.000000
vn 0.000000 0.000000 -1.000000
vn 0.000000 0.000000 -1.000000
vn 0.000000 0.000000 -1.000000
vn 0.000000 0.000000 -1.000000
vn 0.000000 0.000000 -1.000000
vn 0.000000 0.000000 -1.000000
vn 0.000000 0.000000 -1.000000
vn 0.000000 0.000000 -1.000000
vn 0.000000 0.000000 -1.000000
vn 0.000000 0.000000 -1.000000
vn 0.000000 0.000000 -1.000000
vn 0.000000 0.000000 -1.000000
vn 0.000000 0.000000 -1.000000
vn 0.000000 0.000000 -1.000000
vn 0.000000 0.000000 -1.000000
vn 0.000000 0.000000 -1.000000
vn 0.000000 0.000000 -1.000000
vn 0.000000 0.000000 -1.000000
vn 0.000000 0.000000 -1.000000
vn 0.000000 0.000000 -1.000000
vn 0.000000 0.000000 -1.000000
vn 0.000000 0.000000 -1.000000
vn 0.000000 0.000000 -1.000000
vn 0.000000 0.000000 -1.000000
vn 0.000000 0.000000 -1.000000
vn 0.000000 0.000000 -1.000000
vn 0.000000 0.000000 -1.000000
vn 0.000000 0.000000 -1.000000
vn 0.000000 0.000000 -1.000000
vn 0.000000 0.000000 -1.000000
vn 0.000000 0.000000 -1.000000
vn 0.000000 0.000000 -1.000000
vn 0.000000 0.000000 -1.000000
vn 0.000000 0.000000 -1.000000
vn 0.000000 0.000000 -1.000000
vn 0.000000 0.000000 -1.000000
vn 0.000000 0.000000 -1.000000
vn 0.000000 0.000000 -1.000000
vn 0.000000 0.000000 -1.000000
vn 0.000000 0.000000 -1.000000
vn 0.000000 0.000000 -1.000000
vn 0.000000 0.000000 -1.000000
vn 0.000000 0.000000 -1.000000
vn 0.000000 0.000000 -1.000000
vn 0.000000 0.000000 -1.000000
vn 0.000000 0.000000 -1.000000
vn 0.000000 0.000000 -1.000000
vn 0.000000 0.000000 -1.000000
vn 0.000000 0.000000 -1.000000
vn 0.000000 0.000000 -1.000000
vn 0.000000 0.000000 -1.000000
vn 0.000000 0.000000 -1.000000
vn 0.000000 0.000000 -1.000000
vn 0.000000 0.000000 -1.000000
vn 0.000000 0.000000 -1.000000
vn 0.000000 0.000000 -1.000000
vn 0.000000 0.000000 -1.000000
vn 0.000000 0.000000 -1.000000
vn 0.000000 0.000000 -1.000000
vn 0.000000 0.000000 -1.000000
vn 0.000000 0.000000 -1.000000
vn 0.000000 0.000000 -1.000000
vn 0.000000 0.000000 -1.000000
vn 0.000000 0.000000 -1.000000
vn 0.000000 0.000000 -1.000000
vn 0.000000 0.000000 -1.000000
vn 0.000000 0.000000 -1.000000
vn 0.000000 0.000000 -1.000000
vn 0.000000 0.000000 -1.000000
vn 0.000000 0.000000 -1.000000
vn 0.000000 0.000000 -1.000000
vn 0.000000 0.000000 -1.000000
vn 0.000000 0.000000 -1.000000
vn 0.000000 0.000000 -1.000000
vn 0.000000 0.000000 -1.000000
vn 0.000000 0.000000 -1.000000
vn 0.000000 0.000000 -1.000000
vn 0.000000 0.000000 -1.000000
vn 0.000000 0.000000 -1.000000
vn 0.000000 0.000000 -1.000000
vn 0.000000 0.000000 -1.000000
vn 0.000000 0.000000 -1.000000
vn 0.000000 0.000000 -1.000000
vn 0.000000 0.000000 -1.000000
vn 0.000000 0.000000 -1.000000
vn 0.000000 0.000000 -1.000000
vn 0.000000 0.000000 -1.000000
vn 0.000000 0.000000 -1.000000
vn 0.000000 0.000000 -1.000000
vn 0.000000 0.000000 -1.000000
vn 0.000000 0.000000 -1.000000
vn 0.000000 0.000000 -1.000000
vn 0.000000 0.000000 -1.000000
vn 0.000000 0.000000 -1.000000
vn 0.000000 0.000000 -1.000000
vn 0.000000 0.000000 -1.000000
vn 0.000000 0.000000 -1.000000
vn 0.000000 0.000000 -1.000000
vn 0.000000 0.000000 -1.000000
vn 0.000000 0.000000 -1.000000
vn 0.000000 0.000000 -1.000000
vn 0.000000 0.000000 -1.000000
vn 0.000000 0.000000 -1.000000
vn 0.000000 0.000000 -1.000000
vn 0.000000 0.000000 -1.000000
vn 0.000000 0.000000 -1.000000
vn 0.000000 0.000000 -1.000000
vn 0.000000 0.000000 -1.000000
vn 0.000000 0.000000 -1.000000
vn 0.000000 0.000000 -1.000000
vn 0.000000 0.000000 -1.000000
vn 0.000000 0.000000 -1.000000
vn 0.000000 0.000000 -1.000000
vn 0.000000 0.000000 -1.000000
vn 0.000000 0.000000 -1.000000
vn 0.000000 0.000000 -1.000000
vn 0.000000 0.000000 -1.000000
vn 0.000000 0.000000 -1.000000
vn 0.000000 0.000000 -1.000000
vn 0.000000 0.000000 -1.000000
vn 0.000000 0.000000 -1.000000
vn 0.000000 0.000000 -1.000000
vn 0.000000 0.000000 -1.000000
vn 0.000000 0.000000 -1.000000
vn 0.000000 0.000000 -1.000000
vn 0.000000 0.000000 -1.000000
vn 0.000000 0.000000 -1.000000
vn 0.000000 0.000000 -1.000000
vn 0.000000 0.000000 -1.000000
vn 0.000000 0.000000 -1.000000
vn 0.000000 0.000000 -1.000000
vn 0.000000 0.000000 -1.000000
vn 0.000000 0.000000 -1.000000
vn 0.000000 0.000000 -1.000000
vn 0.000000 0.000000 -1.000000
vn 0.000000 0.000000 -1.000000
vn 0.000000 0.000000 -1.000000
vn 0.000000 0.000000 -1.000000
vn 0.000000 0.000000 -1.000000
vn 0.000000 0.000000 -1.000000
vn 0.000000 0.000000 -1.000000
vn 0.000000 0.000000 -1.000000
vn 0.000000 0.000000 -1.000000
vn 0.000000 0.000000 -1.000000
vn 0.000000 0.000000 -1.000000
vn 0.000000 0.000000 -1.000000
vn 0.000000 0.000000 -1.000000
vn 0.000000 0.000000 -1.000000
vn 0.000000 0.000000 -1.000000
vn 0.000000 0.000000 -1.000000
vn 0.000000 0.000000 -1.000000
vn 0.000000 0.000000 -1.000000
vn 0.000000 0.000000 -1.000000
vn 0.000000 0.000000 -1.000000
vn 0.000000 0.000000 -1.000000
vn 0.000000 0.000000 -1.000000
vn 0.000000 0.000000 -1.000000
vn 0.000000 0.000000 -1.000000
vn 0.000000 0.000000 -1.000000
vn 0.000000 0.000000 -1.000000
vn 0.000000 0.000000 -1.000000
vn 0.000000 0.000000 -1.000000
vn 0.000000 0.000000 -1.000000
vn 0.000000 0.000000 -1.000000
vn 0.000000 0.000000 -1.000000
vn 0.000000 0.000000 -1.000000
vn 0.000000 0.000000 -1.000000
vn 0.000000 0.000000 -1.000000
vn 0.000000 0.000000 -1.000000
vn 0.000000 0.000000 -1.000000
vn 0.000000 0.000000 -1.000000
vn 0.000000 0.000000 -1.000000
vn 0.000000 0.000000 -1.000000
vn 0.000000 0.000000 -1.000000
vn 0.000000 0.000000 -1.000000
vn 0.000000 0.000000 -1.000000
vn 0.000000 0.000000 -1.000000
vn 0.000000 0.000000 -1.000000
vn 0.000000 0.000000 -1.000000
vn 0.000000 0.000000 -1.000000
vn 0.000000 0.000000 -1.000000
vn 0.000000 0.000000 -1.000000
vn 0.000000 0.000000 -1.000000
vn 0.000000 0.000000 -1.000000
vn 0.000000 0.000000 -1.000000
vn 0.000000 0.000000 -1.000000
vn 0.000000 0.000000 -1.000000
vn 0.000000 0.000000 -1.000000
vn 0.000000 0.000000 -1.000000
vn 0.000000 0.000000 -1.000000
vn 0.000000 0.000000 -1.000000
vn 0.000000 0.000000 -1.000000
vn 0.000000 0.000000 -1.000000
vn 0.000000 0.000000 -1.000000
vn 0.000000 0.000000 -1.000000
vn 0.000000 0.000000 -1.000000
vn 0.000000 0.000000 -1.000000
vn 0.000000 0.000000 -1.000000
vn 0.000000 0.000000 -1.000000
vn 0.000000 0.000000 -1.000000
vn 0.000000 0.000000 -1.000000
vn 0.000000 0.000000 -1.000000
vn 0.000000 0.000000 -1.000000
vn 0.000000 0.000000 -1.000000
vn 0.000000 0.000000 -1.000000
vn 0.000000 0.000000 -1.000000
vn 0.000000 0.000000 -1.000000
vn 0.000000 0.000000 -1.000000
vn 0.000000 0.000000 -1.000000
vn 0.000000 0.000000 -1.000000
vn 0.000000 0.000000 -1.000000
vn 0.000000 0.000000 -1.000000
vn 0.000000 0.000000 -1.000000
vn 0.000000 0.000000 -1.000000
vn 0.000000 0.000000 -1.000000
vn 0.000000 0.000000 -1.000000
vn 0.000000 0.000000 -1.000000
vn 0.000000 0.000000 -1.000000
vn 0.000000 0.000000 -1.000000
vn 0.000000 0.000000 -1.000000
vn 0.000000 0.000000 -1.000000
vn 0.000000 0.000000 -1.000000
vn 0.000000 0.000000 -1.000000
vn 0.000000 0.000000 -1.000000
vn 0.000000 0.000000 -1.000000
vn 0.000000 0.000000 -1.000000
vn 0.000000 0.000000 -1.000000
vn 0.000000 0.000000 -1.000000
vn 0.000000 0.000000 -1.000000
vn 0.000000 0.000000 -1.000000
vn 0.000000 0.000000 -1.000000
vn 0.000000 0.000000 -1.000000
vn 0.000000 0.000000 -1.000000
vn 0.000000 0.000000 -1.000000
vn 0.000000 0.000000 -1.000000
vn 0.000000 0.000000 -1.000000
vn 0.000000 0.000000 -1.000000
vn 0.000000 0.000000 -1.000000
vn 0.000000 0.000000 -1.000000
vn 0.000000 0.000000 -1.000000
vn 0.000000 0.000000 -1.000000
vn 0.000000 0.000000 -1.000000
vn 0.000000 0.000000 -1.000000
vn 0.000000 0.000000 -1.000000
vn 1.000000 0.000000 0.000000
vn 1.000000 0.000000 0.000000
vn 1.000000 0.000000 0.000000
vn 1.000000 0.000000 0.000000
vn 1.000000 0.000000 0.000000
vn 1.000000 0.000000 0.000000
vn 1.000000 0.000000 0.000000
vn 1.000000 0.000000 0.000000
vn -1.000000 0.000000 0.000000
vn -1.000000 0.000000 0.000000
vn -1.000000 0.000000 0.000000
vn -1.000000 0.000000 0.000000
vn -1.000000 0.000000 0.000000
vn -1.000000 0.000000 0.000000
vn -1.000000 0.000000 0.000000
vn -1.000000 0.000000 0.000000
vn 1.000000 0.000000 -0.000000
vn 1.000000 0.000000 -0.000000
vn 1.000000 0.000000 -0.000000
vn 1.000000 0.000000 -0.000000
vn -1.000000 -0.000000 0.000000
vn -1.000000 -0.000000 0.000000
vn -1.000000 -0.000000 0.000000
vn -1.000000 -0.000000 0.000000
vn 1.000000 0.000000 -0.000000
vn 1.000000 0.000000 -0.000000
vn 1.000000 0.000000 -0.000000
vn 1.000000 0.000000 -0.000000
vn -1.000000 -0.000000 0.000000
vn -1.000000 -0.000000 0.000000
vn -1.000000 -0.000000 0.000000
vn -1.000000 -0.000000 0.000000
vn 1.000000 0.000000 -0.000000
vn 1.000000 0.000000 -0.000000
vn 1.000000 0.000000 -0.000000
vn 1.000000 0.000000 -0.000000
vn 1.000000 0.000000 -0.000000
vn 1.000000 0.000000 -0.000000
vn 1.000000 0.000000 -0.000000
vn 1.000000 0.000000 -0.000000
vn -1.000000 -0.000000 0.000000
vn -1.000000 -0.000000 0.000000
vn -1.000000 -0.000000 0.000000
vn -1.000000 -0.000000 0.000000
vn -1.000000 -0.000000 0.000000
vn -1.000000 -0.000000 0.000000
vn -1.000000 -0.000000 0.000000
vn -1.000000 -0.000000 0.000000
vn 0.000000 -1.000000 0.000000
vn 0.000000 -1.000000 0.000000
vn 0.000000 -1.000000 0.000000
vn 0.000000 -1.000000 0.000000
vn 0.000000 -1.000000 0.000000
vn 0.000000 -1.000000 0.000000
vn 0.000000 -1.000000 0.000000
vn 0.000000 -1.000000 0.000000
vn 0.000000 -1.000000 0.000000
vn 0.000000 -1.000000 0.000000
vn 0.000000 -1.000000 0.000000
vn 0.000000 -1.000000 0.000000
vn 0.000000 1.000000 0.000000
vn 0.000000 1.000000 0.000000
vn 0.000000 1.000000 0.000000
vn 0.000000 1.000000 0.000000
vn 0.000000 1.000000 0.000000
vn 0.000000 1.000000 0.000000
vn 0.000000 1.000000 0.000000
vn 0.000000 1.000000 0.000000
vn 0.961026 0.276459 -0.000000
vn 0.961026 0.276459 -0.000000
vn 0.961026 0.276459 -0.000000
vn 0.961026 0.276459 -0.000000
vn 0.000000 1.000000 0.000000
vn 0.000000 1.000000 0.000000
vn 0.000000 1.000000 0.000000
vn 0.000000 1.000000 0.000000
vn 1.000000 0.000000 -0.000000
vn 1.000000 0.000000 -0.000000
vn 1.000000 0.000000 -0.000000
vn 1.000000 0.000000 -0.000000
vn 0.000000 -1.000000 0.000000
vn 0.000000 -1.000000 0.000000
vn 0.000000 -1.000000 0.000000
vn 0.000000 -1.000000 0.000000
vn -1.000000 -0.000000 0.000000
vn -1.000000 -0.000000 0.000000
vn -1.000000 -0.000000 0.000000
vn -1.000000 -0.000000 0.000000
vn 0.000000 1.000000 0.000000
vn 0.000000 1.000000 0.000000
vn 0.000000 1.000000 0.000000
vn 0.000000 1.000000 0.000000
vn -0.961026 0.276459 0.000000
vn -0.961026 0.276459 0.000000
vn -0.961026 0.276459 0.000000
vn -0.961026 0.276459 0.000000
vn 1.000000 -0.000000 -0.000000
vn 1.000000 -0.000000 -0.000000
vn 1.000000 -0.000000 -0.000000
vn 1.000000 -0.000000 -0.000000
vn -0.000000 1.000000 -0.000000
vn -0.000000 1.000000 -0.000000
vn -0.000000 1.000000 -0.000000
vn -0.000000 1.000000 -0.000000
vn 1.000000 -0.000000 -0.000000
vn 1.000000 -0.000000 -0.000000
vn 1.000000 -0.000000 -0.000000
vn 1.000000 -0.000000 -0.000000
vn -0.000000 -1.000000 0.000000
vn -0.000000 -1.000000 0.000000
vn -0.000000 -1.000000 0.000000
vn -0.000000 -1.000000 0.000000
vn 1.000000 -0.000000 -0.000000
vn 1.000000 -0.000000 -0.000000
vn 1.000000 -0.000000 -0.000000
vn 1.000000 -0.000000 -0.000000
vn -0.000000 1.000000 -0.000000
vn -0.000000 1.000000 -0.000000
vn -0.000000 1.000000 -0.000000
vn -0.000000 1.000000 -0.000000
vn -1.000000 -0.000000 -0.000000
vn -1.000000 -0.000000 -0.000000
vn -1.000000 -0.000000 -0.000000
vn -1.000000 -0.000000 -0.000000
vn 1.000000 -0.000000 -0.000000
vn 1.000000 -0.000000 -0.000000
vn 1.000000 -0.000000 -0.000000
vn 1.000000 -0.000000 -0.000000
vn -0.000000 1.000000 -0.000000
vn -0.000000 1.000000 -0.000000
vn -0.000000 1.000000 -0.000000
vn -0.000000 1.000000 -0.000000
vn -0.000000 1.000000 -0.000000
vn -0.000000 1.000000 -0.000000
vn -0.000000 1.000000 -0.000000
vn -0.000000 1.000000 -0.000000
vn -1.000000 -0.000000 -0.000000
vn -1.000000 -0.000000 -0.000000
vn -1.000000 -0.000000 -0.000000
vn -1.000000 -0.000000 -0.000000
vn -0.000000 -1.000000 0.000000
vn -0.000000 -1.000000 0.000000
vn -0.000000 -1.000000 0.000000
vn -0.000000 -1.000000 0.000000
vn -1.000000 -0.000000 0.000000
vn -1.000000 -0.000000 0.000000
vn -1.000000 -0.000000 0.000000
vn -1.000000 -0.000000 0.000000
vn -0.000000 1.000000 -0.000000
vn -0.000000 1.000000 -0.000000
vn -0.000000 1.000000 -0.000000
vn -0.000000 1.000000 -0.000000
vn -1.000000 -0.000000 -0.000000
vn -1.000000 -0.000000 -0.000000
vn -1.000000 -0.000000 -0.000000
vn -1.000000 -0.000000 -0.000000
vn -1.000000 0.000000 -0.000000
vn -1.000000 0.000000 -0.000000
vn -1.000000 0.000000 -0.000000
vn -1.000000 0.000000 -0.000000
vn -0.000000 1.000000 -0.000000
vn -0.000000 1.000000 -0.000000
vn -0.000000 1.000000 -0.000000
vn -0.000000 1.000000 -0.000000
vn -1.000000 -0.000000 0.000000
vn -1.000000 -0.000000 0.000000
vn -1.000000 -0.000000 0.000000
vn -1.000000 -0.000000 0.000000
vn 0.000000 -1.000000 -0.000000
vn 0.000000 -1.000000 -0.000000
vn 0.000000 -1.000000 -0.000000
vn 0.000000 -1.000000 -0.000000
vn -1.000000 0.000000 -0.000000
vn -1.000000 0.000000 -0.000000
vn -1.000000 0.000000 -0.000000
vn -1.000000 0.000000 -0.000000
vn 0.000000 -1.000000 -0.000000
vn 0.000000 -1.000000 -0.000000
vn 0.000000 -1.000000 -0.000000
vn 0.000000 -1.000000 -0.000000
vn -0.000000 -1.000000 0.000000
vn -0.000000 -1.000000 0.000000
vn -0.000000 -1.000000 0.000000
vn -0.000000 -1.000000 0.000000
vn 1.000000 -0.000000 -0.000000
vn 1.000000 -0.000000 -0.000000
vn 1.000000 -0.000000 -0.000000
vn 1.000000 -0.000000 -0.000000
vn 1.000000 0.000000 -0.000000
vn 1.000000 0.000000 -0.000000
vn 1.000000 0.000000 -0.000000
vn 1.000000 0.000000 -0.000000
vn -0.000000 1.000000 -0.000000
vn -0.000000 1.000000 -0.000000
vn -0.000000 1.000000 -0.000000
vn -0.000000 1.000000 -0.000000
vn 1.000000 0.000000 -0.000000
vn 1.000000 0.000000 -0.000000
vn 1.000000 0.000000 -0.000000
vn 1.000000 0.000000 -0.000000
vn -1.000000 -0.000000 0.000000
vn -1.000000 -0.000000 0.000000
vn -1.000000 -0.000000 0.000000
vn -1.000000 -0.000000 0.000000
vn 1.000000 -0.000000 -0.000000
vn 1.000000 -0.000000 -0.000000
vn 1.000000 -0.000000 -0.000000
vn 1.000000 -0.000000 -0.000000
vn 0.000000 -1.000000 -0.000000
vn 0.000000 -1.000000 -0.000000
vn 0.000000 -1.000000 -0.000000
vn 0.000000 -1.000000 -0.000000
vn -1.000000 -0.000000 -0.000000
vn -1.000000 -0.000000 -0.000000
vn -1.000000 -0.000000 -0.000000
vn -1.000000 -0.000000 -0.000000
vn 1.000000 -0.000000 -0.000000
vn 1.000000 -0.000000 -0.000000
vn 1.000000 -0.000000 -0.000000
vn 1.000000 -0.000000 -0.000000
vn -0.000000 -1.000000 0.000000
vn -0.000000 -1.000000 0.000000
vn -0.000000 -1.000000 0.000000
vn -0.000000 -1.000000 0.000000
vn -0.965926 0.258819 0.000000
vn -0.965926 0.258819 0.000000
vn -1.000000 -0.000000 0.000000
vn -1.000000 -0.000000 0.000000
vn -0.965926 -0.258819 0.000000
vn -0.965926 -0.258819 0.000000
vn -0.866025 -0.500000 0.000000
vn -0.866025 -0.500000 0.000000
vn -0.707107 -0.707107 0.000000
vn -0.707107 -0.707107 0.000000
vn -0.500000 -0.866025 0.000000
vn -0.500000 -0.866025 0.000000
vn -0.258819 -0.965926 0.000000
vn -0.258819 -0.965926 0.000000
vn -0.000000 -1.000000 0.000000
vn -0.000000 -1.000000 0.000000
vn 0.258819 -0.965926 0.000000
vn 0.258819 -0.965926 0.000000
vn 0.500000 -0.866025 0.000000
vn 0.500000 -0.866025 0.000000
vn 0.707107 -0.707107 0.000000
vn 0.707107 -0.707107 0.000000
vn 0.866025 -0.500000 0.000000
vn 0.866025 -0.500000 0.000000
vn 0.965926 -0.258819 0.000000
vn 0.965926 -0.258819 0.000000
vn 1.000000 -0.000000 0.000000
vn 1.000000 -0.000000 0.000000
vn 0.965926 0.258819 -0.000000
vn 0.965926 0.258819 -0.000000
vn 0.866025 0.500000 -0.000000
vn 0.866025 0.500000 -0.000000
vn 0.707107 0.707107 -0.000000
vn 0.707107 0.707107 -0.000000
vn 0.500000 0.866025 -0.000000
vn 0.500000 0.866025 -0.000000
vn 0.258819 0.965926 -0.000000
vn 0.258819 0.965926 -0.000000
vn -0.000000 1.000000 0.000000
vn -0.000000 1.000000 0.000000
vn -0.258819 0.965926 0.000000
vn -0.258819 0.965926 0.000000
vn -0.500000 0.866025 0.000000
vn -0.500000 0.866025 0.000000
vn -0.707107 0.707107 0.000000
vn -0.707107 0.707107 0.000000
vn -0.866025 0.500000 0.000000
vn -0.866025 0.500000 0.000000
vn -0.965926 0.258819 0.000000
vn -0.965926 0.258819 0.000000
vn -1.000000 -0.000000 0.000000
vn -1.000000 -0.000000 0.000000
vn -0.965926 -0.258819 0.000000
vn -0.965926 -0.258819 0.000000
vn -0.866025 -0.500000 0.000000
vn -0.866025 -0.500000 0.000000
vn -0.707107 -0.707107 0.000000
vn -0.707107 -0.707107 0.000000
vn -0.500000 -0.866025 0.000000
vn -0.500000 -0.866025 0.000000
vn -0.258819 -0.965926 0.000000
vn -0.258819 -0.965926 0.000000
vn -0.000000 -1.000000 0.000000
vn -0.000000 -1.000000 0.000000
vn 0.258819 -0.965926 0.000000
vn 0.258819 -0.965926 0.000000
vn 0.500000 -0.866025 0.000000
vn 0.500000 -0.866025 0.000000
vn 0.707107 -0.707107 0.000000
vn 0.707107 -0.707107 0.000000
vn 0.866025 -0.500000 0.000000
vn 0.866025 -0.500000 0.000000
vn 0.965926 -0.258819 0.000000
vn 0.965926 -0.258819 0.000000
vn 1.000000 -0.000000 0.000000
vn 1.000000 -0.000000 0.000000
vn 0.965926 0.258819 -0.000000
vn 0.965926 0.258819 -0.000000
vn 0.866025 0.500000 -0.000000
vn 0.866025 0.500000 -0.000000
vn 0.707107 0.707107 -0.000000
vn 0.707107 0.707107 -0.000000
vn 0.500000 0.866025 -0.000000
vn 0.500000 0.866025 -0.000000
vn 0.258819 0.965926 -0.000000
vn 0.258819 0.965926 -0.000000
vn -0.000000 1.000000 0.000000
vn -0.000000 1.000000 0.000000
vn -0.258819 0.965926 0.000000
vn -0.258819 0.965926 0.000000
vn -0.500000 0.866025 0.000000
vn -0.500000 0.866025 0.000000
vn -0.707107 0.707107 0.000000
vn -0.707107 0.707107 0.000000
vn -0.866025 0.500000 0.000000
vn -0.866025 0.500000 0.000000
vn -0.255280 0.966867 0.000000
vn -0.255280 0.966867 0.000000
vn -0.493644 0.869664 0.000000
vn -0.493644 0.869664 0.000000
vn -0.699297 0.714832 0.000000
vn -0.699297 0.714832 0.000000
vn -0.858609 0.512630 0.000000
vn -0.858609 0.512630 0.000000
vn 0.858609 0.512630 0.000000
vn 0.858609 0.512630 0.000000
vn 0.699297 0.714832 0.000000
vn 0.699297 0.714832 0.000000
vn 0.493644 0.869664 0.000000
vn 0.493644 0.869664 0.000000
vn 0.255280 0.966867 0.000000
vn 0.255280 0.966867 0.000000
vn 0.000000 -1.000000 0.000000
vn 0.000000 -1.000000 0.000000
vn 0.000000 -1.000000 0.000000
vn 0.000000 -1.000000 0.000000
vn -1.000000 0.000000 0.000000
vn -1.000000 0.000000 0.000000
vn -1.000000 0.000000 0.000000
vn -1.000000 0.000000 0.000000
vn 0.000000 1.000000 -0.000000
vn 0.000000 1.000000 -0.000000
vn 0.000000 1.000000 -0.000000
vn 0.000000 1.000000 -0.000000
vn 1.000000 0.000000 0.000000
vn 1.000000 0.000000 0.000000
vn 1.000000 0.000000 0.000000
vn 1.000000 0.000000 0.000000
vn -0.000000 -1.000000 0.000000
vn -0.000000 -1.000000 0.000000
vn -0.000000 -1.000000 0.000000
vn -0.000000 -1.000000 0.000000
vn -0.000000 1.000000 0.000000
vn -0.000000 1.000000 0.000000
vn -0.000000 1.000000 0.000000
vn -0.000000 1.000000 0.000000
vn 1.000000 0.000000 0.000000
vn 1.000000 0.000000 0.000000
vn 1.000000 0.000000 0.000000
vn 1.000000 0.000000 0.000000
vn -0.000000 -1.000000 0.000000
vn -0.000000 -1.000000 0.000000
vn -0.000000 -1.000000 0.000000
vn -0.000000 -1.000000 0.000000
vn -0.000000 1.000000 0.000000
vn -0.000000 1.000000 0.000000
vn -0.000000 1.000000 0.000000
vn -0.000000 1.000000 0.000000
vn -1.000000 0.000000 0.000000
vn -1.000000 0.000000 0.000000
vn -1.000000 0.000000 0.000000
vn -1.000000 0.000000 0.000000
vn 0.000000 1.000000 -0.000000
vn 0.000000 1.000000 -0.000000
vn 0.000000 1.000000 -0.000000
vn 0.000000 1.000000 -0.000000
vn 0.000000 -1.000000 0.000000
vn 0.000000 -1.000000 0.000000
vn 0.000000 -1.000000 0.000000
vn 0.000000 -1.000000 0.000000
vn 1.000000 0.000000 -0.000000
vn 1.000000 0.000000 -0.000000
vn 1.000000 0.000000 -0.000000
vn 1.000000 0.000000 -0.000000
vn 0.000000 -1.000000 0.000000
vn 0.000000 -1.000000 0.000000
vn 0.000000 -1.000000 0.000000
vn 0.000000 -1.000000 0.000000
vn 0.000000 1.000000 -0.000000
vn 0.000000 1.000000 -0.000000
vn 0.000000 1.000000 -0.000000
vn 0.000000 1.000000 -0.000000
vn 0.000000 1.000000 -0.000000
vn 0.000000 1.000000 -0.000000
vn 0.000000 1.000000 -0.000000
vn 0.000000 1.000000 -0.000000
vn -1.000000 -0.000000 0.000000
vn -1.000000 -0.000000 0.000000
vn -1.000000 -0.000000 0.000000
vn -1.000000 -0.000000 0.000000
vn 1.000000 0.000000 -0.000000
vn 1.000000 0.000000 -0.000000
vn 1.000000 0.000000 -0.000000
vn 1.000000 0.000000 -0.000000
vn 0.000000 -1.000000 0.000000
vn 0.000000 -1.000000 0.000000
vn 0.000000 -1.000000 0.000000
vn 0.000000 -1.000000 0.000000
vn 0.000000 1.000000 -0.000000
vn 0.000000 1.000000 -0.000000
vn 0.000000 1.000000 -0.000000
vn 0.000000 1.000000 -0.000000
vn -1.000000 -0.000000 0.000000
vn -1.000000 -0.000000 0.000000
vn -1.000000 -0.000000 0.000000
vn -1.000000 -0.000000 0.000000
vn 1.000000 0.000000 -0.000000
vn 1.000000 0.000000 -0.000000
vn 1.000000 0.000000 -0.000000
vn 1.000000 0.000000 -0.000000
vn 0.000000 -1.000000 0.000000
vn 0.000000 -1.000000 0.000000
vn 0.000000 -1.000000 0.000000
vn 0.000000 -1.000000 0.000000
vn -1.000000 -0.000000 0.000000
vn -1.000000 -0.000000 0.000000
vn -1.000000 -0.000000 0.000000
vn -1.000000 -0.000000 0.000000
vn 0.000000 1.000000 -0.000000
vn 0.000000 1.000000 -0.000000
vn 0.000000 1.000000 -0.000000
vn 0.000000 1.000000 -0.000000
vn 0.000000 -1.000000 0.000000
vn 0.000000 -1.000000 0.000000
vn 0.000000 -1.000000 0.000000
vn 0.000000 -1.000000 0.000000
vn 0.000000 1.000000 -0.000000
vn 0.000000 1.000000 -0.000000
vn 0.000000 1.000000 -0.000000
vn 0.000000 1.000000 -0.000000
vn -1.000000 0.000000 0.000000
vn -1.000000 0.000000 0.000000
vn -1.000000 0.000000 0.000000
vn -1.000000 0.000000 0.000000
vn 1.000000 -0.000000 0.000000
vn 1.000000 -0.000000 0.000000
vn 1.000000 -0.000000 0.000000
vn 1.000000 -0.000000 0.000000
vn -0.000000 -1.000000 0.000000
vn -0.000000 -1.000000 0.000000
vn -0.000000 -1.000000 0.000000
vn -0.000000 -1.000000 0.000000
vn 0.000000 1.000000 -0.000000
vn 0.000000 1.000000 -0.000000
vn 0.000000 1.000000 -0.000000
vn 0.000000 1.000000 -0.000000
vn -1.000000 0.000000 0.000000
vn -1.000000 0.000000 0.000000
vn -1.000000 0.000000 0.000000
vn -1.000000 0.000000 0.000000
vn 1.000000 -0.000000 0.000000
vn 1.000000 -0.000000 0.000000
vn 1.000000 -0.000000 0.000000
vn 1.000000 -0.000000 0.000000
vn -0.000000 -1.000000 0.000000
vn -0.000000 -1.000000 0.000000
vn -0.000000 -1.000000 0.000000
vn -0.000000 -1.000000 0.000000
vn 0.000000 1.000000 -0.000000
vn 0.000000 1.000000 -0.000000
vn 0.000000 1.000000 -0.000000
vn 0.000000 1.000000 -0.000000
vn -1.000000 0.000000 -0.000000
vn -1.000000 0.000000 -0.000000
vn -1.000000 0.000000 -0.000000
vn -1.000000 0.000000 -0.000000
vn -0.000000 -1.000000 0.000000
vn -0.000000 -1.000000 0.000000
vn -0.000000 -1.000000 0.000000
vn -0.000000 -1.000000 0.000000
vn 1.000000 -0.000000 -0.000000
vn 1.000000 -0.000000 -0.000000
vn 1.000000 -0.000000 -0.000000
vn 1.000000 -0.000000 -0.000000
vn -0.000000 -1.000000 0.000000
vn -0.000000 -1.000000 0.000000
vn -0.000000 -1.000000 0.000000
vn -0.000000 -1.000000 0.000000
vn -0.000000 1.000000 -0.000000
vn -0.000000 1.000000 -0.000000
vn -0.000000 1.000000 -0.000000
vn -0.000000 1.000000 -0.000000
vn 1.000000 -0.000000 -0.000000
vn 1.000000 -0.000000 -0.000000
vn 1.000000 -0.000000 -0.000000
vn 1.000000 -0.000000 -0.000000
vn -0.258819 0.965926 0.000000
vn -0.258819 0.965926 0.000000
vn -0.500000 0.866025 0.000000
vn -0.500000 0.866025 0.000000
vn -0.707107 0.707107 0.000000
vn -0.707107 0.707107 0.000000
vn -0.866025 0.500000 0.000000
vn -0.866025 0.500000 0.000000
vn -0.965926 0.258819 0.000000
vn -0.965926 0.258819 0.000000
vn -0.258819 0.965926 -0.000000
vn -0.258819 0.965926 -0.000000
vn -0.500000 0.866025 -0.000000
vn -0.500000 0.866025 -0.000000
vn -0.707107 0.707107 -0.000000
vn -0.707107 0.707107 -0.000000
vn -0.866025 0.500000 -0.000000
vn -0.866025 0.500000 -0.000000
vn -0.965926 0.258819 -0.000000
vn -0.965926 0.258819 -0.000000
vn -0.965926 -0.258819 -0.000000
vn -0.965926 -0.258819 -0.000000
vn -0.866025 -0.500000 -0.000000
vn -0.866025 -0.500000 -0.000000
vn -0.707107 -0.707107 -0.000000
vn -0.707107 -0.707107 -0.000000
vn -0.500000 -0.866025 -0.000000
vn -0.500000 -0.866025 -0.000000
vn -0.258819 -0.965926 -0.000000
vn -0.258819 -0.965926 -0.000000
vn 0.000000 -1.000000 0.000000
vn 0.000000 -1.000000 0.000000
vn 0.000000 -1.000000 0.000000
vn 0.000000 -1.000000 0.000000
vn -1.000000 -0.000000 0.000000
vn -1.000000 -0.000000 0.000000
vn -1.000000 -0.000000 0.000000
vn -1.000000 -0.000000 0.000000
vn 0.000000 1.000000 0.000000
vn 0.000000 1.000000 0.000000
vn 0.000000 1.000000 0.000000
vn 0.000000 1.000000 0.000000
vn -1.000000 -0.000000 0.000000
vn -1.000000 -0.000000 0.000000
vn -1.000000 -0.000000 0.000000
vn -1.000000 -0.000000 0.000000
vn 0.000000 -1.000000 0.000000
vn 0.000000 -1.000000 0.000000
vn 0.000000 -1.000000 0.000000
vn 0.000000 -1.000000 0.000000
vn 1.000000 0.000000 0.000000
vn 1.000000 0.000000 0.000000
vn 1.000000 0.000000 0.000000
vn 1.000000 0.000000 0.000000
vn -0.000000 1.000000 -0.000000
vn -0.000000 1.000000 -0.000000
vn -0.000000 1.000000 -0.000000
vn -0.000000 1.000000 -0.000000
vn 0.965926 0.258819 -0.000000
vn 0.965926 0.258819 -0.000000
vn 0.866025 0.500000 -0.000000
vn 0.866025 0.500000 -0.000000
vn 0.707107 0.707107 -0.000000
vn 0.707107 0.707107 -0.000000
vn 0.500000 0.866025 -0.000000
vn 0.500000 0.866025 -0.000000
vn 0.258819 0.965926 -0.000000
vn 0.258819 0.965926 -0.000000
vn 0.965926 0.258819 -0.000000
vn 0.965926 0.258819 -0.000000
vn 0.866025 0.500000 -0.000000
vn 0.866025 0.500000 -0.000000
vn 0.707107 0.707107 -0.000000
vn 0.707107 0.707107 -0.000000
vn 0.500000 0.866025 -0.000000
vn 0.500000 0.866025 -0.000000
vn 0.258819 0.965926 -0.000000
vn 0.258819 0.965926 -0.000000
vn 0.258819 -0.965926 -0.000000
vn 0.258819 -0.965926 -0.000000
vn 0.500000 -0.866025 -0.000000
vn 0.500000 -0.866025 -0.000000
vn 0.707107 -0.707107 -0.000000
vn 0.707107 -0.707107 -0.000000
vn 0.866025 -0.500000 -0.000000
vn 0.866025 -0.500000 -0.000000
vn 0.965926 -0.258819 -0.000000
vn 0.965926 -0.258819 -0.000000
vn -0.000000 1.000000 -0.000000
vn -0.000000 1.000000 -0.000000
vn -0.000000 1.000000 -0.000000
vn -0.000000 1.000000 -0.000000
vn 1.000000 -0.000000 -0.000000
vn 1.000000 -0.000000 -0.000000
vn 1.000000 -0.000000 -0.000000
vn 1.000000 -0.000000 -0.000000
vn -0.000000 1.000000 -0.000000
vn -0.000000 1.000000 -0.000000
vn -0.000000 1.000000 -0.000000
vn -0.000000 1.000000 -0.000000
vn -1.000000 -0.000000 -0.000000
vn -1.000000 -0.000000 -0.000000
vn -1.000000 -0.000000 -0.000000
vn -1.000000 -0.000000 -0.000000
vn -0.000000 1.000000 -0.000000
vn -0.000000 1.000000 -0.000000
vn -0.000000 1.000000 -0.000000
vn -0.000000 1.000000 -0.000000
vn -1.000000 -0.000000 -0.000000
vn -1.000000 -0.000000 -0.000000
vn -1.000000 -0.000000 -0.000000
vn -1.000000 -0.000000 -0.000000
vn -0.000000 -1.000000 0.000000
vn -0.000000 -1.000000 0.000000
vn -0.000000 -1.000000 0.000000
vn -0.000000 -1.000000 0.000000
vn -1.000000 -0.000000 -0.000000
vn -1.000000 -0.000000 -0.000000
vn -1.000000 -0.000000 -0.000000
vn -1.000000 -0.000000 -0.000000
vn -0.000000 -1.000000 0.000000
vn -0.000000 -1.000000 0.000000
vn -0.000000 -1.000000 0.000000
vn -0.000000 -1.000000 0.000000
vn 1.000000 0.000000 -0.000000
vn 1.000000 0.000000 -0.000000
vn 1.000000 0.000000 -0.000000
vn 1.000000 0.000000 -0.000000
vn -0.000000 -1.000000 0.000000
vn -0.000000 -1.000000 0.000000
vn -0.000000 -1.000000 0.000000
vn -0.000000 -1.000000 0.000000
vn -0.000000 1.000000 -0.000000
vn -0.000000 1.000000 -0.000000
vn -0.000000 1.000000 -0.000000
vn -0.000000 1.000000 -0.000000
vn -1.000000 -0.000000 -0.000000
vn -1.000000 -0.000000 -0.000000
vn -1.000000 -0.000000 -0.000000
vn -1.000000 -0.000000 -0.000000
vn 1.000000 -0.000000 -0.000000
vn 1.000000 -0.000000 -0.000000
vn 1.000000 -0.000000 -0.000000
vn 1.000000 -0.000000 -0.000000
vn -0.000000 1.000000 -0.000000
vn -0.000000 1.000000 -0.000000
vn -0.000000 1.000000 -0.000000
vn -0.000000 1.000000 -0.000000
vn -0.000000 1.000000 -0.000000
vn -0.000000 1.000000 -0.000000
vn -0.000000 1.000000 -0.000000
vn -0.000000 1.000000 -0.000000
vn -1.000000 -0.000000 -0.000000
vn -1.000000 -0.000000 -0.000000
vn -1.000000 -0.000000 -0.000000
vn -1.000000 -0.000000 -0.000000
vn -0.000000 -1.000000 0.000000
vn -0.000000 -1.000000 0.000000
vn -0.000000 -1.000000 0.000000
vn -0.000000 -1.000000 0.000000
vn -1.000000 -0.000000 -0.000000
vn -1.000000 -0.000000 -0.000000
vn -1.000000 -0.000000 -0.000000
vn -1.000000 -0.000000 -0.000000
vn -0.000000 -1.000000 0.000000
vn -0.000000 -1.000000 0.000000
vn -0.000000 -1.000000 0.000000
vn -0.000000 -1.000000 0.000000
vn 1.000000 -0.000000 -0.000000
vn 1.000000 -0.000000 -0.000000
vn 1.000000 -0.000000 -0.000000
vn 1.000000 -0.000000 -0.000000
vn -0.000000 -1.000000 0.000000
vn -0.000000 -1.000000 0.000000
vn -0.000000 -1.000000 0.000000
vn -0.000000 -1.000000 0.000000
vn 0.000000 -1.000000 0.000000
vn 0.000000 -1.000000 0.000000
vn 0.000000 -1.000000 0.000000
vn 0.000000 -1.000000 0.000000
vn -1.000000 -0.000000 0.000000
vn -1.000000 -0.000000 0.000000
vn -1.000000 -0.000000 0.000000
vn -1.000000 -0.000000 0.000000
vn 0.000000 -1.000000 0.000000
vn 0.000000 -1.000000 0.000000
vn 0.000000 -1.000000 0.000000
vn 0.000000 -1.000000 0.000000
vn 1.000000 -0.000000 0.000000
vn 1.000000 -0.000000 0.000000
vn 1.000000 -0.000000 0.000000
vn 1.000000 -0.000000 0.000000
vn 0.000000 -1.000000 0.000000
vn 0.000000 -1.000000 0.000000
vn 0.000000 -1.000000 0.000000
vn 0.000000 -1.000000 0.000000
vn 1.000000 -0.000000 0.000000
vn 1.000000 -0.000000 0.000000
vn 1.000000 -0.000000 0.000000
vn 1.000000 -0.000000 0.000000
vn 1.000000 -0.000000 0.000000
vn 1.000000 -0.000000 0.000000
vn 1.000000 -0.000000 0.000000
vn 1.000000 -0.000000 0.000000
vn 0.000000 1.000000 0.000000
vn 0.000000 1.000000 0.000000
vn 0.000000 1.000000 0.000000
vn 0.000000 1.000000 0.000000
vn 0.000000 1.000000 0.000000
vn 0.000000 1.000000 0.000000
vn 0.000000 1.000000 0.000000
vn 0.000000 1.000000 0.000000
vn -1.000000 -0.000000 0.000000
vn -1.000000 -0.000000 0.000000
vn -1.000000 -0.000000 0.000000
vn -1.000000 -0.000000 0.000000
vn 0.000000 1.000000 0.000000
vn 0.000000 1.000000 0.000000
vn 0.000000 1.000000 0.000000
vn 0.000000 1.000000 0.000000
vn 0.000000 -1.000000 0.000000
vn 0.000000 -1.000000 0.000000
vn 0.000000 -1.000000 0.000000
vn 0.000000 -1.000000 0.000000
vn -1.000000 0.000000 -0.000000
vn -1.000000 0.000000 -0.000000
vn -1.000000 0.000000 -0.000000
vn -1.000000 0.000000 -0.000000
vn 0.000000 -1.000000 0.000000
vn 0.000000 -1.000000 0.000000
vn 0.000000 -1.000000 0.000000
vn 0.000000 -1.000000 0.000000
vn 1.000000 -0.000000 0.000000
vn 1.000000 -0.000000 0.000000
vn 1.000000 -0.000000 0.000000
vn 1.000000 -0.000000 0.000000
vn 0.000000 -1.000000 0.000000
vn 0.000000 -1.000000 0.000000
vn 0.000000 -1.000000 0.000000
vn 0.000000 -1.000000 0.000000
vn 1.000000 -0.000000 0.000000
vn 1.000000 -0.000000 0.000000
vn 1.000000 -0.000000 0.000000
vn 1.000000 -0.000000 0.000000
vn 0.000000 1.000000 0.000000
vn 0.000000 1.000000 0.000000
vn 0.000000 1.000000 0.000000
vn 0.000000 1.000000 0.000000
vn 1.000000 -0.000000 0.000000
vn 1.000000 -0.000000 0.000000
vn 1.000000 -0.000000 0.000000
vn 1.000000 -0.000000 0.000000
vn 0.000000 1.000000 0.000000
vn 0.000000 1.000000 0.000000
vn 0.000000 1.000000 0.000000
vn 0.000000 1.000000 0.000000
vn 0.000000 1.000000 0.000000
vn 0.000000 1.000000 0.000000
vn 0.000000 1.000000 0.000000
vn 0.000000 1.000000 0.000000
vn -1.000000 -0.000000 0.000000
vn -1.000000 -0.000000 0.000000
vn -1.000000 -0.000000 0.000000
vn -1.000000 -0.000000 0.000000
vn 0.965926 -0.258819 0.000000
vn 0.965926 -0.258819 0.000000
vn 1.000000 -0.000000 0.000000
vn 1.000000 -0.000000 0.000000
vn 0.965926 0.258819 0.000000
vn 0.965926 0.258819 0.000000
vn 0.866025 0.500000 0.000000
vn 0.866025 0.500000 0.000000
vn 0.707107 0.707107 0.000000
vn 0.707107 0.707107 0.000000
vn 0.500000 0.866025 0.000000
vn 0.500000 0.866025 0.000000
vn 0.258819 0.965926 0.000000
vn 0.258819 0.965926 0.000000
vn 0.000000 1.000000 0.000000
vn 0.000000 1.000000 0.000000
vn -0.258819 0.965926 0.000000
vn -0.258819 0.965926 0.000000
vn -0.500000 0.866025 0.000000
vn -0.500000 0.866025 0.000000
vn -0.707107 0.707107 0.000000
vn -0.707107 0.707107 0.000000
vn -0.866025 0.500000 0.000000
vn -0.866025 0.500000 0.000000
vn -0.965926 0.258819 0.000000
vn -0.965926 0.258819 0.000000
vn -1.000000 0.000000 0.000000
vn -1.000000 0.000000 0.000000
vn -0.965926 -0.258819 -0.000000
vn -0.965926 -0.258819 -0.000000
vn -0.866025 -0.500000 -0.000000
vn -0.866025 -0.500000 -0.000000
vn -0.707107 -0.707107 -0.000000
vn -0.707107 -0.707107 -0.000000
vn -0.500000 -0.866025 -0.000000
vn -0.500000 -0.866025 -0.000000
vn -0.258819 -0.965926 -0.000000
vn -0.258819 -0.965926 -0.000000
vn 0.000000 -1.000000 0.000000
vn 0.000000 -1.000000 0.000000
vn 0.258819 -0.965926 0.000000
vn 0.258819 -0.965926 0.000000
vn 0.500000 -0.866025 0.000000
vn 0.500000 -0.866025 0.000000
vn 0.707107 -0.707107 0.000000
vn 0.707107 -0.707107 0.000000
vn 0.866025 -0.500000 0.000000
vn 0.866025 -0.500000 0.000000
vn 0.965926 -0.258819 0.000000
vn 0.965926 -0.258819 0.000000
vn 1.000000 -0.000000 0.000000
vn 1.000000 -0.000000 0.000000
vn 0.965926 0.258819 0.000000
vn 0.965926 0.258819 0.000000
vn 0.866025 0.500000 0.000000
vn 0.866025 0.500000 0.000000
vn 0.707107 0.707107 0.000000
vn 0.707107 0.707107 0.000000
vn 0.500000 0.866025 0.000000
vn 0.500000 0.866025 0.000000
vn 0.258819 0.965926 0.000000
vn 0.258819 0.965926 0.000000
vn 0.000000 1.000000 0.000000
vn 0.000000 1.000000 0.000000
vn -0.258819 0.965926 0.000000
vn -0.258819 0.965926 0.000000
vn -0.500000 0.866025 0.000000
vn -0.500000 0.866025 0.000000
vn -0.707107 0.707107 0.000000
vn -0.707107 0.707107 0.000000
vn -0.866025 0.500000 0.000000
vn -0.866025 0.500000 0.000000
vn -0.965926 0.258819 0.000000
vn -0.965926 0.258819 0.000000
vn -1.000000 0.000000 0.000000
vn -1.000000 0.000000 0.000000
vn -0.965926 -0.258819 -0.000000
vn -0.965926 -0.258819 -0.000000
vn -0.866025 -0.500000 -0.000000
vn -0.866025 -0.500000 -0.000000
vn -0.707107 -0.707107 -0.000000
vn -0.707107 -0.707107 -0.000000
vn -0.500000 -0.866025 -0.000000
vn -0.500000 -0.866025 -0.000000
vn -0.258819 -0.965926 -0.000000
vn -0.258819 -0.965926 -0.000000
vn 0.000000 -1.000000 0.000000
vn 0.000000 -1.000000 0.000000
vn 0.258819 -0.965926 0.000000
vn 0.258819 -0.965926 0.000000
vn 0.500000 -0.866025 0.000000
vn 0.500000 -0.866025 0.000000
vn 0.707107 -0.707107 0.000000
vn 0.707107 -0.707107 0.000000
vn 0.866025 -0.500000 0.000000
vn 0.866025 -0.500000 0.000000
vn 0.000000 1.000000 -0.000000
vn 0.000000 1.000000 -0.000000
vn 0.000000 1.000000 -0.000000
vn 0.000000 1.000000 -0.000000
vn 1.000000 0.000000 0.000000
vn 1.000000 0.000000 0.000000
vn 1.000000 0.000000 0.000000
vn 1.000000 0.000000 0.000000
vn 0.000000 -1.000000 0.000000
vn 0.000000 -1.000000 0.000000
vn 0.000000 -1.000000 0.000000
vn 0.000000 -1.000000 0.000000
vn -1.000000 -0.000000 0.000000
vn -1.000000 -0.000000 0.000000
vn -1.000000 -0.000000 0.000000
vn -1.000000 -0.000000 0.000000
vn -0.965926 -0.258819 0.000000
vn -0.965926 -0.258819 0.000000
vn -0.866025 -0.500000 0.000000
vn -0.866025 -0.500000 0.000000
vn -0.707107 -0.707107 0.000000
vn -0.707107 -0.707107 0.000000
vn -0.500000 -0.866025 0.000000
vn -0.500000 -0.866025 0.000000
vn -0.258819 -0.965926 0.000000
vn -0.258819 -0.965926 0.000000
vn -0.258819 0.965926 0.000000
vn -0.258819 0.965926 0.000000
vn -0.500000 0.866025 0.000000
vn -0.500000 0.866025 0.000000
vn -0.707107 0.707107 0.000000
vn -0.707107 0.707107 0.000000
vn -0.866025 0.500000 0.000000
vn -0.866025 0.500000 0.000000
vn -0.965926 0.258819 0.000000
vn -0.965926 0.258819 0.000000
vn 0.965926 0.258819 0.000000
vn 0.965926 0.258819 0.000000
vn 0.866025 0.500000 0.000000
vn 0.866025 0.500000 0.000000
vn 0.707107 0.707107 0.000000
vn 0.707107 0.707107 0.000000
vn 0.500000 0.866025 0.000000
vn 0.500000 0.866025 0.000000
vn 0.258819 0.965926 0.000000
vn 0.258819 0.965926 0.000000
vn 0.258819 -0.965926 0.000000
vn 0.258819 -0.965926 0.000000
vn 0.500000 -0.866025 0.000000
vn 0.500000 -0.866025 0.000000
vn 0.707107 -0.707107 0.000000
vn 0.707107 -0.707107 0.000000
vn 0.866025 -0.500000 0.000000
vn 0.866025 -0.500000 0.000000
vn 0.965926 -0.258819 0.000000
vn 0.965926 -0.258819 0.000000
vn -1.000000 -0.000000 -0.000000
vn -1.000000 -0.000000 -0.000000
vn -1.000000 -0.000000 -0.000000
vn -1.000000 -0.000000 -0.000000
vn 0.000000 1.000000 -0.000000
vn 0.000000 1.000000 -0.000000
vn 0.000000 1.000000 -0.000000
vn 0.000000 1.000000 -0.000000
vn 1.000000 0.000000 -0.000000
vn 1.000000 0.000000 -0.000000
vn 1.000000 0.000000 -0.000000
vn 1.000000 0.000000 -0.000000
vn 1.000000 -0.000000 -0.000000
vn 1.000000 -0.000000 -0.000000
vn 1.000000 -0.000000 -0.000000
vn 1.000000 -0.000000 -0.000000
vn -0.000000 1.000000 -0.000000
vn -0.000000 1.000000 -0.000000
vn -0.000000 1.000000 -0.000000
vn -0.000000 1.000000 -0.000000
vn -1.000000 -0.000000 0.000000
vn -1.000000 -0.000000 0.000000
vn -1.000000 -0.000000 0.000000
vn -1.000000 -0.000000 0.000000
vn -0.000000 -1.000000 0.000000
vn -0.000000 -1.000000 0.000000
vn -0.000000 -1.000000 0.000000
vn -0.000000 -1.000000 0.000000
vn 0.000000 -1.000000 -0.000000
vn 0.000000 -1.000000 -0.000000
vn 0.000000 -1.000000 -0.000000
vn 0.000000 -1.000000 -0.000000
vn -0.000000 0.000000 1.000000
vn -0.000000 0.000000 1.000000
vn -0.000000 0.000000 1.000000
vn -0.000000 0.000000 1.000000
vn -0.000000 0.000000 1.000000
vn -0.000000 0.000000 1.000000
vn -0.000000 0.000000 1.000000
vn -0.000000 0.000000 1.000000
vn -0.000000 -0.000000 1.000000
vn -0.000000 -0.000000 1.000000
vn -0.000000 -0.000000 1.000000
vn -0.000000 -0.000000 1.000000
vn -0.000000 -0.000000 1.000000
vn -0.000000 -0.000000 1.000000
vn -0.000000 -0.000000 1.000000
vn -0.000000 -0.000000 1.000000
vn -0.000000 -0.000000 1.000000
vn -0.000000 -0.000000 1.000000
vn -0.000000 -0.000000 1.000000
vn -0.000000 -0.000000 1.000000
vn -0.000000 -0.000000 1.000000
vn -0.000000 -0.000000 1.000000
vn -0.000000 -0.000000 1.000000
vn -0.000000 -0.000000 1.000000
vn -0.000000 -0.000000 1.000000
vn -0.000000 1.000000 -0.000000
vn -0.000000 1.000000 -0.000000
vn -0.000000 1.000000 -0.000000
vn -0.000000 1.000000 -0.000000
vn -1.000000 -0.000000 -0.000000
vn -1.000000 -0.000000 -0.000000
vn -1.000000 -0.000000 -0.000000
vn -1.000000 -0.000000 -0.000000
vn -0.000000 -1.000000 0.000000
vn -0.000000 -1.000000 0.000000
vn -0.000000 -1.000000 0.000000
vn -0.000000 -1.000000 0.000000
vn 0.897591 -0.440829 -0.000000
vn 0.774537 -0.632529 -0.000000
vn 0.897591 -0.440829 -0.000000
vn 0.774537 -0.632529 -0.000000
vn 0.666668 -0.745355 -0.000000
vn 0.666668 -0.745355 -0.000000
vn 0.543997 -0.839087 -0.000000
vn 0.543997 -0.839087 -0.000000
vn 0.425472 -0.904972 -0.000000
vn 0.425472 -0.904972 -0.000000
vn 1.000000 -0.000000 -0.000000
vn 1.000000 -0.000000 -0.000000
vn 1.000000 -0.000000 -0.000000
vn 1.000000 -0.000000 -0.000000
vn -0.346289 0.938128 -0.000000
vn -0.440090 0.897954 -0.000000
vn -0.346289 0.938128 -0.000000
vn -0.440090 0.897954 -0.000000
vn -0.508960 0.860790 -0.000000
vn -0.508960 0.860790 -0.000000
vn -0.586746 0.809771 -0.000000
vn -0.586746 0.809771 -0.000000
vn -0.688092 0.725624 -0.000000
vn -0.688092 0.725624 -0.000000
vn 1.000000 -0.000000 -0.000000
vn 1.000000 -0.000000 -0.000000
vn 1.000000 -0.000000 -0.000000
vn 1.000000 -0.000000 -0.000000
vn 0.000000 0.000000 1.000000
vn 0.000000 0.000000 1.000000
vn 0.000000 0.000000 1.000000
vn 0.000000 0.000000 1.000000
vn 0.000000 0.000000 1.000000
vn 0.000000 0.000000 1.000000
vn 0.000000 0.000000 1.000000
vn 0.000000 0.000000 1.000000
vn 0.000000 0.000000 1.000000
vn 0.000000 0.000000 1.000000
vn 0.000000 0.000000 1.000000
vn 0.000000 0.000000 1.000000
vn 0.000000 0.000000 1.000000
usemtl Opaque(152,170,175)
f 2/1/1 48/2/2 1/3/3
f 1/3/3 48/2/2 25/4/4
f 1/5/3 25/6/4 24/7/5
f 24/7/5 25/6/4 26/8/6
f 24/7/5 26/8/6 23/9/7
f 23/9/7 26/8/6 27/10/8
f 23/9/7 27/10/8 22/11/9
f 22/11/9 27/10/8 28/12/10
f 22/11/9 28/12/10 21/13/11
f 21/13/11 28/12/10 29/14/12
f 21/13/11 29/14/12 20/15/13
f 20/15/13 29/14/12 30/16/14
f 20/15/13 30/16/14 19/17/15
f 19/17/15 30/16/14 31/18/16
f 19/17/15 31/18/16 18/19/17
f 18/19/17 31/18/16 32/20/18
f 18/19/17 32/20/18 17/21/19
f 17/21/19 32/20/18 33/22/20
f 17/21/19 33/22/20 16/23/21
f 16/23/21 33/22/20 34/24/22
f 16/23/21 34/24/22 15/25/23
f 15/25/23 34/24/22 35/26/24
f 15/25/23 35/26/24 14/27/25
f 14/27/25 35/26/24 36/28/26
f 14/27/25 36/28/26 13/29/27
f 13/29/27 36/28/26 37/30/28
f 13/29/27 37/30/28 12/31/29
f 12/31/29 37/30/28 38/32/30
f 12/31/29 38/32/30 11/33/31
f 11/33/31 38/32/30 39/34/32
f 11/33/31 39/34/32 10/35/33
f 10/35/33 39/34/32 40/36/34
f 10/35/33 40/36/34 9/37/35
f 9/37/35 40/36/34 41/38/36
f 9/37/35 41/38/36 8/39/37
f 8/39/37 41/38/36 42/40/38
f 8/39/37 42/40/38 7/41/39
f 7/41/39 42/40/38 43/42/40
f 7/41/39 43/42/40 6/43/41
f 6/43/41 43/42/40 44/44/42
f 6/43/41 44/44/42 5/45/43
f 5/45/43 44/44/42 45/46/44
f 5/45/43 45/46/44 4/47/45
f 4/47/45 45/46/44 46/48/46
f 4/47/45 46/48/46 3/49/47
f 3/49/47 46/48/46 47/50/48
f 3/49/47 47/50/48 2/1/1
f 2/1/1 47/50/48 48/2/2
f 50/51/49 96/52/50 49/53/51
f 49/53/51 96/52/50 73/54/52
f 49/55/51 73/56/52 72/57/53
f 72/57/53 73/56/52 74/58/54
f 72/57/53 74/58/54 71/59/55
f 71/59/55 74/58/54 75/60/56
f 71/59/55 75/60/56 70/61/57
f 70/61/57 75/60/56 76/62/58
f 70/61/57 76/62/58 69/63/59
f 69/63/59 76/62/58 77/64/60
f 69/63/59 77/64/60 68/65/61
f 68/65/61 77/64/60 78/66/62
f 68/65/61 78/66/62 67/67/63
f 67/67/63 78/66/62 79/68/64
f 67/67/63 79/68/64 66/69/65
f 66/69/65 79/68/64 80/70/66
f 66/69/65 80/70/66 65/71/67
f 65/71/67 80/70/66 81/72/68
f 65/71/67 81/72/68 64/73/69
f 64/73/69 81/72/68 82/74/70
f 64/73/69 82/74/70 63/75/71
f 63/75/71 82/74/70 83/76/72
f 63/75/71 83/76/72 62/77/73
f 62/77/73 83/76/72 84/78/74
f 62/77/73 84/78/74 61/79/75
f 61/79/75 84/78/74 85/80/76
f 61/79/75 85/80/76 60/81/77
f 60/81/77 85/80/76 86/82/78
f 60/81/77 86/82/78 59/83/79
f 59/83/79 86/82/78 87/84/80
f 59/83/79 87/84/80 58/85/81
f 58/85/81 87/84/80 88/86/82
f 58/85/81 88/86/82 57/87/83
f 57/87/83 88/86/82 89/88/84
f 57/87/83 89/88/84 56/89/85
f 56/89/85 89/88/84 90/90/86
f 56/89/85 90/90/86 55/91/87
f 55/91/87 90/90/86 91/92/88
f 55/91/87 91/92/88 54/93/89
f 54/93/89 91/92/88 92/94/90
f 54/93/89 92/94/90 53/95/91
f 53/95/91 92/94/90 93/96/92
f 53/95/91 93/96/92 52/97/93
f 52/97/93 93/96/92 94/98/94
f 52/97/93 94/98/94 51/99/95
f 51/99/95 94/98/94 95/100/96
f 51/99/95 95/100/96 50/51/49
f 50/51/49 95/100/96 96/52/50
f 98/101/97 144/102/98 97/103/99
f 97/103/99 144/102/98 121/104/100
f 97/105/99 121/106/100 120/107/101
f 120/107/101 121/106/100 122/108/102
f 120/107/101 122/108/102 119/109/103
f 119/109/103 122/108/102 123/110/104
f 119/109/103 123/110/104 118/111/105
f 118/111/105 123/110/104 124/112/106
f 118/111/105 124/112/106 117/113/107
f 117/113/107 124/112/106 125/114/108
f 117/113/107 125/114/108 116/115/109
f 116/115/109 125/114/108 126/116/110
f 116/115/109 126/116/110 115/117/111
f 115/117/111 126/116/110 127/118/112
f 115/117/111 127/118/112 114/119/113
f 114/119/113 127/118/112 128/120/114
f 114/119/113 128/120/114 113/121/115
f 113/121/115 128/120/114 129/122/116
f 113/121/115 129/122/116 112/123/117
f 112/123/117 129/122/116 130/124/118
f 112/123/117 130/124/118 111/125/119
f 111/125/119 130/124/118 131/126/120
f 111/125/119 131/126/120 110/127/121
f 110/127/121 131/126/120 132/128/122
f 110/127/121 132/128/122 109/129/123
f 109/129/123 132/128/122 133/130/124
f 109/129/123 133/130/124 108/131/125
f 108/131/125 133/130/124 134/132/126
f 108/131/125 134/132/126 107/133/127
f 107/133/127 134/132/126 135/134/128
f 107/133/127 135/134/128 106/135/129
f 106/135/129 135/134/128 136/136/130
f 106/135/129 136/136/130 105/137/131
f 105/137/131 136/136/130 137/138/132
f 105/137/131 137/138/132 104/139/133
f 104/139/133 137/138/132 138/140/134
f 104/139/133 138/140/134 103/141/135
f 103/141/135 138/140/134 139/142/136
f 103/141/135 139/142/136 102/143/137
f 102/143/137 139/142/136 140/144/138
f 102/143/137 140/144/138 101/145/139
f 101/145/139 140/144/138 141/146/140
f 101/145/139 141/146/140 100/147/141
f 100/147/141 141/146/140 142/148/142
f 100/147/141 142/148/142 99/149/143
f 99/149/143 142/148/142 143/150/144
f 99/149/143 143/150/144 98/101/97
f 98/101/97 143/150/144 144/102/98
usemtl Opaque(65,96,255)
f 48/151/145 421/152/146 25/153/147
f 25/153/147 421/152/146 93/154/148
f 25/153/147 93/154/148 92/155/149
f 47/156/150 419/157/151 48/151/145
f 48/151/145 419/157/151 420/158/152
f 48/151/145 420/158/152 421/152/146
f 419/157/151 47/156/150 418/159/153
f 418/159/153 47/156/150 46/160/154
f 418/159/153 46/160/154 408/161/155
f 408/161/155 46/160/154 45/162/156
f 408/161/155 45/162/156 407/163/157
f 407/163/157 45/162/156 44/164/158
f 407/163/157 44/164/158 43/165/159
f 407/163/157 43/165/159 460/166/160
f 460/166/160 43/165/159 42/167/161
f 460/166/160 42/167/161 41/168/162
f 460/166/160 41/168/162 459/169/163
f 459/169/163 41/168/162 40/170/164
f 459/169/163 40/170/164 440/171/165
f 440/171/165 40/170/164 39/172/166
f 440/171/165 39/172/166 439/173/167
f 439/173/167 39/172/166 38/174/168
f 439/173/167 38/174/168 438/175/169
f 438/175/169 38/174/168 437/176/170
f 437/176/170 38/174/168 37/177/171
f 437/176/170 37/177/171 137/178/172
f 137/178/172 37/177/171 138/179/173
f 138/179/173 37/177/171 36/180/174
f 138/179/173 36/180/174 139/181/175
f 139/181/175 36/180/174 35/182/176
f 139/181/175 35/182/176 140/183/177
f 140/183/177 35/182/176 141/184/178
f 141/184/178 35/182/176 34/185/179
f 141/184/178 34/185/179 142/186/180
f 142/186/180 34/185/179 33/187/181
f 142/186/180 33/187/181 143/188/182
f 143/188/182 33/187/181 32/189/183
f 143/188/182 32/189/183 31/190/184
f 30/191/185 87/192/186 31/190/184
f 31/190/184 87/192/186 86/193/187
f 31/190/184 86/193/187 144/194/188
f 144/194/188 86/193/187 121/195/189
f 121/195/189 86/193/187 85/196/190
f 121/195/189 85/196/190 122/197/191
f 122/197/191 85/196/190 84/198/192
f 122/197/191 84/198/192 123/199/193
f 123/199/193 84/198/192 83/200/194
f 123/199/193 83/200/194 300/201/195
f 300/201/195 83/200/194 299/202/196
f 299/202/196 83/200/194 82/203/197
f 299/202/196 82/203/197 81/204/198
f 30/191/185 29/205/199 87/192/186
f 87/192/186 29/205/199 88/206/200
f 88/206/200 29/205/199 28/207/201
f 88/206/200 28/207/201 89/208/202
f 89/208/202 28/207/201 27/209/203
f 89/208/202 27/209/203 90/210/204
f 90/210/204 27/209/203 91/211/205
f 91/211/205 27/209/203 26/212/206
f 91/211/205 26/212/206 92/155/149
f 92/155/149 26/212/206 25/153/147
f 96/213/207 424/214/208 73/215/209
f 73/215/209 424/214/208 425/216/210
f 73/215/209 425/216/210 74/217/211
f 74/217/211 425/216/210 426/218/212
f 74/217/211 426/218/212 325/219/213
f 325/219/213 426/218/212 427/220/214
f 325/219/213 427/220/214 428/221/215
f 424/214/208 96/213/207 423/222/216
f 423/222/216 96/213/207 95/223/217
f 423/222/216 95/223/217 422/224/218
f 422/224/218 95/223/217 94/225/219
f 422/224/218 94/225/219 421/152/146
f 421/152/146 94/225/219 93/154/148
f 81/204/198 80/226/220 299/202/196
f 299/202/196 80/226/220 326/227/221
f 299/202/196 326/227/221 297/228/222
f 297/228/222 326/227/221 296/229/223
f 296/229/223 326/227/221 323/230/224
f 296/229/223 323/230/224 294/231/225
f 294/231/225 323/230/224 293/232/226
f 293/232/226 323/230/224 324/233/227
f 293/232/226 324/233/227 281/234/228
f 281/234/228 324/233/227 325/219/213
f 281/234/228 325/219/213 280/235/229
f 280/235/229 325/219/213 428/221/215
f 280/235/229 428/221/215 429/236/230
f 80/226/220 79/237/231 326/227/221
f 326/227/221 79/237/231 78/238/232
f 326/227/221 78/238/232 77/239/233
f 326/227/221 77/239/233 325/219/213
f 325/219/213 77/239/233 76/240/234
f 325/219/213 76/240/234 75/241/235
f 75/241/235 74/217/211 325/219/213
f 144/194/188 143/188/182 31/190/184
f 137/178/172 136/242/236 437/176/170
f 437/176/170 136/242/236 436/243/237
f 436/243/237 136/242/236 135/244/238
f 436/243/237 135/244/238 435/245/239
f 435/245/239 135/244/238 134/246/240
f 435/245/239 134/246/240 458/247/241
f 458/247/241 134/246/240 133/248/242
f 458/247/241 133/248/242 457/249/243
f 457/249/243 133/248/242 132/250/244
f 457/249/243 132/250/244 456/251/245
f 456/251/245 132/250/244 131/252/246
f 456/251/245 131/252/246 455/253/247
f 455/253/247 131/252/246 319/254/248
f 455/253/247 319/254/248 454/255/249
f 454/255/249 319/254/248 453/256/250
f 453/256/250 319/254/248 321/257/251
f 453/256/250 321/257/251 452/258/252
f 452/258/252 321/257/251 451/259/253
f 451/259/253 321/257/251 162/260/254
f 451/259/253 162/260/254 450/261/255
f 450/261/255 162/260/254 449/262/256
f 449/262/256 162/260/254 163/263/257
f 449/262/256 163/263/257 448/264/258
f 448/264/258 163/263/257 447/265/259
f 447/265/259 163/263/257 446/266/260
f 446/266/260 163/263/257 445/267/261
f 445/267/261 163/263/257 444/268/262
f 444/268/262 163/263/257 443/269/263
f 443/269/263 163/263/257 176/270/264
f 443/269/263 176/270/264 442/271/265
f 442/271/265 176/270/264 441/272/266
f 441/272/266 176/270/264 459/169/163
f 441/272/266 459/169/163 440/171/165
f 131/252/246 130/273/267 319/254/248
f 319/254/248 130/273/267 302/274/268
f 319/254/248 302/274/268 306/275/269
f 306/275/269 302/274/268 303/276/270
f 306/275/269 303/276/270 305/277/271
f 305/277/271 303/276/270 304/278/272
f 130/273/267 129/279/273 302/274/268
f 302/274/268 129/279/273 128/280/274
f 302/274/268 128/280/274 127/281/275
f 302/274/268 127/281/275 300/201/195
f 300/201/195 127/281/275 126/282/276
f 300/201/195 126/282/276 125/283/277
f 125/283/277 124/284/278 300/201/195
f 300/201/195 124/284/278 123/199/193
f 145/285/279 146/286/280 322/287/281
f 322/287/281 146/286/280 147/288/282
f 322/287/281 147/288/282 159/289/283
f 159/289/283 147/288/282 158/290/284
f 158/290/284 147/288/282 157/291/285
f 157/291/285 147/288/282 156/292/286
f 156/292/286 147/288/282 155/293/287
f 155/293/287 147/288/282 149/294/288
f 155/293/287 149/294/288 154/295/289
f 154/295/289 149/294/288 153/296/290
f 153/296/290 149/294/288 152/297/291
f 152/297/291 149/294/288 151/298/292
f 151/298/292 149/294/288 150/299/293
f 147/288/282 148/300/294 149/294/288
f 159/289/283 160/301/295 322/287/281
f 322/287/281 160/301/295 161/302/296
f 322/287/281 161/302/296 162/260/254
f 163/263/257 164/303/297 176/270/264
f 176/270/264 164/303/297 175/304/298
f 175/304/298 164/303/297 174/305/299
f 174/305/299 164/303/297 165/306/300
f 174/305/299 165/306/300 168/307/301
f 168/307/301 165/306/300 167/308/302
f 167/308/302 165/306/300 166/309/303
f 168/307/301 169/310/304 174/305/299
f 174/305/299 169/310/304 170/311/305
f 174/305/299 170/311/305 171/312/306
f 171/312/306 172/313/307 174/305/299
f 174/305/299 172/313/307 173/314/308
f 459/169/163 176/270/264 462/315/309
f 462/315/309 176/270/264 177/316/310
f 462/315/309 177/316/310 184/317/311
f 184/317/311 177/316/310 183/318/312
f 183/318/312 177/316/310 180/319/313
f 183/318/312 180/319/313 181/320/314
f 177/316/310 178/321/315 180/319/313
f 180/319/313 178/321/315 179/322/316
f 181/320/314 182/323/317 183/318/312
f 185/324/318 186/325/319 184/317/311
f 184/317/311 186/325/319 463/326/320
f 184/317/311 463/326/320 462/315/309
f 462/315/309 463/326/320 464/327/321
f 462/315/309 464/327/321 461/328/322
f 461/328/322 464/327/321 403/329/323
f 461/328/322 403/329/323 410/330/324
f 410/330/324 403/329/323 409/331/325
f 409/331/325 403/329/323 404/332/326
f 409/331/325 404/332/326 237/333/327
f 237/333/327 404/332/326 235/334/328
f 237/333/327 235/334/328 236/335/329
f 463/326/320 186/325/319 466/336/330
f 466/336/330 186/325/319 187/337/331
f 466/336/330 187/337/331 197/338/332
f 197/338/332 187/337/331 189/339/333
f 197/338/332 189/339/333 196/340/334
f 196/340/334 189/339/333 190/341/335
f 196/340/334 190/341/335 193/342/336
f 193/342/336 190/341/335 192/343/337
f 192/343/337 190/341/335 191/344/338
f 187/337/331 188/345/339 189/339/333
f 194/346/340 195/347/341 193/342/336
f 193/342/336 195/347/341 196/340/334
f 197/338/332 198/348/342 466/336/330
f 466/336/330 198/348/342 199/349/343
f 466/336/330 199/349/343 369/350/344
f 369/350/344 199/349/343 368/351/345
f 368/351/345 199/349/343 200/352/346
f 368/351/345 200/352/346 367/353/347
f 367/353/347 200/352/346 201/354/348
f 367/353/347 201/354/348 366/355/349
f 366/355/349 201/354/348 365/356/350
f 365/356/350 201/354/348 364/357/351
f 364/357/351 201/354/348 363/358/352
f 363/358/352 201/354/348 362/359/353
f 362/359/353 201/354/348 327/360/354
f 362/359/353 327/360/354 328/361/355
f 202/362/356 208/363/357 201/354/348
f 201/354/348 208/363/357 353/364/358
f 201/354/348 353/364/358 354/365/359
f 203/366/360 204/367/361 202/362/356
f 202/362/356 204/367/361 207/368/362
f 202/362/356 207/368/362 208/363/357
f 204/367/361 205/369/363 207/368/362
f 207/368/362 205/369/363 206/370/364
f 209/371/365 210/372/366 208/363/357
f 208/363/357 210/372/366 352/373/367
f 208/363/357 352/373/367 353/364/358
f 211/374/368 349/375/369 210/372/366
f 210/372/366 349/375/369 350/376/370
f 210/372/366 350/376/370 351/377/371
f 212/378/372 213/379/373 211/374/368
f 211/374/368 213/379/373 348/380/374
f 211/374/368 348/380/374 349/375/369
f 348/380/374 213/379/373 219/381/375
f 219/381/375 213/379/373 214/382/376
f 219/381/375 214/382/376 217/383/377
f 217/383/377 214/382/376 216/384/378
f 216/384/378 214/382/376 215/385/379
f 217/383/377 218/386/380 219/381/375
f 220/387/381 344/388/382 219/381/375
f 219/381/375 344/388/382 345/389/383
f 219/381/375 345/389/383 346/390/384
f 221/391/385 379/392/386 220/387/381
f 220/387/381 379/392/386 380/393/387
f 220/387/381 380/393/387 381/394/388
f 379/392/386 221/391/385 402/395/389
f 402/395/389 221/391/385 222/396/390
f 402/395/389 222/396/390 401/397/391
f 401/397/391 222/396/390 405/398/392
f 401/397/391 405/398/392 400/399/393
f 400/399/393 405/398/392 399/400/394
f 399/400/394 405/398/392 406/401/395
f 399/400/394 406/401/395 398/402/396
f 398/402/396 406/401/395 397/403/397
f 397/403/397 406/401/395 396/404/398
f 396/404/398 406/401/395 395/405/399
f 395/405/399 406/401/395 394/406/400
f 394/406/400 406/401/395 393/407/401
f 393/407/401 406/401/395 465/408/402
f 393/407/401 465/408/402 377/409/403
f 377/409/403 465/408/402 376/410/404
f 376/410/404 465/408/402 375/411/405
f 375/411/405 465/408/402 374/412/406
f 374/412/406 465/408/402 373/413/407
f 373/413/407 465/408/402 372/414/408
f 372/414/408 465/408/402 371/415/409
f 371/415/409 465/408/402 466/336/330
f 371/415/409 466/336/330 370/416/410
f 370/416/410 466/336/330 369/350/344
f 222/396/390 223/417/411 405/398/392
f 405/398/392 223/417/411 224/418/412
f 405/398/392 224/418/412 234/419/413
f 234/419/413 224/418/412 232/420/414
f 234/419/413 232/420/414 233/421/415
f 224/418/412 225/422/416 232/420/414
f 232/420/414 225/422/416 231/423/417
f 231/423/417 225/422/416 228/424/418
f 231/423/417 228/424/418 229/425/419
f 225/422/416 226/426/420 228/424/418
f 228/424/418 226/426/420 227/427/421
f 229/425/419 230/428/422 231/423/417
f 405/398/392 234/419/413 404/332/326
f 404/332/326 234/419/413 235/334/328
f 409/331/325 237/333/327 244/429/423
f 244/429/423 237/333/327 238/430/424
f 244/429/423 238/430/424 241/431/425
f 241/431/425 238/430/424 240/432/426
f 240/432/426 238/430/424 239/433/427
f 241/431/425 242/434/428 244/429/423
f 244/429/423 242/434/428 243/435/429
f 409/331/325 244/429/423 408/161/155
f 408/161/155 244/429/423 245/436/430
f 408/161/155 245/436/430 417/437/431
f 417/437/431 245/436/430 416/438/432
f 416/438/432 245/436/430 415/439/433
f 415/439/433 245/436/430 258/440/434
f 415/439/433 258/440/434 414/441/435
f 414/441/435 258/440/434 413/442/436
f 413/442/436 258/440/434 412/443/437
f 412/443/437 258/440/434 411/444/438
f 411/444/438 258/440/434 434/445/439
f 434/445/439 258/440/434 433/446/440
f 433/446/440 258/440/434 259/447/441
f 433/446/440 259/447/441 432/448/442
f 432/448/442 259/447/441 431/449/443
f 431/449/443 259/447/441 278/450/444
f 431/449/443 278/450/444 430/451/445
f 430/451/445 278/450/444 429/236/230
f 429/236/230 278/450/444 280/235/229
f 258/440/434 245/436/430 257/452/446
f 257/452/446 245/436/430 246/453/447
f 257/452/446 246/453/447 247/454/448
f 248/455/449 249/456/450 247/454/448
f 247/454/448 249/456/450 250/457/451
f 247/454/448 250/457/451 251/458/452
f 251/458/452 252/459/453 247/454/448
f 247/454/448 252/459/453 253/460/454
f 247/454/448 253/460/454 256/461/455
f 256/461/455 253/460/454 254/462/456
f 256/461/455 254/462/456 255/463/457
f 256/461/455 257/452/446 247/454/448
f 278/450/444 259/447/441 277/464/458
f 277/464/458 259/447/441 260/465/459
f 277/464/458 260/465/459 261/466/460
f 261/466/460 262/467/461 277/464/458
f 277/464/458 262/467/461 274/468/462
f 277/464/458 274/468/462 275/469/463
f 262/467/461 263/470/464 274/468/462
f 274/468/462 263/470/464 264/471/465
f 274/468/462 264/471/465 265/472/466
f 265/472/466 266/473/467 274/468/462
f 274/468/462 266/473/467 272/474/468
f 274/468/462 272/474/468 273/475/469
f 266/473/467 267/476/470 272/474/468
f 272/474/468 267/476/470 268/477/471
f 272/474/468 268/477/471 269/478/472
f 269/478/472 270/479/473 272/474/468
f 272/474/468 270/479/473 271/480/474
f 275/469/463 276/481/475 277/464/458
f 278/450/444 279/482/476 280/235/229
f 282/483/477 283/484/478 281/234/228
f 281/234/228 283/484/478 293/232/226
f 284/485/479 290/486/480 283/484/478
f 283/484/478 290/486/480 291/487/481
f 283/484/478 291/487/481 292/488/482
f 285/489/483 286/490/484 284/485/479
f 284/485/479 286/490/484 287/491/485
f 284/485/479 287/491/485 290/486/480
f 290/486/480 287/491/485 289/492/486
f 289/492/486 287/491/485 288/493/487
f 292/488/482 293/232/226 283/484/478
f 294/231/225 295/494/488 296/229/223
f 297/228/222 298/495/489 299/202/196
f 300/201/195 301/496/490 302/274/268
f 307/497/491 316/498/492 306/275/269
f 306/275/269 316/498/492 318/499/493
f 306/275/269 318/499/493 319/254/248
f 307/497/491 308/500/494 316/498/492
f 316/498/492 308/500/494 309/501/495
f 316/498/492 309/501/495 315/502/496
f 315/502/496 309/501/495 312/503/497
f 315/502/496 312/503/497 313/504/498
f 309/501/495 310/505/499 312/503/497
f 312/503/497 310/505/499 311/506/500
f 313/504/498 314/507/501 315/502/496
f 316/498/492 317/508/502 318/499/493
f 319/254/248 320/509/503 321/257/251
f 321/257/251 322/287/281 162/260/254
f 362/359/353 328/361/355 361/510/504
f 361/510/504 328/361/355 329/511/505
f 361/510/504 329/511/505 360/512/506
f 360/512/506 329/511/505 330/513/507
f 360/512/506 330/513/507 359/514/508
f 359/514/508 330/513/507 331/515/509
f 359/514/508 331/515/509 358/516/510
f 358/516/510 331/515/509 332/517/511
f 358/516/510 332/517/511 357/518/512
f 357/518/512 332/517/511 333/519/513
f 357/518/512 333/519/513 356/520/514
f 356/520/514 333/519/513 334/521/515
f 356/520/514 334/521/515 355/522/516
f 355/522/516 334/521/515 391/523/517
f 355/522/516 391/523/517 378/524/518
f 378/524/518 391/523/517 392/525/519
f 378/524/518 392/525/519 377/409/403
f 377/409/403 392/525/519 393/407/401
f 335/526/520 388/527/521 334/521/515
f 334/521/515 388/527/521 389/528/522
f 334/521/515 389/528/522 390/529/523
f 336/530/524 383/531/525 335/526/520
f 335/526/520 383/531/525 384/532/526
f 335/526/520 384/532/526 385/533/527
f 383/531/525 336/530/524 382/534/528
f 382/534/528 336/530/524 337/535/529
f 382/534/528 337/535/529 381/394/388
f 381/394/388 337/535/529 220/387/381
f 337/535/529 338/536/530 220/387/381
f 220/387/381 338/536/530 339/537/531
f 220/387/381 339/537/531 340/538/532
f 340/538/532 341/539/533 220/387/381
f 220/387/381 341/539/533 342/540/534
f 220/387/381 342/540/534 343/541/535
f 343/541/535 344/388/382 220/387/381
f 346/390/384 347/542/536 219/381/375
f 219/381/375 347/542/536 348/380/374
f 351/377/371 352/373/367 210/372/366
f 354/365/359 327/360/354 201/354/348
f 385/533/527 386/543/537 335/526/520
f 335/526/520 386/543/537 387/544/538
f 335/526/520 387/544/538 388/527/521
f 390/529/523 391/523/517 334/521/515
f 465/408/402 406/401/395 464/327/321
f 464/327/321 406/401/395 403/329/323
f 461/328/322 410/330/324 460/166/160
f 460/166/160 410/330/324 407/163/157
f 417/437/431 418/159/153 408/161/155
f 24/545/539 54/546/540 1/547/541
f 1/547/541 54/546/540 53/548/542
f 1/547/541 53/548/542 747/549/543
f 747/549/543 53/548/542 52/550/544
f 747/549/543 52/550/544 746/551/545
f 746/551/545 52/550/544 51/552/546
f 746/551/545 51/552/546 745/553/547
f 745/553/547 51/552/546 50/554/548
f 745/553/547 50/554/548 768/555/549
f 768/555/549 50/554/548 49/556/550
f 768/555/549 49/556/550 767/557/551
f 767/557/551 49/556/550 72/558/552
f 767/557/551 72/558/552 766/559/553
f 766/559/553 72/558/552 71/560/554
f 766/559/553 71/560/554 765/561/555
f 765/561/555 71/560/554 512/562/556
f 765/561/555 512/562/556 764/563/557
f 764/563/557 512/562/556 763/564/558
f 763/564/558 512/562/556 514/565/559
f 763/564/558 514/565/559 762/566/560
f 762/566/560 514/565/559 761/567/561
f 761/567/561 514/565/559 533/568/562
f 761/567/561 533/568/562 760/569/563
f 760/569/563 533/568/562 759/570/564
f 759/570/564 533/568/562 534/571/565
f 759/570/564 534/571/565 758/572/566
f 758/572/566 534/571/565 757/573/567
f 757/573/567 534/571/565 756/574/568
f 756/574/568 534/571/565 755/575/569
f 755/575/569 534/571/565 754/576/570
f 754/576/570 534/571/565 753/577/571
f 753/577/571 534/571/565 547/578/572
f 753/577/571 547/578/572 752/579/573
f 752/579/573 547/578/572 751/580/574
f 751/580/574 547/578/572 774/581/575
f 751/580/574 774/581/575 750/582/576
f 750/582/576 774/581/575 4/583/577
f 750/582/576 4/583/577 3/584/578
f 54/546/540 24/545/539 55/585/579
f 55/585/579 24/545/539 23/586/580
f 55/585/579 23/586/580 56/587/581
f 56/587/581 23/586/580 57/588/582
f 57/588/582 23/586/580 22/589/583
f 57/588/582 22/589/583 58/590/584
f 58/590/584 22/589/583 21/591/585
f 58/590/584 21/591/585 59/592/586
f 59/592/586 21/591/585 20/593/587
f 59/592/586 20/593/587 19/594/588
f 18/595/589 99/596/590 19/594/588
f 19/594/588 99/596/590 98/597/591
f 19/594/588 98/597/591 60/598/592
f 60/598/592 98/597/591 61/599/593
f 61/599/593 98/597/591 97/600/594
f 61/599/593 97/600/594 62/601/595
f 62/601/595 97/600/594 120/602/596
f 62/601/595 120/602/596 63/603/597
f 63/603/597 120/602/596 119/604/598
f 63/603/597 119/604/598 493/605/599
f 493/605/599 119/604/598 492/606/600
f 492/606/600 119/604/598 118/607/601
f 492/606/600 118/607/601 117/608/602
f 18/595/589 17/609/603 99/596/590
f 99/596/590 17/609/603 100/610/604
f 100/610/604 17/609/603 16/611/605
f 100/610/604 16/611/605 101/612/606
f 101/612/606 16/611/605 15/613/607
f 101/612/606 15/613/607 102/614/608
f 102/614/608 15/613/607 103/615/609
f 103/615/609 15/613/607 14/616/610
f 103/615/609 14/616/610 104/617/611
f 104/617/611 14/616/610 13/618/612
f 104/617/611 13/618/612 105/619/613
f 105/619/613 13/618/612 731/620/614
f 105/619/613 731/620/614 106/621/615
f 106/621/615 731/620/614 732/622/616
f 106/621/615 732/622/616 107/623/617
f 107/623/617 732/622/616 733/624/618
f 107/623/617 733/624/618 108/625/619
f 108/625/619 733/624/618 734/626/620
f 108/625/619 734/626/620 109/627/621
f 109/627/621 734/626/620 735/628/622
f 109/627/621 735/628/622 110/629/623
f 110/629/623 735/628/622 736/630/624
f 110/629/623 736/630/624 111/631/625
f 111/631/625 736/630/624 737/632/626
f 111/631/625 737/632/626 473/633/627
f 473/633/627 737/632/626 738/634/628
f 473/633/627 738/634/628 739/635/629
f 13/618/612 12/636/630 731/620/614
f 731/620/614 12/636/630 730/637/631
f 730/637/631 12/636/630 729/638/632
f 729/638/632 12/636/630 11/639/633
f 729/638/632 11/639/633 728/640/634
f 728/640/634 11/639/633 10/641/635
f 728/640/634 10/641/635 771/642/636
f 771/642/636 10/641/635 9/643/637
f 771/642/636 9/643/637 770/644/638
f 770/644/638 9/643/637 8/645/639
f 770/644/638 8/645/639 7/646/640
f 770/644/638 7/646/640 775/647/641
f 775/647/641 7/646/640 6/648/642
f 775/647/641 6/648/642 5/649/643
f 775/647/641 5/649/643 774/581/575
f 774/581/575 5/649/643 4/583/577
f 750/582/576 3/584/578 749/650/644
f 749/650/644 3/584/578 2/651/645
f 749/650/644 2/651/645 748/652/646
f 748/652/646 2/651/645 747/549/543
f 747/549/543 2/651/645 1/547/541
f 71/560/554 70/653/647 512/562/556
f 512/562/556 70/653/647 495/654/648
f 512/562/556 495/654/648 499/655/649
f 499/655/649 495/654/648 496/656/650
f 499/655/649 496/656/650 498/657/651
f 498/657/651 496/656/650 497/658/652
f 70/653/647 69/659/653 495/654/648
f 495/654/648 69/659/653 68/660/654
f 495/654/648 68/660/654 67/661/655
f 495/654/648 67/661/655 493/605/599
f 493/605/599 67/661/655 66/662/656
f 493/605/599 66/662/656 65/663/657
f 65/663/657 64/664/658 493/605/599
f 493/605/599 64/664/658 63/603/597
f 60/598/592 59/592/586 19/594/588
f 117/608/602 116/665/659 492/606/600
f 492/606/600 116/665/659 115/666/660
f 492/606/600 115/666/660 490/667/661
f 490/667/661 115/666/660 114/668/662
f 490/667/661 114/668/662 113/669/663
f 113/669/663 112/670/664 490/667/661
f 490/667/661 112/670/664 473/633/627
f 490/667/661 473/633/627 486/671/665
f 486/671/665 473/633/627 474/672/666
f 486/671/665 474/672/666 476/673/667
f 476/673/667 474/672/666 475/674/668
f 112/670/664 111/631/625 473/633/627
f 468/675/669 470/676/670 467/677/671
f 467/677/671 470/676/670 633/678/672
f 467/677/671 633/678/672 634/679/673
f 468/675/669 469/680/674 470/676/670
f 471/681/675 630/682/676 470/676/670
f 470/676/670 630/682/676 631/683/677
f 470/676/670 631/683/677 632/684/678
f 472/685/679 473/633/627 471/681/675
f 471/681/675 473/633/627 739/635/629
f 471/681/675 739/635/629 740/686/680
f 477/687/681 483/688/682 476/673/667
f 476/673/667 483/688/682 484/689/683
f 476/673/667 484/689/683 485/690/684
f 478/691/685 479/692/686 477/687/681
f 477/687/681 479/692/686 480/693/687
f 477/687/681 480/693/687 483/688/682
f 483/688/682 480/693/687 482/694/688
f 482/694/688 480/693/687 481/695/689
f 485/690/684 486/671/665 476/673/667
f 490/667/661 486/671/665 489/696/690
f 489/696/690 486/671/665 487/697/691
f 489/696/690 487/697/691 488/698/692
f 490/667/661 491/699/693 492/606/600
f 493/605/599 494/700/694 495/654/648
f 500/701/695 509/702/696 499/655/649
f 499/655/649 509/702/696 511/703/697
f 499/655/649 511/703/697 512/562/556
f 500/701/695 501/704/698 509/702/696
f 509/702/696 501/704/698 502/705/699
f 509/702/696 502/705/699 508/706/700
f 508/706/700 502/705/699 505/707/701
f 508/706/700 505/707/701 506/708/702
f 502/705/699 503/709/703 505/707/701
f 505/707/701 503/709/703 504/710/704
f 506/708/702 507/711/705 508/706/700
f 509/702/696 510/712/706 511/703/697
f 512/562/556 513/713/707 514/565/559
f 514/565/559 515/714/708 533/568/562
f 533/568/562 515/714/708 532/715/709
f 532/715/709 515/714/708 531/716/710
f 531/716/710 515/714/708 530/717/711
f 530/717/711 515/714/708 518/718/712
f 530/717/711 518/718/712 529/719/713
f 529/719/713 518/718/712 528/720/714
f 528/720/714 518/718/712 527/721/715
f 527/721/715 518/718/712 526/722/716
f 526/722/716 518/718/712 520/723/717
f 526/722/716 520/723/717 525/724/718
f 525/724/718 520/723/717 524/725/719
f 524/725/719 520/723/717 523/726/720
f 523/726/720 520/723/717 522/727/721
f 522/727/721 520/723/717 521/728/722
f 516/729/723 517/730/724 515/714/708
f 515/714/708 517/730/724 518/718/712
f 518/718/712 519/731/725 520/723/717
f 534/571/565 535/732/726 547/578/572
f 547/578/572 535/732/726 546/733/727
f 546/733/727 535/732/726 545/734/728
f 545/734/728 535/732/726 536/735/729
f 545/734/728 536/735/729 539/736/730
f 539/736/730 536/735/729 538/737/731
f 538/737/731 536/735/729 537/738/732
f 539/736/730 540/739/733 545/734/728
f 545/734/728 540/739/733 541/740/734
f 545/734/728 541/740/734 542/741/735
f 542/741/735 543/742/736 545/734/728
f 545/734/728 543/742/736 544/743/737
f 774/581/575 547/578/572 773/744/738
f 773/744/738 547/578/572 548/745/739
f 773/744/738 548/745/739 555/746/740
f 555/746/740 548/745/739 554/747/741
f 554/747/741 548/745/739 551/748/742
f 554/747/741 551/748/742 552/749/743
f 548/745/739 549/750/744 551/748/742
f 551/748/742 549/750/744 550/751/745
f 552/749/743 553/752/746 554/747/741
f 556/753/747 557/754/748 555/746/740
f 555/746/740 557/754/748 782/755/749
f 555/746/740 782/755/749 773/744/738
f 773/744/738 782/755/749 783/756/750
f 773/744/738 783/756/750 776/757/751
f 776/757/751 783/756/750 778/758/752
f 776/757/751 778/758/752 769/759/753
f 769/759/753 778/758/752 772/760/754
f 772/760/754 778/758/752 779/761/755
f 772/760/754 779/761/755 608/762/756
f 608/762/756 779/761/755 606/763/757
f 608/762/756 606/763/757 607/764/758
f 782/755/749 557/754/748 781/765/759
f 781/765/759 557/754/748 558/766/760
f 781/765/759 558/766/760 568/767/761
f 568/767/761 558/766/760 560/768/762
f 568/767/761 560/768/762 567/769/763
f 567/769/763 560/768/762 561/770/764
f 567/769/763 561/770/764 564/771/765
f 564/771/765 561/770/764 563/772/766
f 563/772/766 561/770/764 562/773/767
f 558/766/760 559/774/768 560/768/762
f 565/775/769 566/776/770 564/771/765
f 564/771/765 566/776/770 567/769/763
f 568/767/761 569/777/771 781/765/759
f 781/765/759 569/777/771 570/778/772
f 781/765/759 570/778/772 699/779/773
f 699/779/773 570/778/772 698/780/774
f 698/780/774 570/778/772 571/781/775
f 698/780/774 571/781/775 697/782/776
f 697/782/776 571/781/775 572/783/777
f 697/782/776 572/783/777 720/784/778
f 720/784/778 572/783/777 719/785/779
f 719/785/779 572/783/777 650/786/780
f 719/785/779 650/786/780 718/787/781
f 718/787/781 650/786/780 651/788/782
f 718/787/781 651/788/782 717/789/783
f 717/789/783 651/788/782 652/790/784
f 717/789/783 652/790/784 716/791/785
f 716/791/785 652/790/784 715/792/786
f 715/792/786 652/790/784 714/793/787
f 714/793/787 652/790/784 713/794/788
f 713/794/788 652/790/784 712/795/789
f 712/795/789 652/790/784 653/796/790
f 712/795/789 653/796/790 711/797/791
f 711/797/791 653/796/790 710/798/792
f 710/798/792 653/796/790 709/799/793
f 709/799/793 653/796/790 673/800/794
f 709/799/793 673/800/794 708/801/795
f 708/801/795 673/800/794 674/802/796
f 708/801/795 674/802/796 707/803/797
f 707/803/797 674/802/796 675/804/798
f 707/803/797 675/804/798 784/805/799
f 784/805/799 675/804/798 777/806/800
f 784/805/799 777/806/800 783/756/750
f 783/756/750 777/806/800 778/758/752
f 573/807/801 671/808/802 572/783/777
f 572/783/777 671/808/802 672/809/803
f 572/783/777 672/809/803 645/810/804
f 574/811/805 575/812/806 573/807/801
f 573/807/801 575/812/806 578/813/807
f 573/807/801 578/813/807 579/814/808
f 575/812/806 576/815/809 578/813/807
f 578/813/807 576/815/809 577/816/810
f 580/817/811 581/818/812 579/814/808
f 579/814/808 581/818/812 667/819/813
f 579/814/808 667/819/813 573/807/801
f 573/807/801 667/819/813 668/820/814
f 573/807/801 668/820/814 669/821/815
f 667/819/813 581/818/812 666/822/816
f 666/822/816 581/818/812 582/823/817
f 666/822/816 582/823/817 665/824/818
f 665/824/818 582/823/817 664/825/819
f 664/825/819 582/823/817 663/826/820
f 663/826/820 582/823/817 584/827/821
f 663/826/820 584/827/821 662/828/822
f 662/828/822 584/827/821 591/829/823
f 662/828/822 591/829/823 661/830/824
f 661/830/824 591/829/823 660/831/825
f 660/831/825 591/829/823 690/832/826
f 660/831/825 690/832/826 659/833/827
f 659/833/827 690/832/826 691/834/828
f 659/833/827 691/834/828 658/835/829
f 658/835/829 691/834/828 692/836/830
f 658/835/829 692/836/830 657/837/831
f 657/837/831 692/836/830 693/838/832
f 657/837/831 693/838/832 656/839/833
f 656/839/833 693/838/832 694/840/834
f 656/839/833 694/840/834 655/841/835
f 655/841/835 694/840/834 695/842/836
f 655/841/835 695/842/836 654/843/837
f 654/843/837 695/842/836 696/844/838
f 654/843/837 696/844/838 653/796/790
f 653/796/790 696/844/838 673/800/794
f 582/823/817 583/845/839 584/827/821
f 591/829/823 584/827/821 590/846/840
f 590/846/840 584/827/821 585/847/841
f 590/846/840 585/847/841 588/848/842
f 588/848/842 585/847/841 587/849/843
f 587/849/843 585/847/841 586/850/844
f 588/848/842 589/851/845 590/846/840
f 592/852/846 685/853/847 591/829/823
f 591/829/823 685/853/847 686/854/848
f 591/829/823 686/854/848 687/855/849
f 685/853/847 592/852/846 684/856/850
f 684/856/850 592/852/846 593/857/851
f 684/856/850 593/857/851 683/858/852
f 683/858/852 593/857/851 780/859/853
f 683/858/852 780/859/853 682/860/854
f 682/860/854 780/859/853 681/861/855
f 681/861/855 780/859/853 777/806/800
f 681/861/855 777/806/800 680/862/856
f 680/862/856 777/806/800 679/863/857
f 679/863/857 777/806/800 678/864/858
f 678/864/858 777/806/800 677/865/859
f 677/865/859 777/806/800 676/866/860
f 676/866/860 777/806/800 675/804/798
f 593/857/851 594/867/861 780/859/853
f 780/859/853 594/867/861 595/868/862
f 780/859/853 595/868/862 605/869/863
f 605/869/863 595/868/862 603/870/864
f 605/869/863 603/870/864 604/871/865
f 595/868/862 596/872/866 603/870/864
f 603/870/864 596/872/866 602/873/867
f 602/873/867 596/872/866 599/874/868
f 602/873/867 599/874/868 600/875/869
f 596/872/866 597/876/870 599/874/868
f 599/874/868 597/876/870 598/877/871
f 600/875/869 601/878/872 602/873/867
f 780/859/853 605/869/863 779/761/755
f 779/761/755 605/869/863 606/763/757
f 772/760/754 608/762/756 615/879/873
f 615/879/873 608/762/756 609/880/874
f 615/879/873 609/880/874 612/881/875
f 612/881/875 609/880/874 611/882/876
f 611/882/876 609/880/874 610/883/877
f 612/881/875 613/884/878 615/879/873
f 615/879/873 613/884/878 614/885/879
f 772/760/754 615/879/873 771/642/636
f 771/642/636 615/879/873 616/886/880
f 771/642/636 616/886/880 727/887/881
f 727/887/881 616/886/880 726/888/882
f 726/888/882 616/886/880 725/889/883
f 725/889/883 616/886/880 629/890/884
f 725/889/883 629/890/884 724/891/885
f 724/891/885 629/890/884 723/892/886
f 723/892/886 629/890/884 722/893/887
f 722/893/887 629/890/884 721/894/888
f 721/894/888 629/890/884 744/895/889
f 744/895/889 629/890/884 743/896/890
f 743/896/890 629/890/884 630/682/676
f 743/896/890 630/682/676 742/897/891
f 742/897/891 630/682/676 741/898/892
f 741/898/892 630/682/676 471/681/675
f 741/898/892 471/681/675 740/686/680
f 629/890/884 616/886/880 628/899/893
f 628/899/893 616/886/880 617/900/894
f 628/899/893 617/900/894 618/901/895
f 619/902/896 620/903/897 618/901/895
f 618/901/895 620/903/897 621/904/898
f 618/901/895 621/904/898 622/905/899
f 622/905/899 623/906/900 618/901/895
f 618/901/895 623/906/900 624/907/901
f 618/901/895 624/907/901 627/908/902
f 627/908/902 624/907/901 625/909/903
f 627/908/902 625/909/903 626/910/904
f 627/908/902 628/899/893 618/901/895
f 632/684/678 633/678/672 470/676/670
f 634/679/673 635/911/905 467/677/671
f 467/677/671 635/911/905 636/912/906
f 467/677/671 636/912/906 637/913/907
f 467/677/671 637/913/907 643/914/908
f 643/914/908 637/913/907 638/915/909
f 643/914/908 638/915/909 639/916/910
f 639/916/910 640/917/911 643/914/908
f 643/914/908 640/917/911 641/918/912
f 643/914/908 641/918/912 642/919/913
f 643/914/908 644/920/914 467/677/671
f 645/810/804 646/921/915 572/783/777
f 572/783/777 646/921/915 647/922/916
f 572/783/777 647/922/916 648/923/917
f 648/923/917 649/924/918 572/783/777
f 572/783/777 649/924/918 650/786/780
f 669/821/815 670/925/919 573/807/801
f 573/807/801 670/925/919 671/808/802
f 687/855/849 688/926/920 591/829/823
f 591/829/823 688/926/920 689/927/921
f 591/829/823 689/927/921 690/832/826
f 699/779/773 700/928/922 781/765/759
f 781/765/759 700/928/922 701/929/923
f 781/765/759 701/929/923 784/805/799
f 784/805/799 701/929/923 702/930/924
f 784/805/799 702/930/924 703/931/925
f 703/931/925 704/932/926 784/805/799
f 784/805/799 704/932/926 705/933/927
f 784/805/799 705/933/927 706/934/928
f 706/934/928 707/803/797 784/805/799
f 727/887/881 728/640/634 771/642/636
f 776/757/751 769/759/753 775/647/641
f 775/647/641 769/759/753 770/644/638
f 611/935/929 181/936/930 612/937/931
f 612/937/931 181/936/930 180/938/932
f 479/939/933 313/940/934 480/941/935
f 480/941/935 313/940/934 312/942/936
f 517/943/937 275/944/938 518/945/939
f 518/945/939 275/944/938 274/946/940
f 563/947/941 229/948/942 564/949/943
f 564/949/943 229/948/942 228/950/944
f 643/951/945 149/952/946 644/953/947
f 644/953/947 149/952/946 148/954/948
f 545/955/949 247/956/950 546/957/951
f 546/957/951 247/956/950 246/958/952
f 174/959/953 618/960/954 175/961/955
f 175/961/955 618/960/954 617/962/956
f 549/963/957 243/964/958 550/965/959
f 550/965/959 243/964/958 242/966/960
f 481/967/961 311/968/962 482/969/963
f 482/969/963 311/968/962 310/970/964
f 178/971/965 614/972/966 179/973/967
f 179/973/967 614/972/966 613/974/968
f 565/975/969 227/976/970 566/977/971
f 566/977/971 227/976/970 226/978/972
f 272/979/973 520/980/974 273/981/975
f 273/981/975 520/980/974 519/982/976
f 486/983/977 306/984/978 487/985/979
f 487/985/979 306/984/978 305/986/980
f 502/987/981 290/988/982 503/989/983
f 503/989/983 290/988/982 289/990/984
f 293/991/985 499/992/986 294/993/987
f 294/993/987 499/992/986 498/994/988
f 589/995/989 203/996/990 590/997/991
f 590/997/991 203/996/990 202/998/992
f 218/999/993 574/1000/994 219/1001/995
f 219/1001/995 574/1000/994 573/1002/996
f 201/1003/997 591/1004/998 202/1005/999
f 202/1005/999 591/1004/998 590/1006/1000
f 596/1007/1001 196/1008/1002 597/1009/1003
f 597/1009/1003 196/1008/1002 195/1010/1004
f 194/1011/1005 598/1012/1006 195/1013/1007
f 195/1013/1007 598/1012/1006 597/1014/1008
f 309/1015/1009 483/1016/1010 310/1017/1011
f 310/1017/1011 483/1016/1010 482/1018/1012
f 288/1019/1013 504/1020/1014 289/1021/1015
f 289/1021/1015 504/1020/1014 503/1022/1016
f 225/1023/1017 567/1024/1018 226/1025/1019
f 226/1025/1019 567/1024/1018 566/1026/1020
f 572/1027/1021 220/1028/1022 573/1029/1023
f 573/1029/1023 220/1028/1022 219/1030/1024
f 574/1031/1025 218/1032/1026 575/1033/1027
f 575/1033/1027 218/1032/1026 217/1034/1028
f 575/1035/1029 217/1036/1030 576/1037/1031
f 576/1037/1031 217/1036/1030 216/1038/1032
f 576/1039/1033 216/1040/1034 577/1041/1035
f 577/1041/1035 216/1040/1034 215/1042/1036
f 577/1043/1037 215/1044/1038 578/1045/1039
f 578/1045/1039 215/1044/1038 214/1046/1040
f 578/1047/1041 214/1048/1042 579/1049/1043
f 579/1049/1043 214/1048/1042 213/1050/1044
f 579/1051/1045 213/1052/1046 580/1053/1047
f 580/1053/1047 213/1052/1046 212/1054/1048
f 582/1055/1049 210/1056/1050 583/1057/1051
f 583/1057/1051 210/1056/1050 209/1058/1052
f 580/1059/1053 212/1060/1054 581/1061/1055
f 581/1061/1055 212/1060/1054 211/1062/1056
f 581/1063/1057 211/1064/1058 582/1065/1059
f 582/1065/1059 211/1064/1058 210/1066/1060
f 583/1067/1061 209/1068/1062 584/1069/1063
f 584/1069/1063 209/1068/1062 208/1070/1064
f 584/1071/1065 208/1072/1066 585/1073/1067
f 585/1073/1067 208/1072/1066 207/1074/1068
f 585/1075/1069 207/1076/1070 586/1077/1071
f 586/1077/1071 207/1076/1070 206/1078/1072
f 586/1079/1073 206/1080/1074 587/1081/1075
f 587/1081/1075 206/1080/1074 205/1082/1076
f 587/1083/1077 205/1084/1078 588/1085/1079
f 588/1085/1079 205/1084/1078 204/1086/1080
f 588/1087/1081 204/1088/1082 589/1089/1083
f 589/1089/1083 204/1088/1082 203/1090/1084
f 487/1091/1085 305/1092/1086 488/1093/1087
f 488/1093/1087 305/1092/1086 304/1094/1088
f 488/1095/1089 304/1096/1090 489/1097/1091
f 489/1097/1091 304/1096/1090 303/1098/1092
f 489/1099/1093 303/1100/1094 490/1101/1095
f 490/1101/1095 303/1100/1094 302/1102/1096
f 490/1103/1097 302/1104/1098 491/1105/1099
f 491/1105/1099 302/1104/1098 301/1106/1100
f 491/1107/1101 301/1108/1102 492/1109/1103
f 492/1109/1103 301/1108/1102 300/1110/1104
f 494/1111/1105 298/1112/1106 495/1113/1107
f 495/1113/1107 298/1112/1106 297/1114/1108
f 492/1115/1109 300/1116/1110 493/1117/1111
f 493/1117/1111 300/1116/1110 299/1118/1112
f 493/1119/1113 299/1120/1114 494/1121/1115
f 494/1121/1115 299/1120/1114 298/1122/1116
f 495/1123/1117 297/1124/1118 496/1125/1119
f 496/1125/1119 297/1124/1118 296/1126/1120
f 496/1127/1121 296/1128/1122 497/1129/1123
f 497/1129/1123 296/1128/1122 295/1130/1124
f 497/1131/1125 295/1132/1126 498/1133/1127
f 498/1133/1127 295/1132/1126 294/1134/1128
f 290/1135/1129 502/1136/1130 291/1137/1131
f 291/1137/1131 502/1136/1130 501/1138/1132
f 292/1139/1133 500/1140/1134 293/1141/1135
f 293/1141/1135 500/1140/1134 499/1142/1136
f 291/1143/1137 501/1144/1138 292/1145/1139
f 292/1145/1139 501/1144/1138 500/1146/1140
f 306/1147/1141 486/1148/1142 307/1149/1143
f 307/1149/1143 486/1148/1142 485/1150/1144
f 308/1151/1145 484/1152/1146 309/1153/1147
f 309/1153/1147 484/1152/1146 483/1154/1148
f 307/1155/1149 485/1156/1150 308/1157/1151
f 308/1157/1151 485/1156/1150 484/1158/1152
f 768/1159/1153 424/1160/1154 745/1161/1155
f 745/1161/1155 424/1160/1154 423/1162/1156
f 745/1161/1155 423/1162/1156 746/1163/1157
f 746/1163/1157 423/1162/1156 422/1164/1158
f 746/1163/1157 422/1164/1158 747/1165/1159
f 747/1165/1159 422/1164/1158 421/1166/1160
f 747/1165/1159 421/1166/1160 748/1167/1161
f 748/1167/1161 421/1166/1160 420/1168/1162
f 748/1167/1161 420/1168/1162 749/1169/1163
f 749/1169/1163 420/1168/1162 419/1170/1164
f 749/1169/1163 419/1170/1164 750/1171/1165
f 750/1171/1165 419/1170/1164 418/1172/1166
f 750/1171/1165 418/1172/1166 751/1173/1167
f 751/1173/1167 418/1172/1166 417/1174/1168
f 751/1173/1167 417/1174/1168 752/1175/1169
f 752/1175/1169 417/1174/1168 416/1176/1170
f 752/1175/1169 416/1176/1170 753/1177/1171
f 753/1177/1171 416/1176/1170 415/1178/1172
f 753/1177/1171 415/1178/1172 754/1179/1173
f 754/1179/1173 415/1178/1172 414/1180/1174
f 754/1179/1173 414/1180/1174 755/1181/1175
f 755/1181/1175 414/1180/1174 413/1182/1176
f 755/1181/1175 413/1182/1176 756/1183/1177
f 756/1183/1177 413/1182/1176 412/1184/1178
f 756/1183/1177 412/1184/1178 757/1185/1179
f 757/1185/1179 412/1184/1178 411/1186/1180
f 757/1187/1179 411/1188/1180 758/1189/1181
f 758/1189/1181 411/1188/1180 434/1190/1182
f 758/1189/1181 434/1190/1182 759/1191/1183
f 759/1191/1183 434/1190/1182 433/1192/1184
f 759/1191/1183 433/1192/1184 760/1193/1185
f 760/1193/1185 433/1192/1184 432/1194/1186
f 760/1193/1185 432/1194/1186 761/1195/1187
f 761/1195/1187 432/1194/1186 431/1196/1188
f 761/1195/1187 431/1196/1188 762/1197/1189
f 762/1197/1189 431/1196/1188 430/1198/1190
f 762/1197/1189 430/1198/1190 763/1199/1191
f 763/1199/1191 430/1198/1190 429/1200/1192
f 763/1199/1191 429/1200/1192 764/1201/1193
f 764/1201/1193 429/1200/1192 428/1202/1194
f 764/1201/1193 428/1202/1194 765/1203/1195
f 765/1203/1195 428/1202/1194 427/1204/1196
f 765/1203/1195 427/1204/1196 766/1205/1197
f 766/1205/1197 427/1204/1196 426/1206/1198
f 766/1205/1197 426/1206/1198 767/1207/1199
f 767/1207/1199 426/1206/1198 425/1208/1200
f 767/1207/1199 425/1208/1200 768/1159/1153
f 768/1159/1153 425/1208/1200 424/1160/1154
f 744/1209/1201 448/1210/1202 721/1211/1203
f 721/1211/1203 448/1210/1202 447/1212/1204
f 721/1211/1203 447/1212/1204 722/1213/1205
f 722/1213/1205 447/1212/1204 446/1214/1206
f 722/1213/1205 446/1214/1206 723/1215/1207
f 723/1215/1207 446/1214/1206 445/1216/1208
f 723/1215/1207 445/1216/1208 724/1217/1209
f 724/1217/1209 445/1216/1208 444/1218/1210
f 724/1217/1209 444/1218/1210 725/1219/1211
f 725/1219/1211 444/1218/1210 443/1220/1212
f 725/1219/1211 443/1220/1212 726/1221/1213
f 726/1221/1213 443/1220/1212 442/1222/1214
f 726/1221/1213 442/1222/1214 727/1223/1215
f 727/1223/1215 442/1222/1214 441/1224/1216
f 727/1223/1215 441/1224/1216 728/1225/1217
f 728/1225/1217 441/1224/1216 440/1226/1218
f 728/1225/1217 440/1226/1218 729/1227/1219
f 729/1227/1219 440/1226/1218 439/1228/1220
f 729/1227/1219 439/1228/1220 730/1229/1221
f 730/1229/1221 439/1228/1220 438/1230/1222
f 730/1229/1221 438/1230/1222 731/1231/1223
f 731/1231/1223 438/1230/1222 437/1232/1224
f 731/1231/1223 437/1232/1224 732/1233/1225
f 732/1233/1225 437/1232/1224 436/1234/1226
f 732/1233/1225 436/1234/1226 733/1235/1227
f 733/1235/1227 436/1234/1226 435/1236/1228
f 733/1237/1227 435/1238/1228 734/1239/1229
f 734/1239/1229 435/1238/1228 458/1240/1230
f 734/1239/1229 458/1240/1230 735/1241/1231
f 735/1241/1231 458/1240/1230 457/1242/1232
f 735/1241/1231 457/1242/1232 736/1243/1233
f 736/1243/1233 457/1242/1232 456/1244/1234
f 736/1243/1233 456/1244/1234 737/1245/1235
f 737/1245/1235 456/1244/1234 455/1246/1236
f 737/1245/1235 455/1246/1236 738/1247/1237
f 738/1247/1237 455/1246/1236 454/1248/1238
f 738/1247/1237 454/1248/1238 739/1249/1239
f 739/1249/1239 454/1248/1238 453/1250/1240
f 739/1249/1239 453/1250/1240 740/1251/1241
f 740/1251/1241 453/1250/1240 452/1252/1242
f 740/1251/1241 452/1252/1242 741/1253/1243
f 741/1253/1243 452/1252/1242 451/1254/1244
f 741/1253/1243 451/1254/1244 742/1255/1245
f 742/1255/1245 451/1254/1244 450/1256/1246
f 742/1255/1245 450/1256/1246 743/1257/1247
f 743/1257/1247 450/1256/1246 449/1258/1248
f 743/1257/1247 449/1258/1248 744/1209/1201
f 744/1209/1201 449/1258/1248 448/1210/1202
f 567/1259/1018 225/1260/1017 568/1261/1249
f 568/1261/1249 225/1260/1017 224/1262/1250
f 568/1261/1249 224/1262/1250 569/1263/1251
f 569/1263/1251 224/1262/1250 223/1264/1252
f 569/1263/1251 223/1264/1252 570/1265/1253
f 570/1265/1253 223/1264/1252 222/1266/1254
f 570/1265/1253 222/1266/1254 571/1267/1255
f 571/1267/1255 222/1266/1254 221/1268/1256
f 571/1267/1255 221/1268/1256 572/1269/1021
f 572/1269/1021 221/1268/1256 220/1270/1022
f 591/1271/998 201/1272/997 592/1273/1257
f 592/1273/1257 201/1272/997 200/1274/1258
f 592/1273/1257 200/1274/1258 593/1275/1259
f 593/1275/1259 200/1274/1258 199/1276/1260
f 593/1275/1259 199/1276/1260 594/1277/1261
f 594/1277/1261 199/1276/1260 198/1278/1262
f 594/1277/1261 198/1278/1262 595/1279/1263
f 595/1279/1263 198/1278/1262 197/1280/1264
f 595/1279/1263 197/1280/1264 596/1281/1001
f 596/1281/1001 197/1280/1264 196/1282/1002
f 273/1283/1265 519/1284/1266 274/1285/1267
f 274/1285/1267 519/1284/1266 518/1286/1268
f 286/1287/1269 506/1288/1270 287/1289/1271
f 287/1289/1271 506/1288/1270 505/1290/1272
f 287/1291/1273 505/1292/1274 288/1293/1275
f 288/1293/1275 505/1292/1274 504/1294/1276
f 192/1295/1277 600/1296/1278 193/1297/1279
f 193/1297/1279 600/1296/1278 599/1298/1280
f 193/1299/1281 599/1300/1282 194/1301/1283
f 194/1301/1283 599/1300/1282 598/1302/1284
f 179/1303/1285 613/1304/1286 180/1305/1287
f 180/1305/1287 613/1304/1286 612/1306/1288
f 146/1307/1289 468/1308/1290 147/1309/1291
f 147/1309/1291 468/1308/1290 467/1310/1292
f 147/1311/1293 467/1312/1294 148/1313/1295
f 148/1313/1295 467/1312/1294 644/1314/1296
f 311/1315/1297 481/1316/1298 312/1317/1299
f 312/1317/1299 481/1316/1298 480/1318/1300
f 240/1319/1301 552/1320/1302 241/1321/1303
f 241/1321/1303 552/1320/1302 551/1322/1304
f 241/1323/1305 551/1324/1306 242/1325/1307
f 242/1325/1307 551/1324/1306 550/1326/1308
f 227/1327/1309 565/1328/1310 228/1329/1311
f 228/1329/1311 565/1328/1310 564/1330/1312
f 615/1331/1313 177/1332/1314 616/1333/1315
f 616/1333/1315 177/1332/1314 176/1334/1316
f 614/1335/1317 178/1336/1318 615/1337/1319
f 615/1337/1319 178/1336/1318 177/1338/1320
f 616/1339/1321 176/1340/1322 617/1341/1323
f 617/1341/1323 176/1340/1322 175/1342/1324
f 770/1343/1325 460/1344/1326 771/1345/1327
f 771/1345/1327 460/1344/1326 459/1346/1328
f 771/1347/1329 459/1348/1330 772/1349/1331
f 772/1349/1331 459/1348/1330 462/1350/1332
f 769/1351/1333 461/1352/1334 770/1353/1335
f 770/1353/1335 461/1352/1334 460/1354/1336
f 772/1355/1337 462/1356/1338 769/1357/1339
f 769/1357/1339 462/1356/1338 461/1358/1340
f 774/1359/1341 408/1360/1342 775/1361/1343
f 775/1361/1343 408/1360/1342 407/1362/1344
f 775/1363/1345 407/1364/1346 776/1365/1347
f 776/1365/1347 407/1364/1346 410/1366/1348
f 773/1367/1349 409/1368/1350 774/1369/1351
f 774/1369/1351 409/1368/1350 408/1370/1352
f 776/1371/1353 410/1372/1354 773/1373/1355
f 773/1373/1355 410/1372/1354 409/1374/1356
f 547/1375/1357 245/1376/1358 548/1377/1359
f 548/1377/1359 245/1376/1358 244/1378/1360
f 546/1379/1361 246/1380/1362 547/1381/1363
f 547/1381/1363 246/1380/1362 245/1382/1364
f 548/1383/1365 244/1384/1366 549/1385/1367
f 549/1385/1367 244/1384/1366 243/1386/1368
f 778/1387/1369 464/1388/1370 779/1389/1371
f 779/1389/1371 464/1388/1370 463/1390/1372
f 779/1391/1373 463/1392/1374 780/1393/1375
f 780/1393/1375 463/1392/1374 466/1394/1376
f 777/1395/1377 465/1396/1378 778/1397/1379
f 778/1397/1379 465/1396/1378 464/1398/1380
f 780/1399/1381 466/1400/1382 777/1401/1383
f 777/1401/1383 466/1400/1382 465/1402/1384
f 782/1403/1385 404/1404/1386 783/1405/1387
f 783/1405/1387 404/1404/1386 403/1406/1388
f 783/1407/1389 403/1408/1390 784/1409/1391
f 784/1409/1391 403/1408/1390 406/1410/1392
f 781/1411/1393 405/1412/1394 782/1413/1395
f 782/1413/1395 405/1412/1394 404/1414/1396
f 784/1415/1397 406/1416/1398 781/1417/1399
f 781/1417/1399 406/1416/1398 405/1418/1400
f 265/1419/1401 527/1420/1402 266/1421/1403
f 266/1421/1403 527/1420/1402 526/1422/1404
f 533/1423/1405 259/1424/1406 534/1425/1407
f 534/1425/1407 259/1424/1406 258/1426/1408
f 534/1427/1409 258/1428/1410 535/1429/1411
f 535/1429/1411 258/1428/1410 257/1430/1412
f 535/1431/1413 257/1432/1414 536/1433/1415
f 536/1433/1415 257/1432/1414 256/1434/1416
f 253/1435/1417 539/1436/1418 254/1437/1419
f 254/1437/1419 539/1436/1418 538/1438/1420
f 536/1439/1421 256/1440/1422 537/1441/1423
f 537/1441/1423 256/1440/1422 255/1442/1424
f 537/1443/1425 255/1444/1426 538/1445/1427
f 538/1445/1427 255/1444/1426 254/1446/1428
f 527/1447/1402 265/1448/1401 528/1449/1429
f 528/1449/1429 265/1448/1401 264/1450/1430
f 528/1449/1429 264/1450/1430 529/1451/1431
f 529/1451/1431 264/1450/1430 263/1452/1432
f 529/1451/1431 263/1452/1432 530/1453/1433
f 530/1453/1433 263/1452/1432 262/1454/1434
f 530/1453/1433 262/1454/1434 531/1455/1435
f 531/1455/1435 262/1454/1434 261/1456/1436
f 531/1455/1435 261/1456/1436 532/1457/1437
f 532/1457/1437 261/1456/1436 260/1458/1438
f 532/1457/1437 260/1458/1438 533/1459/1405
f 533/1459/1405 260/1458/1438 259/1460/1406
f 266/1461/1403 526/1462/1404 267/1463/1439
f 267/1463/1439 526/1462/1404 525/1464/1440
f 267/1463/1439 525/1464/1440 268/1465/1441
f 268/1465/1441 525/1464/1440 524/1466/1442
f 268/1465/1441 524/1466/1442 269/1467/1443
f 269/1467/1443 524/1466/1442 523/1468/1444
f 269/1467/1443 523/1468/1444 270/1469/1445
f 270/1469/1445 523/1468/1444 522/1470/1446
f 270/1469/1445 522/1470/1446 271/1471/1447
f 271/1471/1447 522/1470/1446 521/1472/1448
f 271/1471/1447 521/1472/1448 272/1473/973
f 272/1473/973 521/1472/1448 520/1474/974
f 247/1475/950 545/1476/949 248/1477/1449
f 248/1477/1449 545/1476/949 544/1478/1450
f 248/1477/1449 544/1478/1450 249/1479/1451
f 249/1479/1451 544/1478/1450 543/1480/1452
f 249/1479/1451 543/1480/1452 250/1481/1453
f 250/1481/1453 543/1480/1452 542/1482/1454
f 250/1481/1453 542/1482/1454 251/1483/1455
f 251/1483/1455 542/1482/1454 541/1484/1456
f 251/1483/1455 541/1484/1456 252/1485/1457
f 252/1485/1457 541/1484/1456 540/1486/1458
f 252/1485/1457 540/1486/1458 253/1487/1417
f 253/1487/1417 540/1486/1458 539/1488/1418
f 624/1489/1459 168/1490/1460 625/1491/1461
f 625/1491/1461 168/1490/1460 167/1492/1462
f 625/1493/1463 167/1494/1464 626/1495/1465
f 626/1495/1465 167/1494/1464 166/1496/1466
f 626/1497/1467 166/1498/1468 627/1499/1469
f 627/1499/1469 166/1498/1468 165/1500/1470
f 627/1501/1471 165/1502/1472 628/1503/1473
f 628/1503/1473 165/1502/1472 164/1504/1474
f 628/1505/1475 164/1506/1476 629/1507/1477
f 629/1507/1477 164/1506/1476 163/1508/1478
f 162/1509/1479 630/1510/1480 163/1511/1481
f 163/1511/1481 630/1510/1480 629/1512/1482
f 636/1513/1483 156/1514/1484 637/1515/1485
f 637/1515/1485 156/1514/1484 155/1516/1486
f 630/1517/1480 162/1518/1479 631/1519/1487
f 631/1519/1487 162/1518/1479 161/1520/1488
f 631/1519/1487 161/1520/1488 632/1521/1489
f 632/1521/1489 161/1520/1488 160/1522/1490
f 632/1521/1489 160/1522/1490 633/1523/1491
f 633/1523/1491 160/1522/1490 159/1524/1492
f 633/1523/1491 159/1524/1492 634/1525/1493
f 634/1525/1493 159/1524/1492 158/1526/1494
f 634/1525/1493 158/1526/1494 635/1527/1495
f 635/1527/1495 158/1526/1494 157/1528/1496
f 635/1527/1495 157/1528/1496 636/1529/1483
f 636/1529/1483 157/1528/1496 156/1530/1484
f 149/1531/946 643/1532/945 150/1533/1497
f 150/1533/1497 643/1532/945 642/1534/1498
f 150/1533/1497 642/1534/1498 151/1535/1499
f 151/1535/1499 642/1534/1498 641/1536/1500
f 151/1535/1499 641/1536/1500 152/1537/1501
f 152/1537/1501 641/1536/1500 640/1538/1502
f 152/1537/1501 640/1538/1502 153/1539/1503
f 153/1539/1503 640/1538/1502 639/1540/1504
f 153/1539/1503 639/1540/1504 154/1541/1505
f 154/1541/1505 639/1540/1504 638/1542/1506
f 154/1541/1505 638/1542/1506 155/1543/1486
f 155/1543/1486 638/1542/1506 637/1544/1485
f 168/1545/1460 624/1546/1459 169/1547/1507
f 169/1547/1507 624/1546/1459 623/1548/1508
f 169/1547/1507 623/1548/1508 170/1549/1509
f 170/1549/1509 623/1548/1508 622/1550/1510
f 170/1549/1509 622/1550/1510 171/1551/1511
f 171/1551/1511 622/1550/1510 621/1552/1512
f 171/1551/1511 621/1552/1512 172/1553/1513
f 172/1553/1513 621/1552/1512 620/1554/1514
f 172/1553/1513 620/1554/1514 173/1555/1515
f 173/1555/1515 620/1554/1514 619/1556/1516
f 173/1555/1515 619/1556/1516 174/1557/953
f 174/1557/953 619/1556/1516 618/1558/954
f 506/1559/1517 286/1560/1518 507/1561/1519
f 507/1561/1519 286/1560/1518 285/1562/1520
f 507/1563/1521 285/1564/1522 508/1565/1523
f 508/1565/1523 285/1564/1522 284/1566/1524
f 508/1567/1525 284/1568/1526 509/1569/1527
f 509/1569/1527 284/1568/1526 283/1570/1528
f 509/1571/1529 283/1572/1530 510/1573/1531
f 510/1573/1531 283/1572/1530 282/1574/1532
f 510/1575/1533 282/1576/1534 511/1577/1535
f 511/1577/1535 282/1576/1534 281/1578/1536
f 511/1579/1537 281/1580/1538 512/1581/1539
f 512/1581/1539 281/1580/1538 280/1582/1540
f 512/1583/1541 280/1584/1542 513/1585/1543
f 513/1585/1543 280/1584/1542 279/1586/1544
f 513/1587/1545 279/1588/1546 514/1589/1547
f 514/1589/1547 279/1588/1546 278/1590/1548
f 514/1591/1549 278/1592/1550 515/1593/1551
f 515/1593/1551 278/1592/1550 277/1594/1552
f 515/1595/1553 277/1596/1554 516/1597/1555
f 516/1597/1555 277/1596/1554 276/1598/1556
f 516/1599/1557 276/1600/1558 517/1601/1559
f 517/1601/1559 276/1600/1558 275/1602/1560
f 552/1603/1561 240/1604/1562 553/1605/1563
f 553/1605/1563 240/1604/1562 239/1606/1564
f 555/1607/1565 237/1608/1566 556/1609/1567
f 556/1609/1567 237/1608/1566 236/1610/1568
f 553/1611/1569 239/1612/1570 554/1613/1571
f 554/1613/1571 239/1612/1570 238/1614/1572
f 554/1615/1573 238/1616/1574 555/1617/1575
f 555/1617/1575 238/1616/1574 237/1618/1576
f 556/1619/1577 236/1620/1578 557/1621/1579
f 557/1621/1579 236/1620/1578 235/1622/1580
f 557/1623/1581 235/1624/1582 558/1625/1583
f 558/1625/1583 235/1624/1582 234/1626/1584
f 558/1627/1585 234/1628/1586 559/1629/1587
f 559/1629/1587 234/1628/1586 233/1630/1588
f 559/1631/1589 233/1632/1590 560/1633/1591
f 560/1633/1591 233/1632/1590 232/1634/1592
f 560/1635/1593 232/1636/1594 561/1637/1595
f 561/1637/1595 232/1636/1594 231/1638/1596
f 561/1639/1597 231/1640/1598 562/1641/1599
f 562/1641/1599 231/1640/1598 230/1642/1600
f 562/1643/1601 230/1644/1602 563/1645/1603
f 563/1645/1603 230/1644/1602 229/1646/1604
f 600/1647/1605 192/1648/1606 601/1649/1607
f 601/1649/1607 192/1648/1606 191/1650/1608
f 601/1651/1609 191/1652/1610 602/1653/1611
f 602/1653/1611 191/1652/1610 190/1654/1612
f 602/1655/1613 190/1656/1614 603/1657/1615
f 603/1657/1615 190/1656/1614 189/1658/1616
f 603/1659/1617 189/1660/1618 604/1661/1619
f 604/1661/1619 189/1660/1618 188/1662/1620
f 604/1663/1621 188/1664/1622 605/1665/1623
f 605/1665/1623 188/1664/1622 187/1666/1624
f 605/1667/1625 187/1668/1626 606/1669/1627
f 606/1669/1627 187/1668/1626 186/1670/1628
f 607/1671/1629 185/1672/1630 608/1673/1631
f 608/1673/1631 185/1672/1630 184/1674/1632
f 606/1675/1633 186/1676/1634 607/1677/1635
f 607/1677/1635 186/1676/1634 185/1678/1636
f 608/1679/1637 184/1680/1638 609/1681/1639
f 609/1681/1639 184/1680/1638 183/1682/1640
f 609/1683/1641 183/1684/1642 610/1685/1643
f 610/1685/1643 183/1684/1642 182/1686/1644
f 610/1687/1645 182/1688/1646 611/1689/1647
f 611/1689/1647 182/1688/1646 181/1690/1648
f 468/1691/1649 146/1692/1650 469/1693/1651
f 469/1693/1651 146/1692/1650 145/1694/1652
f 469/1695/1653 145/1696/1654 470/1697/1655
f 470/1697/1655 145/1696/1654 322/1698/1656
f 470/1699/1657 322/1700/1658 471/1701/1659
f 471/1701/1659 322/1700/1658 321/1702/1660
f 471/1703/1661 321/1704/1662 472/1705/1663
f 472/1705/1663 321/1704/1662 320/1706/1664
f 472/1707/1665 320/1708/1666 473/1709/1667
f 473/1709/1667 320/1708/1666 319/1710/1668
f 473/1711/1669 319/1712/1670 474/1713/1671
f 474/1713/1671 319/1712/1670 318/1714/1672
f 474/1715/1673 318/1716/1674 475/1717/1675
f 475/1717/1675 318/1716/1674 317/1718/1676
f 475/1719/1677 317/1720/1678 476/1721/1679
f 476/1721/1679 317/1720/1678 316/1722/1680
f 476/1723/1681 316/1724/1682 477/1725/1683
f 477/1725/1683 316/1724/1682 315/1726/1684
f 478/1727/1685 314/1728/1686 479/1729/1687
f 479/1729/1687 314/1728/1686 313/1730/1688
f 477/1731/1689 315/1732/1690 478/1733/1691
f 478/1733/1691 315/1732/1690 314/1734/1692
f 720/1735/1693 380/1736/1694 697/1737/1695
f 697/1737/1695 380/1736/1694 379/1738/1696
f 697/1737/1695 379/1738/1696 698/1739/1697
f 698/1739/1697 379/1738/1696 402/1740/1698
f 698/1739/1697 402/1740/1698 699/1741/1699
f 699/1741/1699 402/1740/1698 401/1742/1700
f 699/1741/1699 401/1742/1700 700/1743/1701
f 700/1743/1701 401/1742/1700 400/1744/1702
f 700/1743/1701 400/1744/1702 701/1745/1703
f 701/1745/1703 400/1744/1702 399/1746/1704
f 701/1745/1703 399/1746/1704 702/1747/1705
f 702/1747/1705 399/1746/1704 398/1748/1706
f 702/1747/1705 398/1748/1706 703/1749/1707
f 703/1749/1707 398/1748/1706 397/1750/1708
f 703/1749/1707 397/1750/1708 704/1751/1709
f 704/1751/1709 397/1750/1708 396/1752/1710
f 704/1751/1709 396/1752/1710 705/1753/1711
f 705/1753/1711 396/1752/1710 395/1754/1712
f 705/1753/1711 395/1754/1712 706/1755/1713
f 706/1755/1713 395/1754/1712 394/1756/1714
f 706/1755/1713 394/1756/1714 707/1757/1715
f 707/1757/1715 394/1756/1714 393/1758/1716
f 707/1757/1715 393/1758/1716 708/1759/1717
f 708/1759/1717 393/1758/1716 392/1760/1718
f 708/1759/1717 392/1760/1718 709/1761/1719
f 709/1761/1719 392/1760/1718 391/1762/1720
f 709/1763/1719 391/1764/1720 710/1765/1721
f 710/1765/1721 391/1764/1720 390/1766/1722
f 710/1765/1721 390/1766/1722 711/1767/1723
f 711/1767/1723 390/1766/1722 389/1768/1724
f 711/1767/1723 389/1768/1724 712/1769/1725
f 712/1769/1725 389/1768/1724 388/1770/1726
f 712/1769/1725 388/1770/1726 713/1771/1727
f 713/1771/1727 388/1770/1726 387/1772/1728
f 713/1771/1727 387/1772/1728 714/1773/1729
f 714/1773/1729 387/1772/1728 386/1774/1730
f 714/1773/1729 386/1774/1730 715/1775/1731
f 715/1775/1731 386/1774/1730 385/1776/1732
f 715/1775/1731 385/1776/1732 716/1777/1733
f 716/1777/1733 385/1776/1732 384/1778/1734
f 716/1777/1733 384/1778/1734 717/1779/1735
f 717/1779/1735 384/1778/1734 383/1780/1736
f 717/1779/1735 383/1780/1736 718/1781/1737
f 718/1781/1737 383/1780/1736 382/1782/1738
f 718/1781/1737 382/1782/1738 719/1783/1739
f 719/1783/1739 382/1782/1738 381/1784/1740
f 719/1783/1739 381/1784/1740 720/1735/1693
f 720/1735/1693 381/1784/1740 380/1736/1694
f 696/1785/1741 356/1786/1742 673/1787/1743
f 673/1787/1743 356/1786/1742 355/1788/1744
f 673/1787/1743 355/1788/1744 674/1789/1745
f 674/1789/1745 355/1788/1744 378/1790/1746
f 674/1789/1745 378/1790/1746 675/1791/1747
f 675/1791/1747 378/1790/1746 377/1792/1748
f 675/1791/1747 377/1792/1748 676/1793/1749
f 676/1793/1749 377/1792/1748 376/1794/1750
f 676/1793/1749 376/1794/1750 677/1795/1751
f 677/1795/1751 376/1794/1750 375/1796/1752
f 677/1795/1751 375/1796/1752 678/1797/1753
f 678/1797/1753 375/1796/1752 374/1798/1754
f 678/1797/1753 374/1798/1754 679/1799/1755
f 679/1799/1755 374/1798/1754 373/1800/1756
f 679/1799/1755 373/1800/1756 680/1801/1757
f 680/1801/1757 373/1800/1756 372/1802/1758
f 680/1801/1757 372/1802/1758 681/1803/1759
f 681/1803/1759 372/1802/1758 371/1804/1760
f 681/1803/1759 371/1804/1760 682/1805/1761
f 682/1805/1761 371/1804/1760 370/1806/1762
f 682/1805/1761 370/1806/1762 683/1807/1763
f 683/1807/1763 370/1806/1762 369/1808/1764
f 683/1807/1763 369/1808/1764 684/1809/1765
f 684/1809/1765 369/1808/1764 368/1810/1766
f 684/1809/1765 368/1810/1766 685/1811/1767
f 685/1811/1767 368/1810/1766 367/1812/1768
f 685/1813/1767 367/1814/1768 686/1815/1769
f 686/1815/1769 367/1814/1768 366/1816/1770
f 686/1815/1769 366/1816/1770 687/1817/1771
f 687/1817/1771 366/1816/1770 365/1818/1772
f 687/1817/1771 365/1818/1772 688/1819/1773
f 688/1819/1773 365/1818/1772 364/1820/1774
f 688/1819/1773 364/1820/1774 689/1821/1775
f 689/1821/1775 364/1820/1774 363/1822/1776
f 689/1821/1775 363/1822/1776 690/1823/1777
f 690/1823/1777 363/1822/1776 362/1824/1778
f 690/1823/1777 362/1824/1778 691/1825/1779
f 691/1825/1779 362/1824/1778 361/1826/1780
f 691/1825/1779 361/1826/1780 692/1827/1781
f 692/1827/1781 361/1826/1780 360/1828/1782
f 692/1827/1781 360/1828/1782 693/1829/1783
f 693/1829/1783 360/1828/1782 359/1830/1784
f 693/1829/1783 359/1830/1784 694/1831/1785
f 694/1831/1785 359/1830/1784 358/1832/1786
f 694/1831/1785 358/1832/1786 695/1833/1787
f 695/1833/1787 358/1832/1786 357/1834/1788
f 695/1833/1787 357/1834/1788 696/1785/1741
f 696/1785/1741 357/1834/1788 356/1786/1742
f 334/1835/1789 653/1836/1790 335/1837/1791
f 335/1837/1791 653/1836/1790 652/1838/1792
f 341/1839/1793 646/1840/1794 342/1841/1795
f 342/1841/1795 646/1840/1794 645/1842/1796
f 666/1843/1797 349/1844/1798 667/1845/1799
f 667/1845/1799 349/1844/1798 348/1846/1800
f 327/1847/1801 660/1848/1802 328/1849/1803
f 328/1849/1803 660/1848/1802 659/1850/1804
f 660/1851/1802 327/1852/1801 661/1853/1805
f 661/1853/1805 327/1852/1801 354/1854/1806
f 661/1853/1805 354/1854/1806 662/1855/1807
f 662/1855/1807 354/1854/1806 353/1856/1808
f 662/1855/1807 353/1856/1808 663/1857/1809
f 663/1857/1809 353/1856/1808 352/1858/1810
f 663/1857/1809 352/1858/1810 664/1859/1811
f 664/1859/1811 352/1858/1810 351/1860/1812
f 664/1859/1811 351/1860/1812 665/1861/1813
f 665/1861/1813 351/1860/1812 350/1862/1814
f 665/1861/1813 350/1862/1814 666/1863/1797
f 666/1863/1797 350/1862/1814 349/1864/1798
f 653/1865/1790 334/1866/1789 654/1867/1815
f 654/1867/1815 334/1866/1789 333/1868/1816
f 654/1867/1815 333/1868/1816 655/1869/1817
f 655/1869/1817 333/1868/1816 332/1870/1818
f 655/1869/1817 332/1870/1818 656/1871/1819
f 656/1871/1819 332/1870/1818 331/1872/1820
f 656/1871/1819 331/1872/1820 657/1873/1821
f 657/1873/1821 331/1872/1820 330/1874/1822
f 657/1873/1821 330/1874/1822 658/1875/1823
f 658/1875/1823 330/1874/1822 329/1876/1824
f 658/1875/1823 329/1876/1824 659/1877/1804
f 659/1877/1804 329/1876/1824 328/1878/1803
f 646/1879/1794 341/1880/1793 647/1881/1825
f 647/1881/1825 341/1880/1793 340/1882/1826
f 647/1881/1825 340/1882/1826 648/1883/1827
f 648/1883/1827 340/1882/1826 339/1884/1828
f 648/1883/1827 339/1884/1828 649/1885/1829
f 649/1885/1829 339/1884/1828 338/1886/1830
f 649/1885/1829 338/1886/1830 650/1887/1831
f 650/1887/1831 338/1886/1830 337/1888/1832
f 650/1887/1831 337/1888/1832 651/1889/1833
f 651/1889/1833 337/1888/1832 336/1890/1834
f 651/1889/1833 336/1890/1834 652/1891/1792
f 652/1891/1792 336/1890/1834 335/1892/1791
f 667/1893/1799 348/1894/1800 668/1895/1835
f 668/1895/1835 348/1894/1800 347/1896/1836
f 668/1895/1835 347/1896/1836 669/1897/1837
f 669/1897/1837 347/1896/1836 346/1898/1838
f 669/1897/1837 346/1898/1838 670/1899/1839
f 670/1899/1839 346/1898/1838 345/1900/1840
f 670/1899/1839 345/1900/1840 671/1901/1841
f 671/1901/1841 345/1900/1840 344/1902/1842
f 671/1901/1841 344/1902/1842 672/1903/1843
f 672/1903/1843 344/1902/1842 343/1904/1844
f 672/1903/1843 343/1904/1844 645/1905/1796
f 645/1905/1796 343/1904/1844 342/1906/1795
f 786/1907/1845 787/1908/1846 785/1909/1847
f 785/1909/1847 787/1908/1846 788/1910/1848
f 789/1911/1849 790/1912/1850 786/1913/1851
f 786/1913/1851 790/1912/1850 787/1914/1852
f 791/1915/1853 792/1916/1854 789/1917/1855
f 789/1917/1855 792/1916/1854 790/1918/1856
f 324/1919/1857 793/1920/1858 325/1921/1859
f 325/1921/1859 793/1920/1858 794/1922/1860
f 323/1923/1861 795/1924/1862 324/1925/1863
f 324/1925/1863 795/1924/1862 793/1926/1864
f 326/1927/1865 796/1928/1866 323/1929/1867
f 323/1929/1867 796/1928/1866 795/1930/1868
f 325/1931/1869 794/1932/1870 326/1933/1871
f 326/1933/1871 794/1932/1870 796/1934/1872
f 785/1935/1873 788/1936/1874 791/1937/1875
f 791/1937/1875 788/1936/1874 792/1938/1876
f 793/1939/1877 787/1940/1878 794/1941/1879
f 794/1941/1879 787/1940/1878 790/1942/1880
f 794/1941/1879 790/1942/1880 796/1943/1881
f 796/1943/1881 790/1942/1880 795/1944/1882
f 795/1944/1882 790/1942/1880 792/1945/1883
f 795/1944/1882 792/1945/1883 788/1946/1884
f 787/1940/1878 793/1939/1877 788/1946/1884
f 788/1946/1884 793/1939/1877 795/1944/1882
f 786/1947/1885 809/1948/1886 789/1949/1887
f 789/1949/1887 809/1948/1886 797/1950/1888
f 789/1949/1887 797/1950/1888 798/1951/1889
f 785/1952/1890 804/1953/1891 786/1947/1885
f 786/1947/1885 804/1953/1891 805/1954/1892
f 786/1947/1885 805/1954/1892 806/1955/1893
f 804/1953/1891 785/1952/1890 799/1956/1894
f 799/1956/1894 785/1952/1890 791/1957/1895
f 799/1956/1894 791/1957/1895 798/1951/1889
f 798/1951/1889 791/1957/1895 789/1949/1887
f 800/1958/1896 801/1959/1897 799/1956/1894
f 799/1956/1894 801/1959/1897 802/1960/1898
f 799/1956/1894 802/1960/1898 803/1961/1899
f 803/1961/1899 804/1953/1891 799/1956/1894
f 806/1955/1893 807/1962/1900 786/1947/1885
f 786/1947/1885 807/1962/1900 808/1963/1901
f 786/1947/1885 808/1963/1901 809/1948/1886
f 798/1964/1902 810/1965/1903 799/1966/1904
f 799/1966/1904 810/1965/1903 811/1967/1905
f 797/1968/1906 812/1969/1907 798/1970/1908
f 798/1970/1908 812/1969/1907 810/1971/1909
f 809/1972/1910 813/1973/1911 797/1974/1912
f 797/1974/1912 813/1973/1911 812/1975/1913
f 809/1976/1914 808/1977/1915 813/1978/1916
f 813/1978/1916 808/1977/1915 817/1979/1917
f 817/1979/1917 808/1977/1915 807/1980/1918
f 817/1979/1917 807/1980/1918 816/1981/1919
f 816/1981/1919 807/1980/1918 806/1982/1920
f 816/1981/1919 806/1982/1920 815/1983/1921
f 815/1983/1921 806/1982/1920 805/1984/1922
f 815/1983/1921 805/1984/1922 814/1985/1923
f 804/1986/1924 818/1987/1925 805/1988/1926
f 805/1988/1926 818/1987/1925 814/1989/1927
f 804/1990/1928 803/1991/1929 818/1992/1930
f 818/1992/1930 803/1991/1929 822/1993/1931
f 822/1993/1931 803/1991/1929 802/1994/1932
f 822/1993/1931 802/1994/1932 821/1995/1933
f 821/1995/1933 802/1994/1932 801/1996/1934
f 821/1995/1933 801/1996/1934 820/1997/1935
f 820/1997/1935 801/1996/1934 800/1998/1936
f 820/1997/1935 800/1998/1936 819/1999/1937
f 799/2000/1938 811/2001/1939 800/2002/1940
f 800/2002/1940 811/2001/1939 819/2003/1941
f 811/2004/1942 810/2005/1943 819/2006/1944
f 819/2006/1944 810/2005/1943 812/2007/1945
f 819/2006/1944 812/2007/1945 813/2008/1946
f 813/2008/1946 817/2009/1947 819/2006/1944
f 819/2006/1944 817/2009/1947 816/2010/1948
f 819/2006/1944 816/2010/1948 820/2011/1949
f 820/2011/1949 816/2010/1948 821/2012/1950
f 821/2012/1950 816/2010/1948 815/2013/1951
f 821/2012/1950 815/2013/1951 822/2014/1952
f 822/2014/1952 815/2013/1951 814/2015/1953
f 822/2014/1952 814/2015/1953 818/2016/1954
# 822 vertices
# 2016 texture params
# 1954 normals
# 1688 facets

# 1 groups
