# WaveFront *.obj file (generated by Autodesk ATF)

mtllib Camera_Jetson.mtl

g Body1

v 6.671833 4.191000 -5.109563
v 7.226768 4.191000 -4.941043
v 7.765378 4.191000 -4.725984
v 8.283769 4.191000 -4.465941
v 8.778192 4.191000 -4.162795
v 9.245071 4.191000 -3.818738
v 9.681030 4.191000 -3.436257
v 10.082916 4.191000 -3.018120
v 10.447823 4.191000 -2.567349
v 10.773113 4.191000 -2.087205
v 11.056432 4.191000 -1.581159
v 11.295732 4.191000 -1.052873
v 11.489282 4.191000 -0.506164
v 11.635683 4.191000 0.055011
v 11.733875 4.191000 0.626597
v 11.783150 4.191000 1.204458
v 11.783150 4.191000 1.784416
v 11.733875 4.191000 2.362277
v 11.635683 4.191000 2.933862
v 11.489282 4.191000 3.495038
v 11.295732 4.191000 4.041746
v 11.056432 4.191000 4.570033
v 10.773113 4.191000 5.076079
v 10.447823 4.191000 5.556223
v 10.082916 4.191000 6.006993
v 9.681030 4.191000 6.425131
v 9.245071 4.191000 6.807611
v 8.778192 4.191000 7.151669
v 8.283769 4.191000 7.454815
v 7.765378 4.191000 7.714858
v 7.226768 4.191000 7.929917
v 6.671833 4.191000 8.098437
v 11.573417 4.191000 8.098437
v 11.573417 4.191000 3.488337
v 14.024517 4.191000 3.488337
v 14.336432 4.191000 3.463789
v 14.640666 4.191000 3.390748
v 14.929729 4.191000 3.271015
v 15.196502 4.191000 3.107536
v 15.434418 4.191000 2.904337
v 15.637616 4.191000 2.666422
v 15.801095 4.191000 2.399649
v 15.920829 4.191000 2.110586
v 15.993869 4.191000 1.806352
v 16.018417 4.191000 1.494437
v 15.993869 4.191000 1.182522
v 15.920829 4.191000 0.878288
v 15.801095 4.191000 0.589225
v 15.637616 4.191000 0.322452
v 15.434418 4.191000 0.084537
v 15.196502 4.191000 -0.118662
v 14.929729 4.191000 -0.282141
v 14.640666 4.191000 -0.401875
v 14.336432 4.191000 -0.474915
v 14.024517 4.191000 -0.499463
v 11.573417 4.191000 -0.499463
v 11.573417 4.191000 -5.109563
v -7.730583 1.016000 -7.014563
v -7.730583 1.016000 17.293237
v 17.669417 1.016000 17.293237
v 17.669417 1.016000 -7.014563
v 14.024517 1.016000 3.488337
v 11.573417 1.016000 3.488337
v 11.573417 1.016000 8.098437
v -1.634583 1.016000 8.098437
v -1.634583 1.016000 3.488337
v -4.085683 1.016000 3.488337
v -4.397597 1.016000 3.463789
v -4.701832 1.016000 3.390748
v -4.990894 1.016000 3.271015
v -5.257668 1.016000 3.107536
v -5.495583 1.016000 2.904337
v -5.698782 1.016000 2.666422
v -5.862260 1.016000 2.399649
v -5.981994 1.016000 2.110586
v -6.055034 1.016000 1.806352
v -6.079583 1.016000 1.494437
v -6.055034 1.016000 1.182522
v -5.981994 1.016000 0.878288
v -5.862260 1.016000 0.589225
v -5.698782 1.016000 0.322452
v -5.495583 1.016000 0.084537
v -5.257668 1.016000 -0.118662
v -4.990894 1.016000 -0.282141
v -4.701832 1.016000 -0.401875
v -4.397597 1.016000 -0.474915
v -4.085683 1.016000 -0.499463
v -1.634583 1.016000 -0.499463
v -1.634583 1.016000 -5.109563
v 11.573417 1.016000 -5.109563
v 11.573417 1.016000 -0.499463
v 14.024517 1.016000 -0.499463
v 14.336432 1.016000 -0.474915
v 14.640666 1.016000 -0.401875
v 14.929729 1.016000 -0.282141
v 15.196502 1.016000 -0.118662
v 15.434418 1.016000 0.084537
v 15.637616 1.016000 0.322452
v 15.801095 1.016000 0.589225
v 15.920829 1.016000 0.878288
v 15.993869 1.016000 1.182522
v 16.018417 1.016000 1.494437
v 15.993869 1.016000 1.806352
v 15.920829 1.016000 2.110586
v 15.801095 1.016000 2.399649
v 15.637616 1.016000 2.666422
v 15.434418 1.016000 2.904337
v 15.196502 1.016000 3.107536
v 14.929729 1.016000 3.271015
v 14.640666 1.016000 3.390748
v 14.336432 1.016000 3.463789
v -6.028783 1.016000 16.785237
v -6.028783 1.016000 11.197237
v 15.967617 1.016000 11.197237
v 15.967617 1.016000 16.785237
v -5.596983 1.016000 7.488837
v -5.370901 1.016000 7.514310
v -5.156157 1.016000 7.589453
v -4.963517 1.016000 7.710496
v -4.802642 1.016000 7.871371
v -4.681598 1.016000 8.064011
v -4.606456 1.016000 8.278756
v -4.580983 1.016000 8.504837
v -4.606456 1.016000 8.730918
v -4.681598 1.016000 8.945663
v -4.802642 1.016000 9.138303
v -4.963517 1.016000 9.299178
v -5.156157 1.016000 9.420221
v -5.370901 1.016000 9.495364
v -5.596983 1.016000 9.520837
v -5.823064 1.016000 9.495364
v -6.037808 1.016000 9.420221
v -6.230448 1.016000 9.299178
v -6.391323 1.016000 9.138303
v -6.512367 1.016000 8.945663
v -6.587509 1.016000 8.730918
v -6.612983 1.016000 8.504837
v -6.587509 1.016000 8.278756
v -6.512367 1.016000 8.064011
v -6.391323 1.016000 7.871371
v -6.230448 1.016000 7.710496
v -6.037808 1.016000 7.589453
v -5.823064 1.016000 7.514310
v 15.535817 1.016000 -5.896963
v 15.761899 1.016000 -5.871490
v 15.976643 1.016000 -5.796347
v 16.169283 1.016000 -5.675304
v 16.330158 1.016000 -5.514429
v 16.451202 1.016000 -5.321789
v 16.526344 1.016000 -5.107044
v 16.551817 1.016000 -4.880963
v 16.526344 1.016000 -4.654882
v 16.451202 1.016000 -4.440137
v 16.330158 1.016000 -4.247497
v 16.169283 1.016000 -4.086622
v 15.976643 1.016000 -3.965579
v 15.761899 1.016000 -3.890436
v 15.535817 1.016000 -3.864963
v 15.309736 1.016000 -3.890436
v 15.094992 1.016000 -3.965579
v 14.902352 1.016000 -4.086622
v 14.741477 1.016000 -4.247497
v 14.620433 1.016000 -4.440137
v 14.545291 1.016000 -4.654882
v 14.519817 1.016000 -4.880963
v 14.545291 1.016000 -5.107044
v 14.620433 1.016000 -5.321789
v 14.741477 1.016000 -5.514429
v 14.902352 1.016000 -5.675304
v 15.094992 1.016000 -5.796347
v 15.309736 1.016000 -5.871490
v 15.535817 1.016000 9.520837
v 15.309736 1.016000 9.495364
v 15.094992 1.016000 9.420221
v 14.902352 1.016000 9.299178
v 14.741477 1.016000 9.138303
v 14.620433 1.016000 8.945663
v 14.545291 1.016000 8.730918
v 14.519817 1.016000 8.504837
v 14.545291 1.016000 8.278756
v 14.620433 1.016000 8.064011
v 14.741477 1.016000 7.871371
v 14.902352 1.016000 7.710496
v 15.094992 1.016000 7.589453
v 15.309736 1.016000 7.514310
v 15.535817 1.016000 7.488837
v 15.761899 1.016000 7.514310
v 15.976643 1.016000 7.589453
v 16.169283 1.016000 7.710496
v 16.330158 1.016000 7.871371
v 16.451202 1.016000 8.064011
v 16.526344 1.016000 8.278756
v 16.551817 1.016000 8.504837
v 16.526344 1.016000 8.730918
v 16.451202 1.016000 8.945663
v 16.330158 1.016000 9.138303
v 16.169283 1.016000 9.299178
v 15.976643 1.016000 9.420221
v 15.761899 1.016000 9.495364
v -5.596983 1.016000 -3.864963
v -5.823064 1.016000 -3.890436
v -6.037808 1.016000 -3.965579
v -6.230448 1.016000 -4.086622
v -6.391323 1.016000 -4.247497
v -6.512367 1.016000 -4.440137
v -6.587509 1.016000 -4.654882
v -6.612983 1.016000 -4.880963
v -6.587509 1.016000 -5.107044
v -6.512367 1.016000 -5.321789
v -6.391323 1.016000 -5.514429
v -6.230448 1.016000 -5.675304
v -6.037808 1.016000 -5.796347
v -5.823064 1.016000 -5.871490
v -5.596983 1.016000 -5.896963
v -5.370901 1.016000 -5.871490
v -5.156157 1.016000 -5.796347
v -4.963517 1.016000 -5.675304
v -4.802642 1.016000 -5.514429
v -4.681598 1.016000 -5.321789
v -4.606456 1.016000 -5.107044
v -4.580983 1.016000 -4.880963
v -4.606456 1.016000 -4.654882
v -4.681598 1.016000 -4.440137
v -4.802642 1.016000 -4.247497
v -4.963517 1.016000 -4.086622
v -5.156157 1.016000 -3.965579
v -5.370901 1.016000 -3.890436
v -7.730583 0.000000 -7.014563
v -7.730583 0.000000 17.293237
v 17.669417 0.000000 17.293237
v 17.669417 0.000000 -7.014563
v -4.492083 0.000000 3.221637
v -4.213159 0.000000 3.196533
v -3.943200 0.000000 3.122029
v -3.690883 0.000000 3.000520
v -3.464316 0.000000 2.835910
v -3.270784 0.000000 2.633490
v -3.116504 0.000000 2.399767
v -3.006437 0.000000 2.142252
v -2.944120 0.000000 1.869223
v -2.931555 0.000000 1.589454
v -2.969148 0.000000 1.311937
v -3.055688 0.000000 1.045592
v -3.188396 0.000000 0.798981
v -3.363005 0.000000 0.580028
v -3.573903 0.000000 0.395771
v -3.814313 0.000000 0.252133
v -4.076506 0.000000 0.153731
v -4.352057 0.000000 0.103725
v -4.632108 0.000000 0.103725
v -4.907659 0.000000 0.153731
v -5.169852 0.000000 0.252133
v -5.410262 0.000000 0.395771
v -5.621160 0.000000 0.580028
v -5.795769 0.000000 0.798981
v -5.928477 0.000000 1.045592
v -6.015017 0.000000 1.311937
v -6.052610 0.000000 1.589454
v -6.040045 0.000000 1.869223
v -5.977728 0.000000 2.142252
v -5.867661 0.000000 2.399767
v -5.713381 0.000000 2.633490
v -5.519849 0.000000 2.835910
v -5.293282 0.000000 3.000520
v -5.040965 0.000000 3.122029
v -4.771006 0.000000 3.196533
v 14.430917 0.000000 3.221637
v 14.709841 0.000000 3.196533
v 14.979800 0.000000 3.122029
v 15.232117 0.000000 3.000520
v 15.458684 0.000000 2.835910
v 15.652216 0.000000 2.633490
v 15.806496 0.000000 2.399767
v 15.916563 0.000000 2.142252
v 15.978880 0.000000 1.869223
v 15.991445 0.000000 1.589454
v 15.953852 0.000000 1.311937
v 15.867312 0.000000 1.045592
v 15.734604 0.000000 0.798981
v 15.559995 0.000000 0.580028
v 15.349097 0.000000 0.395771
v 15.108687 0.000000 0.252133
v 14.846494 0.000000 0.153731
v 14.570943 0.000000 0.103725
v 14.290892 0.000000 0.103725
v 14.015341 0.000000 0.153731
v 13.753148 0.000000 0.252133
v 13.512738 0.000000 0.395771
v 13.301840 0.000000 0.580028
v 13.127231 0.000000 0.798981
v 12.994523 0.000000 1.045592
v 12.907983 0.000000 1.311937
v 12.870390 0.000000 1.589454
v 12.882955 0.000000 1.869223
v 12.945272 0.000000 2.142252
v 13.055339 0.000000 2.399767
v 13.209619 0.000000 2.633490
v 13.403151 0.000000 2.835910
v 13.629718 0.000000 3.000520
v 13.882035 0.000000 3.122029
v 14.151994 0.000000 3.196533
v -5.596983 0.000000 9.520837
v -5.370901 0.000000 9.495364
v -5.156157 0.000000 9.420221
v -4.963517 0.000000 9.299178
v -4.802642 0.000000 9.138303
v -4.681598 0.000000 8.945663
v -4.606456 0.000000 8.730918
v -4.580983 0.000000 8.504837
v -4.606456 0.000000 8.278756
v -4.681598 0.000000 8.064011
v -4.802642 0.000000 7.871371
v -4.963517 0.000000 7.710496
v -5.156157 0.000000 7.589453
v -5.370901 0.000000 7.514310
v -5.596983 0.000000 7.488837
v -5.823064 0.000000 7.514310
v -6.037808 0.000000 7.589453
v -6.230448 0.000000 7.710496
v -6.391323 0.000000 7.871371
v -6.512367 0.000000 8.064011
v -6.587509 0.000000 8.278756
v -6.612983 0.000000 8.504837
v -6.587509 0.000000 8.730918
v -6.512367 0.000000 8.945663
v -6.391323 0.000000 9.138303
v -6.230448 0.000000 9.299178
v -6.037808 0.000000 9.420221
v -5.823064 0.000000 9.495364
v 15.535817 0.000000 -3.864963
v 15.761899 0.000000 -3.890436
v 15.976643 0.000000 -3.965579
v 16.169283 0.000000 -4.086622
v 16.330158 0.000000 -4.247497
v 16.451202 0.000000 -4.440137
v 16.526344 0.000000 -4.654882
v 16.551817 0.000000 -4.880963
v 16.526344 0.000000 -5.107044
v 16.451202 0.000000 -5.321789
v 16.330158 0.000000 -5.514429
v 16.169283 0.000000 -5.675304
v 15.976643 0.000000 -5.796347
v 15.761899 0.000000 -5.871490
v 15.535817 0.000000 -5.896963
v 15.309736 0.000000 -5.871490
v 15.094992 0.000000 -5.796347
v 14.902352 0.000000 -5.675304
v 14.741477 0.000000 -5.514429
v 14.620433 0.000000 -5.321789
v 14.545291 0.000000 -5.107044
v 14.519817 0.000000 -4.880963
v 14.545291 0.000000 -4.654882
v 14.620433 0.000000 -4.440137
v 14.741477 0.000000 -4.247497
v 14.902352 0.000000 -4.086622
v 15.094992 0.000000 -3.965579
v 15.309736 0.000000 -3.890436
v 15.535817 0.000000 9.520837
v 15.761899 0.000000 9.495364
v 15.976643 0.000000 9.420221
v 16.169283 0.000000 9.299178
v 16.330158 0.000000 9.138303
v 16.451202 0.000000 8.945663
v 16.526344 0.000000 8.730918
v 16.551817 0.000000 8.504837
v 16.526344 0.000000 8.278756
v 16.451202 0.000000 8.064011
v 16.330158 0.000000 7.871371
v 16.169283 0.000000 7.710496
v 15.976643 0.000000 7.589453
v 15.761899 0.000000 7.514310
v 15.535817 0.000000 7.488837
v 15.309736 0.000000 7.514310
v 15.094992 0.000000 7.589453
v 14.902352 0.000000 7.710496
v 14.741477 0.000000 7.871371
v 14.620433 0.000000 8.064011
v 14.545291 0.000000 8.278756
v 14.519817 0.000000 8.504837
v 14.545291 0.000000 8.730918
v 14.620433 0.000000 8.945663
v 14.741477 0.000000 9.138303
v 14.902352 0.000000 9.299178
v 15.094992 0.000000 9.420221
v 15.309736 0.000000 9.495364
v -5.596983 0.000000 -3.864963
v -5.370901 0.000000 -3.890436
v -5.156157 0.000000 -3.965579
v -4.963517 0.000000 -4.086622
v -4.802642 0.000000 -4.247497
v -4.681598 0.000000 -4.440137
v -4.606456 0.000000 -4.654882
v -4.580983 0.000000 -4.880963
v -4.606456 0.000000 -5.107044
v -4.681598 0.000000 -5.321789
v -4.802642 0.000000 -5.514429
v -4.963517 0.000000 -5.675304
v -5.156157 0.000000 -5.796347
v -5.370901 0.000000 -5.871490
v -5.596983 0.000000 -5.896963
v -5.823064 0.000000 -5.871490
v -6.037808 0.000000 -5.796347
v -6.230448 0.000000 -5.675304
v -6.391323 0.000000 -5.514429
v -6.512367 0.000000 -5.321789
v -6.587509 0.000000 -5.107044
v -6.612983 0.000000 -4.880963
v -6.587509 0.000000 -4.654882
v -6.512367 0.000000 -4.440137
v -6.391323 0.000000 -4.247497
v -6.230448 0.000000 -4.086622
v -6.037808 0.000000 -3.965579
v -5.823064 0.000000 -3.890436
v -6.028783 3.429000 16.785237
v -6.028783 3.429000 11.197237
v 15.967617 3.429000 16.785237
v 15.967617 3.429000 11.197237
v -1.634583 4.191000 -5.109563
v 3.267002 4.191000 -5.109563
v 3.267002 8.001000 -5.109563
v 6.671833 8.001000 -5.109563
v -1.634583 4.191000 -0.499463
v -4.085683 4.191000 -0.499463
v -4.085683 4.191000 3.488337
v -4.397597 4.191000 3.463789
v -4.701832 4.191000 3.390748
v -4.990894 4.191000 3.271015
v -5.257668 4.191000 3.107536
v -5.495583 4.191000 2.904337
v -5.698782 4.191000 2.666422
v -5.862260 4.191000 2.399649
v -5.981994 4.191000 2.110586
v -6.055034 4.191000 1.806352
v -6.079583 4.191000 1.494437
v -6.055034 4.191000 1.182522
v -5.981994 4.191000 0.878288
v -5.862260 4.191000 0.589225
v -5.698782 4.191000 0.322452
v -5.495583 4.191000 0.084537
v -5.257668 4.191000 -0.118662
v -4.990894 4.191000 -0.282141
v -4.701832 4.191000 -0.401875
v -4.397597 4.191000 -0.474915
v -1.634583 4.191000 3.488337
v -1.634583 4.191000 8.098437
v 6.671833 8.001000 8.098437
v 3.267002 8.001000 8.098437
v 3.267002 4.191000 8.098437
v 2.712067 4.191000 7.929917
v 2.173456 4.191000 7.714858
v 1.655066 4.191000 7.454815
v 1.160643 4.191000 7.151669
v 0.693764 4.191000 6.807611
v 0.257805 4.191000 6.425131
v -0.144081 4.191000 6.006993
v -0.508989 4.191000 5.556223
v -0.834278 4.191000 5.076079
v -1.117597 4.191000 4.570033
v -1.356897 4.191000 4.041746
v -1.550447 4.191000 3.495038
v -1.696848 4.191000 2.933862
v -1.795040 4.191000 2.362277
v -1.844315 4.191000 1.784416
v -1.844315 4.191000 1.204458
v -1.795040 4.191000 0.626597
v -1.696848 4.191000 0.055011
v -1.550447 4.191000 -0.506164
v -1.356897 4.191000 -1.052873
v -1.117597 4.191000 -1.581159
v -0.834278 4.191000 -2.087205
v -0.508989 4.191000 -2.567349
v -0.144081 4.191000 -3.018120
v 0.257805 4.191000 -3.436257
v 0.693764 4.191000 -3.818738
v 1.160643 4.191000 -4.162795
v 1.655066 4.191000 -4.465941
v 2.173456 4.191000 -4.725984
v 2.712067 4.191000 -4.941043
v 2.712067 8.001000 7.929917
v 2.173456 8.001000 7.714858
v 1.655066 8.001000 7.454815
v 1.160643 8.001000 7.151669
v 0.693764 8.001000 6.807611
v 0.257805 8.001000 6.425131
v -0.144081 8.001000 6.006993
v -0.508989 8.001000 5.556223
v -0.834278 8.001000 5.076079
v -1.117597 8.001000 4.570033
v -1.356897 8.001000 4.041746
v -1.550447 8.001000 3.495038
v -1.696848 8.001000 2.933862
v -1.795040 8.001000 2.362277
v -1.844315 8.001000 1.784416
v -1.844315 8.001000 1.204458
v -1.795040 8.001000 0.626597
v -1.696848 8.001000 0.055011
v -1.550447 8.001000 -0.506164
v -1.356897 8.001000 -1.052873
v -1.117597 8.001000 -1.581159
v -0.834278 8.001000 -2.087205
v -0.508989 8.001000 -2.567349
v -0.144081 8.001000 -3.018120
v 0.257805 8.001000 -3.436257
v 0.693764 8.001000 -3.818738
v 1.160643 8.001000 -4.162795
v 1.655066 8.001000 -4.465941
v 2.173456 8.001000 -4.725984
v 2.712067 8.001000 -4.941043
v 7.226768 8.001000 -4.941043
v 7.765378 8.001000 -4.725984
v 8.283769 8.001000 -4.465941
v 8.778192 8.001000 -4.162795
v 9.245071 8.001000 -3.818738
v 9.681030 8.001000 -3.436257
v 10.082916 8.001000 -3.018120
v 10.447823 8.001000 -2.567349
v 10.773113 8.001000 -2.087205
v 11.056432 8.001000 -1.581159
v 11.295732 8.001000 -1.052873
v 11.489282 8.001000 -0.506164
v 11.635683 8.001000 0.055011
v 11.733875 8.001000 0.626597
v 11.783150 8.001000 1.204458
v 11.783150 8.001000 1.784416
v 11.733875 8.001000 2.362277
v 11.635683 8.001000 2.933862
v 11.489282 8.001000 3.495038
v 11.295732 8.001000 4.041746
v 11.056432 8.001000 4.570033
v 10.773113 8.001000 5.076079
v 10.447823 8.001000 5.556223
v 10.082916 8.001000 6.006993
v 9.681030 8.001000 6.425131
v 9.245071 8.001000 6.807611
v 8.778192 8.001000 7.151669
v 8.283769 8.001000 7.454815
v 7.765378 8.001000 7.714858
v 7.226768 8.001000 7.929917
v 4.969417 8.001000 7.590845
v 4.415041 8.001000 7.565587
v 3.865259 8.001000 7.490021
v 3.324626 8.001000 7.364774
v 2.797622 8.001000 7.190884
v 2.288615 8.001000 6.969790
v 1.801821 8.001000 6.703327
v 1.341276 8.001000 6.393701
v 0.910794 8.001000 6.043478
v 0.513943 8.001000 5.655560
v 0.154011 8.001000 5.233162
v -0.166018 8.001000 4.779783
v -0.443494 8.001000 4.299181
v -0.676116 8.001000 3.795339
v -0.861958 8.001000 3.272430
v -0.999479 8.001000 2.734788
v -1.087540 8.001000 2.186868
v -1.125411 8.001000 1.633211
v -1.112779 8.001000 1.078403
v -1.049748 8.001000 0.527043
v -0.936839 8.001000 -0.016301
v -0.774990 8.001000 -0.547126
v -0.565541 8.001000 -1.061034
v -0.310227 8.001000 -1.553767
v -0.011165 8.001000 -2.021242
v 0.329168 8.001000 -2.459585
v 0.707952 8.001000 -2.865163
v 1.122048 8.001000 -3.234616
v 1.568024 8.001000 -3.564883
v 2.042185 8.001000 -3.853227
v 2.540602 8.001000 -4.097258
v 3.059145 8.001000 -4.294955
v 3.593517 8.001000 -4.444679
v 4.139290 8.001000 -4.545189
v 4.691942 8.001000 -4.595654
v 5.246893 8.001000 -4.595654
v 5.799545 8.001000 -4.545189
v 6.345318 8.001000 -4.444679
v 6.879690 8.001000 -4.294955
v 7.398233 8.001000 -4.097258
v 7.896650 8.001000 -3.853227
v 8.370811 8.001000 -3.564883
v 8.816787 8.001000 -3.234616
v 9.230883 8.001000 -2.865163
v 9.609667 8.001000 -2.459585
v 9.950000 8.001000 -2.021242
v 10.249062 8.001000 -1.553767
v 10.504376 8.001000 -1.061034
v 10.713825 8.001000 -0.547126
v 10.875674 8.001000 -0.016301
v 10.988582 8.001000 0.527043
v 11.051614 8.001000 1.078403
v 11.064246 8.001000 1.633211
v 11.026375 8.001000 2.186868
v 10.938314 8.001000 2.734788
v 10.800793 8.001000 3.272430
v 10.614951 8.001000 3.795339
v 10.382329 8.001000 4.299181
v 10.104853 8.001000 4.779783
v 9.784824 8.001000 5.233162
v 9.424892 8.001000 5.655560
v 9.028041 8.001000 6.043478
v 8.597559 8.001000 6.393701
v 8.137014 8.001000 6.703327
v 7.650220 8.001000 6.969790
v 7.141213 8.001000 7.190884
v 6.614209 8.001000 7.364774
v 6.073576 8.001000 7.490021
v 5.523794 8.001000 7.565587
v 4.969417 12.573000 7.590845
v 4.415041 12.573000 7.565587
v 3.865259 12.573000 7.490021
v 3.324626 12.573000 7.364774
v 2.797622 12.573000 7.190884
v 2.288615 12.573000 6.969790
v 1.801821 12.573000 6.703327
v 1.341276 12.573000 6.393701
v 0.910794 12.573000 6.043478
v 0.513943 12.573000 5.655560
v 0.154011 12.573000 5.233162
v -0.166018 12.573000 4.779783
v -0.443494 12.573000 4.299181
v -0.676116 12.573000 3.795339
v -0.861958 12.573000 3.272430
v -0.999479 12.573000 2.734788
v -1.087540 12.573000 2.186868
v -1.125411 12.573000 1.633211
v -1.112779 12.573000 1.078403
v -1.049748 12.573000 0.527043
v -0.936839 12.573000 -0.016301
v -0.774990 12.573000 -0.547126
v -0.565541 12.573000 -1.061034
v -0.310227 12.573000 -1.553767
v -0.011165 12.573000 -2.021242
v 0.329168 12.573000 -2.459585
v 0.707952 12.573000 -2.865163
v 1.122048 12.573000 -3.234616
v 1.568024 12.573000 -3.564883
v 2.042185 12.573000 -3.853227
v 2.540602 12.573000 -4.097258
v 3.059145 12.573000 -4.294955
v 3.593517 12.573000 -4.444679
v 4.139290 12.573000 -4.545189
v 4.691942 12.573000 -4.595654
v 5.246893 12.573000 -4.595654
v 5.799545 12.573000 -4.545189
v 6.345318 12.573000 -4.444679
v 6.879690 12.573000 -4.294955
v 7.398233 12.573000 -4.097258
v 7.896650 12.573000 -3.853227
v 8.370811 12.573000 -3.564883
v 8.816787 12.573000 -3.234616
v 9.230883 12.573000 -2.865163
v 9.609667 12.573000 -2.459585
v 9.950000 12.573000 -2.021242
v 10.249062 12.573000 -1.553767
v 10.504376 12.573000 -1.061034
v 10.713825 12.573000 -0.547126
v 10.875674 12.573000 -0.016301
v 10.988582 12.573000 0.527043
v 11.051614 12.573000 1.078403
v 11.064246 12.573000 1.633211
v 11.026375 12.573000 2.186868
v 10.938314 12.573000 2.734788
v 10.800793 12.573000 3.272430
v 10.614951 12.573000 3.795339
v 10.382329 12.573000 4.299181
v 10.104853 12.573000 4.779783
v 9.784824 12.573000 5.233162
v 9.424892 12.573000 5.655560
v 9.028041 12.573000 6.043478
v 8.597559 12.573000 6.393701
v 8.137014 12.573000 6.703327
v 7.650220 12.573000 6.969790
v 7.141213 12.573000 7.190884
v 6.614209 12.573000 7.364774
v 6.073576 12.573000 7.490021
v 5.523794 12.573000 7.565587
v 4.969417 12.573000 -5.490563
v 5.561787 12.573000 -5.465400
v 6.149888 12.573000 -5.390090
v 6.729484 12.573000 -5.265178
v 7.296399 12.573000 -5.091562
v 7.846548 12.573000 -4.870494
v 8.375967 12.573000 -4.603567
v 8.880841 12.573000 -4.292703
v 9.357534 12.573000 -3.940143
v 9.802610 12.573000 -3.548426
v 10.212864 12.573000 -3.120376
v 10.585337 12.573000 -2.659076
v 10.917349 12.573000 -2.167849
v 11.206505 12.573000 -1.650236
v 11.450722 12.573000 -1.109966
v 11.648242 12.573000 -0.550930
v 11.797641 12.573000 0.022842
v 11.897842 12.573000 0.607217
v 11.948124 12.573000 1.197985
v 11.948124 12.573000 1.790889
v 11.897842 12.573000 2.381656
v 11.797641 12.573000 2.966032
v 11.648242 12.573000 3.539804
v 11.450722 12.573000 4.098839
v 11.206505 12.573000 4.639110
v 10.917349 12.573000 5.156723
v 10.585337 12.573000 5.647950
v 10.212864 12.573000 6.109250
v 9.802610 12.573000 6.537300
v 9.357534 12.573000 6.929017
v 8.880841 12.573000 7.281577
v 8.375967 12.573000 7.592440
v 7.846548 12.573000 7.859368
v 7.296399 12.573000 8.080436
v 6.729484 12.573000 8.254052
v 6.149888 12.573000 8.378964
v 5.561787 12.573000 8.454273
v 4.969417 12.573000 8.479437
v 4.377048 12.573000 8.454273
v 3.788947 12.573000 8.378964
v 3.209351 12.573000 8.254052
v 2.642436 12.573000 8.080436
v 2.092287 12.573000 7.859368
v 1.562868 12.573000 7.592440
v 1.057994 12.573000 7.281577
v 0.581301 12.573000 6.929017
v 0.136224 12.573000 6.537300
v -0.274029 12.573000 6.109250
v -0.646502 12.573000 5.647950
v -0.978514 12.573000 5.156723
v -1.267670 12.573000 4.639110
v -1.511887 12.573000 4.098839
v -1.709407 12.573000 3.539804
v -1.858806 12.573000 2.966032
v -1.959007 12.573000 2.381656
v -2.009289 12.573000 1.790889
v -2.009289 12.573000 1.197985
v -1.959007 12.573000 0.607217
v -1.858806 12.573000 0.022842
v -1.709407 12.573000 -0.550930
v -1.511887 12.573000 -1.109966
v -1.267670 12.573000 -1.650236
v -0.978514 12.573000 -2.167849
v -0.646502 12.573000 -2.659076
v -0.274029 12.573000 -3.120376
v 0.136224 12.573000 -3.548426
v 0.581301 12.573000 -3.940143
v 1.057994 12.573000 -4.292703
v 1.562868 12.573000 -4.603567
v 2.092287 12.573000 -4.870494
v 2.642436 12.573000 -5.091562
v 3.209351 12.573000 -5.265178
v 3.788947 12.573000 -5.390090
v 4.377048 12.573000 -5.465400
v 4.969417 15.875000 -5.490563
v 5.561787 15.875000 -5.465400
v 6.149888 15.875000 -5.390090
v 6.729484 15.875000 -5.265178
v 7.296399 15.875000 -5.091562
v 7.846548 15.875000 -4.870494
v 8.375967 15.875000 -4.603567
v 8.880841 15.875000 -4.292703
v 9.357534 15.875000 -3.940143
v 9.802610 15.875000 -3.548426
v 10.212864 15.875000 -3.120376
v 10.585337 15.875000 -2.659076
v 10.917349 15.875000 -2.167849
v 11.206505 15.875000 -1.650236
v 11.450722 15.875000 -1.109966
v 11.648242 15.875000 -0.550930
v 11.797641 15.875000 0.022842
v 11.897842 15.875000 0.607217
v 11.948124 15.875000 1.197985
v 11.948124 15.875000 1.790889
v 11.897842 15.875000 2.381656
v 11.797641 15.875000 2.966032
v 11.648242 15.875000 3.539804
v 11.450722 15.875000 4.098839
v 11.206505 15.875000 4.639110
v 10.917349 15.875000 5.156723
v 10.585337 15.875000 5.647950
v 10.212864 15.875000 6.109250
v 9.802610 15.875000 6.537300
v 9.357534 15.875000 6.929017
v 8.880841 15.875000 7.281577
v 8.375967 15.875000 7.592440
v 7.846548 15.875000 7.859368
v 7.296399 15.875000 8.080436
v 6.729484 15.875000 8.254052
v 6.149888 15.875000 8.378964
v 5.561787 15.875000 8.454273
v 4.969417 15.875000 8.479437
v 4.377048 15.875000 8.454273
v 3.788947 15.875000 8.378964
v 3.209351 15.875000 8.254052
v 2.642436 15.875000 8.080436
v 2.092287 15.875000 7.859368
v 1.562868 15.875000 7.592440
v 1.057994 15.875000 7.281577
v 0.581301 15.875000 6.929017
v 0.136224 15.875000 6.537300
v -0.274029 15.875000 6.109250
v -0.646502 15.875000 5.647950
v -0.978514 15.875000 5.156723
v -1.267670 15.875000 4.639110
v -1.511887 15.875000 4.098839
v -1.709407 15.875000 3.539804
v -1.858806 15.875000 2.966032
v -1.959007 15.875000 2.381656
v -2.009289 15.875000 1.790889
v -2.009289 15.875000 1.197985
v -1.959007 15.875000 0.607217
v -1.858806 15.875000 0.022842
v -1.709407 15.875000 -0.550930
v -1.511887 15.875000 -1.109966
v -1.267670 15.875000 -1.650236
v -0.978514 15.875000 -2.167849
v -0.646502 15.875000 -2.659076
v -0.274029 15.875000 -3.120376
v 0.136224 15.875000 -3.548426
v 0.581301 15.875000 -3.940143
v 1.057994 15.875000 -4.292703
v 1.562868 15.875000 -4.603567
v 2.092287 15.875000 -4.870494
v 2.642436 15.875000 -5.091562
v 3.209351 15.875000 -5.265178
v 3.788947 15.875000 -5.390090
v 4.377048 15.875000 -5.465400
v 4.969417 17.608395 -2.946870
v 5.441499 17.608395 -2.921709
v 5.908233 17.608395 -2.846512
v 6.364329 17.608395 -2.722129
v 6.804620 17.608395 -2.549972
v 7.224117 17.608395 -2.331989
v 7.618068 17.608395 -2.070652
v 7.982009 17.608395 -1.768921
v 8.311815 17.608395 -1.430214
v 8.603751 17.608395 -1.058370
v 8.854509 17.608395 -0.657602
v 9.061247 17.608395 -0.232451
v 9.221623 17.608395 0.212267
v 9.333819 17.608395 0.671513
v 9.396566 17.608395 1.140082
v 9.409151 17.608395 1.612667
v 9.371432 17.608395 2.083912
v 9.283836 17.608395 2.548478
v 9.147356 17.608395 3.001101
v 8.963539 17.608395 3.436653
v 8.734466 17.608395 3.850199
v 8.462734 17.608395 4.237053
v 8.151422 17.608395 4.592833
v 7.804056 17.608395 4.913506
v 7.424572 17.608395 5.195440
v 7.017271 17.608395 5.435440
v 6.586766 17.608395 5.630787
v 6.137937 17.608395 5.779267
v 5.675867 17.608395 5.879199
v 5.205793 17.608395 5.929449
v 4.733041 17.608395 5.929449
v 4.262968 17.608395 5.879199
v 3.800898 17.608395 5.779267
v 3.352069 17.608395 5.630787
v 2.921564 17.608395 5.435440
v 2.514263 17.608395 5.195440
v 2.134779 17.608395 4.913506
v 1.787413 17.608395 4.592833
v 1.476100 17.608395 4.237053
v 1.204369 17.608395 3.850199
v 0.975296 17.608395 3.436653
v 0.791479 17.608395 3.001101
v 0.654999 17.608395 2.548478
v 0.567403 17.608395 2.083912
v 0.529684 17.608395 1.612667
v 0.542269 17.608395 1.140082
v 0.605016 17.608395 0.671513
v 0.717212 17.608395 0.212267
v 0.877588 17.608395 -0.232451
v 1.084326 17.608395 -0.657602
v 1.335084 17.608395 -1.058370
v 1.627020 17.608395 -1.430214
v 1.956826 17.608395 -1.768921
v 2.320767 17.608395 -2.070652
v 2.714718 17.608395 -2.331989
v 3.134215 17.608395 -2.549972
v 3.574506 17.608395 -2.722129
v 4.030602 17.608395 -2.846512
v 4.497335 17.608395 -2.921709
v 4.969417 18.923000 1.494437
v 4.969417 18.917542 1.072826
v 4.969417 18.901254 0.684651
v 4.969417 18.874265 0.326862
v 4.969417 18.836704 -0.003592
v 4.969417 18.788701 -0.309758
v 4.969417 18.730384 -0.594688
v 4.969417 18.661883 -0.861430
v 4.969417 18.583327 -1.113035
v 4.969417 18.494845 -1.352551
v 4.969417 18.396567 -1.583029
v 4.969417 18.171136 -2.029069
v 4.969417 17.908067 -2.475550
v 4.969417 17.762742 -2.706580
v 5.277601 17.770209 -2.683507
v 6.185505 17.770209 -2.514468
v 7.034313 17.770209 -2.150614
v 7.546804 17.770209 -1.808179
v 8.207786 17.770209 -1.163223
v 8.947271 17.770209 0.180332
v 9.138539 17.770209 1.083814
v 9.153666 17.770209 1.699996
v 9.006959 17.770209 2.611775
v 8.334290 17.770209 3.989997
v 7.931696 17.770209 4.456715
v 6.822295 17.770209 5.251701
v 4.832348 17.770209 5.681488
v 3.493738 17.770209 5.415222
v 2.585289 17.770209 4.939161
v 1.242973 17.770209 3.408542
v 0.825466 17.770209 2.109134
v 0.800296 17.770209 1.083814
v 1.486146 17.770209 -0.833010
v 2.419137 17.770209 -1.829154
v 3.303132 17.770209 -2.349218
v 4.627064 17.770209 -2.680845
v 4.646838 17.922071 -2.439681
v 4.666081 18.063832 -2.205004
v 4.685079 18.195342 -1.973298
v 4.704123 18.316452 -1.741044
v 4.723500 18.427012 -1.504725
v 4.743499 18.526873 -1.260823
v 4.764408 18.615885 -1.005822
v 4.784355 18.686960 -0.762557
v 4.805496 18.748919 -0.504715
v 4.828047 18.801649 -0.229689
v 4.852221 18.845040 0.065127
v 4.878231 18.878981 0.382342
v 4.906291 18.903362 0.724560
v 4.936615 18.918072 1.094390
v 4.287000 17.770209 -2.638903
v 4.326417 17.922071 -2.400161
v 4.364773 18.063832 -2.167842
v 4.402643 18.195342 -1.938462
v 4.440604 18.316452 -1.708542
v 4.479228 18.427012 -1.474596
v 4.519092 18.526873 -1.233145
v 4.560770 18.615885 -0.980705
v 4.600530 18.686960 -0.739885
v 4.642672 18.748919 -0.484633
v 4.687623 18.801649 -0.212370
v 4.735808 18.845040 0.079485
v 4.787654 18.878981 0.393513
v 4.843587 18.903362 0.732294
v 4.904033 18.918072 1.098408
v 3.951502 17.770209 -2.569310
v 4.010297 17.922071 -2.334588
v 4.067510 18.063832 -2.106180
v 4.123999 18.195342 -1.880663
v 4.180622 18.316452 -1.654613
v 4.238235 18.427012 -1.424607
v 4.297697 18.526873 -1.187221
v 4.359865 18.615885 -0.939031
v 4.419172 18.686960 -0.702265
v 4.482033 18.748919 -0.451311
v 4.549083 18.801649 -0.183632
v 4.620958 18.845040 0.103309
v 4.698294 18.878981 0.412049
v 4.781725 18.903362 0.745126
v 4.871888 18.918072 1.105076
v 3.622813 17.770209 -2.472532
v 3.700593 17.922071 -2.243400
v 3.776280 18.063832 -2.020432
v 3.851010 18.195342 -1.800285
v 3.925916 18.316452 -1.579619
v 4.002133 18.427012 -1.355090
v 4.080796 18.526873 -1.123358
v 4.163039 18.615885 -0.881079
v 4.241496 18.686960 -0.649951
v 4.324654 18.748919 -0.404974
v 4.413355 18.801649 -0.143669
v 4.508439 18.845040 0.136438
v 4.610746 18.878981 0.437826
v 4.721118 18.903362 0.762971
v 4.840395 18.918072 1.114349
v 2.994598 17.770209 -2.200191
v 3.108663 17.922071 -1.986789
v 3.219660 18.063832 -1.779128
v 3.329253 18.195342 -1.574095
v 3.439104 18.316452 -1.368578
v 3.550878 18.427012 -1.159464
v 3.666238 18.526873 -0.943640
v 3.786848 18.615885 -0.717994
v 3.901907 18.686960 -0.502734
v 4.023861 18.748919 -0.274575
v 4.153942 18.801649 -0.031210
v 4.293384 18.845040 0.229668
v 4.443420 18.878981 0.510365
v 4.605282 18.903362 0.813188
v 4.780204 18.918072 1.140443
v 4.809765 18.918072 1.126164
v 4.662172 18.903362 0.785709
v 4.525599 18.878981 0.470671
v 4.399004 18.845040 0.178652
v 4.281347 18.801649 -0.092748
v 4.171589 18.748919 -0.345930
v 4.068689 18.686960 -0.583292
v 3.971606 18.615885 -0.807235
v 3.869839 18.526873 -1.041983
v 3.772502 18.427012 -1.266512
v 3.678191 18.316452 -1.484061
v 3.585503 18.195342 -1.697868
v 3.493032 18.063832 -1.911171
v 3.399377 17.922071 -2.127208
v 2.699274 17.770209 -2.026449
v 2.830398 17.922071 -1.823083
v 2.957994 18.063832 -1.625187
v 3.083975 18.195342 -1.429796
v 3.210254 18.316452 -1.233943
v 3.338743 18.427012 -1.034663
v 3.471355 18.526873 -0.828988
v 3.610001 18.615885 -0.613954
v 3.742267 18.686960 -0.408816
v 3.882458 18.748919 -0.191386
v 4.031993 18.801649 0.040535
v 4.192287 18.845040 0.289145
v 4.364760 18.878981 0.556641
v 4.550828 18.903362 0.845224
v 4.751908 18.918072 1.157089
v 2.566441 17.922071 -1.637183
v 2.709782 18.063832 -1.450377
v 2.851310 18.195342 -1.265935
v 2.993172 18.316452 -1.081057
v 3.137516 18.427012 -0.892943
v 3.286492 18.526873 -0.698794
v 3.442248 18.615885 -0.495809
v 3.590836 18.686960 -0.302166
v 3.748326 18.748919 -0.096920
v 3.916314 18.801649 0.122005
v 4.096389 18.845040 0.356684
v 4.290145 18.878981 0.609191
v 4.499173 18.903362 0.881603
v 4.725067 18.918072 1.175993
v 1.911802 17.770209 -1.369333
v 2.088410 17.922071 -1.203921
v 2.260267 18.063832 -1.042960
v 2.429949 18.195342 -0.884035
v 2.600032 18.316452 -0.724735
v 2.773091 18.427012 -0.562647
v 2.951703 18.526873 -0.395359
v 3.138444 18.615885 -0.220457
v 3.316590 18.686960 -0.053605
v 3.505411 18.748919 0.123246
v 3.706817 18.801649 0.311882
v 3.922715 18.845040 0.514093
v 4.155015 18.878981 0.731666
v 4.405626 18.903362 0.966389
v 4.676457 18.918072 1.220050
v 4.699861 18.918072 1.197027
v 4.450665 18.903362 0.922081
v 4.220074 18.878981 0.667663
v 4.006331 18.845040 0.431834
v 3.807679 18.801649 0.212656
v 3.622363 18.748919 0.008192
v 3.448626 18.686960 -0.183498
v 3.284711 18.615885 -0.364350
v 3.112888 18.526873 -0.553927
v 2.948544 18.427012 -0.735253
v 2.789310 18.316452 -0.910941
v 2.632814 18.195342 -1.083608
v 2.476687 18.063832 -1.255867
v 2.318559 17.922071 -1.430335
v 2.156059 17.770209 -1.609626
v 1.687999 17.770209 -1.109882
v 1.877533 17.922071 -0.959457
v 2.061970 18.063832 -0.813078
v 2.244071 18.195342 -0.668552
v 2.426603 18.316452 -0.523684
v 2.612330 18.427012 -0.376281
v 2.804016 18.526873 -0.224148
v 3.004426 18.615885 -0.065092
v 3.195611 18.686960 0.086644
v 3.398253 18.748919 0.247472
v 3.614400 18.801649 0.419019
v 3.846101 18.845040 0.602910
v 4.095405 18.878981 0.800771
v 4.364359 18.903362 1.014229
v 4.655014 18.918072 1.244909
v 1.687340 17.922071 -0.698577
v 1.883122 18.063832 -0.567760
v 2.076425 18.195342 -0.438599
v 2.270186 18.316452 -0.309132
v 2.467337 18.427012 -0.177400
v 2.670814 18.526873 -0.041441
v 2.883552 18.615885 0.100706
v 3.086498 18.686960 0.236310
v 3.301605 18.748919 0.380040
v 3.531048 18.801649 0.533349
v 3.777002 18.845040 0.697690
v 4.041641 18.878981 0.874516
v 4.327140 18.903362 1.065281
v 4.635674 18.918072 1.271437
v 1.153541 17.770209 -0.234514
v 1.373946 17.922071 -0.134650
v 1.588422 18.063832 -0.037472
v 1.800183 18.195342 0.058476
v 2.012445 18.316452 0.154650
v 2.228422 18.427012 0.252508
v 2.451328 18.526873 0.353506
v 2.684379 18.615885 0.459100
v 2.906704 18.686960 0.559834
v 3.142351 18.748919 0.666604
v 3.393703 18.801649 0.780490
v 3.663142 18.845040 0.902571
v 3.953051 18.878981 1.033927
v 4.265811 18.903362 1.175637
v 4.603806 18.918072 1.328780
v 4.618566 18.918072 1.299456
v 4.294217 18.903362 1.119204
v 3.994083 18.878981 0.952409
v 3.715879 18.845040 0.797801
v 3.457318 18.801649 0.654109
v 3.216113 18.748919 0.520063
v 2.989980 18.686960 0.394392
v 2.776631 18.615885 0.275827
v 2.552989 18.526873 0.151541
v 2.339082 18.427012 0.032665
v 2.131824 18.316452 -0.082516
v 1.928132 18.195342 -0.195715
v 1.724920 18.063832 -0.308647
v 1.519102 17.922071 -0.423027
v 1.307596 17.770209 -0.540569
v 1.025012 17.770209 0.083106
v 1.252841 17.922071 0.164625
v 1.474541 18.063832 0.243950
v 1.693435 18.195342 0.322272
v 1.912847 18.316452 0.400778
v 2.136098 18.427012 0.480659
v 2.366513 18.526873 0.563103
v 2.607413 18.615885 0.649298
v 2.837226 18.686960 0.731527
v 3.080811 18.748919 0.818683
v 3.340629 18.801649 0.911647
v 3.619143 18.845040 1.011301
v 3.918817 18.878981 1.118526
v 4.242112 18.903362 1.234203
v 4.591491 18.918072 1.359213
v 0.922870 17.770209 0.410168
v 1.156598 17.922071 0.472795
v 1.384039 18.063832 0.533738
v 1.608602 18.195342 0.593909
v 1.833695 18.316452 0.654223
v 2.062728 18.427012 0.715592
v 2.299109 18.526873 0.778930
v 2.546248 18.615885 0.845151
v 2.782012 18.686960 0.908323
v 3.031904 18.748919 0.975282
v 3.298450 18.801649 1.046703
v 3.584177 18.845040 1.123263
v 3.891611 18.878981 1.205639
v 4.223278 18.903362 1.294509
v 4.581705 18.918072 1.390550
v 0.847797 17.770209 0.744483
v 1.085862 17.922071 0.787800
v 1.317522 18.063832 0.829952
v 1.546251 18.195342 0.871571
v 1.775520 18.316452 0.913288
v 2.008802 18.427012 0.955735
v 2.249569 18.526873 0.999544
v 2.501293 18.615885 1.045346
v 2.741431 18.686960 1.089041
v 2.995959 18.748919 1.135354
v 3.267450 18.801649 1.184753
v 3.558478 18.845040 1.237708
v 3.871615 18.878981 1.294685
v 4.209435 18.903362 1.356153
v 4.574512 18.918072 1.422581
v 0.780684 17.770209 1.425893
v 1.022625 17.922071 1.429852
v 1.258058 18.063832 1.433704
v 1.490511 18.195342 1.437508
v 1.723513 18.316452 1.441321
v 1.960594 18.427012 1.445201
v 2.205281 18.526873 1.449205
v 2.461104 18.615885 1.453391
v 2.705152 18.686960 1.457385
v 2.963825 18.748919 1.461618
v 3.239737 18.801649 1.466133
v 3.535503 18.845040 1.470972
v 3.853739 18.878981 1.476180
v 4.197060 18.903362 1.481798
v 4.568081 18.918072 1.487869
v 4.569960 18.918072 1.455094
v 4.200677 18.903362 1.418723
v 3.858963 18.878981 1.385067
v 3.542217 18.845040 1.353870
v 3.247835 18.801649 1.324876
v 2.973215 18.748919 1.297828
v 2.715754 18.686960 1.272470
v 2.472848 18.615885 1.248546
v 2.218223 18.526873 1.223468
v 1.974681 18.427012 1.199481
v 1.738711 18.316452 1.176240
v 1.506799 18.195342 1.153399
v 1.275435 18.063832 1.130611
v 1.041104 17.922071 1.107532
v 0.789093 17.770209 1.768430
v 1.030548 17.922071 1.752604
v 1.265508 18.063832 1.737204
v 1.497495 18.195342 1.721999
v 1.730029 18.316452 1.706758
v 1.966634 18.427012 1.691250
v 2.210830 18.526873 1.675244
v 2.466139 18.615885 1.658510
v 2.709698 18.686960 1.642547
v 2.967851 18.748919 1.625626
v 3.243209 18.801649 1.607579
v 3.538382 18.845040 1.588232
v 3.855979 18.878981 1.567416
v 4.198611 18.903362 1.544958
v 4.568887 18.918072 1.520689
v 1.064820 17.922071 2.073629
v 1.297736 18.063832 2.039079
v 1.527704 18.195342 2.004967
v 1.758216 18.316452 1.970774
v 1.992761 18.427012 1.935982
v 2.234832 18.526873 1.900074
v 2.487920 18.615885 1.862532
v 2.729360 18.686960 1.826718
v 2.985267 18.748919 1.788758
v 3.258229 18.801649 1.748268
v 3.550833 18.845040 1.704864
v 3.865667 18.878981 1.658163
v 4.205318 18.903362 1.607780
v 4.572372 18.918072 1.553333
v 0.980946 17.770209 2.775955
v 1.211321 17.922071 2.701934
v 1.435497 18.063832 2.629905
v 1.656837 18.195342 2.558787
v 1.878700 18.316452 2.487502
v 2.104445 18.427012 2.414968
v 2.337434 18.526873 2.340108
v 2.581026 18.615885 2.261840
v 2.813406 18.686960 2.187175
v 3.059712 18.748919 2.108036
v 3.322432 18.801649 2.023622
v 3.604058 18.845040 1.933134
v 3.907080 18.878981 1.835772
v 4.233987 18.903362 1.730735
v 4.587269 18.918072 1.617223
v 4.578513 18.918072 1.585583
v 4.217136 18.903362 1.669844
v 3.882739 18.878981 1.747815
v 3.572774 18.845040 1.820088
v 3.284696 18.801649 1.887259
v 3.015955 18.748919 1.949920
v 2.764006 18.686960 2.008667
v 2.526302 18.615885 2.064092
v 2.277128 18.526873 2.122191
v 2.038801 18.427012 2.177761
v 1.807883 18.316452 2.231603
v 1.580937 18.195342 2.284520
v 1.354526 18.063832 2.337311
v 1.125213 17.922071 2.390780
v 0.889560 17.770209 2.445726
v 1.099014 17.770209 3.097611
v 1.322569 17.922071 3.005011
v 1.540109 18.063832 2.914903
v 1.754897 18.195342 2.825935
v 1.970192 18.316452 2.736757
v 2.189255 18.427012 2.646018
v 2.415346 18.526873 2.552368
v 2.651728 18.615885 2.454455
v 2.877229 18.686960 2.361050
v 3.116243 18.748919 2.262047
v 3.371187 18.801649 2.156446
v 3.644476 18.845040 2.043246
v 3.938527 18.878981 1.921446
v 4.255757 18.903362 1.790045
v 4.598582 18.918072 1.648042
v 1.458212 17.922071 3.297983
v 1.667662 18.063832 3.190398
v 1.874460 18.195342 3.084176
v 2.081747 18.316452 2.977702
v 2.292662 18.427012 2.869364
v 2.510344 18.526873 2.757551
v 2.737933 18.615885 2.640649
v 2.955047 18.686960 2.529127
v 3.185172 18.748919 2.410923
v 3.430633 18.801649 2.284841
v 3.693757 18.845040 2.149686
v 3.976871 18.878981 2.004263
v 4.282301 18.903362 1.847377
v 4.612375 18.918072 1.677833
v 1.604545 17.770209 3.989997
v 1.798900 17.922071 3.845853
v 1.988026 18.063832 3.705587
v 2.174760 18.195342 3.567096
v 2.361934 18.316452 3.428279
v 2.552384 18.427012 3.287031
v 2.748945 18.526873 3.141252
v 2.954451 18.615885 2.988838
v 3.150499 18.686960 2.843439
v 3.358295 18.748919 2.689327
v 3.579939 18.801649 2.524944
v 3.817533 18.845040 2.348733
v 4.073176 18.878981 2.159135
v 4.348971 18.903362 1.954591
v 4.647018 18.918072 1.733545
v 4.628556 18.918072 1.706398
v 4.313442 18.903362 1.902348
v 4.021854 18.878981 2.083670
v 3.751571 18.845040 2.251742
v 3.500372 18.801649 2.407948
v 3.266036 18.748919 2.553668
v 3.046341 18.686960 2.690283
v 2.839067 18.615885 2.819174
v 2.621792 18.526873 2.954284
v 2.413976 18.427012 3.083513
v 2.212620 18.316452 3.208724
v 2.014727 18.195342 3.331781
v 1.817301 18.063832 3.454549
v 1.617344 17.922071 3.578890
v 1.411859 17.770209 3.706669
v 1.819739 17.770209 4.256631
v 2.001665 17.922071 4.097086
v 2.178696 18.063832 3.941834
v 2.353487 18.195342 3.788546
v 2.528691 18.316452 3.634897
v 2.706961 18.427012 3.478558
v 2.890951 18.526873 3.317203
v 3.083315 18.615885 3.148504
v 3.266825 18.686960 2.987571
v 3.461331 18.748919 2.816993
v 3.668800 18.801649 2.635047
v 3.891199 18.845040 2.440009
v 4.130494 18.878981 2.230153
v 4.388651 18.903362 2.003755
v 4.667637 18.918072 1.759092
v 2.056003 17.770209 4.504787
v 2.224282 17.922071 4.330909
v 2.388034 18.063832 4.161709
v 2.549714 18.195342 3.994650
v 2.711775 18.316452 3.827196
v 2.876673 18.427012 3.656812
v 3.046862 18.526873 3.480961
v 3.224796 18.615885 3.297106
v 3.394540 18.686960 3.121714
v 3.574456 18.748919 2.935812
v 3.766363 18.801649 2.737520
v 3.972079 18.845040 2.524959
v 4.193423 18.878981 2.296250
v 4.432216 18.903362 2.049513
v 4.690274 18.918072 1.782868
v 2.311757 17.770209 4.732805
v 2.465264 17.922071 4.545757
v 2.614641 18.063832 4.363741
v 2.762127 18.195342 4.184028
v 2.909962 18.316452 4.003891
v 3.060384 18.427012 3.820601
v 3.215633 18.526873 3.631429
v 3.377947 18.615885 3.433649
v 3.532790 18.686960 3.244972
v 3.696913 18.748919 3.044989
v 3.871973 18.801649 2.831677
v 4.059630 18.845040 2.603016
v 4.261544 18.878981 2.356983
v 4.479374 18.903362 2.091557
v 4.714778 18.918072 1.804715
v 2.874770 17.770209 5.122472
v 2.995757 17.922071 4.912917
v 3.113489 18.063832 4.708999
v 3.229731 18.195342 4.507662
v 3.346248 18.316452 4.305849
v 3.464804 18.427012 4.100504
v 3.587164 18.526873 3.888570
v 3.715093 18.615885 3.666991
v 3.837133 18.686960 3.455611
v 3.966487 18.748919 3.231564
v 4.104461 18.801649 2.992585
v 4.252364 18.845040 2.736409
v 4.411504 18.878981 2.460772
v 4.583187 18.903362 2.163407
v 4.768723 18.918072 1.842051
v 4.740986 18.918072 1.824487
v 4.529810 18.903362 2.129607
v 4.334400 18.878981 2.411946
v 4.153267 18.845040 2.673657
v 3.984924 18.801649 2.916889
v 3.827882 18.748919 3.143793
v 3.680651 18.686960 3.356520
v 3.541745 18.615885 3.557220
v 3.396136 18.526873 3.767603
v 3.256866 18.427012 3.968828
v 3.121926 18.316452 4.163798
v 2.989306 18.195342 4.355414
v 2.856999 18.063832 4.546578
v 2.722997 17.922071 4.740193
v 3.178263 17.770209 5.281514
v 3.281720 17.922071 5.062773
v 3.382394 18.063832 4.849915
v 3.481794 18.195342 4.639752
v 3.581429 18.316452 4.429092
v 3.682807 18.427012 4.214746
v 3.787439 18.526873 3.993521
v 3.896832 18.615885 3.762229
v 4.001190 18.686960 3.541583
v 4.111801 18.748919 3.307714
v 4.229785 18.801649 3.058259
v 4.356258 18.845040 2.790854
v 4.492340 18.878981 2.503133
v 4.639148 18.903362 2.192733
v 4.797801 18.918072 1.857289
v 3.578974 17.922071 5.188758
v 3.661916 18.063832 4.968385
v 3.743808 18.195342 4.750802
v 3.825895 18.316452 4.532704
v 3.909417 18.427012 4.310790
v 3.995620 18.526873 4.081755
v 4.085746 18.615885 3.842297
v 4.171723 18.686960 3.613860
v 4.262853 18.748919 3.371734
v 4.360056 18.801649 3.113472
v 4.464253 18.845040 2.836625
v 4.576367 18.878981 2.538746
v 4.697318 18.903362 2.217387
v 4.828028 18.918072 1.870100
v 4.152127 17.770209 5.603235
v 4.199333 17.922071 5.365911
v 4.245270 18.063832 5.134971
v 4.290626 18.195342 4.906954
v 4.336088 18.316452 4.678398
v 4.382346 18.427012 4.445842
v 4.430089 18.526873 4.205824
v 4.480004 18.615885 3.954883
v 4.527622 18.686960 3.715492
v 4.578093 18.748919 3.461756
v 4.631928 18.801649 3.191109
v 4.689637 18.845040 2.900987
v 4.751730 18.878981 2.588824
v 4.818718 18.903362 2.252055
v 4.891110 18.918072 1.888114
v 4.859200 18.918072 1.880398
v 4.757309 18.903362 2.237205
v 4.663024 18.878981 2.567374
v 4.575628 18.845040 2.873419
v 4.494403 18.801649 3.157855
v 4.418631 18.748919 3.423196
v 4.347593 18.686960 3.671959
v 4.280571 18.615885 3.906658
v 4.210315 18.526873 4.152681
v 4.143118 18.427012 4.387994
v 4.078010 18.316452 4.615992
v 4.014021 18.195342 4.840068
v 3.950184 18.063832 5.063616
v 3.885528 17.922071 5.290030
v 3.819085 17.770209 5.522702
v 4.490636 17.770209 5.656282
v 4.518290 17.922071 5.415894
v 4.545201 18.063832 5.181972
v 4.571771 18.195342 4.951011
v 4.598403 18.316452 4.719505
v 4.625502 18.427012 4.483946
v 4.653470 18.526873 4.240830
v 4.682712 18.615885 3.986649
v 4.710607 18.686960 3.744167
v 4.740174 18.748919 3.487155
v 4.771711 18.801649 3.213015
v 4.805518 18.845040 2.919147
v 4.841893 18.878981 2.602953
v 4.881135 18.903362 2.261836
v 4.923544 18.918072 1.893197
v 4.840265 17.922071 5.439644
v 4.847969 18.063832 5.204306
v 4.855576 18.195342 4.971946
v 4.863200 18.316452 4.739037
v 4.870958 18.427012 4.502052
v 4.878965 18.526873 4.257463
v 4.887337 18.615885 4.001743
v 4.895323 18.686960 3.757793
v 4.903788 18.748919 3.499224
v 4.912816 18.801649 3.223423
v 4.922495 18.845040 2.927775
v 4.932909 18.878981 2.609667
v 4.944143 18.903362 2.266484
v 4.956284 18.918072 1.895612
v 5.516230 17.770209 5.647891
v 5.484646 17.922071 5.407988
v 5.453912 18.063832 5.174538
v 5.423567 18.195342 4.944043
v 5.393150 18.316452 4.713003
v 5.362200 18.427012 4.477919
v 5.330258 18.526873 4.235293
v 5.296862 18.615885 3.981625
v 5.265003 18.686960 3.739632
v 5.231235 18.748919 3.483138
v 5.195216 18.801649 3.209550
v 5.156606 18.845040 2.916274
v 5.115062 18.878981 2.600718
v 5.070244 18.903362 2.260289
v 5.021809 18.918072 1.892393
v 4.989113 18.918072 1.895343
v 5.007320 18.903362 2.265967
v 5.024169 18.878981 2.608920
v 5.039786 18.845040 2.926816
v 5.054300 18.801649 3.222266
v 5.067840 18.748919 3.497882
v 5.080535 18.686960 3.756278
v 5.092511 18.615885 4.000065
v 5.105065 18.526873 4.255614
v 5.117073 18.427012 4.500039
v 5.128708 18.316452 4.736865
v 5.140142 18.195342 4.969618
v 5.151550 18.063832 5.201822
v 5.163103 17.922071 5.437003
v 5.174976 17.770209 5.678685
v 5.853826 17.770209 5.589313
v 5.802742 17.922071 5.352793
v 5.753033 18.063832 5.122635
v 5.703953 18.195342 4.895391
v 5.654757 18.316452 4.667610
v 5.604700 18.427012 4.435841
v 5.553037 18.526873 4.196637
v 5.499022 18.615885 3.946546
v 5.447494 18.686960 3.707966
v 5.392878 18.748919 3.455090
v 5.334622 18.801649 3.185360
v 5.272174 18.845040 2.896221
v 5.204982 18.878981 2.585116
v 5.132493 18.903362 2.249488
v 5.054156 18.918072 1.886780
v 6.185505 17.770209 5.503342
v 6.115264 17.922071 5.271787
v 6.046913 18.063832 5.046462
v 5.979426 18.195342 4.823988
v 5.911780 18.316452 4.600989
v 5.842950 18.427012 4.374087
v 5.771911 18.526873 4.139905
v 5.697640 18.615885 3.895065
v 5.626787 18.686960 3.661494
v 5.551688 18.748919 3.413926
v 5.471585 18.801649 3.149860
v 5.385717 18.845040 2.866791
v 5.293325 18.878981 2.562217
v 5.193651 18.903362 2.233636
v 5.085935 18.918072 1.878543
v 6.509050 17.770209 5.390553
v 6.420121 17.922071 5.165513
v 6.333584 18.063832 4.946527
v 6.248142 18.195342 4.730313
v 6.162499 18.316452 4.513588
v 6.075356 18.427012 4.293069
v 5.985418 18.526873 4.065476
v 5.891386 18.615885 3.827524
v 5.801682 18.686960 3.600525
v 5.706603 18.748919 3.359922
v 5.605188 18.801649 3.103285
v 5.496474 18.845040 2.828180
v 5.379502 18.878981 2.532176
v 5.253309 18.903362 2.212838
v 5.116935 18.918072 1.867736
v 7.123145 17.770209 5.087715
v 6.998746 17.922071 4.880167
v 6.877693 18.063832 4.678202
v 6.758172 18.195342 4.478794
v 6.638369 18.316452 4.278914
v 6.516469 18.427012 4.075537
v 6.390658 18.526873 3.865633
v 6.259121 18.615885 3.646177
v 6.133638 18.686960 3.436822
v 6.000636 18.748919 3.214922
v 5.858770 18.801649 2.978232
v 5.706695 18.845040 2.724511
v 5.543067 18.878981 2.451514
v 5.366542 18.903362 2.156998
v 5.175773 18.918072 1.838720
v 5.146948 18.918072 1.854432
v 5.311068 18.903362 2.187236
v 5.462935 18.878981 2.495192
v 5.603706 18.845040 2.780648
v 5.734538 18.801649 3.045948
v 5.856587 18.748919 3.293439
v 5.971011 18.686960 3.525467
v 6.078965 18.615885 3.744376
v 6.192127 18.526873 3.973848
v 6.300364 18.427012 4.193330
v 6.405236 18.316452 4.405990
v 6.508304 18.195342 4.614991
v 6.611130 18.063832 4.823500
v 6.715273 17.922071 5.034681
v 7.409588 17.770209 4.899691
v 7.268644 17.922071 4.703004
v 7.131491 18.063832 4.511607
v 6.996074 18.195342 4.322633
v 6.860337 18.316452 4.133213
v 6.722225 18.427012 3.940477
v 6.579681 18.526873 3.741557
v 6.430650 18.615885 3.533584
v 6.288478 18.686960 3.335184
v 6.137787 18.748919 3.124895
v 5.977053 18.801649 2.900590
v 5.804752 18.845040 2.660145
v 5.619362 18.878981 2.401434
v 5.419358 18.903362 2.122329
v 5.203218 18.918072 1.820705
v 7.679707 17.770209 4.688888
v 7.523161 17.922071 4.504376
v 7.370826 18.063832 4.324828
v 7.220419 18.195342 4.147553
v 7.069656 18.316452 3.969858
v 6.916255 18.427012 3.789054
v 6.757932 18.526873 3.602448
v 6.592404 18.615885 3.407350
v 6.434494 18.686960 3.221232
v 6.267122 18.748919 3.023961
v 6.088595 18.801649 2.813542
v 5.897221 18.845040 2.587982
v 5.691309 18.878981 2.345286
v 5.469166 18.903362 2.083459
v 5.229099 18.918072 1.800508
v 8.141588 17.770209 4.230770
v 7.958364 17.922071 4.072720
v 7.780068 18.063832 3.918921
v 7.604029 18.195342 3.767068
v 7.427574 18.316452 3.614857
v 7.248030 18.427012 3.459982
v 7.062726 18.526873 3.300138
v 6.868989 18.615885 3.133019
v 6.684169 18.686960 2.973592
v 6.488273 18.748919 2.804611
v 6.279322 18.801649 2.624369
v 6.055335 18.845040 2.431156
v 5.814332 18.878981 2.223265
v 5.554331 18.903362 1.998987
v 5.273353 18.918072 1.756614
v 5.253243 18.918072 1.778262
v 5.515630 18.903362 2.040649
v 5.758427 18.878981 2.283446
v 5.983484 18.845040 2.508503
v 6.192650 18.801649 2.717670
v 6.387776 18.748919 2.912795
v 6.570709 18.686960 3.095729
v 6.743301 18.615885 3.268320
v 6.924219 18.526873 3.449238
v 7.097262 18.427012 3.622281
v 7.264926 18.316452 3.789945
v 7.429705 18.195342 3.954725
v 7.594096 18.063832 4.119116
v 7.760595 17.922071 4.285614
v 8.139935 17.922071 3.845853
v 7.950809 18.063832 3.705587
v 7.764075 18.195342 3.567096
v 7.576901 18.316452 3.428279
v 7.386451 18.427012 3.287031
v 7.189890 18.526873 3.141252
v 6.984384 18.615885 2.988838
v 6.788336 18.686960 2.843439
v 6.580540 18.748919 2.689327
v 6.358896 18.801649 2.524944
v 6.121302 18.845040 2.348733
v 5.865659 18.878981 2.159135
v 5.589864 18.903362 1.954591
v 5.291817 18.918072 1.733545
v 8.664045 17.770209 3.469257
v 8.450644 17.922071 3.355191
v 8.242983 18.063832 3.244194
v 8.037950 18.195342 3.134602
v 7.832433 18.316452 3.024750
v 7.623318 18.427012 2.912976
v 7.407495 18.526873 2.797616
v 7.181849 18.615885 2.677006
v 6.966589 18.686960 2.561947
v 6.738429 18.748919 2.439993
v 6.495064 18.801649 2.309912
v 6.234186 18.845040 2.170470
v 5.953489 18.878981 2.020434
v 5.650667 18.903362 1.858572
v 5.323412 18.918072 1.683651
v 5.308533 18.918072 1.709180
v 5.622033 18.903362 1.907701
v 5.912128 18.878981 2.091402
v 6.181027 18.845040 2.261680
v 6.430940 18.801649 2.419936
v 6.664077 18.748919 2.567568
v 6.882646 18.686960 2.705976
v 7.088859 18.615885 2.836558
v 7.305021 18.526873 2.973441
v 7.511773 18.427012 3.104366
v 7.712098 18.316452 3.231220
v 7.908977 18.195342 3.355893
v 8.105393 18.063832 3.480271
v 8.304326 17.922071 3.606244
v 8.508758 17.770209 3.735700
v 8.799311 17.770209 3.192112
v 8.578097 17.922071 3.094054
v 8.362833 18.063832 2.998634
v 8.150293 18.195342 2.904422
v 7.937252 18.316452 2.809987
v 7.720482 18.427012 2.713900
v 7.496756 18.526873 2.614729
v 7.262849 18.615885 2.511045
v 7.039708 18.686960 2.412134
v 6.803195 18.748919 2.307295
v 6.550920 18.801649 2.195469
v 6.280491 18.845040 2.075596
v 5.989518 18.878981 1.946616
v 5.675608 18.903362 1.807470
v 5.336372 18.918072 1.657097
v 8.913823 17.770209 2.905768
v 8.685994 17.922071 2.824249
v 8.464294 18.063832 2.744924
v 8.245400 18.195342 2.666602
v 8.025988 18.316452 2.588095
v 7.802737 18.427012 2.508215
v 7.572322 18.526873 2.425771
v 7.331421 18.615885 2.339575
v 7.101608 18.686960 2.257347
v 6.858024 18.748919 2.170191
v 6.598206 18.801649 2.077227
v 6.319692 18.845040 1.977573
v 6.020018 18.878981 1.870348
v 5.696723 18.903362 1.754671
v 5.347344 18.918072 1.629661
v 9.078216 17.770209 2.311728
v 8.840892 17.922071 2.264521
v 8.609952 18.063832 2.218584
v 8.381934 18.195342 2.173229
v 8.153379 18.316452 2.127766
v 7.920823 18.427012 2.081508
v 7.680805 18.526873 2.033765
v 7.429864 18.615885 1.983850
v 7.190473 18.686960 1.936232
v 6.936737 18.748919 1.885761
v 6.666090 18.801649 1.831926
v 6.375968 18.845040 1.774217
v 6.063805 18.878981 1.712124
v 5.727035 18.903362 1.645136
v 5.363095 18.918072 1.572744
v 5.356267 18.918072 1.601493
v 5.713896 18.903362 1.700462
v 6.044825 18.878981 1.792042
v 6.351575 18.845040 1.876931
v 6.636666 18.801649 1.955827
v 6.902619 18.748919 2.029426
v 7.151954 18.686960 2.098426
v 7.387194 18.615885 2.163526
v 7.633783 18.526873 2.231766
v 7.869638 18.427012 2.297036
v 8.098161 18.316452 2.360277
v 8.322753 18.195342 2.422430
v 8.546816 18.063832 2.484436
v 8.773751 17.922071 2.547238
v 9.127207 17.770209 2.007251
v 8.887053 17.922071 1.977631
v 8.653359 18.063832 1.948808
v 8.422623 18.195342 1.920349
v 8.191342 18.316452 1.891823
v 7.956013 18.427012 1.862798
v 7.713134 18.526873 1.832842
v 7.459201 18.615885 1.801522
v 7.216955 18.686960 1.771644
v 6.960194 18.748919 1.739976
v 6.686320 18.801649 1.706197
v 6.392739 18.845040 1.669987
v 6.076853 18.878981 1.631026
v 5.736069 18.903362 1.588994
v 5.367789 18.918072 1.543571
v 9.157450 17.770209 1.391626
v 8.915549 17.922071 1.397565
v 8.680156 18.063832 1.403343
v 8.447742 18.195342 1.409049
v 8.214778 18.316452 1.414768
v 7.977738 18.427012 1.420587
v 7.733092 18.526873 1.426593
v 7.477311 18.615885 1.432872
v 7.233304 18.686960 1.438862
v 6.974675 18.748919 1.445211
v 6.698809 18.801649 1.451983
v 6.403092 18.845040 1.459242
v 6.084909 18.878981 1.467053
v 5.741645 18.903362 1.475480
v 5.370686 18.918072 1.484586
v 5.370324 18.918072 1.514132
v 5.740948 18.903362 1.532340
v 6.083901 18.878981 1.549188
v 6.401796 18.845040 1.564805
v 6.697246 18.801649 1.579320
v 6.972863 18.748919 1.592860
v 7.231258 18.686960 1.605554
v 7.475045 18.615885 1.617530
v 7.730594 18.526873 1.630085
v 7.975019 18.427012 1.642093
v 8.211846 18.316452 1.653727
v 8.444599 18.195342 1.665162
v 8.676803 18.063832 1.676569
v 8.911984 17.922071 1.688123
v 8.897731 17.922071 1.107532
v 8.663400 18.063832 1.130611
v 8.432036 18.195342 1.153399
v 8.200124 18.316452 1.176240
v 7.964154 18.427012 1.199481
v 7.720612 18.526873 1.223468
v 7.465987 18.615885 1.248546
v 7.223081 18.686960 1.272470
v 6.965620 18.748919 1.297828
v 6.691000 18.801649 1.324876
v 6.396618 18.845040 1.353870
v 6.079872 18.878981 1.385067
v 5.738158 18.903362 1.418723
v 5.368875 18.918072 1.455094
v 9.033164 17.770209 0.476521
v 8.798442 17.922071 0.535316
v 8.570034 18.063832 0.592529
v 8.344517 18.195342 0.649018
v 8.118467 18.316452 0.705641
v 7.888461 18.427012 0.763254
v 7.651075 18.526873 0.822717
v 7.402886 18.615885 0.884885
v 7.166120 18.686960 0.944192
v 6.915166 18.748919 1.007052
v 6.647487 18.801649 1.074102
v 6.360545 18.845040 1.145977
v 6.051805 18.878981 1.223313
v 5.718728 18.903362 1.306744
v 5.358778 18.918072 1.396907
v 5.364898 18.918072 1.425815
v 5.730506 18.903362 1.362376
v 6.068817 18.878981 1.303673
v 6.382410 18.845040 1.249259
v 6.673861 18.801649 1.198688
v 6.945748 18.748919 1.151511
v 7.200646 18.686960 1.107282
v 7.441134 18.615885 1.065553
v 7.693224 18.526873 1.021812
v 7.934341 18.427012 0.979974
v 8.167962 18.316452 0.939437
v 8.397565 18.195342 0.899597
v 8.626627 18.063832 0.859851
v 8.858624 17.922071 0.819595
v 9.097036 17.770209 0.778227
v 8.717510 17.922071 0.256234
v 8.493930 18.063832 0.330095
v 8.273179 18.195342 0.403021
v 8.051908 18.316452 0.476120
v 7.826763 18.427012 0.550497
v 7.594394 18.526873 0.627262
v 7.351451 18.615885 0.707519
v 7.119689 18.686960 0.784083
v 6.874039 18.748919 0.865235
v 6.612018 18.801649 0.951795
v 6.331142 18.845040 1.044584
v 6.028927 18.878981 1.144422
v 5.702890 18.903362 1.252130
v 5.350548 18.918072 1.368528
v 8.711397 17.770209 -0.389117
v 8.495260 17.922071 -0.280323
v 8.284938 18.063832 -0.174456
v 8.077277 18.195342 -0.069928
v 7.869126 18.316452 0.034846
v 7.657332 18.427012 0.141455
v 7.438742 18.526873 0.251483
v 7.210204 18.615885 0.366520
v 6.992185 18.686960 0.476261
v 6.761102 18.748919 0.592579
v 6.514617 18.801649 0.716649
v 6.250396 18.845040 0.849646
v 5.966102 18.878981 0.992748
v 5.659398 18.903362 1.147130
v 5.327949 18.918072 1.313967
v 5.340253 18.918072 1.340832
v 5.683078 18.903362 1.198829
v 6.000308 18.878981 1.067428
v 6.294359 18.845040 0.945628
v 6.567648 18.801649 0.832428
v 6.822592 18.748919 0.726827
v 7.061606 18.686960 0.627824
v 7.287107 18.615885 0.534418
v 7.523489 18.526873 0.436506
v 7.749580 18.427012 0.342856
v 7.968643 18.316452 0.252117
v 8.183938 18.195342 0.162939
v 8.398726 18.063832 0.073971
v 8.616266 17.922071 -0.016137
v 8.839821 17.770209 -0.108737
v 8.562695 17.770209 -0.659291
v 8.355147 17.922071 -0.534892
v 8.153183 18.063832 -0.413839
v 7.953775 18.195342 -0.294318
v 7.753895 18.316452 -0.174515
v 7.550517 18.427012 -0.052615
v 7.340614 18.526873 0.073196
v 7.121158 18.615885 0.204733
v 6.911803 18.686960 0.330216
v 6.689902 18.748919 0.463218
v 6.453213 18.801649 0.605084
v 6.199491 18.845040 0.757159
v 5.926495 18.878981 0.920787
v 5.631979 18.903362 1.097313
v 5.313701 18.918072 1.288081
v 8.394521 17.770209 -0.917793
v 8.196687 17.922071 -0.778463
v 8.004175 18.063832 -0.642880
v 7.814099 18.195342 -0.509014
v 7.623575 18.316452 -0.374832
v 7.429715 18.427012 -0.238300
v 7.229636 18.526873 -0.097389
v 7.020451 18.615885 0.049936
v 6.820894 18.686960 0.190480
v 6.609379 18.748919 0.339446
v 6.383768 18.801649 0.498339
v 6.141921 18.845040 0.668667
v 5.881701 18.878981 0.851934
v 5.600969 18.903362 1.049648
v 5.297588 18.918072 1.263313
v 8.003502 17.770209 -1.394252
v 7.828253 17.922071 -1.227401
v 7.657719 18.063832 -1.065039
v 7.489343 18.195342 -0.904731
v 7.320569 18.316452 -0.744045
v 7.148841 18.427012 -0.580547
v 6.971603 18.526873 -0.411803
v 6.786300 18.615885 -0.235379
v 6.609525 18.686960 -0.067075
v 6.422157 18.748919 0.111314
v 6.222301 18.801649 0.301592
v 6.008065 18.845040 0.505562
v 5.777552 18.878981 0.725029
v 5.528870 18.903362 0.961794
v 5.260123 18.918072 1.217662
v 5.279696 18.918072 1.239798
v 5.566538 18.903362 1.004393
v 5.831964 18.878981 0.786563
v 6.077997 18.845040 0.584650
v 6.306658 18.801649 0.396992
v 6.519969 18.748919 0.221932
v 6.719953 18.686960 0.057810
v 6.908630 18.615885 -0.097033
v 7.106410 18.526873 -0.259348
v 7.295581 18.427012 -0.414596
v 7.478871 18.316452 -0.565019
v 7.659009 18.195342 -0.712853
v 7.838721 18.063832 -0.860340
v 8.020738 17.922071 -1.009717
v 7.782776 17.770209 -1.609626
v 7.620276 17.922071 -1.430335
v 7.462148 18.063832 -1.255867
v 7.306021 18.195342 -1.083608
v 7.149525 18.316452 -0.910941
v 6.990291 18.427012 -0.735253
v 6.825947 18.526873 -0.553927
v 6.654123 18.615885 -0.364350
v 6.490209 18.686960 -0.183498
v 6.316472 18.748919 0.008192
v 6.131156 18.801649 0.212656
v 5.932504 18.845040 0.431834
v 5.718761 18.878981 0.667663
v 5.488170 18.903362 0.922081
v 5.238974 18.918072 1.197027
v 7.296865 17.770209 -1.988834
v 7.162431 17.922071 -1.787640
v 7.031614 18.063832 -1.591859
v 6.902453 18.195342 -1.398555
v 6.772987 18.316452 -1.204795
v 6.641254 18.427012 -1.007644
v 6.505295 18.526873 -0.804166
v 6.363148 18.615885 -0.591429
v 6.227544 18.686960 -0.388483
v 6.083814 18.748919 -0.173376
v 5.930505 18.801649 0.056067
v 5.766164 18.845040 0.302021
v 5.589338 18.878981 0.566660
v 5.398574 18.903362 0.852159
v 5.192418 18.918072 1.160693
v 5.216365 18.918072 1.178003
v 5.444660 18.903362 0.885470
v 5.655910 18.878981 0.614778
v 5.851725 18.845040 0.363864
v 6.033714 18.801649 0.130667
v 6.203487 18.748919 -0.086877
v 6.362652 18.686960 -0.290828
v 6.512818 18.615885 -0.483248
v 6.670229 18.526873 -0.684952
v 6.820789 18.427012 -0.877876
v 6.966668 18.316452 -1.064803
v 7.110037 18.195342 -1.248514
v 7.253069 18.063832 -1.431792
v 7.397934 17.922071 -1.617419
v 6.915045 17.922071 -1.940076
v 6.798985 18.063832 -1.735201
v 6.684394 18.195342 -1.532920
v 6.569532 18.316452 -1.330160
v 6.452660 18.427012 -1.123852
v 6.332038 18.526873 -0.910924
v 6.205926 18.615885 -0.688306
v 6.085619 18.686960 -0.475935
v 5.958103 18.748919 -0.250837
v 5.822088 18.801649 -0.010737
v 5.676286 18.845040 0.246640
v 5.519407 18.878981 0.523570
v 5.350162 18.903362 0.822329
v 5.167262 18.918072 1.145193
v 6.477124 17.770209 -2.414145
v 6.390039 17.922071 -2.188385
v 6.305296 18.063832 -1.968698
v 6.221626 18.195342 -1.751792
v 6.137759 18.316452 -1.534374
v 6.052423 18.427012 -1.313150
v 5.964350 18.526873 -1.084828
v 5.872268 18.615885 -0.846115
v 5.784424 18.686960 -0.618389
v 5.691317 18.748919 -0.377017
v 5.592004 18.801649 -0.119559
v 5.485545 18.845040 0.156426
v 5.370998 18.878981 0.453378
v 5.247422 18.903362 0.773737
v 5.113876 18.918072 1.119943
v 5.141034 18.918072 1.131585
v 5.299687 18.903362 0.796141
v 5.446495 18.878981 0.485741
v 5.582577 18.845040 0.198020
v 5.709050 18.801649 -0.069385
v 5.827034 18.748919 -0.318840
v 5.937645 18.686960 -0.552709
v 6.042003 18.615885 -0.773355
v 6.151396 18.526873 -1.004648
v 6.256028 18.427012 -1.225872
v 6.357406 18.316452 -1.440219
v 6.457041 18.195342 -1.650878
v 6.556441 18.063832 -1.861042
v 6.657115 17.922071 -2.073899
v 6.760572 17.770209 -2.292641
v 6.115264 17.922071 -2.282914
v 6.046913 18.063832 -2.057588
v 5.979426 18.195342 -1.835115
v 5.911780 18.316452 -1.612116
v 5.842950 18.427012 -1.385213
v 5.771911 18.526873 -1.151031
v 5.697640 18.615885 -0.906191
v 5.626787 18.686960 -0.672620
v 5.551688 18.748919 -0.425053
v 5.471585 18.801649 -0.160986
v 5.385717 18.845040 0.122083
v 5.293325 18.878981 0.426657
v 5.193651 18.903362 0.755238
v 5.085935 18.918072 1.110331
v 5.584115 17.770209 -2.649515
v 5.548610 17.922071 -2.410160
v 5.514060 18.063832 -2.177244
v 5.479947 18.195342 -1.947276
v 5.445754 18.316452 -1.716765
v 5.410963 18.427012 -1.482219
v 5.375055 18.526873 -1.240148
v 5.337513 18.615885 -0.987060
v 5.301699 18.686960 -0.745621
v 5.263738 18.748919 -0.489714
v 5.223248 18.801649 -0.216752
v 5.179845 18.845040 0.075853
v 5.133143 18.878981 0.390687
v 5.082761 18.903362 0.730337
v 5.028314 18.918072 1.097391
v 5.057362 18.918072 1.102800
v 5.138665 18.903362 0.740746
v 5.213897 18.878981 0.405722
v 5.283632 18.845040 0.095176
v 5.348443 18.801649 -0.193442
v 5.408904 18.748919 -0.462686
v 5.465587 18.686960 -0.715107
v 5.519066 18.615885 -0.953258
v 5.575124 18.526873 -1.202898
v 5.628743 18.427012 -1.441672
v 5.680694 18.316452 -1.673023
v 5.731752 18.195342 -1.900394
v 5.782690 18.063832 -2.127229
v 5.834280 17.922071 -2.356972
v 5.887297 17.770209 -2.593067
v 5.259800 17.922071 -2.442188
v 5.242479 18.063832 -2.207362
v 5.225376 18.195342 -1.975508
v 5.208233 18.316452 -1.743106
v 5.190790 18.427012 -1.506636
v 5.172787 18.526873 -1.262579
v 5.153965 18.615885 -1.007415
v 5.136009 18.686960 -0.763996
v 5.116978 18.748919 -0.505989
v 5.096678 18.801649 -0.230788
v 5.074917 18.845040 0.064216
v 5.051503 18.878981 0.381633
v 5.026243 18.903362 0.724069
v 4.998946 18.918072 1.094135
v 14.430917 -0.816800 0.097437
v 14.151994 -0.816800 0.122540
v 13.882035 -0.816800 0.197044
v 13.629718 -0.816800 0.318554
v 13.403151 -0.816800 0.483164
v 13.209619 -0.816800 0.685583
v 13.055339 -0.816800 0.919307
v 12.945272 -0.816800 1.176821
v 12.882955 -0.816800 1.449851
v 12.870390 -0.816800 1.729620
v 12.907983 -0.816800 2.007137
v 12.994523 -0.816800 2.273481
v 13.127231 -0.816800 2.520093
v 13.301840 -0.816800 2.739046
v 13.512738 -0.816800 2.923302
v 13.753148 -0.816800 3.066940
v 14.015341 -0.816800 3.165343
v 14.290892 -0.816800 3.215348
v 14.570943 -0.816800 3.215348
v 14.846494 -0.816800 3.165343
v 15.108687 -0.816800 3.066940
v 15.349097 -0.816800 2.923302
v 15.559995 -0.816800 2.739046
v 15.734604 -0.816800 2.520093
v 15.867312 -0.816800 2.273481
v 15.953852 -0.816800 2.007137
v 15.991445 -0.816800 1.729620
v 15.978880 -0.816800 1.449851
v 15.916563 -0.816800 1.176821
v 15.806496 -0.816800 0.919307
v 15.652216 -0.816800 0.685583
v 15.458684 -0.816800 0.483164
v 15.232117 -0.816800 0.318554
v 14.979800 -0.816800 0.197044
v 14.709841 -0.816800 0.122540
v 14.430917 -1.066800 0.347437
v 14.686895 -1.066800 0.372649
v 14.933036 -1.066800 0.447315
v 15.159881 -1.066800 0.568566
v 15.358712 -1.066800 0.731742
v 15.521889 -1.066800 0.930573
v 15.643140 -1.066800 1.157418
v 15.717806 -1.066800 1.403559
v 15.743017 -1.066800 1.659537
v 15.717806 -1.066800 1.915515
v 15.643140 -1.066800 2.161656
v 15.521889 -1.066800 2.388501
v 15.358712 -1.066800 2.587332
v 15.159881 -1.066800 2.750508
v 14.933036 -1.066800 2.871759
v 14.686895 -1.066800 2.946425
v 14.430917 -1.066800 2.971637
v 14.174939 -1.066800 2.946425
v 13.928799 -1.066800 2.871759
v 13.701954 -1.066800 2.750508
v 13.503123 -1.066800 2.587332
v 13.339946 -1.066800 2.388501
v 13.218695 -1.066800 2.161656
v 13.144029 -1.066800 1.915515
v 13.118817 -1.066800 1.659537
v 13.144029 -1.066800 1.403559
v 13.218695 -1.066800 1.157418
v 13.339946 -1.066800 0.930573
v 13.503123 -1.066800 0.731742
v 13.701954 -1.066800 0.568566
v 13.928799 -1.066800 0.447315
v 14.174939 -1.066800 0.372649
v -4.492083 -0.816800 3.221637
v -4.213159 -0.816800 3.196533
v -3.943200 -0.816800 3.122029
v -3.690883 -0.816800 3.000520
v -3.464316 -0.816800 2.835910
v -3.270784 -0.816800 2.633490
v -3.116504 -0.816800 2.399767
v -3.006437 -0.816800 2.142252
v -2.944120 -0.816800 1.869223
v -2.931555 -0.816800 1.589454
v -2.969148 -0.816800 1.311937
v -3.055688 -0.816800 1.045592
v -3.188396 -0.816800 0.798981
v -3.363005 -0.816800 0.580028
v -3.573903 -0.816800 0.395771
v -3.814313 -0.816800 0.252133
v -4.076506 -0.816800 0.153731
v -4.352057 -0.816800 0.103725
v -4.632108 -0.816800 0.103725
v -4.907659 -0.816800 0.153731
v -5.169852 -0.816800 0.252133
v -5.410262 -0.816800 0.395771
v -5.621160 -0.816800 0.580028
v -5.795769 -0.816800 0.798981
v -5.928477 -0.816800 1.045592
v -6.015017 -0.816800 1.311937
v -6.052610 -0.816800 1.589454
v -6.040045 -0.816800 1.869223
v -5.977728 -0.816800 2.142252
v -5.867661 -0.816800 2.399767
v -5.713381 -0.816800 2.633490
v -5.519849 -0.816800 2.835910
v -5.293282 -0.816800 3.000520
v -5.040965 -0.816800 3.122029
v -4.771006 -0.816800 3.196533
v -4.492083 -1.066800 2.971637
v -4.748061 -1.066800 2.946425
v -4.994201 -1.066800 2.871759
v -5.221046 -1.066800 2.750508
v -5.419877 -1.066800 2.587332
v -5.583054 -1.066800 2.388501
v -5.704305 -1.066800 2.161656
v -5.778971 -1.066800 1.915515
v -5.804183 -1.066800 1.659537
v -5.778971 -1.066800 1.403559
v -5.704305 -1.066800 1.157418
v -5.583054 -1.066800 0.930573
v -5.419877 -1.066800 0.731742
v -5.221046 -1.066800 0.568566
v -4.994201 -1.066800 0.447315
v -4.748061 -1.066800 0.372649
v -4.492083 -1.066800 0.347437
v -4.236105 -1.066800 0.372649
v -3.989964 -1.066800 0.447315
v -3.763119 -1.066800 0.568566
v -3.564288 -1.066800 0.731742
v -3.401111 -1.066800 0.930573
v -3.279860 -1.066800 1.157418
v -3.205194 -1.066800 1.403559
v -3.179983 -1.066800 1.659537
v -3.205194 -1.066800 1.915515
v -3.279860 -1.066800 2.161656
v -3.401111 -1.066800 2.388501
v -3.564288 -1.066800 2.587332
v -3.763119 -1.066800 2.750508
v -3.989964 -1.066800 2.871759
v -4.236105 -1.066800 2.946425
v -4.492083 -0.881505 0.105955
v -4.492083 -0.941800 0.130931
v -4.492083 -0.993577 0.170660
v -4.492083 -1.033306 0.222437
v -4.492083 -1.058281 0.282732
v -5.758093 -1.058281 2.200656
v -3.226072 -1.058281 2.200656
v -4.631344 -0.881505 3.206864
v -4.629106 -0.941800 3.181990
v -4.625544 -0.993577 3.142420
v -4.620903 -1.033306 3.090852
v -4.615498 -1.058281 3.030799
v -4.368667 -1.058281 3.030799
v -4.363262 -1.033306 3.090852
v -4.358621 -0.993577 3.142420
v -4.355059 -0.941800 3.181990
v -4.352821 -0.881505 3.206864
v -4.905392 -0.881505 3.157132
v -4.898748 -0.941800 3.133057
v -4.888179 -0.993577 3.094759
v -4.874404 -1.033306 3.044848
v -4.858363 -1.058281 2.986726
v -5.166156 -0.881505 3.059265
v -5.155320 -0.941800 3.036764
v -5.138082 -0.993577 3.000968
v -5.115617 -1.033306 2.954319
v -5.089456 -1.058281 2.899995
v -5.405255 -0.881505 2.916411
v -5.390575 -0.941800 2.896205
v -5.367222 -0.993577 2.864063
v -5.336789 -1.033306 2.822175
v -5.301348 -1.058281 2.773395
v -5.615003 -0.881505 2.733159
v -5.596951 -0.941800 2.715900
v -5.568235 -0.993577 2.688444
v -5.530811 -1.033306 2.652663
v -5.487230 -1.058281 2.610995
v -5.788660 -0.881505 2.515400
v -5.767817 -0.941800 2.501642
v -5.734659 -0.993577 2.479755
v -5.691448 -1.033306 2.451231
v -5.641127 -1.058281 2.418014
v -5.920644 -0.881505 2.270133
v -5.897679 -0.941800 2.260317
v -5.861146 -0.993577 2.244703
v -5.813536 -1.033306 2.224353
v -6.006712 -0.881505 2.005241
v -5.982364 -0.941800 1.999684
v -5.943630 -0.993577 1.990843
v -5.893151 -1.033306 1.979322
v -5.834368 -1.058281 1.965905
v -6.044100 -0.881505 1.729238
v -6.019150 -0.941800 1.728118
v -5.979460 -0.993577 1.726335
v -5.927735 -1.033306 1.724012
v -5.867501 -1.058281 1.721307
v -6.031604 -0.881505 1.450995
v -6.006855 -0.941800 1.454347
v -5.967485 -0.993577 1.459680
v -5.916176 -1.033306 1.466630
v -5.856427 -1.058281 1.474724
v -5.969626 -0.881505 1.179454
v -5.945874 -0.941800 1.187172
v -5.908088 -0.993577 1.199449
v -5.858846 -1.033306 1.215449
v -5.801502 -1.058281 1.234081
v -5.860159 -0.881505 0.923343
v -5.838166 -0.941800 0.935178
v -5.803181 -0.993577 0.954005
v -5.757586 -1.033306 0.978540
v -5.704491 -1.058281 1.007112
v -5.706721 -0.881505 0.690895
v -5.687195 -0.941800 0.706466
v -5.656133 -0.993577 0.731237
v -5.615653 -1.033306 0.763520
v -5.568512 -1.058281 0.801113
v -5.514244 -0.881505 0.489579
v -5.497812 -0.941800 0.508387
v -5.471672 -0.993577 0.538306
v -5.437606 -1.033306 0.577298
v -5.397936 -1.058281 0.622705
v -5.288913 -0.881505 0.325867
v -5.276104 -0.941800 0.347307
v -5.255726 -0.993577 0.381412
v -5.229170 -1.033306 0.425860
v -5.198245 -1.058281 0.477621
v -5.037972 -0.881505 0.205020
v -5.029196 -0.941800 0.228402
v -5.015236 -0.993577 0.265599
v -4.997043 -1.033306 0.314074
v -4.975857 -1.058281 0.370524
v -4.769485 -0.881505 0.130922
v -4.765026 -0.941800 0.155496
v -4.757932 -0.993577 0.194587
v -4.748687 -1.033306 0.245532
v -4.737921 -1.058281 0.304858
v -4.214680 -0.881505 0.130922
v -4.219139 -0.941800 0.155496
v -4.226233 -0.993577 0.194587
v -4.235478 -1.033306 0.245532
v -4.246245 -1.058281 0.304858
v -3.946193 -0.881505 0.205020
v -3.954969 -0.941800 0.228402
v -3.968929 -0.993577 0.265599
v -3.987122 -1.033306 0.314074
v -4.008308 -1.058281 0.370524
v -3.695252 -0.881505 0.325867
v -3.708061 -0.941800 0.347307
v -3.728439 -0.993577 0.381412
v -3.754995 -1.033306 0.425860
v -3.785920 -1.058281 0.477621
v -3.469921 -0.881505 0.489579
v -3.486353 -0.941800 0.508387
v -3.512493 -0.993577 0.538306
v -3.546559 -1.033306 0.577298
v -3.586229 -1.058281 0.622705
v -3.277444 -0.881505 0.690895
v -3.296970 -0.941800 0.706466
v -3.328032 -0.993577 0.731237
v -3.368513 -1.033306 0.763520
v -3.415653 -1.058281 0.801113
v -3.124006 -0.881505 0.923343
v -3.145999 -0.941800 0.935178
v -3.180984 -0.993577 0.954005
v -3.226579 -1.033306 0.978540
v -3.279674 -1.058281 1.007112
v -3.014539 -0.881505 1.179454
v -3.038291 -0.941800 1.187172
v -3.076077 -0.993577 1.199449
v -3.125319 -1.033306 1.215449
v -3.182663 -1.058281 1.234081
v -2.952561 -0.881505 1.450995
v -2.977310 -0.941800 1.454347
v -3.016681 -0.993577 1.459680
v -3.067989 -1.033306 1.466630
v -3.127738 -1.058281 1.474724
v -2.940065 -0.881505 1.729238
v -2.965015 -0.941800 1.728118
v -3.004705 -0.993577 1.726335
v -3.056430 -1.033306 1.724012
v -3.116664 -1.058281 1.721307
v -2.977453 -0.881505 2.005241
v -3.001802 -0.941800 1.999684
v -3.040535 -0.993577 1.990843
v -3.091014 -1.033306 1.979322
v -3.149797 -1.058281 1.965905
v -3.063521 -0.881505 2.270133
v -3.086487 -0.941800 2.260317
v -3.123019 -0.993577 2.244703
v -3.170629 -1.033306 2.224353
v -3.195505 -0.881505 2.515400
v -3.216349 -0.941800 2.501642
v -3.249506 -0.993577 2.479755
v -3.292717 -1.033306 2.451231
v -3.343038 -1.058281 2.418014
v -3.369162 -0.881505 2.733159
v -3.387214 -0.941800 2.715900
v -3.415930 -0.993577 2.688444
v -3.453354 -1.033306 2.652663
v -3.496935 -1.058281 2.610995
v -3.578910 -0.881505 2.916411
v -3.593590 -0.941800 2.896205
v -3.616943 -0.993577 2.864063
v -3.647376 -1.033306 2.822175
v -3.682817 -1.058281 2.773395
v -3.818009 -0.881505 3.059265
v -3.828845 -0.941800 3.036764
v -3.846083 -0.993577 3.000968
v -3.868548 -1.033306 2.954319
v -3.894709 -1.058281 2.899995
v -4.078773 -0.881505 3.157132
v -4.085417 -0.941800 3.133057
v -4.095986 -0.993577 3.094759
v -4.109761 -1.033306 3.044848
v -4.125802 -1.058281 2.986726
v 14.430917 -0.881505 3.213118
v 14.430917 -0.941800 3.188143
v 14.430917 -0.993577 3.148414
v 14.430917 -1.033306 3.096637
v 14.430917 -1.058281 3.036342
v 13.164907 -1.058281 1.118418
v 15.696928 -1.058281 1.118418
v 14.570179 -0.881505 0.112210
v 14.567941 -0.941800 0.137084
v 14.564379 -0.993577 0.176654
v 14.559738 -1.033306 0.228222
v 14.554333 -1.058281 0.288275
v 14.307502 -1.058281 0.288275
v 14.302097 -1.033306 0.228222
v 14.297456 -0.993577 0.176654
v 14.293894 -0.941800 0.137084
v 14.291656 -0.881505 0.112210
v 14.844227 -0.881505 0.161942
v 14.837583 -0.941800 0.186017
v 14.827014 -0.993577 0.224315
v 14.813239 -1.033306 0.274226
v 14.797198 -1.058281 0.332348
v 15.104991 -0.881505 0.259808
v 15.094155 -0.941800 0.282310
v 15.076917 -0.993577 0.318105
v 15.054452 -1.033306 0.364755
v 15.028291 -1.058281 0.419079
v 15.344090 -0.881505 0.402663
v 15.329410 -0.941800 0.422868
v 15.306057 -0.993577 0.455010
v 15.275624 -1.033306 0.496899
v 15.240183 -1.058281 0.545678
v 15.553838 -0.881505 0.585915
v 15.535786 -0.941800 0.603174
v 15.507070 -0.993577 0.630630
v 15.469646 -1.033306 0.666411
v 15.426065 -1.058281 0.708079
v 15.727495 -0.881505 0.803674
v 15.706651 -0.941800 0.817432
v 15.673494 -0.993577 0.839319
v 15.630283 -1.033306 0.867843
v 15.579962 -1.058281 0.901059
v 15.859479 -0.881505 1.048940
v 15.836513 -0.941800 1.058756
v 15.799981 -0.993577 1.074371
v 15.752371 -1.033306 1.094721
v 15.945547 -0.881505 1.313832
v 15.921198 -0.941800 1.319390
v 15.882465 -0.993577 1.328231
v 15.831986 -1.033306 1.339752
v 15.773203 -1.058281 1.353169
v 15.982935 -0.881505 1.589836
v 15.957985 -0.941800 1.590956
v 15.918295 -0.993577 1.592739
v 15.866570 -1.033306 1.595062
v 15.806336 -1.058281 1.597767
v 15.970439 -0.881505 1.868079
v 15.945690 -0.941800 1.864727
v 15.906319 -0.993577 1.859394
v 15.855011 -1.033306 1.852444
v 15.795262 -1.058281 1.844350
v 15.908461 -0.881505 2.139620
v 15.884709 -0.941800 2.131902
v 15.846923 -0.993577 2.119625
v 15.797681 -1.033306 2.103625
v 15.740337 -1.058281 2.084993
v 15.798994 -0.881505 2.395730
v 15.777001 -0.941800 2.383896
v 15.742016 -0.993577 2.365069
v 15.696421 -1.033306 2.340534
v 15.643326 -1.058281 2.311962
v 15.645556 -0.881505 2.628179
v 15.626030 -0.941800 2.612607
v 15.594968 -0.993577 2.587836
v 15.554487 -1.033306 2.555554
v 15.507347 -1.058281 2.517961
v 15.453079 -0.881505 2.829495
v 15.436647 -0.941800 2.810687
v 15.410507 -0.993577 2.780767
v 15.376441 -1.033306 2.741776
v 15.336771 -1.058281 2.696369
v 15.227748 -0.881505 2.993207
v 15.214939 -0.941800 2.971767
v 15.194561 -0.993577 2.937661
v 15.168005 -1.033306 2.893214
v 15.137080 -1.058281 2.841453
v 14.976807 -0.881505 3.114054
v 14.968031 -0.941800 3.090671
v 14.954071 -0.993577 3.053475
v 14.935878 -1.033306 3.005000
v 14.914692 -1.058281 2.948550
v 14.708320 -0.881505 3.188152
v 14.703861 -0.941800 3.163578
v 14.696767 -0.993577 3.124487
v 14.687522 -1.033306 3.073542
v 14.676755 -1.058281 3.014216
v 14.153515 -0.881505 3.188152
v 14.157974 -0.941800 3.163578
v 14.165068 -0.993577 3.124487
v 14.174313 -1.033306 3.073542
v 14.185079 -1.058281 3.014216
v 13.885028 -0.881505 3.114054
v 13.893804 -0.941800 3.090671
v 13.907764 -0.993577 3.053475
v 13.925957 -1.033306 3.005000
v 13.947143 -1.058281 2.948550
v 13.634087 -0.881505 2.993207
v 13.646896 -0.941800 2.971767
v 13.667274 -0.993577 2.937661
v 13.693830 -1.033306 2.893214
v 13.724755 -1.058281 2.841453
v 13.408756 -0.881505 2.829495
v 13.425188 -0.941800 2.810687
v 13.451328 -0.993577 2.780767
v 13.485394 -1.033306 2.741776
v 13.525064 -1.058281 2.696369
v 13.216279 -0.881505 2.628179
v 13.235805 -0.941800 2.612607
v 13.266867 -0.993577 2.587836
v 13.307347 -1.033306 2.555554
v 13.354488 -1.058281 2.517961
v 13.062841 -0.881505 2.395730
v 13.084834 -0.941800 2.383896
v 13.119819 -0.993577 2.365069
v 13.165414 -1.033306 2.340534
v 13.218509 -1.058281 2.311962
v 12.953374 -0.881505 2.139620
v 12.977126 -0.941800 2.131902
v 13.014912 -0.993577 2.119625
v 13.064154 -1.033306 2.103625
v 13.121498 -1.058281 2.084993
v 12.891396 -0.881505 1.868079
v 12.916145 -0.941800 1.864727
v 12.955515 -0.993577 1.859394
v 13.006824 -1.033306 1.852444
v 13.066573 -1.058281 1.844350
v 12.878900 -0.881505 1.589836
v 12.903850 -0.941800 1.590956
v 12.943540 -0.993577 1.592739
v 12.995265 -1.033306 1.595062
v 13.055499 -1.058281 1.597767
v 12.916288 -0.881505 1.313832
v 12.940636 -0.941800 1.319390
v 12.979370 -0.993577 1.328231
v 13.029849 -1.033306 1.339752
v 13.088632 -1.058281 1.353169
v 13.002356 -0.881505 1.048940
v 13.025321 -0.941800 1.058756
v 13.061854 -0.993577 1.074371
v 13.109464 -1.033306 1.094721
v 13.134340 -0.881505 0.803674
v 13.155183 -0.941800 0.817432
v 13.188341 -0.993577 0.839319
v 13.231552 -1.033306 0.867843
v 13.281873 -1.058281 0.901059
v 13.307997 -0.881505 0.585915
v 13.326049 -0.941800 0.603174
v 13.354765 -0.993577 0.630630
v 13.392189 -1.033306 0.666411
v 13.435770 -1.058281 0.708079
v 13.517745 -0.881505 0.402663
v 13.532425 -0.941800 0.422868
v 13.555778 -0.993577 0.455010
v 13.586211 -1.033306 0.496899
v 13.621652 -1.058281 0.545678
v 13.756844 -0.881505 0.259808
v 13.767680 -0.941800 0.282310
v 13.784918 -0.993577 0.318105
v 13.807383 -1.033306 0.364755
v 13.833544 -1.058281 0.419079
v 14.017608 -0.881505 0.161942
v 14.024252 -0.941800 0.186017
v 14.034821 -0.993577 0.224315
v 14.048596 -1.033306 0.274226
v 14.064637 -1.058281 0.332348
vt -0.660400 1.075752 0.000000
vt -0.643548 1.131245 0.000000
vt -0.660400 1.565910 0.000000
vt -0.622042 1.185106 0.000000
vt -0.596038 1.236945 0.000000
vt -0.565723 1.286387 0.000000
vt -0.531317 1.333075 0.000000
vt -0.493069 1.376671 0.000000
vt -0.451256 1.416860 0.000000
vt -0.406179 1.453351 0.000000
vt -0.358164 1.485880 0.000000
vt -0.307560 1.514211 0.000000
vt -0.254731 1.538141 0.000000
vt -0.199390 1.565910 0.000000
vt -0.200060 1.557496 0.000000
vt -0.143943 1.572137 0.000000
vt -0.199390 1.811020 0.000000
vt -0.086784 1.581956 0.000000
vt -0.028998 1.586883 0.000000
vt 0.028998 1.586883 0.000000
vt 0.199390 1.811020 0.000000
vt -0.196935 1.842211 0.000000
vt 0.196935 1.842211 0.000000
vt -0.189631 1.872635 0.000000
vt 0.189631 1.872635 0.000000
vt -0.177658 1.901541 0.000000
vt 0.177658 1.901541 0.000000
vt -0.161310 1.928219 0.000000
vt 0.161310 1.928219 0.000000
vt -0.140990 1.952010 0.000000
vt 0.140990 1.952010 0.000000
vt -0.117199 1.972330 0.000000
vt 0.117199 1.972330 0.000000
vt -0.090521 1.988678 0.000000
vt 0.090521 1.988678 0.000000
vt -0.061615 2.000651 0.000000
vt 0.061615 2.000651 0.000000
vt -0.031191 2.007955 0.000000
vt 0.031191 2.007955 0.000000
vt 0.000000 2.010410 0.000000
vt 0.086784 1.581956 0.000000
vt 0.143943 1.572137 0.000000
vt 0.199390 1.565910 0.000000
vt 0.200060 1.557496 0.000000
vt 0.254731 1.538141 0.000000
vt 0.660400 1.565910 0.000000
vt 0.307560 1.514211 0.000000
vt 0.358164 1.485880 0.000000
vt 0.406179 1.453351 0.000000
vt 0.451256 1.416860 0.000000
vt 0.493069 1.376671 0.000000
vt 0.531317 1.333075 0.000000
vt 0.565723 1.286387 0.000000
vt 0.596038 1.236945 0.000000
vt 0.622042 1.185106 0.000000
vt 0.643548 1.131245 0.000000
vt 0.660400 1.075752 0.000000
vt 1.729324 -0.773058 0.000000
vt 0.850484 -0.661298 0.000000
vt -0.701456 -0.773058 0.000000
vt 0.827876 -0.658751 0.000000
vt 0.149444 -0.607958 0.000000
vt 0.180635 -0.605503 0.000000
vt 0.806401 -0.651237 0.000000
vt 0.211059 -0.598199 0.000000
vt 0.787137 -0.639132 0.000000
vt 0.239965 -0.586226 0.000000
vt 0.266642 -0.569878 0.000000
vt 0.771050 -0.623045 0.000000
vt 0.290434 -0.549558 0.000000
vt 0.758945 -0.603781 0.000000
vt 0.310754 -0.525767 0.000000
vt 0.751431 -0.582306 0.000000
vt 0.327101 -0.499089 0.000000
vt 0.748884 -0.559698 0.000000
vt 0.339075 -0.470183 0.000000
vt 0.751431 -0.537090 0.000000
vt 0.346379 -0.439760 0.000000
vt 0.758945 -0.515616 0.000000
vt 0.348834 -0.408568 0.000000
vt 0.771050 -0.496352 0.000000
vt 0.809844 -0.163458 0.000000
vt 0.787137 -0.480264 0.000000
vt 0.806401 -0.468160 0.000000
vt 1.729324 1.766942 0.000000
vt 1.678524 1.596762 0.000000
vt 1.678524 -0.602878 0.000000
vt 1.119724 -0.602878 0.000000
vt -0.701456 1.766942 0.000000
vt 0.850484 1.655182 0.000000
vt 0.873092 1.652634 0.000000
vt 0.894566 1.645120 0.000000
vt -0.510956 1.157342 0.000000
vt -0.579635 1.509499 0.000000
vt -0.587149 1.530974 0.000000
vt 0.348834 1.157342 0.000000
vt 0.809844 1.157342 0.000000
vt 0.348834 1.402452 0.000000
vt 0.771050 1.490235 0.000000
vt 0.758945 1.509499 0.000000
vt 1.119724 1.596762 0.000000
vt 0.929918 1.490235 0.000000
vt 0.942022 1.509499 0.000000
vt 0.949536 1.530974 0.000000
vt 0.952084 1.553582 0.000000
vt 0.949536 1.576190 0.000000
vt 0.942022 1.597664 0.000000
vt 0.929918 1.616928 0.000000
vt 0.913830 1.633016 0.000000
vt 0.348834 -0.163458 0.000000
vt 0.118252 -0.605503 0.000000
vt -0.465488 -0.658751 0.000000
vt -0.488096 -0.661298 0.000000
vt -0.444014 -0.651237 0.000000
vt 0.087829 -0.598199 0.000000
vt -0.424750 -0.639132 0.000000
vt 0.058923 -0.586226 0.000000
vt 0.032245 -0.569878 0.000000
vt -0.408662 -0.623045 0.000000
vt 0.008454 -0.549558 0.000000
vt -0.396558 -0.603781 0.000000
vt -0.011866 -0.525767 0.000000
vt -0.389044 -0.582306 0.000000
vt -0.028214 -0.499089 0.000000
vt -0.386496 -0.559698 0.000000
vt -0.040187 -0.470183 0.000000
vt -0.389044 -0.537090 0.000000
vt -0.047491 -0.439760 0.000000
vt -0.396558 -0.515616 0.000000
vt -0.049946 -0.408568 0.000000
vt -0.408662 -0.496352 0.000000
vt -0.424750 -0.480264 0.000000
vt -0.049946 -0.163458 0.000000
vt -0.510956 -0.163458 0.000000
vt -0.579635 -0.515616 0.000000
vt -0.567530 -0.496352 0.000000
vt -0.049946 1.157342 0.000000
vt -0.424750 1.474148 0.000000
vt -0.444014 1.462043 0.000000
vt -0.465488 1.454529 0.000000
vt -0.049946 1.402452 0.000000
vt -0.408662 1.490235 0.000000
vt -0.396558 1.509499 0.000000
vt -0.047491 1.433643 0.000000
vt -0.389044 1.530974 0.000000
vt -0.040187 1.464067 0.000000
vt -0.386496 1.553582 0.000000
vt -0.028214 1.492973 0.000000
vt -0.389044 1.576190 0.000000
vt -0.011866 1.519650 0.000000
vt -0.396558 1.597664 0.000000
vt 0.008454 1.543442 0.000000
vt -0.408662 1.616928 0.000000
vt 0.032245 1.563762 0.000000
vt -0.424750 1.633016 0.000000
vt 0.058923 1.580110 0.000000
vt 0.087829 1.592083 0.000000
vt -0.444014 1.645120 0.000000
vt 0.118252 1.599387 0.000000
vt -0.465488 1.652634 0.000000
vt -0.488096 1.655182 0.000000
vt -0.510704 1.652634 0.000000
vt -0.532179 1.645120 0.000000
vt -0.551443 1.633016 0.000000
vt -0.567530 1.616928 0.000000
vt -0.579635 1.597664 0.000000
vt -0.587149 1.576190 0.000000
vt -0.589696 1.553582 0.000000
vt 0.149444 1.601842 0.000000
vt 0.827876 1.652634 0.000000
vt 0.180635 1.599387 0.000000
vt 0.806401 1.645120 0.000000
vt 0.211059 1.592083 0.000000
vt 0.787137 1.633016 0.000000
vt 0.239965 1.580110 0.000000
vt 0.266642 1.563762 0.000000
vt 0.771050 1.616928 0.000000
vt 0.290434 1.543442 0.000000
vt 0.758945 1.597664 0.000000
vt 0.310754 1.519650 0.000000
vt 0.751431 1.576190 0.000000
vt 0.327101 1.492973 0.000000
vt 0.748884 1.553582 0.000000
vt 0.339075 1.464067 0.000000
vt 0.751431 1.530974 0.000000
vt 0.346379 1.433643 0.000000
vt 0.827876 -0.460646 0.000000
vt 0.850484 -0.458098 0.000000
vt 0.873092 -0.460646 0.000000
vt 0.894566 -0.468160 0.000000
vt 0.913830 -0.480264 0.000000
vt 0.929918 -0.496352 0.000000
vt 0.942022 -0.515616 0.000000
vt 0.949536 -0.537090 0.000000
vt 0.952084 -0.559698 0.000000
vt 0.949536 -0.582306 0.000000
vt 0.942022 -0.603781 0.000000
vt 0.929918 -0.623045 0.000000
vt 0.913830 -0.639132 0.000000
vt 0.894566 -0.651237 0.000000
vt 0.873092 -0.658751 0.000000
vt -0.488096 1.451982 0.000000
vt -0.510704 1.454529 0.000000
vt -0.532179 1.462043 0.000000
vt -0.551443 1.474148 0.000000
vt -0.567530 1.490235 0.000000
vt 0.913830 1.474148 0.000000
vt 0.894566 1.462043 0.000000
vt 0.873092 1.454529 0.000000
vt 0.850484 1.451982 0.000000
vt 0.827876 1.454529 0.000000
vt 0.806401 1.462043 0.000000
vt 0.787137 1.474148 0.000000
vt -0.510704 -0.658751 0.000000
vt -0.532179 -0.651237 0.000000
vt -0.551443 -0.639132 0.000000
vt -0.567530 -0.623045 0.000000
vt -0.579635 -0.603781 0.000000
vt -0.587149 -0.582306 0.000000
vt -0.589696 -0.559698 0.000000
vt -0.587149 -0.537090 0.000000
vt -0.551443 -0.480264 0.000000
vt -0.532179 -0.468160 0.000000
vt -0.510704 -0.460646 0.000000
vt -0.488096 -0.458098 0.000000
vt -0.465488 -0.460646 0.000000
vt -0.444014 -0.468160 0.000000
vt 0.000000 -0.101600 0.000000
vt 2.430780 -0.101600 0.000000
vt -0.000000 0.000000 0.000000
vt 2.430780 0.000000 0.000000
vt -0.000000 -0.101600 0.000000
vt 2.540000 -0.101600 0.000000
vt -0.000000 0.000000 0.000000
vt 2.540000 0.000000 0.000000
vt -2.430780 -0.101600 0.000000
vt -0.000000 -0.101600 0.000000
vt -2.430780 0.000000 0.000000
vt -0.000000 0.000000 0.000000
vt -2.540000 -0.101600 0.000000
vt -0.000000 -0.101600 0.000000
vt -2.540000 0.000000 0.000000
vt -0.000000 0.000000 0.000000
vt 0.701456 -0.773058 0.000000
vt -0.850484 -0.661298 0.000000
vt -1.729324 -0.773058 0.000000
vt -0.873092 -0.658751 0.000000
vt -0.894566 -0.651237 0.000000
vt 0.701456 1.766942 0.000000
vt 0.579635 1.509499 0.000000
vt 0.579635 -0.515616 0.000000
vt 0.587149 -0.537090 0.000000
vt -1.729324 1.766942 0.000000
vt -0.850484 1.655182 0.000000
vt -0.827876 1.652634 0.000000
vt -0.158945 1.599144 0.000000
vt -0.186922 1.597888 0.000000
vt -0.806401 1.645120 0.000000
vt -0.214225 1.591656 0.000000
vt -0.787137 1.633016 0.000000
vt -0.239977 1.580650 0.000000
vt -0.263349 1.565222 0.000000
vt -0.771050 1.616928 0.000000
vt -0.283591 1.545868 0.000000
vt -0.758945 1.597664 0.000000
vt -0.300052 1.523212 0.000000
vt -0.751431 1.576190 0.000000
vt -0.312203 1.497980 0.000000
vt -0.748884 1.553582 0.000000
vt -0.319653 1.470984 0.000000
vt -0.751431 1.530974 0.000000
vt -0.322164 1.443092 0.000000
vt -0.758945 1.509499 0.000000
vt -0.319653 1.415199 0.000000
vt -0.771050 1.490235 0.000000
vt -0.312203 1.388203 0.000000
vt -0.787137 1.474148 0.000000
vt -0.300052 1.362972 0.000000
vt -0.806401 1.462043 0.000000
vt -0.283591 1.340315 0.000000
vt -0.827876 1.454529 0.000000
vt -0.263349 1.320962 0.000000
vt -0.239977 1.305534 0.000000
vt -0.239977 -0.311650 0.000000
vt -0.214225 -0.300644 0.000000
vt -0.913830 1.474148 0.000000
vt -0.929918 1.490235 0.000000
vt -0.942022 1.509499 0.000000
vt -0.319653 -0.421316 0.000000
vt -0.758945 -0.515616 0.000000
vt -0.322164 -0.449208 0.000000
vt -0.751431 -0.537090 0.000000
vt -0.319653 -0.477101 0.000000
vt -0.748884 -0.559698 0.000000
vt -0.312203 -0.504097 0.000000
vt -0.751431 -0.582306 0.000000
vt -0.300052 -0.529328 0.000000
vt -0.758945 -0.603781 0.000000
vt -0.283591 -0.551985 0.000000
vt -0.771050 -0.623045 0.000000
vt -0.263349 -0.571338 0.000000
vt -0.787137 -0.639132 0.000000
vt -0.239977 -0.586766 0.000000
vt -0.214225 -0.597773 0.000000
vt -0.806401 -0.651237 0.000000
vt -0.186922 -0.604005 0.000000
vt -0.827876 -0.658751 0.000000
vt -0.158945 -0.605261 0.000000
vt -0.131194 -0.601502 0.000000
vt 0.465488 -0.658751 0.000000
vt 0.444014 -0.651237 0.000000
vt -0.771050 -0.496352 0.000000
vt -0.312203 -0.394320 0.000000
vt -0.787137 -0.480264 0.000000
vt -0.300052 -0.369088 0.000000
vt -0.806401 -0.468160 0.000000
vt -0.283591 -0.346432 0.000000
vt -0.827876 -0.460646 0.000000
vt -0.263349 -0.327078 0.000000
vt -0.186922 -0.294412 0.000000
vt -0.186922 1.288295 0.000000
vt -0.214225 1.294527 0.000000
vt -0.158945 1.287039 0.000000
vt -0.158945 -0.293156 0.000000
vt -0.131194 -0.296915 0.000000
vt -0.104559 -0.305569 0.000000
vt -0.104559 1.299452 0.000000
vt -0.131194 1.290798 0.000000
vt -0.079898 1.312723 0.000000
vt -0.079898 -0.318840 0.000000
vt 0.488096 -0.458098 0.000000
vt 0.465488 -0.460646 0.000000
vt -0.058003 -0.336300 0.000000
vt 0.444014 -0.468160 0.000000
vt -0.039577 -0.357390 0.000000
vt 0.424750 -0.480264 0.000000
vt -0.025213 -0.381431 0.000000
vt 0.408662 -0.496352 0.000000
vt -0.015373 -0.407651 0.000000
vt 0.396558 -0.515616 0.000000
vt -0.010373 -0.435206 0.000000
vt -0.010373 -0.463211 0.000000
vt 0.389044 -0.537090 0.000000
vt -0.015373 -0.490766 0.000000
vt 0.386496 -0.559698 0.000000
vt -0.025213 -0.516985 0.000000
vt 0.389044 -0.582306 0.000000
vt -0.039577 -0.541026 0.000000
vt 0.396558 -0.603781 0.000000
vt -0.058003 -0.562116 0.000000
vt 0.408662 -0.623045 0.000000
vt -0.079898 -0.579577 0.000000
vt 0.424750 -0.639132 0.000000
vt -0.104559 -0.592848 0.000000
vt -0.131194 1.595385 0.000000
vt 0.465488 1.652634 0.000000
vt 0.488096 1.655182 0.000000
vt 0.444014 1.645120 0.000000
vt -0.104559 1.586731 0.000000
vt 0.424750 1.633016 0.000000
vt -0.079898 1.573460 0.000000
vt 0.408662 1.616928 0.000000
vt -0.058003 1.556000 0.000000
vt 0.396558 1.597664 0.000000
vt -0.039577 1.534910 0.000000
vt 0.389044 1.576190 0.000000
vt -0.025213 1.510869 0.000000
vt 0.386496 1.553582 0.000000
vt -0.015373 1.484649 0.000000
vt 0.389044 1.530974 0.000000
vt -0.010373 1.457094 0.000000
vt 0.396558 1.509499 0.000000
vt -0.010373 1.429089 0.000000
vt -0.015373 1.401534 0.000000
vt 0.408662 1.490235 0.000000
vt -0.025213 1.375315 0.000000
vt 0.424750 1.474148 0.000000
vt -0.039577 1.351274 0.000000
vt 0.444014 1.462043 0.000000
vt -0.058003 1.330184 0.000000
vt 0.465488 1.454529 0.000000
vt 0.488096 1.451982 0.000000
vt 0.510704 -0.460646 0.000000
vt -0.949536 -0.582306 0.000000
vt -0.952084 -0.559698 0.000000
vt -0.949536 -0.537090 0.000000
vt -0.942022 -0.515616 0.000000
vt -0.929918 -0.496352 0.000000
vt -0.913830 -0.480264 0.000000
vt -0.894566 -0.468160 0.000000
vt -0.894566 1.462043 0.000000
vt -0.873092 1.454529 0.000000
vt -0.873092 -0.460646 0.000000
vt -0.850484 1.451982 0.000000
vt -0.850484 -0.458098 0.000000
vt -0.913830 -0.639132 0.000000
vt -0.929918 -0.623045 0.000000
vt -0.942022 -0.603781 0.000000
vt 0.510704 1.652634 0.000000
vt 0.532179 1.645120 0.000000
vt 0.551443 1.633016 0.000000
vt 0.567530 1.616928 0.000000
vt 0.579635 1.597664 0.000000
vt 0.587149 1.576190 0.000000
vt 0.589696 1.553582 0.000000
vt 0.587149 1.530974 0.000000
vt 0.567530 1.490235 0.000000
vt 0.567530 -0.496352 0.000000
vt 0.551443 1.474148 0.000000
vt 0.551443 -0.480264 0.000000
vt 0.532179 1.462043 0.000000
vt 0.532179 -0.468160 0.000000
vt 0.510704 1.454529 0.000000
vt -0.949536 1.530974 0.000000
vt -0.952084 1.553582 0.000000
vt -0.949536 1.576190 0.000000
vt -0.942022 1.597664 0.000000
vt -0.929918 1.616928 0.000000
vt -0.913830 1.633016 0.000000
vt -0.894566 1.645120 0.000000
vt -0.873092 1.652634 0.000000
vt 0.589696 -0.559698 0.000000
vt 0.587149 -0.582306 0.000000
vt 0.579635 -0.603781 0.000000
vt 0.567530 -0.623045 0.000000
vt 0.551443 -0.639132 0.000000
vt 0.532179 -0.651237 0.000000
vt 0.510704 -0.658751 0.000000
vt 0.488096 -0.661298 0.000000
vt 1.000000 0.022799 0.000000
vt 0.898400 0.022799 0.000000
vt 1.000000 0.000000 0.000000
vt 0.898400 0.000000 0.000000
vt 1.000000 -0.022799 0.000000
vt 0.898400 -0.022799 0.000000
vt 1.000000 -0.045598 0.000000
vt 0.898400 -0.045598 0.000000
vt 1.000000 -0.068397 0.000000
vt 0.898400 -0.068397 0.000000
vt 1.000000 -0.091196 0.000000
vt 0.898400 -0.091196 0.000000
vt 1.000000 -0.113995 0.000000
vt 0.898400 -0.113995 0.000000
vt 1.000000 -0.136794 0.000000
vt 0.898400 -0.136794 0.000000
vt 1.000000 -0.159593 0.000000
vt 0.898400 -0.159593 0.000000
vt 1.000000 -0.182392 0.000000
vt 0.898400 -0.182392 0.000000
vt 1.000000 -0.205191 0.000000
vt 0.898400 -0.205191 0.000000
vt 1.000000 -0.227990 0.000000
vt 0.898400 -0.227990 0.000000
vt 1.000000 -0.250789 0.000000
vt 0.898400 -0.250789 0.000000
vt 1.000000 -0.273588 0.000000
vt 0.898400 -0.273588 0.000000
vt 1.000000 -0.296387 0.000000
vt 0.898400 -0.296387 0.000000
vt 1.000000 -0.319186 0.000000
vt 0.898400 -0.319186 0.000000
vt 1.000000 0.319186 0.000000
vt 0.898400 0.319186 0.000000
vt 1.000000 0.296387 0.000000
vt 0.898400 0.296387 0.000000
vt 1.000000 0.273588 0.000000
vt 0.898400 0.273588 0.000000
vt 1.000000 0.250789 0.000000
vt 0.898400 0.250789 0.000000
vt 1.000000 0.227990 0.000000
vt 0.898400 0.227990 0.000000
vt 1.000000 0.205191 0.000000
vt 0.898400 0.205191 0.000000
vt 1.000000 0.182392 0.000000
vt 0.898400 0.182392 0.000000
vt 1.000000 0.159593 0.000000
vt 0.898400 0.159593 0.000000
vt 1.000000 0.136794 0.000000
vt 0.898400 0.136794 0.000000
vt 1.000000 0.113995 0.000000
vt 0.898400 0.113995 0.000000
vt 1.000000 0.091196 0.000000
vt 0.898400 0.091196 0.000000
vt 1.000000 0.068397 0.000000
vt 0.898400 0.068397 0.000000
vt 1.000000 0.045598 0.000000
vt 0.898400 0.045598 0.000000
vt 1.000000 0.022799 0.000000
vt 0.898400 0.022799 0.000000
vt 1.000000 0.000000 0.000000
vt 0.898400 0.000000 0.000000
vt 1.000000 -0.022799 0.000000
vt 0.898400 -0.022799 0.000000
vt 1.000000 -0.045598 0.000000
vt 0.898400 -0.045598 0.000000
vt 1.000000 -0.068397 0.000000
vt 0.898400 -0.068397 0.000000
vt 1.000000 -0.091196 0.000000
vt 0.898400 -0.091196 0.000000
vt 1.000000 -0.113995 0.000000
vt 0.898400 -0.113995 0.000000
vt 1.000000 -0.136794 0.000000
vt 0.898400 -0.136794 0.000000
vt 1.000000 -0.159593 0.000000
vt 0.898400 -0.159593 0.000000
vt 1.000000 -0.182392 0.000000
vt 0.898400 -0.182392 0.000000
vt 1.000000 -0.205191 0.000000
vt 0.898400 -0.205191 0.000000
vt 1.000000 -0.227990 0.000000
vt 0.898400 -0.227990 0.000000
vt 1.000000 -0.250789 0.000000
vt 0.898400 -0.250789 0.000000
vt 1.000000 -0.273588 0.000000
vt 0.898400 -0.273588 0.000000
vt 1.000000 -0.296387 0.000000
vt 0.898400 -0.296387 0.000000
vt 1.000000 -0.319186 0.000000
vt 0.898400 -0.319186 0.000000
vt 1.000000 0.319186 0.000000
vt 0.898400 0.319186 0.000000
vt 1.000000 0.296387 0.000000
vt 0.898400 0.296387 0.000000
vt 1.000000 0.273588 0.000000
vt 0.898400 0.273588 0.000000
vt 1.000000 0.250789 0.000000
vt 0.898400 0.250789 0.000000
vt 1.000000 0.227990 0.000000
vt 0.898400 0.227990 0.000000
vt 1.000000 0.205191 0.000000
vt 0.898400 0.205191 0.000000
vt 1.000000 0.182392 0.000000
vt 0.898400 0.182392 0.000000
vt 1.000000 0.159593 0.000000
vt 0.898400 0.159593 0.000000
vt 1.000000 0.136794 0.000000
vt 0.898400 0.136794 0.000000
vt 1.000000 0.113995 0.000000
vt 0.898400 0.113995 0.000000
vt 1.000000 0.091196 0.000000
vt 0.898400 0.091196 0.000000
vt 1.000000 0.068397 0.000000
vt 0.898400 0.068397 0.000000
vt 1.000000 0.045598 0.000000
vt 0.898400 0.045598 0.000000
vt 1.000000 -0.296387 0.000000
vt 0.898400 -0.296387 0.000000
vt 1.000000 -0.319186 0.000000
vt 0.898400 -0.319186 0.000000
vt 1.000000 0.319186 0.000000
vt 0.898400 0.319186 0.000000
vt 1.000000 0.296387 0.000000
vt 0.898400 0.296387 0.000000
vt 1.000000 0.273588 0.000000
vt 0.898400 0.273588 0.000000
vt 1.000000 0.250789 0.000000
vt 0.898400 0.250789 0.000000
vt 1.000000 0.227990 0.000000
vt 0.898400 0.227990 0.000000
vt 1.000000 0.205191 0.000000
vt 0.898400 0.205191 0.000000
vt 1.000000 0.182392 0.000000
vt 0.898400 0.182392 0.000000
vt 1.000000 0.159593 0.000000
vt 0.898400 0.159593 0.000000
vt 1.000000 0.136794 0.000000
vt 0.898400 0.136794 0.000000
vt 1.000000 0.113995 0.000000
vt 0.898400 0.113995 0.000000
vt 1.000000 0.091196 0.000000
vt 0.898400 0.091196 0.000000
vt 1.000000 0.068397 0.000000
vt 0.898400 0.068397 0.000000
vt 1.000000 0.045598 0.000000
vt 0.898400 0.045598 0.000000
vt 1.000000 0.022799 0.000000
vt 0.898400 0.022799 0.000000
vt 1.000000 0.000000 0.000000
vt 0.898400 0.000000 0.000000
vt 1.000000 -0.022799 0.000000
vt 0.898400 -0.022799 0.000000
vt 1.000000 -0.045598 0.000000
vt 0.898400 -0.045598 0.000000
vt 1.000000 -0.068397 0.000000
vt 0.898400 -0.068397 0.000000
vt 1.000000 -0.091196 0.000000
vt 0.898400 -0.091196 0.000000
vt 1.000000 -0.113995 0.000000
vt 0.898400 -0.113995 0.000000
vt 1.000000 -0.136794 0.000000
vt 0.898400 -0.136794 0.000000
vt 1.000000 -0.159593 0.000000
vt 0.898400 -0.159593 0.000000
vt 1.000000 -0.182392 0.000000
vt 0.898400 -0.182392 0.000000
vt 1.000000 -0.205191 0.000000
vt 0.898400 -0.205191 0.000000
vt 1.000000 -0.227990 0.000000
vt 0.898400 -0.227990 0.000000
vt 1.000000 -0.250789 0.000000
vt 0.898400 -0.250789 0.000000
vt 1.000000 -0.273588 0.000000
vt 0.898400 -0.273588 0.000000
vt 1.000000 -0.296387 0.000000
vt 0.898400 -0.296387 0.000000
vt 1.000000 -0.319186 0.000000
vt 0.898400 -0.319186 0.000000
vt 1.000000 0.319186 0.000000
vt 0.898400 0.319186 0.000000
vt 1.000000 0.296387 0.000000
vt 0.898400 0.296387 0.000000
vt 1.000000 0.273588 0.000000
vt 0.898400 0.273588 0.000000
vt 1.000000 0.250789 0.000000
vt 0.898400 0.250789 0.000000
vt 1.000000 0.227990 0.000000
vt 0.898400 0.227990 0.000000
vt 1.000000 0.205191 0.000000
vt 0.898400 0.205191 0.000000
vt 1.000000 0.182392 0.000000
vt 0.898400 0.182392 0.000000
vt 1.000000 0.159593 0.000000
vt 0.898400 0.159593 0.000000
vt 1.000000 0.136794 0.000000
vt 0.898400 0.136794 0.000000
vt 1.000000 0.113995 0.000000
vt 0.898400 0.113995 0.000000
vt 1.000000 0.091196 0.000000
vt 0.898400 0.091196 0.000000
vt 1.000000 0.068397 0.000000
vt 0.898400 0.068397 0.000000
vt 1.000000 0.045598 0.000000
vt 0.898400 0.045598 0.000000
vt 1.000000 0.022799 0.000000
vt 0.898400 0.022799 0.000000
vt 1.000000 0.000000 0.000000
vt 0.898400 0.000000 0.000000
vt 1.000000 -0.022799 0.000000
vt 0.898400 -0.022799 0.000000
vt 1.000000 -0.045598 0.000000
vt 0.898400 -0.045598 0.000000
vt 1.000000 -0.068397 0.000000
vt 0.898400 -0.068397 0.000000
vt 1.000000 -0.091196 0.000000
vt 0.898400 -0.091196 0.000000
vt 1.000000 -0.113995 0.000000
vt 0.898400 -0.113995 0.000000
vt 1.000000 -0.136794 0.000000
vt 0.898400 -0.136794 0.000000
vt 1.000000 -0.159593 0.000000
vt 0.898400 -0.159593 0.000000
vt 1.000000 -0.182392 0.000000
vt 0.898400 -0.182392 0.000000
vt 1.000000 -0.205191 0.000000
vt 0.898400 -0.205191 0.000000
vt 1.000000 -0.227990 0.000000
vt 0.898400 -0.227990 0.000000
vt 1.000000 -0.250789 0.000000
vt 0.898400 -0.250789 0.000000
vt 1.000000 -0.273588 0.000000
vt 0.898400 -0.273588 0.000000
vt -0.558800 -0.241300 0.000000
vt -0.000000 -0.241300 0.000000
vt -0.558800 0.000000 0.000000
vt -0.000000 0.000000 0.000000
vt -2.199640 -0.241300 0.000000
vt -0.000000 -0.241300 0.000000
vt -2.199640 0.000000 0.000000
vt -0.000000 0.000000 0.000000
vt 0.558800 -0.241300 0.000000
vt -0.000000 0.000000 0.000000
vt 0.558800 0.000000 0.000000
vt -0.000000 -0.241300 0.000000
vt 2.199640 -0.241300 0.000000
vt -0.000000 0.000000 0.000000
vt 2.199640 0.000000 0.000000
vt 1.119724 -0.602878 0.000000
vt 1.678524 -0.602878 0.000000
vt 1.119724 1.596762 0.000000
vt 1.678524 1.596762 0.000000
vt -0.461010 -0.317500 0.000000
vt -0.000000 -0.317500 0.000000
vt -0.461010 0.000000 0.000000
vt -0.000000 0.000000 0.000000
vt -0.245110 -0.317500 0.000000
vt 0.000000 -0.317500 0.000000
vt -0.245110 0.000000 0.000000
vt -0.000000 0.000000 0.000000
vt -0.000000 -0.626402 0.000000
vt -0.317500 -0.626402 0.000000
vt -0.000000 -0.657722 0.000000
vt -0.317500 -0.657722 0.000000
vt -0.000000 -0.689042 0.000000
vt -0.317500 -0.689042 0.000000
vt -0.000000 -0.720362 0.000000
vt -0.317500 -0.720362 0.000000
vt -0.000000 -0.751683 0.000000
vt -0.317500 -0.751683 0.000000
vt -0.000000 -0.783003 0.000000
vt -0.317500 -0.783003 0.000000
vt -0.000000 -0.814323 0.000000
vt -0.317500 -0.814323 0.000000
vt -0.000000 -0.845643 0.000000
vt -0.317500 -0.845643 0.000000
vt -0.000000 -0.876963 0.000000
vt -0.317500 -0.876963 0.000000
vt -0.000000 -0.908283 0.000000
vt -0.317500 -0.908283 0.000000
vt -0.000000 -0.939603 0.000000
vt -0.317500 -0.939603 0.000000
vt -0.000000 -0.970923 0.000000
vt -0.317500 -0.970923 0.000000
vt -0.000000 -1.002243 0.000000
vt -0.317500 -1.002243 0.000000
vt -0.000000 -1.033564 0.000000
vt -0.317500 -1.033564 0.000000
vt -0.000000 -1.064884 0.000000
vt -0.317500 -1.064884 0.000000
vt -0.000000 -1.096204 0.000000
vt -0.317500 -1.096204 0.000000
vt -0.000000 -1.127524 0.000000
vt -0.317500 -1.127524 0.000000
vt -0.000000 -1.158844 0.000000
vt -0.317500 -1.158844 0.000000
vt -0.000000 -1.190164 0.000000
vt -0.317500 -1.190164 0.000000
vt -0.000000 -1.221484 0.000000
vt -0.317500 -1.221484 0.000000
vt -0.000000 -1.252804 0.000000
vt -0.317500 -1.252804 0.000000
vt -0.000000 -0.317500 0.000000
vt 0.245110 -0.317500 0.000000
vt -0.000000 0.000000 0.000000
vt 0.245110 0.000000 0.000000
vt -0.461010 -0.317500 0.000000
vt -0.000000 -0.317500 0.000000
vt -0.461010 0.000000 0.000000
vt -0.000000 0.000000 0.000000
vt -1.320800 0.000000 0.000000
vt -1.320800 -0.317500 0.000000
vt -0.830642 0.000000 0.000000
vt -0.000000 -0.317500 0.000000
vt -0.490158 0.000000 0.000000
vt -0.000000 0.000000 0.000000
vt -0.490158 0.381000 0.000000
vt -0.830642 0.381000 0.000000
vt 0.461010 -0.317500 0.000000
vt -0.000000 0.000000 0.000000
vt 0.461010 0.000000 0.000000
vt -0.245110 -0.317500 0.000000
vt -0.000000 -0.317500 0.000000
vt -0.245110 0.000000 0.000000
vt -0.000000 0.000000 0.000000
vt -0.317500 0.000000 0.000000
vt 0.000000 -0.031320 0.000000
vt -0.317500 -0.031320 0.000000
vt 0.000000 -0.062640 0.000000
vt -0.317500 -0.062640 0.000000
vt 0.000000 -0.093960 0.000000
vt -0.317500 -0.093960 0.000000
vt 0.000000 -0.125280 0.000000
vt -0.317500 -0.125280 0.000000
vt 0.000000 -0.156601 0.000000
vt -0.317500 -0.156601 0.000000
vt -0.000000 -0.187921 0.000000
vt -0.317500 -0.187921 0.000000
vt 0.000000 -0.219241 0.000000
vt -0.317500 -0.219241 0.000000
vt 0.000000 -0.250561 0.000000
vt -0.317500 -0.250561 0.000000
vt 0.000000 -0.281881 0.000000
vt -0.317500 -0.281881 0.000000
vt -0.000000 -0.313201 0.000000
vt -0.317500 -0.313201 0.000000
vt -0.000000 -0.344521 0.000000
vt -0.317500 -0.344521 0.000000
vt -0.000000 -0.375841 0.000000
vt -0.317500 -0.375841 0.000000
vt -0.000000 -0.407161 0.000000
vt -0.317500 -0.407161 0.000000
vt -0.000000 -0.438482 0.000000
vt -0.317500 -0.438482 0.000000
vt -0.000000 -0.469802 0.000000
vt -0.317500 -0.469802 0.000000
vt -0.000000 -0.501122 0.000000
vt -0.317500 -0.501122 0.000000
vt -0.000000 -0.532442 0.000000
vt -0.317500 -0.532442 0.000000
vt -0.000000 -0.563762 0.000000
vt -0.317500 -0.563762 0.000000
vt -0.000000 -0.595082 0.000000
vt -0.317500 -0.595082 0.000000
vt -0.000000 -0.626402 0.000000
vt -0.317500 -0.626402 0.000000
vt 0.000000 -0.317500 0.000000
vt 0.245110 -0.317500 0.000000
vt -0.000000 0.000000 0.000000
vt 0.245110 0.000000 0.000000
vt 0.000000 -0.317500 0.000000
vt 0.461010 -0.317500 0.000000
vt -0.000000 0.000000 0.000000
vt 0.461010 0.000000 0.000000
vt -0.000000 0.000000 0.000000
vt -0.000000 -0.317500 0.000000
vt 0.490158 0.000000 0.000000
vt 1.320800 -0.317500 0.000000
vt 0.830642 0.000000 0.000000
vt 1.320800 0.000000 0.000000
vt 0.830642 0.381000 0.000000
vt 0.490158 0.381000 0.000000
vt 0.660400 0.735268 0.000000
vt 0.643548 0.679775 0.000000
vt 0.660400 0.245110 0.000000
vt 0.622042 0.625914 0.000000
vt 0.596038 0.574075 0.000000
vt 0.565723 0.524633 0.000000
vt 0.531317 0.477945 0.000000
vt 0.493069 0.434349 0.000000
vt 0.451256 0.394160 0.000000
vt 0.406179 0.357669 0.000000
vt 0.358164 0.325140 0.000000
vt 0.307560 0.296809 0.000000
vt 0.254731 0.272879 0.000000
vt 0.199390 0.245110 0.000000
vt 0.200060 0.253524 0.000000
vt 0.143943 0.238883 0.000000
vt 0.199390 0.000000 0.000000
vt 0.086784 0.229064 0.000000
vt 0.028998 0.224137 0.000000
vt -0.028998 0.224137 0.000000
vt -0.199390 0.000000 0.000000
vt 0.196935 -0.031191 0.000000
vt -0.196935 -0.031191 0.000000
vt 0.189631 -0.061615 0.000000
vt -0.189631 -0.061615 0.000000
vt 0.177658 -0.090521 0.000000
vt -0.177658 -0.090521 0.000000
vt 0.161310 -0.117199 0.000000
vt -0.161310 -0.117199 0.000000
vt 0.140990 -0.140990 0.000000
vt -0.140990 -0.140990 0.000000
vt 0.117199 -0.161310 0.000000
vt -0.117199 -0.161310 0.000000
vt 0.090521 -0.177658 0.000000
vt -0.090521 -0.177658 0.000000
vt 0.061615 -0.189631 0.000000
vt -0.061615 -0.189631 0.000000
vt 0.031191 -0.196935 0.000000
vt -0.031191 -0.196935 0.000000
vt -0.000000 -0.199390 0.000000
vt -0.086784 0.229064 0.000000
vt -0.143943 0.238883 0.000000
vt -0.199390 0.245110 0.000000
vt -0.200060 0.253524 0.000000
vt -0.254731 0.272879 0.000000
vt -0.660400 0.245110 0.000000
vt -0.307560 0.296809 0.000000
vt -0.358164 0.325140 0.000000
vt -0.406179 0.357669 0.000000
vt -0.451256 0.394160 0.000000
vt -0.493069 0.434349 0.000000
vt -0.531317 0.477945 0.000000
vt -0.565723 0.524633 0.000000
vt -0.596038 0.574075 0.000000
vt -0.622042 0.625914 0.000000
vt -0.643548 0.679775 0.000000
vt -0.660400 0.735268 0.000000
vt 0.000000 -0.172061 0.000000
vt -0.381000 -0.172061 0.000000
vt 0.000000 -0.230074 0.000000
vt -0.381000 -0.230074 0.000000
vt 0.000000 -0.288088 0.000000
vt -0.381000 -0.288088 0.000000
vt 0.000000 -0.346101 0.000000
vt -0.381000 -0.346101 0.000000
vt 0.000000 -0.404114 0.000000
vt -0.381000 -0.404114 0.000000
vt 0.000000 -0.462128 0.000000
vt -0.381000 -0.462128 0.000000
vt -0.000000 -0.520141 0.000000
vt -0.381000 -0.520141 0.000000
vt -0.000000 -0.578154 0.000000
vt -0.381000 -0.578154 0.000000
vt 0.000000 -0.636168 0.000000
vt -0.381000 -0.636168 0.000000
vt 0.000000 -0.694181 0.000000
vt -0.381000 -0.694181 0.000000
vt 0.000000 -0.752194 0.000000
vt -0.381000 -0.752194 0.000000
vt -0.000000 -0.810208 0.000000
vt -0.381000 -0.810208 0.000000
vt 0.000000 -0.868221 0.000000
vt -0.381000 -0.868221 0.000000
vt 0.000000 -0.926234 0.000000
vt -0.381000 -0.926234 0.000000
vt 0.000000 -0.984247 0.000000
vt -0.381000 -0.984247 0.000000
vt -0.000000 -1.042261 0.000000
vt -0.381000 -1.042261 0.000000
vt -0.000000 -1.100274 0.000000
vt -0.381000 -1.100274 0.000000
vt -0.000000 -1.158287 0.000000
vt -0.381000 -1.158287 0.000000
vt -0.000000 -1.216301 0.000000
vt -0.381000 -1.216301 0.000000
vt -0.000000 -1.274314 0.000000
vt -0.381000 -1.274314 0.000000
vt -0.000000 -1.332327 0.000000
vt -0.381000 -1.332327 0.000000
vt -0.000000 -1.390341 0.000000
vt -0.381000 -1.390341 0.000000
vt -0.000000 -1.448354 0.000000
vt -0.381000 -1.448354 0.000000
vt -0.000000 -1.506367 0.000000
vt -0.381000 -1.506367 0.000000
vt -0.000000 -1.564380 0.000000
vt -0.381000 -1.564380 0.000000
vt -0.000000 -1.622394 0.000000
vt -0.381000 -1.622394 0.000000
vt -0.000000 -1.680407 0.000000
vt -0.381000 -1.680407 0.000000
vt -0.000000 -1.738420 0.000000
vt -0.381000 -1.738420 0.000000
vt -0.000000 -1.796434 0.000000
vt -0.381000 -1.796434 0.000000
vt -0.000000 -1.854447 0.000000
vt -0.381000 -1.854447 0.000000
vt -0.000000 -1.912460 0.000000
vt -0.381000 -1.912460 0.000000
vt -0.000000 -1.970474 0.000000
vt -0.381000 -1.970474 0.000000
vt -0.000000 1.970474 0.000000
vt -0.381000 1.970474 0.000000
vt -0.000000 1.912460 0.000000
vt -0.381000 1.912460 0.000000
vt -0.000000 1.854447 0.000000
vt -0.381000 1.854447 0.000000
vt -0.000000 1.796434 0.000000
vt -0.381000 1.796434 0.000000
vt -0.000000 1.738420 0.000000
vt -0.381000 1.738420 0.000000
vt -0.000000 1.680407 0.000000
vt -0.381000 1.680407 0.000000
vt -0.000000 1.622394 0.000000
vt -0.381000 1.622394 0.000000
vt -0.000000 1.564380 0.000000
vt -0.381000 1.564380 0.000000
vt -0.000000 1.506367 0.000000
vt -0.381000 1.506367 0.000000
vt -0.000000 1.448354 0.000000
vt -0.381000 1.448354 0.000000
vt -0.000000 1.390341 0.000000
vt -0.381000 1.390341 0.000000
vt -0.000000 1.332327 0.000000
vt -0.381000 1.332327 0.000000
vt -0.000000 1.274314 0.000000
vt -0.381000 1.274314 0.000000
vt -0.000000 1.216301 0.000000
vt -0.381000 1.216301 0.000000
vt -0.000000 1.158287 0.000000
vt -0.381000 1.158287 0.000000
vt -0.000000 1.100274 0.000000
vt -0.381000 1.100274 0.000000
vt -0.000000 1.042261 0.000000
vt -0.381000 1.042261 0.000000
vt -0.000000 0.984247 0.000000
vt -0.381000 0.984247 0.000000
vt -0.000000 0.926234 0.000000
vt -0.381000 0.926234 0.000000
vt -0.000000 0.868221 0.000000
vt -0.381000 0.868221 0.000000
vt -0.000000 0.810208 0.000000
vt -0.381000 0.810208 0.000000
vt -0.000000 0.752194 0.000000
vt -0.381000 0.752194 0.000000
vt -0.000000 0.694181 0.000000
vt -0.381000 0.694181 0.000000
vt -0.000000 0.636168 0.000000
vt -0.381000 0.636168 0.000000
vt -0.000000 0.578154 0.000000
vt -0.381000 0.578154 0.000000
vt -0.000000 0.520141 0.000000
vt -0.381000 0.520141 0.000000
vt -0.000000 0.462128 0.000000
vt -0.381000 0.462128 0.000000
vt -0.000000 0.404114 0.000000
vt -0.381000 0.404114 0.000000
vt -0.000000 0.346101 0.000000
vt -0.381000 0.346101 0.000000
vt -0.000000 0.288088 0.000000
vt -0.381000 0.288088 0.000000
vt -0.000000 0.230074 0.000000
vt -0.381000 0.230074 0.000000
vt -0.000000 0.172061 0.000000
vt -0.381000 0.172061 0.000000
vt -0.660400 -0.170242 0.000000
vt -0.609009 0.027748 0.000000
vt -0.660400 0.170242 0.000000
vt -0.603963 0.083013 0.000000
vt -0.593912 0.137590 0.000000
vt -0.643548 -0.225735 0.000000
vt -0.578939 -0.191027 0.000000
vt -0.593912 -0.137590 0.000000
vt -0.603963 -0.083013 0.000000
vt -0.559169 -0.242882 0.000000
vt -0.622042 -0.279596 0.000000
vt -0.534766 -0.292723 0.000000
vt -0.596038 -0.331435 0.000000
vt -0.505932 -0.340139 0.000000
vt -0.565723 -0.380877 0.000000
vt -0.531317 -0.427565 0.000000
vt -0.472905 -0.384737 0.000000
vt -0.493069 -0.471161 0.000000
vt -0.435960 -0.426147 0.000000
vt -0.451256 -0.511350 0.000000
vt -0.395402 -0.464025 0.000000
vt -0.406179 -0.547841 0.000000
vt -0.351568 -0.498058 0.000000
vt -0.358164 -0.580370 0.000000
vt -0.304820 -0.527964 0.000000
vt -0.307560 -0.608701 0.000000
vt -0.255547 -0.553496 0.000000
vt -0.254731 -0.632631 0.000000
vt -0.204156 -0.574441 0.000000
vt -0.200060 -0.651986 0.000000
vt -0.151074 -0.590626 0.000000
vt -0.143943 -0.666627 0.000000
vt -0.096739 -0.601916 0.000000
vt -0.086784 -0.676446 0.000000
vt -0.041603 -0.608220 0.000000
vt -0.028998 -0.681373 0.000000
vt 0.013877 -0.609483 0.000000
vt 0.028998 -0.681373 0.000000
vt 0.069243 -0.605696 0.000000
vt 0.086784 -0.676446 0.000000
vt 0.124035 -0.596890 0.000000
vt 0.143943 -0.666627 0.000000
vt 0.177799 -0.583138 0.000000
vt 0.200060 -0.651986 0.000000
vt 0.230090 -0.564553 0.000000
vt 0.254731 -0.632631 0.000000
vt 0.307560 -0.608701 0.000000
vt 0.280474 -0.541291 0.000000
vt 0.358164 -0.580370 0.000000
vt 0.328535 -0.513544 0.000000
vt 0.406179 -0.547841 0.000000
vt 0.373872 -0.481541 0.000000
vt 0.451256 -0.511350 0.000000
vt 0.416112 -0.445547 0.000000
vt 0.493069 -0.471161 0.000000
vt 0.454904 -0.405862 0.000000
vt 0.531317 -0.427565 0.000000
vt 0.489926 -0.362814 0.000000
vt 0.565723 -0.380877 0.000000
vt 0.520889 -0.316760 0.000000
vt 0.596038 -0.331435 0.000000
vt 0.547535 -0.268080 0.000000
vt 0.622042 -0.279596 0.000000
vt 0.569645 -0.217180 0.000000
vt 0.643548 -0.225735 0.000000
vt 0.587034 -0.164479 0.000000
vt 0.660400 -0.170242 0.000000
vt 0.599558 -0.110416 0.000000
vt 0.607115 -0.055438 0.000000
vt 0.609641 0.000000 0.000000
vt 0.660400 0.170242 0.000000
vt 0.607115 0.055438 0.000000
vt 0.599558 0.110416 0.000000
vt 0.587034 0.164479 0.000000
vt 0.643548 0.225735 0.000000
vt 0.569645 0.217180 0.000000
vt 0.622042 0.279596 0.000000
vt 0.547535 0.268080 0.000000
vt 0.596038 0.331435 0.000000
vt 0.520889 0.316760 0.000000
vt 0.565723 0.380877 0.000000
vt 0.489926 0.362814 0.000000
vt 0.531317 0.427565 0.000000
vt 0.454904 0.405862 0.000000
vt 0.493069 0.471161 0.000000
vt 0.416112 0.445547 0.000000
vt 0.451256 0.511350 0.000000
vt 0.373872 0.481541 0.000000
vt 0.406179 0.547841 0.000000
vt 0.328535 0.513544 0.000000
vt 0.358164 0.580370 0.000000
vt 0.280474 0.541291 0.000000
vt 0.307560 0.608701 0.000000
vt 0.230090 0.564553 0.000000
vt 0.254731 0.632631 0.000000
vt 0.200060 0.651986 0.000000
vt 0.177799 0.583138 0.000000
vt 0.143943 0.666627 0.000000
vt 0.124035 0.596890 0.000000
vt 0.086784 0.676446 0.000000
vt 0.069243 0.605696 0.000000
vt 0.028998 0.681373 0.000000
vt 0.013877 0.609483 0.000000
vt -0.028998 0.681373 0.000000
vt -0.041603 0.608220 0.000000
vt -0.086784 0.676446 0.000000
vt -0.096739 0.601916 0.000000
vt -0.143943 0.666627 0.000000
vt -0.151074 0.590626 0.000000
vt -0.200060 0.651986 0.000000
vt -0.204156 0.574441 0.000000
vt -0.254731 0.632631 0.000000
vt -0.255547 0.553496 0.000000
vt -0.307560 0.608701 0.000000
vt -0.304820 0.527964 0.000000
vt -0.358164 0.580370 0.000000
vt -0.351568 0.498058 0.000000
vt -0.406179 0.547841 0.000000
vt -0.395402 0.464025 0.000000
vt -0.451256 0.511350 0.000000
vt -0.435960 0.426147 0.000000
vt -0.493069 0.471161 0.000000
vt -0.472905 0.384737 0.000000
vt -0.531317 0.427565 0.000000
vt -0.505932 0.340139 0.000000
vt -0.565723 0.380877 0.000000
vt -0.596038 0.331435 0.000000
vt -0.534766 0.292723 0.000000
vt -0.622042 0.279596 0.000000
vt -0.559169 0.242882 0.000000
vt -0.643548 0.225735 0.000000
vt -0.578939 0.191027 0.000000
vt -0.609009 -0.027748 0.000000
vt -0.000000 -1.859729 0.000000
vt -0.457200 -1.859729 0.000000
vt -0.000000 -1.915243 0.000000
vt -0.457200 -1.915243 0.000000
vt -0.000000 1.915243 0.000000
vt -0.457200 1.915243 0.000000
vt -0.000000 1.859729 0.000000
vt -0.457200 1.859729 0.000000
vt -0.000000 1.804215 0.000000
vt -0.457200 1.804215 0.000000
vt -0.000000 1.748700 0.000000
vt -0.457200 1.748700 0.000000
vt -0.000000 1.693186 0.000000
vt -0.457200 1.693186 0.000000
vt -0.000000 1.637672 0.000000
vt -0.457200 1.637672 0.000000
vt -0.000000 1.582157 0.000000
vt -0.457200 1.582157 0.000000
vt -0.000000 1.526643 0.000000
vt -0.457200 1.526643 0.000000
vt -0.000000 1.471129 0.000000
vt -0.457200 1.471129 0.000000
vt -0.000000 1.415615 0.000000
vt -0.457200 1.415615 0.000000
vt -0.000000 1.360100 0.000000
vt -0.457200 1.360100 0.000000
vt -0.000000 1.304586 0.000000
vt -0.457200 1.304586 0.000000
vt -0.000000 1.249072 0.000000
vt -0.457200 1.249072 0.000000
vt -0.000000 1.193557 0.000000
vt -0.457200 1.193557 0.000000
vt -0.000000 1.138043 0.000000
vt -0.457200 1.138043 0.000000
vt -0.000000 1.082529 0.000000
vt -0.457200 1.082529 0.000000
vt -0.000000 1.027014 0.000000
vt -0.457200 1.027014 0.000000
vt -0.000000 0.971500 0.000000
vt -0.457200 0.971500 0.000000
vt -0.000000 0.915986 0.000000
vt -0.457200 0.915986 0.000000
vt -0.000000 0.860472 0.000000
vt -0.457200 0.860472 0.000000
vt -0.000000 0.804957 0.000000
vt -0.457200 0.804957 0.000000
vt -0.000000 0.749443 0.000000
vt -0.457200 0.749443 0.000000
vt -0.000000 0.693929 0.000000
vt -0.457200 0.693929 0.000000
vt -0.000000 0.638414 0.000000
vt -0.457200 0.638414 0.000000
vt -0.000000 0.582900 0.000000
vt -0.457200 0.582900 0.000000
vt -0.000000 0.527386 0.000000
vt -0.457200 0.527386 0.000000
vt -0.000000 0.471872 0.000000
vt -0.457200 0.471872 0.000000
vt -0.000000 0.416357 0.000000
vt -0.457200 0.416357 0.000000
vt -0.000000 0.360843 0.000000
vt -0.457200 0.360843 0.000000
vt -0.000000 0.305329 0.000000
vt -0.457200 0.305329 0.000000
vt -0.000000 0.249814 0.000000
vt -0.457200 0.249814 0.000000
vt -0.000000 0.194300 0.000000
vt -0.457200 0.194300 0.000000
vt -0.000000 0.138786 0.000000
vt -0.457200 0.138786 0.000000
vt -0.000000 0.083271 0.000000
vt -0.457200 0.083271 0.000000
vt -0.000000 0.027757 0.000000
vt -0.457200 0.027757 0.000000
vt 0.000000 -0.027757 0.000000
vt -0.457200 -0.027757 0.000000
vt 0.000000 -0.083271 0.000000
vt -0.457200 -0.083271 0.000000
vt -0.000000 -0.138786 0.000000
vt -0.457200 -0.138786 0.000000
vt 0.000000 -0.194300 0.000000
vt -0.457200 -0.194300 0.000000
vt 0.000000 -0.249814 0.000000
vt -0.457200 -0.249814 0.000000
vt 0.000000 -0.305329 0.000000
vt -0.457200 -0.305329 0.000000
vt 0.000000 -0.360843 0.000000
vt -0.457200 -0.360843 0.000000
vt 0.000000 -0.416357 0.000000
vt -0.457200 -0.416357 0.000000
vt 0.000000 -0.471872 0.000000
vt -0.457200 -0.471872 0.000000
vt 0.000000 -0.527386 0.000000
vt -0.457200 -0.527386 0.000000
vt 0.000000 -0.582900 0.000000
vt -0.457200 -0.582900 0.000000
vt 0.000000 -0.638414 0.000000
vt -0.457200 -0.638414 0.000000
vt 0.000000 -0.693929 0.000000
vt -0.457200 -0.693929 0.000000
vt 0.000000 -0.749443 0.000000
vt -0.457200 -0.749443 0.000000
vt 0.000000 -0.804957 0.000000
vt -0.457200 -0.804957 0.000000
vt 0.000000 -0.860472 0.000000
vt -0.457200 -0.860472 0.000000
vt 0.000000 -0.915986 0.000000
vt -0.457200 -0.915986 0.000000
vt -0.000000 -0.971500 0.000000
vt -0.457200 -0.971500 0.000000
vt -0.000000 -1.027014 0.000000
vt -0.457200 -1.027014 0.000000
vt -0.000000 -1.082529 0.000000
vt -0.457200 -1.082529 0.000000
vt -0.000000 -1.138043 0.000000
vt -0.457200 -1.138043 0.000000
vt -0.000000 -1.193557 0.000000
vt -0.457200 -1.193557 0.000000
vt -0.000000 -1.249072 0.000000
vt -0.457200 -1.249072 0.000000
vt -0.000000 -1.304586 0.000000
vt -0.457200 -1.304586 0.000000
vt -0.000000 -1.360100 0.000000
vt -0.457200 -1.360100 0.000000
vt -0.000000 -1.415615 0.000000
vt -0.457200 -1.415615 0.000000
vt -0.000000 -1.471129 0.000000
vt -0.457200 -1.471129 0.000000
vt -0.000000 -1.526643 0.000000
vt -0.457200 -1.526643 0.000000
vt -0.000000 -1.582157 0.000000
vt -0.457200 -1.582157 0.000000
vt -0.000000 -1.637672 0.000000
vt -0.457200 -1.637672 0.000000
vt -0.000000 -1.693186 0.000000
vt -0.457200 -1.693186 0.000000
vt -0.000000 -1.748700 0.000000
vt -0.457200 -1.748700 0.000000
vt -0.000000 -1.804215 0.000000
vt -0.457200 -1.804215 0.000000
vt -0.002516 0.059237 0.000000
vt -0.089491 0.027748 0.000000
vt 0.000000 0.000000 0.000000
vt -0.089491 -0.027748 0.000000
vt -0.002516 -0.059237 0.000000
vt -0.094537 -0.083013 0.000000
vt -0.010047 -0.118047 0.000000
vt -0.104588 -0.137590 0.000000
vt -0.022539 -0.176007 0.000000
vt -0.119561 -0.191027 0.000000
vt -0.039900 -0.232698 0.000000
vt -0.139331 -0.242882 0.000000
vt -0.062007 -0.287713 0.000000
vt -0.163734 -0.292723 0.000000
vt -0.088700 -0.340655 0.000000
vt -0.192568 -0.340139 0.000000
vt -0.119786 -0.391142 0.000000
vt -0.155042 -0.438812 0.000000
vt -0.225595 -0.384737 0.000000
vt -0.194214 -0.483319 0.000000
vt -0.262540 -0.426147 0.000000
vt -0.237019 -0.524345 0.000000
vt -0.303098 -0.464025 0.000000
vt -0.283149 -0.561592 0.000000
vt -0.346932 -0.498058 0.000000
vt -0.332271 -0.594793 0.000000
vt -0.393680 -0.527964 0.000000
vt -0.384033 -0.623709 0.000000
vt -0.442953 -0.553496 0.000000
vt -0.438060 -0.648130 0.000000
vt -0.494344 -0.574441 0.000000
vt -0.493963 -0.667882 0.000000
vt -0.547426 -0.590626 0.000000
vt -0.551341 -0.682822 0.000000
vt -0.601761 -0.601916 0.000000
vt -0.609778 -0.692842 0.000000
vt -0.656897 -0.608220 0.000000
vt -0.668855 -0.697871 0.000000
vt -0.712377 -0.609483 0.000000
vt -0.728145 -0.697871 0.000000
vt -0.767743 -0.605696 0.000000
vt -0.787222 -0.692842 0.000000
vt -0.822535 -0.596890 0.000000
vt -0.845659 -0.682822 0.000000
vt -0.876299 -0.583138 0.000000
vt -0.903037 -0.667882 0.000000
vt -0.958940 -0.648130 0.000000
vt -0.928590 -0.564553 0.000000
vt -1.012967 -0.623709 0.000000
vt -0.978974 -0.541291 0.000000
vt -1.064729 -0.594793 0.000000
vt -1.027035 -0.513544 0.000000
vt -1.113851 -0.561592 0.000000
vt -1.072372 -0.481541 0.000000
vt -1.159981 -0.524345 0.000000
vt -1.114612 -0.445547 0.000000
vt -1.202786 -0.483319 0.000000
vt -1.153404 -0.405862 0.000000
vt -1.241958 -0.438812 0.000000
vt -1.188426 -0.362814 0.000000
vt -1.277214 -0.391142 0.000000
vt -1.219389 -0.316760 0.000000
vt -1.308300 -0.340655 0.000000
vt -1.246035 -0.268080 0.000000
vt -1.334993 -0.287713 0.000000
vt -1.268145 -0.217180 0.000000
vt -1.357100 -0.232698 0.000000
vt -1.285534 -0.164479 0.000000
vt -1.374461 -0.176007 0.000000
vt -1.298058 -0.110416 0.000000
vt -1.386953 -0.118047 0.000000
vt -1.305615 -0.055438 0.000000
vt -1.394484 -0.059237 0.000000
vt -1.308141 0.000000 0.000000
vt -1.397000 0.000000 0.000000
vt -1.394484 0.059237 0.000000
vt -1.305615 0.055438 0.000000
vt -1.386953 0.118047 0.000000
vt -1.298058 0.110416 0.000000
vt -1.374461 0.176007 0.000000
vt -1.285534 0.164479 0.000000
vt -1.357100 0.232698 0.000000
vt -1.268145 0.217180 0.000000
vt -1.334993 0.287713 0.000000
vt -1.246035 0.268080 0.000000
vt -1.308300 0.340655 0.000000
vt -1.219389 0.316760 0.000000
vt -1.277214 0.391142 0.000000
vt -1.188426 0.362814 0.000000
vt -1.241958 0.438812 0.000000
vt -1.153404 0.405862 0.000000
vt -1.202786 0.483319 0.000000
vt -1.114612 0.445547 0.000000
vt -1.159981 0.524345 0.000000
vt -1.072372 0.481541 0.000000
vt -1.113851 0.561592 0.000000
vt -1.027035 0.513544 0.000000
vt -1.064729 0.594793 0.000000
vt -0.978974 0.541291 0.000000
vt -1.012967 0.623709 0.000000
vt -0.928590 0.564553 0.000000
vt -0.958940 0.648130 0.000000
vt -0.876299 0.583138 0.000000
vt -0.903037 0.667882 0.000000
vt -0.845659 0.682822 0.000000
vt -0.822535 0.596890 0.000000
vt -0.787222 0.692842 0.000000
vt -0.767743 0.605696 0.000000
vt -0.728145 0.697871 0.000000
vt -0.712377 0.609483 0.000000
vt -0.668855 0.697871 0.000000
vt -0.656897 0.608220 0.000000
vt -0.609778 0.692842 0.000000
vt -0.601761 0.601916 0.000000
vt -0.551341 0.682822 0.000000
vt -0.547426 0.590626 0.000000
vt -0.493963 0.667882 0.000000
vt -0.494344 0.574441 0.000000
vt -0.438060 0.648130 0.000000
vt -0.442953 0.553496 0.000000
vt -0.384033 0.623709 0.000000
vt -0.393680 0.527964 0.000000
vt -0.332271 0.594793 0.000000
vt -0.346932 0.498058 0.000000
vt -0.283149 0.561592 0.000000
vt -0.303098 0.464025 0.000000
vt -0.237019 0.524345 0.000000
vt -0.262540 0.426147 0.000000
vt -0.194214 0.483319 0.000000
vt -0.225595 0.384737 0.000000
vt -0.155042 0.438812 0.000000
vt -0.192568 0.340139 0.000000
vt -0.119786 0.391142 0.000000
vt -0.088700 0.340655 0.000000
vt -0.163734 0.292723 0.000000
vt -0.062007 0.287713 0.000000
vt -0.139331 0.242882 0.000000
vt -0.039900 0.232698 0.000000
vt -0.119561 0.191027 0.000000
vt -0.022539 0.176007 0.000000
vt -0.104588 0.137590 0.000000
vt -0.010047 0.118047 0.000000
vt -0.094537 0.083013 0.000000
vt -0.000000 -0.059308 0.000000
vt 0.330200 -0.059308 0.000000
vt -0.000000 0.000000 0.000000
vt 0.330200 0.000000 0.000000
vt -0.000000 0.059308 0.000000
vt 0.330200 0.059308 0.000000
vt -0.000000 0.118616 0.000000
vt 0.330200 0.118616 0.000000
vt -0.000000 0.177925 0.000000
vt 0.330200 0.177925 0.000000
vt -0.000000 0.237233 0.000000
vt 0.330200 0.237233 0.000000
vt -0.000000 0.296541 0.000000
vt 0.330200 0.296541 0.000000
vt -0.000000 0.355849 0.000000
vt 0.330200 0.355849 0.000000
vt -0.000000 0.415157 0.000000
vt 0.330200 0.415157 0.000000
vt -0.000000 0.474465 0.000000
vt 0.330200 0.474465 0.000000
vt -0.000000 0.533774 0.000000
vt 0.330200 0.533774 0.000000
vt -0.000000 0.593082 0.000000
vt 0.330200 0.593082 0.000000
vt -0.000000 0.652390 0.000000
vt 0.330200 0.652390 0.000000
vt -0.000000 0.711698 0.000000
vt 0.330200 0.711698 0.000000
vt -0.000000 0.771006 0.000000
vt 0.330200 0.771006 0.000000
vt -0.000000 0.830314 0.000000
vt 0.330200 0.830314 0.000000
vt -0.000000 0.889623 0.000000
vt 0.330200 0.889623 0.000000
vt -0.000000 0.948931 0.000000
vt 0.330200 0.948931 0.000000
vt -0.000000 1.008239 0.000000
vt 0.330200 1.008239 0.000000
vt -0.000000 1.067547 0.000000
vt 0.330200 1.067547 0.000000
vt -0.000000 1.126855 0.000000
vt 0.330200 1.126855 0.000000
vt -0.000000 1.186163 0.000000
vt 0.330200 1.186163 0.000000
vt -0.000000 1.245472 0.000000
vt 0.330200 1.245472 0.000000
vt -0.000000 1.304780 0.000000
vt 0.330200 1.304780 0.000000
vt -0.000000 1.364088 0.000000
vt 0.330200 1.364088 0.000000
vt -0.000000 1.423396 0.000000
vt 0.330200 1.423396 0.000000
vt -0.000000 1.482704 0.000000
vt 0.330200 1.482704 0.000000
vt -0.000000 1.542013 0.000000
vt 0.330200 1.542013 0.000000
vt -0.000000 1.601321 0.000000
vt 0.330200 1.601321 0.000000
vt -0.000000 1.660629 0.000000
vt 0.330200 1.660629 0.000000
vt -0.000000 1.719937 0.000000
vt 0.330200 1.719937 0.000000
vt -0.000000 1.779245 0.000000
vt 0.330200 1.779245 0.000000
vt -0.000000 1.838553 0.000000
vt 0.330200 1.838553 0.000000
vt -0.000000 1.897862 0.000000
vt 0.330200 1.897862 0.000000
vt -0.000000 1.957170 0.000000
vt 0.330200 1.957170 0.000000
vt -0.000000 2.016478 0.000000
vt 0.330200 2.016478 0.000000
vt -0.000000 2.075786 0.000000
vt 0.330200 2.075786 0.000000
vt -0.000000 2.135094 0.000000
vt 0.330200 2.135094 0.000000
vt -0.000000 2.194402 0.000000
vt 0.330200 2.194402 0.000000
vt -0.000000 -2.194402 0.000000
vt 0.330200 -2.194402 0.000000
vt -0.000000 -2.135094 0.000000
vt 0.330200 -2.135094 0.000000
vt -0.000000 -2.075786 0.000000
vt 0.330200 -2.075786 0.000000
vt -0.000000 -2.016478 0.000000
vt 0.330200 -2.016478 0.000000
vt -0.000000 -1.957170 0.000000
vt 0.330200 -1.957170 0.000000
vt -0.000000 -1.897862 0.000000
vt 0.330200 -1.897862 0.000000
vt -0.000000 -1.838553 0.000000
vt 0.330200 -1.838553 0.000000
vt -0.000000 -1.779245 0.000000
vt 0.330200 -1.779245 0.000000
vt -0.000000 -1.719937 0.000000
vt 0.330200 -1.719937 0.000000
vt -0.000000 -1.660629 0.000000
vt 0.330200 -1.660629 0.000000
vt -0.000000 -1.601321 0.000000
vt 0.330200 -1.601321 0.000000
vt -0.000000 -1.542013 0.000000
vt 0.330200 -1.542013 0.000000
vt -0.000000 -1.482704 0.000000
vt 0.330200 -1.482704 0.000000
vt -0.000000 -1.423396 0.000000
vt 0.330200 -1.423396 0.000000
vt -0.000000 -1.364088 0.000000
vt 0.330200 -1.364088 0.000000
vt -0.000000 -1.304780 0.000000
vt 0.330200 -1.304780 0.000000
vt -0.000000 -1.245472 0.000000
vt 0.330200 -1.245472 0.000000
vt -0.000000 -1.186163 0.000000
vt 0.330200 -1.186163 0.000000
vt -0.000000 -1.126855 0.000000
vt 0.330200 -1.126855 0.000000
vt 0.000000 -1.067547 0.000000
vt 0.330200 -1.067547 0.000000
vt 0.000000 -1.008239 0.000000
vt 0.330200 -1.008239 0.000000
vt -0.000000 -0.948931 0.000000
vt 0.330200 -0.948931 0.000000
vt 0.000000 -0.889623 0.000000
vt 0.330200 -0.889623 0.000000
vt -0.000000 -0.830314 0.000000
vt 0.330200 -0.830314 0.000000
vt 0.000000 -0.771006 0.000000
vt 0.330200 -0.771006 0.000000
vt 0.000000 -0.711698 0.000000
vt 0.330200 -0.711698 0.000000
vt 0.000000 -0.652390 0.000000
vt 0.330200 -0.652390 0.000000
vt 0.000000 -0.593082 0.000000
vt 0.330200 -0.593082 0.000000
vt -0.000000 -0.533774 0.000000
vt 0.330200 -0.533774 0.000000
vt -0.000000 -0.474465 0.000000
vt 0.330200 -0.474465 0.000000
vt 0.000000 -0.415157 0.000000
vt 0.330200 -0.415157 0.000000
vt 0.000000 -0.355849 0.000000
vt 0.330200 -0.355849 0.000000
vt 0.000000 -0.296541 0.000000
vt 0.330200 -0.296541 0.000000
vt -0.000000 -0.237233 0.000000
vt 0.330200 -0.237233 0.000000
vt 0.000000 -0.177925 0.000000
vt 0.330200 -0.177925 0.000000
vt -0.000000 -0.118616 0.000000
vt 0.330200 -0.118616 0.000000
vt -0.307815 0.048509 0.000000
vt -0.307815 0.000000 0.000000
vt -0.000000 0.000000 0.000000
vt -0.307815 -0.048509 0.000000
vt 0.000000 -0.060842 0.000000
vt -0.307815 -0.097018 0.000000
vt 0.000000 -0.121684 0.000000
vt -0.307815 -0.145528 0.000000
vt -0.000000 -0.182526 0.000000
vt -0.307815 -0.194037 0.000000
vt 0.000000 -0.243368 0.000000
vt -0.307815 -0.242546 0.000000
vt -0.307815 -0.291055 0.000000
vt 0.000000 -0.304210 0.000000
vt -0.307815 -0.339564 0.000000
vt -0.000000 -0.365052 0.000000
vt -0.307815 -0.388074 0.000000
vt 0.000000 -0.425894 0.000000
vt -0.307815 -0.436583 0.000000
vt 0.000000 -0.486736 0.000000
vt -0.307815 -0.485092 0.000000
vt -0.307815 -0.533601 0.000000
vt 0.000000 -0.547578 0.000000
vt -0.307815 -0.582110 0.000000
vt 0.000000 -0.608420 0.000000
vt -0.307815 -0.630619 0.000000
vt 0.000000 -0.669262 0.000000
vt -0.307815 -0.679129 0.000000
vt -0.000000 -0.730104 0.000000
vt -0.307815 -0.727638 0.000000
vt -0.307815 -0.776147 0.000000
vt 0.000000 -0.790946 0.000000
vt -0.307815 -0.824656 0.000000
vt 0.000000 -0.851789 0.000000
vt -0.307815 -0.873165 0.000000
vt -0.000000 -0.912631 0.000000
vt -0.307815 -0.921675 0.000000
vt -0.000000 -0.973473 0.000000
vt -0.307815 -0.970184 0.000000
vt -0.307815 -1.018693 0.000000
vt -0.000000 -1.034315 0.000000
vt -0.307815 -1.067202 0.000000
vt -0.000000 -1.095157 0.000000
vt -0.307815 -1.115711 0.000000
vt -0.000000 -1.155999 0.000000
vt -0.307815 -1.164221 0.000000
vt -0.000000 -1.216841 0.000000
vt -0.307815 -1.212730 0.000000
vt -0.307815 -1.261239 0.000000
vt -0.000000 -1.277683 0.000000
vt -0.307815 -1.309748 0.000000
vt -0.000000 -1.338525 0.000000
vt -0.307815 -1.358257 0.000000
vt 0.000000 -1.399367 0.000000
vt -0.307815 -1.406767 0.000000
vt -0.000000 -1.460209 0.000000
vt -0.307815 -1.455276 0.000000
vt -0.307815 -1.503785 0.000000
vt -0.000000 -1.521051 0.000000
vt -0.307815 -1.552294 0.000000
vt -0.000000 -1.581893 0.000000
vt -0.307815 -1.600803 0.000000
vt -0.000000 -1.642735 0.000000
vt -0.307815 -1.649313 0.000000
vt -0.000000 -1.703577 0.000000
vt -0.307815 -1.697822 0.000000
vt -0.307815 -1.746331 0.000000
vt -0.000000 -1.764419 0.000000
vt -0.307815 -1.794840 0.000000
vt 0.000000 -1.825261 0.000000
vt -0.000000 1.764419 0.000000
vt -0.307815 1.794840 0.000000
vt -0.307815 1.746331 0.000000
vt -0.000000 1.703577 0.000000
vt -0.307815 1.697822 0.000000
vt -0.307815 1.649313 0.000000
vt -0.000000 1.642735 0.000000
vt -0.307815 1.600803 0.000000
vt -0.000000 1.581893 0.000000
vt -0.307815 1.552294 0.000000
vt -0.000000 1.521051 0.000000
vt -0.307815 1.503785 0.000000
vt -0.000000 1.460209 0.000000
vt -0.307815 1.455276 0.000000
vt -0.307815 1.406767 0.000000
vt -0.000000 1.399367 0.000000
vt -0.307815 1.358257 0.000000
vt -0.000000 1.338525 0.000000
vt -0.307815 1.309748 0.000000
vt -0.000000 1.277683 0.000000
vt -0.307815 1.261239 0.000000
vt -0.000000 1.216841 0.000000
vt -0.307815 1.212730 0.000000
vt -0.307815 1.164221 0.000000
vt 0.000000 1.155999 0.000000
vt -0.307815 1.115711 0.000000
vt -0.000000 1.095157 0.000000
vt -0.307815 1.067202 0.000000
vt -0.000000 1.034315 0.000000
vt -0.307815 1.018693 0.000000
vt -0.000000 0.973473 0.000000
vt -0.307815 0.970184 0.000000
vt -0.307815 0.921675 0.000000
vt -0.000000 0.912631 0.000000
vt -0.307815 0.873165 0.000000
vt -0.000000 0.851789 0.000000
vt -0.307815 0.824656 0.000000
vt 0.000000 0.790946 0.000000
vt -0.307815 0.776147 0.000000
vt -0.000000 0.730104 0.000000
vt -0.307815 0.727638 0.000000
vt -0.307815 0.679129 0.000000
vt -0.000000 0.669262 0.000000
vt -0.307815 0.630619 0.000000
vt -0.000000 0.608420 0.000000
vt -0.307815 0.582110 0.000000
vt 0.000000 0.547578 0.000000
vt -0.307815 0.533601 0.000000
vt -0.000000 0.486736 0.000000
vt -0.307815 0.485092 0.000000
vt -0.307815 0.436583 0.000000
vt -0.000000 0.425894 0.000000
vt -0.307815 0.388074 0.000000
vt -0.000000 0.365052 0.000000
vt -0.307815 0.339564 0.000000
vt -0.000000 0.304210 0.000000
vt -0.307815 0.291055 0.000000
vt -0.000000 0.243368 0.000000
vt -0.307815 0.242546 0.000000
vt -0.307815 0.194037 0.000000
vt -0.000000 0.182526 0.000000
vt -0.307815 0.145528 0.000000
vt -0.000000 0.121684 0.000000
vt -0.307815 0.097018 0.000000
vt -0.000000 0.060842 0.000000
vt -0.051779 1.638323 0.000000
vt -0.049195 1.616990 0.000000
vt -0.025889 1.638323 0.000000
vt -0.024598 1.616990 0.000000
vt 0.000000 1.616990 0.000000
vt -0.073793 1.616990 0.000000
vt -0.077668 1.638323 0.000000
vt -0.098390 1.616990 0.000000
vt -0.103558 1.638323 0.000000
vt -0.122988 1.616990 0.000000
vt -0.129447 1.638323 0.000000
vt -0.147585 1.616990 0.000000
vt -0.155337 1.638323 0.000000
vt -0.172183 1.616990 0.000000
vt -0.181226 1.638323 0.000000
vt -0.196780 1.616990 0.000000
vt -0.207115 1.638323 0.000000
vt -0.223962 1.616990 0.000000
vt -0.233005 1.638323 0.000000
vt -0.251143 1.616990 0.000000
vt -0.258894 1.638323 0.000000
vt -0.278324 1.616990 0.000000
vt -0.310673 1.638323 0.000000
vt -0.305506 1.616990 0.000000
vt -0.332687 1.616990 0.000000
vt -0.305506 1.595658 0.000000
vt -0.332687 1.595658 0.000000
vt -0.305506 1.574326 0.000000
vt -0.332687 1.574326 0.000000
vt -0.305506 1.552993 0.000000
vt -0.332687 1.552993 0.000000
vt -0.305506 1.531661 0.000000
vt -0.332687 1.531661 0.000000
vt -0.305506 1.510329 0.000000
vt -0.332687 1.510329 0.000000
vt -0.305506 1.488996 0.000000
vt -0.332687 1.488996 0.000000
vt -0.305506 1.467664 0.000000
vt -0.332687 1.467664 0.000000
vt -0.305506 1.446332 0.000000
vt -0.332687 1.446332 0.000000
vt -0.305506 1.424999 0.000000
vt -0.332687 1.424999 0.000000
vt -0.305506 1.403667 0.000000
vt -0.332687 1.403667 0.000000
vt -0.305506 1.382335 0.000000
vt -0.332687 1.382335 0.000000
vt -0.305506 1.361002 0.000000
vt -0.332687 1.361002 0.000000
vt -0.305506 1.339670 0.000000
vt -0.332687 1.339670 0.000000
vt -0.305506 1.318338 0.000000
vt -0.332687 1.318338 0.000000
vt -0.305506 1.297006 0.000000
vt -0.332687 1.297006 0.000000
vt -0.305506 1.275673 0.000000
vt -0.332687 1.275673 0.000000
vt -0.305506 1.254341 0.000000
vt -0.332687 1.254341 0.000000
vt -0.305506 1.233009 0.000000
vt -0.332687 1.233009 0.000000
vt -0.305506 1.211676 0.000000
vt -0.332687 1.211676 0.000000
vt -0.305506 1.190344 0.000000
vt -0.332687 1.190344 0.000000
vt -0.305506 1.169012 0.000000
vt -0.332687 1.169012 0.000000
vt -0.305506 1.147679 0.000000
vt -0.332687 1.147679 0.000000
vt -0.305506 1.126347 0.000000
vt -0.332687 1.126347 0.000000
vt -0.305506 1.105015 0.000000
vt -0.332687 1.105015 0.000000
vt -0.305506 1.083682 0.000000
vt -0.332687 1.083682 0.000000
vt -0.305506 1.062350 0.000000
vt -0.332687 1.062350 0.000000
vt -0.305506 1.041018 0.000000
vt -0.332687 1.041018 0.000000
vt -0.305506 1.019685 0.000000
vt -0.332687 1.019685 0.000000
vt -0.305506 0.998353 0.000000
vt -0.332687 0.998353 0.000000
vt -0.305506 0.977021 0.000000
vt -0.332687 0.977021 0.000000
vt -0.305506 0.955688 0.000000
vt -0.332687 0.955688 0.000000
vt -0.305506 0.934356 0.000000
vt -0.332687 0.934356 0.000000
vt -0.305506 0.913024 0.000000
vt -0.332687 0.913024 0.000000
vt -0.305506 0.891691 0.000000
vt -0.332687 0.891691 0.000000
vt -0.305506 0.870359 0.000000
vt -0.332687 0.870359 0.000000
vt -0.305506 0.849027 0.000000
vt -0.332687 0.849027 0.000000
vt -0.305506 0.827694 0.000000
vt -0.332687 0.827694 0.000000
vt -0.305506 0.806362 0.000000
vt -0.332687 0.806362 0.000000
vt -0.305506 0.785030 0.000000
vt -0.332687 0.785030 0.000000
vt -0.305506 0.763697 0.000000
vt -0.332687 0.763697 0.000000
vt -0.305506 0.742365 0.000000
vt -0.332687 0.742365 0.000000
vt -0.305506 0.721033 0.000000
vt -0.332687 0.721033 0.000000
vt -0.305506 0.699700 0.000000
vt -0.332687 0.699700 0.000000
vt -0.305506 0.678368 0.000000
vt -0.332687 0.678368 0.000000
vt -0.305506 0.657036 0.000000
vt -0.332687 0.657036 0.000000
vt -0.305506 0.635703 0.000000
vt -0.332687 0.635703 0.000000
vt -0.305506 0.614371 0.000000
vt -0.332687 0.614371 0.000000
vt -0.305506 0.595172 0.000000
vt -0.332687 0.595172 0.000000
vt -0.305506 0.575973 0.000000
vt -0.332687 0.575973 0.000000
vt -0.305506 0.556774 0.000000
vt -0.332687 0.556774 0.000000
vt -0.305506 0.537575 0.000000
vt -0.332687 0.537575 0.000000
vt -0.305506 0.518376 0.000000
vt -0.332687 0.518376 0.000000
vt -0.305506 0.499176 0.000000
vt -0.332687 0.499176 0.000000
vt -0.305506 0.479977 0.000000
vt -0.332687 0.479977 0.000000
vt -0.305506 0.460778 0.000000
vt -0.332687 0.460778 0.000000
vt -0.305506 0.441579 0.000000
vt -0.332687 0.441579 0.000000
vt -0.305506 0.422380 0.000000
vt -0.332687 0.422380 0.000000
vt -0.305506 0.403181 0.000000
vt -0.332687 0.403181 0.000000
vt -0.305506 0.383982 0.000000
vt -0.332687 0.383982 0.000000
vt -0.305506 0.364783 0.000000
vt -0.332687 0.364783 0.000000
vt -0.305506 0.345584 0.000000
vt -0.332687 0.345584 0.000000
vt -0.305506 0.326385 0.000000
vt -0.332687 0.326385 0.000000
vt -0.305506 0.307186 0.000000
vt -0.332687 0.307186 0.000000
vt -0.305506 0.287986 0.000000
vt -0.332687 0.287986 0.000000
vt -0.305506 0.268787 0.000000
vt -0.332687 0.268787 0.000000
vt -0.305506 0.249588 0.000000
vt -0.332687 0.249588 0.000000
vt -0.305506 0.230389 0.000000
vt -0.332687 0.230389 0.000000
vt -0.305506 0.211190 0.000000
vt -0.332687 0.211190 0.000000
vt -0.305506 0.191991 0.000000
vt -0.332687 0.191991 0.000000
vt -0.305506 0.172792 0.000000
vt -0.332687 0.172792 0.000000
vt -0.305506 0.153593 0.000000
vt -0.332687 0.153593 0.000000
vt -0.305506 0.134394 0.000000
vt -0.332687 0.134394 0.000000
vt -0.305506 0.115195 0.000000
vt -0.332687 0.115195 0.000000
vt -0.305506 0.095995 0.000000
vt -0.332687 0.095995 0.000000
vt -0.305506 0.076796 0.000000
vt -0.332687 0.076796 0.000000
vt -0.305506 0.057597 0.000000
vt -0.332687 0.057597 0.000000
vt -0.305506 0.038398 0.000000
vt -0.332687 0.038398 0.000000
vt -0.305506 0.019199 0.000000
vt -0.332687 0.019199 0.000000
vt -0.310673 0.000000 0.000000
vt -0.362452 0.000000 0.000000
vt -0.359868 0.019199 0.000000
vt -0.387049 0.019199 0.000000
vt -0.387049 0.038398 0.000000
vt -0.414231 0.027768 0.000000
vt -0.414231 0.055536 0.000000
vt -0.387049 0.057597 0.000000
vt -0.387049 0.076796 0.000000
vt -0.359868 0.057597 0.000000
vt -0.359868 0.076796 0.000000
vt -0.362452 1.638323 0.000000
vt -0.359868 1.616990 0.000000
vt -0.359868 1.595658 0.000000
vt -0.359868 1.574326 0.000000
vt -0.359868 1.552993 0.000000
vt -0.359868 1.531661 0.000000
vt -0.359868 1.510329 0.000000
vt -0.359868 1.488996 0.000000
vt -0.359868 1.467664 0.000000
vt -0.359868 1.446332 0.000000
vt -0.359868 1.424999 0.000000
vt -0.359868 1.403667 0.000000
vt -0.359868 1.382335 0.000000
vt -0.359868 1.361002 0.000000
vt -0.359868 1.339670 0.000000
vt -0.359868 1.318338 0.000000
vt -0.359868 1.297006 0.000000
vt -0.359868 1.275673 0.000000
vt -0.359868 1.254341 0.000000
vt -0.359868 1.233009 0.000000
vt -0.359868 1.211676 0.000000
vt -0.359868 1.190344 0.000000
vt -0.359868 1.169012 0.000000
vt -0.359868 1.147679 0.000000
vt -0.359868 1.126347 0.000000
vt -0.359868 1.105015 0.000000
vt -0.359868 1.083682 0.000000
vt -0.359868 1.062350 0.000000
vt -0.359868 1.041018 0.000000
vt -0.359868 1.019685 0.000000
vt -0.359868 0.998353 0.000000
vt -0.359868 0.977021 0.000000
vt -0.359868 0.955688 0.000000
vt -0.359868 0.934356 0.000000
vt -0.359868 0.913024 0.000000
vt -0.359868 0.891691 0.000000
vt -0.359868 0.870359 0.000000
vt -0.359868 0.849027 0.000000
vt -0.359868 0.827694 0.000000
vt -0.359868 0.806362 0.000000
vt -0.359868 0.785030 0.000000
vt -0.359868 0.763697 0.000000
vt -0.359868 0.742365 0.000000
vt -0.359868 0.721033 0.000000
vt -0.359868 0.699700 0.000000
vt -0.359868 0.678368 0.000000
vt -0.359868 0.657036 0.000000
vt -0.359868 0.635703 0.000000
vt -0.359868 0.614371 0.000000
vt -0.359868 0.595172 0.000000
vt -0.359868 0.575973 0.000000
vt -0.359868 0.556774 0.000000
vt -0.359868 0.537575 0.000000
vt -0.359868 0.518376 0.000000
vt -0.359868 0.499176 0.000000
vt -0.359868 0.479977 0.000000
vt -0.359868 0.460778 0.000000
vt -0.359868 0.441579 0.000000
vt -0.359868 0.422380 0.000000
vt -0.359868 0.403181 0.000000
vt -0.359868 0.383982 0.000000
vt -0.359868 0.364783 0.000000
vt -0.359868 0.345584 0.000000
vt -0.359868 0.326385 0.000000
vt -0.359868 0.307186 0.000000
vt -0.359868 0.287986 0.000000
vt -0.359868 0.268787 0.000000
vt -0.359868 0.249588 0.000000
vt -0.359868 0.230389 0.000000
vt -0.359868 0.211190 0.000000
vt -0.359868 0.191991 0.000000
vt -0.359868 0.172792 0.000000
vt -0.359868 0.153593 0.000000
vt -0.359868 0.134394 0.000000
vt -0.359868 0.115195 0.000000
vt -0.359868 0.095995 0.000000
vt -0.387049 1.616990 0.000000
vt -0.388341 1.638323 0.000000
vt -0.414231 1.638323 0.000000
vt -0.414231 1.610555 0.000000
vt -0.387049 1.595658 0.000000
vt -0.414231 1.582786 0.000000
vt -0.387049 1.574326 0.000000
vt -0.414231 1.555018 0.000000
vt -0.387049 1.552993 0.000000
vt -0.387049 1.531661 0.000000
vt -0.414231 1.527250 0.000000
vt -0.387049 1.510329 0.000000
vt -0.414231 1.499482 0.000000
vt -0.387049 1.488996 0.000000
vt -0.414231 1.471714 0.000000
vt -0.387049 1.467664 0.000000
vt -0.414231 1.443945 0.000000
vt -0.387049 1.446332 0.000000
vt -0.387049 1.424999 0.000000
vt -0.414231 1.416177 0.000000
vt -0.387049 1.403667 0.000000
vt -0.414231 1.388409 0.000000
vt -0.387049 1.382335 0.000000
vt -0.414231 1.360641 0.000000
vt -0.387049 1.361002 0.000000
vt -0.387049 1.339670 0.000000
vt -0.414231 1.332873 0.000000
vt -0.387049 1.318338 0.000000
vt -0.414231 1.305105 0.000000
vt -0.387049 1.297006 0.000000
vt -0.414231 1.277336 0.000000
vt -0.387049 1.275673 0.000000
vt -0.387049 1.254341 0.000000
vt -0.414231 1.249568 0.000000
vt -0.387049 1.233009 0.000000
vt -0.414231 1.221800 0.000000
vt -0.387049 1.211676 0.000000
vt -0.414231 1.194032 0.000000
vt -0.387049 1.190344 0.000000
vt -0.414231 1.166264 0.000000
vt -0.387049 1.169012 0.000000
vt -0.387049 1.147679 0.000000
vt -0.414231 1.138495 0.000000
vt -0.387049 1.126347 0.000000
vt -0.414231 1.110727 0.000000
vt -0.387049 1.105015 0.000000
vt -0.414231 1.082959 0.000000
vt -0.387049 1.083682 0.000000
vt -0.387049 1.062350 0.000000
vt -0.414231 1.055191 0.000000
vt -0.387049 1.041018 0.000000
vt -0.414231 1.027423 0.000000
vt -0.387049 1.019685 0.000000
vt -0.414231 0.999655 0.000000
vt -0.387049 0.998353 0.000000
vt -0.387049 0.977021 0.000000
vt -0.414231 0.971886 0.000000
vt -0.387049 0.955688 0.000000
vt -0.414231 0.944118 0.000000
vt -0.387049 0.934356 0.000000
vt -0.414231 0.916350 0.000000
vt -0.387049 0.913024 0.000000
vt -0.414231 0.888582 0.000000
vt -0.387049 0.891691 0.000000
vt -0.387049 0.870359 0.000000
vt -0.414231 0.860814 0.000000
vt -0.387049 0.849027 0.000000
vt -0.414231 0.833045 0.000000
vt -0.387049 0.827694 0.000000
vt -0.414231 0.805277 0.000000
vt -0.387049 0.806362 0.000000
vt -0.387049 0.785030 0.000000
vt -0.414231 0.777509 0.000000
vt -0.387049 0.763697 0.000000
vt -0.414231 0.749741 0.000000
vt -0.387049 0.742365 0.000000
vt -0.414231 0.721973 0.000000
vt -0.387049 0.721033 0.000000
vt -0.387049 0.699700 0.000000
vt -0.414231 0.694205 0.000000
vt -0.387049 0.678368 0.000000
vt -0.414231 0.666436 0.000000
vt -0.387049 0.657036 0.000000
vt -0.414231 0.638668 0.000000
vt -0.387049 0.635703 0.000000
vt -0.387049 0.614371 0.000000
vt -0.414231 0.610900 0.000000
vt -0.387049 0.595172 0.000000
vt -0.414231 0.583132 0.000000
vt -0.387049 0.575973 0.000000
vt -0.414231 0.555364 0.000000
vt -0.387049 0.556774 0.000000
vt -0.387049 0.537575 0.000000
vt -0.414231 0.527595 0.000000
vt -0.387049 0.518376 0.000000
vt -0.414231 0.499827 0.000000
vt -0.387049 0.499176 0.000000
vt -0.387049 0.479977 0.000000
vt -0.414231 0.472059 0.000000
vt -0.387049 0.460778 0.000000
vt -0.414231 0.444291 0.000000
vt -0.387049 0.441579 0.000000
vt -0.387049 0.422380 0.000000
vt -0.414231 0.416523 0.000000
vt -0.387049 0.403181 0.000000
vt -0.414231 0.388755 0.000000
vt -0.387049 0.383982 0.000000
vt -0.414231 0.360986 0.000000
vt -0.387049 0.364783 0.000000
vt -0.387049 0.345584 0.000000
vt -0.414231 0.333218 0.000000
vt -0.387049 0.326385 0.000000
vt -0.414231 0.305450 0.000000
vt -0.387049 0.307186 0.000000
vt -0.387049 0.287986 0.000000
vt -0.414231 0.277682 0.000000
vt -0.387049 0.268787 0.000000
vt -0.414231 0.249914 0.000000
vt -0.387049 0.249588 0.000000
vt -0.387049 0.230389 0.000000
vt -0.414231 0.222145 0.000000
vt -0.387049 0.211190 0.000000
vt -0.414231 0.194377 0.000000
vt -0.387049 0.191991 0.000000
vt -0.387049 0.172792 0.000000
vt -0.414231 0.166609 0.000000
vt -0.387049 0.153593 0.000000
vt -0.414231 0.138841 0.000000
vt -0.387049 0.134394 0.000000
vt -0.414231 0.111073 0.000000
vt -0.387049 0.115195 0.000000
vt -0.387049 0.095995 0.000000
vt -0.414231 0.083305 0.000000
vt -0.414231 0.000000 0.000000
vt -0.388341 0.000000 0.000000
vt -0.278324 0.019199 0.000000
vt -0.258894 0.000000 0.000000
vt -0.251143 0.019199 0.000000
vt -0.233005 0.000000 0.000000
vt -0.223962 0.019199 0.000000
vt -0.207115 0.000000 0.000000
vt -0.196780 0.019199 0.000000
vt -0.181226 0.000000 0.000000
vt -0.172183 0.019199 0.000000
vt -0.155337 0.000000 0.000000
vt -0.147585 0.019199 0.000000
vt -0.129447 0.000000 0.000000
vt -0.122988 0.019199 0.000000
vt -0.103558 0.000000 0.000000
vt -0.098390 0.019199 0.000000
vt -0.077668 0.000000 0.000000
vt -0.073793 0.019199 0.000000
vt -0.051779 0.000000 0.000000
vt -0.049195 0.019199 0.000000
vt -0.025889 0.000000 0.000000
vt -0.024598 0.019199 0.000000
vt -0.000000 0.000000 0.000000
vt 0.000000 0.019199 0.000000
vt -0.024598 0.038398 0.000000
vt 0.000000 0.038398 0.000000
vt -0.024598 0.057597 0.000000
vt 0.000000 0.057597 0.000000
vt -0.024598 0.076796 0.000000
vt 0.000000 0.076796 0.000000
vt -0.024598 0.095995 0.000000
vt 0.000000 0.095995 0.000000
vt -0.024598 0.115195 0.000000
vt 0.000000 0.115195 0.000000
vt -0.024598 0.134394 0.000000
vt 0.000000 0.134394 0.000000
vt -0.024598 0.153593 0.000000
vt 0.000000 0.153593 0.000000
vt -0.024598 0.172792 0.000000
vt 0.000000 0.172792 0.000000
vt -0.024598 0.191991 0.000000
vt 0.000000 0.191991 0.000000
vt -0.024598 0.211190 0.000000
vt 0.000000 0.211190 0.000000
vt -0.024598 0.230389 0.000000
vt 0.000000 0.230389 0.000000
vt -0.024598 0.249588 0.000000
vt 0.000000 0.249588 0.000000
vt -0.024598 0.268787 0.000000
vt 0.000000 0.268787 0.000000
vt -0.024598 0.287986 0.000000
vt 0.000000 0.287986 0.000000
vt -0.024598 0.307186 0.000000
vt 0.000000 0.307186 0.000000
vt -0.024598 0.326385 0.000000
vt 0.000000 0.326385 0.000000
vt -0.024598 0.345584 0.000000
vt 0.000000 0.345584 0.000000
vt -0.024598 0.364783 0.000000
vt 0.000000 0.364783 0.000000
vt -0.024598 0.383982 0.000000
vt 0.000000 0.383982 0.000000
vt -0.024598 0.403181 0.000000
vt 0.000000 0.403181 0.000000
vt -0.024598 0.422380 0.000000
vt 0.000000 0.422380 0.000000
vt -0.024598 0.441579 0.000000
vt 0.000000 0.441579 0.000000
vt -0.024598 0.460778 0.000000
vt 0.000000 0.460778 0.000000
vt -0.024598 0.479977 0.000000
vt 0.000000 0.479977 0.000000
vt -0.024598 0.499176 0.000000
vt 0.000000 0.499176 0.000000
vt -0.024598 0.518376 0.000000
vt 0.000000 0.518376 0.000000
vt -0.024598 0.537575 0.000000
vt -0.024598 0.556774 0.000000
vt 0.000000 0.556774 0.000000
vt -0.024598 0.575973 0.000000
vt 0.000000 0.575973 0.000000
vt -0.024598 0.595172 0.000000
vt 0.000000 0.595172 0.000000
vt -0.024598 0.614371 0.000000
vt 0.000000 0.614371 0.000000
vt -0.024598 0.635703 0.000000
vt 0.000000 0.635703 0.000000
vt -0.024598 0.657036 0.000000
vt 0.000000 0.657036 0.000000
vt -0.024598 0.678368 0.000000
vt 0.000000 0.678368 0.000000
vt -0.024598 0.699700 0.000000
vt 0.000000 0.699700 0.000000
vt -0.024598 0.721033 0.000000
vt 0.000000 0.721033 0.000000
vt -0.024598 0.742365 0.000000
vt 0.000000 0.742365 0.000000
vt -0.024598 0.763697 0.000000
vt 0.000000 0.763697 0.000000
vt -0.024598 0.785030 0.000000
vt 0.000000 0.785030 0.000000
vt -0.024598 0.806362 0.000000
vt 0.000000 0.806362 0.000000
vt -0.024598 0.827694 0.000000
vt 0.000000 0.827694 0.000000
vt -0.024598 0.849027 0.000000
vt 0.000000 0.849027 0.000000
vt -0.024598 0.870359 0.000000
vt 0.000000 0.870359 0.000000
vt -0.024598 0.891691 0.000000
vt 0.000000 0.891691 0.000000
vt -0.024598 0.913024 0.000000
vt 0.000000 0.913024 0.000000
vt -0.024598 0.934356 0.000000
vt 0.000000 0.934356 0.000000
vt -0.024598 0.955688 0.000000
vt 0.000000 0.955688 0.000000
vt -0.024598 0.977021 0.000000
vt 0.000000 0.977021 0.000000
vt -0.024598 0.998353 0.000000
vt 0.000000 0.998353 0.000000
vt -0.024598 1.019685 0.000000
vt 0.000000 1.019685 0.000000
vt -0.024598 1.041018 0.000000
vt 0.000000 1.041018 0.000000
vt -0.024598 1.062350 0.000000
vt 0.000000 1.062350 0.000000
vt -0.024598 1.083682 0.000000
vt -0.024598 1.105015 0.000000
vt 0.000000 1.105015 0.000000
vt -0.024598 1.126347 0.000000
vt 0.000000 1.126347 0.000000
vt -0.024598 1.147679 0.000000
vt 0.000000 1.147679 0.000000
vt -0.024598 1.169012 0.000000
vt 0.000000 1.169012 0.000000
vt -0.024598 1.190344 0.000000
vt 0.000000 1.190344 0.000000
vt -0.024598 1.211676 0.000000
vt 0.000000 1.211676 0.000000
vt -0.024598 1.233009 0.000000
vt 0.000000 1.233009 0.000000
vt -0.024598 1.254341 0.000000
vt 0.000000 1.254341 0.000000
vt -0.024598 1.275673 0.000000
vt 0.000000 1.275673 0.000000
vt -0.024598 1.297006 0.000000
vt 0.000000 1.297006 0.000000
vt -0.024598 1.318338 0.000000
vt 0.000000 1.318338 0.000000
vt -0.024598 1.339670 0.000000
vt 0.000000 1.339670 0.000000
vt -0.024598 1.361002 0.000000
vt 0.000000 1.361002 0.000000
vt -0.024598 1.382335 0.000000
vt 0.000000 1.382335 0.000000
vt -0.024598 1.403667 0.000000
vt 0.000000 1.403667 0.000000
vt -0.024598 1.424999 0.000000
vt 0.000000 1.424999 0.000000
vt -0.024598 1.446332 0.000000
vt 0.000000 1.446332 0.000000
vt -0.024598 1.467664 0.000000
vt 0.000000 1.467664 0.000000
vt -0.024598 1.488996 0.000000
vt 0.000000 1.488996 0.000000
vt -0.024598 1.510329 0.000000
vt 0.000000 1.510329 0.000000
vt -0.024598 1.531661 0.000000
vt 0.000000 1.531661 0.000000
vt -0.024598 1.552993 0.000000
vt 0.000000 1.552993 0.000000
vt -0.024598 1.574326 0.000000
vt 0.000000 1.574326 0.000000
vt -0.024598 1.595658 0.000000
vt 0.000000 1.595658 0.000000
vt 0.000000 0.546108 0.000000
vt 0.000000 1.092215 0.000000
vt -0.278324 1.595658 0.000000
vt -0.278324 1.574326 0.000000
vt -0.278324 1.552993 0.000000
vt -0.278324 1.531661 0.000000
vt -0.278324 1.510329 0.000000
vt -0.278324 1.488996 0.000000
vt -0.278324 1.467664 0.000000
vt -0.278324 1.446332 0.000000
vt -0.278324 1.424999 0.000000
vt -0.278324 1.403667 0.000000
vt -0.278324 1.382335 0.000000
vt -0.278324 1.361002 0.000000
vt -0.278324 1.339670 0.000000
vt -0.278324 1.318338 0.000000
vt -0.278324 1.297006 0.000000
vt -0.278324 1.275673 0.000000
vt -0.278324 1.254341 0.000000
vt -0.278324 1.233009 0.000000
vt -0.278324 1.211676 0.000000
vt -0.278324 1.190344 0.000000
vt -0.278324 1.169012 0.000000
vt -0.278324 1.147679 0.000000
vt -0.278324 1.126347 0.000000
vt -0.278324 1.105015 0.000000
vt -0.278324 1.083682 0.000000
vt -0.278324 1.062350 0.000000
vt -0.278324 1.041018 0.000000
vt -0.278324 1.019685 0.000000
vt -0.278324 0.998353 0.000000
vt -0.278324 0.977021 0.000000
vt -0.278324 0.955688 0.000000
vt -0.278324 0.934356 0.000000
vt -0.278324 0.913024 0.000000
vt -0.278324 0.891691 0.000000
vt -0.278324 0.870359 0.000000
vt -0.278324 0.849027 0.000000
vt -0.278324 0.827694 0.000000
vt -0.278324 0.806362 0.000000
vt -0.278324 0.785030 0.000000
vt -0.278324 0.763697 0.000000
vt -0.278324 0.742365 0.000000
vt -0.278324 0.721033 0.000000
vt -0.278324 0.699700 0.000000
vt -0.278324 0.678368 0.000000
vt -0.278324 0.657036 0.000000
vt -0.278324 0.635703 0.000000
vt -0.278324 0.614371 0.000000
vt -0.278324 0.595172 0.000000
vt -0.278324 0.575973 0.000000
vt -0.278324 0.556774 0.000000
vt -0.278324 0.537575 0.000000
vt -0.278324 0.518376 0.000000
vt -0.278324 0.499176 0.000000
vt -0.278324 0.479977 0.000000
vt -0.278324 0.460778 0.000000
vt -0.278324 0.441579 0.000000
vt -0.278324 0.422380 0.000000
vt -0.278324 0.403181 0.000000
vt -0.278324 0.383982 0.000000
vt -0.278324 0.364783 0.000000
vt -0.278324 0.345584 0.000000
vt -0.278324 0.326385 0.000000
vt -0.278324 0.307186 0.000000
vt -0.278324 0.287986 0.000000
vt -0.278324 0.268787 0.000000
vt -0.278324 0.249588 0.000000
vt -0.278324 0.230389 0.000000
vt -0.278324 0.211190 0.000000
vt -0.278324 0.191991 0.000000
vt -0.278324 0.172792 0.000000
vt -0.278324 0.153593 0.000000
vt -0.278324 0.134394 0.000000
vt -0.278324 0.115195 0.000000
vt -0.278324 0.095995 0.000000
vt -0.278324 0.076796 0.000000
vt -0.278324 0.057597 0.000000
vt -0.278324 0.038398 0.000000
vt -0.251143 1.595658 0.000000
vt -0.251143 1.574326 0.000000
vt -0.251143 1.552993 0.000000
vt -0.251143 1.531661 0.000000
vt -0.251143 1.510329 0.000000
vt -0.251143 1.488996 0.000000
vt -0.251143 1.467664 0.000000
vt -0.251143 1.446332 0.000000
vt -0.251143 1.424999 0.000000
vt -0.251143 1.403667 0.000000
vt -0.251143 1.382335 0.000000
vt -0.251143 1.361002 0.000000
vt -0.251143 1.339670 0.000000
vt -0.251143 1.318338 0.000000
vt -0.251143 1.297006 0.000000
vt -0.251143 1.275673 0.000000
vt -0.251143 1.254341 0.000000
vt -0.251143 1.233009 0.000000
vt -0.251143 1.211676 0.000000
vt -0.251143 1.190344 0.000000
vt -0.251143 1.169012 0.000000
vt -0.251143 1.147679 0.000000
vt -0.251143 1.126347 0.000000
vt -0.251143 1.105015 0.000000
vt -0.251143 1.083682 0.000000
vt -0.251143 1.062350 0.000000
vt -0.251143 1.041018 0.000000
vt -0.251143 1.019685 0.000000
vt -0.251143 0.998353 0.000000
vt -0.251143 0.977021 0.000000
vt -0.251143 0.955688 0.000000
vt -0.251143 0.934356 0.000000
vt -0.251143 0.913024 0.000000
vt -0.251143 0.891691 0.000000
vt -0.251143 0.870359 0.000000
vt -0.251143 0.849027 0.000000
vt -0.251143 0.827694 0.000000
vt -0.251143 0.806362 0.000000
vt -0.251143 0.785030 0.000000
vt -0.251143 0.763697 0.000000
vt -0.251143 0.742365 0.000000
vt -0.251143 0.721033 0.000000
vt -0.251143 0.699700 0.000000
vt -0.251143 0.678368 0.000000
vt -0.251143 0.657036 0.000000
vt -0.251143 0.635703 0.000000
vt -0.251143 0.614371 0.000000
vt -0.251143 0.595172 0.000000
vt -0.251143 0.575973 0.000000
vt -0.251143 0.556774 0.000000
vt -0.251143 0.537575 0.000000
vt -0.251143 0.518376 0.000000
vt -0.251143 0.499176 0.000000
vt -0.251143 0.479977 0.000000
vt -0.251143 0.460778 0.000000
vt -0.251143 0.441579 0.000000
vt -0.251143 0.422380 0.000000
vt -0.251143 0.403181 0.000000
vt -0.251143 0.383982 0.000000
vt -0.251143 0.364783 0.000000
vt -0.251143 0.345584 0.000000
vt -0.251143 0.326385 0.000000
vt -0.251143 0.307186 0.000000
vt -0.251143 0.287986 0.000000
vt -0.251143 0.268787 0.000000
vt -0.251143 0.249588 0.000000
vt -0.251143 0.230389 0.000000
vt -0.251143 0.211190 0.000000
vt -0.251143 0.191991 0.000000
vt -0.251143 0.172792 0.000000
vt -0.251143 0.153593 0.000000
vt -0.251143 0.134394 0.000000
vt -0.251143 0.115195 0.000000
vt -0.251143 0.095995 0.000000
vt -0.251143 0.076796 0.000000
vt -0.251143 0.057597 0.000000
vt -0.251143 0.038398 0.000000
vt -0.223962 1.595658 0.000000
vt -0.223962 1.574326 0.000000
vt -0.223962 1.552993 0.000000
vt -0.223962 1.531661 0.000000
vt -0.223962 1.510329 0.000000
vt -0.223962 1.488996 0.000000
vt -0.223962 1.467664 0.000000
vt -0.223962 1.446332 0.000000
vt -0.223962 1.424999 0.000000
vt -0.223962 1.403667 0.000000
vt -0.223962 1.382335 0.000000
vt -0.223962 1.361002 0.000000
vt -0.223962 1.339670 0.000000
vt -0.223962 1.318338 0.000000
vt -0.223962 1.297006 0.000000
vt -0.223962 1.275673 0.000000
vt -0.223962 1.254341 0.000000
vt -0.223962 1.233009 0.000000
vt -0.223962 1.211676 0.000000
vt -0.223962 1.190344 0.000000
vt -0.223962 1.169012 0.000000
vt -0.223962 1.147679 0.000000
vt -0.223962 1.126347 0.000000
vt -0.223962 1.105015 0.000000
vt -0.223962 1.083682 0.000000
vt -0.223962 1.062350 0.000000
vt -0.223962 1.041018 0.000000
vt -0.223962 1.019685 0.000000
vt -0.223962 0.998353 0.000000
vt -0.223962 0.977021 0.000000
vt -0.223962 0.955688 0.000000
vt -0.223962 0.934356 0.000000
vt -0.223962 0.913024 0.000000
vt -0.223962 0.891691 0.000000
vt -0.223962 0.870359 0.000000
vt -0.223962 0.849027 0.000000
vt -0.223962 0.827694 0.000000
vt -0.223962 0.806362 0.000000
vt -0.223962 0.785030 0.000000
vt -0.223962 0.763697 0.000000
vt -0.223962 0.742365 0.000000
vt -0.223962 0.721033 0.000000
vt -0.223962 0.699700 0.000000
vt -0.223962 0.678368 0.000000
vt -0.223962 0.657036 0.000000
vt -0.223962 0.635703 0.000000
vt -0.223962 0.614371 0.000000
vt -0.223962 0.595172 0.000000
vt -0.223962 0.575973 0.000000
vt -0.223962 0.556774 0.000000
vt -0.223962 0.537575 0.000000
vt -0.223962 0.518376 0.000000
vt -0.223962 0.499176 0.000000
vt -0.223962 0.479977 0.000000
vt -0.223962 0.460778 0.000000
vt -0.223962 0.441579 0.000000
vt -0.223962 0.422380 0.000000
vt -0.223962 0.403181 0.000000
vt -0.223962 0.383982 0.000000
vt -0.223962 0.364783 0.000000
vt -0.223962 0.345584 0.000000
vt -0.223962 0.326385 0.000000
vt -0.223962 0.307186 0.000000
vt -0.223962 0.287986 0.000000
vt -0.223962 0.268787 0.000000
vt -0.223962 0.249588 0.000000
vt -0.223962 0.230389 0.000000
vt -0.223962 0.211190 0.000000
vt -0.223962 0.191991 0.000000
vt -0.223962 0.172792 0.000000
vt -0.223962 0.153593 0.000000
vt -0.223962 0.134394 0.000000
vt -0.223962 0.115195 0.000000
vt -0.223962 0.095995 0.000000
vt -0.223962 0.076796 0.000000
vt -0.223962 0.057597 0.000000
vt -0.223962 0.038398 0.000000
vt -0.196780 1.595658 0.000000
vt -0.196780 1.574326 0.000000
vt -0.196780 1.552993 0.000000
vt -0.196780 1.531661 0.000000
vt -0.196780 1.510329 0.000000
vt -0.196780 1.488996 0.000000
vt -0.196780 1.467664 0.000000
vt -0.196780 1.446332 0.000000
vt -0.196780 1.424999 0.000000
vt -0.196780 1.403667 0.000000
vt -0.196780 1.382335 0.000000
vt -0.196780 1.361002 0.000000
vt -0.196780 1.339670 0.000000
vt -0.196780 1.318338 0.000000
vt -0.196780 1.297006 0.000000
vt -0.196780 1.275673 0.000000
vt -0.196780 1.254341 0.000000
vt -0.196780 1.233009 0.000000
vt -0.196780 1.211676 0.000000
vt -0.196780 1.190344 0.000000
vt -0.196780 1.169012 0.000000
vt -0.196780 1.147679 0.000000
vt -0.196780 1.126347 0.000000
vt -0.196780 1.105015 0.000000
vt -0.196780 1.083682 0.000000
vt -0.196780 1.062350 0.000000
vt -0.196780 1.041018 0.000000
vt -0.196780 1.019685 0.000000
vt -0.196780 0.998353 0.000000
vt -0.196780 0.977021 0.000000
vt -0.196780 0.955688 0.000000
vt -0.196780 0.934356 0.000000
vt -0.196780 0.913024 0.000000
vt -0.196780 0.891691 0.000000
vt -0.196780 0.870359 0.000000
vt -0.196780 0.849027 0.000000
vt -0.196780 0.827694 0.000000
vt -0.196780 0.806362 0.000000
vt -0.196780 0.785030 0.000000
vt -0.196780 0.763697 0.000000
vt -0.196780 0.742365 0.000000
vt -0.196780 0.721033 0.000000
vt -0.196780 0.699700 0.000000
vt -0.196780 0.678368 0.000000
vt -0.196780 0.657036 0.000000
vt -0.196780 0.635703 0.000000
vt -0.196780 0.614371 0.000000
vt -0.196780 0.595172 0.000000
vt -0.196780 0.575973 0.000000
vt -0.196780 0.556774 0.000000
vt -0.196780 0.537575 0.000000
vt -0.196780 0.518376 0.000000
vt -0.196780 0.499176 0.000000
vt -0.196780 0.479977 0.000000
vt -0.196780 0.460778 0.000000
vt -0.196780 0.441579 0.000000
vt -0.196780 0.422380 0.000000
vt -0.196780 0.403181 0.000000
vt -0.196780 0.383982 0.000000
vt -0.196780 0.364783 0.000000
vt -0.196780 0.345584 0.000000
vt -0.196780 0.326385 0.000000
vt -0.196780 0.307186 0.000000
vt -0.196780 0.287986 0.000000
vt -0.196780 0.268787 0.000000
vt -0.196780 0.249588 0.000000
vt -0.196780 0.230389 0.000000
vt -0.196780 0.211190 0.000000
vt -0.196780 0.191991 0.000000
vt -0.196780 0.172792 0.000000
vt -0.196780 0.153593 0.000000
vt -0.196780 0.134394 0.000000
vt -0.196780 0.115195 0.000000
vt -0.196780 0.095995 0.000000
vt -0.196780 0.076796 0.000000
vt -0.196780 0.057597 0.000000
vt -0.196780 0.038398 0.000000
vt -0.172183 1.595658 0.000000
vt -0.172183 1.574326 0.000000
vt -0.172183 1.552993 0.000000
vt -0.172183 1.531661 0.000000
vt -0.172183 1.510329 0.000000
vt -0.172183 1.488996 0.000000
vt -0.172183 1.467664 0.000000
vt -0.172183 1.446332 0.000000
vt -0.172183 1.424999 0.000000
vt -0.172183 1.403667 0.000000
vt -0.172183 1.382335 0.000000
vt -0.172183 1.361002 0.000000
vt -0.172183 1.339670 0.000000
vt -0.172183 1.318338 0.000000
vt -0.172183 1.297006 0.000000
vt -0.172183 1.275673 0.000000
vt -0.172183 1.254341 0.000000
vt -0.172183 1.233009 0.000000
vt -0.172183 1.211676 0.000000
vt -0.172183 1.190344 0.000000
vt -0.172183 1.169012 0.000000
vt -0.172183 1.147679 0.000000
vt -0.172183 1.126347 0.000000
vt -0.172183 1.105015 0.000000
vt -0.172183 1.083682 0.000000
vt -0.172183 1.062350 0.000000
vt -0.172183 1.041018 0.000000
vt -0.172183 1.019685 0.000000
vt -0.172183 0.998353 0.000000
vt -0.172183 0.977021 0.000000
vt -0.172183 0.955688 0.000000
vt -0.172183 0.934356 0.000000
vt -0.172183 0.913024 0.000000
vt -0.172183 0.891691 0.000000
vt -0.172183 0.870359 0.000000
vt -0.172183 0.849027 0.000000
vt -0.172183 0.827694 0.000000
vt -0.172183 0.806362 0.000000
vt -0.172183 0.785030 0.000000
vt -0.172183 0.763697 0.000000
vt -0.172183 0.742365 0.000000
vt -0.172183 0.721033 0.000000
vt -0.172183 0.699700 0.000000
vt -0.172183 0.678368 0.000000
vt -0.172183 0.657036 0.000000
vt -0.172183 0.635703 0.000000
vt -0.172183 0.614371 0.000000
vt -0.172183 0.595172 0.000000
vt -0.172183 0.575973 0.000000
vt -0.172183 0.556774 0.000000
vt -0.172183 0.537575 0.000000
vt -0.172183 0.518376 0.000000
vt -0.172183 0.499176 0.000000
vt -0.172183 0.479977 0.000000
vt -0.172183 0.460778 0.000000
vt -0.172183 0.441579 0.000000
vt -0.172183 0.422380 0.000000
vt -0.172183 0.403181 0.000000
vt -0.172183 0.383982 0.000000
vt -0.172183 0.364783 0.000000
vt -0.172183 0.345584 0.000000
vt -0.172183 0.326385 0.000000
vt -0.172183 0.307186 0.000000
vt -0.172183 0.287986 0.000000
vt -0.172183 0.268787 0.000000
vt -0.172183 0.249588 0.000000
vt -0.172183 0.230389 0.000000
vt -0.172183 0.211190 0.000000
vt -0.172183 0.191991 0.000000
vt -0.172183 0.172792 0.000000
vt -0.172183 0.153593 0.000000
vt -0.172183 0.134394 0.000000
vt -0.172183 0.115195 0.000000
vt -0.172183 0.095995 0.000000
vt -0.172183 0.076796 0.000000
vt -0.172183 0.057597 0.000000
vt -0.172183 0.038398 0.000000
vt -0.147585 1.595658 0.000000
vt -0.147585 1.574326 0.000000
vt -0.147585 1.552993 0.000000
vt -0.147585 1.531661 0.000000
vt -0.147585 1.510329 0.000000
vt -0.147585 1.488996 0.000000
vt -0.147585 1.467664 0.000000
vt -0.147585 1.446332 0.000000
vt -0.147585 1.424999 0.000000
vt -0.147585 1.403667 0.000000
vt -0.147585 1.382335 0.000000
vt -0.147585 1.361002 0.000000
vt -0.147585 1.339670 0.000000
vt -0.147585 1.318338 0.000000
vt -0.147585 1.297006 0.000000
vt -0.147585 1.275673 0.000000
vt -0.147585 1.254341 0.000000
vt -0.147585 1.233009 0.000000
vt -0.147585 1.211676 0.000000
vt -0.147585 1.190344 0.000000
vt -0.147585 1.169012 0.000000
vt -0.147585 1.147679 0.000000
vt -0.147585 1.126347 0.000000
vt -0.147585 1.105015 0.000000
vt -0.147585 1.083682 0.000000
vt -0.147585 1.062350 0.000000
vt -0.147585 1.041018 0.000000
vt -0.147585 1.019685 0.000000
vt -0.147585 0.998353 0.000000
vt -0.147585 0.977021 0.000000
vt -0.147585 0.955688 0.000000
vt -0.147585 0.934356 0.000000
vt -0.147585 0.913024 0.000000
vt -0.147585 0.891691 0.000000
vt -0.147585 0.870359 0.000000
vt -0.147585 0.849027 0.000000
vt -0.147585 0.827694 0.000000
vt -0.147585 0.806362 0.000000
vt -0.147585 0.785030 0.000000
vt -0.147585 0.763697 0.000000
vt -0.147585 0.742365 0.000000
vt -0.147585 0.721033 0.000000
vt -0.147585 0.699700 0.000000
vt -0.147585 0.678368 0.000000
vt -0.147585 0.657036 0.000000
vt -0.147585 0.635703 0.000000
vt -0.147585 0.614371 0.000000
vt -0.147585 0.595172 0.000000
vt -0.147585 0.575973 0.000000
vt -0.147585 0.556774 0.000000
vt -0.147585 0.537575 0.000000
vt -0.147585 0.518376 0.000000
vt -0.147585 0.499176 0.000000
vt -0.147585 0.479977 0.000000
vt -0.147585 0.460778 0.000000
vt -0.147585 0.441579 0.000000
vt -0.147585 0.422380 0.000000
vt -0.147585 0.403181 0.000000
vt -0.147585 0.383982 0.000000
vt -0.147585 0.364783 0.000000
vt -0.147585 0.345584 0.000000
vt -0.147585 0.326385 0.000000
vt -0.147585 0.307186 0.000000
vt -0.147585 0.287986 0.000000
vt -0.147585 0.268787 0.000000
vt -0.147585 0.249588 0.000000
vt -0.147585 0.230389 0.000000
vt -0.147585 0.211190 0.000000
vt -0.147585 0.191991 0.000000
vt -0.147585 0.172792 0.000000
vt -0.147585 0.153593 0.000000
vt -0.147585 0.134394 0.000000
vt -0.147585 0.115195 0.000000
vt -0.147585 0.095995 0.000000
vt -0.147585 0.076796 0.000000
vt -0.147585 0.057597 0.000000
vt -0.147585 0.038398 0.000000
vt -0.122988 1.595658 0.000000
vt -0.122988 1.574326 0.000000
vt -0.122988 1.552993 0.000000
vt -0.122988 1.531661 0.000000
vt -0.122988 1.510329 0.000000
vt -0.122988 1.488996 0.000000
vt -0.122988 1.467664 0.000000
vt -0.122988 1.446332 0.000000
vt -0.122988 1.424999 0.000000
vt -0.122988 1.403667 0.000000
vt -0.122988 1.382335 0.000000
vt -0.122988 1.361002 0.000000
vt -0.122988 1.339670 0.000000
vt -0.122988 1.318338 0.000000
vt -0.122988 1.297006 0.000000
vt -0.122988 1.275673 0.000000
vt -0.122988 1.254341 0.000000
vt -0.122988 1.233009 0.000000
vt -0.122988 1.211676 0.000000
vt -0.122988 1.190344 0.000000
vt -0.122988 1.169012 0.000000
vt -0.122988 1.147679 0.000000
vt -0.122988 1.126347 0.000000
vt -0.122988 1.105015 0.000000
vt -0.122988 1.083682 0.000000
vt -0.122988 1.062350 0.000000
vt -0.122988 1.041018 0.000000
vt -0.122988 1.019685 0.000000
vt -0.122988 0.998353 0.000000
vt -0.122988 0.977021 0.000000
vt -0.122988 0.955688 0.000000
vt -0.122988 0.934356 0.000000
vt -0.122988 0.913024 0.000000
vt -0.122988 0.891691 0.000000
vt -0.122988 0.870359 0.000000
vt -0.122988 0.849027 0.000000
vt -0.122988 0.827694 0.000000
vt -0.122988 0.806362 0.000000
vt -0.122988 0.785030 0.000000
vt -0.122988 0.763697 0.000000
vt -0.122988 0.742365 0.000000
vt -0.122988 0.721033 0.000000
vt -0.122988 0.699700 0.000000
vt -0.122988 0.678368 0.000000
vt -0.122988 0.657036 0.000000
vt -0.122988 0.635703 0.000000
vt -0.122988 0.614371 0.000000
vt -0.122988 0.595172 0.000000
vt -0.122988 0.575973 0.000000
vt -0.122988 0.556774 0.000000
vt -0.122988 0.537575 0.000000
vt -0.122988 0.518376 0.000000
vt -0.122988 0.499176 0.000000
vt -0.122988 0.479977 0.000000
vt -0.122988 0.460778 0.000000
vt -0.122988 0.441579 0.000000
vt -0.122988 0.422380 0.000000
vt -0.122988 0.403181 0.000000
vt -0.122988 0.383982 0.000000
vt -0.122988 0.364783 0.000000
vt -0.122988 0.345584 0.000000
vt -0.122988 0.326385 0.000000
vt -0.122988 0.307186 0.000000
vt -0.122988 0.287986 0.000000
vt -0.122988 0.268787 0.000000
vt -0.122988 0.249588 0.000000
vt -0.122988 0.230389 0.000000
vt -0.122988 0.211190 0.000000
vt -0.122988 0.191991 0.000000
vt -0.122988 0.172792 0.000000
vt -0.122988 0.153593 0.000000
vt -0.122988 0.134394 0.000000
vt -0.122988 0.115195 0.000000
vt -0.122988 0.095995 0.000000
vt -0.122988 0.076796 0.000000
vt -0.122988 0.057597 0.000000
vt -0.122988 0.038398 0.000000
vt -0.098390 1.595658 0.000000
vt -0.098390 1.574326 0.000000
vt -0.098390 1.552993 0.000000
vt -0.098390 1.531661 0.000000
vt -0.098390 1.510329 0.000000
vt -0.098390 1.488996 0.000000
vt -0.098390 1.467664 0.000000
vt -0.098390 1.446332 0.000000
vt -0.098390 1.424999 0.000000
vt -0.098390 1.403667 0.000000
vt -0.098390 1.382335 0.000000
vt -0.098390 1.361002 0.000000
vt -0.098390 1.339670 0.000000
vt -0.098390 1.318338 0.000000
vt -0.098390 1.297006 0.000000
vt -0.098390 1.275673 0.000000
vt -0.098390 1.254341 0.000000
vt -0.098390 1.233009 0.000000
vt -0.098390 1.211676 0.000000
vt -0.098390 1.190344 0.000000
vt -0.098390 1.169012 0.000000
vt -0.098390 1.147679 0.000000
vt -0.098390 1.126347 0.000000
vt -0.098390 1.105015 0.000000
vt -0.098390 1.083682 0.000000
vt -0.098390 1.062350 0.000000
vt -0.098390 1.041018 0.000000
vt -0.098390 1.019685 0.000000
vt -0.098390 0.998353 0.000000
vt -0.098390 0.977021 0.000000
vt -0.098390 0.955688 0.000000
vt -0.098390 0.934356 0.000000
vt -0.098390 0.913024 0.000000
vt -0.098390 0.891691 0.000000
vt -0.098390 0.870359 0.000000
vt -0.098390 0.849027 0.000000
vt -0.098390 0.827694 0.000000
vt -0.098390 0.806362 0.000000
vt -0.098390 0.785030 0.000000
vt -0.098390 0.763697 0.000000
vt -0.098390 0.742365 0.000000
vt -0.098390 0.721033 0.000000
vt -0.098390 0.699700 0.000000
vt -0.098390 0.678368 0.000000
vt -0.098390 0.657036 0.000000
vt -0.098390 0.635703 0.000000
vt -0.098390 0.614371 0.000000
vt -0.098390 0.595172 0.000000
vt -0.098390 0.575973 0.000000
vt -0.098390 0.556774 0.000000
vt -0.098390 0.537575 0.000000
vt -0.098390 0.518376 0.000000
vt -0.098390 0.499176 0.000000
vt -0.098390 0.479977 0.000000
vt -0.098390 0.460778 0.000000
vt -0.098390 0.441579 0.000000
vt -0.098390 0.422380 0.000000
vt -0.098390 0.403181 0.000000
vt -0.098390 0.383982 0.000000
vt -0.098390 0.364783 0.000000
vt -0.098390 0.345584 0.000000
vt -0.098390 0.326385 0.000000
vt -0.098390 0.307186 0.000000
vt -0.098390 0.287986 0.000000
vt -0.098390 0.268787 0.000000
vt -0.098390 0.249588 0.000000
vt -0.098390 0.230389 0.000000
vt -0.098390 0.211190 0.000000
vt -0.098390 0.191991 0.000000
vt -0.098390 0.172792 0.000000
vt -0.098390 0.153593 0.000000
vt -0.098390 0.134394 0.000000
vt -0.098390 0.115195 0.000000
vt -0.098390 0.095995 0.000000
vt -0.098390 0.076796 0.000000
vt -0.098390 0.057597 0.000000
vt -0.098390 0.038398 0.000000
vt -0.073793 1.595658 0.000000
vt -0.073793 1.574326 0.000000
vt -0.073793 1.552993 0.000000
vt -0.073793 1.531661 0.000000
vt -0.073793 1.510329 0.000000
vt -0.073793 1.488996 0.000000
vt -0.073793 1.467664 0.000000
vt -0.073793 1.446332 0.000000
vt -0.073793 1.424999 0.000000
vt -0.073793 1.403667 0.000000
vt -0.073793 1.382335 0.000000
vt -0.073793 1.361002 0.000000
vt -0.073793 1.339670 0.000000
vt -0.073793 1.318338 0.000000
vt -0.073793 1.297006 0.000000
vt -0.073793 1.275673 0.000000
vt -0.073793 1.254341 0.000000
vt -0.073793 1.233009 0.000000
vt -0.073793 1.211676 0.000000
vt -0.073793 1.190344 0.000000
vt -0.073793 1.169012 0.000000
vt -0.073793 1.147679 0.000000
vt -0.073793 1.126347 0.000000
vt -0.073793 1.105015 0.000000
vt -0.073793 1.083682 0.000000
vt -0.073793 1.062350 0.000000
vt -0.073793 1.041018 0.000000
vt -0.073793 1.019685 0.000000
vt -0.073793 0.998353 0.000000
vt -0.073793 0.977021 0.000000
vt -0.073793 0.955688 0.000000
vt -0.073793 0.934356 0.000000
vt -0.073793 0.913024 0.000000
vt -0.073793 0.891691 0.000000
vt -0.073793 0.870359 0.000000
vt -0.073793 0.849027 0.000000
vt -0.073793 0.827694 0.000000
vt -0.073793 0.806362 0.000000
vt -0.073793 0.785030 0.000000
vt -0.073793 0.763697 0.000000
vt -0.073793 0.742365 0.000000
vt -0.073793 0.721033 0.000000
vt -0.073793 0.699700 0.000000
vt -0.073793 0.678368 0.000000
vt -0.073793 0.657036 0.000000
vt -0.073793 0.635703 0.000000
vt -0.073793 0.614371 0.000000
vt -0.073793 0.595172 0.000000
vt -0.073793 0.575973 0.000000
vt -0.073793 0.556774 0.000000
vt -0.073793 0.537575 0.000000
vt -0.073793 0.518376 0.000000
vt -0.073793 0.499176 0.000000
vt -0.073793 0.479977 0.000000
vt -0.073793 0.460778 0.000000
vt -0.073793 0.441579 0.000000
vt -0.073793 0.422380 0.000000
vt -0.073793 0.403181 0.000000
vt -0.073793 0.383982 0.000000
vt -0.073793 0.364783 0.000000
vt -0.073793 0.345584 0.000000
vt -0.073793 0.326385 0.000000
vt -0.073793 0.307186 0.000000
vt -0.073793 0.287986 0.000000
vt -0.073793 0.268787 0.000000
vt -0.073793 0.249588 0.000000
vt -0.073793 0.230389 0.000000
vt -0.073793 0.211190 0.000000
vt -0.073793 0.191991 0.000000
vt -0.073793 0.172792 0.000000
vt -0.073793 0.153593 0.000000
vt -0.073793 0.134394 0.000000
vt -0.073793 0.115195 0.000000
vt -0.073793 0.095995 0.000000
vt -0.073793 0.076796 0.000000
vt -0.073793 0.057597 0.000000
vt -0.073793 0.038398 0.000000
vt -0.049195 1.595658 0.000000
vt -0.049195 1.574326 0.000000
vt -0.049195 1.552993 0.000000
vt -0.049195 1.531661 0.000000
vt -0.049195 1.510329 0.000000
vt -0.049195 1.488996 0.000000
vt -0.049195 1.467664 0.000000
vt -0.049195 1.446332 0.000000
vt -0.049195 1.424999 0.000000
vt -0.049195 1.403667 0.000000
vt -0.049195 1.382335 0.000000
vt -0.049195 1.361002 0.000000
vt -0.049195 1.339670 0.000000
vt -0.049195 1.318338 0.000000
vt -0.049195 1.297006 0.000000
vt -0.049195 1.275673 0.000000
vt -0.049195 1.254341 0.000000
vt -0.049195 1.233009 0.000000
vt -0.049195 1.211676 0.000000
vt -0.049195 1.190344 0.000000
vt -0.049195 1.169012 0.000000
vt -0.049195 1.147679 0.000000
vt -0.049195 1.126347 0.000000
vt -0.049195 1.105015 0.000000
vt -0.049195 1.083682 0.000000
vt -0.049195 1.062350 0.000000
vt -0.049195 1.041018 0.000000
vt -0.049195 1.019685 0.000000
vt -0.049195 0.998353 0.000000
vt -0.049195 0.977021 0.000000
vt -0.049195 0.955688 0.000000
vt -0.049195 0.934356 0.000000
vt -0.049195 0.913024 0.000000
vt -0.049195 0.891691 0.000000
vt -0.049195 0.870359 0.000000
vt -0.049195 0.849027 0.000000
vt -0.049195 0.827694 0.000000
vt -0.049195 0.806362 0.000000
vt -0.049195 0.785030 0.000000
vt -0.049195 0.763697 0.000000
vt -0.049195 0.742365 0.000000
vt -0.049195 0.721033 0.000000
vt -0.049195 0.699700 0.000000
vt -0.049195 0.678368 0.000000
vt -0.049195 0.657036 0.000000
vt -0.049195 0.635703 0.000000
vt -0.049195 0.614371 0.000000
vt -0.049195 0.595172 0.000000
vt -0.049195 0.575973 0.000000
vt -0.049195 0.556774 0.000000
vt -0.049195 0.537575 0.000000
vt -0.049195 0.518376 0.000000
vt -0.049195 0.499176 0.000000
vt -0.049195 0.479977 0.000000
vt -0.049195 0.460778 0.000000
vt -0.049195 0.441579 0.000000
vt -0.049195 0.422380 0.000000
vt -0.049195 0.403181 0.000000
vt -0.049195 0.383982 0.000000
vt -0.049195 0.364783 0.000000
vt -0.049195 0.345584 0.000000
vt -0.049195 0.326385 0.000000
vt -0.049195 0.307186 0.000000
vt -0.049195 0.287986 0.000000
vt -0.049195 0.268787 0.000000
vt -0.049195 0.249588 0.000000
vt -0.049195 0.230389 0.000000
vt -0.049195 0.211190 0.000000
vt -0.049195 0.191991 0.000000
vt -0.049195 0.172792 0.000000
vt -0.049195 0.153593 0.000000
vt -0.049195 0.134394 0.000000
vt -0.049195 0.115195 0.000000
vt -0.049195 0.095995 0.000000
vt -0.049195 0.076796 0.000000
vt -0.049195 0.057597 0.000000
vt -0.049195 0.038398 0.000000
vt -0.359868 0.038398 0.000000
vt -0.025000 -0.462705 0.000000
vt -0.106680 -0.476727 0.000000
vt -0.025000 -0.490748 0.000000
vt -0.025000 0.490748 0.000000
vt -0.106680 0.504770 0.000000
vt -0.106680 0.476727 0.000000
vt -0.025000 0.462705 0.000000
vt -0.106680 0.448684 0.000000
vt -0.025000 0.434663 0.000000
vt -0.106680 0.420641 0.000000
vt -0.025000 0.406620 0.000000
vt -0.106680 0.392599 0.000000
vt -0.025000 0.378577 0.000000
vt -0.106680 0.364556 0.000000
vt -0.025000 0.350534 0.000000
vt -0.106680 0.336513 0.000000
vt -0.025000 0.322492 0.000000
vt -0.106680 0.308470 0.000000
vt -0.025000 0.294449 0.000000
vt -0.106680 0.280428 0.000000
vt -0.025000 0.266406 0.000000
vt -0.106680 0.252385 0.000000
vt -0.025000 0.238363 0.000000
vt -0.106680 0.224342 0.000000
vt -0.025000 0.210321 0.000000
vt -0.106680 0.196299 0.000000
vt -0.025000 0.182278 0.000000
vt -0.106680 0.168257 0.000000
vt -0.025000 0.154235 0.000000
vt -0.106680 0.140214 0.000000
vt -0.025000 0.126192 0.000000
vt -0.106680 0.112171 0.000000
vt -0.025000 0.098150 0.000000
vt -0.106680 0.084128 0.000000
vt -0.025000 0.070107 0.000000
vt -0.106680 0.056086 0.000000
vt -0.025000 0.042064 0.000000
vt -0.106680 0.028043 0.000000
vt -0.025000 0.014021 0.000000
vt -0.106680 0.000000 0.000000
vt -0.025000 -0.014021 0.000000
vt -0.106680 -0.028043 0.000000
vt -0.025000 -0.042064 0.000000
vt -0.106680 -0.056086 0.000000
vt -0.025000 -0.070107 0.000000
vt -0.106680 -0.084128 0.000000
vt -0.025000 -0.098150 0.000000
vt -0.106680 -0.112171 0.000000
vt -0.025000 -0.126192 0.000000
vt -0.106680 -0.140214 0.000000
vt -0.025000 -0.154235 0.000000
vt -0.106680 -0.168257 0.000000
vt -0.025000 -0.182278 0.000000
vt -0.106680 -0.196299 0.000000
vt -0.025000 -0.210321 0.000000
vt -0.106680 -0.224342 0.000000
vt -0.025000 -0.238363 0.000000
vt -0.106680 -0.252385 0.000000
vt -0.025000 -0.266406 0.000000
vt -0.106680 -0.280428 0.000000
vt -0.025000 -0.294449 0.000000
vt -0.106680 -0.308470 0.000000
vt -0.025000 -0.322492 0.000000
vt -0.106680 -0.336513 0.000000
vt -0.025000 -0.350534 0.000000
vt -0.106680 -0.364556 0.000000
vt -0.025000 -0.378577 0.000000
vt -0.106680 -0.392599 0.000000
vt -0.025000 -0.406620 0.000000
vt -0.106680 -0.420641 0.000000
vt -0.025000 -0.434663 0.000000
vt -0.106680 -0.448684 0.000000
vt 0.128689 0.025598 0.000000
vt -0.128689 0.025598 0.000000
vt 0.131210 0.000000 0.000000
vt -0.131210 0.000000 0.000000
vt 0.128689 -0.025598 0.000000
vt -0.128689 -0.025598 0.000000
vt 0.121222 -0.050212 0.000000
vt -0.121222 -0.050212 0.000000
vt 0.109097 -0.072896 0.000000
vt -0.109097 -0.072896 0.000000
vt 0.092779 -0.092779 0.000000
vt -0.092779 -0.092779 0.000000
vt 0.072896 -0.109097 0.000000
vt -0.072896 -0.109097 0.000000
vt 0.050212 -0.121222 0.000000
vt -0.050212 -0.121222 0.000000
vt 0.025598 -0.128689 0.000000
vt -0.025598 -0.128689 0.000000
vt -0.000000 -0.131210 0.000000
vt -0.121222 0.050212 0.000000
vt 0.121222 0.050212 0.000000
vt -0.109097 0.072896 0.000000
vt 0.109097 0.072896 0.000000
vt -0.092779 0.092779 0.000000
vt 0.092779 0.092779 0.000000
vt -0.072896 0.109097 0.000000
vt 0.072896 0.109097 0.000000
vt -0.050212 0.121222 0.000000
vt 0.050212 0.121222 0.000000
vt -0.025598 0.128689 0.000000
vt 0.025598 0.128689 0.000000
vt 0.000000 0.131210 0.000000
vt -0.025000 0.028043 0.000000
vt -0.106680 0.000000 0.000000
vt -0.025000 0.000000 0.000000
vt -0.106680 -0.028043 0.000000
vt -0.025000 -0.028043 0.000000
vt -0.106680 -0.056086 0.000000
vt -0.025000 -0.056086 0.000000
vt -0.106680 -0.084128 0.000000
vt -0.025000 -0.084128 0.000000
vt -0.106680 -0.112171 0.000000
vt -0.025000 -0.112171 0.000000
vt -0.106680 -0.140214 0.000000
vt -0.025000 -0.140214 0.000000
vt -0.106680 -0.168257 0.000000
vt -0.025000 -0.168257 0.000000
vt -0.106680 -0.196299 0.000000
vt -0.025000 -0.196299 0.000000
vt -0.106680 -0.224342 0.000000
vt -0.025000 -0.224342 0.000000
vt -0.106680 -0.252385 0.000000
vt -0.025000 -0.252385 0.000000
vt -0.106680 -0.280428 0.000000
vt -0.025000 -0.280428 0.000000
vt -0.106680 -0.308470 0.000000
vt -0.025000 -0.308470 0.000000
vt -0.106680 -0.336513 0.000000
vt -0.025000 -0.336513 0.000000
vt -0.106680 -0.364556 0.000000
vt -0.025000 -0.364556 0.000000
vt -0.106680 -0.392599 0.000000
vt -0.025000 -0.392599 0.000000
vt -0.106680 -0.420641 0.000000
vt -0.025000 -0.420641 0.000000
vt -0.106680 -0.448684 0.000000
vt -0.025000 -0.448684 0.000000
vt -0.106680 -0.476727 0.000000
vt -0.025000 -0.476727 0.000000
vt -0.025000 0.504770 0.000000
vt -0.106680 0.504770 0.000000
vt -0.106680 0.476727 0.000000
vt -0.025000 0.476727 0.000000
vt -0.106680 0.448684 0.000000
vt -0.025000 0.448684 0.000000
vt -0.106680 0.420641 0.000000
vt -0.025000 0.420641 0.000000
vt -0.106680 0.392599 0.000000
vt -0.025000 0.392599 0.000000
vt -0.106680 0.364556 0.000000
vt -0.025000 0.364556 0.000000
vt -0.106680 0.336513 0.000000
vt -0.025000 0.336513 0.000000
vt -0.106680 0.308470 0.000000
vt -0.025000 0.308470 0.000000
vt -0.106680 0.280428 0.000000
vt -0.025000 0.280428 0.000000
vt -0.106680 0.252385 0.000000
vt -0.025000 0.252385 0.000000
vt -0.106680 0.224342 0.000000
vt -0.025000 0.224342 0.000000
vt -0.106680 0.196299 0.000000
vt -0.025000 0.196299 0.000000
vt -0.106680 0.168257 0.000000
vt -0.025000 0.168257 0.000000
vt -0.106680 0.140214 0.000000
vt -0.025000 0.140214 0.000000
vt -0.106680 0.112171 0.000000
vt -0.025000 0.112171 0.000000
vt -0.106680 0.084128 0.000000
vt -0.025000 0.084128 0.000000
vt -0.106680 0.056086 0.000000
vt -0.025000 0.056086 0.000000
vt -0.106680 0.028043 0.000000
vt -0.128689 -0.025598 0.000000
vt 0.128689 -0.025598 0.000000
vt -0.131210 0.000000 0.000000
vt 0.131210 0.000000 0.000000
vt -0.128689 0.025598 0.000000
vt 0.128689 0.025598 0.000000
vt -0.121222 0.050212 0.000000
vt 0.121222 0.050212 0.000000
vt -0.109097 0.072896 0.000000
vt 0.109097 0.072896 0.000000
vt -0.092779 0.092779 0.000000
vt 0.092779 0.092779 0.000000
vt -0.072896 0.109097 0.000000
vt 0.072896 0.109097 0.000000
vt -0.050212 0.121222 0.000000
vt 0.050212 0.121222 0.000000
vt -0.025598 0.128689 0.000000
vt 0.025598 0.128689 0.000000
vt -0.000000 0.131210 0.000000
vt 0.121222 -0.050212 0.000000
vt -0.121222 -0.050212 0.000000
vt 0.109097 -0.072896 0.000000
vt -0.109097 -0.072896 0.000000
vt 0.092779 -0.092779 0.000000
vt -0.092779 -0.092779 0.000000
vt 0.072896 -0.109097 0.000000
vt -0.072896 -0.109097 0.000000
vt 0.050212 -0.121222 0.000000
vt -0.050212 -0.121222 0.000000
vt 0.025598 -0.128689 0.000000
vt -0.025598 -0.128689 0.000000
vt 0.000000 -0.131210 0.000000
vt -0.000000 -0.026728 0.000000
vt 0.006545 -0.013364 0.000000
vt -0.000000 0.000000 0.000000
vt 0.006545 0.013364 0.000000
vt -0.000000 0.026728 0.000000
vt 0.006545 0.040092 0.000000
vt -0.000000 0.053457 0.000000
vt 0.006545 0.066821 0.000000
vt -0.000000 0.080185 0.000000
vt 0.006545 0.093549 0.000000
vt -0.000000 0.106913 0.000000
vt 0.006545 0.120277 0.000000
vt -0.000000 0.133641 0.000000
vt 0.006545 0.147005 0.000000
vt -0.000000 0.160370 0.000000
vt 0.006545 0.173734 0.000000
vt -0.000000 0.187098 0.000000
vt 0.006545 0.200462 0.000000
vt -0.000000 0.213826 0.000000
vt 0.006545 0.227190 0.000000
vt -0.000000 0.240554 0.000000
vt 0.006545 0.253918 0.000000
vt -0.000000 0.267283 0.000000
vt 0.006545 0.280647 0.000000
vt -0.000000 0.294011 0.000000
vt 0.006545 0.307375 0.000000
vt -0.000000 0.320739 0.000000
vt 0.006545 0.334103 0.000000
vt -0.000000 0.347467 0.000000
vt 0.006545 0.360831 0.000000
vt -0.000000 0.374196 0.000000
vt 0.006545 0.387560 0.000000
vt -0.000000 0.400924 0.000000
vt 0.006545 0.414288 0.000000
vt -0.000000 0.427652 0.000000
vt 0.006545 0.441016 0.000000
vt -0.000000 0.454380 0.000000
vt 0.006545 0.467744 0.000000
vt 0.000000 0.481109 0.000000
vt -0.000000 -0.454380 0.000000
vt 0.006545 -0.467744 0.000000
vt 0.006545 -0.441016 0.000000
vt -0.000000 -0.427652 0.000000
vt 0.006545 -0.414288 0.000000
vt -0.000000 -0.400924 0.000000
vt 0.006545 -0.387560 0.000000
vt -0.000000 -0.374196 0.000000
vt 0.006545 -0.360831 0.000000
vt -0.000000 -0.347467 0.000000
vt 0.006545 -0.334103 0.000000
vt -0.000000 -0.320739 0.000000
vt 0.006545 -0.307375 0.000000
vt -0.000000 -0.294011 0.000000
vt 0.006545 -0.280647 0.000000
vt -0.000000 -0.267283 0.000000
vt 0.006545 -0.253918 0.000000
vt -0.000000 -0.240554 0.000000
vt 0.006545 -0.227190 0.000000
vt -0.000000 -0.213826 0.000000
vt 0.006545 -0.200462 0.000000
vt -0.000000 -0.187098 0.000000
vt 0.006545 -0.173734 0.000000
vt -0.000000 -0.160370 0.000000
vt 0.006545 -0.147005 0.000000
vt -0.000000 -0.133641 0.000000
vt 0.006545 -0.120277 0.000000
vt -0.000000 -0.106913 0.000000
vt 0.006545 -0.093549 0.000000
vt -0.000000 -0.080185 0.000000
vt 0.006545 -0.066821 0.000000
vt -0.000000 -0.053457 0.000000
vt 0.006545 -0.040092 0.000000
vt 0.039270 0.029234 0.000000
vt 0.032725 0.013364 0.000000
vt 0.039270 0.000000 0.000000
vt 0.032725 -0.013364 0.000000
vt 0.039270 -0.029234 0.000000
vt 0.032725 -0.040092 0.000000
vt 0.039270 -0.058468 0.000000
vt 0.032725 -0.066821 0.000000
vt 0.039270 -0.087702 0.000000
vt 0.032725 -0.093549 0.000000
vt 0.039270 -0.116936 0.000000
vt 0.032725 -0.120277 0.000000
vt 0.039270 -0.146170 0.000000
vt 0.032725 -0.147005 0.000000
vt 0.032725 -0.173734 0.000000
vt 0.026180 -0.147005 0.000000
vt 0.026180 -0.173734 0.000000
vt 0.019635 -0.147005 0.000000
vt 0.019635 -0.173734 0.000000
vt 0.013090 -0.147005 0.000000
vt 0.013090 -0.173734 0.000000
vt 0.032725 0.040092 0.000000
vt 0.039270 0.058468 0.000000
vt 0.032725 0.066821 0.000000
vt 0.039270 0.087702 0.000000
vt 0.032725 0.093549 0.000000
vt 0.039270 0.116936 0.000000
vt 0.032725 0.120277 0.000000
vt 0.039270 0.146170 0.000000
vt 0.032725 0.147005 0.000000
vt 0.032725 0.173734 0.000000
vt 0.026180 0.173734 0.000000
vt 0.026180 0.200462 0.000000
vt 0.019635 0.200462 0.000000
vt 0.019635 0.227190 0.000000
vt 0.013090 0.227190 0.000000
vt 0.013090 0.253918 0.000000
vt 0.039270 0.175404 0.000000
vt 0.032725 0.200462 0.000000
vt 0.026180 0.227190 0.000000
vt 0.019635 0.253918 0.000000
vt 0.013090 0.280647 0.000000
vt 0.039270 0.204638 0.000000
vt 0.032725 0.227190 0.000000
vt 0.026180 0.253918 0.000000
vt 0.019635 0.280647 0.000000
vt 0.013090 0.307375 0.000000
vt 0.039270 0.233872 0.000000
vt 0.032725 0.253918 0.000000
vt 0.026180 0.280647 0.000000
vt 0.019635 0.307375 0.000000
vt 0.013090 0.334103 0.000000
vt 0.039270 0.263106 0.000000
vt 0.032725 0.280647 0.000000
vt 0.026180 0.307375 0.000000
vt 0.019635 0.334103 0.000000
vt 0.013090 0.360831 0.000000
vt 0.039270 0.292340 0.000000
vt 0.032725 0.307375 0.000000
vt 0.026180 0.334103 0.000000
vt 0.019635 0.360831 0.000000
vt 0.013090 0.387560 0.000000
vt 0.039270 0.321574 0.000000
vt 0.032725 0.334103 0.000000
vt 0.026180 0.360831 0.000000
vt 0.019635 0.387560 0.000000
vt 0.013090 0.414288 0.000000
vt 0.039270 0.350808 0.000000
vt 0.032725 0.360831 0.000000
vt 0.026180 0.387560 0.000000
vt 0.019635 0.414288 0.000000
vt 0.013090 0.441016 0.000000
vt 0.039270 0.380042 0.000000
vt 0.032725 0.387560 0.000000
vt 0.026180 0.414288 0.000000
vt 0.019635 0.441016 0.000000
vt 0.013090 0.467744 0.000000
vt 0.013090 -0.467744 0.000000
vt 0.039270 0.409276 0.000000
vt 0.032725 0.414288 0.000000
vt 0.026180 0.441016 0.000000
vt 0.019635 0.467744 0.000000
vt 0.019635 -0.467744 0.000000
vt 0.013090 -0.441016 0.000000
vt 0.039270 0.438510 0.000000
vt 0.032725 0.441016 0.000000
vt 0.026180 0.467744 0.000000
vt 0.026180 -0.467744 0.000000
vt 0.019635 -0.441016 0.000000
vt 0.013090 -0.414288 0.000000
vt 0.039270 0.467744 0.000000
vt 0.032725 0.467744 0.000000
vt 0.032725 -0.467744 0.000000
vt 0.026180 -0.441016 0.000000
vt 0.019635 -0.414288 0.000000
vt 0.013090 -0.387560 0.000000
vt 0.039270 -0.467744 0.000000
vt 0.032725 -0.441016 0.000000
vt 0.039270 -0.438510 0.000000
vt 0.032725 -0.414288 0.000000
vt 0.039270 -0.409276 0.000000
vt 0.032725 -0.387560 0.000000
vt 0.039270 -0.380042 0.000000
vt 0.032725 -0.360831 0.000000
vt 0.039270 -0.350808 0.000000
vt 0.032725 -0.334103 0.000000
vt 0.039270 -0.321574 0.000000
vt 0.032725 -0.307375 0.000000
vt 0.039270 -0.292340 0.000000
vt 0.032725 -0.280647 0.000000
vt 0.039270 -0.263106 0.000000
vt 0.032725 -0.253918 0.000000
vt 0.039270 -0.233872 0.000000
vt 0.032725 -0.227190 0.000000
vt 0.039270 -0.204638 0.000000
vt 0.032725 -0.200462 0.000000
vt 0.039270 -0.175404 0.000000
vt 0.013090 -0.013364 0.000000
vt 0.013090 0.013364 0.000000
vt 0.013090 0.040092 0.000000
vt 0.013090 0.066821 0.000000
vt 0.013090 0.093549 0.000000
vt 0.013090 0.120277 0.000000
vt 0.013090 0.147005 0.000000
vt 0.013090 0.173734 0.000000
vt 0.013090 0.200462 0.000000
vt 0.019635 -0.013364 0.000000
vt 0.019635 0.013364 0.000000
vt 0.019635 0.040092 0.000000
vt 0.019635 0.066821 0.000000
vt 0.019635 0.093549 0.000000
vt 0.019635 0.120277 0.000000
vt 0.019635 0.147005 0.000000
vt 0.019635 0.173734 0.000000
vt 0.013090 -0.040092 0.000000
vt 0.013090 -0.066821 0.000000
vt 0.013090 -0.093549 0.000000
vt 0.013090 -0.120277 0.000000
vt 0.026180 -0.013364 0.000000
vt 0.026180 0.013364 0.000000
vt 0.026180 0.040092 0.000000
vt 0.026180 0.066821 0.000000
vt 0.026180 0.093549 0.000000
vt 0.026180 0.120277 0.000000
vt 0.026180 0.147005 0.000000
vt 0.019635 -0.040092 0.000000
vt 0.019635 -0.066821 0.000000
vt 0.019635 -0.093549 0.000000
vt 0.019635 -0.120277 0.000000
vt 0.026180 -0.040092 0.000000
vt 0.026180 -0.066821 0.000000
vt 0.026180 -0.093549 0.000000
vt 0.026180 -0.120277 0.000000
vt 0.013090 -0.200462 0.000000
vt 0.013090 -0.227190 0.000000
vt 0.013090 -0.253918 0.000000
vt 0.013090 -0.280647 0.000000
vt 0.013090 -0.307375 0.000000
vt 0.013090 -0.334103 0.000000
vt 0.013090 -0.360831 0.000000
vt 0.019635 -0.200462 0.000000
vt 0.019635 -0.227190 0.000000
vt 0.019635 -0.253918 0.000000
vt 0.019635 -0.280647 0.000000
vt 0.019635 -0.307375 0.000000
vt 0.019635 -0.334103 0.000000
vt 0.019635 -0.360831 0.000000
vt 0.019635 -0.387560 0.000000
vt 0.026180 -0.200462 0.000000
vt 0.026180 -0.227190 0.000000
vt 0.026180 -0.253918 0.000000
vt 0.026180 -0.280647 0.000000
vt 0.026180 -0.307375 0.000000
vt 0.026180 -0.334103 0.000000
vt 0.026180 -0.360831 0.000000
vt 0.026180 -0.387560 0.000000
vt 0.026180 -0.414288 0.000000
vt -0.000000 0.026728 0.000000
vt -0.006545 0.013364 0.000000
vt -0.000000 0.000000 0.000000
vt -0.006545 -0.013364 0.000000
vt 0.000000 -0.026728 0.000000
vt -0.006545 -0.040092 0.000000
vt 0.000000 -0.053457 0.000000
vt -0.006545 -0.066821 0.000000
vt 0.000000 -0.080185 0.000000
vt -0.006545 -0.093549 0.000000
vt 0.000000 -0.106913 0.000000
vt -0.006545 -0.120277 0.000000
vt 0.000000 -0.133641 0.000000
vt -0.006545 -0.147005 0.000000
vt 0.000000 -0.160370 0.000000
vt -0.006545 -0.173734 0.000000
vt 0.000000 -0.187098 0.000000
vt -0.006545 -0.200462 0.000000
vt 0.000000 -0.213826 0.000000
vt -0.006545 -0.227190 0.000000
vt -0.000000 -0.240554 0.000000
vt -0.006545 -0.253918 0.000000
vt -0.000000 -0.267283 0.000000
vt -0.006545 -0.280647 0.000000
vt -0.000000 -0.294011 0.000000
vt -0.006545 -0.307375 0.000000
vt -0.000000 -0.320739 0.000000
vt -0.006545 -0.334103 0.000000
vt -0.000000 -0.347467 0.000000
vt -0.006545 -0.360831 0.000000
vt -0.000000 -0.374196 0.000000
vt -0.006545 -0.387560 0.000000
vt -0.000000 -0.400924 0.000000
vt -0.006545 -0.414288 0.000000
vt -0.000000 -0.427652 0.000000
vt -0.006545 -0.441016 0.000000
vt -0.000000 -0.454380 0.000000
vt -0.006545 -0.467744 0.000000
vt 0.000000 -0.481109 0.000000
vt -0.000000 0.454380 0.000000
vt -0.006545 0.467744 0.000000
vt -0.006545 0.441016 0.000000
vt -0.000000 0.427652 0.000000
vt -0.006545 0.414288 0.000000
vt -0.000000 0.400924 0.000000
vt -0.006545 0.387560 0.000000
vt -0.000000 0.374196 0.000000
vt -0.006545 0.360831 0.000000
vt -0.000000 0.347467 0.000000
vt -0.006545 0.334103 0.000000
vt -0.000000 0.320739 0.000000
vt -0.006545 0.307375 0.000000
vt -0.000000 0.294011 0.000000
vt -0.006545 0.280647 0.000000
vt -0.000000 0.267283 0.000000
vt -0.006545 0.253918 0.000000
vt -0.000000 0.240554 0.000000
vt -0.006545 0.227190 0.000000
vt -0.000000 0.213826 0.000000
vt -0.006545 0.200462 0.000000
vt -0.000000 0.187098 0.000000
vt -0.006545 0.173734 0.000000
vt -0.000000 0.160370 0.000000
vt -0.006545 0.147005 0.000000
vt -0.000000 0.133641 0.000000
vt -0.006545 0.120277 0.000000
vt -0.000000 0.106913 0.000000
vt -0.006545 0.093549 0.000000
vt -0.000000 0.080185 0.000000
vt -0.006545 0.066821 0.000000
vt -0.000000 0.053457 0.000000
vt -0.006545 0.040092 0.000000
vt -0.039270 -0.029234 0.000000
vt -0.032725 -0.013364 0.000000
vt -0.039270 0.000000 0.000000
vt -0.032725 0.013364 0.000000
vt -0.039270 0.029234 0.000000
vt -0.032725 0.040092 0.000000
vt -0.039270 0.058468 0.000000
vt -0.032725 0.066821 0.000000
vt -0.039270 0.087702 0.000000
vt -0.032725 0.093549 0.000000
vt -0.039270 0.116936 0.000000
vt -0.032725 0.120277 0.000000
vt -0.039270 0.146170 0.000000
vt -0.032725 0.147005 0.000000
vt -0.032725 0.173734 0.000000
vt -0.026180 0.147005 0.000000
vt -0.026180 0.173734 0.000000
vt -0.019635 0.147005 0.000000
vt -0.019635 0.173734 0.000000
vt -0.013090 0.147005 0.000000
vt -0.013090 0.173734 0.000000
vt -0.032725 -0.040092 0.000000
vt -0.039270 -0.058468 0.000000
vt -0.032725 -0.066821 0.000000
vt -0.039270 -0.087702 0.000000
vt -0.032725 -0.093549 0.000000
vt -0.039270 -0.116936 0.000000
vt -0.032725 -0.120277 0.000000
vt -0.039270 -0.146170 0.000000
vt -0.032725 -0.147005 0.000000
vt -0.032725 -0.173734 0.000000
vt -0.026180 -0.173734 0.000000
vt -0.026180 -0.200462 0.000000
vt -0.019635 -0.200462 0.000000
vt -0.019635 -0.227190 0.000000
vt -0.013090 -0.227190 0.000000
vt -0.013090 -0.253918 0.000000
vt -0.039270 -0.175404 0.000000
vt -0.032725 -0.200462 0.000000
vt -0.026180 -0.227190 0.000000
vt -0.019635 -0.253918 0.000000
vt -0.013090 -0.280647 0.000000
vt -0.039270 -0.204638 0.000000
vt -0.032725 -0.227190 0.000000
vt -0.026180 -0.253918 0.000000
vt -0.019635 -0.280647 0.000000
vt -0.013090 -0.307375 0.000000
vt -0.039270 -0.233872 0.000000
vt -0.032725 -0.253918 0.000000
vt -0.026180 -0.280647 0.000000
vt -0.019635 -0.307375 0.000000
vt -0.013090 -0.334103 0.000000
vt -0.039270 -0.263106 0.000000
vt -0.032725 -0.280647 0.000000
vt -0.026180 -0.307375 0.000000
vt -0.019635 -0.334103 0.000000
vt -0.013090 -0.360831 0.000000
vt -0.039270 -0.292340 0.000000
vt -0.032725 -0.307375 0.000000
vt -0.026180 -0.334103 0.000000
vt -0.019635 -0.360831 0.000000
vt -0.013090 -0.387560 0.000000
vt -0.039270 -0.321574 0.000000
vt -0.032725 -0.334103 0.000000
vt -0.026180 -0.360831 0.000000
vt -0.019635 -0.387560 0.000000
vt -0.013090 -0.414288 0.000000
vt -0.039270 -0.350808 0.000000
vt -0.032725 -0.360831 0.000000
vt -0.026180 -0.387560 0.000000
vt -0.019635 -0.414288 0.000000
vt -0.013090 -0.441016 0.000000
vt -0.039270 -0.380042 0.000000
vt -0.032725 -0.387560 0.000000
vt -0.026180 -0.414288 0.000000
vt -0.019635 -0.441016 0.000000
vt -0.013090 -0.467744 0.000000
vt -0.013090 0.467744 0.000000
vt -0.039270 -0.409276 0.000000
vt -0.032725 -0.414288 0.000000
vt -0.026180 -0.441016 0.000000
vt -0.019635 -0.467744 0.000000
vt -0.019635 0.467744 0.000000
vt -0.013090 0.441016 0.000000
vt -0.039270 -0.438510 0.000000
vt -0.032725 -0.441016 0.000000
vt -0.026180 -0.467744 0.000000
vt -0.026180 0.467744 0.000000
vt -0.019635 0.441016 0.000000
vt -0.013090 0.414288 0.000000
vt -0.039270 -0.467744 0.000000
vt -0.032725 -0.467744 0.000000
vt -0.032725 0.467744 0.000000
vt -0.026180 0.441016 0.000000
vt -0.019635 0.414288 0.000000
vt -0.013090 0.387560 0.000000
vt -0.039270 0.467744 0.000000
vt -0.032725 0.441016 0.000000
vt -0.039270 0.438510 0.000000
vt -0.032725 0.414288 0.000000
vt -0.039270 0.409276 0.000000
vt -0.032725 0.387560 0.000000
vt -0.039270 0.380042 0.000000
vt -0.032725 0.360831 0.000000
vt -0.039270 0.350808 0.000000
vt -0.032725 0.334103 0.000000
vt -0.039270 0.321574 0.000000
vt -0.032725 0.307375 0.000000
vt -0.039270 0.292340 0.000000
vt -0.032725 0.280647 0.000000
vt -0.039270 0.263106 0.000000
vt -0.032725 0.253918 0.000000
vt -0.039270 0.233872 0.000000
vt -0.032725 0.227190 0.000000
vt -0.039270 0.204638 0.000000
vt -0.032725 0.200462 0.000000
vt -0.039270 0.175404 0.000000
vt -0.013090 0.013364 0.000000
vt -0.013090 -0.013364 0.000000
vt -0.013090 -0.040092 0.000000
vt -0.013090 -0.066821 0.000000
vt -0.013090 -0.093549 0.000000
vt -0.013090 -0.120277 0.000000
vt -0.013090 -0.147005 0.000000
vt -0.013090 -0.173734 0.000000
vt -0.013090 -0.200462 0.000000
vt -0.019635 0.013364 0.000000
vt -0.019635 -0.013364 0.000000
vt -0.019635 -0.040092 0.000000
vt -0.019635 -0.066821 0.000000
vt -0.019635 -0.093549 0.000000
vt -0.019635 -0.120277 0.000000
vt -0.019635 -0.147005 0.000000
vt -0.019635 -0.173734 0.000000
vt -0.013090 0.040092 0.000000
vt -0.013090 0.066821 0.000000
vt -0.013090 0.093549 0.000000
vt -0.013090 0.120277 0.000000
vt -0.026180 0.013364 0.000000
vt -0.026180 -0.013364 0.000000
vt -0.026180 -0.040092 0.000000
vt -0.026180 -0.066821 0.000000
vt -0.026180 -0.093549 0.000000
vt -0.026180 -0.120277 0.000000
vt -0.026180 -0.147005 0.000000
vt -0.019635 0.040092 0.000000
vt -0.019635 0.066821 0.000000
vt -0.019635 0.093549 0.000000
vt -0.019635 0.120277 0.000000
vt -0.026180 0.040092 0.000000
vt -0.026180 0.066821 0.000000
vt -0.026180 0.093549 0.000000
vt -0.026180 0.120277 0.000000
vt -0.013090 0.200462 0.000000
vt -0.013090 0.227190 0.000000
vt -0.013090 0.253918 0.000000
vt -0.013090 0.280647 0.000000
vt -0.013090 0.307375 0.000000
vt -0.013090 0.334103 0.000000
vt -0.013090 0.360831 0.000000
vt -0.019635 0.200462 0.000000
vt -0.019635 0.227190 0.000000
vt -0.019635 0.253918 0.000000
vt -0.019635 0.280647 0.000000
vt -0.019635 0.307375 0.000000
vt -0.019635 0.334103 0.000000
vt -0.019635 0.360831 0.000000
vt -0.019635 0.387560 0.000000
vt -0.026180 0.200462 0.000000
vt -0.026180 0.227190 0.000000
vt -0.026180 0.253918 0.000000
vt -0.026180 0.280647 0.000000
vt -0.026180 0.307375 0.000000
vt -0.026180 0.334103 0.000000
vt -0.026180 0.360831 0.000000
vt -0.026180 0.387560 0.000000
vt -0.026180 0.414288 0.000000
vn -0.000000 0.100000 -0.000000
vn -0.000000 0.100000 -0.000000
vn -0.000000 0.100000 -0.000000
vn -0.000000 0.100000 -0.000000
vn -0.000000 0.100000 -0.000000
vn -0.000000 0.100000 -0.000000
vn -0.000000 0.100000 -0.000000
vn -0.000000 0.100000 -0.000000
vn -0.000000 0.100000 -0.000000
vn -0.000000 0.100000 -0.000000
vn -0.000000 0.100000 -0.000000
vn -0.000000 0.100000 -0.000000
vn -0.000000 0.100000 -0.000000
vn -0.000000 0.100000 -0.000000
vn -0.000000 0.100000 -0.000000
vn -0.000000 0.100000 -0.000000
vn -0.000000 0.100000 -0.000000
vn -0.000000 0.100000 -0.000000
vn -0.000000 0.100000 -0.000000
vn -0.000000 0.100000 -0.000000
vn -0.000000 0.100000 -0.000000
vn -0.000000 0.100000 -0.000000
vn -0.000000 0.100000 -0.000000
vn -0.000000 0.100000 -0.000000
vn -0.000000 0.100000 -0.000000
vn -0.000000 0.100000 -0.000000
vn -0.000000 0.100000 -0.000000
vn -0.000000 0.100000 -0.000000
vn -0.000000 0.100000 -0.000000
vn -0.000000 0.100000 -0.000000
vn -0.000000 0.100000 -0.000000
vn -0.000000 0.100000 -0.000000
vn -0.000000 0.100000 -0.000000
vn -0.000000 0.100000 -0.000000
vn -0.000000 0.100000 -0.000000
vn -0.000000 0.100000 -0.000000
vn -0.000000 0.100000 -0.000000
vn -0.000000 0.100000 -0.000000
vn -0.000000 0.100000 -0.000000
vn -0.000000 0.100000 -0.000000
vn -0.000000 0.100000 -0.000000
vn -0.000000 0.100000 -0.000000
vn -0.000000 0.100000 -0.000000
vn -0.000000 0.100000 -0.000000
vn -0.000000 0.100000 -0.000000
vn -0.000000 0.100000 -0.000000
vn -0.000000 0.100000 -0.000000
vn -0.000000 0.100000 -0.000000
vn -0.000000 0.100000 -0.000000
vn -0.000000 0.100000 -0.000000
vn -0.000000 0.100000 -0.000000
vn -0.000000 0.100000 -0.000000
vn -0.000000 0.100000 -0.000000
vn -0.000000 0.100000 -0.000000
vn -0.000000 0.100000 -0.000000
vn -0.000000 0.100000 -0.000000
vn -0.000000 0.100000 -0.000000
vn 0.000000 0.100000 0.000000
vn 0.000000 0.100000 0.000000
vn 0.000000 0.100000 0.000000
vn 0.000000 0.100000 0.000000
vn 0.000000 0.100000 0.000000
vn 0.000000 0.100000 0.000000
vn 0.000000 0.100000 0.000000
vn 0.000000 0.100000 0.000000
vn 0.000000 0.100000 0.000000
vn 0.000000 0.100000 0.000000
vn 0.000000 0.100000 0.000000
vn 0.000000 0.100000 0.000000
vn 0.000000 0.100000 0.000000
vn 0.000000 0.100000 0.000000
vn 0.000000 0.100000 0.000000
vn 0.000000 0.100000 0.000000
vn 0.000000 0.100000 0.000000
vn 0.000000 0.100000 0.000000
vn 0.000000 0.100000 0.000000
vn 0.000000 0.100000 0.000000
vn 0.000000 0.100000 0.000000
vn 0.000000 0.100000 0.000000
vn 0.000000 0.100000 0.000000
vn 0.000000 0.100000 0.000000
vn 0.000000 0.100000 0.000000
vn 0.000000 0.100000 0.000000
vn 0.000000 0.100000 0.000000
vn 0.000000 0.100000 0.000000
vn 0.000000 0.100000 0.000000
vn 0.000000 0.100000 0.000000
vn 0.000000 0.100000 0.000000
vn 0.000000 0.100000 0.000000
vn 0.000000 0.100000 0.000000
vn 0.000000 0.100000 0.000000
vn 0.000000 0.100000 0.000000
vn 0.000000 0.100000 0.000000
vn 0.000000 0.100000 0.000000
vn 0.000000 0.100000 0.000000
vn 0.000000 0.100000 0.000000
vn 0.000000 0.100000 0.000000
vn 0.000000 0.100000 0.000000
vn 0.000000 0.100000 0.000000
vn 0.000000 0.100000 0.000000
vn 0.000000 0.100000 0.000000
vn 0.000000 0.100000 0.000000
vn 0.000000 0.100000 0.000000
vn 0.000000 0.100000 0.000000
vn 0.000000 0.100000 0.000000
vn 0.000000 0.100000 0.000000
vn 0.000000 0.100000 0.000000
vn 0.000000 0.100000 0.000000
vn 0.000000 0.100000 0.000000
vn 0.000000 0.100000 0.000000
vn 0.000000 0.100000 0.000000
vn 0.000000 0.100000 0.000000
vn 0.000000 0.100000 0.000000
vn 0.000000 0.100000 0.000000
vn 0.000000 0.100000 0.000000
vn 0.000000 0.100000 0.000000
vn 0.000000 0.100000 0.000000
vn 0.000000 0.100000 0.000000
vn 0.000000 0.100000 0.000000
vn 0.000000 0.100000 0.000000
vn 0.000000 0.100000 0.000000
vn 0.000000 0.100000 0.000000
vn 0.000000 0.100000 0.000000
vn 0.000000 0.100000 0.000000
vn 0.000000 0.100000 0.000000
vn 0.000000 0.100000 0.000000
vn 0.000000 0.100000 0.000000
vn 0.000000 0.100000 0.000000
vn 0.000000 0.100000 0.000000
vn 0.000000 0.100000 0.000000
vn 0.000000 0.100000 0.000000
vn 0.000000 0.100000 0.000000
vn 0.000000 0.100000 0.000000
vn 0.000000 0.100000 0.000000
vn 0.000000 0.100000 0.000000
vn 0.000000 0.100000 0.000000
vn 0.000000 0.100000 0.000000
vn 0.000000 0.100000 0.000000
vn 0.000000 0.100000 0.000000
vn 0.000000 0.100000 0.000000
vn 0.000000 0.100000 0.000000
vn 0.000000 0.100000 0.000000
vn 0.000000 0.100000 0.000000
vn 0.000000 0.100000 0.000000
vn 0.000000 0.100000 0.000000
vn 0.000000 0.100000 0.000000
vn 0.000000 0.100000 0.000000
vn 0.000000 0.100000 0.000000
vn 0.000000 0.100000 0.000000
vn 0.000000 0.100000 0.000000
vn 0.000000 0.100000 0.000000
vn 0.000000 0.100000 0.000000
vn 0.000000 0.100000 0.000000
vn 0.000000 0.100000 0.000000
vn 0.000000 0.100000 0.000000
vn 0.000000 0.100000 0.000000
vn 0.000000 0.100000 0.000000
vn 0.000000 0.100000 0.000000
vn 0.000000 0.100000 0.000000
vn 0.000000 0.100000 0.000000
vn 0.000000 0.100000 0.000000
vn 0.000000 0.100000 0.000000
vn 0.000000 0.100000 0.000000
vn 0.000000 0.100000 0.000000
vn 0.000000 0.100000 0.000000
vn 0.000000 0.100000 0.000000
vn 0.000000 0.100000 0.000000
vn 0.000000 0.100000 0.000000
vn 0.000000 0.100000 0.000000
vn 0.000000 0.100000 0.000000
vn 0.000000 0.100000 0.000000
vn 0.000000 0.100000 0.000000
vn 0.000000 0.100000 0.000000
vn 0.000000 0.100000 0.000000
vn 0.000000 0.100000 0.000000
vn 0.000000 0.100000 0.000000
vn 0.000000 0.100000 0.000000
vn 0.000000 0.100000 0.000000
vn 0.000000 0.100000 0.000000
vn 0.000000 0.100000 0.000000
vn 0.000000 0.100000 0.000000
vn 0.000000 0.100000 0.000000
vn 0.000000 0.100000 0.000000
vn 0.000000 0.100000 0.000000
vn 0.000000 0.100000 0.000000
vn 0.000000 0.100000 0.000000
vn 0.000000 0.100000 0.000000
vn 0.000000 0.100000 0.000000
vn 0.000000 0.100000 0.000000
vn 0.000000 0.100000 0.000000
vn 0.000000 0.100000 0.000000
vn 0.000000 0.100000 0.000000
vn 0.000000 0.100000 0.000000
vn 0.000000 0.100000 0.000000
vn 0.000000 0.100000 0.000000
vn 0.000000 0.100000 0.000000
vn 0.000000 0.100000 0.000000
vn 0.000000 0.100000 0.000000
vn 0.000000 0.100000 0.000000
vn 0.000000 0.100000 0.000000
vn 0.000000 0.100000 0.000000
vn 0.000000 0.100000 0.000000
vn 0.000000 0.100000 0.000000
vn 0.000000 0.100000 0.000000
vn 0.000000 0.100000 0.000000
vn 0.000000 0.100000 0.000000
vn 0.000000 0.100000 0.000000
vn 0.000000 0.100000 0.000000
vn 0.000000 0.100000 0.000000
vn 0.000000 0.100000 0.000000
vn 0.000000 0.100000 0.000000
vn 0.000000 0.100000 0.000000
vn 0.000000 0.100000 0.000000
vn 0.000000 0.100000 0.000000
vn 0.000000 0.100000 0.000000
vn 0.000000 0.100000 0.000000
vn 0.000000 0.100000 0.000000
vn 0.000000 0.100000 0.000000
vn 0.000000 0.100000 0.000000
vn 0.000000 0.100000 0.000000
vn 0.000000 0.100000 0.000000
vn 0.000000 0.100000 0.000000
vn 0.000000 0.100000 0.000000
vn 0.000000 0.100000 0.000000
vn 0.000000 0.100000 0.000000
vn 0.000000 0.100000 0.000000
vn 0.000000 0.100000 0.000000
vn -0.100000 0.000000 0.000000
vn -0.100000 0.000000 0.000000
vn -0.100000 0.000000 0.000000
vn -0.100000 0.000000 0.000000
vn 0.000000 0.000000 0.100000
vn 0.000000 0.000000 0.100000
vn 0.000000 0.000000 0.100000
vn 0.000000 0.000000 0.100000
vn 0.100000 0.000000 -0.000000
vn 0.100000 0.000000 -0.000000
vn 0.100000 0.000000 -0.000000
vn 0.100000 0.000000 -0.000000
vn 0.000000 0.000000 -0.100000
vn 0.000000 0.000000 -0.100000
vn 0.000000 0.000000 -0.100000
vn 0.000000 0.000000 -0.100000
vn 0.000000 -0.100000 0.000000
vn 0.000000 -0.100000 0.000000
vn 0.000000 -0.100000 0.000000
vn 0.000000 -0.100000 0.000000
vn 0.000000 -0.100000 0.000000
vn 0.000000 -0.100000 0.000000
vn 0.000000 -0.100000 0.000000
vn 0.000000 -0.100000 0.000000
vn 0.000000 -0.100000 0.000000
vn 0.000000 -0.100000 0.000000
vn 0.000000 -0.100000 0.000000
vn 0.000000 -0.100000 0.000000
vn 0.000000 -0.100000 0.000000
vn 0.000000 -0.100000 0.000000
vn 0.000000 -0.100000 0.000000
vn 0.000000 -0.100000 0.000000
vn 0.000000 -0.100000 0.000000
vn 0.000000 -0.100000 0.000000
vn 0.000000 -0.100000 0.000000
vn 0.000000 -0.100000 0.000000
vn 0.000000 -0.100000 0.000000
vn 0.000000 -0.100000 0.000000
vn 0.000000 -0.100000 0.000000
vn 0.000000 -0.100000 0.000000
vn 0.000000 -0.100000 0.000000
vn 0.000000 -0.100000 0.000000
vn 0.000000 -0.100000 0.000000
vn 0.000000 -0.100000 0.000000
vn 0.000000 -0.100000 0.000000
vn 0.000000 -0.100000 0.000000
vn 0.000000 -0.100000 0.000000
vn 0.000000 -0.100000 0.000000
vn 0.000000 -0.100000 0.000000
vn 0.000000 -0.100000 0.000000
vn 0.000000 -0.100000 0.000000
vn 0.000000 -0.100000 0.000000
vn 0.000000 -0.100000 0.000000
vn 0.000000 -0.100000 0.000000
vn 0.000000 -0.100000 0.000000
vn 0.000000 -0.100000 0.000000
vn 0.000000 -0.100000 0.000000
vn 0.000000 -0.100000 0.000000
vn 0.000000 -0.100000 0.000000
vn 0.000000 -0.100000 0.000000
vn 0.000000 -0.100000 0.000000
vn 0.000000 -0.100000 0.000000
vn 0.000000 -0.100000 0.000000
vn 0.000000 -0.100000 0.000000
vn 0.000000 -0.100000 0.000000
vn 0.000000 -0.100000 0.000000
vn 0.000000 -0.100000 0.000000
vn 0.000000 -0.100000 0.000000
vn 0.000000 -0.100000 0.000000
vn 0.000000 -0.100000 0.000000
vn 0.000000 -0.100000 0.000000
vn 0.000000 -0.100000 0.000000
vn 0.000000 -0.100000 0.000000
vn 0.000000 -0.100000 0.000000
vn 0.000000 -0.100000 0.000000
vn 0.000000 -0.100000 0.000000
vn 0.000000 -0.100000 0.000000
vn 0.000000 -0.100000 0.000000
vn 0.000000 -0.100000 0.000000
vn 0.000000 -0.100000 0.000000
vn 0.000000 -0.100000 0.000000
vn 0.000000 -0.100000 0.000000
vn 0.000000 -0.100000 0.000000
vn 0.000000 -0.100000 0.000000
vn 0.000000 -0.100000 0.000000
vn 0.000000 -0.100000 0.000000
vn 0.000000 -0.100000 0.000000
vn 0.000000 -0.100000 0.000000
vn 0.000000 -0.100000 0.000000
vn 0.000000 -0.100000 0.000000
vn 0.000000 -0.100000 0.000000
vn 0.000000 -0.100000 0.000000
vn 0.000000 -0.100000 0.000000
vn 0.000000 -0.100000 0.000000
vn 0.000000 -0.100000 0.000000
vn 0.000000 -0.100000 0.000000
vn 0.000000 -0.100000 0.000000
vn 0.000000 -0.100000 0.000000
vn 0.000000 -0.100000 0.000000
vn 0.000000 -0.100000 0.000000
vn 0.000000 -0.100000 0.000000
vn 0.000000 -0.100000 0.000000
vn 0.000000 -0.100000 0.000000
vn 0.000000 -0.100000 0.000000
vn 0.000000 -0.100000 0.000000
vn 0.000000 -0.100000 0.000000
vn 0.000000 -0.100000 0.000000
vn 0.000000 -0.100000 0.000000
vn 0.000000 -0.100000 0.000000
vn 0.000000 -0.100000 0.000000
vn 0.000000 -0.100000 0.000000
vn 0.000000 -0.100000 0.000000
vn 0.000000 -0.100000 0.000000
vn 0.000000 -0.100000 0.000000
vn 0.000000 -0.100000 0.000000
vn 0.000000 -0.100000 0.000000
vn 0.000000 -0.100000 0.000000
vn 0.000000 -0.100000 0.000000
vn 0.000000 -0.100000 0.000000
vn 0.000000 -0.100000 0.000000
vn 0.000000 -0.100000 0.000000
vn 0.000000 -0.100000 0.000000
vn 0.000000 -0.100000 0.000000
vn 0.000000 -0.100000 0.000000
vn 0.000000 -0.100000 0.000000
vn 0.000000 -0.100000 0.000000
vn 0.000000 -0.100000 0.000000
vn 0.000000 -0.100000 0.000000
vn 0.000000 -0.100000 0.000000
vn 0.000000 -0.100000 0.000000
vn 0.000000 -0.100000 0.000000
vn 0.000000 -0.100000 0.000000
vn 0.000000 -0.100000 0.000000
vn 0.000000 -0.100000 0.000000
vn 0.000000 -0.100000 0.000000
vn 0.000000 -0.100000 0.000000
vn 0.000000 -0.100000 0.000000
vn 0.000000 -0.100000 0.000000
vn 0.000000 -0.100000 0.000000
vn 0.000000 -0.100000 0.000000
vn 0.000000 -0.100000 0.000000
vn 0.000000 -0.100000 0.000000
vn 0.000000 -0.100000 0.000000
vn 0.000000 -0.100000 0.000000
vn 0.000000 -0.100000 0.000000
vn 0.000000 -0.100000 0.000000
vn 0.000000 -0.100000 0.000000
vn 0.000000 -0.100000 0.000000
vn 0.000000 -0.100000 0.000000
vn 0.000000 -0.100000 0.000000
vn 0.000000 -0.100000 0.000000
vn 0.000000 -0.100000 0.000000
vn 0.000000 -0.100000 0.000000
vn 0.000000 -0.100000 0.000000
vn 0.000000 -0.100000 0.000000
vn 0.000000 -0.100000 0.000000
vn 0.000000 -0.100000 0.000000
vn 0.000000 -0.100000 0.000000
vn 0.000000 -0.100000 0.000000
vn 0.000000 -0.100000 0.000000
vn 0.000000 -0.100000 0.000000
vn 0.000000 -0.100000 0.000000
vn 0.000000 -0.100000 0.000000
vn 0.000000 -0.100000 0.000000
vn 0.000000 -0.100000 0.000000
vn 0.000000 -0.100000 0.000000
vn 0.000000 -0.100000 0.000000
vn 0.000000 -0.100000 0.000000
vn 0.000000 -0.100000 0.000000
vn 0.000000 -0.100000 0.000000
vn 0.000000 -0.100000 0.000000
vn 0.000000 -0.100000 0.000000
vn 0.000000 -0.100000 0.000000
vn 0.000000 -0.100000 0.000000
vn 0.000000 -0.100000 0.000000
vn 0.000000 -0.100000 0.000000
vn 0.000000 -0.100000 0.000000
vn 0.000000 -0.100000 0.000000
vn 0.000000 -0.100000 0.000000
vn 0.000000 -0.100000 0.000000
vn 0.000000 -0.100000 0.000000
vn 0.000000 -0.100000 0.000000
vn 0.000000 -0.100000 0.000000
vn 0.000000 -0.100000 0.000000
vn 0.000000 -0.100000 0.000000
vn 0.000000 -0.100000 0.000000
vn 0.000000 -0.100000 0.000000
vn 0.000000 -0.100000 0.000000
vn 0.000000 -0.100000 0.000000
vn 0.000000 -0.100000 0.000000
vn 0.000000 -0.100000 0.000000
vn 0.000000 -0.100000 0.000000
vn 0.000000 -0.100000 0.000000
vn 0.000000 -0.100000 0.000000
vn 0.000000 -0.100000 0.000000
vn 0.000000 -0.100000 0.000000
vn 0.000000 -0.100000 0.000000
vn 0.000000 -0.100000 0.000000
vn 0.000000 -0.100000 0.000000
vn 0.000000 -0.100000 0.000000
vn 0.000000 -0.100000 0.000000
vn 0.000000 -0.100000 0.000000
vn -0.022252 0.000000 -0.097493
vn -0.022252 0.000000 -0.097493
vn 0.000000 0.000000 -0.100000
vn 0.000000 0.000000 -0.100000
vn 0.022252 0.000000 -0.097493
vn 0.022252 0.000000 -0.097493
vn 0.043388 0.000000 -0.090097
vn 0.043388 0.000000 -0.090097
vn 0.062349 0.000000 -0.078183
vn 0.062349 0.000000 -0.078183
vn 0.078183 0.000000 -0.062349
vn 0.078183 0.000000 -0.062349
vn 0.090097 0.000000 -0.043388
vn 0.090097 0.000000 -0.043388
vn 0.097493 0.000000 -0.022252
vn 0.097493 0.000000 -0.022252
vn 0.100000 0.000000 -0.000000
vn 0.100000 0.000000 -0.000000
vn 0.097493 -0.000000 0.022252
vn 0.097493 -0.000000 0.022252
vn 0.090097 -0.000000 0.043388
vn 0.090097 -0.000000 0.043388
vn 0.078183 -0.000000 0.062349
vn 0.078183 -0.000000 0.062349
vn 0.062349 -0.000000 0.078183
vn 0.062349 -0.000000 0.078183
vn 0.043388 -0.000000 0.090097
vn 0.043388 -0.000000 0.090097
vn 0.022252 -0.000000 0.097493
vn 0.022252 -0.000000 0.097493
vn 0.000000 -0.000000 0.100000
vn 0.000000 -0.000000 0.100000
vn -0.022252 0.000000 0.097493
vn -0.022252 0.000000 0.097493
vn -0.043388 0.000000 0.090097
vn -0.043388 0.000000 0.090097
vn -0.062349 0.000000 0.078183
vn -0.062349 0.000000 0.078183
vn -0.078183 0.000000 0.062349
vn -0.078183 0.000000 0.062349
vn -0.090097 0.000000 0.043388
vn -0.090097 0.000000 0.043388
vn -0.097493 0.000000 0.022252
vn -0.097493 0.000000 0.022252
vn -0.100000 0.000000 -0.000000
vn -0.100000 0.000000 -0.000000
vn -0.097493 0.000000 -0.022252
vn -0.097493 0.000000 -0.022252
vn -0.090097 0.000000 -0.043388
vn -0.090097 0.000000 -0.043388
vn -0.078183 0.000000 -0.062349
vn -0.078183 0.000000 -0.062349
vn -0.062349 0.000000 -0.078183
vn -0.062349 0.000000 -0.078183
vn -0.043388 0.000000 -0.090097
vn -0.043388 0.000000 -0.090097
vn -0.022252 0.000000 -0.097493
vn -0.022252 0.000000 -0.097493
vn 0.000000 0.000000 -0.100000
vn 0.000000 0.000000 -0.100000
vn 0.022252 0.000000 -0.097493
vn 0.022252 0.000000 -0.097493
vn 0.043388 0.000000 -0.090097
vn 0.043388 0.000000 -0.090097
vn 0.062349 0.000000 -0.078183
vn 0.062349 0.000000 -0.078183
vn 0.078183 0.000000 -0.062349
vn 0.078183 0.000000 -0.062349
vn 0.090097 0.000000 -0.043388
vn 0.090097 0.000000 -0.043388
vn 0.097493 0.000000 -0.022252
vn 0.097493 0.000000 -0.022252
vn 0.100000 0.000000 -0.000000
vn 0.100000 0.000000 -0.000000
vn 0.097493 -0.000000 0.022252
vn 0.097493 -0.000000 0.022252
vn 0.090097 -0.000000 0.043388
vn 0.090097 -0.000000 0.043388
vn 0.078183 -0.000000 0.062349
vn 0.078183 -0.000000 0.062349
vn 0.062349 -0.000000 0.078183
vn 0.062349 -0.000000 0.078183
vn 0.043388 -0.000000 0.090097
vn 0.043388 -0.000000 0.090097
vn 0.022252 -0.000000 0.097493
vn 0.022252 -0.000000 0.097493
vn 0.000000 -0.000000 0.100000
vn 0.000000 -0.000000 0.100000
vn -0.022252 0.000000 0.097493
vn -0.022252 0.000000 0.097493
vn -0.043388 0.000000 0.090097
vn -0.043388 0.000000 0.090097
vn -0.062349 0.000000 0.078183
vn -0.062349 0.000000 0.078183
vn -0.078183 0.000000 0.062349
vn -0.078183 0.000000 0.062349
vn -0.090097 0.000000 0.043388
vn -0.090097 0.000000 0.043388
vn -0.097493 0.000000 0.022252
vn -0.097493 0.000000 0.022252
vn -0.100000 0.000000 -0.000000
vn -0.100000 0.000000 -0.000000
vn -0.097493 0.000000 -0.022252
vn -0.097493 0.000000 -0.022252
vn -0.090097 0.000000 -0.043388
vn -0.090097 0.000000 -0.043388
vn -0.078183 0.000000 -0.062349
vn -0.078183 0.000000 -0.062349
vn -0.062349 0.000000 -0.078183
vn -0.062349 0.000000 -0.078183
vn -0.043388 0.000000 -0.090097
vn -0.043388 0.000000 -0.090097
vn 0.022252 -0.000000 0.097493
vn 0.022252 -0.000000 0.097493
vn 0.000000 -0.000000 0.100000
vn 0.000000 -0.000000 0.100000
vn -0.022252 0.000000 0.097493
vn -0.022252 0.000000 0.097493
vn -0.043388 0.000000 0.090097
vn -0.043388 0.000000 0.090097
vn -0.062349 0.000000 0.078183
vn -0.062349 0.000000 0.078183
vn -0.078183 0.000000 0.062349
vn -0.078183 0.000000 0.062349
vn -0.090097 0.000000 0.043388
vn -0.090097 0.000000 0.043388
vn -0.097493 0.000000 0.022252
vn -0.097493 0.000000 0.022252
vn -0.100000 0.000000 -0.000000
vn -0.100000 0.000000 -0.000000
vn -0.097493 0.000000 -0.022252
vn -0.097493 0.000000 -0.022252
vn -0.090097 0.000000 -0.043388
vn -0.090097 0.000000 -0.043388
vn -0.078183 0.000000 -0.062349
vn -0.078183 0.000000 -0.062349
vn -0.062349 0.000000 -0.078183
vn -0.062349 0.000000 -0.078183
vn -0.043388 0.000000 -0.090097
vn -0.043388 0.000000 -0.090097
vn -0.022252 0.000000 -0.097493
vn -0.022252 0.000000 -0.097493
vn 0.000000 0.000000 -0.100000
vn 0.000000 0.000000 -0.100000
vn 0.022252 0.000000 -0.097493
vn 0.022252 0.000000 -0.097493
vn 0.043388 0.000000 -0.090097
vn 0.043388 0.000000 -0.090097
vn 0.062349 0.000000 -0.078183
vn 0.062349 0.000000 -0.078183
vn 0.078183 0.000000 -0.062349
vn 0.078183 0.000000 -0.062349
vn 0.090097 0.000000 -0.043388
vn 0.090097 0.000000 -0.043388
vn 0.097493 0.000000 -0.022252
vn 0.097493 0.000000 -0.022252
vn 0.100000 0.000000 -0.000000
vn 0.100000 0.000000 -0.000000
vn 0.097493 -0.000000 0.022252
vn 0.097493 -0.000000 0.022252
vn 0.090097 -0.000000 0.043388
vn 0.090097 -0.000000 0.043388
vn 0.078183 -0.000000 0.062349
vn 0.078183 -0.000000 0.062349
vn 0.062349 -0.000000 0.078183
vn 0.062349 -0.000000 0.078183
vn 0.043388 -0.000000 0.090097
vn 0.043388 -0.000000 0.090097
vn 0.022252 -0.000000 0.097493
vn 0.022252 -0.000000 0.097493
vn 0.000000 -0.000000 0.100000
vn 0.000000 -0.000000 0.100000
vn -0.022252 0.000000 0.097493
vn -0.022252 0.000000 0.097493
vn -0.043388 0.000000 0.090097
vn -0.043388 0.000000 0.090097
vn -0.062349 0.000000 0.078183
vn -0.062349 0.000000 0.078183
vn -0.078183 0.000000 0.062349
vn -0.078183 0.000000 0.062349
vn -0.090097 0.000000 0.043388
vn -0.090097 0.000000 0.043388
vn -0.097493 0.000000 0.022252
vn -0.097493 0.000000 0.022252
vn -0.100000 0.000000 -0.000000
vn -0.100000 0.000000 -0.000000
vn -0.097493 0.000000 -0.022252
vn -0.097493 0.000000 -0.022252
vn -0.090097 0.000000 -0.043388
vn -0.090097 0.000000 -0.043388
vn -0.078183 0.000000 -0.062349
vn -0.078183 0.000000 -0.062349
vn -0.062349 0.000000 -0.078183
vn -0.062349 0.000000 -0.078183
vn -0.043388 0.000000 -0.090097
vn -0.043388 0.000000 -0.090097
vn -0.022252 0.000000 -0.097493
vn -0.022252 0.000000 -0.097493
vn 0.000000 0.000000 -0.100000
vn 0.000000 0.000000 -0.100000
vn 0.022252 0.000000 -0.097493
vn 0.022252 0.000000 -0.097493
vn 0.043388 0.000000 -0.090097
vn 0.043388 0.000000 -0.090097
vn 0.062349 0.000000 -0.078183
vn 0.062349 0.000000 -0.078183
vn 0.078183 0.000000 -0.062349
vn 0.078183 0.000000 -0.062349
vn 0.090097 0.000000 -0.043388
vn 0.090097 0.000000 -0.043388
vn 0.097493 0.000000 -0.022252
vn 0.097493 0.000000 -0.022252
vn 0.100000 0.000000 -0.000000
vn 0.100000 0.000000 -0.000000
vn 0.097493 -0.000000 0.022252
vn 0.097493 -0.000000 0.022252
vn 0.090097 -0.000000 0.043388
vn 0.090097 -0.000000 0.043388
vn 0.078183 -0.000000 0.062349
vn 0.078183 -0.000000 0.062349
vn 0.062349 -0.000000 0.078183
vn 0.062349 -0.000000 0.078183
vn 0.043388 -0.000000 0.090097
vn 0.043388 -0.000000 0.090097
vn -0.100000 0.000000 0.000000
vn -0.100000 0.000000 0.000000
vn -0.100000 0.000000 0.000000
vn -0.100000 0.000000 0.000000
vn 0.000000 0.000000 0.100000
vn 0.000000 0.000000 0.100000
vn 0.000000 0.000000 0.100000
vn 0.000000 0.000000 0.100000
vn 0.100000 0.000000 0.000000
vn 0.100000 0.000000 0.000000
vn 0.100000 0.000000 0.000000
vn 0.100000 0.000000 0.000000
vn -0.000000 0.000000 -0.100000
vn -0.000000 0.000000 -0.100000
vn -0.000000 0.000000 -0.100000
vn -0.000000 0.000000 -0.100000
vn 0.000000 0.100000 0.000000
vn 0.000000 0.100000 0.000000
vn 0.000000 0.100000 0.000000
vn 0.000000 0.100000 0.000000
vn 0.100000 0.000000 0.000000
vn 0.100000 0.000000 0.000000
vn 0.100000 0.000000 0.000000
vn 0.100000 0.000000 0.000000
vn -0.000000 0.000000 0.100000
vn -0.000000 0.000000 0.100000
vn -0.000000 0.000000 0.100000
vn -0.000000 0.000000 0.100000
vn 0.015643 0.000000 0.098769
vn 0.015643 0.000000 0.098769
vn 0.030902 0.000000 0.095106
vn 0.030902 0.000000 0.095106
vn 0.045399 0.000000 0.089101
vn 0.045399 0.000000 0.089101
vn 0.058779 0.000000 0.080902
vn 0.058779 0.000000 0.080902
vn 0.070711 0.000000 0.070711
vn 0.070711 0.000000 0.070711
vn 0.080902 0.000000 0.058779
vn 0.080902 0.000000 0.058779
vn 0.089101 0.000000 0.045399
vn 0.089101 0.000000 0.045399
vn 0.095106 0.000000 0.030902
vn 0.095106 0.000000 0.030902
vn 0.098769 0.000000 0.015643
vn 0.098769 0.000000 0.015643
vn 0.100000 0.000000 0.000000
vn 0.100000 0.000000 0.000000
vn 0.098769 0.000000 -0.015643
vn 0.098769 0.000000 -0.015643
vn 0.095106 0.000000 -0.030902
vn 0.095106 0.000000 -0.030902
vn 0.089101 0.000000 -0.045399
vn 0.089101 0.000000 -0.045399
vn 0.080902 0.000000 -0.058779
vn 0.080902 0.000000 -0.058779
vn 0.070711 0.000000 -0.070711
vn 0.070711 0.000000 -0.070711
vn 0.058779 0.000000 -0.080902
vn 0.058779 0.000000 -0.080902
vn 0.045399 0.000000 -0.089101
vn 0.045399 0.000000 -0.089101
vn 0.030902 0.000000 -0.095106
vn 0.030902 0.000000 -0.095106
vn 0.015643 0.000000 -0.098769
vn 0.015643 0.000000 -0.098769
vn 0.000000 0.000000 -0.100000
vn 0.000000 0.000000 -0.100000
vn 0.000000 0.000000 -0.100000
vn 0.000000 0.000000 -0.100000
vn 0.100000 0.000000 0.000000
vn 0.100000 0.000000 0.000000
vn 0.100000 0.000000 0.000000
vn 0.100000 0.000000 0.000000
vn 0.000000 0.000000 -0.100000
vn 0.000000 0.000000 -0.100000
vn 0.000000 0.000000 -0.100000
vn 0.000000 0.000000 -0.100000
vn 0.000000 0.000000 -0.100000
vn 0.000000 0.000000 -0.100000
vn 0.000000 0.000000 -0.100000
vn 0.000000 0.000000 -0.100000
vn -0.100000 0.000000 -0.000000
vn -0.100000 0.000000 -0.000000
vn -0.100000 0.000000 -0.000000
vn -0.100000 0.000000 -0.000000
vn -0.000000 0.000000 -0.100000
vn -0.000000 0.000000 -0.100000
vn -0.000000 0.000000 -0.100000
vn -0.000000 0.000000 -0.100000
vn -0.015643 0.000000 -0.098769
vn -0.015643 0.000000 -0.098769
vn -0.030902 0.000000 -0.095106
vn -0.030902 0.000000 -0.095106
vn -0.045399 0.000000 -0.089101
vn -0.045399 0.000000 -0.089101
vn -0.058779 0.000000 -0.080902
vn -0.058779 0.000000 -0.080902
vn -0.070711 0.000000 -0.070711
vn -0.070711 0.000000 -0.070711
vn -0.080902 0.000000 -0.058779
vn -0.080902 0.000000 -0.058779
vn -0.089101 0.000000 -0.045399
vn -0.089101 0.000000 -0.045399
vn -0.095106 0.000000 -0.030902
vn -0.095106 0.000000 -0.030902
vn -0.098769 0.000000 -0.015643
vn -0.098769 0.000000 -0.015643
vn -0.100000 0.000000 -0.000000
vn -0.100000 0.000000 -0.000000
vn -0.098769 0.000000 0.015643
vn -0.098769 0.000000 0.015643
vn -0.095106 0.000000 0.030902
vn -0.095106 0.000000 0.030902
vn -0.089101 0.000000 0.045399
vn -0.089101 0.000000 0.045399
vn -0.080902 0.000000 0.058779
vn -0.080902 0.000000 0.058779
vn -0.070711 0.000000 0.070711
vn -0.070711 0.000000 0.070711
vn -0.058779 0.000000 0.080902
vn -0.058779 0.000000 0.080902
vn -0.045399 0.000000 0.089101
vn -0.045399 0.000000 0.089101
vn -0.030902 0.000000 0.095106
vn -0.030902 0.000000 0.095106
vn -0.015643 0.000000 0.098769
vn -0.015643 0.000000 0.098769
vn -0.000000 0.000000 0.100000
vn -0.000000 0.000000 0.100000
vn -0.000000 0.000000 0.100000
vn -0.000000 0.000000 0.100000
vn -0.100000 0.000000 0.000000
vn -0.100000 0.000000 0.000000
vn -0.100000 0.000000 0.000000
vn -0.100000 0.000000 0.000000
vn 0.000000 0.000000 0.100000
vn 0.000000 0.000000 0.100000
vn 0.000000 0.000000 0.100000
vn 0.000000 0.000000 0.100000
vn 0.000000 0.000000 0.100000
vn 0.000000 0.000000 0.100000
vn 0.000000 0.000000 0.100000
vn 0.000000 0.000000 0.100000
vn -0.000000 0.100000 -0.000000
vn -0.000000 0.100000 -0.000000
vn -0.000000 0.100000 -0.000000
vn -0.000000 0.100000 -0.000000
vn -0.000000 0.100000 -0.000000
vn -0.000000 0.100000 -0.000000
vn -0.000000 0.100000 -0.000000
vn -0.000000 0.100000 -0.000000
vn -0.000000 0.100000 -0.000000
vn -0.000000 0.100000 -0.000000
vn -0.000000 0.100000 -0.000000
vn -0.000000 0.100000 -0.000000
vn -0.000000 0.100000 -0.000000
vn -0.000000 0.100000 -0.000000
vn -0.000000 0.100000 -0.000000
vn -0.000000 0.100000 -0.000000
vn -0.000000 0.100000 -0.000000
vn -0.000000 0.100000 -0.000000
vn -0.000000 0.100000 -0.000000
vn -0.000000 0.100000 -0.000000
vn -0.000000 0.100000 -0.000000
vn -0.000000 0.100000 -0.000000
vn -0.000000 0.100000 -0.000000
vn -0.000000 0.100000 -0.000000
vn -0.000000 0.100000 -0.000000
vn -0.000000 0.100000 -0.000000
vn -0.000000 0.100000 -0.000000
vn -0.000000 0.100000 -0.000000
vn -0.000000 0.100000 -0.000000
vn -0.000000 0.100000 -0.000000
vn -0.000000 0.100000 -0.000000
vn -0.000000 0.100000 -0.000000
vn -0.000000 0.100000 -0.000000
vn -0.000000 0.100000 -0.000000
vn -0.000000 0.100000 -0.000000
vn -0.000000 0.100000 -0.000000
vn -0.000000 0.100000 -0.000000
vn -0.000000 0.100000 -0.000000
vn -0.000000 0.100000 -0.000000
vn -0.000000 0.100000 -0.000000
vn -0.000000 0.100000 -0.000000
vn -0.000000 0.100000 -0.000000
vn -0.000000 0.100000 -0.000000
vn -0.000000 0.100000 -0.000000
vn -0.000000 0.100000 -0.000000
vn -0.000000 0.100000 -0.000000
vn -0.000000 0.100000 -0.000000
vn -0.000000 0.100000 -0.000000
vn -0.000000 0.100000 -0.000000
vn -0.000000 0.100000 -0.000000
vn -0.000000 0.100000 -0.000000
vn -0.000000 0.100000 -0.000000
vn -0.000000 0.100000 -0.000000
vn -0.000000 0.100000 -0.000000
vn -0.000000 0.100000 -0.000000
vn -0.000000 0.100000 -0.000000
vn -0.000000 0.100000 -0.000000
vn -0.024962 0.000000 -0.096834
vn -0.024962 0.000000 -0.096834
vn -0.033099 0.000000 -0.094363
vn -0.033099 0.000000 -0.094363
vn -0.040997 0.000000 -0.091210
vn -0.040997 0.000000 -0.091210
vn -0.048598 0.000000 -0.087397
vn -0.048598 0.000000 -0.087397
vn -0.055848 0.000000 -0.082952
vn -0.055848 0.000000 -0.082952
vn -0.062694 0.000000 -0.077907
vn -0.062694 0.000000 -0.077907
vn -0.069086 0.000000 -0.072299
vn -0.069086 0.000000 -0.072299
vn -0.074979 0.000000 -0.066167
vn -0.074979 0.000000 -0.066167
vn -0.080330 0.000000 -0.059558
vn -0.080330 0.000000 -0.059558
vn -0.085099 0.000000 -0.052518
vn -0.085099 0.000000 -0.052518
vn -0.089254 0.000000 -0.045097
vn -0.089254 0.000000 -0.045097
vn -0.092763 0.000000 -0.037351
vn -0.092763 0.000000 -0.037351
vn -0.095601 0.000000 -0.029335
vn -0.095601 0.000000 -0.029335
vn -0.097747 0.000000 -0.021106
vn -0.097747 0.000000 -0.021106
vn -0.099187 0.000000 -0.012725
vn -0.099187 0.000000 -0.012725
vn -0.099910 0.000000 -0.004252
vn -0.099910 0.000000 -0.004252
vn -0.099910 0.000000 0.004252
vn -0.099910 0.000000 0.004252
vn -0.099187 0.000000 0.012725
vn -0.099187 0.000000 0.012725
vn -0.097747 0.000000 0.021106
vn -0.097747 0.000000 0.021106
vn -0.095601 0.000000 0.029335
vn -0.095601 0.000000 0.029335
vn -0.092763 0.000000 0.037351
vn -0.092763 0.000000 0.037351
vn -0.089254 0.000000 0.045097
vn -0.089254 0.000000 0.045097
vn -0.085099 0.000000 0.052518
vn -0.085099 0.000000 0.052518
vn -0.080330 0.000000 0.059558
vn -0.080330 0.000000 0.059558
vn -0.074979 0.000000 0.066167
vn -0.074979 0.000000 0.066167
vn -0.069086 0.000000 0.072299
vn -0.069086 0.000000 0.072299
vn -0.062694 0.000000 0.077907
vn -0.062694 0.000000 0.077907
vn -0.055848 0.000000 0.082952
vn -0.055848 0.000000 0.082952
vn -0.048598 0.000000 0.087397
vn -0.048598 0.000000 0.087397
vn -0.040997 0.000000 0.091210
vn -0.040997 0.000000 0.091210
vn -0.033099 0.000000 0.094363
vn -0.033099 0.000000 0.094363
vn -0.024962 0.000000 0.096834
vn -0.024962 0.000000 0.096834
vn 0.024962 0.000000 0.096834
vn 0.024962 0.000000 0.096834
vn 0.033099 0.000000 0.094363
vn 0.033099 0.000000 0.094363
vn 0.040997 0.000000 0.091210
vn 0.040997 0.000000 0.091210
vn 0.048598 0.000000 0.087397
vn 0.048598 0.000000 0.087397
vn 0.055848 0.000000 0.082952
vn 0.055848 0.000000 0.082952
vn 0.062694 0.000000 0.077907
vn 0.062694 0.000000 0.077907
vn 0.069086 0.000000 0.072299
vn 0.069086 0.000000 0.072299
vn 0.074979 0.000000 0.066167
vn 0.074979 0.000000 0.066167
vn 0.080330 0.000000 0.059558
vn 0.080330 0.000000 0.059558
vn 0.085099 0.000000 0.052518
vn 0.085099 0.000000 0.052518
vn 0.089254 0.000000 0.045097
vn 0.089254 0.000000 0.045097
vn 0.092763 0.000000 0.037351
vn 0.092763 0.000000 0.037351
vn 0.095601 0.000000 0.029335
vn 0.095601 0.000000 0.029335
vn 0.097747 0.000000 0.021106
vn 0.097747 0.000000 0.021106
vn 0.099187 0.000000 0.012725
vn 0.099187 0.000000 0.012725
vn 0.099910 0.000000 0.004252
vn 0.099910 0.000000 0.004252
vn 0.099910 0.000000 -0.004252
vn 0.099910 0.000000 -0.004252
vn 0.099187 0.000000 -0.012725
vn 0.099187 0.000000 -0.012725
vn 0.097747 0.000000 -0.021106
vn 0.097747 0.000000 -0.021106
vn 0.095601 0.000000 -0.029335
vn 0.095601 0.000000 -0.029335
vn 0.092763 0.000000 -0.037351
vn 0.092763 0.000000 -0.037351
vn 0.089254 0.000000 -0.045097
vn 0.089254 0.000000 -0.045097
vn 0.085099 0.000000 -0.052518
vn 0.085099 0.000000 -0.052518
vn 0.080330 0.000000 -0.059558
vn 0.080330 0.000000 -0.059558
vn 0.074979 0.000000 -0.066167
vn 0.074979 0.000000 -0.066167
vn 0.069086 0.000000 -0.072299
vn 0.069086 0.000000 -0.072299
vn 0.062694 0.000000 -0.077907
vn 0.062694 0.000000 -0.077907
vn 0.055848 0.000000 -0.082952
vn 0.055848 0.000000 -0.082952
vn 0.048598 0.000000 -0.087397
vn 0.048598 0.000000 -0.087397
vn 0.040997 0.000000 -0.091210
vn 0.040997 0.000000 -0.091210
vn 0.033099 0.000000 -0.094363
vn 0.033099 0.000000 -0.094363
vn 0.024962 0.000000 -0.096834
vn 0.024962 0.000000 -0.096834
vn 0.000000 0.100000 0.000000
vn 0.000000 0.100000 0.000000
vn 0.000000 0.100000 0.000000
vn 0.000000 0.100000 0.000000
vn 0.000000 0.100000 0.000000
vn 0.000000 0.100000 0.000000
vn 0.000000 0.100000 0.000000
vn 0.000000 0.100000 0.000000
vn 0.000000 0.100000 0.000000
vn 0.000000 0.100000 0.000000
vn 0.000000 0.100000 0.000000
vn 0.000000 0.100000 0.000000
vn 0.000000 0.100000 0.000000
vn 0.000000 0.100000 0.000000
vn 0.000000 0.100000 0.000000
vn 0.000000 0.100000 0.000000
vn 0.000000 0.100000 0.000000
vn 0.000000 0.100000 0.000000
vn 0.000000 0.100000 0.000000
vn 0.000000 0.100000 0.000000
vn 0.000000 0.100000 0.000000
vn 0.000000 0.100000 0.000000
vn 0.000000 0.100000 0.000000
vn 0.000000 0.100000 0.000000
vn 0.000000 0.100000 0.000000
vn 0.000000 0.100000 0.000000
vn 0.000000 0.100000 0.000000
vn 0.000000 0.100000 0.000000
vn 0.000000 0.100000 0.000000
vn 0.000000 0.100000 0.000000
vn 0.000000 0.100000 0.000000
vn 0.000000 0.100000 0.000000
vn 0.000000 0.100000 0.000000
vn 0.000000 0.100000 0.000000
vn 0.000000 0.100000 0.000000
vn 0.000000 0.100000 0.000000
vn 0.000000 0.100000 0.000000
vn 0.000000 0.100000 0.000000
vn 0.000000 0.100000 0.000000
vn 0.000000 0.100000 0.000000
vn 0.000000 0.100000 0.000000
vn 0.000000 0.100000 0.000000
vn 0.000000 0.100000 0.000000
vn 0.000000 0.100000 0.000000
vn 0.000000 0.100000 0.000000
vn 0.000000 0.100000 0.000000
vn 0.000000 0.100000 0.000000
vn 0.000000 0.100000 0.000000
vn 0.000000 0.100000 0.000000
vn 0.000000 0.100000 0.000000
vn 0.000000 0.100000 0.000000
vn 0.000000 0.100000 0.000000
vn 0.000000 0.100000 0.000000
vn 0.000000 0.100000 0.000000
vn 0.000000 0.100000 0.000000
vn 0.000000 0.100000 0.000000
vn 0.000000 0.100000 0.000000
vn 0.000000 0.100000 0.000000
vn 0.000000 0.100000 0.000000
vn 0.000000 0.100000 0.000000
vn 0.000000 0.100000 0.000000
vn 0.000000 0.100000 0.000000
vn 0.000000 0.100000 0.000000
vn 0.000000 0.100000 0.000000
vn 0.000000 0.100000 0.000000
vn 0.000000 0.100000 0.000000
vn 0.000000 0.100000 0.000000
vn 0.000000 0.100000 0.000000
vn 0.000000 0.100000 0.000000
vn 0.000000 0.100000 0.000000
vn 0.000000 0.100000 0.000000
vn 0.000000 0.100000 0.000000
vn 0.000000 0.100000 0.000000
vn 0.000000 0.100000 0.000000
vn 0.000000 0.100000 0.000000
vn 0.000000 0.100000 0.000000
vn 0.000000 0.100000 0.000000
vn 0.000000 0.100000 0.000000
vn 0.000000 0.100000 0.000000
vn 0.000000 0.100000 0.000000
vn 0.000000 0.100000 0.000000
vn 0.000000 0.100000 0.000000
vn 0.000000 0.100000 0.000000
vn 0.000000 0.100000 0.000000
vn 0.000000 0.100000 0.000000
vn 0.000000 0.100000 0.000000
vn 0.000000 0.100000 0.000000
vn 0.000000 0.100000 0.000000
vn 0.000000 0.100000 0.000000
vn 0.000000 0.100000 0.000000
vn 0.000000 0.100000 0.000000
vn 0.000000 0.100000 0.000000
vn 0.000000 0.100000 0.000000
vn 0.000000 0.100000 0.000000
vn 0.000000 0.100000 0.000000
vn 0.000000 0.100000 0.000000
vn 0.000000 0.100000 0.000000
vn 0.000000 0.100000 0.000000
vn 0.000000 0.100000 0.000000
vn 0.000000 0.100000 0.000000
vn 0.000000 0.100000 0.000000
vn 0.000000 0.100000 0.000000
vn 0.000000 0.100000 0.000000
vn 0.000000 0.100000 0.000000
vn 0.000000 0.100000 0.000000
vn 0.000000 0.100000 0.000000
vn 0.000000 0.100000 0.000000
vn 0.000000 0.100000 0.000000
vn 0.000000 0.100000 0.000000
vn 0.000000 0.100000 0.000000
vn 0.000000 0.100000 0.000000
vn 0.000000 0.100000 0.000000
vn 0.000000 0.100000 0.000000
vn 0.000000 0.100000 0.000000
vn 0.000000 0.100000 0.000000
vn 0.000000 0.100000 0.000000
vn 0.000000 0.100000 0.000000
vn 0.000000 0.100000 0.000000
vn 0.000000 0.100000 0.000000
vn 0.000000 0.100000 0.000000
vn 0.000000 0.100000 0.000000
vn 0.000000 0.100000 0.000000
vn 0.000000 0.100000 0.000000
vn 0.000000 0.100000 0.000000
vn 0.000000 0.100000 0.000000
vn 0.000000 0.100000 0.000000
vn 0.000000 0.100000 0.000000
vn 0.000000 0.100000 0.000000
vn 0.000000 0.100000 0.000000
vn 0.000000 0.100000 0.000000
vn 0.000000 0.100000 0.000000
vn 0.000000 0.100000 0.000000
vn 0.000000 0.100000 0.000000
vn -0.009093 0.000000 0.099586
vn -0.009093 0.000000 0.099586
vn -0.000000 0.000000 0.100000
vn -0.000000 0.000000 0.100000
vn 0.009093 0.000000 0.099586
vn 0.009093 0.000000 0.099586
vn 0.018112 0.000000 0.098346
vn 0.018112 0.000000 0.098346
vn 0.026980 0.000000 0.096292
vn 0.026980 0.000000 0.096292
vn 0.035624 0.000000 0.093439
vn 0.035624 0.000000 0.093439
vn 0.043973 0.000000 0.089813
vn 0.043973 0.000000 0.089813
vn 0.051958 0.000000 0.085442
vn 0.051958 0.000000 0.085442
vn 0.059513 0.000000 0.080363
vn 0.059513 0.000000 0.080363
vn 0.066574 0.000000 0.074618
vn 0.066574 0.000000 0.074618
vn 0.073084 0.000000 0.068255
vn 0.073084 0.000000 0.068255
vn 0.078988 0.000000 0.061327
vn 0.078988 0.000000 0.061327
vn 0.084237 0.000000 0.053890
vn 0.084237 0.000000 0.053890
vn 0.088789 0.000000 0.046007
vn 0.088789 0.000000 0.046007
vn 0.092604 0.000000 0.037742
vn 0.092604 0.000000 0.037742
vn 0.095653 0.000000 0.029165
vn 0.095653 0.000000 0.029165
vn 0.097908 0.000000 0.020346
vn 0.097908 0.000000 0.020346
vn 0.099353 0.000000 0.011358
vn 0.099353 0.000000 0.011358
vn 0.099974 0.000000 0.002276
vn 0.099974 0.000000 0.002276
vn 0.099767 0.000000 -0.006824
vn 0.099767 0.000000 -0.006824
vn 0.098733 0.000000 -0.015868
vn 0.098733 0.000000 -0.015868
vn 0.096881 0.000000 -0.024781
vn 0.096881 0.000000 -0.024781
vn 0.094226 0.000000 -0.033488
vn 0.094226 0.000000 -0.033488
vn 0.090790 0.000000 -0.041918
vn 0.090790 0.000000 -0.041918
vn 0.086603 0.000000 -0.050000
vn 0.086603 0.000000 -0.050000
vn 0.081697 0.000000 -0.057668
vn 0.081697 0.000000 -0.057668
vn 0.076114 0.000000 -0.064858
vn 0.076114 0.000000 -0.064858
vn 0.069901 0.000000 -0.071511
vn 0.069901 0.000000 -0.071511
vn 0.063109 0.000000 -0.077571
vn 0.063109 0.000000 -0.077571
vn 0.055793 0.000000 -0.082989
vn 0.055793 0.000000 -0.082989
vn 0.048016 0.000000 -0.087718
vn 0.048016 0.000000 -0.087718
vn 0.039840 0.000000 -0.091721
vn 0.039840 0.000000 -0.091721
vn 0.031334 0.000000 -0.094964
vn 0.031334 0.000000 -0.094964
vn 0.022569 0.000000 -0.097420
vn 0.022569 0.000000 -0.097420
vn 0.013617 0.000000 -0.099069
vn 0.013617 0.000000 -0.099069
vn 0.004551 0.000000 -0.099896
vn 0.004551 0.000000 -0.099896
vn -0.004551 0.000000 -0.099896
vn -0.004551 0.000000 -0.099896
vn -0.013617 0.000000 -0.099069
vn -0.013617 0.000000 -0.099069
vn -0.022569 0.000000 -0.097420
vn -0.022569 0.000000 -0.097420
vn -0.031334 0.000000 -0.094964
vn -0.031334 0.000000 -0.094964
vn -0.039840 0.000000 -0.091721
vn -0.039840 0.000000 -0.091721
vn -0.048016 0.000000 -0.087718
vn -0.048016 0.000000 -0.087718
vn -0.055793 0.000000 -0.082989
vn -0.055793 0.000000 -0.082989
vn -0.063109 0.000000 -0.077571
vn -0.063109 0.000000 -0.077571
vn -0.069901 0.000000 -0.071511
vn -0.069901 0.000000 -0.071511
vn -0.076114 0.000000 -0.064858
vn -0.076114 0.000000 -0.064858
vn -0.081697 0.000000 -0.057668
vn -0.081697 0.000000 -0.057668
vn -0.086603 0.000000 -0.050000
vn -0.086603 0.000000 -0.050000
vn -0.090790 0.000000 -0.041918
vn -0.090790 0.000000 -0.041918
vn -0.094226 0.000000 -0.033488
vn -0.094226 0.000000 -0.033488
vn -0.096881 0.000000 -0.024781
vn -0.096881 0.000000 -0.024781
vn -0.098733 0.000000 -0.015868
vn -0.098733 0.000000 -0.015868
vn -0.099767 0.000000 -0.006824
vn -0.099767 0.000000 -0.006824
vn -0.099974 0.000000 0.002276
vn -0.099974 0.000000 0.002276
vn -0.099353 0.000000 0.011358
vn -0.099353 0.000000 0.011358
vn -0.097908 0.000000 0.020346
vn -0.097908 0.000000 0.020346
vn -0.095653 0.000000 0.029165
vn -0.095653 0.000000 0.029165
vn -0.092604 0.000000 0.037742
vn -0.092604 0.000000 0.037742
vn -0.088789 0.000000 0.046007
vn -0.088789 0.000000 0.046007
vn -0.084237 0.000000 0.053890
vn -0.084237 0.000000 0.053890
vn -0.078988 0.000000 0.061327
vn -0.078988 0.000000 0.061327
vn -0.073084 0.000000 0.068255
vn -0.073084 0.000000 0.068255
vn -0.066574 0.000000 0.074618
vn -0.066574 0.000000 0.074618
vn -0.059513 0.000000 0.080363
vn -0.059513 0.000000 0.080363
vn -0.051958 0.000000 0.085442
vn -0.051958 0.000000 0.085442
vn -0.043973 0.000000 0.089813
vn -0.043973 0.000000 0.089813
vn -0.035624 0.000000 0.093439
vn -0.035624 0.000000 0.093439
vn -0.026980 0.000000 0.096292
vn -0.026980 0.000000 0.096292
vn -0.018112 0.000000 0.098346
vn -0.018112 0.000000 0.098346
vn 0.000000 -0.100000 0.000000
vn 0.000000 -0.100000 0.000000
vn 0.000000 -0.100000 0.000000
vn 0.000000 -0.100000 0.000000
vn 0.000000 -0.100000 0.000000
vn 0.000000 -0.100000 0.000000
vn 0.000000 -0.100000 0.000000
vn 0.000000 -0.100000 0.000000
vn 0.000000 -0.100000 0.000000
vn 0.000000 -0.100000 0.000000
vn 0.000000 -0.100000 0.000000
vn 0.000000 -0.100000 0.000000
vn 0.000000 -0.100000 0.000000
vn 0.000000 -0.100000 0.000000
vn 0.000000 -0.100000 0.000000
vn 0.000000 -0.100000 0.000000
vn 0.000000 -0.100000 0.000000
vn 0.000000 -0.100000 0.000000
vn 0.000000 -0.100000 0.000000
vn 0.000000 -0.100000 0.000000
vn 0.000000 -0.100000 0.000000
vn 0.000000 -0.100000 0.000000
vn 0.000000 -0.100000 0.000000
vn 0.000000 -0.100000 0.000000
vn 0.000000 -0.100000 0.000000
vn 0.000000 -0.100000 0.000000
vn 0.000000 -0.100000 0.000000
vn 0.000000 -0.100000 0.000000
vn 0.000000 -0.100000 0.000000
vn 0.000000 -0.100000 0.000000
vn 0.000000 -0.100000 0.000000
vn 0.000000 -0.100000 0.000000
vn 0.000000 -0.100000 0.000000
vn 0.000000 -0.100000 0.000000
vn 0.000000 -0.100000 0.000000
vn 0.000000 -0.100000 0.000000
vn 0.000000 -0.100000 0.000000
vn 0.000000 -0.100000 0.000000
vn 0.000000 -0.100000 0.000000
vn 0.000000 -0.100000 0.000000
vn 0.000000 -0.100000 0.000000
vn 0.000000 -0.100000 0.000000
vn 0.000000 -0.100000 0.000000
vn 0.000000 -0.100000 0.000000
vn 0.000000 -0.100000 0.000000
vn 0.000000 -0.100000 0.000000
vn 0.000000 -0.100000 0.000000
vn 0.000000 -0.100000 0.000000
vn 0.000000 -0.100000 0.000000
vn 0.000000 -0.100000 0.000000
vn 0.000000 -0.100000 0.000000
vn 0.000000 -0.100000 0.000000
vn 0.000000 -0.100000 0.000000
vn 0.000000 -0.100000 0.000000
vn 0.000000 -0.100000 0.000000
vn 0.000000 -0.100000 0.000000
vn 0.000000 -0.100000 0.000000
vn 0.000000 -0.100000 0.000000
vn 0.000000 -0.100000 0.000000
vn 0.000000 -0.100000 0.000000
vn 0.000000 -0.100000 0.000000
vn 0.000000 -0.100000 0.000000
vn 0.000000 -0.100000 0.000000
vn 0.000000 -0.100000 0.000000
vn 0.000000 -0.100000 0.000000
vn 0.000000 -0.100000 0.000000
vn 0.000000 -0.100000 0.000000
vn 0.000000 -0.100000 0.000000
vn 0.000000 -0.100000 0.000000
vn 0.000000 -0.100000 0.000000
vn 0.000000 -0.100000 0.000000
vn 0.000000 -0.100000 0.000000
vn 0.000000 -0.100000 0.000000
vn 0.000000 -0.100000 0.000000
vn 0.000000 -0.100000 0.000000
vn 0.000000 -0.100000 0.000000
vn 0.000000 -0.100000 0.000000
vn 0.000000 -0.100000 0.000000
vn 0.000000 -0.100000 0.000000
vn 0.000000 -0.100000 0.000000
vn 0.000000 -0.100000 0.000000
vn 0.000000 -0.100000 0.000000
vn 0.000000 -0.100000 0.000000
vn 0.000000 -0.100000 0.000000
vn 0.000000 -0.100000 0.000000
vn 0.000000 -0.100000 0.000000
vn 0.000000 -0.100000 0.000000
vn 0.000000 -0.100000 0.000000
vn 0.000000 -0.100000 0.000000
vn 0.000000 -0.100000 0.000000
vn 0.000000 -0.100000 0.000000
vn 0.000000 -0.100000 0.000000
vn 0.000000 -0.100000 0.000000
vn 0.000000 -0.100000 0.000000
vn 0.000000 -0.100000 0.000000
vn 0.000000 -0.100000 0.000000
vn 0.000000 -0.100000 0.000000
vn 0.000000 -0.100000 0.000000
vn 0.000000 -0.100000 0.000000
vn 0.000000 -0.100000 0.000000
vn 0.000000 -0.100000 0.000000
vn 0.000000 -0.100000 0.000000
vn 0.000000 -0.100000 0.000000
vn 0.000000 -0.100000 0.000000
vn 0.000000 -0.100000 0.000000
vn 0.000000 -0.100000 0.000000
vn 0.000000 -0.100000 0.000000
vn 0.000000 -0.100000 0.000000
vn 0.000000 -0.100000 0.000000
vn 0.000000 -0.100000 0.000000
vn 0.000000 -0.100000 0.000000
vn 0.000000 -0.100000 0.000000
vn 0.000000 -0.100000 0.000000
vn 0.000000 -0.100000 0.000000
vn 0.000000 -0.100000 0.000000
vn 0.000000 -0.100000 0.000000
vn 0.000000 -0.100000 0.000000
vn 0.000000 -0.100000 0.000000
vn 0.000000 -0.100000 0.000000
vn 0.000000 -0.100000 0.000000
vn 0.000000 -0.100000 0.000000
vn 0.000000 -0.100000 0.000000
vn 0.000000 -0.100000 0.000000
vn 0.000000 -0.100000 0.000000
vn 0.000000 -0.100000 0.000000
vn 0.000000 -0.100000 0.000000
vn 0.000000 -0.100000 0.000000
vn 0.000000 -0.100000 0.000000
vn 0.000000 -0.100000 0.000000
vn 0.000000 -0.100000 0.000000
vn 0.000000 -0.100000 0.000000
vn 0.000000 -0.100000 0.000000
vn 0.000000 -0.100000 0.000000
vn 0.000000 -0.100000 0.000000
vn 0.000000 -0.100000 0.000000
vn 0.000000 -0.100000 0.000000
vn 0.000000 -0.100000 0.000000
vn 0.000000 -0.100000 0.000000
vn 0.000000 -0.100000 0.000000
vn 0.000000 -0.100000 0.000000
vn 0.000000 -0.100000 0.000000
vn 0.000000 -0.100000 0.000000
vn 0.000000 -0.100000 0.000000
vn -0.008481 0.000000 -0.099640
vn -0.008481 0.000000 -0.099640
vn 0.000000 0.000000 -0.100000
vn 0.000000 0.000000 -0.100000
vn 0.008481 0.000000 -0.099640
vn 0.008481 0.000000 -0.099640
vn 0.016900 0.000000 -0.098562
vn 0.016900 0.000000 -0.098562
vn 0.025198 0.000000 -0.096773
vn 0.025198 0.000000 -0.096773
vn 0.033314 0.000000 -0.094288
vn 0.033314 0.000000 -0.094288
vn 0.041190 0.000000 -0.091123
vn 0.041190 0.000000 -0.091123
vn 0.048769 0.000000 -0.087301
vn 0.048769 0.000000 -0.087301
vn 0.055997 0.000000 -0.082851
vn 0.055997 0.000000 -0.082851
vn 0.062822 0.000000 -0.077804
vn 0.062822 0.000000 -0.077804
vn 0.069194 0.000000 -0.072196
vn 0.069194 0.000000 -0.072196
vn 0.075067 0.000000 -0.066067
vn 0.075067 0.000000 -0.066067
vn 0.080400 0.000000 -0.059463
vn 0.080400 0.000000 -0.059463
vn 0.085153 0.000000 -0.052431
vn 0.085153 0.000000 -0.052431
vn 0.089293 0.000000 -0.045020
vn 0.089293 0.000000 -0.045020
vn 0.092789 0.000000 -0.037286
vn 0.092789 0.000000 -0.037286
vn 0.095617 0.000000 -0.029282
vn 0.095617 0.000000 -0.029282
vn 0.097756 0.000000 -0.021068
vn 0.097756 0.000000 -0.021068
vn 0.099190 0.000000 -0.012702
vn 0.099190 0.000000 -0.012702
vn 0.099910 0.000000 -0.004244
vn 0.099910 0.000000 -0.004244
vn 0.099910 0.000000 0.004244
vn 0.099910 0.000000 0.004244
vn 0.099190 0.000000 0.012702
vn 0.099190 0.000000 0.012702
vn 0.097756 0.000000 0.021068
vn 0.097756 0.000000 0.021068
vn 0.095617 0.000000 0.029282
vn 0.095617 0.000000 0.029282
vn 0.092789 0.000000 0.037286
vn 0.092789 0.000000 0.037286
vn 0.089293 0.000000 0.045020
vn 0.089293 0.000000 0.045020
vn 0.085153 0.000000 0.052431
vn 0.085153 0.000000 0.052431
vn 0.080400 0.000000 0.059463
vn 0.080400 0.000000 0.059463
vn 0.075067 0.000000 0.066067
vn 0.075067 0.000000 0.066067
vn 0.069194 0.000000 0.072196
vn 0.069194 0.000000 0.072196
vn 0.062822 0.000000 0.077804
vn 0.062822 0.000000 0.077804
vn 0.055997 0.000000 0.082851
vn 0.055997 0.000000 0.082851
vn 0.048769 0.000000 0.087301
vn 0.048769 0.000000 0.087301
vn 0.041190 0.000000 0.091123
vn 0.041190 0.000000 0.091123
vn 0.033314 0.000000 0.094288
vn 0.033314 0.000000 0.094288
vn 0.025198 0.000000 0.096773
vn 0.025198 0.000000 0.096773
vn 0.016900 0.000000 0.098562
vn 0.016900 0.000000 0.098562
vn 0.008481 0.000000 0.099640
vn 0.008481 0.000000 0.099640
vn 0.000000 0.000000 0.100000
vn 0.000000 0.000000 0.100000
vn -0.008481 0.000000 0.099640
vn -0.008481 0.000000 0.099640
vn -0.016900 0.000000 0.098562
vn -0.016900 0.000000 0.098562
vn -0.025198 0.000000 0.096773
vn -0.025198 0.000000 0.096773
vn -0.033314 0.000000 0.094288
vn -0.033314 0.000000 0.094288
vn -0.041190 0.000000 0.091123
vn -0.041190 0.000000 0.091123
vn -0.048769 0.000000 0.087301
vn -0.048769 0.000000 0.087301
vn -0.055997 0.000000 0.082851
vn -0.055997 0.000000 0.082851
vn -0.062822 0.000000 0.077804
vn -0.062822 0.000000 0.077804
vn -0.069194 0.000000 0.072196
vn -0.069194 0.000000 0.072196
vn -0.075067 0.000000 0.066067
vn -0.075067 0.000000 0.066067
vn -0.080400 0.000000 0.059463
vn -0.080400 0.000000 0.059463
vn -0.085153 0.000000 0.052431
vn -0.085153 0.000000 0.052431
vn -0.089293 0.000000 0.045020
vn -0.089293 0.000000 0.045020
vn -0.092789 0.000000 0.037286
vn -0.092789 0.000000 0.037286
vn -0.095617 0.000000 0.029282
vn -0.095617 0.000000 0.029282
vn -0.097756 0.000000 0.021068
vn -0.097756 0.000000 0.021068
vn -0.099190 0.000000 0.012702
vn -0.099190 0.000000 0.012702
vn -0.099910 0.000000 0.004244
vn -0.099910 0.000000 0.004244
vn -0.099910 0.000000 -0.004244
vn -0.099910 0.000000 -0.004244
vn -0.099190 0.000000 -0.012702
vn -0.099190 0.000000 -0.012702
vn -0.097756 0.000000 -0.021068
vn -0.097756 0.000000 -0.021068
vn -0.095617 0.000000 -0.029282
vn -0.095617 0.000000 -0.029282
vn -0.092789 0.000000 -0.037286
vn -0.092789 0.000000 -0.037286
vn -0.089293 0.000000 -0.045020
vn -0.089293 0.000000 -0.045020
vn -0.085153 0.000000 -0.052431
vn -0.085153 0.000000 -0.052431
vn -0.080400 0.000000 -0.059463
vn -0.080400 0.000000 -0.059463
vn -0.075067 0.000000 -0.066067
vn -0.075067 0.000000 -0.066067
vn -0.069194 0.000000 -0.072196
vn -0.069194 0.000000 -0.072196
vn -0.062822 0.000000 -0.077804
vn -0.062822 0.000000 -0.077804
vn -0.055997 0.000000 -0.082851
vn -0.055997 0.000000 -0.082851
vn -0.048769 0.000000 -0.087301
vn -0.048769 0.000000 -0.087301
vn -0.041190 0.000000 -0.091123
vn -0.041190 0.000000 -0.091123
vn -0.033314 0.000000 -0.094288
vn -0.033314 0.000000 -0.094288
vn -0.025198 0.000000 -0.096773
vn -0.025198 0.000000 -0.096773
vn -0.016900 0.000000 -0.098562
vn -0.016900 0.000000 -0.098562
vn 0.004776 0.082637 -0.056110
vn -0.000000 0.082637 -0.056313
vn -0.000000 0.082637 -0.056313
vn -0.004776 0.082637 -0.056110
vn -0.005986 0.082637 -0.055994
vn -0.009517 0.082637 -0.055503
vn -0.011904 0.082637 -0.055040
vn -0.014190 0.082637 -0.054496
vn -0.017687 0.082637 -0.053463
vn -0.018760 0.082637 -0.053096
vn -0.023269 0.082637 -0.051280
vn -0.023195 0.082637 -0.051314
vn -0.027463 0.082637 -0.049162
vn -0.028588 0.082637 -0.048517
vn -0.031534 0.082637 -0.046656
vn -0.033583 0.082637 -0.045203
vn -0.035377 0.082637 -0.043813
vn -0.038198 0.082637 -0.041377
vn -0.038965 0.082637 -0.040655
vn -0.042379 0.082637 -0.037083
vn -0.042272 0.082637 -0.037204
vn -0.045275 0.082637 -0.033485
vn -0.046081 0.082637 -0.032368
vn -0.047952 0.082637 -0.029525
vn -0.049260 0.082637 -0.027286
vn -0.050283 0.082637 -0.025352
vn -0.051882 0.082637 -0.021896
vn -0.052252 0.082637 -0.020997
vn -0.053915 0.082637 -0.016257
vn -0.053844 0.082637 -0.016490
vn -0.055049 0.082637 -0.011864
vn -0.055338 0.082637 -0.010434
vn -0.055857 0.082637 -0.007153
vn -0.056133 0.082637 -0.004493
vn -0.056262 0.082637 -0.002390
vn -0.056293 0.082637 0.001499
vn -0.056262 0.082637 0.002390
vn -0.055815 0.082637 0.007474
vn -0.055857 0.082637 0.007153
vn -0.055049 0.082637 0.011864
vn -0.054704 0.082637 0.013365
vn -0.053844 0.082637 0.016490
vn -0.052973 0.082637 0.019103
vn -0.052252 0.082637 0.020997
vn -0.050643 0.082637 0.024626
vn -0.050283 0.082637 0.025352
vn -0.047738 0.082637 0.029869
vn -0.047952 0.082637 0.029525
vn -0.045275 0.082637 0.033485
vn -0.044293 0.082637 0.034775
vn -0.042272 0.082637 0.037204
vn -0.040346 0.082637 0.039286
vn -0.038965 0.082637 0.040655
vn -0.035941 0.082637 0.043352
vn -0.035377 0.082637 0.043813
vn -0.031130 0.082637 0.046926
vn -0.031534 0.082637 0.046656
vn -0.027463 0.082637 0.049162
vn -0.025965 0.082637 0.049969
vn -0.023195 0.082637 0.051314
vn -0.020507 0.082637 0.052446
vn -0.018760 0.082637 0.053096
vn -0.014816 0.082637 0.054329
vn -0.014190 0.082637 0.054496
vn -0.008957 0.082637 0.055596
vn -0.009517 0.082637 0.055503
vn -0.004776 0.082637 0.056110
vn -0.002997 0.082637 0.056233
vn -0.000000 0.082637 0.056313
vn 0.002997 0.082637 0.056233
vn 0.004776 0.082637 0.056110
vn 0.008957 0.082637 0.055596
vn 0.009517 0.082637 0.055503
vn 0.014190 0.082637 0.054496
vn 0.014816 0.082637 0.054329
vn 0.018760 0.082637 0.053096
vn 0.020507 0.082637 0.052446
vn 0.023195 0.082637 0.051314
vn 0.025965 0.082637 0.049969
vn 0.027463 0.082637 0.049162
vn 0.031130 0.082637 0.046926
vn 0.031534 0.082637 0.046656
vn 0.035377 0.082637 0.043813
vn 0.035941 0.082637 0.043352
vn 0.038965 0.082637 0.040655
vn 0.040346 0.082637 0.039286
vn 0.042272 0.082637 0.037204
vn 0.044293 0.082637 0.034775
vn 0.045275 0.082637 0.033485
vn 0.047738 0.082637 0.029869
vn 0.047952 0.082637 0.029525
vn 0.050283 0.082637 0.025352
vn 0.050643 0.082637 0.024626
vn 0.052252 0.082637 0.020997
vn 0.052973 0.082637 0.019103
vn 0.053844 0.082637 0.016490
vn 0.054704 0.082637 0.013365
vn 0.055049 0.082637 0.011864
vn 0.055815 0.082637 0.007474
vn 0.055857 0.082637 0.007153
vn 0.056262 0.082637 0.002390
vn 0.056293 0.082637 0.001499
vn 0.056262 0.082637 -0.002390
vn 0.056133 0.082637 -0.004493
vn 0.055857 0.082637 -0.007153
vn 0.055338 0.082637 -0.010434
vn 0.055049 0.082637 -0.011864
vn 0.053915 0.082637 -0.016257
vn 0.053844 0.082637 -0.016490
vn 0.052252 0.082637 -0.020997
vn 0.051882 0.082637 -0.021896
vn 0.050283 0.082637 -0.025352
vn 0.049260 0.082637 -0.027286
vn 0.047952 0.082637 -0.029525
vn 0.046081 0.082637 -0.032368
vn 0.045275 0.082637 -0.033485
vn 0.042379 0.082637 -0.037083
vn 0.042272 0.082637 -0.037204
vn 0.038965 0.082637 -0.040655
vn 0.038198 0.082637 -0.041377
vn 0.035377 0.082637 -0.043813
vn 0.033583 0.082637 -0.045203
vn 0.031534 0.082637 -0.046656
vn 0.028588 0.082637 -0.048517
vn 0.027463 0.082637 -0.049162
vn 0.023269 0.082637 -0.051280
vn 0.023195 0.082637 -0.051314
vn 0.018760 0.082637 -0.053096
vn 0.017687 0.082637 -0.053463
vn 0.014190 0.082637 -0.054496
vn 0.011904 0.082637 -0.055040
vn 0.009517 0.082637 -0.055503
vn 0.005986 0.082637 -0.055994
vn -0.000000 0.099831 -0.005805
vn -0.000447 0.099850 -0.005457
vn -0.000000 0.099964 -0.002693
vn -0.000208 0.099968 -0.002541
vn 0.000000 0.100000 0.000000
vn -0.000719 0.099612 -0.008768
vn -0.000000 0.099561 -0.009358
vn -0.001023 0.099213 -0.012476
vn -0.000000 0.099105 -0.013348
vn -0.001357 0.098611 -0.016554
vn -0.000000 0.098414 -0.017739
vn -0.001717 0.097767 -0.020943
vn -0.000000 0.097447 -0.022450
vn -0.002094 0.096660 -0.025541
vn -0.000000 0.096187 -0.027350
vn -0.002477 0.095294 -0.030213
vn -0.000000 0.094651 -0.032267
vn -0.002892 0.093531 -0.035264
vn -0.000000 0.092901 -0.037005
vn -0.003278 0.091603 -0.039977
vn -0.000000 0.091042 -0.041368
vn -0.003620 0.089653 -0.044150
vn -0.000000 0.087520 -0.048376
vn -0.003906 0.087838 -0.047637
vn -0.004129 0.086294 -0.050361
vn -0.007786 0.087838 -0.047158
vn -0.008231 0.086294 -0.049855
vn -0.011614 0.087838 -0.046364
vn -0.012278 0.086294 -0.049016
vn -0.015364 0.087838 -0.045260
vn -0.016242 0.086294 -0.047848
vn -0.019011 0.087838 -0.043853
vn -0.020098 0.086294 -0.046361
vn -0.022531 0.087838 -0.042153
vn -0.023820 0.086294 -0.044564
vn -0.025901 0.087838 -0.040171
vn -0.027382 0.086294 -0.042468
vn -0.029097 0.087838 -0.037920
vn -0.030761 0.086294 -0.040088
vn -0.032098 0.087838 -0.035415
vn -0.033934 0.086294 -0.037440
vn -0.034885 0.087838 -0.032673
vn -0.036880 0.086294 -0.034542
vn -0.037438 0.087838 -0.029713
vn -0.039580 0.086294 -0.031413
vn -0.039741 0.087838 -0.026554
vn -0.042014 0.086294 -0.028073
vn -0.041779 0.087838 -0.023218
vn -0.044168 0.086294 -0.024546
vn -0.043536 0.087838 -0.019726
vn -0.046026 0.086294 -0.020854
vn -0.045003 0.087838 -0.016102
vn -0.047576 0.086294 -0.017023
vn -0.046168 0.087838 -0.012371
vn -0.048808 0.086294 -0.013078
vn -0.047025 0.087838 -0.008556
vn -0.049714 0.086294 -0.009046
vn -0.047566 0.087838 -0.004685
vn -0.050287 0.086294 -0.004953
vn -0.047790 0.087838 -0.000782
vn -0.050523 0.086294 -0.000827
vn -0.047694 0.087838 0.003126
vn -0.050422 0.086294 0.003305
vn -0.047279 0.087838 0.007013
vn -0.049983 0.086294 0.007414
vn -0.046548 0.087838 0.010853
vn -0.049210 0.086294 0.011474
vn -0.045505 0.087838 0.014621
vn -0.048108 0.086294 0.015457
vn -0.044158 0.087838 0.018291
vn -0.046684 0.086294 0.019337
vn -0.042516 0.087838 0.021838
vn -0.044947 0.086294 0.023087
vn -0.040589 0.087838 0.025240
vn -0.042910 0.086294 0.026683
vn -0.038391 0.087838 0.028472
vn -0.040586 0.086294 0.030101
vn -0.035935 0.087838 0.031515
vn -0.037991 0.086294 0.033317
vn -0.033240 0.087838 0.034346
vn -0.035141 0.086294 0.036310
vn -0.030322 0.087838 0.036947
vn -0.032056 0.086294 0.039060
vn -0.027201 0.087838 0.039302
vn -0.028757 0.086294 0.041549
vn -0.023898 0.087838 0.041393
vn -0.025265 0.086294 0.043760
vn -0.020436 0.087838 0.043208
vn -0.021604 0.086294 0.045679
vn -0.016836 0.087838 0.044733
vn -0.017799 0.086294 0.047291
vn -0.013124 0.087838 0.045959
vn -0.013875 0.086294 0.048588
vn -0.009325 0.087838 0.046878
vn -0.009858 0.086294 0.049559
vn -0.005463 0.087838 0.047483
vn -0.005775 0.086294 0.050199
vn -0.001564 0.087838 0.047771
vn -0.001653 0.086294 0.050503
vn 0.002345 0.087838 0.047739
vn 0.002479 0.086294 0.050469
vn 0.006239 0.087838 0.047388
vn 0.006595 0.086294 0.050098
vn 0.010090 0.087838 0.046719
vn 0.010667 0.086294 0.049391
vn 0.013875 0.087838 0.045739
vn 0.014668 0.086294 0.048354
vn 0.017566 0.087838 0.044452
vn 0.018571 0.086294 0.046994
vn 0.021140 0.087838 0.042867
vn 0.022349 0.086294 0.045319
vn 0.024572 0.087838 0.040997
vn 0.025978 0.086294 0.043341
vn 0.027840 0.087838 0.038851
vn 0.029433 0.086294 0.041073
vn 0.030922 0.087838 0.036446
vn 0.032691 0.086294 0.038531
vn 0.033797 0.087838 0.033797
vn 0.035730 0.086294 0.035730
vn 0.036192 0.087838 0.031219
vn 0.038262 0.086294 0.033005
vn 0.038391 0.087838 0.028472
vn 0.040586 0.086294 0.030101
vn 0.040381 0.087838 0.025571
vn 0.042690 0.086294 0.027033
vn 0.042153 0.087838 0.022531
vn 0.044564 0.086294 0.023820
vn 0.043696 0.087838 0.019369
vn 0.046195 0.086294 0.020477
vn 0.045003 0.087838 0.016102
vn 0.047576 0.086294 0.017023
vn 0.046065 0.087838 0.012748
vn 0.048700 0.086294 0.013477
vn 0.046878 0.087838 0.009325
vn 0.049559 0.086294 0.009858
vn 0.047437 0.087838 0.005851
vn 0.050150 0.086294 0.006185
vn 0.047739 0.087838 0.002345
vn 0.050469 0.086294 0.002479
vn 0.047782 0.087838 -0.001173
vn 0.050515 0.086294 -0.001240
vn 0.047566 0.087838 -0.004685
vn 0.050287 0.086294 -0.004953
vn 0.047093 0.087838 -0.008171
vn 0.049786 0.086294 -0.008639
vn 0.046364 0.087838 -0.011614
vn 0.049016 0.086294 -0.012278
vn 0.045384 0.087838 -0.014993
vn 0.047980 0.086294 -0.015850
vn 0.044158 0.087838 -0.018291
vn 0.046684 0.086294 -0.019337
vn 0.042693 0.087838 -0.021490
vn 0.045135 0.086294 -0.022719
vn 0.040997 0.087838 -0.024572
vn 0.043341 0.086294 -0.025978
vn 0.039078 0.087838 -0.027522
vn 0.041313 0.086294 -0.029096
vn 0.036947 0.087838 -0.030322
vn 0.039060 0.086294 -0.032056
vn 0.034617 0.087838 -0.032958
vn 0.036596 0.086294 -0.034843
vn 0.032098 0.087838 -0.035415
vn 0.033934 0.086294 -0.037440
vn 0.029406 0.087838 -0.037680
vn 0.031088 0.086294 -0.039835
vn 0.026554 0.087838 -0.039741
vn 0.028073 0.086294 -0.042014
vn 0.023559 0.087838 -0.041587
vn 0.024906 0.086294 -0.043966
vn 0.020436 0.087838 -0.043208
vn 0.021604 0.086294 -0.045679
vn 0.017202 0.087838 -0.044594
vn 0.018186 0.086294 -0.047144
vn 0.013875 0.087838 -0.045739
vn 0.014668 0.086294 -0.048354
vn 0.010472 0.087838 -0.046635
vn 0.011071 0.086294 -0.049302
vn 0.007013 0.087838 -0.047279
vn 0.007414 0.086294 -0.049983
vn 0.003516 0.087838 -0.047667
vn 0.003717 0.086294 -0.050393
vn -0.000000 0.085028 -0.052633
vn 0.003861 0.085119 -0.052344
vn 0.003951 0.084357 -0.053557
vn 0.007880 0.084357 -0.053121
vn 0.005766 0.084007 -0.053941
vn 0.011467 0.084007 -0.053022
vn 0.011766 0.084357 -0.052397
vn 0.015589 0.084357 -0.051390
vn 0.011500 0.085119 -0.051211
vn 0.015236 0.085119 -0.050226
vn -0.004289 0.085119 -0.052310
vn -0.008550 0.085119 -0.051785
vn -0.012753 0.085119 -0.050913
vn -0.016871 0.085119 -0.049701
vn -0.020876 0.085119 -0.048156
vn -0.024742 0.085119 -0.046289
vn -0.028442 0.085119 -0.044112
vn -0.031951 0.085119 -0.041640
vn -0.035247 0.085119 -0.038890
vn -0.038308 0.085119 -0.035879
vn -0.041112 0.085119 -0.032628
vn -0.043641 0.085119 -0.029160
vn -0.045878 0.085119 -0.025496
vn -0.047808 0.085119 -0.021661
vn -0.049418 0.085119 -0.017682
vn -0.050698 0.085119 -0.013584
vn -0.051638 0.085119 -0.009396
vn -0.052233 0.085119 -0.005145
vn -0.052479 0.085119 -0.000859
vn -0.052374 0.085119 0.003433
vn -0.051918 0.085119 0.007701
vn -0.051115 0.085119 0.011918
vn -0.049970 0.085119 0.016056
vn -0.048491 0.085119 0.020086
vn -0.046687 0.085119 0.023981
vn -0.044571 0.085119 0.027716
vn -0.042157 0.085119 0.031266
vn -0.039461 0.085119 0.034606
vn -0.036501 0.085119 0.037715
vn -0.033297 0.085119 0.040572
vn -0.029870 0.085119 0.043158
vn -0.026243 0.085119 0.045454
vn -0.022441 0.085119 0.047447
vn -0.018488 0.085119 0.049122
vn -0.014412 0.085119 0.050469
vn -0.010240 0.085119 0.051478
vn -0.005998 0.085119 0.052142
vn -0.001717 0.085119 0.052458
vn 0.002575 0.085119 0.052423
vn 0.006851 0.085119 0.052037
vn 0.011080 0.085119 0.051303
vn 0.015236 0.085119 0.050226
vn 0.019289 0.085119 0.048813
vn 0.023214 0.085119 0.047073
vn 0.026983 0.085119 0.045019
vn 0.030572 0.085119 0.042663
vn 0.033956 0.085119 0.040022
vn 0.037113 0.085119 0.037113
vn 0.039743 0.085119 0.034282
vn 0.042157 0.085119 0.031266
vn 0.044343 0.085119 0.028080
vn 0.046289 0.085119 0.024742
vn 0.047983 0.085119 0.021270
vn 0.049418 0.085119 0.017682
vn 0.050585 0.085119 0.013999
vn 0.051478 0.085119 0.010240
vn 0.052091 0.085119 0.006425
vn 0.052423 0.085119 0.002575
vn 0.052470 0.085119 -0.001288
vn 0.052233 0.085119 -0.005145
vn 0.051713 0.085119 -0.008973
vn 0.050913 0.085119 -0.012753
vn 0.049837 0.085119 -0.016464
vn 0.048491 0.085119 -0.020086
vn 0.046882 0.085119 -0.023598
vn 0.045019 0.085119 -0.026983
vn 0.042912 0.085119 -0.030222
vn 0.040572 0.085119 -0.033297
vn 0.038013 0.085119 -0.036191
vn 0.035247 0.085119 -0.038890
vn 0.032291 0.085119 -0.041377
vn 0.029160 0.085119 -0.043641
vn 0.025870 0.085119 -0.045667
vn 0.022441 0.085119 -0.047447
vn 0.018889 0.085119 -0.048969
vn -0.004389 0.084357 -0.053522
vn -0.000000 0.084331 -0.053743
vn -0.000000 0.084007 -0.054248
vn -0.005766 0.084007 -0.053941
vn -0.008748 0.084357 -0.052985
vn -0.011467 0.084007 -0.053022
vn -0.013049 0.084357 -0.052093
vn -0.017038 0.084007 -0.051503
vn -0.017262 0.084357 -0.050852
vn -0.021360 0.084357 -0.049271
vn -0.022416 0.084007 -0.049400
vn -0.025315 0.084357 -0.047361
vn -0.027540 0.084007 -0.046738
vn -0.029101 0.084357 -0.045134
vn -0.032352 0.084007 -0.043546
vn -0.032692 0.084357 -0.042605
vn -0.036797 0.084007 -0.039860
vn -0.036064 0.084357 -0.039791
vn -0.039195 0.084357 -0.036710
vn -0.040825 0.084007 -0.035723
vn -0.042064 0.084357 -0.033384
vn -0.044391 0.084007 -0.031181
vn -0.044652 0.084357 -0.029835
vn -0.047454 0.084007 -0.026286
vn -0.046940 0.084357 -0.026087
vn -0.048915 0.084357 -0.022163
vn -0.049979 0.084007 -0.021093
vn -0.050563 0.084357 -0.018092
vn -0.051938 0.084007 -0.015661
vn -0.051872 0.084357 -0.013899
vn -0.053309 0.084007 -0.010052
vn -0.052835 0.084357 -0.009614
vn -0.053444 0.084357 -0.005264
vn -0.054075 0.084007 -0.004328
vn -0.053695 0.084357 -0.000879
vn -0.054229 0.084007 0.001444
vn -0.053587 0.084357 0.003512
vn -0.053768 0.084007 0.007200
vn -0.053121 0.084357 0.007880
vn -0.052698 0.084007 0.012875
vn -0.052299 0.084357 0.012194
vn -0.051128 0.084357 0.016428
vn -0.051031 0.084007 0.018403
vn -0.049614 0.084357 0.020551
vn -0.048786 0.084007 0.023723
vn -0.047769 0.084357 0.024537
vn -0.045988 0.084007 0.028774
vn -0.045604 0.084357 0.028358
vn -0.043134 0.084357 0.031990
vn -0.042669 0.084007 0.033499
vn -0.040375 0.084357 0.035408
vn -0.038866 0.084007 0.037845
vn -0.037347 0.084357 0.038589
vn -0.034623 0.084007 0.041762
vn -0.034068 0.084357 0.041512
vn -0.030562 0.084357 0.044158
vn -0.029988 0.084007 0.045206
vn -0.026851 0.084357 0.046507
vn -0.025013 0.084007 0.048137
vn -0.022961 0.084357 0.048546
vn -0.019755 0.084007 0.050523
vn -0.018917 0.084357 0.050260
vn -0.014273 0.084007 0.052337
vn -0.014746 0.084357 0.051638
vn -0.010477 0.084357 0.052670
vn -0.008629 0.084007 0.053557
vn -0.006137 0.084357 0.053350
vn -0.002887 0.084007 0.054171
vn -0.001757 0.084357 0.053673
vn 0.002887 0.084007 0.054171
vn 0.002635 0.084357 0.053637
vn 0.007010 0.084357 0.053243
vn 0.008629 0.084007 0.053557
vn 0.011337 0.084357 0.052492
vn 0.014273 0.084007 0.052337
vn 0.015589 0.084357 0.051390
vn 0.019755 0.084007 0.050523
vn 0.019736 0.084357 0.049944
vn 0.023752 0.084357 0.048164
vn 0.025013 0.084007 0.048137
vn 0.027608 0.084357 0.046062
vn 0.029988 0.084007 0.045206
vn 0.031280 0.084357 0.043652
vn 0.034623 0.084007 0.041762
vn 0.034743 0.084357 0.040949
vn 0.037973 0.084357 0.037973
vn 0.038866 0.084007 0.037845
vn 0.040664 0.084357 0.035077
vn 0.042669 0.084007 0.033499
vn 0.043134 0.084357 0.031990
vn 0.045988 0.084007 0.028774
vn 0.045370 0.084357 0.028730
vn 0.047361 0.084357 0.025315
vn 0.048786 0.084007 0.023723
vn 0.049095 0.084357 0.021762
vn 0.051031 0.084007 0.018403
vn 0.050563 0.084357 0.018092
vn 0.051757 0.084357 0.014323
vn 0.052698 0.084007 0.012875
vn 0.052670 0.084357 0.010477
vn 0.053768 0.084007 0.007200
vn 0.053298 0.084357 0.006574
vn 0.053637 0.084357 0.002635
vn 0.054229 0.084007 0.001444
vn 0.053686 0.084357 -0.001318
vn 0.054075 0.084007 -0.004328
vn 0.053444 0.084357 -0.005264
vn 0.053309 0.084007 -0.010052
vn 0.052911 0.084357 -0.009181
vn 0.052093 0.084357 -0.013049
vn 0.051938 0.084007 -0.015661
vn 0.050992 0.084357 -0.016845
vn 0.049979 0.084007 -0.021093
vn 0.049614 0.084357 -0.020551
vn 0.047968 0.084357 -0.024145
vn 0.047454 0.084007 -0.026286
vn 0.046062 0.084357 -0.027608
vn 0.044391 0.084007 -0.031181
vn 0.043906 0.084357 -0.030922
vn 0.041512 0.084357 -0.034068
vn 0.040825 0.084007 -0.035723
vn 0.038894 0.084357 -0.037030
vn 0.036797 0.084007 -0.039860
vn 0.036064 0.084357 -0.039791
vn 0.033039 0.084357 -0.042336
vn 0.032352 0.084007 -0.043546
vn 0.029835 0.084357 -0.044652
vn 0.027540 0.084007 -0.046738
vn 0.026470 0.084357 -0.046726
vn 0.022416 0.084007 -0.049400
vn 0.022961 0.084357 -0.048546
vn 0.019327 0.084357 -0.050104
vn 0.017038 0.084007 -0.051503
vn 0.003259 0.089653 -0.044178
vn 0.002951 0.091603 -0.040003
vn 0.002603 0.093531 -0.035287
vn 0.002230 0.095294 -0.030233
vn 0.001885 0.096660 -0.025558
vn 0.001546 0.097767 -0.020956
vn 0.001222 0.098611 -0.016565
vn 0.000921 0.099213 -0.012484
vn 0.000647 0.099612 -0.008774
vn 0.000403 0.099850 -0.005460
vn 0.000188 0.099968 -0.002542
vn 0.000374 0.099968 -0.002521
vn 0.000559 0.099968 -0.002487
vn 0.000740 0.099968 -0.002439
vn 0.000917 0.099968 -0.002378
vn 0.001090 0.099968 -0.002304
vn 0.001256 0.099968 -0.002218
vn 0.001416 0.099968 -0.002119
vn 0.001568 0.099968 -0.002010
vn 0.001712 0.099968 -0.001889
vn 0.001846 0.099968 -0.001758
vn 0.001970 0.099968 -0.001617
vn 0.002084 0.099968 -0.001468
vn 0.002186 0.099968 -0.001310
vn 0.002277 0.099968 -0.001146
vn 0.002355 0.099968 -0.000975
vn 0.002420 0.099968 -0.000800
vn 0.002473 0.099968 -0.000619
vn 0.002512 0.099968 -0.000436
vn 0.002537 0.099968 -0.000250
vn 0.002548 0.099968 -0.000063
vn 0.002546 0.099968 0.000125
vn 0.002530 0.099968 0.000312
vn 0.002500 0.099968 0.000497
vn 0.002457 0.099968 0.000680
vn 0.002400 0.099968 0.000859
vn 0.002330 0.099968 0.001033
vn 0.002248 0.099968 0.001202
vn 0.002154 0.099968 0.001364
vn 0.002047 0.099968 0.001518
vn 0.001930 0.099968 0.001665
vn 0.001802 0.099968 0.001802
vn 0.001649 0.099968 0.001944
vn 0.001485 0.099968 0.002072
vn 0.001310 0.099968 0.002186
vn 0.001127 0.099968 0.002286
vn 0.000937 0.099968 0.002371
vn 0.000740 0.099968 0.002439
vn 0.000538 0.099968 0.002492
vn 0.000333 0.099968 0.002527
vn 0.000125 0.099968 0.002546
vn -0.000083 0.099968 0.002548
vn -0.000291 0.099968 0.002532
vn -0.000497 0.099968 0.002500
vn -0.000700 0.099968 0.002451
vn -0.000898 0.099968 0.002386
vn -0.001090 0.099968 0.002304
vn -0.001275 0.099968 0.002208
vn -0.001451 0.099968 0.002096
vn -0.001617 0.099968 0.001970
vn -0.001773 0.099968 0.001832
vn -0.001916 0.099968 0.001681
vn -0.002047 0.099968 0.001518
vn -0.002165 0.099968 0.001346
vn -0.002267 0.099968 0.001165
vn -0.002355 0.099968 0.000975
vn -0.002427 0.099968 0.000780
vn -0.002482 0.099968 0.000579
vn -0.002521 0.099968 0.000374
vn -0.002544 0.099968 0.000167
vn -0.002549 0.099968 -0.000042
vn -0.002537 0.099968 -0.000250
vn -0.002508 0.099968 -0.000456
vn -0.002462 0.099968 -0.000660
vn -0.002400 0.099968 -0.000859
vn -0.002322 0.099968 -0.001052
vn -0.002228 0.099968 -0.001238
vn -0.002119 0.099968 -0.001416
vn -0.001997 0.099968 -0.001585
vn -0.001860 0.099968 -0.001743
vn -0.001712 0.099968 -0.001889
vn -0.001552 0.099968 -0.002022
vn -0.001381 0.099968 -0.002142
vn -0.001202 0.099968 -0.002248
vn -0.001014 0.099968 -0.002339
vn -0.000819 0.099968 -0.002414
vn -0.000619 0.099968 -0.002473
vn -0.000415 0.099968 -0.002515
vn -0.007216 0.089653 -0.043706
vn -0.010764 0.089653 -0.042970
vn -0.014239 0.089653 -0.041947
vn -0.017619 0.089653 -0.040643
vn -0.020882 0.089653 -0.039067
vn -0.024005 0.089653 -0.037230
vn -0.026967 0.089653 -0.035144
vn -0.029749 0.089653 -0.032823
vn -0.032332 0.089653 -0.030282
vn -0.034698 0.089653 -0.027538
vn -0.036832 0.089653 -0.024611
vn -0.038720 0.089653 -0.021518
vn -0.040349 0.089653 -0.018282
vn -0.041709 0.089653 -0.014924
vn -0.042789 0.089653 -0.011465
vn -0.043582 0.089653 -0.007930
vn -0.044085 0.089653 -0.004342
vn -0.044292 0.089653 -0.000725
vn -0.044203 0.089653 0.002897
vn -0.043819 0.089653 0.006500
vn -0.043141 0.089653 0.010059
vn -0.042174 0.089653 0.013551
vn -0.040926 0.089653 0.016952
vn -0.039404 0.089653 0.020240
vn -0.037618 0.089653 0.023392
vn -0.035581 0.089653 0.026388
vn -0.033305 0.089653 0.029208
vn -0.030807 0.089653 0.031832
vn -0.028102 0.089653 0.034243
vn -0.025210 0.089653 0.036425
vn -0.022149 0.089653 0.038363
vn -0.018940 0.089653 0.040045
vn -0.015604 0.089653 0.041459
vn -0.012164 0.089653 0.042595
vn -0.008642 0.089653 0.043447
vn -0.005063 0.089653 0.044008
vn -0.001449 0.089653 0.044274
vn 0.002174 0.089653 0.044245
vn 0.005782 0.089653 0.043919
vn 0.009352 0.089653 0.043300
vn 0.012859 0.089653 0.042391
vn 0.016280 0.089653 0.041198
vn 0.019593 0.089653 0.039730
vn 0.022774 0.089653 0.037996
vn 0.025803 0.089653 0.036008
vn 0.028659 0.089653 0.033778
vn 0.031323 0.089653 0.031323
vn 0.033543 0.089653 0.028934
vn 0.035581 0.089653 0.026388
vn 0.037425 0.089653 0.023699
vn 0.039067 0.089653 0.020882
vn 0.040498 0.089653 0.017951
vn 0.041709 0.089653 0.014924
vn 0.042693 0.089653 0.011815
vn 0.043447 0.089653 0.008642
vn 0.043965 0.089653 0.005423
vn 0.044245 0.089653 0.002174
vn 0.044285 0.089653 -0.001087
vn 0.044085 0.089653 -0.004342
vn 0.043646 0.089653 -0.007573
vn 0.042970 0.089653 -0.010764
vn 0.042062 0.089653 -0.013895
vn 0.040926 0.089653 -0.016952
vn 0.039568 0.089653 -0.019917
vn 0.037996 0.089653 -0.022774
vn 0.036217 0.089653 -0.025507
vn 0.034243 0.089653 -0.028102
vn 0.032083 0.089653 -0.030545
vn 0.029749 0.089653 -0.032823
vn 0.027254 0.089653 -0.034922
vn 0.024611 0.089653 -0.036832
vn 0.021834 0.089653 -0.038543
vn 0.018940 0.089653 -0.040045
vn 0.015943 0.089653 -0.041330
vn 0.012859 0.089653 -0.042391
vn 0.009706 0.089653 -0.043222
vn 0.006500 0.089653 -0.043819
vn -0.006534 0.091603 -0.039576
vn -0.009746 0.091603 -0.038909
vn -0.012893 0.091603 -0.037983
vn -0.015954 0.091603 -0.036802
vn -0.018908 0.091603 -0.035375
vn -0.021736 0.091603 -0.033712
vn -0.024418 0.091603 -0.031822
vn -0.026937 0.091603 -0.029721
vn -0.029276 0.091603 -0.027420
vn -0.031419 0.091603 -0.024936
vn -0.033351 0.091603 -0.022285
vn -0.035061 0.091603 -0.019485
vn -0.036536 0.091603 -0.016554
vn -0.037767 0.091603 -0.013513
vn -0.038745 0.091603 -0.010382
vn -0.039463 0.091603 -0.007181
vn -0.039918 0.091603 -0.003932
vn -0.040106 0.091603 -0.000656
vn -0.040025 0.091603 0.002623
vn -0.039677 0.091603 0.005886
vn -0.039064 0.091603 0.009108
vn -0.038189 0.091603 0.012270
vn -0.037058 0.091603 0.015350
vn -0.035680 0.091603 0.018327
vn -0.034063 0.091603 0.021182
vn -0.032218 0.091603 0.023894
vn -0.030157 0.091603 0.026447
vn -0.027895 0.091603 0.028823
vn -0.025446 0.091603 0.031006
vn -0.022827 0.091603 0.032982
vn -0.020056 0.091603 0.034737
vn -0.017150 0.091603 0.036260
vn -0.014129 0.091603 0.037540
vn -0.011014 0.091603 0.038570
vn -0.007825 0.091603 0.039341
vn -0.004584 0.091603 0.039849
vn -0.001312 0.091603 0.040090
vn 0.001968 0.091603 0.040063
vn 0.005236 0.091603 0.039768
vn 0.008468 0.091603 0.039207
vn 0.011644 0.091603 0.038384
vn 0.014742 0.091603 0.037304
vn 0.017741 0.091603 0.035975
vn 0.020621 0.091603 0.034405
vn 0.023364 0.091603 0.032604
vn 0.025950 0.091603 0.030586
vn 0.028363 0.091603 0.028363
vn 0.030373 0.091603 0.026200
vn 0.032218 0.091603 0.023894
vn 0.033888 0.091603 0.021459
vn 0.035375 0.091603 0.018908
vn 0.036670 0.091603 0.016255
vn 0.037767 0.091603 0.013513
vn 0.038658 0.091603 0.010698
vn 0.039341 0.091603 0.007825
vn 0.039810 0.091603 0.004910
vn 0.040063 0.091603 0.001968
vn 0.040099 0.091603 -0.000984
vn 0.039918 0.091603 -0.003932
vn 0.039521 0.091603 -0.006858
vn 0.038909 0.091603 -0.009746
vn 0.038087 0.091603 -0.012582
vn 0.037058 0.091603 -0.015350
vn 0.035828 0.091603 -0.018035
vn 0.034405 0.091603 -0.020621
vn 0.032794 0.091603 -0.023096
vn 0.031006 0.091603 -0.025446
vn 0.029051 0.091603 -0.027658
vn 0.026937 0.091603 -0.029721
vn 0.024678 0.091603 -0.031622
vn 0.022285 0.091603 -0.033351
vn 0.019771 0.091603 -0.034900
vn 0.017150 0.091603 -0.036260
vn 0.014436 0.091603 -0.037424
vn 0.011644 0.091603 -0.038384
vn 0.008788 0.091603 -0.039137
vn 0.005886 0.091603 -0.039677
vn -0.005764 0.093531 -0.034910
vn -0.008597 0.093531 -0.034322
vn -0.011373 0.093531 -0.033505
vn -0.014073 0.093531 -0.032463
vn -0.016679 0.093531 -0.031205
vn -0.019174 0.093531 -0.029737
vn -0.021540 0.093531 -0.028071
vn -0.023762 0.093531 -0.026217
vn -0.025825 0.093531 -0.024187
vn -0.027715 0.093531 -0.021996
vn -0.029420 0.093531 -0.019658
vn -0.030928 0.093531 -0.017188
vn -0.032229 0.093531 -0.014603
vn -0.033314 0.093531 -0.011920
vn -0.034177 0.093531 -0.009158
vn -0.034811 0.093531 -0.006334
vn -0.035212 0.093531 -0.003468
vn -0.035378 0.093531 -0.000579
vn -0.035307 0.093531 0.002314
vn -0.035000 0.093531 0.005192
vn -0.034458 0.093531 0.008035
vn -0.033687 0.093531 0.010824
vn -0.032689 0.093531 0.013540
vn -0.031474 0.093531 0.016167
vn -0.030047 0.093531 0.018685
vn -0.028420 0.093531 0.021077
vn -0.026602 0.093531 0.023329
vn -0.024607 0.093531 0.025425
vn -0.022447 0.093531 0.027351
vn -0.020136 0.093531 0.029094
vn -0.017691 0.093531 0.030642
vn -0.015128 0.093531 0.031986
vn -0.012464 0.093531 0.033115
vn -0.009716 0.093531 0.034023
vn -0.006903 0.093531 0.034703
vn -0.004044 0.093531 0.035151
vn -0.001158 0.093531 0.035364
vn 0.001736 0.093531 0.035340
vn 0.004618 0.093531 0.035080
vn 0.007470 0.093531 0.034585
vn 0.010271 0.093531 0.033859
vn 0.013004 0.093531 0.032907
vn 0.015649 0.093531 0.031734
vn 0.018190 0.093531 0.030349
vn 0.020610 0.093531 0.028761
vn 0.022891 0.093531 0.026980
vn 0.025019 0.093531 0.025019
vn 0.026792 0.093531 0.023111
vn 0.028420 0.093531 0.021077
vn 0.029893 0.093531 0.018930
vn 0.031205 0.093531 0.016679
vn 0.032347 0.093531 0.014339
vn 0.033314 0.093531 0.011920
vn 0.034101 0.093531 0.009437
vn 0.034703 0.093531 0.006903
vn 0.035117 0.093531 0.004331
vn 0.035340 0.093531 0.001736
vn 0.035372 0.093531 -0.000868
vn 0.035212 0.093531 -0.003468
vn 0.034862 0.093531 -0.006049
vn 0.034322 0.093531 -0.008597
vn 0.033597 0.093531 -0.011099
vn 0.032689 0.093531 -0.013540
vn 0.031605 0.093531 -0.015908
vn 0.030349 0.093531 -0.018190
vn 0.028928 0.093531 -0.020374
vn 0.027351 0.093531 -0.022447
vn 0.025626 0.093531 -0.024398
vn 0.023762 0.093531 -0.026217
vn 0.021769 0.093531 -0.027894
vn 0.019658 0.093531 -0.029420
vn 0.017440 0.093531 -0.030786
vn 0.015128 0.093531 -0.031986
vn 0.012734 0.093531 -0.033012
vn 0.010271 0.093531 -0.033859
vn 0.007752 0.093531 -0.034523
vn 0.005192 0.093531 -0.035000
vn -0.004938 0.095294 -0.029910
vn -0.007366 0.095294 -0.029406
vn -0.009744 0.095294 -0.028706
vn -0.012058 0.095294 -0.027814
vn -0.014290 0.095294 -0.026735
vn -0.016427 0.095294 -0.025478
vn -0.018454 0.095294 -0.024050
vn -0.020358 0.095294 -0.022462
vn -0.022126 0.095294 -0.020723
vn -0.023745 0.095294 -0.018845
vn -0.025206 0.095294 -0.016842
vn -0.026498 0.095294 -0.014726
vn -0.027613 0.095294 -0.012511
vn -0.028543 0.095294 -0.010213
vn -0.029282 0.095294 -0.007846
vn -0.029825 0.095294 -0.005427
vn -0.030169 0.095294 -0.002971
vn -0.030311 0.095294 -0.000496
vn -0.030250 0.095294 0.001983
vn -0.029987 0.095294 0.004448
vn -0.029523 0.095294 0.006884
vn -0.028862 0.095294 0.009273
vn -0.028007 0.095294 0.011601
vn -0.026965 0.095294 0.013851
vn -0.025743 0.095294 0.016008
vn -0.024349 0.095294 0.018058
vn -0.022792 0.095294 0.019988
vn -0.021082 0.095294 0.021784
vn -0.019231 0.095294 0.023434
vn -0.017252 0.095294 0.024927
vn -0.015157 0.095294 0.026253
vn -0.012961 0.095294 0.027404
vn -0.010678 0.095294 0.028372
vn -0.008324 0.095294 0.029150
vn -0.005914 0.095294 0.029732
vn -0.003465 0.095294 0.030116
vn -0.000992 0.095294 0.030299
vn 0.001487 0.095294 0.030278
vn 0.003957 0.095294 0.030055
vn 0.006400 0.095294 0.029632
vn 0.008800 0.095294 0.029009
vn 0.011141 0.095294 0.028193
vn 0.013408 0.095294 0.027188
vn 0.015585 0.095294 0.026002
vn 0.017658 0.095294 0.024641
vn 0.019612 0.095294 0.023116
vn 0.021436 0.095294 0.021436
vn 0.022955 0.095294 0.019801
vn 0.024349 0.095294 0.018058
vn 0.025612 0.095294 0.016218
vn 0.026735 0.095294 0.014290
vn 0.027714 0.095294 0.012285
vn 0.028543 0.095294 0.010213
vn 0.029217 0.095294 0.008085
vn 0.029732 0.095294 0.005914
vn 0.030087 0.095294 0.003711
vn 0.030278 0.095294 0.001487
vn 0.030306 0.095294 -0.000744
vn 0.030169 0.095294 -0.002971
vn 0.029868 0.095294 -0.005183
vn 0.029406 0.095294 -0.007366
vn 0.028785 0.095294 -0.009509
vn 0.028007 0.095294 -0.011601
vn 0.027078 0.095294 -0.013630
vn 0.026002 0.095294 -0.015585
vn 0.024785 0.095294 -0.017455
vn 0.023434 0.095294 -0.019231
vn 0.021955 0.095294 -0.020903
vn 0.020358 0.095294 -0.022462
vn 0.018651 0.095294 -0.023899
vn 0.016842 0.095294 -0.025206
vn 0.014942 0.095294 -0.026376
vn 0.012961 0.095294 -0.027404
vn 0.010910 0.095294 -0.028283
vn 0.008800 0.095294 -0.029009
vn 0.006642 0.095294 -0.029578
vn 0.004448 0.095294 -0.029987
vn -0.004175 0.096660 -0.025285
vn -0.006227 0.096660 -0.024859
vn -0.008238 0.096660 -0.024267
vn -0.010193 0.096660 -0.023513
vn -0.012081 0.096660 -0.022601
vn -0.013887 0.096660 -0.021538
vn -0.015601 0.096660 -0.020331
vn -0.017210 0.096660 -0.018988
vn -0.018704 0.096660 -0.017518
vn -0.020073 0.096660 -0.015931
vn -0.021308 0.096660 -0.014238
vn -0.022400 0.096660 -0.012449
vn -0.023343 0.096660 -0.010576
vn -0.024129 0.096660 -0.008634
vn -0.024754 0.096660 -0.006633
vn -0.025213 0.096660 -0.004588
vn -0.025504 0.096660 -0.002512
vn -0.025624 0.096660 -0.000419
vn -0.025572 0.096660 0.001676
vn -0.025350 0.096660 0.003760
vn -0.024958 0.096660 0.005819
vn -0.024399 0.096660 0.007839
vn -0.023676 0.096660 0.009807
vn -0.022796 0.096660 0.011709
vn -0.021763 0.096660 0.013533
vn -0.020584 0.096660 0.015266
vn -0.019267 0.096660 0.016897
vn -0.017822 0.096660 0.018415
vn -0.016258 0.096660 0.019810
vn -0.014584 0.096660 0.021072
vn -0.012814 0.096660 0.022194
vn -0.010957 0.096660 0.023167
vn -0.009027 0.096660 0.023985
vn -0.007037 0.096660 0.024642
vn -0.005000 0.096660 0.025135
vn -0.002929 0.096660 0.025459
vn -0.000838 0.096660 0.025613
vn 0.001257 0.096660 0.025596
vn 0.003345 0.096660 0.025408
vn 0.005410 0.096660 0.025050
vn 0.007439 0.096660 0.024524
vn 0.009418 0.096660 0.023834
vn 0.011335 0.096660 0.022984
vn 0.013175 0.096660 0.021981
vn 0.014927 0.096660 0.020831
vn 0.016580 0.096660 0.019541
vn 0.018121 0.096660 0.018121
vn 0.019405 0.096660 0.016739
vn 0.020584 0.096660 0.015266
vn 0.021651 0.096660 0.013710
vn 0.022601 0.096660 0.012081
vn 0.023429 0.096660 0.010385
vn 0.024129 0.096660 0.008634
vn 0.024699 0.096660 0.006835
vn 0.025135 0.096660 0.005000
vn 0.025434 0.096660 0.003137
vn 0.025596 0.096660 0.001257
vn 0.025619 0.096660 -0.000629
vn 0.025504 0.096660 -0.002512
vn 0.025250 0.096660 -0.004381
vn 0.024859 0.096660 -0.006227
vn 0.024334 0.096660 -0.008039
vn 0.023676 0.096660 -0.009807
vn 0.022891 0.096660 -0.011522
vn 0.021981 0.096660 -0.013175
vn 0.020952 0.096660 -0.014756
vn 0.019810 0.096660 -0.016258
vn 0.018560 0.096660 -0.017671
vn 0.017210 0.096660 -0.018988
vn 0.015767 0.096660 -0.020203
vn 0.014238 0.096660 -0.021308
vn 0.012632 0.096660 -0.022298
vn 0.010957 0.096660 -0.023167
vn 0.009223 0.096660 -0.023910
vn 0.007439 0.096660 -0.024524
vn 0.005615 0.096660 -0.025004
vn 0.003760 0.096660 -0.025350
vn -0.003423 0.097767 -0.020732
vn -0.005106 0.097767 -0.020383
vn -0.006754 0.097767 -0.019898
vn -0.008358 0.097767 -0.019279
vn -0.009905 0.097767 -0.018532
vn -0.011387 0.097767 -0.017660
vn -0.012792 0.097767 -0.016671
vn -0.014111 0.097767 -0.015570
vn -0.015337 0.097767 -0.014364
vn -0.016459 0.097767 -0.013063
vn -0.017472 0.097767 -0.011674
vn -0.018367 0.097767 -0.010207
vn -0.019140 0.097767 -0.008672
vn -0.019785 0.097767 -0.007079
vn -0.020297 0.097767 -0.005439
vn -0.020673 0.097767 -0.003762
vn -0.020912 0.097767 -0.002060
vn -0.021010 0.097767 -0.000344
vn -0.020968 0.097767 0.001374
vn -0.020785 0.097767 0.003083
vn -0.020464 0.097767 0.004772
vn -0.020006 0.097767 0.006428
vn -0.019413 0.097767 0.008041
vn -0.018691 0.097767 0.009601
vn -0.017844 0.097767 0.011096
vn -0.016878 0.097767 0.012517
vn -0.015798 0.097767 0.013855
vn -0.014613 0.097767 0.015099
vn -0.013330 0.097767 0.016243
vn -0.011958 0.097767 0.017278
vn -0.010506 0.097767 0.018198
vn -0.008984 0.097767 0.018995
vn -0.007402 0.097767 0.019666
vn -0.005770 0.097767 0.020205
vn -0.004099 0.097767 0.020609
vn -0.002402 0.097767 0.020875
vn -0.000688 0.097767 0.021002
vn 0.001031 0.097767 0.020988
vn 0.002743 0.097767 0.020833
vn 0.004436 0.097767 0.020539
vn 0.006100 0.097767 0.020108
vn 0.007723 0.097767 0.019542
vn 0.009294 0.097767 0.018846
vn 0.010803 0.097767 0.018023
vn 0.012240 0.097767 0.017080
vn 0.013594 0.097767 0.016023
vn 0.014858 0.097767 0.014858
vn 0.015911 0.097767 0.013725
vn 0.016878 0.097767 0.012517
vn 0.017753 0.097767 0.011242
vn 0.018532 0.097767 0.009905
vn 0.019210 0.097767 0.008515
vn 0.019785 0.097767 0.007079
vn 0.020252 0.097767 0.005604
vn 0.020609 0.097767 0.004099
vn 0.020855 0.097767 0.002572
vn 0.020988 0.097767 0.001031
vn 0.021007 0.097767 -0.000516
vn 0.020912 0.097767 -0.002060
vn 0.020704 0.097767 -0.003592
vn 0.020383 0.097767 -0.005106
vn 0.019952 0.097767 -0.006591
vn 0.019413 0.097767 -0.008041
vn 0.018769 0.097767 -0.009448
vn 0.018023 0.097767 -0.010803
vn 0.017180 0.097767 -0.012099
vn 0.016243 0.097767 -0.013330
vn 0.015219 0.097767 -0.014489
vn 0.014111 0.097767 -0.015570
vn 0.012928 0.097767 -0.016565
vn 0.011674 0.097767 -0.017472
vn 0.010357 0.097767 -0.018283
vn 0.008984 0.097767 -0.018995
vn 0.007562 0.097767 -0.019605
vn 0.006100 0.097767 -0.020108
vn 0.004604 0.097767 -0.020502
vn 0.003083 0.097767 -0.020785
vn -0.002706 0.098611 -0.016388
vn -0.004036 0.098611 -0.016112
vn -0.005339 0.098611 -0.015728
vn -0.006607 0.098611 -0.015239
vn -0.007830 0.098611 -0.014649
vn -0.009001 0.098611 -0.013960
vn -0.010111 0.098611 -0.013177
vn -0.011154 0.098611 -0.012307
vn -0.012123 0.098611 -0.011354
vn -0.013010 0.098611 -0.010326
vn -0.013811 0.098611 -0.009228
vn -0.014518 0.098611 -0.008068
vn -0.015129 0.098611 -0.006855
vn -0.015639 0.098611 -0.005596
vn -0.016044 0.098611 -0.004299
vn -0.016341 0.098611 -0.002973
vn -0.016530 0.098611 -0.001628
vn -0.016608 0.098611 -0.000272
vn -0.016574 0.098611 0.001086
vn -0.016430 0.098611 0.002437
vn -0.016176 0.098611 0.003772
vn -0.015814 0.098611 0.005081
vn -0.015345 0.098611 0.006356
vn -0.014775 0.098611 0.007589
vn -0.014105 0.098611 0.008771
vn -0.013341 0.098611 0.009894
vn -0.012488 0.098611 0.010952
vn -0.011551 0.098611 0.011935
vn -0.010537 0.098611 0.012840
vn -0.009453 0.098611 0.013658
vn -0.008305 0.098611 0.014384
vn -0.007102 0.098611 0.015015
vn -0.005851 0.098611 0.015545
vn -0.004561 0.098611 0.015971
vn -0.003240 0.098611 0.016291
vn -0.001898 0.098611 0.016501
vn -0.000543 0.098611 0.016601
vn 0.000815 0.098611 0.016590
vn 0.002168 0.098611 0.016468
vn 0.003507 0.098611 0.016235
vn 0.004822 0.098611 0.015895
vn 0.006104 0.098611 0.015447
vn 0.007346 0.098611 0.014897
vn 0.008539 0.098611 0.014247
vn 0.009675 0.098611 0.013501
vn 0.010746 0.098611 0.012665
vn 0.011745 0.098611 0.011745
vn 0.012577 0.098611 0.010849
vn 0.013341 0.098611 0.009894
vn 0.014033 0.098611 0.008886
vn 0.014649 0.098611 0.007830
vn 0.015185 0.098611 0.006731
vn 0.015639 0.098611 0.005596
vn 0.016008 0.098611 0.004430
vn 0.016291 0.098611 0.003240
vn 0.016485 0.098611 0.002033
vn 0.016590 0.098611 0.000815
vn 0.016605 0.098611 -0.000408
vn 0.016530 0.098611 -0.001628
vn 0.016365 0.098611 -0.002840
vn 0.016112 0.098611 -0.004036
vn 0.015771 0.098611 -0.005210
vn 0.015345 0.098611 -0.006356
vn 0.014836 0.098611 -0.007468
vn 0.014247 0.098611 -0.008539
vn 0.013580 0.098611 -0.009564
vn 0.012840 0.098611 -0.010537
vn 0.012030 0.098611 -0.011453
vn 0.011154 0.098611 -0.012307
vn 0.010219 0.098611 -0.013094
vn 0.009228 0.098611 -0.013811
vn 0.008187 0.098611 -0.014452
vn 0.007102 0.098611 -0.015015
vn 0.005978 0.098611 -0.015497
vn 0.004822 0.098611 -0.015895
vn 0.003639 0.098611 -0.016206
vn 0.002437 0.098611 -0.016430
vn -0.002039 0.099213 -0.012351
vn -0.003042 0.099213 -0.012143
vn -0.004024 0.099213 -0.011854
vn -0.004979 0.099213 -0.011485
vn -0.005901 0.099213 -0.011040
vn -0.006783 0.099213 -0.010521
vn -0.007620 0.099213 -0.009931
vn -0.008406 0.099213 -0.009275
vn -0.009136 0.099213 -0.008557
vn -0.009805 0.099213 -0.007782
vn -0.010408 0.099213 -0.006955
vn -0.010942 0.099213 -0.006081
vn -0.011402 0.099213 -0.005166
vn -0.011786 0.099213 -0.004217
vn -0.012091 0.099213 -0.003240
vn -0.012316 0.099213 -0.002241
vn -0.012458 0.099213 -0.001227
vn -0.012516 0.099213 -0.000205
vn -0.012491 0.099213 0.000819
vn -0.012382 0.099213 0.001837
vn -0.012191 0.099213 0.002843
vn -0.011918 0.099213 0.003829
vn -0.011565 0.099213 0.004790
vn -0.011135 0.099213 0.005719
vn -0.010630 0.099213 0.006610
vn -0.010054 0.099213 0.007457
vn -0.009411 0.099213 0.008254
vn -0.008705 0.099213 0.008995
vn -0.007941 0.099213 0.009676
vn -0.007124 0.099213 0.010293
vn -0.006259 0.099213 0.010841
vn -0.005352 0.099213 0.011316
vn -0.004409 0.099213 0.011716
vn -0.003437 0.099213 0.012037
vn -0.002442 0.099213 0.012277
vn -0.001431 0.099213 0.012436
vn -0.000410 0.099213 0.012511
vn 0.000614 0.099213 0.012503
vn 0.001634 0.099213 0.012411
vn 0.002643 0.099213 0.012236
vn 0.003634 0.099213 0.011979
vn 0.004601 0.099213 0.011642
vn 0.005536 0.099213 0.011227
vn 0.006435 0.099213 0.010737
vn 0.007291 0.099213 0.010175
vn 0.008098 0.099213 0.009545
vn 0.008851 0.099213 0.008851
vn 0.009479 0.099213 0.008176
vn 0.010054 0.099213 0.007457
vn 0.010576 0.099213 0.006697
vn 0.011040 0.099213 0.005901
vn 0.011444 0.099213 0.005073
vn 0.011786 0.099213 0.004217
vn 0.012064 0.099213 0.003339
vn 0.012277 0.099213 0.002442
vn 0.012424 0.099213 0.001532
vn 0.012503 0.099213 0.000614
vn 0.012514 0.099213 -0.000307
vn 0.012458 0.099213 -0.001227
vn 0.012334 0.099213 -0.002140
vn 0.012143 0.099213 -0.003042
vn 0.011886 0.099213 -0.003927
vn 0.011565 0.099213 -0.004790
vn 0.011181 0.099213 -0.005628
vn 0.010737 0.099213 -0.006435
vn 0.010234 0.099213 -0.007208
vn 0.009676 0.099213 -0.007941
vn 0.009066 0.099213 -0.008632
vn 0.008406 0.099213 -0.009275
vn 0.007701 0.099213 -0.009868
vn 0.006955 0.099213 -0.010408
vn 0.006170 0.099213 -0.010892
vn 0.005352 0.099213 -0.011316
vn 0.004505 0.099213 -0.011679
vn 0.003634 0.099213 -0.011979
vn 0.002743 0.099213 -0.012214
vn 0.001837 0.099213 -0.012382
vn -0.001433 0.099612 -0.008680
vn -0.002138 0.099612 -0.008534
vn -0.002828 0.099612 -0.008331
vn -0.003499 0.099612 -0.008072
vn -0.004147 0.099612 -0.007759
vn -0.004767 0.099612 -0.007394
vn -0.005356 0.099612 -0.006980
vn -0.005908 0.099612 -0.006519
vn -0.006421 0.099612 -0.006014
vn -0.006891 0.099612 -0.005469
vn -0.007315 0.099612 -0.004888
vn -0.007690 0.099612 -0.004274
vn -0.008014 0.099612 -0.003631
vn -0.008283 0.099612 -0.002964
vn -0.008498 0.099612 -0.002277
vn -0.008656 0.099612 -0.001575
vn -0.008755 0.099612 -0.000862
vn -0.008797 0.099612 -0.000144
vn -0.008779 0.099612 0.000575
vn -0.008703 0.099612 0.001291
vn -0.008568 0.099612 0.001998
vn -0.008376 0.099612 0.002691
vn -0.008128 0.099612 0.003367
vn -0.007826 0.099612 0.004020
vn -0.007471 0.099612 0.004646
vn -0.007066 0.099612 0.005241
vn -0.006614 0.099612 0.005801
vn -0.006118 0.099612 0.006322
vn -0.005581 0.099612 0.006801
vn -0.005007 0.099612 0.007234
vn -0.004399 0.099612 0.007619
vn -0.003762 0.099612 0.007953
vn -0.003099 0.099612 0.008234
vn -0.002416 0.099612 0.008460
vn -0.001716 0.099612 0.008629
vn -0.001005 0.099612 0.008740
vn -0.000288 0.099612 0.008793
vn 0.000432 0.099612 0.008787
vn 0.001148 0.099612 0.008722
vn 0.001857 0.099612 0.008599
vn 0.002554 0.099612 0.008419
vn 0.003233 0.099612 0.008182
vn 0.003891 0.099612 0.007890
vn 0.004523 0.099612 0.007546
vn 0.005124 0.099612 0.007151
vn 0.005692 0.099612 0.006709
vn 0.006221 0.099612 0.006221
vn 0.006662 0.099612 0.005746
vn 0.007066 0.099612 0.005241
vn 0.007433 0.099612 0.004707
vn 0.007759 0.099612 0.004147
vn 0.008043 0.099612 0.003565
vn 0.008283 0.099612 0.002964
vn 0.008479 0.099612 0.002346
vn 0.008629 0.099612 0.001716
vn 0.008732 0.099612 0.001077
vn 0.008787 0.099612 0.000432
vn 0.008795 0.099612 -0.000216
vn 0.008755 0.099612 -0.000862
vn 0.008668 0.099612 -0.001504
vn 0.008534 0.099612 -0.002138
vn 0.008354 0.099612 -0.002760
vn 0.008128 0.099612 -0.003367
vn 0.007858 0.099612 -0.003956
vn 0.007546 0.099612 -0.004523
vn 0.007193 0.099612 -0.005066
vn 0.006801 0.099612 -0.005581
vn 0.006372 0.099612 -0.006066
vn 0.005908 0.099612 -0.006519
vn 0.005413 0.099612 -0.006936
vn 0.004888 0.099612 -0.007315
vn 0.004336 0.099612 -0.007655
vn 0.003762 0.099612 -0.007953
vn 0.003166 0.099612 -0.008208
vn 0.002554 0.099612 -0.008419
vn 0.001928 0.099612 -0.008584
vn 0.001291 0.099612 -0.008703
vn -0.000892 0.099850 -0.005402
vn -0.001330 0.099850 -0.005311
vn -0.001760 0.099850 -0.005185
vn -0.002178 0.099850 -0.005023
vn -0.002581 0.099850 -0.004829
vn -0.002967 0.099850 -0.004602
vn -0.003333 0.099850 -0.004344
vn -0.003677 0.099850 -0.004057
vn -0.003996 0.099850 -0.003743
vn -0.004289 0.099850 -0.003404
vn -0.004552 0.099850 -0.003042
vn -0.004786 0.099850 -0.002660
vn -0.004987 0.099850 -0.002260
vn -0.005155 0.099850 -0.001845
vn -0.005289 0.099850 -0.001417
vn -0.005387 0.099850 -0.000980
vn -0.005449 0.099850 -0.000537
vn -0.005474 0.099850 -0.000090
vn -0.005463 0.099850 0.000358
vn -0.005416 0.099850 0.000803
vn -0.005332 0.099850 0.001243
vn -0.005213 0.099850 0.001675
vn -0.005058 0.099850 0.002095
vn -0.004870 0.099850 0.002502
vn -0.004650 0.099850 0.002891
vn -0.004398 0.099850 0.003262
vn -0.004116 0.099850 0.003610
vn -0.003808 0.099850 0.003934
vn -0.003473 0.099850 0.004232
vn -0.003116 0.099850 0.004502
vn -0.002738 0.099850 0.004742
vn -0.002341 0.099850 0.004950
vn -0.001929 0.099850 0.005124
vn -0.001503 0.099850 0.005265
vn -0.001068 0.099850 0.005370
vn -0.000626 0.099850 0.005439
vn -0.000179 0.099850 0.005472
vn 0.000269 0.099850 0.005469
vn 0.000715 0.099850 0.005428
vn 0.001156 0.099850 0.005352
vn 0.001589 0.099850 0.005239
vn 0.002012 0.099850 0.005092
vn 0.002422 0.099850 0.004911
vn 0.002815 0.099850 0.004696
vn 0.003189 0.099850 0.004450
vn 0.003542 0.099850 0.004175
vn 0.003872 0.099850 0.003872
vn 0.004146 0.099850 0.003576
vn 0.004398 0.099850 0.003262
vn 0.004626 0.099850 0.002929
vn 0.004829 0.099850 0.002581
vn 0.005005 0.099850 0.002219
vn 0.005155 0.099850 0.001845
vn 0.005277 0.099850 0.001460
vn 0.005370 0.099850 0.001068
vn 0.005434 0.099850 0.000670
vn 0.005469 0.099850 0.000269
vn 0.005474 0.099850 -0.000134
vn 0.005449 0.099850 -0.000537
vn 0.005395 0.099850 -0.000936
vn 0.005311 0.099850 -0.001330
vn 0.005199 0.099850 -0.001717
vn 0.005058 0.099850 -0.002095
vn 0.004891 0.099850 -0.002462
vn 0.004696 0.099850 -0.002815
vn 0.004476 0.099850 -0.003153
vn 0.004232 0.099850 -0.003473
vn 0.003965 0.099850 -0.003775
vn 0.003677 0.099850 -0.004057
vn 0.003369 0.099850 -0.004316
vn 0.003042 0.099850 -0.004552
vn 0.002699 0.099850 -0.004764
vn 0.002341 0.099850 -0.004950
vn 0.001970 0.099850 -0.005108
vn 0.001589 0.099850 -0.005239
vn 0.001200 0.099850 -0.005342
vn 0.000803 0.099850 -0.005416
vn 0.007701 0.085119 -0.051918
vn -0.017856 0.000000 -0.098393
vn -0.008964 0.000000 -0.099597
vn -0.000000 0.000000 -0.100000
vn 0.008964 0.000000 -0.099597
vn 0.017856 0.000000 -0.098393
vn 0.026604 0.000000 -0.096396
vn 0.035137 0.000000 -0.093623
vn 0.043388 0.000000 -0.090097
vn 0.051290 0.000000 -0.085845
vn 0.058779 0.000000 -0.080902
vn 0.065794 0.000000 -0.075307
vn 0.072279 0.000000 -0.069106
vn 0.078183 0.000000 -0.062349
vn 0.083457 0.000000 -0.055090
vn 0.088060 0.000000 -0.047387
vn 0.091953 0.000000 -0.039303
vn 0.095106 0.000000 -0.030902
vn 0.097493 0.000000 -0.022252
vn 0.099095 0.000000 -0.013423
vn 0.099899 0.000000 -0.004486
vn 0.099899 -0.000000 0.004486
vn 0.099095 -0.000000 0.013423
vn 0.097493 -0.000000 0.022252
vn 0.095106 -0.000000 0.030902
vn 0.091953 -0.000000 0.039303
vn 0.088060 -0.000000 0.047387
vn 0.083457 -0.000000 0.055090
vn 0.078183 -0.000000 0.062349
vn 0.072279 -0.000000 0.069106
vn 0.065794 -0.000000 0.075307
vn 0.058779 -0.000000 0.080902
vn 0.051290 -0.000000 0.085845
vn 0.043388 -0.000000 0.090097
vn 0.035137 -0.000000 0.093623
vn 0.026604 -0.000000 0.096396
vn 0.017856 -0.000000 0.098393
vn 0.008964 -0.000000 0.099597
vn 0.000000 0.000000 0.100000
vn -0.008964 0.000000 0.099597
vn -0.017856 0.000000 0.098393
vn -0.026604 0.000000 0.096396
vn -0.035137 0.000000 0.093623
vn -0.043388 0.000000 0.090097
vn -0.051290 0.000000 0.085845
vn -0.058779 0.000000 0.080902
vn -0.065794 0.000000 0.075307
vn -0.072279 0.000000 0.069106
vn -0.078183 0.000000 0.062349
vn -0.083457 0.000000 0.055090
vn -0.088060 0.000000 0.047387
vn -0.091953 0.000000 0.039303
vn -0.095106 0.000000 0.030902
vn -0.097493 0.000000 0.022252
vn -0.099095 0.000000 0.013423
vn -0.099899 0.000000 0.004486
vn -0.099899 0.000000 -0.004486
vn -0.099095 0.000000 -0.013423
vn -0.097493 0.000000 -0.022252
vn -0.095106 0.000000 -0.030902
vn -0.091953 0.000000 -0.039303
vn -0.088060 0.000000 -0.047387
vn -0.083457 0.000000 -0.055090
vn -0.078183 0.000000 -0.062349
vn -0.072279 0.000000 -0.069106
vn -0.065794 0.000000 -0.075307
vn -0.058779 0.000000 -0.080902
vn -0.051290 0.000000 -0.085845
vn -0.043388 0.000000 -0.090097
vn -0.035137 0.000000 -0.093623
vn -0.026604 0.000000 -0.096396
vn 0.000000 -0.100000 0.000000
vn 0.000000 -0.100000 0.000000
vn 0.000000 -0.100000 0.000000
vn 0.000000 -0.100000 0.000000
vn 0.000000 -0.100000 0.000000
vn 0.000000 -0.100000 0.000000
vn 0.000000 -0.100000 0.000000
vn 0.000000 -0.100000 0.000000
vn 0.000000 -0.100000 0.000000
vn 0.000000 -0.100000 0.000000
vn 0.000000 -0.100000 0.000000
vn 0.000000 -0.100000 0.000000
vn 0.000000 -0.100000 0.000000
vn 0.000000 -0.100000 0.000000
vn 0.000000 -0.100000 0.000000
vn 0.000000 -0.100000 0.000000
vn 0.000000 -0.100000 0.000000
vn 0.000000 -0.100000 0.000000
vn 0.000000 -0.100000 0.000000
vn 0.000000 -0.100000 0.000000
vn 0.000000 -0.100000 0.000000
vn 0.000000 -0.100000 0.000000
vn 0.000000 -0.100000 0.000000
vn 0.000000 -0.100000 0.000000
vn 0.000000 -0.100000 0.000000
vn 0.000000 -0.100000 0.000000
vn 0.000000 -0.100000 0.000000
vn 0.000000 -0.100000 0.000000
vn 0.000000 -0.100000 0.000000
vn 0.000000 -0.100000 0.000000
vn 0.000000 -0.100000 0.000000
vn 0.000000 -0.100000 0.000000
vn 0.017856 -0.000000 0.098393
vn 0.000000 0.000000 0.100000
vn 0.000000 0.000000 0.100000
vn -0.017856 0.000000 0.098393
vn -0.017856 0.000000 0.098393
vn -0.035137 0.000000 0.093623
vn -0.035137 0.000000 0.093623
vn -0.051290 0.000000 0.085845
vn -0.051290 0.000000 0.085845
vn -0.065794 0.000000 0.075307
vn -0.065794 0.000000 0.075307
vn -0.078183 0.000000 0.062349
vn -0.078183 0.000000 0.062349
vn -0.088060 0.000000 0.047387
vn -0.088060 0.000000 0.047387
vn -0.095106 0.000000 0.030902
vn -0.095106 0.000000 0.030902
vn -0.099095 0.000000 0.013423
vn -0.099095 0.000000 0.013423
vn -0.099899 0.000000 -0.004486
vn -0.099899 0.000000 -0.004486
vn -0.097493 0.000000 -0.022252
vn -0.097493 0.000000 -0.022252
vn -0.091953 0.000000 -0.039303
vn -0.091953 0.000000 -0.039303
vn -0.083457 0.000000 -0.055090
vn -0.083457 0.000000 -0.055090
vn -0.072279 0.000000 -0.069106
vn -0.072279 0.000000 -0.069106
vn -0.058779 0.000000 -0.080902
vn -0.058779 0.000000 -0.080902
vn -0.043388 0.000000 -0.090097
vn -0.043388 0.000000 -0.090097
vn -0.026604 0.000000 -0.096396
vn -0.026604 0.000000 -0.096396
vn -0.008964 0.000000 -0.099597
vn -0.008964 0.000000 -0.099597
vn 0.008964 0.000000 -0.099597
vn 0.008964 0.000000 -0.099597
vn 0.026604 0.000000 -0.096396
vn 0.026604 0.000000 -0.096396
vn 0.043388 0.000000 -0.090097
vn 0.043388 0.000000 -0.090097
vn 0.058779 0.000000 -0.080902
vn 0.058779 0.000000 -0.080902
vn 0.072279 0.000000 -0.069106
vn 0.072279 0.000000 -0.069106
vn 0.083457 0.000000 -0.055090
vn 0.083457 0.000000 -0.055090
vn 0.091953 0.000000 -0.039303
vn 0.091953 0.000000 -0.039303
vn 0.097493 0.000000 -0.022252
vn 0.097493 0.000000 -0.022252
vn 0.099899 0.000000 -0.004486
vn 0.099899 0.000000 -0.004486
vn 0.099095 -0.000000 0.013423
vn 0.099095 -0.000000 0.013423
vn 0.095106 -0.000000 0.030902
vn 0.095106 -0.000000 0.030902
vn 0.088060 -0.000000 0.047387
vn 0.088060 -0.000000 0.047387
vn 0.078183 -0.000000 0.062349
vn 0.078183 -0.000000 0.062349
vn 0.065794 -0.000000 0.075307
vn 0.065794 -0.000000 0.075307
vn 0.051290 -0.000000 0.085845
vn 0.051290 -0.000000 0.085845
vn 0.035137 -0.000000 0.093623
vn 0.035137 -0.000000 0.093623
vn 0.017856 -0.000000 0.098393
vn 0.000000 -0.100000 0.000000
vn 0.000000 -0.100000 0.000000
vn 0.000000 -0.100000 0.000000
vn 0.000000 -0.100000 0.000000
vn 0.000000 -0.100000 0.000000
vn 0.000000 -0.100000 0.000000
vn 0.000000 -0.100000 0.000000
vn 0.000000 -0.100000 0.000000
vn 0.000000 -0.100000 0.000000
vn 0.000000 -0.100000 0.000000
vn 0.000000 -0.100000 0.000000
vn 0.000000 -0.100000 0.000000
vn 0.000000 -0.100000 0.000000
vn 0.000000 -0.100000 0.000000
vn 0.000000 -0.100000 0.000000
vn 0.000000 -0.100000 0.000000
vn 0.000000 -0.100000 0.000000
vn 0.000000 -0.100000 0.000000
vn 0.000000 -0.100000 0.000000
vn 0.000000 -0.100000 0.000000
vn 0.000000 -0.100000 0.000000
vn 0.000000 -0.100000 0.000000
vn 0.000000 -0.100000 0.000000
vn 0.000000 -0.100000 0.000000
vn 0.000000 -0.100000 0.000000
vn 0.000000 -0.100000 0.000000
vn 0.000000 -0.100000 0.000000
vn 0.000000 -0.100000 0.000000
vn 0.000000 -0.100000 0.000000
vn 0.000000 -0.100000 0.000000
vn 0.000000 -0.100000 0.000000
vn 0.000000 -0.100000 0.000000
vn -0.008658 -0.025882 0.096204
vn 0.008658 -0.025882 0.096204
vn 0.025697 -0.025882 0.093112
vn 0.041910 -0.025882 0.087027
vn 0.056776 -0.025882 0.078145
vn 0.069817 -0.025882 0.066752
vn 0.080614 -0.025882 0.053213
vn 0.088820 -0.025882 0.037963
vn 0.094171 -0.025882 0.021494
vn 0.096495 -0.025882 0.004334
vn 0.095718 -0.025882 -0.012966
vn 0.091865 -0.025882 -0.029849
vn 0.085059 -0.025882 -0.045772
vn 0.075519 -0.025882 -0.060224
vn 0.063552 -0.025882 -0.072741
vn 0.049542 -0.025882 -0.082920
vn 0.033940 -0.025882 -0.090433
vn 0.017247 -0.025882 -0.095040
vn 0.000000 -0.025882 -0.096593
vn -0.017247 -0.025882 -0.095040
vn -0.033940 -0.025882 -0.090433
vn -0.049542 -0.025882 -0.082920
vn -0.063552 -0.025882 -0.072741
vn -0.075519 -0.025882 -0.060224
vn -0.085059 -0.025882 -0.045772
vn -0.091865 -0.025882 -0.029849
vn -0.095718 -0.025882 -0.012966
vn -0.096495 -0.025882 0.004334
vn -0.094171 -0.025882 0.021494
vn -0.088820 -0.025882 0.037963
vn -0.080614 -0.025882 0.053213
vn -0.069817 -0.025882 0.066752
vn -0.056776 -0.025882 0.078145
vn -0.041910 -0.025882 0.087027
vn -0.025697 -0.025882 0.093112
vn 0.002320 -0.096593 0.025778
vn -0.002320 -0.096593 0.025778
vn -0.006886 -0.096593 0.024949
vn -0.011230 -0.096593 0.023319
vn -0.015213 -0.096593 0.020939
vn -0.018707 -0.096593 0.017886
vn -0.021600 -0.096593 0.014258
vn -0.023799 -0.096593 0.010172
vn -0.041729 -0.086603 0.027545
vn -0.045976 -0.086603 0.019651
vn -0.059013 -0.070711 0.038954
vn -0.065020 -0.070711 0.027791
vn -0.072276 -0.050000 0.047709
vn -0.079633 -0.050000 0.034037
vn 0.006886 -0.096593 0.024949
vn 0.011230 -0.096593 0.023319
vn 0.015213 -0.096593 0.020939
vn 0.018707 -0.096593 0.017886
vn 0.021600 -0.096593 0.014258
vn 0.023799 -0.096593 0.010172
vn 0.045976 -0.086603 0.019651
vn 0.048746 -0.086603 0.011126
vn 0.068938 -0.070711 0.015735
vn 0.070639 -0.070711 0.003172
vn 0.086515 -0.050000 0.003885
vn 0.085819 -0.050000 -0.011625
vn 0.025233 -0.096593 0.005759
vn 0.049950 -0.086603 0.002243
vn 0.070071 -0.070711 -0.009492
vn 0.082364 -0.050000 -0.026762
vn 0.025856 -0.096593 0.001161
vn 0.049547 -0.086603 -0.006712
vn 0.067250 -0.070711 -0.021851
vn 0.076262 -0.050000 -0.041038
vn 0.025648 -0.096593 -0.003474
vn 0.047553 -0.086603 -0.015451
vn 0.062268 -0.070711 -0.033508
vn 0.067709 -0.050000 -0.053996
vn 0.024615 -0.096593 -0.007998
vn 0.044030 -0.086603 -0.023693
vn 0.055284 -0.070711 -0.044087
vn 0.056979 -0.050000 -0.065218
vn 0.022791 -0.096593 -0.012265
vn 0.039092 -0.086603 -0.031174
vn 0.046523 -0.070711 -0.053250
vn 0.044418 -0.050000 -0.074344
vn 0.020235 -0.096593 -0.016137
vn 0.032897 -0.086603 -0.037654
vn 0.036267 -0.070711 -0.060701
vn 0.030430 -0.050000 -0.081080
vn 0.017029 -0.096593 -0.019491
vn 0.025645 -0.086603 -0.042922
vn 0.024846 -0.070711 -0.066202
vn 0.015463 -0.050000 -0.085211
vn 0.013275 -0.096593 -0.022218
vn 0.017569 -0.086603 -0.046812
vn 0.012626 -0.070711 -0.069574
vn 0.000000 -0.050000 -0.086603
vn 0.009094 -0.096593 -0.024232
vn 0.008928 -0.086603 -0.049196
vn 0.000000 -0.070711 -0.070711
vn -0.015463 -0.050000 -0.085211
vn 0.004621 -0.096593 -0.025466
vn 0.000000 -0.086603 -0.050000
vn -0.012626 -0.070711 -0.069574
vn -0.030430 -0.050000 -0.081080
vn 0.000000 -0.096593 -0.025882
vn -0.008928 -0.086603 -0.049196
vn -0.024846 -0.070711 -0.066202
vn -0.044418 -0.050000 -0.074344
vn -0.004621 -0.096593 -0.025466
vn -0.009094 -0.096593 -0.024232
vn -0.013275 -0.096593 -0.022218
vn -0.017029 -0.096593 -0.019491
vn -0.020235 -0.096593 -0.016137
vn -0.022791 -0.096593 -0.012265
vn -0.024615 -0.096593 -0.007998
vn -0.025648 -0.096593 -0.003474
vn -0.025856 -0.096593 0.001161
vn -0.025233 -0.096593 0.005759
vn -0.007763 -0.050000 0.086254
vn 0.007763 -0.050000 0.086254
vn 0.023039 -0.050000 0.083482
vn 0.037575 -0.050000 0.078026
vn 0.050904 -0.050000 0.070063
vn 0.062596 -0.050000 0.059848
vn 0.072276 -0.050000 0.047709
vn 0.079633 -0.050000 0.034037
vn 0.084431 -0.050000 0.019271
vn -0.006338 -0.070711 0.070426
vn 0.006338 -0.070711 0.070426
vn 0.018812 -0.070711 0.068162
vn 0.030680 -0.070711 0.063708
vn 0.041563 -0.070711 0.057206
vn 0.051109 -0.070711 0.048866
vn 0.059013 -0.070711 0.038954
vn 0.065020 -0.070711 0.027791
vn -0.023039 -0.050000 0.083482
vn -0.037575 -0.050000 0.078026
vn -0.050904 -0.050000 0.070063
vn -0.062596 -0.050000 0.059848
vn -0.004482 -0.086603 0.049799
vn 0.004482 -0.086603 0.049799
vn 0.013302 -0.086603 0.048198
vn 0.021694 -0.086603 0.045048
vn 0.029389 -0.086603 0.040451
vn 0.036140 -0.086603 0.034553
vn 0.041729 -0.086603 0.027545
vn -0.018812 -0.070711 0.068162
vn -0.030680 -0.070711 0.063708
vn -0.041563 -0.070711 0.057206
vn -0.051109 -0.070711 0.048866
vn -0.013302 -0.086603 0.048198
vn -0.021694 -0.086603 0.045048
vn -0.029389 -0.086603 0.040451
vn -0.036140 -0.086603 0.034553
vn -0.084431 -0.050000 0.019271
vn -0.086515 -0.050000 0.003885
vn -0.085819 -0.050000 -0.011625
vn -0.082364 -0.050000 -0.026762
vn -0.076262 -0.050000 -0.041038
vn -0.067709 -0.050000 -0.053996
vn -0.056979 -0.050000 -0.065218
vn -0.068938 -0.070711 0.015735
vn -0.070639 -0.070711 0.003172
vn -0.070071 -0.070711 -0.009492
vn -0.067250 -0.070711 -0.021851
vn -0.062268 -0.070711 -0.033508
vn -0.055284 -0.070711 -0.044087
vn -0.046523 -0.070711 -0.053250
vn -0.036267 -0.070711 -0.060701
vn -0.048746 -0.086603 0.011126
vn -0.049950 -0.086603 0.002243
vn -0.049547 -0.086603 -0.006712
vn -0.047553 -0.086603 -0.015451
vn -0.044030 -0.086603 -0.023693
vn -0.039092 -0.086603 -0.031174
vn -0.032897 -0.086603 -0.037654
vn -0.025645 -0.086603 -0.042922
vn -0.017569 -0.086603 -0.046812
vn 0.008658 -0.025882 -0.096204
vn -0.008658 -0.025882 -0.096204
vn -0.025697 -0.025882 -0.093112
vn -0.041910 -0.025882 -0.087027
vn -0.056776 -0.025882 -0.078145
vn -0.069817 -0.025882 -0.066752
vn -0.080614 -0.025882 -0.053213
vn -0.088820 -0.025882 -0.037963
vn -0.094171 -0.025882 -0.021494
vn -0.096495 -0.025882 -0.004334
vn -0.095718 -0.025882 0.012966
vn -0.091865 -0.025882 0.029849
vn -0.085059 -0.025882 0.045772
vn -0.075519 -0.025882 0.060224
vn -0.063552 -0.025882 0.072741
vn -0.049542 -0.025882 0.082920
vn -0.033940 -0.025882 0.090433
vn -0.017247 -0.025882 0.095040
vn -0.000000 -0.025882 0.096593
vn 0.017247 -0.025882 0.095040
vn 0.033940 -0.025882 0.090433
vn 0.049542 -0.025882 0.082920
vn 0.063552 -0.025882 0.072741
vn 0.075519 -0.025882 0.060224
vn 0.085059 -0.025882 0.045772
vn 0.091865 -0.025882 0.029849
vn 0.095718 -0.025882 0.012966
vn 0.096495 -0.025882 -0.004334
vn 0.094171 -0.025882 -0.021494
vn 0.088820 -0.025882 -0.037963
vn 0.080614 -0.025882 -0.053213
vn 0.069817 -0.025882 -0.066752
vn 0.056776 -0.025882 -0.078145
vn 0.041910 -0.025882 -0.087027
vn 0.025697 -0.025882 -0.093112
vn -0.002320 -0.096593 -0.025778
vn 0.002320 -0.096593 -0.025778
vn 0.006886 -0.096593 -0.024949
vn 0.011230 -0.096593 -0.023319
vn 0.015213 -0.096593 -0.020939
vn 0.018707 -0.096593 -0.017886
vn 0.021600 -0.096593 -0.014258
vn 0.023799 -0.096593 -0.010172
vn 0.041729 -0.086603 -0.027545
vn 0.045976 -0.086603 -0.019651
vn 0.059013 -0.070711 -0.038954
vn 0.065020 -0.070711 -0.027791
vn 0.072276 -0.050000 -0.047709
vn 0.079633 -0.050000 -0.034037
vn -0.006886 -0.096593 -0.024949
vn -0.011230 -0.096593 -0.023319
vn -0.015213 -0.096593 -0.020939
vn -0.018707 -0.096593 -0.017886
vn -0.021600 -0.096593 -0.014258
vn -0.023799 -0.096593 -0.010172
vn -0.045976 -0.086603 -0.019651
vn -0.048746 -0.086603 -0.011126
vn -0.068938 -0.070711 -0.015735
vn -0.070639 -0.070711 -0.003172
vn -0.086515 -0.050000 -0.003885
vn -0.085819 -0.050000 0.011625
vn -0.025233 -0.096593 -0.005759
vn -0.049950 -0.086603 -0.002243
vn -0.070071 -0.070711 0.009492
vn -0.082364 -0.050000 0.026762
vn -0.025856 -0.096593 -0.001161
vn -0.049547 -0.086603 0.006712
vn -0.067250 -0.070711 0.021851
vn -0.076262 -0.050000 0.041038
vn -0.025648 -0.096593 0.003474
vn -0.047553 -0.086603 0.015451
vn -0.062268 -0.070711 0.033508
vn -0.067709 -0.050000 0.053996
vn -0.024615 -0.096593 0.007998
vn -0.044030 -0.086603 0.023693
vn -0.055284 -0.070711 0.044087
vn -0.056979 -0.050000 0.065218
vn -0.022791 -0.096593 0.012265
vn -0.039092 -0.086603 0.031174
vn -0.046523 -0.070711 0.053250
vn -0.044418 -0.050000 0.074344
vn -0.020235 -0.096593 0.016137
vn -0.032897 -0.086603 0.037654
vn -0.036267 -0.070711 0.060701
vn -0.030430 -0.050000 0.081080
vn -0.017029 -0.096593 0.019491
vn -0.025645 -0.086603 0.042922
vn -0.024846 -0.070711 0.066202
vn -0.015463 -0.050000 0.085211
vn -0.013275 -0.096593 0.022218
vn -0.017569 -0.086603 0.046812
vn -0.012626 -0.070711 0.069574
vn -0.000000 -0.050000 0.086603
vn -0.009094 -0.096593 0.024232
vn -0.008928 -0.086603 0.049196
vn -0.000000 -0.070711 0.070711
vn 0.015463 -0.050000 0.085211
vn -0.004621 -0.096593 0.025466
vn -0.000000 -0.086603 0.050000
vn 0.012626 -0.070711 0.069574
vn 0.030430 -0.050000 0.081080
vn -0.000000 -0.096593 0.025882
vn 0.008928 -0.086603 0.049196
vn 0.024846 -0.070711 0.066202
vn 0.044418 -0.050000 0.074344
vn 0.004621 -0.096593 0.025466
vn 0.009094 -0.096593 0.024232
vn 0.013275 -0.096593 0.022218
vn 0.017029 -0.096593 0.019491
vn 0.020235 -0.096593 0.016137
vn 0.022791 -0.096593 0.012265
vn 0.024615 -0.096593 0.007998
vn 0.025648 -0.096593 0.003474
vn 0.025856 -0.096593 -0.001161
vn 0.025233 -0.096593 -0.005759
vn 0.007763 -0.050000 -0.086254
vn -0.007763 -0.050000 -0.086254
vn -0.023039 -0.050000 -0.083482
vn -0.037575 -0.050000 -0.078026
vn -0.050904 -0.050000 -0.070063
vn -0.062596 -0.050000 -0.059848
vn -0.072276 -0.050000 -0.047709
vn -0.079633 -0.050000 -0.034037
vn -0.084431 -0.050000 -0.019271
vn 0.006338 -0.070711 -0.070426
vn -0.006338 -0.070711 -0.070426
vn -0.018812 -0.070711 -0.068162
vn -0.030680 -0.070711 -0.063708
vn -0.041563 -0.070711 -0.057206
vn -0.051109 -0.070711 -0.048866
vn -0.059013 -0.070711 -0.038954
vn -0.065020 -0.070711 -0.027791
vn 0.023039 -0.050000 -0.083482
vn 0.037575 -0.050000 -0.078026
vn 0.050904 -0.050000 -0.070063
vn 0.062596 -0.050000 -0.059848
vn 0.004482 -0.086603 -0.049799
vn -0.004482 -0.086603 -0.049799
vn -0.013302 -0.086603 -0.048198
vn -0.021694 -0.086603 -0.045048
vn -0.029389 -0.086603 -0.040451
vn -0.036140 -0.086603 -0.034553
vn -0.041729 -0.086603 -0.027545
vn 0.018812 -0.070711 -0.068162
vn 0.030680 -0.070711 -0.063708
vn 0.041563 -0.070711 -0.057206
vn 0.051109 -0.070711 -0.048866
vn 0.013302 -0.086603 -0.048198
vn 0.021694 -0.086603 -0.045048
vn 0.029389 -0.086603 -0.040451
vn 0.036140 -0.086603 -0.034553
vn 0.084431 -0.050000 -0.019271
vn 0.086515 -0.050000 -0.003885
vn 0.085819 -0.050000 0.011625
vn 0.082364 -0.050000 0.026762
vn 0.076262 -0.050000 0.041038
vn 0.067709 -0.050000 0.053996
vn 0.056979 -0.050000 0.065218
vn 0.068938 -0.070711 -0.015735
vn 0.070639 -0.070711 -0.003172
vn 0.070071 -0.070711 0.009492
vn 0.067250 -0.070711 0.021851
vn 0.062268 -0.070711 0.033508
vn 0.055284 -0.070711 0.044087
vn 0.046523 -0.070711 0.053250
vn 0.036267 -0.070711 0.060701
vn 0.048746 -0.086603 -0.011126
vn 0.049950 -0.086603 -0.002243
vn 0.049547 -0.086603 0.006712
vn 0.047553 -0.086603 0.015451
vn 0.044030 -0.086603 0.023693
vn 0.039092 -0.086603 0.031174
vn 0.032897 -0.086603 0.037654
vn 0.025645 -0.086603 0.042922
vn 0.017569 -0.086603 0.046812
usemtl Opaque(76,76,76)
f 1/1/1 2/2/2 57/3/3
f 57/3/3 2/2/2 3/4/4
f 57/3/3 3/4/4 4/5/5
f 4/5/5 5/6/6 57/3/3
f 57/3/3 5/6/6 6/7/7
f 57/3/3 6/7/7 7/8/8
f 7/8/8 8/9/9 57/3/3
f 57/3/3 8/9/9 9/10/10
f 57/3/3 9/10/10 10/11/11
f 10/11/11 11/12/12 57/3/3
f 57/3/3 11/12/12 12/13/13
f 57/3/3 12/13/13 56/14/14
f 56/14/14 12/13/13 13/15/15
f 56/14/14 13/15/15 14/16/16
f 56/14/14 14/16/16 55/17/17
f 55/17/17 14/16/16 15/18/18
f 55/17/17 15/18/18 16/19/19
f 16/19/19 17/20/20 55/17/17
f 55/17/17 17/20/20 35/21/21
f 55/17/17 35/21/21 54/22/22
f 54/22/22 35/21/21 36/23/23
f 54/22/22 36/23/23 53/24/24
f 53/24/24 36/23/23 37/25/25
f 53/24/24 37/25/25 52/26/26
f 52/26/26 37/25/25 38/27/27
f 52/26/26 38/27/27 51/28/28
f 51/28/28 38/27/27 39/29/29
f 51/28/28 39/29/29 50/30/30
f 50/30/30 39/29/29 40/31/31
f 50/30/30 40/31/31 49/32/32
f 49/32/32 40/31/31 41/33/33
f 49/32/32 41/33/33 48/34/34
f 48/34/34 41/33/33 42/35/35
f 48/34/34 42/35/35 47/36/36
f 47/36/36 42/35/35 43/37/37
f 47/36/36 43/37/37 46/38/38
f 46/38/38 43/37/37 44/39/39
f 46/38/38 44/39/39 45/40/40
f 17/20/20 18/41/41 35/21/21
f 35/21/21 18/41/41 19/42/42
f 35/21/21 19/42/42 34/43/43
f 34/43/43 19/42/42 20/44/44
f 34/43/43 20/44/44 21/45/45
f 34/43/43 21/45/45 33/46/46
f 33/46/46 21/45/45 22/47/47
f 33/46/46 22/47/47 23/48/48
f 23/48/48 24/49/49 33/46/46
f 33/46/46 24/49/49 25/50/50
f 33/46/46 25/50/50 26/51/51
f 26/51/51 27/52/52 33/46/46
f 33/46/46 27/52/52 28/53/53
f 33/46/46 28/53/53 29/54/54
f 29/54/54 30/55/55 33/46/46
f 33/46/46 30/55/55 31/56/56
f 33/46/46 31/56/56 32/57/57
f 59/58/58 137/59/59 58/60/60
f 58/60/60 137/59/59 138/61/61
f 58/60/60 138/61/61 77/62/62
f 77/62/62 138/61/61 76/63/63
f 76/63/63 138/61/61 139/64/64
f 76/63/63 139/64/64 75/65/65
f 75/65/65 139/64/64 140/66/66
f 75/65/65 140/66/66 74/67/67
f 74/67/67 140/66/66 73/68/68
f 73/68/68 140/66/66 141/69/69
f 73/68/68 141/69/69 72/70/70
f 72/70/70 141/69/69 142/71/71
f 72/70/70 142/71/71 71/72/72
f 71/72/72 142/71/71 143/73/73
f 71/72/72 143/73/73 70/74/74
f 70/74/74 143/73/73 116/75/75
f 70/74/74 116/75/75 69/76/76
f 69/76/76 116/75/75 117/77/77
f 69/76/76 117/77/77 68/78/78
f 68/78/78 117/77/77 118/79/79
f 68/78/78 118/79/79 67/80/80
f 67/80/80 118/79/79 119/81/81
f 67/80/80 119/81/81 65/82/82
f 65/82/82 119/81/81 120/83/83
f 65/82/82 120/83/83 121/84/84
f 60/85/85 115/86/86 59/58/58
f 59/58/58 115/86/86 112/87/87
f 59/58/58 112/87/87 113/88/88
f 61/89/89 193/90/90 60/85/85
f 60/85/85 193/90/90 194/91/91
f 60/85/85 194/91/91 195/92/92
f 58/60/60 90/93/93 61/89/89
f 61/89/89 90/93/93 170/94/94
f 61/89/89 170/94/94 171/95/95
f 63/96/96 64/97/97 62/98/98
f 62/98/98 64/97/97 183/99/99
f 62/98/98 183/99/99 184/100/100
f 65/82/82 113/88/88 64/97/97
f 64/97/97 113/88/88 114/101/101
f 64/97/97 114/101/101 175/102/102
f 175/102/102 114/101/101 174/103/103
f 174/103/103 114/101/101 173/104/104
f 173/104/104 114/101/101 172/105/105
f 172/105/105 114/101/101 199/106/106
f 199/106/106 114/101/101 198/107/107
f 198/107/107 114/101/101 197/108/108
f 197/108/108 114/101/101 196/109/109
f 196/109/109 114/101/101 195/92/92
f 195/92/92 114/101/101 60/85/85
f 65/82/82 66/110/110 67/80/80
f 77/62/62 78/111/111 58/60/60
f 58/60/60 78/111/111 206/112/112
f 58/60/60 206/112/112 207/113/113
f 206/112/112 78/111/111 205/114/114
f 205/114/114 78/111/111 79/115/115
f 205/114/114 79/115/115 204/116/116
f 204/116/116 79/115/115 80/117/117
f 204/116/116 80/117/117 81/118/118
f 204/116/116 81/118/118 203/119/119
f 203/119/119 81/118/118 82/120/120
f 203/119/119 82/120/120 202/121/121
f 202/121/121 82/120/120 83/122/122
f 202/121/121 83/122/122 201/123/123
f 201/123/123 83/122/122 84/124/124
f 201/123/123 84/124/124 200/125/125
f 200/125/125 84/124/124 85/126/126
f 200/125/125 85/126/126 227/127/127
f 227/127/127 85/126/126 86/128/128
f 227/127/127 86/128/128 226/129/129
f 226/129/129 86/128/128 87/130/130
f 226/129/129 87/130/130 225/131/131
f 225/131/131 87/130/130 224/132/132
f 224/132/132 87/130/130 88/133/133
f 224/132/132 88/133/133 89/134/134
f 90/93/93 58/60/60 89/134/134
f 89/134/134 58/60/60 216/135/135
f 89/134/134 216/135/135 217/136/136
f 91/137/137 162/138/138 90/93/93
f 90/93/93 162/138/138 163/139/139
f 90/93/93 163/139/139 164/140/140
f 91/137/137 92/141/141 162/138/138
f 162/138/138 92/141/141 161/142/142
f 161/142/142 92/141/141 160/143/143
f 160/143/143 92/141/141 93/144/144
f 160/143/143 93/144/144 159/145/145
f 159/145/145 93/144/144 94/146/146
f 159/145/145 94/146/146 158/147/147
f 158/147/147 94/146/146 95/148/148
f 158/147/147 95/148/148 157/149/149
f 157/149/149 95/148/148 96/150/150
f 157/149/149 96/150/150 156/151/151
f 156/151/151 96/150/150 97/152/152
f 156/151/151 97/152/152 155/153/153
f 155/153/153 97/152/152 98/154/154
f 155/153/153 98/154/154 154/155/155
f 154/155/155 98/154/154 99/156/156
f 154/155/155 99/156/156 100/157/157
f 154/155/155 100/157/157 153/158/158
f 153/158/158 100/157/157 101/159/159
f 153/158/158 101/159/159 152/160/160
f 152/160/160 101/159/159 61/89/89
f 152/160/160 61/89/89 151/161/161
f 151/161/161 61/89/89 150/162/162
f 150/162/162 61/89/89 149/163/163
f 149/163/163 61/89/89 148/164/164
f 148/164/164 61/89/89 147/165/165
f 147/165/165 61/89/89 146/166/166
f 146/166/166 61/89/89 145/167/167
f 145/167/167 61/89/89 144/168/168
f 144/168/168 61/89/89 171/95/95
f 101/159/159 102/169/169 61/89/89
f 61/89/89 102/169/169 192/170/170
f 61/89/89 192/170/170 193/90/90
f 102/169/169 103/171/171 192/170/170
f 192/170/170 103/171/171 191/172/172
f 191/172/172 103/171/171 104/173/173
f 191/172/172 104/173/173 190/174/174
f 190/174/174 104/173/173 105/175/175
f 190/174/174 105/175/175 106/176/176
f 190/174/174 106/176/176 189/177/177
f 189/177/177 106/176/176 107/178/178
f 189/177/177 107/178/178 188/179/179
f 188/179/179 107/178/178 108/180/180
f 188/179/179 108/180/180 187/181/181
f 187/181/181 108/180/180 109/182/182
f 187/181/181 109/182/182 186/183/183
f 186/183/183 109/182/182 110/184/184
f 186/183/183 110/184/184 185/185/185
f 185/185/185 110/184/184 111/186/186
f 185/185/185 111/186/186 184/100/100
f 184/100/100 111/186/186 62/98/98
f 114/101/101 115/86/86 60/85/85
f 121/84/84 122/187/187 65/82/82
f 65/82/82 122/187/187 123/188/188
f 65/82/82 123/188/188 124/189/189
f 124/189/189 125/190/190 65/82/82
f 65/82/82 125/190/190 126/191/191
f 65/82/82 126/191/191 127/192/192
f 65/82/82 127/192/192 113/88/88
f 113/88/88 127/192/192 128/193/193
f 113/88/88 128/193/193 129/194/194
f 129/194/194 130/195/195 113/88/88
f 113/88/88 130/195/195 131/196/196
f 113/88/88 131/196/196 132/197/197
f 132/197/197 133/198/198 113/88/88
f 113/88/88 133/198/198 134/199/199
f 113/88/88 134/199/199 135/200/200
f 113/88/88 135/200/200 59/58/58
f 59/58/58 135/200/200 136/201/201
f 59/58/58 136/201/201 137/59/59
f 164/140/140 165/202/202 90/93/93
f 90/93/93 165/202/202 166/203/203
f 90/93/93 166/203/203 167/204/204
f 167/204/204 168/205/205 90/93/93
f 90/93/93 168/205/205 169/206/206
f 90/93/93 169/206/206 170/94/94
f 175/102/102 176/207/207 64/97/97
f 64/97/97 176/207/207 177/208/208
f 64/97/97 177/208/208 178/209/209
f 178/209/209 179/210/210 64/97/97
f 64/97/97 179/210/210 180/211/211
f 64/97/97 180/211/211 181/212/212
f 181/212/212 182/213/213 64/97/97
f 64/97/97 182/213/213 183/99/99
f 207/113/113 208/214/214 58/60/60
f 58/60/60 208/214/214 209/215/215
f 58/60/60 209/215/215 210/216/216
f 210/216/216 211/217/217 58/60/60
f 58/60/60 211/217/217 212/218/218
f 58/60/60 212/218/218 213/219/219
f 213/219/219 214/220/220 58/60/60
f 58/60/60 214/220/220 215/221/221
f 58/60/60 215/221/221 216/135/135
f 217/136/136 218/222/222 89/134/134
f 89/134/134 218/222/222 219/223/223
f 89/134/134 219/223/223 220/224/224
f 220/224/224 221/225/225 89/134/134
f 89/134/134 221/225/225 222/226/226
f 89/134/134 222/226/226 223/227/227
f 223/227/227 224/132/132 89/134/134
f 228/228/228 229/229/229 58/230/230
f 58/230/230 229/229/229 59/231/231
f 229/232/232 230/233/233 59/234/234
f 59/234/234 230/233/233 60/235/235
f 230/236/236 231/237/237 60/238/238
f 60/238/238 231/237/237 61/239/239
f 231/240/240 228/241/241 61/242/242
f 61/242/242 228/241/241 58/243/243
usemtl Opaque(41,36,34)
f 228/244/244 323/245/245 229/246/246
f 229/246/246 323/245/245 324/247/247
f 229/246/246 324/247/247 325/248/248
f 231/249/249 346/250/250 228/244/244
f 228/244/244 346/250/250 398/251/251
f 228/244/244 398/251/251 399/252/252
f 230/253/253 365/254/254 231/249/249
f 231/249/249 365/254/254 366/255/255
f 231/249/249 366/255/255 276/256/256
f 276/256/256 366/255/255 275/257/257
f 275/257/257 366/255/255 367/258/258
f 275/257/257 367/258/258 274/259/259
f 274/259/259 367/258/258 368/260/260
f 274/259/259 368/260/260 273/261/261
f 273/261/261 368/260/260 272/262/262
f 272/262/262 368/260/260 369/263/263
f 272/262/262 369/263/263 271/264/264
f 271/264/264 369/263/263 370/265/265
f 271/264/264 370/265/265 270/266/266
f 270/266/266 370/265/265 371/267/267
f 270/266/266 371/267/267 269/268/268
f 269/268/268 371/267/267 372/269/269
f 269/268/268 372/269/269 268/270/270
f 268/270/270 372/269/269 373/271/271
f 268/270/270 373/271/271 267/272/272
f 267/272/272 373/271/271 374/273/273
f 267/272/272 374/273/273 301/274/274
f 301/274/274 374/273/273 375/275/275
f 301/274/274 375/275/275 300/276/276
f 300/276/276 375/275/275 376/277/277
f 300/276/276 376/277/277 299/278/278
f 299/278/278 376/277/277 377/279/279
f 299/278/278 377/279/279 298/280/280
f 298/280/280 377/279/279 378/281/281
f 298/280/280 378/281/281 297/282/282
f 297/282/282 378/281/281 296/283/283
f 296/283/283 378/281/281 238/284/284
f 296/283/283 238/284/284 239/285/285
f 229/246/246 382/286/286 230/253/253
f 230/253/253 382/286/286 383/287/287
f 230/253/253 383/287/287 384/288/288
f 233/289/289 314/290/290 232/291/291
f 232/291/291 314/290/290 315/292/292
f 232/291/291 315/292/292 266/293/293
f 266/293/293 315/292/292 316/294/294
f 266/293/293 316/294/294 265/295/295
f 265/295/295 316/294/294 317/296/296
f 265/295/295 317/296/296 264/297/297
f 264/297/297 317/296/296 318/298/298
f 264/297/297 318/298/298 263/299/299
f 263/299/299 318/298/298 319/300/300
f 263/299/299 319/300/300 262/301/301
f 262/301/301 319/300/300 320/302/302
f 262/301/301 320/302/302 261/303/303
f 261/303/303 320/302/302 260/304/304
f 260/304/304 320/302/302 321/305/305
f 260/304/304 321/305/305 259/306/306
f 259/306/306 321/305/305 322/307/307
f 259/306/306 322/307/307 258/308/308
f 258/308/308 322/307/307 228/244/244
f 258/308/308 228/244/244 257/309/309
f 257/309/309 228/244/244 408/310/310
f 257/309/309 408/310/310 409/311/311
f 314/290/290 233/289/289 313/312/312
f 313/312/312 233/289/289 234/313/313
f 313/312/312 234/313/313 312/314/314
f 312/314/314 234/313/313 235/315/315
f 312/314/314 235/315/315 311/316/316
f 311/316/316 235/315/315 236/317/317
f 311/316/316 236/317/317 310/318/318
f 310/318/318 236/317/317 237/319/319
f 310/318/318 237/319/319 238/284/284
f 240/320/320 294/321/321 239/285/285
f 239/285/285 294/321/321 295/322/322
f 239/285/285 295/322/322 296/283/283
f 294/321/321 240/320/320 293/323/323
f 293/323/323 240/320/320 241/324/324
f 293/323/323 241/324/324 242/325/325
f 243/326/326 291/327/327 242/325/325
f 242/325/325 291/327/327 292/328/328
f 242/325/325 292/328/328 293/323/323
f 291/327/327 243/326/326 290/329/329
f 290/329/329 243/326/326 244/330/330
f 290/329/329 244/330/330 393/331/331
f 393/331/331 244/330/330 392/332/332
f 392/332/332 244/330/330 245/333/333
f 392/332/332 245/333/333 391/334/334
f 391/334/334 245/333/333 246/335/335
f 391/334/334 246/335/335 390/336/336
f 390/336/336 246/335/335 247/337/337
f 390/336/336 247/337/337 389/338/338
f 389/338/338 247/337/337 248/339/339
f 389/338/338 248/339/339 388/340/340
f 388/340/340 248/339/339 249/341/341
f 388/340/340 249/341/341 250/342/342
f 388/340/340 250/342/342 387/343/343
f 387/343/343 250/342/342 251/344/344
f 387/343/343 251/344/344 386/345/345
f 386/345/345 251/344/344 252/346/346
f 386/345/345 252/346/346 413/347/347
f 413/347/347 252/346/346 253/348/348
f 413/347/347 253/348/348 412/349/349
f 412/349/349 253/348/348 254/350/350
f 412/349/349 254/350/350 411/351/351
f 411/351/351 254/350/350 255/352/352
f 411/351/351 255/352/352 410/353/353
f 410/353/353 255/352/352 256/354/354
f 410/353/353 256/354/354 409/311/311
f 409/311/311 256/354/354 257/309/309
f 276/256/256 277/355/355 231/249/249
f 231/249/249 277/355/355 336/356/356
f 231/249/249 336/356/356 337/357/357
f 336/356/356 277/355/355 335/358/358
f 335/358/358 277/355/355 278/359/359
f 335/358/358 278/359/359 334/360/360
f 334/360/360 278/359/359 279/361/361
f 334/360/360 279/361/361 333/362/362
f 333/362/362 279/361/361 280/363/363
f 333/362/362 280/363/363 332/364/364
f 332/364/364 280/363/363 281/365/365
f 332/364/364 281/365/365 331/366/366
f 331/366/366 281/365/365 282/367/367
f 331/366/366 282/367/367 330/368/368
f 330/368/368 282/367/367 283/369/369
f 330/368/368 283/369/369 357/370/370
f 357/370/370 283/369/369 284/371/371
f 357/370/370 284/371/371 356/372/372
f 356/372/372 284/371/371 285/373/373
f 356/372/372 285/373/373 286/374/374
f 356/372/372 286/374/374 355/375/375
f 355/375/375 286/374/374 287/376/376
f 355/375/375 287/376/376 354/377/377
f 354/377/377 287/376/376 288/378/378
f 354/377/377 288/378/378 353/379/379
f 353/379/379 288/378/378 289/380/380
f 353/379/379 289/380/380 352/381/381
f 352/381/381 289/380/380 290/329/329
f 352/381/381 290/329/329 351/382/382
f 351/382/382 290/329/329 393/331/331
f 351/382/382 393/331/331 394/383/383
f 329/384/384 302/385/385 229/246/246
f 229/246/246 302/385/385 303/386/386
f 229/246/246 303/386/386 304/387/387
f 304/387/387 305/388/388 229/246/246
f 229/246/246 305/388/388 306/389/389
f 229/246/246 306/389/389 382/286/286
f 382/286/286 306/389/389 307/390/390
f 382/286/286 307/390/390 381/391/391
f 381/391/391 307/390/390 380/392/392
f 380/392/392 307/390/390 308/393/393
f 380/392/392 308/393/393 379/394/394
f 379/394/394 308/393/393 309/395/395
f 379/394/394 309/395/395 310/318/318
f 322/307/307 323/245/245 228/244/244
f 325/248/248 326/396/396 229/246/246
f 229/246/246 326/396/396 327/397/397
f 229/246/246 327/397/397 328/398/398
f 328/398/398 329/384/384 229/246/246
f 337/357/357 338/399/399 231/249/249
f 231/249/249 338/399/399 339/400/400
f 231/249/249 339/400/400 340/401/401
f 340/401/401 341/402/402 231/249/249
f 231/249/249 341/402/402 342/403/403
f 231/249/249 342/403/403 343/404/404
f 343/404/404 344/405/405 231/249/249
f 231/249/249 344/405/405 345/406/406
f 231/249/249 345/406/406 346/250/250
f 346/250/250 347/407/407 398/251/251
f 398/251/251 347/407/407 397/408/408
f 397/408/408 347/407/407 348/409/409
f 397/408/408 348/409/409 396/410/410
f 396/410/410 348/409/409 349/411/411
f 396/410/410 349/411/411 395/412/412
f 395/412/412 349/411/411 350/413/413
f 395/412/412 350/413/413 394/383/383
f 394/383/383 350/413/413 351/382/382
f 385/414/414 358/415/415 230/253/253
f 230/253/253 358/415/415 359/416/416
f 230/253/253 359/416/416 360/417/417
f 360/417/417 361/418/418 230/253/253
f 230/253/253 361/418/418 362/419/419
f 230/253/253 362/419/419 363/420/420
f 363/420/420 364/421/421 230/253/253
f 230/253/253 364/421/421 365/254/254
f 238/284/284 378/281/281 310/318/318
f 310/318/318 378/281/281 379/394/394
f 384/288/288 385/414/414 230/253/253
f 399/252/252 400/422/422 228/244/244
f 228/244/244 400/422/422 401/423/423
f 228/244/244 401/423/423 402/424/424
f 402/424/424 403/425/425 228/244/244
f 228/244/244 403/425/425 404/426/426
f 228/244/244 404/426/426 405/427/427
f 405/427/427 406/428/428 228/244/244
f 228/244/244 406/428/428 407/429/429
f 228/244/244 407/429/429 408/310/310
usemtl Opaque(207,215,232)
f 227/430/430 387/431/431 200/432/432
f 200/432/432 387/431/431 386/433/433
f 200/432/432 386/433/433 201/434/434
f 201/434/434 386/433/433 413/435/435
f 201/434/434 413/435/435 202/436/436
f 202/436/436 413/435/435 412/437/437
f 202/436/436 412/437/437 203/438/438
f 203/438/438 412/437/437 411/439/439
f 203/438/438 411/439/439 204/440/440
f 204/440/440 411/439/439 410/441/441
f 204/440/440 410/441/441 205/442/442
f 205/442/442 410/441/441 409/443/443
f 205/442/442 409/443/443 206/444/444
f 206/444/444 409/443/443 408/445/445
f 206/444/444 408/445/445 207/446/446
f 207/446/446 408/445/445 407/447/447
f 207/446/446 407/447/447 208/448/448
f 208/448/448 407/447/447 406/449/449
f 208/448/448 406/449/449 209/450/450
f 209/450/450 406/449/449 405/451/451
f 209/450/450 405/451/451 210/452/452
f 210/452/452 405/451/451 404/453/453
f 210/452/452 404/453/453 211/454/454
f 211/454/454 404/453/453 403/455/455
f 211/454/454 403/455/455 212/456/456
f 212/456/456 403/455/455 402/457/457
f 212/456/456 402/457/457 213/458/458
f 213/458/458 402/457/457 401/459/459
f 213/458/458 401/459/459 214/460/460
f 214/460/460 401/459/459 400/461/461
f 214/462/460 400/463/461 215/464/462
f 215/464/462 400/463/461 399/465/463
f 215/464/462 399/465/463 216/466/464
f 216/466/464 399/465/463 398/467/465
f 216/466/464 398/467/465 217/468/466
f 217/468/466 398/467/465 397/469/467
f 217/468/466 397/469/467 218/470/468
f 218/470/468 397/469/467 396/471/469
f 218/470/468 396/471/469 219/472/470
f 219/472/470 396/471/469 395/473/471
f 219/472/470 395/473/471 220/474/472
f 220/474/472 395/473/471 394/475/473
f 220/474/472 394/475/473 221/476/474
f 221/476/474 394/475/473 393/477/475
f 221/476/474 393/477/475 222/478/476
f 222/478/476 393/477/475 392/479/477
f 222/478/476 392/479/477 223/480/478
f 223/480/478 392/479/477 391/481/479
f 223/480/478 391/481/479 224/482/480
f 224/482/480 391/481/479 390/483/481
f 224/482/480 390/483/481 225/484/482
f 225/484/482 390/483/481 389/485/483
f 225/484/482 389/485/483 226/486/484
f 226/486/484 389/485/483 388/487/485
f 226/486/484 388/487/485 227/430/430
f 227/430/430 388/487/485 387/431/431
f 199/488/486 359/489/487 172/490/488
f 172/490/488 359/489/487 358/491/489
f 172/490/488 358/491/489 173/492/490
f 173/492/490 358/491/489 385/493/491
f 173/492/490 385/493/491 174/494/492
f 174/494/492 385/493/491 384/495/493
f 174/494/492 384/495/493 175/496/494
f 175/496/494 384/495/493 383/497/495
f 175/496/494 383/497/495 176/498/496
f 176/498/496 383/497/495 382/499/497
f 176/498/496 382/499/497 177/500/498
f 177/500/498 382/499/497 381/501/499
f 177/500/498 381/501/499 178/502/500
f 178/502/500 381/501/499 380/503/501
f 178/502/500 380/503/501 179/504/502
f 179/504/502 380/503/501 379/505/503
f 179/504/502 379/505/503 180/506/504
f 180/506/504 379/505/503 378/507/505
f 180/506/504 378/507/505 181/508/506
f 181/508/506 378/507/505 377/509/507
f 181/508/506 377/509/507 182/510/508
f 182/510/508 377/509/507 376/511/509
f 182/510/508 376/511/509 183/512/510
f 183/512/510 376/511/509 375/513/511
f 183/512/510 375/513/511 184/514/512
f 184/514/512 375/513/511 374/515/513
f 184/514/512 374/515/513 185/516/514
f 185/516/514 374/515/513 373/517/515
f 185/516/514 373/517/515 186/518/516
f 186/518/516 373/517/515 372/519/517
f 186/520/516 372/521/517 187/522/518
f 187/522/518 372/521/517 371/523/519
f 187/522/518 371/523/519 188/524/520
f 188/524/520 371/523/519 370/525/521
f 188/524/520 370/525/521 189/526/522
f 189/526/522 370/525/521 369/527/523
f 189/526/522 369/527/523 190/528/524
f 190/528/524 369/527/523 368/529/525
f 190/528/524 368/529/525 191/530/526
f 191/530/526 368/529/525 367/531/527
f 191/530/526 367/531/527 192/532/528
f 192/532/528 367/531/527 366/533/529
f 192/532/528 366/533/529 193/534/530
f 193/534/530 366/533/529 365/535/531
f 193/534/530 365/535/531 194/536/532
f 194/536/532 365/535/531 364/537/533
f 194/536/532 364/537/533 195/538/534
f 195/538/534 364/537/533 363/539/535
f 195/538/534 363/539/535 196/540/536
f 196/540/536 363/539/535 362/541/537
f 196/540/536 362/541/537 197/542/538
f 197/542/538 362/541/537 361/543/539
f 197/542/538 361/543/539 198/544/540
f 198/544/540 361/543/539 360/545/541
f 198/544/540 360/545/541 199/488/486
f 199/488/486 360/545/541 359/489/487
f 171/546/542 345/547/543 144/548/544
f 144/548/544 345/547/543 344/549/545
f 144/550/544 344/551/545 145/552/546
f 145/552/546 344/551/545 343/553/547
f 145/552/546 343/553/547 146/554/548
f 146/554/548 343/553/547 342/555/549
f 146/554/548 342/555/549 147/556/550
f 147/556/550 342/555/549 341/557/551
f 147/556/550 341/557/551 148/558/552
f 148/558/552 341/557/551 340/559/553
f 148/558/552 340/559/553 149/560/554
f 149/560/554 340/559/553 339/561/555
f 149/560/554 339/561/555 150/562/556
f 150/562/556 339/561/555 338/563/557
f 150/562/556 338/563/557 151/564/558
f 151/564/558 338/563/557 337/565/559
f 151/564/558 337/565/559 152/566/560
f 152/566/560 337/565/559 336/567/561
f 152/566/560 336/567/561 153/568/562
f 153/568/562 336/567/561 335/569/563
f 153/568/562 335/569/563 154/570/564
f 154/570/564 335/569/563 334/571/565
f 154/570/564 334/571/565 155/572/566
f 155/572/566 334/571/565 333/573/567
f 155/572/566 333/573/567 156/574/568
f 156/574/568 333/573/567 332/575/569
f 156/574/568 332/575/569 157/576/570
f 157/576/570 332/575/569 331/577/571
f 157/576/570 331/577/571 158/578/572
f 158/578/572 331/577/571 330/579/573
f 158/578/572 330/579/573 159/580/574
f 159/580/574 330/579/573 357/581/575
f 159/580/574 357/581/575 160/582/576
f 160/582/576 357/581/575 356/583/577
f 160/582/576 356/583/577 161/584/578
f 161/584/578 356/583/577 355/585/579
f 161/584/578 355/585/579 162/586/580
f 162/586/580 355/585/579 354/587/581
f 162/586/580 354/587/581 163/588/582
f 163/588/582 354/587/581 353/589/583
f 163/588/582 353/589/583 164/590/584
f 164/590/584 353/589/583 352/591/585
f 164/590/584 352/591/585 165/592/586
f 165/592/586 352/591/585 351/593/587
f 165/592/586 351/593/587 166/594/588
f 166/594/588 351/593/587 350/595/589
f 166/594/588 350/595/589 167/596/590
f 167/596/590 350/595/589 349/597/591
f 167/596/590 349/597/591 168/598/592
f 168/598/592 349/597/591 348/599/593
f 168/598/592 348/599/593 169/600/594
f 169/600/594 348/599/593 347/601/595
f 169/600/594 347/601/595 170/602/596
f 170/602/596 347/601/595 346/603/597
f 170/602/596 346/603/597 171/546/542
f 171/546/542 346/603/597 345/547/543
f 143/604/598 317/605/599 116/606/600
f 116/606/600 317/605/599 316/607/601
f 116/608/600 316/609/601 117/610/602
f 117/610/602 316/609/601 315/611/603
f 117/610/602 315/611/603 118/612/604
f 118/612/604 315/611/603 314/613/605
f 118/612/604 314/613/605 119/614/606
f 119/614/606 314/613/605 313/615/607
f 119/614/606 313/615/607 120/616/608
f 120/616/608 313/615/607 312/617/609
f 120/616/608 312/617/609 121/618/610
f 121/618/610 312/617/609 311/619/611
f 121/618/610 311/619/611 122/620/612
f 122/620/612 311/619/611 310/621/613
f 122/620/612 310/621/613 123/622/614
f 123/622/614 310/621/613 309/623/615
f 123/622/614 309/623/615 124/624/616
f 124/624/616 309/623/615 308/625/617
f 124/624/616 308/625/617 125/626/618
f 125/626/618 308/625/617 307/627/619
f 125/626/618 307/627/619 126/628/620
f 126/628/620 307/627/619 306/629/621
f 126/628/620 306/629/621 127/630/622
f 127/630/622 306/629/621 305/631/623
f 127/630/622 305/631/623 128/632/624
f 128/632/624 305/631/623 304/633/625
f 128/632/624 304/633/625 129/634/626
f 129/634/626 304/633/625 303/635/627
f 129/634/626 303/635/627 130/636/628
f 130/636/628 303/635/627 302/637/629
f 130/636/628 302/637/629 131/638/630
f 131/638/630 302/637/629 329/639/631
f 131/638/630 329/639/631 132/640/632
f 132/640/632 329/639/631 328/641/633
f 132/640/632 328/641/633 133/642/634
f 133/642/634 328/641/633 327/643/635
f 133/642/634 327/643/635 134/644/636
f 134/644/636 327/643/635 326/645/637
f 134/644/636 326/645/637 135/646/638
f 135/646/638 326/645/637 325/647/639
f 135/646/638 325/647/639 136/648/640
f 136/648/640 325/647/639 324/649/641
f 136/648/640 324/649/641 137/650/642
f 137/650/642 324/649/641 323/651/643
f 137/650/642 323/651/643 138/652/644
f 138/652/644 323/651/643 322/653/645
f 138/652/644 322/653/645 139/654/646
f 139/654/646 322/653/645 321/655/647
f 139/654/646 321/655/647 140/656/648
f 140/656/648 321/655/647 320/657/649
f 140/656/648 320/657/649 141/658/650
f 141/658/650 320/657/649 319/659/651
f 141/658/650 319/659/651 142/660/652
f 142/660/652 319/659/651 318/661/653
f 142/660/652 318/661/653 143/604/598
f 143/604/598 318/661/653 317/605/599
usemtl Opaque(255,255,255)
f 113/662/654 112/663/655 415/664/656
f 415/664/656 112/663/655 414/665/657
f 112/666/658 115/667/659 414/668/660
f 414/668/660 115/667/659 416/669/661
f 115/667/662 114/670/663 416/671/664
f 416/671/664 114/670/663 417/672/665
f 114/673/666 113/674/667 417/675/668
f 417/675/668 113/674/667 415/676/669
f 415/677/670 414/678/671 417/679/672
f 417/679/672 414/678/671 416/680/673
usemtl Opaque(76,76,76)
f 64/681/674 63/682/675 33/683/676
f 33/683/676 63/682/675 34/684/677
f 63/685/678 62/686/679 34/687/680
f 34/687/680 62/686/679 35/688/681
f 35/689/681 62/690/679 36/691/682
f 36/691/682 62/690/679 111/692/683
f 36/691/682 111/692/683 37/693/684
f 37/693/684 111/692/683 110/694/685
f 37/693/684 110/694/685 38/695/686
f 38/695/686 110/694/685 109/696/687
f 38/695/686 109/696/687 39/697/688
f 39/697/688 109/696/687 108/698/689
f 39/697/688 108/698/689 40/699/690
f 40/699/690 108/698/689 107/700/691
f 40/699/690 107/700/691 41/701/692
f 41/701/692 107/700/691 106/702/693
f 41/701/692 106/702/693 42/703/694
f 42/703/694 106/702/693 105/704/695
f 42/703/694 105/704/695 43/705/696
f 43/705/696 105/704/695 104/706/697
f 43/705/696 104/706/697 44/707/698
f 44/707/698 104/706/697 103/708/699
f 44/707/698 103/708/699 45/709/700
f 45/709/700 103/708/699 102/710/701
f 45/709/700 102/710/701 46/711/702
f 46/711/702 102/710/701 101/712/703
f 46/711/702 101/712/703 47/713/704
f 47/713/704 101/712/703 100/714/705
f 47/713/704 100/714/705 48/715/706
f 48/715/706 100/714/705 99/716/707
f 48/715/706 99/716/707 49/717/708
f 49/717/708 99/716/707 98/718/709
f 49/717/708 98/718/709 50/719/710
f 50/719/710 98/718/709 97/720/711
f 50/719/710 97/720/711 51/721/712
f 51/721/712 97/720/711 96/722/713
f 51/721/712 96/722/713 52/723/714
f 52/723/714 96/722/713 95/724/715
f 52/723/714 95/724/715 53/725/716
f 53/725/716 95/724/715 94/726/717
f 53/725/716 94/726/717 54/727/718
f 54/727/718 94/726/717 93/728/719
f 54/727/718 93/728/719 55/729/720
f 55/729/720 93/728/719 92/730/721
f 92/731/721 91/732/722 55/733/720
f 55/733/720 91/732/722 56/734/723
f 91/735/724 90/736/725 56/737/726
f 56/737/726 90/736/725 57/738/727
f 57/739/728 90/740/729 1/741/730
f 1/741/730 90/740/729 89/742/731
f 1/741/730 89/742/731 419/743/732
f 419/743/732 89/742/731 418/744/733
f 420/745/734 421/746/735 419/743/732
f 419/743/732 421/746/735 1/741/730
f 89/742/736 88/747/737 418/748/738
f 418/748/738 88/747/737 422/749/739
f 88/750/740 87/751/741 422/752/742
f 422/752/742 87/751/741 423/753/743
f 423/753/743 87/754/741 443/755/744
f 443/755/744 87/754/741 86/756/745
f 443/755/744 86/756/745 442/757/746
f 442/757/746 86/756/745 85/758/747
f 442/757/746 85/758/747 441/759/748
f 441/759/748 85/758/747 84/760/749
f 441/759/748 84/760/749 440/761/750
f 440/761/750 84/760/749 83/762/751
f 440/761/750 83/762/751 439/763/752
f 439/763/752 83/762/751 82/764/753
f 439/763/752 82/764/753 438/765/754
f 438/765/754 82/764/753 81/766/755
f 438/765/754 81/766/755 437/767/756
f 437/767/756 81/766/755 80/768/757
f 437/767/756 80/768/757 436/769/758
f 436/769/758 80/768/757 79/770/759
f 436/769/758 79/770/759 435/771/760
f 435/771/760 79/770/759 78/772/761
f 435/771/760 78/772/761 434/773/762
f 434/773/762 78/772/761 77/774/763
f 434/773/762 77/774/763 433/775/764
f 433/775/764 77/774/763 76/776/765
f 433/775/764 76/776/765 432/777/766
f 432/777/766 76/776/765 75/778/767
f 432/777/766 75/778/767 431/779/768
f 431/779/768 75/778/767 74/780/769
f 431/779/768 74/780/769 430/781/770
f 430/781/770 74/780/769 73/782/771
f 430/781/770 73/782/771 429/783/772
f 429/783/772 73/782/771 72/784/773
f 429/783/772 72/784/773 428/785/774
f 428/785/774 72/784/773 71/786/775
f 428/785/774 71/786/775 427/787/776
f 427/787/776 71/786/775 70/788/777
f 427/787/776 70/788/777 426/789/778
f 426/789/778 70/788/777 69/790/779
f 426/789/778 69/790/779 425/791/780
f 425/791/780 69/790/779 68/792/781
f 425/791/780 68/792/781 424/793/782
f 424/793/782 68/792/781 67/794/783
f 67/795/783 66/796/784 424/797/782
f 424/797/782 66/796/784 444/798/785
f 66/799/786 65/800/787 444/801/788
f 444/801/788 65/800/787 445/802/789
f 445/803/790 65/804/791 448/805/792
f 448/805/792 65/804/791 64/806/793
f 448/805/792 64/806/793 32/807/794
f 32/807/794 64/806/793 33/808/795
f 446/809/796 447/810/797 32/807/794
f 32/807/794 447/810/797 448/805/792
f 448/811/798 449/812/799 445/813/800
f 445/813/800 449/812/799 450/814/801
f 445/813/800 450/814/801 451/815/802
f 451/815/802 452/816/803 445/813/800
f 445/813/800 452/816/803 453/817/804
f 445/813/800 453/817/804 454/818/805
f 454/818/805 455/819/806 445/813/800
f 445/813/800 455/819/806 456/820/807
f 445/813/800 456/820/807 457/821/808
f 457/821/808 458/822/809 445/813/800
f 445/813/800 458/822/809 459/823/810
f 445/813/800 459/823/810 444/824/811
f 444/824/811 459/823/810 460/825/812
f 444/824/811 460/825/812 461/826/813
f 444/824/811 461/826/813 424/827/814
f 424/827/814 461/826/813 462/828/815
f 424/827/814 462/828/815 463/829/816
f 463/829/816 464/830/817 424/827/814
f 424/827/814 464/830/817 423/831/818
f 424/827/814 423/831/818 425/832/819
f 425/832/819 423/831/818 443/833/820
f 425/832/819 443/833/820 426/834/821
f 426/834/821 443/833/820 442/835/822
f 426/834/821 442/835/822 427/836/823
f 427/836/823 442/835/822 441/837/824
f 427/836/823 441/837/824 428/838/825
f 428/838/825 441/837/824 440/839/826
f 428/838/825 440/839/826 429/840/827
f 429/840/827 440/839/826 439/841/828
f 429/840/827 439/841/828 430/842/829
f 430/842/829 439/841/828 438/843/830
f 430/842/829 438/843/830 431/844/831
f 431/844/831 438/843/830 437/845/832
f 431/844/831 437/845/832 432/846/833
f 432/846/833 437/845/832 436/847/834
f 432/846/833 436/847/834 433/848/835
f 433/848/835 436/847/834 435/849/836
f 433/848/835 435/849/836 434/850/837
f 464/830/817 465/851/838 423/831/818
f 423/831/818 465/851/838 466/852/839
f 423/831/818 466/852/839 422/853/840
f 422/853/840 466/852/839 467/854/841
f 422/853/840 467/854/841 468/855/842
f 422/853/840 468/855/842 418/856/843
f 418/856/843 468/855/842 469/857/844
f 418/856/843 469/857/844 470/858/845
f 470/858/845 471/859/846 418/856/843
f 418/856/843 471/859/846 472/860/847
f 418/856/843 472/860/847 473/861/848
f 473/861/848 474/862/849 418/856/843
f 418/856/843 474/862/849 475/863/850
f 418/856/843 475/863/850 476/864/851
f 476/864/851 477/865/852 418/856/843
f 418/856/843 477/865/852 478/866/853
f 418/856/843 478/866/853 419/867/854
f 420/868/855 419/869/856 508/870/857
f 508/870/857 419/869/856 478/871/858
f 508/870/857 478/871/858 507/872/859
f 507/872/859 478/871/858 477/873/860
f 507/872/859 477/873/860 506/874/861
f 506/874/861 477/873/860 476/875/862
f 506/874/861 476/875/862 505/876/863
f 505/876/863 476/875/862 475/877/864
f 505/876/863 475/877/864 504/878/865
f 504/878/865 475/877/864 474/879/866
f 504/878/865 474/879/866 503/880/867
f 503/880/867 474/879/866 473/881/868
f 503/880/867 473/881/868 502/882/869
f 502/882/869 473/881/868 472/883/870
f 502/882/869 472/883/870 501/884/871
f 501/884/871 472/883/870 471/885/872
f 501/884/871 471/885/872 500/886/873
f 500/886/873 471/885/872 470/887/874
f 500/886/873 470/887/874 499/888/875
f 499/888/875 470/887/874 469/889/876
f 499/888/875 469/889/876 498/890/877
f 498/890/877 469/889/876 468/891/878
f 498/890/877 468/891/878 497/892/879
f 497/892/879 468/891/878 467/893/880
f 497/892/879 467/893/880 496/894/881
f 496/894/881 467/893/880 466/895/882
f 496/894/881 466/895/882 495/896/883
f 495/896/883 466/895/882 465/897/884
f 495/896/883 465/897/884 494/898/885
f 494/898/885 465/897/884 464/899/886
f 494/898/885 464/899/886 493/900/887
f 493/900/887 464/899/886 463/901/888
f 493/900/887 463/901/888 492/902/889
f 492/902/889 463/901/888 462/903/890
f 492/902/889 462/903/890 491/904/891
f 491/904/891 462/903/890 461/905/892
f 491/904/891 461/905/892 490/906/893
f 490/906/893 461/905/892 460/907/894
f 490/906/893 460/907/894 489/908/895
f 489/908/895 460/907/894 459/909/896
f 489/908/895 459/909/896 488/910/897
f 488/910/897 459/909/896 458/911/898
f 488/910/897 458/911/898 487/912/899
f 487/912/899 458/911/898 457/913/900
f 487/912/899 457/913/900 486/914/901
f 486/914/901 457/913/900 456/915/902
f 486/914/901 456/915/902 485/916/903
f 485/916/903 456/915/902 455/917/904
f 485/916/903 455/917/904 484/918/905
f 484/918/905 455/917/904 454/919/906
f 484/918/905 454/919/906 483/920/907
f 483/920/907 454/919/906 453/921/908
f 483/920/907 453/921/908 482/922/909
f 482/922/909 453/921/908 452/923/910
f 482/922/909 452/923/910 481/924/911
f 481/924/911 452/923/910 451/925/912
f 481/924/911 451/925/912 480/926/913
f 480/926/913 451/925/912 450/927/914
f 480/926/913 450/927/914 479/928/915
f 479/928/915 450/927/914 449/929/916
f 479/928/915 449/929/916 447/930/917
f 447/930/917 449/929/916 448/931/918
f 446/932/919 32/933/920 538/934/921
f 538/934/921 32/933/920 31/935/922
f 538/934/921 31/935/922 537/936/923
f 537/936/923 31/935/922 30/937/924
f 537/936/923 30/937/924 536/938/925
f 536/938/925 30/937/924 29/939/926
f 536/938/925 29/939/926 535/940/927
f 535/940/927 29/939/926 28/941/928
f 535/940/927 28/941/928 534/942/929
f 534/942/929 28/941/928 27/943/930
f 534/942/929 27/943/930 533/944/931
f 533/944/931 27/943/930 26/945/932
f 533/944/931 26/945/932 532/946/933
f 532/946/933 26/945/932 25/947/934
f 532/946/933 25/947/934 531/948/935
f 531/948/935 25/947/934 24/949/936
f 531/948/935 24/949/936 530/950/937
f 530/950/937 24/949/936 23/951/938
f 530/950/937 23/951/938 529/952/939
f 529/952/939 23/951/938 22/953/940
f 529/952/939 22/953/940 528/954/941
f 528/954/941 22/953/940 21/955/942
f 528/954/941 21/955/942 527/956/943
f 527/956/943 21/955/942 20/957/944
f 527/956/943 20/957/944 526/958/945
f 526/958/945 20/957/944 19/959/946
f 526/958/945 19/959/946 525/960/947
f 525/960/947 19/959/946 18/961/948
f 525/960/947 18/961/948 524/962/949
f 524/962/949 18/961/948 17/963/950
f 524/962/949 17/963/950 523/964/951
f 523/964/951 17/963/950 16/965/952
f 523/964/951 16/965/952 522/966/953
f 522/966/953 16/965/952 15/967/954
f 522/966/953 15/967/954 521/968/955
f 521/968/955 15/967/954 14/969/956
f 521/968/955 14/969/956 520/970/957
f 520/970/957 14/969/956 13/971/958
f 520/970/957 13/971/958 519/972/959
f 519/972/959 13/971/958 12/973/960
f 519/972/959 12/973/960 518/974/961
f 518/974/961 12/973/960 11/975/962
f 518/974/961 11/975/962 517/976/963
f 517/976/963 11/975/962 10/977/964
f 517/976/963 10/977/964 516/978/965
f 516/978/965 10/977/964 9/979/966
f 516/978/965 9/979/966 515/980/967
f 515/980/967 9/979/966 8/981/968
f 515/980/967 8/981/968 514/982/969
f 514/982/969 8/981/968 7/983/970
f 514/982/969 7/983/970 513/984/971
f 513/984/971 7/983/970 6/985/972
f 513/984/971 6/985/972 512/986/973
f 512/986/973 6/985/972 5/987/974
f 512/986/973 5/987/974 511/988/975
f 511/988/975 5/987/974 4/989/976
f 511/988/975 4/989/976 510/990/977
f 510/990/977 4/989/976 3/991/978
f 510/990/977 3/991/978 509/992/979
f 509/992/979 3/991/978 2/993/980
f 509/992/979 2/993/980 421/994/981
f 421/994/981 2/993/980 1/995/982
f 420/996/983 574/997/984 421/998/985
f 421/998/985 574/997/984 575/999/986
f 421/998/985 575/999/986 576/1000/987
f 508/1001/988 570/1002/989 420/996/983
f 420/996/983 570/1002/989 571/1003/990
f 420/996/983 571/1003/990 572/1004/991
f 570/1002/989 508/1001/988 569/1005/992
f 569/1005/992 508/1001/988 507/1006/993
f 569/1005/992 507/1006/993 568/1007/994
f 568/1007/994 507/1006/993 506/1008/995
f 568/1007/994 506/1008/995 567/1009/996
f 567/1009/996 506/1008/995 505/1010/997
f 567/1009/996 505/1010/997 504/1011/998
f 567/1009/996 504/1011/998 566/1012/999
f 566/1012/999 504/1011/998 503/1013/1000
f 566/1012/999 503/1013/1000 565/1014/1001
f 565/1014/1001 503/1013/1000 502/1015/1002
f 565/1014/1001 502/1015/1002 564/1016/1003
f 564/1016/1003 502/1015/1002 501/1017/1004
f 564/1016/1003 501/1017/1004 563/1018/1005
f 563/1018/1005 501/1017/1004 500/1019/1006
f 563/1018/1005 500/1019/1006 562/1020/1007
f 562/1020/1007 500/1019/1006 499/1021/1008
f 562/1020/1007 499/1021/1008 561/1022/1009
f 561/1022/1009 499/1021/1008 498/1023/1010
f 561/1022/1009 498/1023/1010 560/1024/1011
f 560/1024/1011 498/1023/1010 497/1025/1012
f 560/1024/1011 497/1025/1012 559/1026/1013
f 559/1026/1013 497/1025/1012 496/1027/1014
f 559/1026/1013 496/1027/1014 558/1028/1015
f 558/1028/1015 496/1027/1014 495/1029/1016
f 558/1028/1015 495/1029/1016 557/1030/1017
f 557/1030/1017 495/1029/1016 494/1031/1018
f 557/1030/1017 494/1031/1018 556/1032/1019
f 556/1032/1019 494/1031/1018 493/1033/1020
f 556/1032/1019 493/1033/1020 555/1034/1021
f 555/1034/1021 493/1033/1020 492/1035/1022
f 555/1034/1021 492/1035/1022 554/1036/1023
f 554/1036/1023 492/1035/1022 491/1037/1024
f 554/1036/1023 491/1037/1024 553/1038/1025
f 553/1038/1025 491/1037/1024 490/1039/1026
f 553/1038/1025 490/1039/1026 552/1040/1027
f 552/1040/1027 490/1039/1026 489/1041/1028
f 552/1040/1027 489/1041/1028 488/1042/1029
f 552/1040/1027 488/1042/1029 551/1043/1030
f 551/1043/1030 488/1042/1029 487/1044/1031
f 551/1043/1030 487/1044/1031 550/1045/1032
f 550/1045/1032 487/1044/1031 486/1046/1033
f 550/1045/1032 486/1046/1033 549/1047/1034
f 549/1047/1034 486/1046/1033 485/1048/1035
f 549/1047/1034 485/1048/1035 548/1049/1036
f 548/1049/1036 485/1048/1035 484/1050/1037
f 548/1049/1036 484/1050/1037 547/1051/1038
f 547/1051/1038 484/1050/1037 483/1052/1039
f 547/1051/1038 483/1052/1039 546/1053/1040
f 546/1053/1040 483/1052/1039 482/1054/1041
f 546/1053/1040 482/1054/1041 545/1055/1042
f 545/1055/1042 482/1054/1041 481/1056/1043
f 545/1055/1042 481/1056/1043 544/1057/1044
f 544/1057/1044 481/1056/1043 480/1058/1045
f 544/1057/1044 480/1058/1045 543/1059/1046
f 543/1059/1046 480/1058/1045 479/1060/1047
f 543/1059/1046 479/1060/1047 542/1061/1048
f 542/1061/1048 479/1060/1047 447/1062/1049
f 542/1061/1048 447/1062/1049 541/1063/1050
f 541/1063/1050 447/1062/1049 540/1064/1051
f 540/1064/1051 447/1062/1049 539/1065/1052
f 539/1065/1052 447/1062/1049 446/1066/1053
f 539/1065/1052 446/1066/1053 607/1067/1054
f 607/1067/1054 446/1066/1053 606/1068/1055
f 606/1068/1055 446/1066/1053 605/1069/1056
f 605/1069/1056 446/1066/1053 538/1070/1057
f 605/1069/1056 538/1070/1057 604/1071/1058
f 604/1071/1058 538/1070/1057 537/1072/1059
f 604/1071/1058 537/1072/1059 603/1073/1060
f 603/1073/1060 537/1072/1059 536/1074/1061
f 603/1073/1060 536/1074/1061 602/1075/1062
f 602/1075/1062 536/1074/1061 535/1076/1063
f 602/1075/1062 535/1076/1063 601/1077/1064
f 601/1077/1064 535/1076/1063 534/1078/1065
f 601/1077/1064 534/1078/1065 600/1079/1066
f 600/1079/1066 534/1078/1065 533/1080/1067
f 600/1079/1066 533/1080/1067 599/1081/1068
f 599/1081/1068 533/1080/1067 532/1082/1069
f 599/1081/1068 532/1082/1069 598/1083/1070
f 598/1083/1070 532/1082/1069 531/1084/1071
f 598/1083/1070 531/1084/1071 597/1085/1072
f 597/1085/1072 531/1084/1071 530/1086/1073
f 597/1085/1072 530/1086/1073 596/1087/1074
f 596/1087/1074 530/1086/1073 529/1088/1075
f 596/1087/1074 529/1088/1075 595/1089/1076
f 595/1089/1076 529/1088/1075 528/1090/1077
f 595/1089/1076 528/1090/1077 527/1091/1078
f 595/1089/1076 527/1091/1078 594/1092/1079
f 594/1092/1079 527/1091/1078 526/1093/1080
f 594/1092/1079 526/1093/1080 593/1094/1081
f 593/1094/1081 526/1093/1080 525/1095/1082
f 593/1094/1081 525/1095/1082 592/1096/1083
f 592/1096/1083 525/1095/1082 524/1097/1084
f 592/1096/1083 524/1097/1084 591/1098/1085
f 591/1098/1085 524/1097/1084 523/1099/1086
f 591/1098/1085 523/1099/1086 590/1100/1087
f 590/1100/1087 523/1099/1086 522/1101/1088
f 590/1100/1087 522/1101/1088 589/1102/1089
f 589/1102/1089 522/1101/1088 521/1103/1090
f 589/1102/1089 521/1103/1090 588/1104/1091
f 588/1104/1091 521/1103/1090 520/1105/1092
f 588/1104/1091 520/1105/1092 587/1106/1093
f 587/1106/1093 520/1105/1092 519/1107/1094
f 587/1106/1093 519/1107/1094 586/1108/1095
f 586/1108/1095 519/1107/1094 518/1109/1096
f 586/1108/1095 518/1109/1096 585/1110/1097
f 585/1110/1097 518/1109/1096 517/1111/1098
f 585/1110/1097 517/1111/1098 584/1112/1099
f 584/1112/1099 517/1111/1098 516/1113/1100
f 584/1112/1099 516/1113/1100 583/1114/1101
f 583/1114/1101 516/1113/1100 515/1115/1102
f 583/1114/1101 515/1115/1102 582/1116/1103
f 582/1116/1103 515/1115/1102 514/1117/1104
f 582/1116/1103 514/1117/1104 581/1118/1105
f 581/1118/1105 514/1117/1104 513/1119/1106
f 581/1118/1105 513/1119/1106 580/1120/1107
f 580/1120/1107 513/1119/1106 512/1121/1108
f 580/1120/1107 512/1121/1108 511/1122/1109
f 580/1120/1107 511/1122/1109 579/1123/1110
f 579/1123/1110 511/1122/1109 510/1124/1111
f 579/1123/1110 510/1124/1111 578/1125/1112
f 578/1125/1112 510/1124/1111 509/1126/1113
f 578/1125/1112 509/1126/1113 577/1127/1114
f 577/1127/1114 509/1126/1113 421/998/985
f 577/1127/1114 421/998/985 576/1000/987
f 572/1004/991 573/1128/1115 420/996/983
f 420/996/983 573/1128/1115 574/997/984
f 609/1129/1116 540/1130/1117 608/1131/1118
f 608/1131/1118 540/1130/1117 539/1132/1119
f 608/1133/1118 539/1134/1119 676/1135/1120
f 676/1135/1120 539/1134/1119 607/1136/1121
f 676/1135/1120 607/1136/1121 675/1137/1122
f 675/1137/1122 607/1136/1121 606/1138/1123
f 675/1137/1122 606/1138/1123 674/1139/1124
f 674/1139/1124 606/1138/1123 605/1140/1125
f 674/1139/1124 605/1140/1125 673/1141/1126
f 673/1141/1126 605/1140/1125 604/1142/1127
f 673/1141/1126 604/1142/1127 672/1143/1128
f 672/1143/1128 604/1142/1127 603/1144/1129
f 672/1143/1128 603/1144/1129 671/1145/1130
f 671/1145/1130 603/1144/1129 602/1146/1131
f 671/1145/1130 602/1146/1131 670/1147/1132
f 670/1147/1132 602/1146/1131 601/1148/1133
f 670/1147/1132 601/1148/1133 669/1149/1134
f 669/1149/1134 601/1148/1133 600/1150/1135
f 669/1149/1134 600/1150/1135 668/1151/1136
f 668/1151/1136 600/1150/1135 599/1152/1137
f 668/1151/1136 599/1152/1137 667/1153/1138
f 667/1153/1138 599/1152/1137 598/1154/1139
f 667/1153/1138 598/1154/1139 666/1155/1140
f 666/1155/1140 598/1154/1139 597/1156/1141
f 666/1155/1140 597/1156/1141 665/1157/1142
f 665/1157/1142 597/1156/1141 596/1158/1143
f 665/1157/1142 596/1158/1143 664/1159/1144
f 664/1159/1144 596/1158/1143 595/1160/1145
f 664/1159/1144 595/1160/1145 663/1161/1146
f 663/1161/1146 595/1160/1145 594/1162/1147
f 663/1161/1146 594/1162/1147 662/1163/1148
f 662/1163/1148 594/1162/1147 593/1164/1149
f 662/1163/1148 593/1164/1149 661/1165/1150
f 661/1165/1150 593/1164/1149 592/1166/1151
f 661/1165/1150 592/1166/1151 660/1167/1152
f 660/1167/1152 592/1166/1151 591/1168/1153
f 660/1167/1152 591/1168/1153 659/1169/1154
f 659/1169/1154 591/1168/1153 590/1170/1155
f 659/1169/1154 590/1170/1155 658/1171/1156
f 658/1171/1156 590/1170/1155 589/1172/1157
f 658/1171/1156 589/1172/1157 657/1173/1158
f 657/1173/1158 589/1172/1157 588/1174/1159
f 657/1173/1158 588/1174/1159 656/1175/1160
f 656/1175/1160 588/1174/1159 587/1176/1161
f 656/1175/1160 587/1176/1161 655/1177/1162
f 655/1177/1162 587/1176/1161 586/1178/1163
f 655/1177/1162 586/1178/1163 654/1179/1164
f 654/1179/1164 586/1178/1163 585/1180/1165
f 654/1179/1164 585/1180/1165 653/1181/1166
f 653/1181/1166 585/1180/1165 584/1182/1167
f 653/1181/1166 584/1182/1167 652/1183/1168
f 652/1183/1168 584/1182/1167 583/1184/1169
f 652/1183/1168 583/1184/1169 651/1185/1170
f 651/1185/1170 583/1184/1169 582/1186/1171
f 651/1185/1170 582/1186/1171 650/1187/1172
f 650/1187/1172 582/1186/1171 581/1188/1173
f 650/1187/1172 581/1188/1173 649/1189/1174
f 649/1189/1174 581/1188/1173 580/1190/1175
f 649/1189/1174 580/1190/1175 648/1191/1176
f 648/1191/1176 580/1190/1175 579/1192/1177
f 648/1191/1176 579/1192/1177 647/1193/1178
f 647/1193/1178 579/1192/1177 578/1194/1179
f 647/1193/1178 578/1194/1179 646/1195/1180
f 646/1195/1180 578/1194/1179 577/1196/1181
f 646/1195/1180 577/1196/1181 645/1197/1182
f 645/1197/1182 577/1196/1181 576/1198/1183
f 645/1197/1182 576/1198/1183 644/1199/1184
f 644/1199/1184 576/1198/1183 575/1200/1185
f 644/1199/1184 575/1200/1185 643/1201/1186
f 643/1201/1186 575/1200/1185 574/1202/1187
f 643/1201/1186 574/1202/1187 642/1203/1188
f 642/1203/1188 574/1202/1187 573/1204/1189
f 642/1203/1188 573/1204/1189 641/1205/1190
f 641/1205/1190 573/1204/1189 572/1206/1191
f 641/1205/1190 572/1206/1191 640/1207/1192
f 640/1207/1192 572/1206/1191 571/1208/1193
f 640/1207/1192 571/1208/1193 639/1209/1194
f 639/1209/1194 571/1208/1193 570/1210/1195
f 639/1209/1194 570/1210/1195 638/1211/1196
f 638/1211/1196 570/1210/1195 569/1212/1197
f 638/1211/1196 569/1212/1197 637/1213/1198
f 637/1213/1198 569/1212/1197 568/1214/1199
f 637/1213/1198 568/1214/1199 636/1215/1200
f 636/1215/1200 568/1214/1199 567/1216/1201
f 636/1215/1200 567/1216/1201 635/1217/1202
f 635/1217/1202 567/1216/1201 566/1218/1203
f 635/1217/1202 566/1218/1203 634/1219/1204
f 634/1219/1204 566/1218/1203 565/1220/1205
f 634/1219/1204 565/1220/1205 633/1221/1206
f 633/1221/1206 565/1220/1205 564/1222/1207
f 633/1221/1206 564/1222/1207 632/1223/1208
f 632/1223/1208 564/1222/1207 563/1224/1209
f 632/1223/1208 563/1224/1209 631/1225/1210
f 631/1225/1210 563/1224/1209 562/1226/1211
f 631/1225/1210 562/1226/1211 630/1227/1212
f 630/1227/1212 562/1226/1211 561/1228/1213
f 630/1227/1212 561/1228/1213 629/1229/1214
f 629/1229/1214 561/1228/1213 560/1230/1215
f 629/1229/1214 560/1230/1215 628/1231/1216
f 628/1231/1216 560/1230/1215 559/1232/1217
f 628/1231/1216 559/1232/1217 627/1233/1218
f 627/1233/1218 559/1232/1217 558/1234/1219
f 627/1233/1218 558/1234/1219 626/1235/1220
f 626/1235/1220 558/1234/1219 557/1236/1221
f 626/1235/1220 557/1236/1221 625/1237/1222
f 625/1237/1222 557/1236/1221 556/1238/1223
f 625/1237/1222 556/1238/1223 624/1239/1224
f 624/1239/1224 556/1238/1223 555/1240/1225
f 624/1239/1224 555/1240/1225 623/1241/1226
f 623/1241/1226 555/1240/1225 554/1242/1227
f 623/1241/1226 554/1242/1227 622/1243/1228
f 622/1243/1228 554/1242/1227 553/1244/1229
f 622/1243/1228 553/1244/1229 621/1245/1230
f 621/1245/1230 553/1244/1229 552/1246/1231
f 621/1245/1230 552/1246/1231 620/1247/1232
f 620/1247/1232 552/1246/1231 551/1248/1233
f 620/1247/1232 551/1248/1233 619/1249/1234
f 619/1249/1234 551/1248/1233 550/1250/1235
f 619/1249/1234 550/1250/1235 618/1251/1236
f 618/1251/1236 550/1250/1235 549/1252/1237
f 618/1251/1236 549/1252/1237 617/1253/1238
f 617/1253/1238 549/1252/1237 548/1254/1239
f 617/1253/1238 548/1254/1239 616/1255/1240
f 616/1255/1240 548/1254/1239 547/1256/1241
f 616/1255/1240 547/1256/1241 615/1257/1242
f 615/1257/1242 547/1256/1241 546/1258/1243
f 615/1257/1242 546/1258/1243 614/1259/1244
f 614/1259/1244 546/1258/1243 545/1260/1245
f 614/1259/1244 545/1260/1245 613/1261/1246
f 613/1261/1246 545/1260/1245 544/1262/1247
f 613/1261/1246 544/1262/1247 612/1263/1248
f 612/1263/1248 544/1262/1247 543/1264/1249
f 612/1263/1248 543/1264/1249 611/1265/1250
f 611/1265/1250 543/1264/1249 542/1266/1251
f 611/1265/1250 542/1266/1251 610/1267/1252
f 610/1267/1252 542/1266/1251 541/1268/1253
f 610/1267/1252 541/1268/1253 609/1129/1116
f 609/1129/1116 541/1268/1253 540/1130/1117
f 678/1269/1254 643/1270/1255 677/1271/1256
f 677/1271/1256 643/1270/1255 642/1272/1257
f 677/1271/1256 642/1272/1257 750/1273/1258
f 750/1273/1258 642/1272/1257 641/1274/1259
f 750/1273/1258 641/1274/1259 749/1275/1260
f 749/1275/1260 641/1274/1259 640/1276/1261
f 749/1275/1260 640/1276/1261 748/1277/1262
f 748/1277/1262 640/1276/1261 639/1278/1263
f 748/1277/1262 639/1278/1263 747/1279/1264
f 747/1279/1264 639/1278/1263 638/1280/1265
f 747/1279/1264 638/1280/1265 746/1281/1266
f 746/1281/1266 638/1280/1265 637/1282/1267
f 746/1281/1266 637/1282/1267 745/1283/1268
f 745/1283/1268 637/1282/1267 636/1284/1269
f 745/1283/1268 636/1284/1269 744/1285/1270
f 744/1285/1270 636/1284/1269 743/1286/1271
f 743/1286/1271 636/1284/1269 635/1287/1272
f 743/1286/1271 635/1287/1272 742/1288/1273
f 742/1288/1273 635/1287/1272 634/1289/1274
f 742/1288/1273 634/1289/1274 741/1290/1275
f 741/1290/1275 634/1289/1274 633/1291/1276
f 741/1290/1275 633/1291/1276 740/1292/1277
f 740/1292/1277 633/1291/1276 632/1293/1278
f 740/1292/1277 632/1293/1278 739/1294/1279
f 739/1294/1279 632/1293/1278 631/1295/1280
f 739/1294/1279 631/1295/1280 738/1296/1281
f 738/1296/1281 631/1295/1280 630/1297/1282
f 738/1296/1281 630/1297/1282 737/1298/1283
f 737/1298/1283 630/1297/1282 629/1299/1284
f 737/1298/1283 629/1299/1284 736/1300/1285
f 736/1300/1285 629/1299/1284 628/1301/1286
f 736/1300/1285 628/1301/1286 735/1302/1287
f 735/1302/1287 628/1301/1286 627/1303/1288
f 735/1302/1287 627/1303/1288 734/1304/1289
f 734/1304/1289 627/1303/1288 626/1305/1290
f 734/1304/1289 626/1305/1290 733/1306/1291
f 733/1306/1291 626/1305/1290 625/1307/1292
f 733/1306/1291 625/1307/1292 732/1308/1293
f 732/1308/1293 625/1307/1292 624/1309/1294
f 732/1308/1293 624/1309/1294 731/1310/1295
f 731/1310/1295 624/1309/1294 623/1311/1296
f 731/1310/1295 623/1311/1296 730/1312/1297
f 730/1312/1297 623/1311/1296 622/1313/1298
f 730/1312/1297 622/1313/1298 729/1314/1299
f 729/1314/1299 622/1313/1298 728/1315/1300
f 728/1315/1300 622/1313/1298 621/1316/1301
f 728/1315/1300 621/1316/1301 727/1317/1302
f 727/1317/1302 621/1316/1301 620/1318/1303
f 727/1317/1302 620/1318/1303 726/1319/1304
f 726/1319/1304 620/1318/1303 619/1320/1305
f 726/1319/1304 619/1320/1305 725/1321/1306
f 725/1321/1306 619/1320/1305 618/1322/1307
f 725/1321/1306 618/1322/1307 724/1323/1308
f 724/1323/1308 618/1322/1307 617/1324/1309
f 724/1323/1308 617/1324/1309 723/1325/1310
f 723/1325/1310 617/1324/1309 616/1326/1311
f 723/1325/1310 616/1326/1311 722/1327/1312
f 722/1327/1312 616/1326/1311 615/1328/1313
f 722/1327/1312 615/1328/1313 721/1329/1314
f 721/1329/1314 615/1328/1313 614/1330/1315
f 721/1329/1314 614/1330/1315 720/1331/1316
f 720/1331/1316 614/1330/1315 613/1332/1317
f 720/1331/1316 613/1332/1317 719/1333/1318
f 719/1333/1318 613/1332/1317 612/1334/1319
f 719/1333/1318 612/1334/1319 718/1335/1320
f 718/1335/1320 612/1334/1319 611/1336/1321
f 718/1335/1320 611/1336/1321 717/1337/1322
f 717/1337/1322 611/1336/1321 610/1338/1323
f 717/1337/1322 610/1338/1323 716/1339/1324
f 716/1339/1324 610/1338/1323 609/1340/1325
f 716/1339/1324 609/1340/1325 715/1341/1326
f 715/1341/1326 609/1340/1325 608/1342/1327
f 715/1341/1326 608/1342/1327 714/1343/1328
f 714/1343/1328 608/1342/1327 713/1344/1329
f 713/1344/1329 608/1342/1327 676/1345/1330
f 713/1344/1329 676/1345/1330 712/1346/1331
f 712/1346/1331 676/1345/1330 675/1347/1332
f 712/1346/1331 675/1347/1332 711/1348/1333
f 711/1348/1333 675/1347/1332 674/1349/1334
f 711/1348/1333 674/1349/1334 710/1350/1335
f 710/1350/1335 674/1349/1334 673/1351/1336
f 710/1350/1335 673/1351/1336 709/1352/1337
f 709/1352/1337 673/1351/1336 672/1353/1338
f 709/1352/1337 672/1353/1338 708/1354/1339
f 708/1354/1339 672/1353/1338 671/1355/1340
f 708/1354/1339 671/1355/1340 707/1356/1341
f 707/1356/1341 671/1355/1340 670/1357/1342
f 707/1356/1341 670/1357/1342 706/1358/1343
f 706/1358/1343 670/1357/1342 669/1359/1344
f 706/1358/1343 669/1359/1344 705/1360/1345
f 705/1360/1345 669/1359/1344 668/1361/1346
f 705/1360/1345 668/1361/1346 704/1362/1347
f 704/1362/1347 668/1361/1346 667/1363/1348
f 704/1362/1347 667/1363/1348 703/1364/1349
f 703/1364/1349 667/1363/1348 666/1365/1350
f 703/1364/1349 666/1365/1350 702/1366/1351
f 702/1366/1351 666/1365/1350 665/1367/1352
f 702/1366/1351 665/1367/1352 701/1368/1353
f 701/1368/1353 665/1367/1352 664/1369/1354
f 701/1368/1353 664/1369/1354 700/1370/1355
f 700/1370/1355 664/1369/1354 663/1371/1356
f 700/1370/1355 663/1371/1356 699/1372/1357
f 699/1372/1357 663/1371/1356 698/1373/1358
f 698/1373/1358 663/1371/1356 662/1374/1359
f 698/1373/1358 662/1374/1359 697/1375/1360
f 697/1375/1360 662/1374/1359 661/1376/1361
f 697/1375/1360 661/1376/1361 696/1377/1362
f 696/1377/1362 661/1376/1361 660/1378/1363
f 696/1377/1362 660/1378/1363 695/1379/1364
f 695/1379/1364 660/1378/1363 659/1380/1365
f 695/1379/1364 659/1380/1365 694/1381/1366
f 694/1381/1366 659/1380/1365 658/1382/1367
f 694/1381/1366 658/1382/1367 693/1383/1368
f 693/1383/1368 658/1382/1367 657/1384/1369
f 693/1383/1368 657/1384/1369 692/1385/1370
f 692/1385/1370 657/1384/1369 656/1386/1371
f 692/1385/1370 656/1386/1371 691/1387/1372
f 691/1387/1372 656/1386/1371 655/1388/1373
f 691/1387/1372 655/1388/1373 690/1389/1374
f 690/1389/1374 655/1388/1373 654/1390/1375
f 690/1389/1374 654/1390/1375 689/1391/1376
f 689/1391/1376 654/1390/1375 653/1392/1377
f 689/1391/1376 653/1392/1377 688/1393/1378
f 688/1393/1378 653/1392/1377 652/1394/1379
f 688/1393/1378 652/1394/1379 687/1395/1380
f 687/1395/1380 652/1394/1379 651/1396/1381
f 687/1395/1380 651/1396/1381 686/1397/1382
f 686/1397/1382 651/1396/1381 650/1398/1383
f 686/1397/1382 650/1398/1383 685/1399/1384
f 685/1399/1384 650/1398/1383 649/1400/1385
f 685/1399/1384 649/1400/1385 684/1401/1386
f 684/1401/1386 649/1400/1385 683/1402/1387
f 683/1402/1387 649/1400/1385 648/1403/1388
f 683/1402/1387 648/1403/1388 682/1404/1389
f 682/1404/1389 648/1403/1388 647/1405/1390
f 682/1404/1389 647/1405/1390 681/1406/1391
f 681/1406/1391 647/1405/1390 646/1407/1392
f 681/1406/1391 646/1407/1392 680/1408/1393
f 680/1408/1393 646/1407/1392 645/1409/1394
f 680/1408/1393 645/1409/1394 679/1410/1395
f 679/1410/1395 645/1409/1394 644/1411/1396
f 679/1410/1395 644/1411/1396 678/1269/1254
f 678/1269/1254 644/1411/1396 643/1270/1255
f 750/1412/1397 824/1413/1398 677/1414/1399
f 677/1414/1399 824/1413/1398 751/1415/1400
f 677/1414/1399 751/1415/1400 678/1416/1401
f 678/1416/1401 751/1415/1400 752/1417/1402
f 678/1416/1401 752/1417/1402 679/1418/1403
f 679/1418/1403 752/1417/1402 753/1419/1404
f 679/1418/1403 753/1419/1404 680/1420/1405
f 680/1420/1405 753/1419/1404 754/1421/1406
f 680/1420/1405 754/1421/1406 681/1422/1407
f 681/1422/1407 754/1421/1406 755/1423/1408
f 681/1422/1407 755/1423/1408 682/1424/1409
f 682/1424/1409 755/1423/1408 756/1425/1410
f 682/1424/1409 756/1425/1410 683/1426/1411
f 683/1426/1411 756/1425/1410 757/1427/1412
f 683/1426/1411 757/1427/1412 684/1428/1413
f 684/1428/1413 757/1427/1412 758/1429/1414
f 684/1428/1413 758/1429/1414 685/1430/1415
f 685/1430/1415 758/1429/1414 759/1431/1416
f 685/1430/1415 759/1431/1416 686/1432/1417
f 686/1432/1417 759/1431/1416 760/1433/1418
f 686/1432/1417 760/1433/1418 687/1434/1419
f 687/1434/1419 760/1433/1418 761/1435/1420
f 687/1434/1419 761/1435/1420 688/1436/1421
f 688/1436/1421 761/1435/1420 762/1437/1422
f 688/1436/1421 762/1437/1422 689/1438/1423
f 689/1438/1423 762/1437/1422 763/1439/1424
f 689/1438/1423 763/1439/1424 690/1440/1425
f 690/1440/1425 763/1439/1424 764/1441/1426
f 690/1440/1425 764/1441/1426 691/1442/1427
f 691/1442/1427 764/1441/1426 765/1443/1428
f 691/1442/1427 765/1443/1428 692/1444/1429
f 692/1444/1429 765/1443/1428 766/1445/1430
f 692/1444/1429 766/1445/1430 693/1446/1431
f 693/1446/1431 766/1445/1430 767/1447/1432
f 693/1446/1431 767/1447/1432 694/1448/1433
f 694/1448/1433 767/1447/1432 768/1449/1434
f 694/1448/1433 768/1449/1434 695/1450/1435
f 695/1450/1435 768/1449/1434 769/1451/1436
f 695/1450/1435 769/1451/1436 696/1452/1437
f 696/1452/1437 769/1451/1436 770/1453/1438
f 696/1452/1437 770/1453/1438 697/1454/1439
f 697/1454/1439 770/1453/1438 771/1455/1440
f 697/1454/1439 771/1455/1440 698/1456/1441
f 698/1456/1441 771/1455/1440 772/1457/1442
f 698/1456/1441 772/1457/1442 699/1458/1443
f 699/1458/1443 772/1457/1442 773/1459/1444
f 699/1458/1443 773/1459/1444 700/1460/1445
f 700/1460/1445 773/1459/1444 774/1461/1446
f 700/1460/1445 774/1461/1446 701/1462/1447
f 701/1462/1447 774/1461/1446 775/1463/1448
f 701/1462/1447 775/1463/1448 702/1464/1449
f 702/1464/1449 775/1463/1448 776/1465/1450
f 702/1464/1449 776/1465/1450 703/1466/1451
f 703/1466/1451 776/1465/1450 777/1467/1452
f 703/1466/1451 777/1467/1452 704/1468/1453
f 704/1468/1453 777/1467/1452 778/1469/1454
f 704/1468/1453 778/1469/1454 705/1470/1455
f 705/1470/1455 778/1469/1454 779/1471/1456
f 705/1470/1455 779/1471/1456 706/1472/1457
f 706/1472/1457 779/1471/1456 780/1473/1458
f 706/1472/1457 780/1473/1458 707/1474/1459
f 707/1474/1459 780/1473/1458 781/1475/1460
f 707/1474/1459 781/1475/1460 708/1476/1461
f 708/1476/1461 781/1475/1460 782/1477/1462
f 708/1476/1461 782/1477/1462 709/1478/1463
f 709/1478/1463 782/1477/1462 783/1479/1464
f 709/1478/1463 783/1479/1464 710/1480/1465
f 710/1480/1465 783/1479/1464 784/1481/1466
f 710/1480/1465 784/1481/1466 711/1482/1467
f 711/1482/1467 784/1481/1466 785/1483/1468
f 711/1482/1467 785/1483/1468 712/1484/1469
f 712/1484/1469 785/1483/1468 786/1485/1470
f 712/1484/1469 786/1485/1470 713/1486/1471
f 713/1486/1471 786/1485/1470 787/1487/1472
f 713/1486/1471 787/1487/1472 714/1488/1473
f 714/1488/1473 787/1487/1472 788/1489/1474
f 714/1490/1473 788/1491/1474 715/1492/1475
f 715/1492/1475 788/1491/1474 789/1493/1476
f 715/1492/1475 789/1493/1476 716/1494/1477
f 716/1494/1477 789/1493/1476 790/1495/1478
f 716/1494/1477 790/1495/1478 717/1496/1479
f 717/1496/1479 790/1495/1478 791/1497/1480
f 717/1496/1479 791/1497/1480 718/1498/1481
f 718/1498/1481 791/1497/1480 792/1499/1482
f 718/1498/1481 792/1499/1482 719/1500/1483
f 719/1500/1483 792/1499/1482 793/1501/1484
f 719/1500/1483 793/1501/1484 720/1502/1485
f 720/1502/1485 793/1501/1484 794/1503/1486
f 720/1502/1485 794/1503/1486 721/1504/1487
f 721/1504/1487 794/1503/1486 795/1505/1488
f 721/1504/1487 795/1505/1488 722/1506/1489
f 722/1506/1489 795/1505/1488 796/1507/1490
f 722/1506/1489 796/1507/1490 723/1508/1491
f 723/1508/1491 796/1507/1490 797/1509/1492
f 723/1508/1491 797/1509/1492 724/1510/1493
f 724/1510/1493 797/1509/1492 798/1511/1494
f 724/1510/1493 798/1511/1494 725/1512/1495
f 725/1512/1495 798/1511/1494 799/1513/1496
f 725/1512/1495 799/1513/1496 726/1514/1497
f 726/1514/1497 799/1513/1496 800/1515/1498
f 726/1514/1497 800/1515/1498 727/1516/1499
f 727/1516/1499 800/1515/1498 801/1517/1500
f 727/1516/1499 801/1517/1500 728/1518/1501
f 728/1518/1501 801/1517/1500 802/1519/1502
f 728/1518/1501 802/1519/1502 729/1520/1503
f 729/1520/1503 802/1519/1502 803/1521/1504
f 729/1520/1503 803/1521/1504 730/1522/1505
f 730/1522/1505 803/1521/1504 804/1523/1506
f 730/1522/1505 804/1523/1506 731/1524/1507
f 731/1524/1507 804/1523/1506 805/1525/1508
f 731/1524/1507 805/1525/1508 732/1526/1509
f 732/1526/1509 805/1525/1508 806/1527/1510
f 732/1526/1509 806/1527/1510 733/1528/1511
f 733/1528/1511 806/1527/1510 807/1529/1512
f 733/1528/1511 807/1529/1512 734/1530/1513
f 734/1530/1513 807/1529/1512 808/1531/1514
f 734/1530/1513 808/1531/1514 735/1532/1515
f 735/1532/1515 808/1531/1514 809/1533/1516
f 735/1532/1515 809/1533/1516 736/1534/1517
f 736/1534/1517 809/1533/1516 810/1535/1518
f 736/1534/1517 810/1535/1518 737/1536/1519
f 737/1536/1519 810/1535/1518 811/1537/1520
f 737/1536/1519 811/1537/1520 738/1538/1521
f 738/1538/1521 811/1537/1520 812/1539/1522
f 738/1538/1521 812/1539/1522 739/1540/1523
f 739/1540/1523 812/1539/1522 813/1541/1524
f 739/1540/1523 813/1541/1524 740/1542/1525
f 740/1542/1525 813/1541/1524 814/1543/1526
f 740/1542/1525 814/1543/1526 741/1544/1527
f 741/1544/1527 814/1543/1526 815/1545/1528
f 741/1544/1527 815/1545/1528 742/1546/1529
f 742/1546/1529 815/1545/1528 816/1547/1530
f 742/1546/1529 816/1547/1530 743/1548/1531
f 743/1548/1531 816/1547/1530 817/1549/1532
f 743/1548/1531 817/1549/1532 744/1550/1533
f 744/1550/1533 817/1549/1532 818/1551/1534
f 744/1550/1533 818/1551/1534 745/1552/1535
f 745/1552/1535 818/1551/1534 819/1553/1536
f 745/1552/1535 819/1553/1536 746/1554/1537
f 746/1554/1537 819/1553/1536 820/1555/1538
f 746/1554/1537 820/1555/1538 747/1556/1539
f 747/1556/1539 820/1555/1538 821/1557/1540
f 747/1556/1539 821/1557/1540 748/1558/1541
f 748/1558/1541 821/1557/1540 822/1559/1542
f 748/1558/1541 822/1559/1542 749/1560/1543
f 749/1560/1543 822/1559/1542 823/1561/1544
f 749/1560/1543 823/1561/1544 750/1412/1397
f 750/1412/1397 823/1561/1544 824/1413/1398
f 752/1562/1545 751/1563/1546 825/1564/1547
f 825/1564/1547 751/1563/1546 824/1565/1548
f 825/1564/1547 824/1565/1548 883/1566/1549
f 883/1566/1549 824/1565/1548 823/1567/1550
f 883/1566/1549 823/1567/1550 882/1568/1551
f 882/1568/1551 823/1567/1550 822/1569/1552
f 882/1568/1551 822/1569/1552 881/1570/1553
f 881/1570/1553 822/1569/1552 821/1571/1554
f 881/1570/1553 821/1571/1554 880/1572/1555
f 880/1572/1555 821/1571/1554 820/1573/1556
f 880/1572/1555 820/1573/1556 819/1574/1557
f 880/1572/1555 819/1574/1557 879/1575/1558
f 879/1575/1558 819/1574/1557 818/1576/1559
f 879/1575/1558 818/1576/1559 878/1577/1560
f 878/1577/1560 818/1576/1559 817/1578/1561
f 878/1577/1560 817/1578/1561 877/1579/1562
f 877/1579/1562 817/1578/1561 816/1580/1563
f 877/1579/1562 816/1580/1563 876/1581/1564
f 876/1581/1564 816/1580/1563 815/1582/1565
f 876/1581/1564 815/1582/1565 814/1583/1566
f 876/1581/1564 814/1583/1566 875/1584/1567
f 875/1584/1567 814/1583/1566 813/1585/1568
f 875/1584/1567 813/1585/1568 874/1586/1569
f 874/1586/1569 813/1585/1568 812/1587/1570
f 874/1586/1569 812/1587/1570 873/1588/1571
f 873/1588/1571 812/1587/1570 811/1589/1572
f 873/1588/1571 811/1589/1572 872/1590/1573
f 872/1590/1573 811/1589/1572 810/1591/1574
f 872/1590/1573 810/1591/1574 809/1592/1575
f 872/1590/1573 809/1592/1575 871/1593/1576
f 871/1593/1576 809/1592/1575 808/1594/1577
f 871/1593/1576 808/1594/1577 870/1595/1578
f 870/1595/1578 808/1594/1577 807/1596/1579
f 870/1595/1578 807/1596/1579 869/1597/1580
f 869/1597/1580 807/1596/1579 806/1598/1581
f 869/1597/1580 806/1598/1581 868/1599/1582
f 868/1599/1582 806/1598/1581 805/1600/1583
f 868/1599/1582 805/1600/1583 804/1601/1584
f 868/1599/1582 804/1601/1584 867/1602/1585
f 867/1602/1585 804/1601/1584 803/1603/1586
f 867/1602/1585 803/1603/1586 866/1604/1587
f 866/1604/1587 803/1603/1586 802/1605/1588
f 866/1604/1587 802/1605/1588 865/1606/1589
f 865/1606/1589 802/1605/1588 801/1607/1590
f 865/1606/1589 801/1607/1590 864/1608/1591
f 864/1608/1591 801/1607/1590 800/1609/1592
f 864/1608/1591 800/1609/1592 799/1610/1593
f 864/1608/1591 799/1610/1593 863/1611/1594
f 863/1611/1594 799/1610/1593 798/1612/1595
f 863/1611/1594 798/1612/1595 862/1613/1596
f 862/1613/1596 798/1612/1595 797/1614/1597
f 862/1613/1596 797/1614/1597 861/1615/1598
f 861/1615/1598 797/1614/1597 796/1616/1599
f 861/1615/1598 796/1616/1599 860/1617/1600
f 860/1617/1600 796/1616/1599 795/1618/1601
f 860/1617/1600 795/1618/1601 794/1619/1602
f 860/1617/1600 794/1619/1602 859/1620/1603
f 859/1620/1603 794/1619/1602 793/1621/1604
f 859/1620/1603 793/1621/1604 858/1622/1605
f 858/1622/1605 793/1621/1604 792/1623/1606
f 858/1622/1605 792/1623/1606 857/1624/1607
f 857/1624/1607 792/1623/1606 791/1625/1608
f 857/1624/1607 791/1625/1608 856/1626/1609
f 856/1626/1609 791/1625/1608 790/1627/1610
f 856/1626/1609 790/1627/1610 789/1628/1611
f 856/1626/1609 789/1628/1611 855/1629/1612
f 855/1629/1612 789/1628/1611 788/1630/1613
f 855/1629/1612 788/1630/1613 854/1631/1614
f 854/1632/1614 788/1633/1613 787/1634/1615
f 854/1632/1614 787/1634/1615 853/1635/1616
f 853/1635/1616 787/1634/1615 786/1636/1617
f 853/1635/1616 786/1636/1617 785/1637/1618
f 853/1635/1616 785/1637/1618 852/1638/1619
f 852/1638/1619 785/1637/1618 784/1639/1620
f 852/1638/1619 784/1639/1620 851/1640/1621
f 851/1640/1621 784/1639/1620 783/1641/1622
f 851/1640/1621 783/1641/1622 850/1642/1623
f 850/1642/1623 783/1641/1622 782/1643/1624
f 850/1642/1623 782/1643/1624 849/1644/1625
f 849/1644/1625 782/1643/1624 781/1645/1626
f 849/1644/1625 781/1645/1626 780/1646/1627
f 849/1644/1625 780/1646/1627 848/1647/1628
f 848/1647/1628 780/1646/1627 779/1648/1629
f 848/1647/1628 779/1648/1629 847/1649/1630
f 847/1649/1630 779/1648/1629 778/1650/1631
f 847/1649/1630 778/1650/1631 846/1651/1632
f 846/1651/1632 778/1650/1631 777/1652/1633
f 846/1651/1632 777/1652/1633 845/1653/1634
f 845/1653/1634 777/1652/1633 776/1654/1635
f 845/1653/1634 776/1654/1635 775/1655/1636
f 845/1653/1634 775/1655/1636 844/1656/1637
f 844/1656/1637 775/1655/1636 774/1657/1638
f 844/1656/1637 774/1657/1638 843/1658/1639
f 843/1658/1639 774/1657/1638 773/1659/1640
f 843/1658/1639 773/1659/1640 842/1660/1641
f 842/1660/1641 773/1659/1640 772/1661/1642
f 842/1660/1641 772/1661/1642 841/1662/1643
f 841/1662/1643 772/1661/1642 771/1663/1644
f 841/1662/1643 771/1663/1644 770/1664/1645
f 841/1662/1643 770/1664/1645 840/1665/1646
f 840/1665/1646 770/1664/1645 769/1666/1647
f 840/1665/1646 769/1666/1647 839/1667/1648
f 839/1667/1648 769/1666/1647 768/1668/1649
f 839/1667/1648 768/1668/1649 838/1669/1650
f 838/1669/1650 768/1668/1649 767/1670/1651
f 838/1669/1650 767/1670/1651 837/1671/1652
f 837/1671/1652 767/1670/1651 766/1672/1653
f 837/1671/1652 766/1672/1653 765/1673/1654
f 837/1671/1652 765/1673/1654 836/1674/1655
f 836/1674/1655 765/1673/1654 764/1675/1656
f 836/1674/1655 764/1675/1656 835/1676/1657
f 835/1676/1657 764/1675/1656 763/1677/1658
f 835/1676/1657 763/1677/1658 834/1678/1659
f 834/1678/1659 763/1677/1658 762/1679/1660
f 834/1678/1659 762/1679/1660 833/1680/1661
f 833/1680/1661 762/1679/1660 761/1681/1662
f 833/1680/1661 761/1681/1662 760/1682/1663
f 833/1680/1661 760/1682/1663 832/1683/1664
f 832/1683/1664 760/1682/1663 759/1684/1665
f 832/1683/1664 759/1684/1665 831/1685/1666
f 831/1685/1666 759/1684/1665 758/1686/1667
f 831/1685/1666 758/1686/1667 830/1687/1668
f 830/1687/1668 758/1686/1667 757/1688/1669
f 830/1687/1668 757/1688/1669 829/1689/1670
f 829/1689/1670 757/1688/1669 756/1690/1671
f 829/1689/1670 756/1690/1671 755/1691/1672
f 829/1689/1670 755/1691/1672 828/1692/1673
f 828/1692/1673 755/1691/1672 754/1693/1674
f 828/1692/1673 754/1693/1674 827/1694/1675
f 827/1694/1675 754/1693/1674 753/1695/1676
f 827/1694/1675 753/1695/1676 826/1696/1677
f 826/1696/1677 753/1695/1676 752/1562/1545
f 826/1696/1677 752/1562/1545 825/1564/1547
usemtl Opaque(65,55,50)
f 886/1697/1678 932/1698/1679 885/1699/1680
f 885/1699/1680 932/1698/1679 933/1700/1681
f 885/1699/1680 933/1700/1681 884/1701/1682
f 932/1698/1679 886/1697/1678 931/1702/1683
f 931/1702/1683 886/1697/1678 887/1703/1684
f 931/1702/1683 887/1703/1684 930/1704/1685
f 930/1704/1685 887/1703/1684 888/1705/1686
f 930/1704/1685 888/1705/1686 929/1706/1687
f 929/1706/1687 888/1705/1686 889/1707/1688
f 929/1706/1687 889/1707/1688 928/1708/1689
f 928/1708/1689 889/1707/1688 890/1709/1690
f 928/1708/1689 890/1709/1690 927/1710/1691
f 927/1710/1691 890/1709/1690 891/1711/1692
f 927/1710/1691 891/1711/1692 926/1712/1693
f 926/1712/1693 891/1711/1692 892/1713/1694
f 926/1712/1693 892/1713/1694 925/1714/1695
f 925/1714/1695 892/1713/1694 893/1715/1696
f 925/1714/1695 893/1715/1696 924/1716/1697
f 924/1716/1697 893/1715/1696 894/1717/1698
f 924/1716/1697 894/1717/1698 923/1718/1699
f 923/1718/1699 894/1717/1698 895/1719/1700
f 923/1718/1699 895/1719/1700 922/1720/1701
f 922/1720/1701 895/1719/1700 921/1721/1702
f 922/1720/1701 921/1721/1702 937/1722/1703
f 937/1722/1703 921/1721/1702 936/1723/1704
f 937/1722/1703 936/1723/1704 952/1724/1705
f 952/1724/1705 936/1723/1704 951/1725/1706
f 952/1724/1705 951/1725/1706 967/1726/1707
f 967/1726/1707 951/1725/1706 966/1727/1708
f 967/1726/1707 966/1727/1708 1005/1728/1709
f 1005/1728/1709 966/1727/1708 1006/1729/1710
f 1005/1728/1709 1006/1729/1710 982/1730/1711
f 982/1730/1711 1006/1729/1710 981/1731/1712
f 982/1730/1711 981/1731/1712 1011/1732/1713
f 1011/1732/1713 981/1731/1712 1010/1733/1714
f 1011/1732/1713 1010/1733/1714 1025/1734/1715
f 1025/1734/1715 1010/1733/1714 1024/1735/1716
f 1025/1734/1715 1024/1735/1716 1063/1736/1717
f 1063/1736/1717 1024/1735/1716 1064/1737/1718
f 1063/1736/1717 1064/1737/1718 1040/1738/1719
f 1040/1738/1719 1064/1737/1718 1039/1739/1720
f 1040/1738/1719 1039/1739/1720 1070/1740/1721
f 1070/1740/1721 1039/1739/1720 1069/1741/1722
f 1070/1740/1721 1069/1741/1722 1084/1742/1723
f 1084/1742/1723 1069/1741/1722 1083/1743/1724
f 1084/1742/1723 1083/1743/1724 1122/1744/1725
f 1122/1744/1725 1083/1743/1724 1123/1745/1726
f 1122/1744/1725 1123/1745/1726 1099/1746/1727
f 1099/1746/1727 1123/1745/1726 1098/1747/1728
f 1099/1746/1727 1098/1747/1728 1129/1748/1729
f 1129/1748/1729 1098/1747/1728 1128/1749/1730
f 1129/1748/1729 1128/1749/1730 1144/1750/1731
f 1144/1750/1731 1128/1749/1730 1143/1751/1732
f 1144/1750/1731 1143/1751/1732 1159/1752/1733
f 1159/1752/1733 1143/1751/1732 1158/1753/1734
f 1159/1752/1733 1158/1753/1734 1197/1754/1735
f 1197/1754/1735 1158/1753/1734 1198/1755/1736
f 1197/1754/1735 1198/1755/1736 1174/1756/1737
f 1174/1756/1737 1198/1755/1736 1173/1757/1738
f 1174/1756/1737 1173/1757/1738 1203/1758/1739
f 1203/1758/1739 1173/1757/1738 1202/1759/1740
f 1203/1758/1739 1202/1759/1740 1217/1760/1741
f 1217/1760/1741 1202/1759/1740 1216/1761/1742
f 1217/1760/1741 1216/1761/1742 1255/1762/1743
f 1255/1762/1743 1216/1761/1742 1256/1763/1744
f 1255/1762/1743 1256/1763/1744 1232/1764/1745
f 1232/1764/1745 1256/1763/1744 1231/1765/1746
f 1232/1764/1745 1231/1765/1746 1262/1766/1747
f 1262/1766/1747 1231/1765/1746 1261/1767/1748
f 1262/1766/1747 1261/1767/1748 1276/1768/1749
f 1276/1768/1749 1261/1767/1748 1275/1769/1750
f 1276/1768/1749 1275/1769/1750 1314/1770/1751
f 1314/1770/1751 1275/1769/1750 1315/1771/1752
f 1314/1770/1751 1315/1771/1752 1291/1772/1753
f 1291/1772/1753 1315/1771/1752 1290/1773/1754
f 1291/1772/1753 1290/1773/1754 1321/1774/1755
f 1321/1774/1755 1290/1773/1754 1320/1775/1756
f 1321/1774/1755 1320/1775/1756 1336/1776/1757
f 1336/1776/1757 1320/1775/1756 1335/1777/1758
f 1336/1776/1757 1335/1777/1758 1351/1778/1759
f 1351/1778/1759 1335/1777/1758 1350/1779/1760
f 1351/1778/1759 1350/1779/1760 1389/1780/1761
f 1389/1780/1761 1350/1779/1760 1390/1781/1762
f 1389/1780/1761 1390/1781/1762 1366/1782/1763
f 1366/1782/1763 1390/1781/1762 1365/1783/1764
f 1366/1782/1763 1365/1783/1764 1395/1784/1765
f 1395/1784/1765 1365/1783/1764 1394/1785/1766
f 1395/1784/1765 1394/1785/1766 1409/1786/1767
f 1409/1786/1767 1394/1785/1766 1408/1787/1768
f 1409/1786/1767 1408/1787/1768 1447/1788/1769
f 1447/1788/1769 1408/1787/1768 1448/1789/1770
f 1447/1788/1769 1448/1789/1770 1424/1790/1771
f 1424/1790/1771 1448/1789/1770 1423/1791/1772
f 1424/1790/1771 1423/1791/1772 1454/1792/1773
f 1454/1792/1773 1423/1791/1772 1453/1793/1774
f 1454/1792/1773 1453/1793/1774 1468/1794/1775
f 1468/1794/1775 1453/1793/1774 1467/1795/1776
f 1468/1794/1775 1467/1795/1776 1506/1796/1777
f 1506/1796/1777 1467/1795/1776 1507/1797/1778
f 1506/1796/1777 1507/1797/1778 1483/1798/1779
f 1483/1798/1779 1507/1797/1778 1482/1799/1780
f 1483/1798/1779 1482/1799/1780 1513/1800/1781
f 1513/1800/1781 1482/1799/1780 1512/1801/1782
f 1513/1800/1781 1512/1801/1782 1528/1802/1783
f 1528/1802/1783 1512/1801/1782 1527/1803/1784
f 1528/1802/1783 1527/1803/1784 1543/1804/1785
f 1543/1804/1785 1527/1803/1784 1542/1805/1786
f 1543/1804/1785 1542/1805/1786 1581/1806/1787
f 1581/1806/1787 1542/1805/1786 1582/1807/1788
f 1581/1806/1787 1582/1807/1788 1558/1808/1789
f 1558/1808/1789 1582/1807/1788 1557/1809/1790
f 1558/1808/1789 1557/1809/1790 1587/1810/1791
f 1587/1810/1791 1557/1809/1790 1586/1811/1792
f 1587/1810/1791 1586/1811/1792 1602/1812/1793
f 1602/1812/1793 1586/1811/1792 1601/1813/1794
f 1602/1812/1793 1601/1813/1794 1640/1814/1795
f 1640/1814/1795 1601/1813/1794 1641/1815/1796
f 1640/1814/1795 1641/1815/1796 1617/1816/1797
f 1617/1816/1797 1641/1815/1796 1616/1817/1798
f 1617/1816/1797 1616/1817/1798 1645/1818/1799
f 1645/1818/1799 1616/1817/1798 1644/1819/1800
f 1645/1818/1799 1644/1819/1800 1683/1820/1801
f 1683/1820/1801 1644/1819/1800 1684/1821/1802
f 1683/1820/1801 1684/1821/1802 1660/1822/1803
f 1660/1822/1803 1684/1821/1802 1659/1823/1804
f 1660/1822/1803 1659/1823/1804 1690/1824/1805
f 1690/1824/1805 1659/1823/1804 1689/1825/1806
f 1690/1824/1805 1689/1825/1806 1705/1826/1807
f 1705/1826/1807 1689/1825/1806 1704/1827/1808
f 1705/1826/1807 1704/1827/1808 1743/1828/1809
f 1743/1828/1809 1704/1827/1808 1744/1829/1810
f 1743/1828/1809 1744/1829/1810 1720/1830/1811
f 1720/1830/1811 1744/1829/1810 1719/1831/1812
f 1720/1830/1811 1719/1831/1812 1749/1832/1813
f 1749/1832/1813 1719/1831/1812 1748/1833/1814
f 1749/1832/1813 1748/1833/1814 1787/1834/1815
f 1787/1834/1815 1748/1833/1814 1788/1835/1816
f 1787/1834/1815 1788/1835/1816 1764/1836/1817
f 1764/1836/1817 1788/1835/1816 1763/1837/1818
f 1764/1836/1817 1763/1837/1818 1792/1838/1819
f 1792/1838/1819 1763/1837/1818 1791/1839/1820
f 1792/1838/1819 1791/1839/1820 1830/1840/1821
f 1830/1840/1821 1791/1839/1820 1831/1841/1822
f 1830/1840/1821 1831/1841/1822 1807/1842/1823
f 1807/1842/1823 1831/1841/1822 1806/1843/1824
f 1807/1842/1823 1806/1843/1824 1836/1844/1825
f 1836/1844/1825 1806/1843/1824 1835/1845/1826
f 1836/1844/1825 1835/1845/1826 1874/1846/1827
f 1874/1846/1827 1835/1845/1826 1875/1847/1828
f 1874/1846/1827 1875/1847/1828 1851/1848/1829
f 1851/1848/1829 1875/1847/1828 1850/1849/1830
f 1851/1848/1829 1850/1849/1830 1881/1850/1831
f 1881/1850/1831 1850/1849/1830 1880/1851/1832
f 1881/1850/1831 1880/1851/1832 1896/1852/1833
f 1896/1852/1833 1880/1851/1832 1895/1853/1834
f 1896/1852/1833 1895/1853/1834 1934/1854/1835
f 1934/1854/1835 1895/1853/1834 1935/1855/1836
f 1934/1854/1835 1935/1855/1836 1911/1856/1837
f 1911/1856/1837 1935/1855/1836 1910/1857/1838
f 1911/1856/1837 1910/1857/1838 1940/1858/1839
f 1940/1858/1839 1910/1857/1838 1939/1859/1840
f 1940/1858/1839 1939/1859/1840 1978/1860/1841
f 1978/1860/1841 1939/1859/1840 1979/1861/1842
f 1978/1860/1841 1979/1861/1842 1955/1862/1843
f 1955/1862/1843 1979/1861/1842 1954/1863/1844
f 1955/1862/1843 1954/1863/1844 1983/1864/1845
f 1983/1864/1845 1954/1863/1844 1982/1865/1846
f 1983/1864/1845 1982/1865/1846 2021/1866/1847
f 2021/1866/1847 1982/1865/1846 2022/1867/1848
f 2021/1866/1847 2022/1867/1848 1998/1868/1849
f 1998/1868/1849 2022/1867/1848 1997/1869/1850
f 1998/1868/1849 1997/1869/1850 2027/1870/1851
f 2027/1870/1851 1997/1869/1850 2026/1871/1852
f 2027/1870/1851 2026/1871/1852 2065/1872/1853
f 2065/1872/1853 2026/1871/1852 2066/1873/1854
f 2065/1872/1853 2066/1873/1854 2042/1874/1855
f 2042/1874/1855 2066/1873/1854 2041/1875/1856
f 2042/1874/1855 2041/1875/1856 2071/1876/1857
f 2071/1876/1857 2041/1875/1856 2070/1877/1858
f 2071/1876/1857 2070/1877/1858 895/1878/1700
f 895/1878/1700 2070/1877/1858 896/1879/1859
f 896/1879/1859 2070/1877/1858 2069/1880/1860
f 896/1879/1859 2069/1880/1860 898/1881/1861
f 898/1881/1861 2069/1880/1860 2039/1882/1862
f 898/1881/1861 2039/1882/1862 826/1883/1863
f 826/1883/1863 2039/1882/1862 827/1884/1864
f 827/1884/1864 2039/1882/1862 2068/1885/1865
f 827/1884/1864 2068/1885/1865 899/1886/1866
f 899/1886/1866 2068/1885/1865 2067/1887/1867
f 899/1886/1866 2067/1887/1867 2025/1888/1868
f 2025/1888/1868 2067/1887/1867 2066/1873/1854
f 2025/1888/1868 2066/1873/1854 2026/1871/1852
f 895/1719/1700 896/1889/1859 921/1721/1702
f 921/1721/1702 896/1889/1859 920/1890/1869
f 921/1721/1702 920/1890/1869 936/1723/1704
f 936/1723/1704 920/1890/1869 935/1891/1870
f 936/1723/1704 935/1891/1870 951/1725/1706
f 951/1725/1706 935/1891/1870 950/1892/1871
f 951/1725/1706 950/1892/1871 966/1727/1708
f 966/1727/1708 950/1892/1871 965/1893/1872
f 966/1727/1708 965/1893/1872 1006/1729/1710
f 1006/1729/1710 965/1893/1872 1007/1894/1873
f 1006/1729/1710 1007/1894/1873 981/1731/1712
f 981/1731/1712 1007/1894/1873 980/1895/1874
f 981/1731/1712 980/1895/1874 1010/1733/1714
f 1010/1733/1714 980/1895/1874 1009/1896/1875
f 1010/1733/1714 1009/1896/1875 1024/1735/1716
f 1024/1735/1716 1009/1896/1875 1023/1897/1876
f 1024/1735/1716 1023/1897/1876 1064/1737/1718
f 1064/1737/1718 1023/1897/1876 1065/1898/1877
f 1064/1737/1718 1065/1898/1877 1039/1739/1720
f 1039/1739/1720 1065/1898/1877 1038/1899/1878
f 1039/1739/1720 1038/1899/1878 1069/1741/1722
f 1069/1741/1722 1038/1899/1878 1068/1900/1879
f 1069/1741/1722 1068/1900/1879 1083/1743/1724
f 1083/1743/1724 1068/1900/1879 1082/1901/1880
f 1083/1743/1724 1082/1901/1880 1123/1745/1726
f 1123/1745/1726 1082/1901/1880 1124/1902/1881
f 1123/1745/1726 1124/1902/1881 1098/1747/1728
f 1098/1747/1728 1124/1902/1881 1097/1903/1882
f 1098/1747/1728 1097/1903/1882 1128/1749/1730
f 1128/1749/1730 1097/1903/1882 1127/1904/1883
f 1128/1749/1730 1127/1904/1883 1143/1751/1732
f 1143/1751/1732 1127/1904/1883 1142/1905/1884
f 1143/1751/1732 1142/1905/1884 1158/1753/1734
f 1158/1753/1734 1142/1905/1884 1157/1906/1885
f 1158/1753/1734 1157/1906/1885 1198/1755/1736
f 1198/1755/1736 1157/1906/1885 1199/1907/1886
f 1198/1755/1736 1199/1907/1886 1173/1757/1738
f 1173/1757/1738 1199/1907/1886 1172/1908/1887
f 1173/1757/1738 1172/1908/1887 1202/1759/1740
f 1202/1759/1740 1172/1908/1887 1201/1909/1888
f 1202/1759/1740 1201/1909/1888 1216/1761/1742
f 1216/1761/1742 1201/1909/1888 1215/1910/1889
f 1216/1761/1742 1215/1910/1889 1256/1763/1744
f 1256/1763/1744 1215/1910/1889 1257/1911/1890
f 1256/1763/1744 1257/1911/1890 1231/1765/1746
f 1231/1765/1746 1257/1911/1890 1230/1912/1891
f 1231/1765/1746 1230/1912/1891 1261/1767/1748
f 1261/1767/1748 1230/1912/1891 1260/1913/1892
f 1261/1767/1748 1260/1913/1892 1275/1769/1750
f 1275/1769/1750 1260/1913/1892 1274/1914/1893
f 1275/1769/1750 1274/1914/1893 1315/1771/1752
f 1315/1771/1752 1274/1914/1893 1316/1915/1894
f 1315/1771/1752 1316/1915/1894 1290/1773/1754
f 1290/1773/1754 1316/1915/1894 1289/1916/1895
f 1290/1773/1754 1289/1916/1895 1320/1775/1756
f 1320/1775/1756 1289/1916/1895 1319/1917/1896
f 1320/1775/1756 1319/1917/1896 1335/1777/1758
f 1335/1777/1758 1319/1917/1896 1334/1918/1897
f 1335/1777/1758 1334/1918/1897 1350/1779/1760
f 1350/1779/1760 1334/1918/1897 1349/1919/1898
f 1350/1779/1760 1349/1919/1898 1390/1781/1762
f 1390/1781/1762 1349/1919/1898 1391/1920/1899
f 1390/1781/1762 1391/1920/1899 1365/1783/1764
f 1365/1783/1764 1391/1920/1899 1364/1921/1900
f 1365/1783/1764 1364/1921/1900 1394/1785/1766
f 1394/1785/1766 1364/1921/1900 1393/1922/1901
f 1394/1785/1766 1393/1922/1901 1408/1787/1768
f 1408/1787/1768 1393/1922/1901 1407/1923/1902
f 1408/1787/1768 1407/1923/1902 1448/1789/1770
f 1448/1789/1770 1407/1923/1902 1449/1924/1903
f 1448/1789/1770 1449/1924/1903 1423/1791/1772
f 1423/1791/1772 1449/1924/1903 1422/1925/1904
f 1423/1791/1772 1422/1925/1904 1453/1793/1774
f 1453/1793/1774 1422/1925/1904 1452/1926/1905
f 1453/1793/1774 1452/1926/1905 1467/1795/1776
f 1467/1795/1776 1452/1926/1905 1466/1927/1906
f 1467/1795/1776 1466/1927/1906 1507/1797/1778
f 1507/1797/1778 1466/1927/1906 1508/1928/1907
f 1507/1797/1778 1508/1928/1907 1482/1799/1780
f 1482/1799/1780 1508/1928/1907 1481/1929/1908
f 1482/1799/1780 1481/1929/1908 1512/1801/1782
f 1512/1801/1782 1481/1929/1908 1511/1930/1909
f 1512/1801/1782 1511/1930/1909 1527/1803/1784
f 1527/1803/1784 1511/1930/1909 1526/1931/1910
f 1527/1803/1784 1526/1931/1910 1542/1805/1786
f 1542/1805/1786 1526/1931/1910 1541/1932/1911
f 1542/1805/1786 1541/1932/1911 1582/1807/1788
f 1582/1807/1788 1541/1932/1911 1583/1933/1912
f 1582/1807/1788 1583/1933/1912 1557/1809/1790
f 1557/1809/1790 1583/1933/1912 1556/1934/1913
f 1557/1809/1790 1556/1934/1913 1586/1811/1792
f 1586/1811/1792 1556/1934/1913 1585/1935/1914
f 1586/1811/1792 1585/1935/1914 1601/1813/1794
f 1601/1813/1794 1585/1935/1914 1600/1936/1915
f 1601/1813/1794 1600/1936/1915 1641/1815/1796
f 1641/1815/1796 1600/1936/1915 1642/1937/1916
f 1641/1815/1796 1642/1937/1916 1616/1817/1798
f 1616/1817/1798 1642/1937/1916 1615/1938/1917
f 1616/1817/1798 1615/1938/1917 1644/1819/1800
f 1644/1819/1800 1615/1938/1917 1643/1939/1918
f 1644/1819/1800 1643/1939/1918 1684/1821/1802
f 1684/1821/1802 1643/1939/1918 1685/1940/1919
f 1684/1821/1802 1685/1940/1919 1659/1823/1804
f 1659/1823/1804 1685/1940/1919 1658/1941/1920
f 1659/1823/1804 1658/1941/1920 1689/1825/1806
f 1689/1825/1806 1658/1941/1920 1688/1942/1921
f 1689/1825/1806 1688/1942/1921 1704/1827/1808
f 1704/1827/1808 1688/1942/1921 1703/1943/1922
f 1704/1827/1808 1703/1943/1922 1744/1829/1810
f 1744/1829/1810 1703/1943/1922 1745/1944/1923
f 1744/1829/1810 1745/1944/1923 1719/1831/1812
f 1719/1831/1812 1745/1944/1923 1718/1945/1924
f 1719/1831/1812 1718/1945/1924 1748/1833/1814
f 1748/1833/1814 1718/1945/1924 1747/1946/1925
f 1748/1833/1814 1747/1946/1925 1788/1835/1816
f 1788/1835/1816 1747/1946/1925 1789/1947/1926
f 1788/1835/1816 1789/1947/1926 1763/1837/1818
f 1763/1837/1818 1789/1947/1926 1762/1948/1927
f 1763/1837/1818 1762/1948/1927 1791/1839/1820
f 1791/1839/1820 1762/1948/1927 1790/1949/1928
f 1791/1839/1820 1790/1949/1928 1831/1841/1822
f 1831/1841/1822 1790/1949/1928 1832/1950/1929
f 1831/1841/1822 1832/1950/1929 1806/1843/1824
f 1806/1843/1824 1832/1950/1929 1805/1951/1930
f 1806/1843/1824 1805/1951/1930 1835/1845/1826
f 1835/1845/1826 1805/1951/1930 1834/1952/1931
f 1835/1845/1826 1834/1952/1931 1875/1847/1828
f 1875/1847/1828 1834/1952/1931 1876/1953/1932
f 1875/1847/1828 1876/1953/1932 1850/1849/1830
f 1850/1849/1830 1876/1953/1932 1849/1954/1933
f 1850/1849/1830 1849/1954/1933 1880/1851/1832
f 1880/1851/1832 1849/1954/1933 1879/1955/1934
f 1880/1851/1832 1879/1955/1934 1895/1853/1834
f 1895/1853/1834 1879/1955/1934 1894/1956/1935
f 1895/1853/1834 1894/1956/1935 1935/1855/1836
f 1935/1855/1836 1894/1956/1935 1936/1957/1936
f 1935/1855/1836 1936/1957/1936 1910/1857/1838
f 1910/1857/1838 1936/1957/1936 1909/1958/1937
f 1910/1857/1838 1909/1958/1937 1939/1859/1840
f 1939/1859/1840 1909/1958/1937 1938/1959/1938
f 1939/1859/1840 1938/1959/1938 1979/1861/1842
f 1979/1861/1842 1938/1959/1938 1980/1960/1939
f 1979/1861/1842 1980/1960/1939 1954/1863/1844
f 1954/1863/1844 1980/1960/1939 1953/1961/1940
f 1954/1863/1844 1953/1961/1940 1982/1865/1846
f 1982/1865/1846 1953/1961/1940 1981/1962/1941
f 1982/1865/1846 1981/1962/1941 2022/1867/1848
f 2022/1867/1848 1981/1962/1941 2023/1963/1942
f 2022/1867/1848 2023/1963/1942 1997/1869/1850
f 1997/1869/1850 2023/1963/1942 1996/1964/1943
f 1997/1869/1850 1996/1964/1943 2026/1871/1852
f 2026/1871/1852 1996/1964/1943 2025/1888/1868
f 920/1890/1869 896/1889/1859 919/1965/1944
f 919/1965/1944 896/1889/1859 897/1966/1945
f 919/1965/1944 897/1966/1945 825/1967/1946
f 825/1967/1946 883/1968/1947 919/1965/1944
f 919/1965/1944 883/1968/1947 934/1969/1948
f 919/1965/1944 934/1969/1948 935/1891/1870
f 935/1891/1870 934/1969/1948 950/1892/1871
f 883/1968/1947 882/1970/1949 934/1969/1948
f 934/1969/1948 882/1970/1949 949/1971/1950
f 934/1969/1948 949/1971/1950 950/1892/1871
f 950/1892/1871 949/1971/1950 965/1893/1872
f 882/1970/1949 881/1972/1951 949/1971/1950
f 949/1971/1950 881/1972/1951 964/1973/1952
f 949/1971/1950 964/1973/1952 965/1893/1872
f 965/1893/1872 964/1973/1952 1007/1894/1873
f 964/1973/1952 881/1972/1951 918/1974/1953
f 918/1974/1953 881/1972/1951 880/1975/1954
f 918/1974/1953 880/1975/1954 979/1976/1955
f 979/1976/1955 880/1975/1954 879/1977/1956
f 979/1976/1955 879/1977/1956 1008/1978/1957
f 1008/1978/1957 879/1977/1956 878/1979/1958
f 1008/1978/1957 878/1979/1958 917/1980/1959
f 917/1980/1959 878/1979/1958 877/1981/1960
f 917/1980/1959 877/1981/1960 1066/1982/1961
f 1066/1982/1961 877/1981/1960 1037/1983/1962
f 1066/1982/1961 1037/1983/1962 1038/1899/1878
f 1038/1899/1878 1037/1983/1962 1068/1900/1879
f 877/1981/1960 876/1984/1963 1037/1983/1962
f 1037/1983/1962 876/1984/1963 1067/1985/1964
f 1037/1983/1962 1067/1985/1964 1068/1900/1879
f 1068/1900/1879 1067/1985/1964 1082/1901/1880
f 876/1984/1963 875/1986/1965 1067/1985/1964
f 1067/1985/1964 875/1986/1965 916/1987/1966
f 1067/1985/1964 916/1987/1966 1082/1901/1880
f 1082/1901/1880 916/1987/1966 1124/1902/1881
f 875/1986/1965 874/1988/1967 916/1987/1966
f 916/1987/1966 874/1988/1967 1125/1989/1968
f 916/1987/1966 1125/1989/1968 1124/1902/1881
f 1124/1902/1881 1125/1989/1968 1097/1903/1882
f 1125/1989/1968 874/1988/1967 1096/1990/1969
f 1096/1990/1969 874/1988/1967 873/1991/1970
f 1096/1990/1969 873/1991/1970 1126/1992/1971
f 1126/1992/1971 873/1991/1970 872/1993/1972
f 1126/1992/1971 872/1993/1972 1141/1994/1973
f 1141/1994/1973 872/1993/1972 871/1995/1974
f 1141/1994/1973 871/1995/1974 1156/1996/1975
f 1156/1996/1975 871/1995/1974 915/1997/1976
f 1156/1996/1975 915/1997/1976 1199/1907/1886
f 1199/1907/1886 915/1997/1976 1172/1908/1887
f 871/1995/1974 870/1998/1977 915/1997/1976
f 915/1997/1976 870/1998/1977 1171/1999/1978
f 915/1997/1976 1171/1999/1978 1172/1908/1887
f 1172/1908/1887 1171/1999/1978 1201/1909/1888
f 870/1998/1977 869/2000/1979 1171/1999/1978
f 1171/1999/1978 869/2000/1979 1200/2001/1980
f 1171/1999/1978 1200/2001/1980 1201/1909/1888
f 1201/1909/1888 1200/2001/1980 1215/1910/1889
f 869/2000/1979 868/2002/1981 1200/2001/1980
f 1200/2001/1980 868/2002/1981 914/2003/1982
f 1200/2001/1980 914/2003/1982 1215/1910/1889
f 1215/1910/1889 914/2003/1982 1257/1911/1890
f 868/2002/1981 867/2004/1983 914/2003/1982
f 914/2003/1982 867/2004/1983 1258/2005/1984
f 914/2003/1982 1258/2005/1984 1257/1911/1890
f 1257/1911/1890 1258/2005/1984 1230/1912/1891
f 1258/2005/1984 867/2004/1983 1229/2006/1985
f 1229/2006/1985 867/2004/1983 866/2007/1986
f 1229/2006/1985 866/2007/1986 1259/2008/1987
f 1259/2008/1987 866/2007/1986 865/2009/1988
f 1259/2008/1987 865/2009/1988 913/2010/1989
f 913/2010/1989 865/2009/1988 864/2011/1990
f 913/2010/1989 864/2011/1990 1317/2012/1991
f 1317/2012/1991 864/2011/1990 1288/2013/1992
f 1317/2012/1991 1288/2013/1992 1289/1916/1895
f 1289/1916/1895 1288/2013/1992 1319/1917/1896
f 864/2011/1990 863/2014/1993 1288/2013/1992
f 1288/2013/1992 863/2014/1993 1318/2015/1994
f 1288/2013/1992 1318/2015/1994 1319/1917/1896
f 1319/1917/1896 1318/2015/1994 1334/1918/1897
f 863/2014/1993 862/2016/1995 1318/2015/1994
f 1318/2015/1994 862/2016/1995 1333/2017/1996
f 1318/2015/1994 1333/2017/1996 1334/1918/1897
f 1334/1918/1897 1333/2017/1996 1349/1919/1898
f 862/2016/1995 861/2018/1997 1333/2017/1996
f 1333/2017/1996 861/2018/1997 1348/2019/1998
f 1333/2017/1996 1348/2019/1998 1349/1919/1898
f 1349/1919/1898 1348/2019/1998 1391/1920/1899
f 1348/2019/1998 861/2018/1997 912/2020/1999
f 912/2020/1999 861/2018/1997 860/2021/2000
f 912/2020/1999 860/2021/2000 1363/2022/2001
f 1363/2022/2001 860/2021/2000 859/2023/2002
f 1363/2022/2001 859/2023/2002 1392/2024/2003
f 1392/2024/2003 859/2023/2002 858/2025/2004
f 1392/2024/2003 858/2025/2004 911/2026/2005
f 911/2026/2005 858/2025/2004 857/2027/2006
f 911/2026/2005 857/2027/2006 1450/2028/2007
f 1450/2028/2007 857/2027/2006 1421/2029/2008
f 1450/2028/2007 1421/2029/2008 1422/1925/1904
f 1422/1925/1904 1421/2029/2008 1452/1926/1905
f 857/2027/2006 856/2030/2009 1421/2029/2008
f 1421/2029/2008 856/2030/2009 1451/2031/2010
f 1421/2029/2008 1451/2031/2010 1452/1926/1905
f 1452/1926/1905 1451/2031/2010 1466/1927/1906
f 856/2030/2009 855/2032/2011 1451/2031/2010
f 1451/2031/2010 855/2032/2011 910/2033/2012
f 1451/2031/2010 910/2033/2012 1466/1927/1906
f 1466/1927/1906 910/2033/2012 1508/1928/1907
f 855/2032/2011 854/2034/2013 910/2033/2012
f 910/2033/2012 854/2034/2013 1509/2035/2014
f 910/2033/2012 1509/2035/2014 1508/1928/1907
f 1508/1928/1907 1509/2035/2014 1481/1929/1908
f 1509/2035/2014 854/2034/2013 1480/2036/2015
f 1480/2036/2015 854/2034/2013 853/2037/2016
f 1480/2036/2015 853/2037/2016 1510/2038/2017
f 1510/2038/2017 853/2037/2016 852/2039/2018
f 1510/2038/2017 852/2039/2018 1525/2040/2019
f 1525/2040/2019 852/2039/2018 851/2041/2020
f 1525/2040/2019 851/2041/2020 1540/2042/2021
f 1540/2042/2021 851/2041/2020 909/2043/2022
f 1540/2042/2021 909/2043/2022 1583/1933/1912
f 1583/1933/1912 909/2043/2022 1556/1934/1913
f 851/2041/2020 850/2044/2023 909/2043/2022
f 909/2043/2022 850/2044/2023 1555/2045/2024
f 909/2043/2022 1555/2045/2024 1556/1934/1913
f 1556/1934/1913 1555/2045/2024 1585/1935/1914
f 850/2044/2023 849/2046/2025 1555/2045/2024
f 1555/2045/2024 849/2046/2025 1584/2047/2026
f 1555/2045/2024 1584/2047/2026 1585/1935/1914
f 1585/1935/1914 1584/2047/2026 1600/1936/1915
f 849/2046/2025 848/2048/2027 1584/2047/2026
f 1584/2047/2026 848/2048/2027 1599/2049/2028
f 1584/2047/2026 1599/2049/2028 1600/1936/1915
f 1600/1936/1915 1599/2049/2028 1642/1937/1916
f 1599/2049/2028 848/2048/2027 908/2050/2029
f 908/2050/2029 848/2048/2027 847/2051/2030
f 908/2050/2029 847/2051/2030 1614/2052/2031
f 1614/2052/2031 847/2051/2030 846/2053/2032
f 1614/2052/2031 846/2053/2032 907/2054/2033
f 907/2054/2033 846/2053/2032 845/2055/2034
f 907/2054/2033 845/2055/2034 1686/2056/2035
f 1686/2056/2035 845/2055/2034 1657/2057/2036
f 1686/2056/2035 1657/2057/2036 1658/1941/1920
f 1658/1941/1920 1657/2057/2036 1688/1942/1921
f 845/2055/2034 844/2058/2037 1657/2057/2036
f 1657/2057/2036 844/2058/2037 1687/2059/2038
f 1657/2057/2036 1687/2059/2038 1688/1942/1921
f 1688/1942/1921 1687/2059/2038 1703/1943/1922
f 844/2058/2037 843/2060/2039 1687/2059/2038
f 1687/2059/2038 843/2060/2039 1702/2061/2040
f 1687/2059/2038 1702/2061/2040 1703/1943/1922
f 1703/1943/1922 1702/2061/2040 1745/1944/1923
f 1702/2061/2040 843/2060/2039 906/2062/2041
f 906/2062/2041 843/2060/2039 842/2063/2042
f 906/2062/2041 842/2063/2042 1717/2064/2043
f 1717/2064/2043 842/2063/2042 841/2065/2044
f 1717/2064/2043 841/2065/2044 1746/2066/2045
f 1746/2066/2045 841/2065/2044 905/2067/2046
f 1746/2066/2045 905/2067/2046 1789/1947/1926
f 1789/1947/1926 905/2067/2046 1762/1948/1927
f 841/2065/2044 840/2068/2047 905/2067/2046
f 905/2067/2046 840/2068/2047 1761/2069/2048
f 905/2067/2046 1761/2069/2048 1762/1948/1927
f 1762/1948/1927 1761/2069/2048 1790/1949/1928
f 840/2068/2047 839/2070/2049 1761/2069/2048
f 1761/2069/2048 839/2070/2049 904/2071/2050
f 1761/2069/2048 904/2071/2050 1790/1949/1928
f 1790/1949/1928 904/2071/2050 1832/1950/1929
f 839/2070/2049 838/2072/2051 904/2071/2050
f 904/2071/2050 838/2072/2051 1833/2073/2052
f 904/2071/2050 1833/2073/2052 1832/1950/1929
f 1832/1950/1929 1833/2073/2052 1805/1951/1930
f 1833/2073/2052 838/2072/2051 1804/2074/2053
f 1804/2074/2053 838/2072/2051 837/2075/2054
f 1804/2074/2053 837/2075/2054 903/2076/2055
f 903/2076/2055 837/2075/2054 836/2077/2056
f 903/2076/2055 836/2077/2056 1877/2078/2057
f 1877/2078/2057 836/2077/2056 1848/2079/2058
f 1877/2078/2057 1848/2079/2058 1849/1954/1933
f 1849/1954/1933 1848/2079/2058 1879/1955/1934
f 836/2077/2056 835/2080/2059 1848/2079/2058
f 1848/2079/2058 835/2080/2059 1878/2081/2060
f 1848/2079/2058 1878/2081/2060 1879/1955/1934
f 1879/1955/1934 1878/2081/2060 1894/1956/1935
f 835/2080/2059 834/2082/2061 1878/2081/2060
f 1878/2081/2060 834/2082/2061 1893/2083/2062
f 1878/2081/2060 1893/2083/2062 1894/1956/1935
f 1894/1956/1935 1893/2083/2062 1936/1957/1936
f 1893/2083/2062 834/2082/2061 902/2084/2063
f 902/2084/2063 834/2082/2061 833/2085/2064
f 902/2084/2063 833/2085/2064 1908/2086/2065
f 1908/2086/2065 833/2085/2064 832/2087/2066
f 1908/2086/2065 832/2087/2066 1937/2088/2067
f 1937/2088/2067 832/2087/2066 901/2089/2068
f 1937/2088/2067 901/2089/2068 1980/1960/1939
f 1980/1960/1939 901/2089/2068 1953/1961/1940
f 832/2087/2066 831/2090/2069 901/2089/2068
f 901/2089/2068 831/2090/2069 1952/2091/2070
f 901/2089/2068 1952/2091/2070 1953/1961/1940
f 1953/1961/1940 1952/2091/2070 1981/1962/1941
f 831/2090/2069 830/2092/2071 1952/2091/2070
f 1952/2091/2070 830/2092/2071 900/2093/2072
f 1952/2091/2070 900/2093/2072 1981/1962/1941
f 1981/1962/1941 900/2093/2072 2023/1963/1942
f 830/2092/2071 829/2094/2073 900/2093/2072
f 900/2093/2072 829/2094/2073 2024/2095/2074
f 900/2093/2072 2024/2095/2074 2023/1963/1942
f 2023/1963/1942 2024/2095/2074 1996/1964/1943
f 2024/2095/2074 829/2094/2073 1995/2096/2075
f 1995/2096/2075 829/2094/2073 828/2097/2076
f 1995/2096/2075 828/2097/2076 899/1886/1866
f 899/1886/1866 828/2097/2076 827/1884/1864
f 826/1883/1863 825/2098/1946 898/1881/1861
f 898/1881/1861 825/2098/1946 897/2099/1945
f 898/1881/1861 897/2099/1945 896/1879/1859
f 2071/1876/1857 895/1878/1700 2072/2100/2077
f 2072/2100/2077 895/1878/1700 894/2101/1698
f 2072/2100/2077 894/2101/1698 2073/2102/2078
f 2073/2102/2078 894/2101/1698 893/2103/1696
f 2073/2102/2078 893/2103/1696 2074/2104/2079
f 2074/2104/2079 893/2103/1696 892/2105/1694
f 2074/2104/2079 892/2105/1694 2075/2106/2080
f 2075/2106/2080 892/2105/1694 891/2107/1692
f 2075/2106/2080 891/2107/1692 2076/2108/2081
f 2076/2108/2081 891/2107/1692 890/2109/1690
f 2076/2108/2081 890/2109/1690 2077/2110/2082
f 2077/2110/2082 890/2109/1690 889/2111/1688
f 2077/2110/2082 889/2111/1688 2078/2112/2083
f 2078/2112/2083 889/2111/1688 888/2113/1686
f 2078/2112/2083 888/2113/1686 2079/2114/2084
f 2079/2114/2084 888/2113/1686 887/2115/1684
f 2079/2114/2084 887/2115/1684 2080/2116/2085
f 2080/2116/2085 887/2115/1684 886/2117/1678
f 2080/2116/2085 886/2117/1678 2081/2118/2086
f 2081/2118/2086 886/2117/1678 885/2119/1680
f 2081/2118/2086 885/2119/1680 2082/2120/2087
f 2082/2120/2087 885/2119/1680 884/2121/1682
f 2082/2120/2087 884/2122/1682 2053/2123/2088
f 2053/2123/2088 884/2124/1682 2054/2125/2089
f 2054/2125/2089 884/2126/1682 2038/2127/2090
f 2038/2127/2090 884/2128/1682 2009/2129/2091
f 2009/2129/2091 884/2130/1682 2010/2131/2092
f 2010/2131/2092 884/2132/1682 1994/2133/2093
f 1994/2133/2093 884/2134/1682 1966/2135/2094
f 1966/2135/2094 884/2136/1682 1967/2137/2095
f 1967/2137/2095 884/2138/1682 1951/2139/2096
f 1951/2139/2096 884/2140/1682 1922/2141/2097
f 1922/2141/2097 884/2142/1682 1923/2143/2098
f 1923/2143/2098 884/2144/1682 1907/2145/2099
f 1907/2145/2099 884/2146/1682 1892/2147/2100
f 1892/2147/2100 884/2148/1682 1862/2149/2101
f 1862/2149/2101 884/2150/1682 1863/2151/2102
f 1863/2151/2102 884/2152/1682 1847/2153/2103
f 1847/2153/2103 884/2154/1682 1818/2155/2104
f 1818/2155/2104 884/2156/1682 1819/2157/2105
f 1819/2157/2105 884/2158/1682 1803/2159/2106
f 1803/2159/2106 884/2160/1682 1775/2161/2107
f 1775/2161/2107 884/2162/1682 1776/2163/2108
f 1776/2163/2108 884/2164/1682 1760/2165/2109
f 1760/2165/2109 884/2166/1682 1731/2167/2110
f 1731/2167/2110 884/2168/1682 1732/2169/2111
f 1732/2169/2111 884/2170/1682 1716/2171/2112
f 1716/2171/2112 884/2172/1682 1701/2173/2113
f 1701/2173/2113 884/2174/1682 1671/2175/2114
f 1672/2176/2115 884/2177/1682 1656/2178/2116
f 1656/2178/2116 884/2179/1682 1628/2180/2117
f 1628/2180/2117 884/2181/1682 1629/2182/2118
f 1629/2182/2118 884/2183/1682 1613/2184/2119
f 1613/2184/2119 884/2185/1682 1598/2186/2120
f 1598/2186/2120 884/2187/1682 1569/2188/2121
f 1569/2188/2121 884/2189/1682 1570/2190/2122
f 1570/2190/2122 884/2191/1682 1554/2192/2123
f 1554/2192/2123 884/2193/1682 1539/2194/2124
f 1539/2194/2124 884/2195/1682 1524/2196/2125
f 1524/2196/2125 884/2197/1682 1494/2198/2126
f 1494/2198/2126 884/2199/1682 1495/2200/2127
f 1495/2200/2127 884/2201/1682 1479/2202/2128
f 1479/2202/2128 884/2203/1682 1465/2204/2129
f 1465/2204/2129 884/2205/1682 1435/2206/2130
f 1435/2206/2130 884/2207/1682 1436/2208/2131
f 1436/2208/2131 884/2209/1682 1420/2210/2132
f 1420/2210/2132 884/2211/1682 1406/2212/2133
f 1406/2212/2133 884/2213/1682 1377/2214/2134
f 1377/2214/2134 884/2215/1682 1378/2216/2135
f 1378/2216/2135 884/2217/1682 1362/2218/2136
f 1362/2218/2136 884/2219/1682 1347/2220/2137
f 1347/2220/2137 884/2221/1682 1332/2222/2138
f 1332/2222/2138 884/2223/1682 1302/2224/2139
f 1302/2224/2139 884/2225/1682 1303/2226/2140
f 1287/2227/2141 884/2228/1682 1273/2229/2142
f 1273/2229/2142 884/2230/1682 1243/2231/2143
f 1243/2231/2143 884/2232/1682 1244/2233/2144
f 1244/2233/2144 884/2234/1682 1228/2235/2145
f 1228/2235/2145 884/2236/1682 1214/2237/2146
f 1214/2237/2146 884/2238/1682 1185/2239/2147
f 1185/2239/2147 884/2240/1682 1186/2241/2148
f 1186/2241/2148 884/2242/1682 1170/2243/2149
f 1170/2243/2149 884/2244/1682 1155/2245/2150
f 1155/2245/2150 884/2246/1682 1140/2247/2151
f 1140/2247/2151 884/2248/1682 1110/2249/2152
f 1110/2249/2152 884/2250/1682 1111/2251/2153
f 1111/2251/2153 884/2252/1682 1095/2253/2154
f 1095/2253/2154 884/2254/1682 1081/2255/2155
f 1081/2255/2155 884/2256/1682 1051/2257/2156
f 1051/2257/2156 884/2258/1682 1052/2259/2157
f 1052/2259/2157 884/2260/1682 1036/2261/2158
f 1036/2261/2158 884/2262/1682 1022/2263/2159
f 1022/2263/2159 884/2264/1682 993/2265/2160
f 993/2265/2160 884/2266/1682 994/2267/2161
f 994/2267/2161 884/2268/1682 978/2269/2162
f 978/2269/2162 884/2270/1682 963/2271/2163
f 963/2271/2163 884/2272/1682 948/2273/2164
f 948/2273/2164 884/2274/1682 933/1700/1681
f 1671/2175/2114 884/2275/1682 1672/2176/2115
f 1303/2226/2140 884/2276/1682 1287/2227/2141
f 935/1891/1870 920/1890/1869 919/1965/1944
f 923/1718/1699 922/1720/1701 938/2277/2165
f 938/2277/2165 922/1720/1701 937/1722/1703
f 938/2277/2165 937/1722/1703 953/2278/2166
f 953/2278/2166 937/1722/1703 952/1724/1705
f 953/2278/2166 952/1724/1705 968/2279/2167
f 968/2279/2167 952/1724/1705 967/1726/1707
f 968/2279/2167 967/1726/1707 1004/2280/2168
f 1004/2280/2168 967/1726/1707 1005/1728/1709
f 1004/2280/2168 1005/1728/1709 983/2281/2169
f 983/2281/2169 1005/1728/1709 982/1730/1711
f 983/2281/2169 982/1730/1711 1012/2282/2170
f 1012/2282/2170 982/1730/1711 1011/1732/1713
f 1012/2282/2170 1011/1732/1713 1026/2283/2171
f 1026/2283/2171 1011/1732/1713 1025/1734/1715
f 1026/2283/2171 1025/1734/1715 1062/2284/2172
f 1062/2284/2172 1025/1734/1715 1063/1736/1717
f 1062/2284/2172 1063/1736/1717 1041/2285/2173
f 1041/2285/2173 1063/1736/1717 1040/1738/1719
f 1041/2285/2173 1040/1738/1719 1071/2286/2174
f 1071/2286/2174 1040/1738/1719 1070/1740/1721
f 1071/2286/2174 1070/1740/1721 1085/2287/2175
f 1085/2287/2175 1070/1740/1721 1084/1742/1723
f 1085/2287/2175 1084/1742/1723 1121/2288/2176
f 1121/2288/2176 1084/1742/1723 1122/1744/1725
f 1121/2288/2176 1122/1744/1725 1100/2289/2177
f 1100/2289/2177 1122/1744/1725 1099/1746/1727
f 1100/2289/2177 1099/1746/1727 1130/2290/2178
f 1130/2290/2178 1099/1746/1727 1129/1748/1729
f 1130/2290/2178 1129/1748/1729 1145/2291/2179
f 1145/2291/2179 1129/1748/1729 1144/1750/1731
f 1145/2291/2179 1144/1750/1731 1160/2292/2180
f 1160/2292/2180 1144/1750/1731 1159/1752/1733
f 1160/2292/2180 1159/1752/1733 1196/2293/2181
f 1196/2293/2181 1159/1752/1733 1197/1754/1735
f 1196/2293/2181 1197/1754/1735 1175/2294/2182
f 1175/2294/2182 1197/1754/1735 1174/1756/1737
f 1175/2294/2182 1174/1756/1737 1204/2295/2183
f 1204/2295/2183 1174/1756/1737 1203/1758/1739
f 1204/2295/2183 1203/1758/1739 1218/2296/2184
f 1218/2296/2184 1203/1758/1739 1217/1760/1741
f 1218/2296/2184 1217/1760/1741 1254/2297/2185
f 1254/2297/2185 1217/1760/1741 1255/1762/1743
f 1254/2297/2185 1255/1762/1743 1233/2298/2186
f 1233/2298/2186 1255/1762/1743 1232/1764/1745
f 1233/2298/2186 1232/1764/1745 1263/2299/2187
f 1263/2299/2187 1232/1764/1745 1262/1766/1747
f 1263/2299/2187 1262/1766/1747 1277/2300/2188
f 1277/2300/2188 1262/1766/1747 1276/1768/1749
f 1277/2300/2188 1276/1768/1749 1313/2301/2189
f 1313/2301/2189 1276/1768/1749 1314/1770/1751
f 1313/2301/2189 1314/1770/1751 1292/2302/2190
f 1292/2302/2190 1314/1770/1751 1291/1772/1753
f 1292/2302/2190 1291/1772/1753 1322/2303/2191
f 1322/2303/2191 1291/1772/1753 1321/1774/1755
f 1322/2303/2191 1321/1774/1755 1337/2304/2192
f 1337/2304/2192 1321/1774/1755 1336/1776/1757
f 1337/2304/2192 1336/1776/1757 1352/2305/2193
f 1352/2305/2193 1336/1776/1757 1351/1778/1759
f 1352/2305/2193 1351/1778/1759 1388/2306/2194
f 1388/2306/2194 1351/1778/1759 1389/1780/1761
f 1388/2306/2194 1389/1780/1761 1367/2307/2195
f 1367/2307/2195 1389/1780/1761 1366/1782/1763
f 1367/2307/2195 1366/1782/1763 1396/2308/2196
f 1396/2308/2196 1366/1782/1763 1395/1784/1765
f 1396/2308/2196 1395/1784/1765 1410/2309/2197
f 1410/2309/2197 1395/1784/1765 1409/1786/1767
f 1410/2309/2197 1409/1786/1767 1446/2310/2198
f 1446/2310/2198 1409/1786/1767 1447/1788/1769
f 1446/2310/2198 1447/1788/1769 1425/2311/2199
f 1425/2311/2199 1447/1788/1769 1424/1790/1771
f 1425/2311/2199 1424/1790/1771 1455/2312/2200
f 1455/2312/2200 1424/1790/1771 1454/1792/1773
f 1455/2312/2200 1454/1792/1773 1469/2313/2201
f 1469/2313/2201 1454/1792/1773 1468/1794/1775
f 1469/2313/2201 1468/1794/1775 1505/2314/2202
f 1505/2314/2202 1468/1794/1775 1506/1796/1777
f 1505/2314/2202 1506/1796/1777 1484/2315/2203
f 1484/2315/2203 1506/1796/1777 1483/1798/1779
f 1484/2315/2203 1483/1798/1779 1514/2316/2204
f 1514/2316/2204 1483/1798/1779 1513/1800/1781
f 1514/2316/2204 1513/1800/1781 1529/2317/2205
f 1529/2317/2205 1513/1800/1781 1528/1802/1783
f 1529/2317/2205 1528/1802/1783 1544/2318/2206
f 1544/2318/2206 1528/1802/1783 1543/1804/1785
f 1544/2318/2206 1543/1804/1785 1580/2319/2207
f 1580/2319/2207 1543/1804/1785 1581/1806/1787
f 1580/2319/2207 1581/1806/1787 1559/2320/2208
f 1559/2320/2208 1581/1806/1787 1558/1808/1789
f 1559/2320/2208 1558/1808/1789 1588/2321/2209
f 1588/2321/2209 1558/1808/1789 1587/1810/1791
f 1588/2321/2209 1587/1810/1791 1603/2322/2210
f 1603/2322/2210 1587/1810/1791 1602/1812/1793
f 1603/2322/2210 1602/1812/1793 1639/2323/2211
f 1639/2323/2211 1602/1812/1793 1640/1814/1795
f 1639/2323/2211 1640/1814/1795 1618/2324/2212
f 1618/2324/2212 1640/1814/1795 1617/1816/1797
f 1618/2324/2212 1617/1816/1797 1646/2325/2213
f 1646/2325/2213 1617/1816/1797 1645/1818/1799
f 1646/2325/2213 1645/1818/1799 1682/2326/2214
f 1682/2326/2214 1645/1818/1799 1683/1820/1801
f 1682/2326/2214 1683/1820/1801 1661/2327/2215
f 1661/2327/2215 1683/1820/1801 1660/1822/1803
f 1661/2327/2215 1660/1822/1803 1691/2328/2216
f 1691/2328/2216 1660/1822/1803 1690/1824/1805
f 1691/2328/2216 1690/1824/1805 1706/2329/2217
f 1706/2329/2217 1690/1824/1805 1705/1826/1807
f 1706/2329/2217 1705/1826/1807 1742/2330/2218
f 1742/2330/2218 1705/1826/1807 1743/1828/1809
f 1742/2330/2218 1743/1828/1809 1721/2331/2219
f 1721/2331/2219 1743/1828/1809 1720/1830/1811
f 1721/2331/2219 1720/1830/1811 1750/2332/2220
f 1750/2332/2220 1720/1830/1811 1749/1832/1813
f 1750/2332/2220 1749/1832/1813 1786/2333/2221
f 1786/2333/2221 1749/1832/1813 1787/1834/1815
f 1786/2333/2221 1787/1834/1815 1765/2334/2222
f 1765/2334/2222 1787/1834/1815 1764/1836/1817
f 1765/2334/2222 1764/1836/1817 1793/2335/2223
f 1793/2335/2223 1764/1836/1817 1792/1838/1819
f 1793/2335/2223 1792/1838/1819 1829/2336/2224
f 1829/2336/2224 1792/1838/1819 1830/1840/1821
f 1829/2336/2224 1830/1840/1821 1808/2337/2225
f 1808/2337/2225 1830/1840/1821 1807/1842/1823
f 1808/2337/2225 1807/1842/1823 1837/2338/2226
f 1837/2338/2226 1807/1842/1823 1836/1844/1825
f 1837/2338/2226 1836/1844/1825 1873/2339/2227
f 1873/2339/2227 1836/1844/1825 1874/1846/1827
f 1873/2339/2227 1874/1846/1827 1852/2340/2228
f 1852/2340/2228 1874/1846/1827 1851/1848/1829
f 1852/2340/2228 1851/1848/1829 1882/2341/2229
f 1882/2341/2229 1851/1848/1829 1881/1850/1831
f 1882/2341/2229 1881/1850/1831 1897/2342/2230
f 1897/2342/2230 1881/1850/1831 1896/1852/1833
f 1897/2342/2230 1896/1852/1833 1933/2343/2231
f 1933/2343/2231 1896/1852/1833 1934/1854/1835
f 1933/2343/2231 1934/1854/1835 1912/2344/2232
f 1912/2344/2232 1934/1854/1835 1911/1856/1837
f 1912/2344/2232 1911/1856/1837 1941/2345/2233
f 1941/2345/2233 1911/1856/1837 1940/1858/1839
f 1941/2345/2233 1940/1858/1839 1977/2346/2234
f 1977/2346/2234 1940/1858/1839 1978/1860/1841
f 1977/2346/2234 1978/1860/1841 1956/2347/2235
f 1956/2347/2235 1978/1860/1841 1955/1862/1843
f 1956/2347/2235 1955/1862/1843 1984/2348/2236
f 1984/2348/2236 1955/1862/1843 1983/1864/1845
f 1984/2348/2236 1983/1864/1845 2020/2349/2237
f 2020/2349/2237 1983/1864/1845 2021/1866/1847
f 2020/2349/2237 2021/1866/1847 1999/2350/2238
f 1999/2350/2238 2021/1866/1847 1998/1868/1849
f 1999/2350/2238 1998/1868/1849 2028/2351/2239
f 2028/2351/2239 1998/1868/1849 2027/1870/1851
f 2028/2351/2239 2027/1870/1851 2064/2352/2240
f 2064/2352/2240 2027/1870/1851 2065/1872/1853
f 2064/2352/2240 2065/1872/1853 2043/2353/2241
f 2043/2353/2241 2065/1872/1853 2042/1874/1855
f 2043/2353/2241 2042/1874/1855 2072/2100/2077
f 2072/2100/2077 2042/1874/1855 2071/1876/1857
f 924/1716/1697 923/1718/1699 939/2354/2242
f 939/2354/2242 923/1718/1699 938/2277/2165
f 939/2354/2242 938/2277/2165 954/2355/2243
f 954/2355/2243 938/2277/2165 953/2278/2166
f 954/2355/2243 953/2278/2166 969/2356/2244
f 969/2356/2244 953/2278/2166 968/2279/2167
f 969/2356/2244 968/2279/2167 1003/2357/2245
f 1003/2357/2245 968/2279/2167 1004/2280/2168
f 1003/2357/2245 1004/2280/2168 984/2358/2246
f 984/2358/2246 1004/2280/2168 983/2281/2169
f 984/2358/2246 983/2281/2169 1013/2359/2247
f 1013/2359/2247 983/2281/2169 1012/2282/2170
f 1013/2359/2247 1012/2282/2170 1027/2360/2248
f 1027/2360/2248 1012/2282/2170 1026/2283/2171
f 1027/2360/2248 1026/2283/2171 1061/2361/2249
f 1061/2361/2249 1026/2283/2171 1062/2284/2172
f 1061/2361/2249 1062/2284/2172 1042/2362/2250
f 1042/2362/2250 1062/2284/2172 1041/2285/2173
f 1042/2362/2250 1041/2285/2173 1072/2363/2251
f 1072/2363/2251 1041/2285/2173 1071/2286/2174
f 1072/2363/2251 1071/2286/2174 1086/2364/2252
f 1086/2364/2252 1071/2286/2174 1085/2287/2175
f 1086/2364/2252 1085/2287/2175 1120/2365/2253
f 1120/2365/2253 1085/2287/2175 1121/2288/2176
f 1120/2365/2253 1121/2288/2176 1101/2366/2254
f 1101/2366/2254 1121/2288/2176 1100/2289/2177
f 1101/2366/2254 1100/2289/2177 1131/2367/2255
f 1131/2367/2255 1100/2289/2177 1130/2290/2178
f 1131/2367/2255 1130/2290/2178 1146/2368/2256
f 1146/2368/2256 1130/2290/2178 1145/2291/2179
f 1146/2368/2256 1145/2291/2179 1161/2369/2257
f 1161/2369/2257 1145/2291/2179 1160/2292/2180
f 1161/2369/2257 1160/2292/2180 1195/2370/2258
f 1195/2370/2258 1160/2292/2180 1196/2293/2181
f 1195/2370/2258 1196/2293/2181 1176/2371/2259
f 1176/2371/2259 1196/2293/2181 1175/2294/2182
f 1176/2371/2259 1175/2294/2182 1205/2372/2260
f 1205/2372/2260 1175/2294/2182 1204/2295/2183
f 1205/2372/2260 1204/2295/2183 1219/2373/2261
f 1219/2373/2261 1204/2295/2183 1218/2296/2184
f 1219/2373/2261 1218/2296/2184 1253/2374/2262
f 1253/2374/2262 1218/2296/2184 1254/2297/2185
f 1253/2374/2262 1254/2297/2185 1234/2375/2263
f 1234/2375/2263 1254/2297/2185 1233/2298/2186
f 1234/2375/2263 1233/2298/2186 1264/2376/2264
f 1264/2376/2264 1233/2298/2186 1263/2299/2187
f 1264/2376/2264 1263/2299/2187 1278/2377/2265
f 1278/2377/2265 1263/2299/2187 1277/2300/2188
f 1278/2377/2265 1277/2300/2188 1312/2378/2266
f 1312/2378/2266 1277/2300/2188 1313/2301/2189
f 1312/2378/2266 1313/2301/2189 1293/2379/2267
f 1293/2379/2267 1313/2301/2189 1292/2302/2190
f 1293/2379/2267 1292/2302/2190 1323/2380/2268
f 1323/2380/2268 1292/2302/2190 1322/2303/2191
f 1323/2380/2268 1322/2303/2191 1338/2381/2269
f 1338/2381/2269 1322/2303/2191 1337/2304/2192
f 1338/2381/2269 1337/2304/2192 1353/2382/2270
f 1353/2382/2270 1337/2304/2192 1352/2305/2193
f 1353/2382/2270 1352/2305/2193 1387/2383/2271
f 1387/2383/2271 1352/2305/2193 1388/2306/2194
f 1387/2383/2271 1388/2306/2194 1368/2384/2272
f 1368/2384/2272 1388/2306/2194 1367/2307/2195
f 1368/2384/2272 1367/2307/2195 1397/2385/2273
f 1397/2385/2273 1367/2307/2195 1396/2308/2196
f 1397/2385/2273 1396/2308/2196 1411/2386/2274
f 1411/2386/2274 1396/2308/2196 1410/2309/2197
f 1411/2386/2274 1410/2309/2197 1445/2387/2275
f 1445/2387/2275 1410/2309/2197 1446/2310/2198
f 1445/2387/2275 1446/2310/2198 1426/2388/2276
f 1426/2388/2276 1446/2310/2198 1425/2311/2199
f 1426/2388/2276 1425/2311/2199 1456/2389/2277
f 1456/2389/2277 1425/2311/2199 1455/2312/2200
f 1456/2389/2277 1455/2312/2200 1470/2390/2278
f 1470/2390/2278 1455/2312/2200 1469/2313/2201
f 1470/2390/2278 1469/2313/2201 1504/2391/2279
f 1504/2391/2279 1469/2313/2201 1505/2314/2202
f 1504/2391/2279 1505/2314/2202 1485/2392/2280
f 1485/2392/2280 1505/2314/2202 1484/2315/2203
f 1485/2392/2280 1484/2315/2203 1515/2393/2281
f 1515/2393/2281 1484/2315/2203 1514/2316/2204
f 1515/2393/2281 1514/2316/2204 1530/2394/2282
f 1530/2394/2282 1514/2316/2204 1529/2317/2205
f 1530/2394/2282 1529/2317/2205 1545/2395/2283
f 1545/2395/2283 1529/2317/2205 1544/2318/2206
f 1545/2395/2283 1544/2318/2206 1579/2396/2284
f 1579/2396/2284 1544/2318/2206 1580/2319/2207
f 1579/2396/2284 1580/2319/2207 1560/2397/2285
f 1560/2397/2285 1580/2319/2207 1559/2320/2208
f 1560/2397/2285 1559/2320/2208 1589/2398/2286
f 1589/2398/2286 1559/2320/2208 1588/2321/2209
f 1589/2398/2286 1588/2321/2209 1604/2399/2287
f 1604/2399/2287 1588/2321/2209 1603/2322/2210
f 1604/2399/2287 1603/2322/2210 1638/2400/2288
f 1638/2400/2288 1603/2322/2210 1639/2323/2211
f 1638/2400/2288 1639/2323/2211 1619/2401/2289
f 1619/2401/2289 1639/2323/2211 1618/2324/2212
f 1619/2401/2289 1618/2324/2212 1647/2402/2290
f 1647/2402/2290 1618/2324/2212 1646/2325/2213
f 1647/2402/2290 1646/2325/2213 1681/2403/2291
f 1681/2403/2291 1646/2325/2213 1682/2326/2214
f 1681/2403/2291 1682/2326/2214 1662/2404/2292
f 1662/2404/2292 1682/2326/2214 1661/2327/2215
f 1662/2404/2292 1661/2327/2215 1692/2405/2293
f 1692/2405/2293 1661/2327/2215 1691/2328/2216
f 1692/2405/2293 1691/2328/2216 1707/2406/2294
f 1707/2406/2294 1691/2328/2216 1706/2329/2217
f 1707/2406/2294 1706/2329/2217 1741/2407/2295
f 1741/2407/2295 1706/2329/2217 1742/2330/2218
f 1741/2407/2295 1742/2330/2218 1722/2408/2296
f 1722/2408/2296 1742/2330/2218 1721/2331/2219
f 1722/2408/2296 1721/2331/2219 1751/2409/2297
f 1751/2409/2297 1721/2331/2219 1750/2332/2220
f 1751/2409/2297 1750/2332/2220 1785/2410/2298
f 1785/2410/2298 1750/2332/2220 1786/2333/2221
f 1785/2410/2298 1786/2333/2221 1766/2411/2299
f 1766/2411/2299 1786/2333/2221 1765/2334/2222
f 1766/2411/2299 1765/2334/2222 1794/2412/2300
f 1794/2412/2300 1765/2334/2222 1793/2335/2223
f 1794/2412/2300 1793/2335/2223 1828/2413/2301
f 1828/2413/2301 1793/2335/2223 1829/2336/2224
f 1828/2413/2301 1829/2336/2224 1809/2414/2302
f 1809/2414/2302 1829/2336/2224 1808/2337/2225
f 1809/2414/2302 1808/2337/2225 1838/2415/2303
f 1838/2415/2303 1808/2337/2225 1837/2338/2226
f 1838/2415/2303 1837/2338/2226 1872/2416/2304
f 1872/2416/2304 1837/2338/2226 1873/2339/2227
f 1872/2416/2304 1873/2339/2227 1853/2417/2305
f 1853/2417/2305 1873/2339/2227 1852/2340/2228
f 1853/2417/2305 1852/2340/2228 1883/2418/2306
f 1883/2418/2306 1852/2340/2228 1882/2341/2229
f 1883/2418/2306 1882/2341/2229 1898/2419/2307
f 1898/2419/2307 1882/2341/2229 1897/2342/2230
f 1898/2419/2307 1897/2342/2230 1932/2420/2308
f 1932/2420/2308 1897/2342/2230 1933/2343/2231
f 1932/2420/2308 1933/2343/2231 1913/2421/2309
f 1913/2421/2309 1933/2343/2231 1912/2344/2232
f 1913/2421/2309 1912/2344/2232 1942/2422/2310
f 1942/2422/2310 1912/2344/2232 1941/2345/2233
f 1942/2422/2310 1941/2345/2233 1976/2423/2311
f 1976/2423/2311 1941/2345/2233 1977/2346/2234
f 1976/2423/2311 1977/2346/2234 1957/2424/2312
f 1957/2424/2312 1977/2346/2234 1956/2347/2235
f 1957/2424/2312 1956/2347/2235 1985/2425/2313
f 1985/2425/2313 1956/2347/2235 1984/2348/2236
f 1985/2425/2313 1984/2348/2236 2019/2426/2314
f 2019/2426/2314 1984/2348/2236 2020/2349/2237
f 2019/2426/2314 2020/2349/2237 2000/2427/2315
f 2000/2427/2315 2020/2349/2237 1999/2350/2238
f 2000/2427/2315 1999/2350/2238 2029/2428/2316
f 2029/2428/2316 1999/2350/2238 2028/2351/2239
f 2029/2428/2316 2028/2351/2239 2063/2429/2317
f 2063/2429/2317 2028/2351/2239 2064/2352/2240
f 2063/2429/2317 2064/2352/2240 2044/2430/2318
f 2044/2430/2318 2064/2352/2240 2043/2353/2241
f 2044/2430/2318 2043/2353/2241 2073/2102/2078
f 2073/2102/2078 2043/2353/2241 2072/2100/2077
f 925/1714/1695 924/1716/1697 940/2431/2319
f 940/2431/2319 924/1716/1697 939/2354/2242
f 940/2431/2319 939/2354/2242 955/2432/2320
f 955/2432/2320 939/2354/2242 954/2355/2243
f 955/2432/2320 954/2355/2243 970/2433/2321
f 970/2433/2321 954/2355/2243 969/2356/2244
f 970/2433/2321 969/2356/2244 1002/2434/2322
f 1002/2434/2322 969/2356/2244 1003/2357/2245
f 1002/2434/2322 1003/2357/2245 985/2435/2323
f 985/2435/2323 1003/2357/2245 984/2358/2246
f 985/2435/2323 984/2358/2246 1014/2436/2324
f 1014/2436/2324 984/2358/2246 1013/2359/2247
f 1014/2436/2324 1013/2359/2247 1028/2437/2325
f 1028/2437/2325 1013/2359/2247 1027/2360/2248
f 1028/2437/2325 1027/2360/2248 1060/2438/2326
f 1060/2438/2326 1027/2360/2248 1061/2361/2249
f 1060/2438/2326 1061/2361/2249 1043/2439/2327
f 1043/2439/2327 1061/2361/2249 1042/2362/2250
f 1043/2439/2327 1042/2362/2250 1073/2440/2328
f 1073/2440/2328 1042/2362/2250 1072/2363/2251
f 1073/2440/2328 1072/2363/2251 1087/2441/2329
f 1087/2441/2329 1072/2363/2251 1086/2364/2252
f 1087/2441/2329 1086/2364/2252 1119/2442/2330
f 1119/2442/2330 1086/2364/2252 1120/2365/2253
f 1119/2442/2330 1120/2365/2253 1102/2443/2331
f 1102/2443/2331 1120/2365/2253 1101/2366/2254
f 1102/2443/2331 1101/2366/2254 1132/2444/2332
f 1132/2444/2332 1101/2366/2254 1131/2367/2255
f 1132/2444/2332 1131/2367/2255 1147/2445/2333
f 1147/2445/2333 1131/2367/2255 1146/2368/2256
f 1147/2445/2333 1146/2368/2256 1162/2446/2334
f 1162/2446/2334 1146/2368/2256 1161/2369/2257
f 1162/2446/2334 1161/2369/2257 1194/2447/2335
f 1194/2447/2335 1161/2369/2257 1195/2370/2258
f 1194/2447/2335 1195/2370/2258 1177/2448/2336
f 1177/2448/2336 1195/2370/2258 1176/2371/2259
f 1177/2448/2336 1176/2371/2259 1206/2449/2337
f 1206/2449/2337 1176/2371/2259 1205/2372/2260
f 1206/2449/2337 1205/2372/2260 1220/2450/2338
f 1220/2450/2338 1205/2372/2260 1219/2373/2261
f 1220/2450/2338 1219/2373/2261 1252/2451/2339
f 1252/2451/2339 1219/2373/2261 1253/2374/2262
f 1252/2451/2339 1253/2374/2262 1235/2452/2340
f 1235/2452/2340 1253/2374/2262 1234/2375/2263
f 1235/2452/2340 1234/2375/2263 1265/2453/2341
f 1265/2453/2341 1234/2375/2263 1264/2376/2264
f 1265/2453/2341 1264/2376/2264 1279/2454/2342
f 1279/2454/2342 1264/2376/2264 1278/2377/2265
f 1279/2454/2342 1278/2377/2265 1311/2455/2343
f 1311/2455/2343 1278/2377/2265 1312/2378/2266
f 1311/2455/2343 1312/2378/2266 1294/2456/2344
f 1294/2456/2344 1312/2378/2266 1293/2379/2267
f 1294/2456/2344 1293/2379/2267 1324/2457/2345
f 1324/2457/2345 1293/2379/2267 1323/2380/2268
f 1324/2457/2345 1323/2380/2268 1339/2458/2346
f 1339/2458/2346 1323/2380/2268 1338/2381/2269
f 1339/2458/2346 1338/2381/2269 1354/2459/2347
f 1354/2459/2347 1338/2381/2269 1353/2382/2270
f 1354/2459/2347 1353/2382/2270 1386/2460/2348
f 1386/2460/2348 1353/2382/2270 1387/2383/2271
f 1386/2460/2348 1387/2383/2271 1369/2461/2349
f 1369/2461/2349 1387/2383/2271 1368/2384/2272
f 1369/2461/2349 1368/2384/2272 1398/2462/2350
f 1398/2462/2350 1368/2384/2272 1397/2385/2273
f 1398/2462/2350 1397/2385/2273 1412/2463/2351
f 1412/2463/2351 1397/2385/2273 1411/2386/2274
f 1412/2463/2351 1411/2386/2274 1444/2464/2352
f 1444/2464/2352 1411/2386/2274 1445/2387/2275
f 1444/2464/2352 1445/2387/2275 1427/2465/2353
f 1427/2465/2353 1445/2387/2275 1426/2388/2276
f 1427/2465/2353 1426/2388/2276 1457/2466/2354
f 1457/2466/2354 1426/2388/2276 1456/2389/2277
f 1457/2466/2354 1456/2389/2277 1471/2467/2355
f 1471/2467/2355 1456/2389/2277 1470/2390/2278
f 1471/2467/2355 1470/2390/2278 1503/2468/2356
f 1503/2468/2356 1470/2390/2278 1504/2391/2279
f 1503/2468/2356 1504/2391/2279 1486/2469/2357
f 1486/2469/2357 1504/2391/2279 1485/2392/2280
f 1486/2469/2357 1485/2392/2280 1516/2470/2358
f 1516/2470/2358 1485/2392/2280 1515/2393/2281
f 1516/2470/2358 1515/2393/2281 1531/2471/2359
f 1531/2471/2359 1515/2393/2281 1530/2394/2282
f 1531/2471/2359 1530/2394/2282 1546/2472/2360
f 1546/2472/2360 1530/2394/2282 1545/2395/2283
f 1546/2472/2360 1545/2395/2283 1578/2473/2361
f 1578/2473/2361 1545/2395/2283 1579/2396/2284
f 1578/2473/2361 1579/2396/2284 1561/2474/2362
f 1561/2474/2362 1579/2396/2284 1560/2397/2285
f 1561/2474/2362 1560/2397/2285 1590/2475/2363
f 1590/2475/2363 1560/2397/2285 1589/2398/2286
f 1590/2475/2363 1589/2398/2286 1605/2476/2364
f 1605/2476/2364 1589/2398/2286 1604/2399/2287
f 1605/2476/2364 1604/2399/2287 1637/2477/2365
f 1637/2477/2365 1604/2399/2287 1638/2400/2288
f 1637/2477/2365 1638/2400/2288 1620/2478/2366
f 1620/2478/2366 1638/2400/2288 1619/2401/2289
f 1620/2478/2366 1619/2401/2289 1648/2479/2367
f 1648/2479/2367 1619/2401/2289 1647/2402/2290
f 1648/2479/2367 1647/2402/2290 1680/2480/2368
f 1680/2480/2368 1647/2402/2290 1681/2403/2291
f 1680/2480/2368 1681/2403/2291 1663/2481/2369
f 1663/2481/2369 1681/2403/2291 1662/2404/2292
f 1663/2481/2369 1662/2404/2292 1693/2482/2370
f 1693/2482/2370 1662/2404/2292 1692/2405/2293
f 1693/2482/2370 1692/2405/2293 1708/2483/2371
f 1708/2483/2371 1692/2405/2293 1707/2406/2294
f 1708/2483/2371 1707/2406/2294 1740/2484/2372
f 1740/2484/2372 1707/2406/2294 1741/2407/2295
f 1740/2484/2372 1741/2407/2295 1723/2485/2373
f 1723/2485/2373 1741/2407/2295 1722/2408/2296
f 1723/2485/2373 1722/2408/2296 1752/2486/2374
f 1752/2486/2374 1722/2408/2296 1751/2409/2297
f 1752/2486/2374 1751/2409/2297 1784/2487/2375
f 1784/2487/2375 1751/2409/2297 1785/2410/2298
f 1784/2487/2375 1785/2410/2298 1767/2488/2376
f 1767/2488/2376 1785/2410/2298 1766/2411/2299
f 1767/2488/2376 1766/2411/2299 1795/2489/2377
f 1795/2489/2377 1766/2411/2299 1794/2412/2300
f 1795/2489/2377 1794/2412/2300 1827/2490/2378
f 1827/2490/2378 1794/2412/2300 1828/2413/2301
f 1827/2490/2378 1828/2413/2301 1810/2491/2379
f 1810/2491/2379 1828/2413/2301 1809/2414/2302
f 1810/2491/2379 1809/2414/2302 1839/2492/2380
f 1839/2492/2380 1809/2414/2302 1838/2415/2303
f 1839/2492/2380 1838/2415/2303 1871/2493/2381
f 1871/2493/2381 1838/2415/2303 1872/2416/2304
f 1871/2493/2381 1872/2416/2304 1854/2494/2382
f 1854/2494/2382 1872/2416/2304 1853/2417/2305
f 1854/2494/2382 1853/2417/2305 1884/2495/2383
f 1884/2495/2383 1853/2417/2305 1883/2418/2306
f 1884/2495/2383 1883/2418/2306 1899/2496/2384
f 1899/2496/2384 1883/2418/2306 1898/2419/2307
f 1899/2496/2384 1898/2419/2307 1931/2497/2385
f 1931/2497/2385 1898/2419/2307 1932/2420/2308
f 1931/2497/2385 1932/2420/2308 1914/2498/2386
f 1914/2498/2386 1932/2420/2308 1913/2421/2309
f 1914/2498/2386 1913/2421/2309 1943/2499/2387
f 1943/2499/2387 1913/2421/2309 1942/2422/2310
f 1943/2499/2387 1942/2422/2310 1975/2500/2388
f 1975/2500/2388 1942/2422/2310 1976/2423/2311
f 1975/2500/2388 1976/2423/2311 1958/2501/2389
f 1958/2501/2389 1976/2423/2311 1957/2424/2312
f 1958/2501/2389 1957/2424/2312 1986/2502/2390
f 1986/2502/2390 1957/2424/2312 1985/2425/2313
f 1986/2502/2390 1985/2425/2313 2018/2503/2391
f 2018/2503/2391 1985/2425/2313 2019/2426/2314
f 2018/2503/2391 2019/2426/2314 2001/2504/2392
f 2001/2504/2392 2019/2426/2314 2000/2427/2315
f 2001/2504/2392 2000/2427/2315 2030/2505/2393
f 2030/2505/2393 2000/2427/2315 2029/2428/2316
f 2030/2505/2393 2029/2428/2316 2062/2506/2394
f 2062/2506/2394 2029/2428/2316 2063/2429/2317
f 2062/2506/2394 2063/2429/2317 2045/2507/2395
f 2045/2507/2395 2063/2429/2317 2044/2430/2318
f 2045/2507/2395 2044/2430/2318 2074/2104/2079
f 2074/2104/2079 2044/2430/2318 2073/2102/2078
f 926/1712/1693 925/1714/1695 941/2508/2396
f 941/2508/2396 925/1714/1695 940/2431/2319
f 941/2508/2396 940/2431/2319 956/2509/2397
f 956/2509/2397 940/2431/2319 955/2432/2320
f 956/2509/2397 955/2432/2320 971/2510/2398
f 971/2510/2398 955/2432/2320 970/2433/2321
f 971/2510/2398 970/2433/2321 1001/2511/2399
f 1001/2511/2399 970/2433/2321 1002/2434/2322
f 1001/2511/2399 1002/2434/2322 986/2512/2400
f 986/2512/2400 1002/2434/2322 985/2435/2323
f 986/2512/2400 985/2435/2323 1015/2513/2401
f 1015/2513/2401 985/2435/2323 1014/2436/2324
f 1015/2513/2401 1014/2436/2324 1029/2514/2402
f 1029/2514/2402 1014/2436/2324 1028/2437/2325
f 1029/2514/2402 1028/2437/2325 1059/2515/2403
f 1059/2515/2403 1028/2437/2325 1060/2438/2326
f 1059/2515/2403 1060/2438/2326 1044/2516/2404
f 1044/2516/2404 1060/2438/2326 1043/2439/2327
f 1044/2516/2404 1043/2439/2327 1074/2517/2405
f 1074/2517/2405 1043/2439/2327 1073/2440/2328
f 1074/2517/2405 1073/2440/2328 1088/2518/2406
f 1088/2518/2406 1073/2440/2328 1087/2441/2329
f 1088/2518/2406 1087/2441/2329 1118/2519/2407
f 1118/2519/2407 1087/2441/2329 1119/2442/2330
f 1118/2519/2407 1119/2442/2330 1103/2520/2408
f 1103/2520/2408 1119/2442/2330 1102/2443/2331
f 1103/2520/2408 1102/2443/2331 1133/2521/2409
f 1133/2521/2409 1102/2443/2331 1132/2444/2332
f 1133/2521/2409 1132/2444/2332 1148/2522/2410
f 1148/2522/2410 1132/2444/2332 1147/2445/2333
f 1148/2522/2410 1147/2445/2333 1163/2523/2411
f 1163/2523/2411 1147/2445/2333 1162/2446/2334
f 1163/2523/2411 1162/2446/2334 1193/2524/2412
f 1193/2524/2412 1162/2446/2334 1194/2447/2335
f 1193/2524/2412 1194/2447/2335 1178/2525/2413
f 1178/2525/2413 1194/2447/2335 1177/2448/2336
f 1178/2525/2413 1177/2448/2336 1207/2526/2414
f 1207/2526/2414 1177/2448/2336 1206/2449/2337
f 1207/2526/2414 1206/2449/2337 1221/2527/2415
f 1221/2527/2415 1206/2449/2337 1220/2450/2338
f 1221/2527/2415 1220/2450/2338 1251/2528/2416
f 1251/2528/2416 1220/2450/2338 1252/2451/2339
f 1251/2528/2416 1252/2451/2339 1236/2529/2417
f 1236/2529/2417 1252/2451/2339 1235/2452/2340
f 1236/2529/2417 1235/2452/2340 1266/2530/2418
f 1266/2530/2418 1235/2452/2340 1265/2453/2341
f 1266/2530/2418 1265/2453/2341 1280/2531/2419
f 1280/2531/2419 1265/2453/2341 1279/2454/2342
f 1280/2531/2419 1279/2454/2342 1310/2532/2420
f 1310/2532/2420 1279/2454/2342 1311/2455/2343
f 1310/2532/2420 1311/2455/2343 1295/2533/2421
f 1295/2533/2421 1311/2455/2343 1294/2456/2344
f 1295/2533/2421 1294/2456/2344 1325/2534/2422
f 1325/2534/2422 1294/2456/2344 1324/2457/2345
f 1325/2534/2422 1324/2457/2345 1340/2535/2423
f 1340/2535/2423 1324/2457/2345 1339/2458/2346
f 1340/2535/2423 1339/2458/2346 1355/2536/2424
f 1355/2536/2424 1339/2458/2346 1354/2459/2347
f 1355/2536/2424 1354/2459/2347 1385/2537/2425
f 1385/2537/2425 1354/2459/2347 1386/2460/2348
f 1385/2537/2425 1386/2460/2348 1370/2538/2426
f 1370/2538/2426 1386/2460/2348 1369/2461/2349
f 1370/2538/2426 1369/2461/2349 1399/2539/2427
f 1399/2539/2427 1369/2461/2349 1398/2462/2350
f 1399/2539/2427 1398/2462/2350 1413/2540/2428
f 1413/2540/2428 1398/2462/2350 1412/2463/2351
f 1413/2540/2428 1412/2463/2351 1443/2541/2429
f 1443/2541/2429 1412/2463/2351 1444/2464/2352
f 1443/2541/2429 1444/2464/2352 1428/2542/2430
f 1428/2542/2430 1444/2464/2352 1427/2465/2353
f 1428/2542/2430 1427/2465/2353 1458/2543/2431
f 1458/2543/2431 1427/2465/2353 1457/2466/2354
f 1458/2543/2431 1457/2466/2354 1472/2544/2432
f 1472/2544/2432 1457/2466/2354 1471/2467/2355
f 1472/2544/2432 1471/2467/2355 1502/2545/2433
f 1502/2545/2433 1471/2467/2355 1503/2468/2356
f 1502/2545/2433 1503/2468/2356 1487/2546/2434
f 1487/2546/2434 1503/2468/2356 1486/2469/2357
f 1487/2546/2434 1486/2469/2357 1517/2547/2435
f 1517/2547/2435 1486/2469/2357 1516/2470/2358
f 1517/2547/2435 1516/2470/2358 1532/2548/2436
f 1532/2548/2436 1516/2470/2358 1531/2471/2359
f 1532/2548/2436 1531/2471/2359 1547/2549/2437
f 1547/2549/2437 1531/2471/2359 1546/2472/2360
f 1547/2549/2437 1546/2472/2360 1577/2550/2438
f 1577/2550/2438 1546/2472/2360 1578/2473/2361
f 1577/2550/2438 1578/2473/2361 1562/2551/2439
f 1562/2551/2439 1578/2473/2361 1561/2474/2362
f 1562/2551/2439 1561/2474/2362 1591/2552/2440
f 1591/2552/2440 1561/2474/2362 1590/2475/2363
f 1591/2552/2440 1590/2475/2363 1606/2553/2441
f 1606/2553/2441 1590/2475/2363 1605/2476/2364
f 1606/2553/2441 1605/2476/2364 1636/2554/2442
f 1636/2554/2442 1605/2476/2364 1637/2477/2365
f 1636/2554/2442 1637/2477/2365 1621/2555/2443
f 1621/2555/2443 1637/2477/2365 1620/2478/2366
f 1621/2555/2443 1620/2478/2366 1649/2556/2444
f 1649/2556/2444 1620/2478/2366 1648/2479/2367
f 1649/2556/2444 1648/2479/2367 1679/2557/2445
f 1679/2557/2445 1648/2479/2367 1680/2480/2368
f 1679/2557/2445 1680/2480/2368 1664/2558/2446
f 1664/2558/2446 1680/2480/2368 1663/2481/2369
f 1664/2558/2446 1663/2481/2369 1694/2559/2447
f 1694/2559/2447 1663/2481/2369 1693/2482/2370
f 1694/2559/2447 1693/2482/2370 1709/2560/2448
f 1709/2560/2448 1693/2482/2370 1708/2483/2371
f 1709/2560/2448 1708/2483/2371 1739/2561/2449
f 1739/2561/2449 1708/2483/2371 1740/2484/2372
f 1739/2561/2449 1740/2484/2372 1724/2562/2450
f 1724/2562/2450 1740/2484/2372 1723/2485/2373
f 1724/2562/2450 1723/2485/2373 1753/2563/2451
f 1753/2563/2451 1723/2485/2373 1752/2486/2374
f 1753/2563/2451 1752/2486/2374 1783/2564/2452
f 1783/2564/2452 1752/2486/2374 1784/2487/2375
f 1783/2564/2452 1784/2487/2375 1768/2565/2453
f 1768/2565/2453 1784/2487/2375 1767/2488/2376
f 1768/2565/2453 1767/2488/2376 1796/2566/2454
f 1796/2566/2454 1767/2488/2376 1795/2489/2377
f 1796/2566/2454 1795/2489/2377 1826/2567/2455
f 1826/2567/2455 1795/2489/2377 1827/2490/2378
f 1826/2567/2455 1827/2490/2378 1811/2568/2456
f 1811/2568/2456 1827/2490/2378 1810/2491/2379
f 1811/2568/2456 1810/2491/2379 1840/2569/2457
f 1840/2569/2457 1810/2491/2379 1839/2492/2380
f 1840/2569/2457 1839/2492/2380 1870/2570/2458
f 1870/2570/2458 1839/2492/2380 1871/2493/2381
f 1870/2570/2458 1871/2493/2381 1855/2571/2459
f 1855/2571/2459 1871/2493/2381 1854/2494/2382
f 1855/2571/2459 1854/2494/2382 1885/2572/2460
f 1885/2572/2460 1854/2494/2382 1884/2495/2383
f 1885/2572/2460 1884/2495/2383 1900/2573/2461
f 1900/2573/2461 1884/2495/2383 1899/2496/2384
f 1900/2573/2461 1899/2496/2384 1930/2574/2462
f 1930/2574/2462 1899/2496/2384 1931/2497/2385
f 1930/2574/2462 1931/2497/2385 1915/2575/2463
f 1915/2575/2463 1931/2497/2385 1914/2498/2386
f 1915/2575/2463 1914/2498/2386 1944/2576/2464
f 1944/2576/2464 1914/2498/2386 1943/2499/2387
f 1944/2576/2464 1943/2499/2387 1974/2577/2465
f 1974/2577/2465 1943/2499/2387 1975/2500/2388
f 1974/2577/2465 1975/2500/2388 1959/2578/2466
f 1959/2578/2466 1975/2500/2388 1958/2501/2389
f 1959/2578/2466 1958/2501/2389 1987/2579/2467
f 1987/2579/2467 1958/2501/2389 1986/2502/2390
f 1987/2579/2467 1986/2502/2390 2017/2580/2468
f 2017/2580/2468 1986/2502/2390 2018/2503/2391
f 2017/2580/2468 2018/2503/2391 2002/2581/2469
f 2002/2581/2469 2018/2503/2391 2001/2504/2392
f 2002/2581/2469 2001/2504/2392 2031/2582/2470
f 2031/2582/2470 2001/2504/2392 2030/2505/2393
f 2031/2582/2470 2030/2505/2393 2061/2583/2471
f 2061/2583/2471 2030/2505/2393 2062/2506/2394
f 2061/2583/2471 2062/2506/2394 2046/2584/2472
f 2046/2584/2472 2062/2506/2394 2045/2507/2395
f 2046/2584/2472 2045/2507/2395 2075/2106/2080
f 2075/2106/2080 2045/2507/2395 2074/2104/2079
f 927/1710/1691 926/1712/1693 942/2585/2473
f 942/2585/2473 926/1712/1693 941/2508/2396
f 942/2585/2473 941/2508/2396 957/2586/2474
f 957/2586/2474 941/2508/2396 956/2509/2397
f 957/2586/2474 956/2509/2397 972/2587/2475
f 972/2587/2475 956/2509/2397 971/2510/2398
f 972/2587/2475 971/2510/2398 1000/2588/2476
f 1000/2588/2476 971/2510/2398 1001/2511/2399
f 1000/2588/2476 1001/2511/2399 987/2589/2477
f 987/2589/2477 1001/2511/2399 986/2512/2400
f 987/2589/2477 986/2512/2400 1016/2590/2478
f 1016/2590/2478 986/2512/2400 1015/2513/2401
f 1016/2590/2478 1015/2513/2401 1030/2591/2479
f 1030/2591/2479 1015/2513/2401 1029/2514/2402
f 1030/2591/2479 1029/2514/2402 1058/2592/2480
f 1058/2592/2480 1029/2514/2402 1059/2515/2403
f 1058/2592/2480 1059/2515/2403 1045/2593/2481
f 1045/2593/2481 1059/2515/2403 1044/2516/2404
f 1045/2593/2481 1044/2516/2404 1075/2594/2482
f 1075/2594/2482 1044/2516/2404 1074/2517/2405
f 1075/2594/2482 1074/2517/2405 1089/2595/2483
f 1089/2595/2483 1074/2517/2405 1088/2518/2406
f 1089/2595/2483 1088/2518/2406 1117/2596/2484
f 1117/2596/2484 1088/2518/2406 1118/2519/2407
f 1117/2596/2484 1118/2519/2407 1104/2597/2485
f 1104/2597/2485 1118/2519/2407 1103/2520/2408
f 1104/2597/2485 1103/2520/2408 1134/2598/2486
f 1134/2598/2486 1103/2520/2408 1133/2521/2409
f 1134/2598/2486 1133/2521/2409 1149/2599/2487
f 1149/2599/2487 1133/2521/2409 1148/2522/2410
f 1149/2599/2487 1148/2522/2410 1164/2600/2488
f 1164/2600/2488 1148/2522/2410 1163/2523/2411
f 1164/2600/2488 1163/2523/2411 1192/2601/2489
f 1192/2601/2489 1163/2523/2411 1193/2524/2412
f 1192/2601/2489 1193/2524/2412 1179/2602/2490
f 1179/2602/2490 1193/2524/2412 1178/2525/2413
f 1179/2602/2490 1178/2525/2413 1208/2603/2491
f 1208/2603/2491 1178/2525/2413 1207/2526/2414
f 1208/2603/2491 1207/2526/2414 1222/2604/2492
f 1222/2604/2492 1207/2526/2414 1221/2527/2415
f 1222/2604/2492 1221/2527/2415 1250/2605/2493
f 1250/2605/2493 1221/2527/2415 1251/2528/2416
f 1250/2605/2493 1251/2528/2416 1237/2606/2494
f 1237/2606/2494 1251/2528/2416 1236/2529/2417
f 1237/2606/2494 1236/2529/2417 1267/2607/2495
f 1267/2607/2495 1236/2529/2417 1266/2530/2418
f 1267/2607/2495 1266/2530/2418 1281/2608/2496
f 1281/2608/2496 1266/2530/2418 1280/2531/2419
f 1281/2608/2496 1280/2531/2419 1309/2609/2497
f 1309/2609/2497 1280/2531/2419 1310/2532/2420
f 1309/2609/2497 1310/2532/2420 1296/2610/2498
f 1296/2610/2498 1310/2532/2420 1295/2533/2421
f 1296/2610/2498 1295/2533/2421 1326/2611/2499
f 1326/2611/2499 1295/2533/2421 1325/2534/2422
f 1326/2611/2499 1325/2534/2422 1341/2612/2500
f 1341/2612/2500 1325/2534/2422 1340/2535/2423
f 1341/2612/2500 1340/2535/2423 1356/2613/2501
f 1356/2613/2501 1340/2535/2423 1355/2536/2424
f 1356/2613/2501 1355/2536/2424 1384/2614/2502
f 1384/2614/2502 1355/2536/2424 1385/2537/2425
f 1384/2614/2502 1385/2537/2425 1371/2615/2503
f 1371/2615/2503 1385/2537/2425 1370/2538/2426
f 1371/2615/2503 1370/2538/2426 1400/2616/2504
f 1400/2616/2504 1370/2538/2426 1399/2539/2427
f 1400/2616/2504 1399/2539/2427 1414/2617/2505
f 1414/2617/2505 1399/2539/2427 1413/2540/2428
f 1414/2617/2505 1413/2540/2428 1442/2618/2506
f 1442/2618/2506 1413/2540/2428 1443/2541/2429
f 1442/2618/2506 1443/2541/2429 1429/2619/2507
f 1429/2619/2507 1443/2541/2429 1428/2542/2430
f 1429/2619/2507 1428/2542/2430 1459/2620/2508
f 1459/2620/2508 1428/2542/2430 1458/2543/2431
f 1459/2620/2508 1458/2543/2431 1473/2621/2509
f 1473/2621/2509 1458/2543/2431 1472/2544/2432
f 1473/2621/2509 1472/2544/2432 1501/2622/2510
f 1501/2622/2510 1472/2544/2432 1502/2545/2433
f 1501/2622/2510 1502/2545/2433 1488/2623/2511
f 1488/2623/2511 1502/2545/2433 1487/2546/2434
f 1488/2623/2511 1487/2546/2434 1518/2624/2512
f 1518/2624/2512 1487/2546/2434 1517/2547/2435
f 1518/2624/2512 1517/2547/2435 1533/2625/2513
f 1533/2625/2513 1517/2547/2435 1532/2548/2436
f 1533/2625/2513 1532/2548/2436 1548/2626/2514
f 1548/2626/2514 1532/2548/2436 1547/2549/2437
f 1548/2626/2514 1547/2549/2437 1576/2627/2515
f 1576/2627/2515 1547/2549/2437 1577/2550/2438
f 1576/2627/2515 1577/2550/2438 1563/2628/2516
f 1563/2628/2516 1577/2550/2438 1562/2551/2439
f 1563/2628/2516 1562/2551/2439 1592/2629/2517
f 1592/2629/2517 1562/2551/2439 1591/2552/2440
f 1592/2629/2517 1591/2552/2440 1607/2630/2518
f 1607/2630/2518 1591/2552/2440 1606/2553/2441
f 1607/2630/2518 1606/2553/2441 1635/2631/2519
f 1635/2631/2519 1606/2553/2441 1636/2554/2442
f 1635/2631/2519 1636/2554/2442 1622/2632/2520
f 1622/2632/2520 1636/2554/2442 1621/2555/2443
f 1622/2632/2520 1621/2555/2443 1650/2633/2521
f 1650/2633/2521 1621/2555/2443 1649/2556/2444
f 1650/2633/2521 1649/2556/2444 1678/2634/2522
f 1678/2634/2522 1649/2556/2444 1679/2557/2445
f 1678/2634/2522 1679/2557/2445 1665/2635/2523
f 1665/2635/2523 1679/2557/2445 1664/2558/2446
f 1665/2635/2523 1664/2558/2446 1695/2636/2524
f 1695/2636/2524 1664/2558/2446 1694/2559/2447
f 1695/2636/2524 1694/2559/2447 1710/2637/2525
f 1710/2637/2525 1694/2559/2447 1709/2560/2448
f 1710/2637/2525 1709/2560/2448 1738/2638/2526
f 1738/2638/2526 1709/2560/2448 1739/2561/2449
f 1738/2638/2526 1739/2561/2449 1725/2639/2527
f 1725/2639/2527 1739/2561/2449 1724/2562/2450
f 1725/2639/2527 1724/2562/2450 1754/2640/2528
f 1754/2640/2528 1724/2562/2450 1753/2563/2451
f 1754/2640/2528 1753/2563/2451 1782/2641/2529
f 1782/2641/2529 1753/2563/2451 1783/2564/2452
f 1782/2641/2529 1783/2564/2452 1769/2642/2530
f 1769/2642/2530 1783/2564/2452 1768/2565/2453
f 1769/2642/2530 1768/2565/2453 1797/2643/2531
f 1797/2643/2531 1768/2565/2453 1796/2566/2454
f 1797/2643/2531 1796/2566/2454 1825/2644/2532
f 1825/2644/2532 1796/2566/2454 1826/2567/2455
f 1825/2644/2532 1826/2567/2455 1812/2645/2533
f 1812/2645/2533 1826/2567/2455 1811/2568/2456
f 1812/2645/2533 1811/2568/2456 1841/2646/2534
f 1841/2646/2534 1811/2568/2456 1840/2569/2457
f 1841/2646/2534 1840/2569/2457 1869/2647/2535
f 1869/2647/2535 1840/2569/2457 1870/2570/2458
f 1869/2647/2535 1870/2570/2458 1856/2648/2536
f 1856/2648/2536 1870/2570/2458 1855/2571/2459
f 1856/2648/2536 1855/2571/2459 1886/2649/2537
f 1886/2649/2537 1855/2571/2459 1885/2572/2460
f 1886/2649/2537 1885/2572/2460 1901/2650/2538
f 1901/2650/2538 1885/2572/2460 1900/2573/2461
f 1901/2650/2538 1900/2573/2461 1929/2651/2539
f 1929/2651/2539 1900/2573/2461 1930/2574/2462
f 1929/2651/2539 1930/2574/2462 1916/2652/2540
f 1916/2652/2540 1930/2574/2462 1915/2575/2463
f 1916/2652/2540 1915/2575/2463 1945/2653/2541
f 1945/2653/2541 1915/2575/2463 1944/2576/2464
f 1945/2653/2541 1944/2576/2464 1973/2654/2542
f 1973/2654/2542 1944/2576/2464 1974/2577/2465
f 1973/2654/2542 1974/2577/2465 1960/2655/2543
f 1960/2655/2543 1974/2577/2465 1959/2578/2466
f 1960/2655/2543 1959/2578/2466 1988/2656/2544
f 1988/2656/2544 1959/2578/2466 1987/2579/2467
f 1988/2656/2544 1987/2579/2467 2016/2657/2545
f 2016/2657/2545 1987/2579/2467 2017/2580/2468
f 2016/2657/2545 2017/2580/2468 2003/2658/2546
f 2003/2658/2546 2017/2580/2468 2002/2581/2469
f 2003/2658/2546 2002/2581/2469 2032/2659/2547
f 2032/2659/2547 2002/2581/2469 2031/2582/2470
f 2032/2659/2547 2031/2582/2470 2060/2660/2548
f 2060/2660/2548 2031/2582/2470 2061/2583/2471
f 2060/2660/2548 2061/2583/2471 2047/2661/2549
f 2047/2661/2549 2061/2583/2471 2046/2584/2472
f 2047/2661/2549 2046/2584/2472 2076/2108/2081
f 2076/2108/2081 2046/2584/2472 2075/2106/2080
f 928/1708/1689 927/1710/1691 943/2662/2550
f 943/2662/2550 927/1710/1691 942/2585/2473
f 943/2662/2550 942/2585/2473 958/2663/2551
f 958/2663/2551 942/2585/2473 957/2586/2474
f 958/2663/2551 957/2586/2474 973/2664/2552
f 973/2664/2552 957/2586/2474 972/2587/2475
f 973/2664/2552 972/2587/2475 999/2665/2553
f 999/2665/2553 972/2587/2475 1000/2588/2476
f 999/2665/2553 1000/2588/2476 988/2666/2554
f 988/2666/2554 1000/2588/2476 987/2589/2477
f 988/2666/2554 987/2589/2477 1017/2667/2555
f 1017/2667/2555 987/2589/2477 1016/2590/2478
f 1017/2667/2555 1016/2590/2478 1031/2668/2556
f 1031/2668/2556 1016/2590/2478 1030/2591/2479
f 1031/2668/2556 1030/2591/2479 1057/2669/2557
f 1057/2669/2557 1030/2591/2479 1058/2592/2480
f 1057/2669/2557 1058/2592/2480 1046/2670/2558
f 1046/2670/2558 1058/2592/2480 1045/2593/2481
f 1046/2670/2558 1045/2593/2481 1076/2671/2559
f 1076/2671/2559 1045/2593/2481 1075/2594/2482
f 1076/2671/2559 1075/2594/2482 1090/2672/2560
f 1090/2672/2560 1075/2594/2482 1089/2595/2483
f 1090/2672/2560 1089/2595/2483 1116/2673/2561
f 1116/2673/2561 1089/2595/2483 1117/2596/2484
f 1116/2673/2561 1117/2596/2484 1105/2674/2562
f 1105/2674/2562 1117/2596/2484 1104/2597/2485
f 1105/2674/2562 1104/2597/2485 1135/2675/2563
f 1135/2675/2563 1104/2597/2485 1134/2598/2486
f 1135/2675/2563 1134/2598/2486 1150/2676/2564
f 1150/2676/2564 1134/2598/2486 1149/2599/2487
f 1150/2676/2564 1149/2599/2487 1165/2677/2565
f 1165/2677/2565 1149/2599/2487 1164/2600/2488
f 1165/2677/2565 1164/2600/2488 1191/2678/2566
f 1191/2678/2566 1164/2600/2488 1192/2601/2489
f 1191/2678/2566 1192/2601/2489 1180/2679/2567
f 1180/2679/2567 1192/2601/2489 1179/2602/2490
f 1180/2679/2567 1179/2602/2490 1209/2680/2568
f 1209/2680/2568 1179/2602/2490 1208/2603/2491
f 1209/2680/2568 1208/2603/2491 1223/2681/2569
f 1223/2681/2569 1208/2603/2491 1222/2604/2492
f 1223/2681/2569 1222/2604/2492 1249/2682/2570
f 1249/2682/2570 1222/2604/2492 1250/2605/2493
f 1249/2682/2570 1250/2605/2493 1238/2683/2571
f 1238/2683/2571 1250/2605/2493 1237/2606/2494
f 1238/2683/2571 1237/2606/2494 1268/2684/2572
f 1268/2684/2572 1237/2606/2494 1267/2607/2495
f 1268/2684/2572 1267/2607/2495 1282/2685/2573
f 1282/2685/2573 1267/2607/2495 1281/2608/2496
f 1282/2685/2573 1281/2608/2496 1308/2686/2574
f 1308/2686/2574 1281/2608/2496 1309/2609/2497
f 1308/2686/2574 1309/2609/2497 1297/2687/2575
f 1297/2687/2575 1309/2609/2497 1296/2610/2498
f 1297/2687/2575 1296/2610/2498 1327/2688/2576
f 1327/2688/2576 1296/2610/2498 1326/2611/2499
f 1327/2688/2576 1326/2611/2499 1342/2689/2577
f 1342/2689/2577 1326/2611/2499 1341/2612/2500
f 1342/2689/2577 1341/2612/2500 1357/2690/2578
f 1357/2690/2578 1341/2612/2500 1356/2613/2501
f 1357/2690/2578 1356/2613/2501 1383/2691/2579
f 1383/2691/2579 1356/2613/2501 1384/2614/2502
f 1383/2691/2579 1384/2614/2502 1372/2692/2580
f 1372/2692/2580 1384/2614/2502 1371/2615/2503
f 1372/2692/2580 1371/2615/2503 1401/2693/2581
f 1401/2693/2581 1371/2615/2503 1400/2616/2504
f 1401/2693/2581 1400/2616/2504 1415/2694/2582
f 1415/2694/2582 1400/2616/2504 1414/2617/2505
f 1415/2694/2582 1414/2617/2505 1441/2695/2583
f 1441/2695/2583 1414/2617/2505 1442/2618/2506
f 1441/2695/2583 1442/2618/2506 1430/2696/2584
f 1430/2696/2584 1442/2618/2506 1429/2619/2507
f 1430/2696/2584 1429/2619/2507 1460/2697/2585
f 1460/2697/2585 1429/2619/2507 1459/2620/2508
f 1460/2697/2585 1459/2620/2508 1474/2698/2586
f 1474/2698/2586 1459/2620/2508 1473/2621/2509
f 1474/2698/2586 1473/2621/2509 1500/2699/2587
f 1500/2699/2587 1473/2621/2509 1501/2622/2510
f 1500/2699/2587 1501/2622/2510 1489/2700/2588
f 1489/2700/2588 1501/2622/2510 1488/2623/2511
f 1489/2700/2588 1488/2623/2511 1519/2701/2589
f 1519/2701/2589 1488/2623/2511 1518/2624/2512
f 1519/2701/2589 1518/2624/2512 1534/2702/2590
f 1534/2702/2590 1518/2624/2512 1533/2625/2513
f 1534/2702/2590 1533/2625/2513 1549/2703/2591
f 1549/2703/2591 1533/2625/2513 1548/2626/2514
f 1549/2703/2591 1548/2626/2514 1575/2704/2592
f 1575/2704/2592 1548/2626/2514 1576/2627/2515
f 1575/2704/2592 1576/2627/2515 1564/2705/2593
f 1564/2705/2593 1576/2627/2515 1563/2628/2516
f 1564/2705/2593 1563/2628/2516 1593/2706/2594
f 1593/2706/2594 1563/2628/2516 1592/2629/2517
f 1593/2706/2594 1592/2629/2517 1608/2707/2595
f 1608/2707/2595 1592/2629/2517 1607/2630/2518
f 1608/2707/2595 1607/2630/2518 1634/2708/2596
f 1634/2708/2596 1607/2630/2518 1635/2631/2519
f 1634/2708/2596 1635/2631/2519 1623/2709/2597
f 1623/2709/2597 1635/2631/2519 1622/2632/2520
f 1623/2709/2597 1622/2632/2520 1651/2710/2598
f 1651/2710/2598 1622/2632/2520 1650/2633/2521
f 1651/2710/2598 1650/2633/2521 1677/2711/2599
f 1677/2711/2599 1650/2633/2521 1678/2634/2522
f 1677/2711/2599 1678/2634/2522 1666/2712/2600
f 1666/2712/2600 1678/2634/2522 1665/2635/2523
f 1666/2712/2600 1665/2635/2523 1696/2713/2601
f 1696/2713/2601 1665/2635/2523 1695/2636/2524
f 1696/2713/2601 1695/2636/2524 1711/2714/2602
f 1711/2714/2602 1695/2636/2524 1710/2637/2525
f 1711/2714/2602 1710/2637/2525 1737/2715/2603
f 1737/2715/2603 1710/2637/2525 1738/2638/2526
f 1737/2715/2603 1738/2638/2526 1726/2716/2604
f 1726/2716/2604 1738/2638/2526 1725/2639/2527
f 1726/2716/2604 1725/2639/2527 1755/2717/2605
f 1755/2717/2605 1725/2639/2527 1754/2640/2528
f 1755/2717/2605 1754/2640/2528 1781/2718/2606
f 1781/2718/2606 1754/2640/2528 1782/2641/2529
f 1781/2718/2606 1782/2641/2529 1770/2719/2607
f 1770/2719/2607 1782/2641/2529 1769/2642/2530
f 1770/2719/2607 1769/2642/2530 1798/2720/2608
f 1798/2720/2608 1769/2642/2530 1797/2643/2531
f 1798/2720/2608 1797/2643/2531 1824/2721/2609
f 1824/2721/2609 1797/2643/2531 1825/2644/2532
f 1824/2721/2609 1825/2644/2532 1813/2722/2610
f 1813/2722/2610 1825/2644/2532 1812/2645/2533
f 1813/2722/2610 1812/2645/2533 1842/2723/2611
f 1842/2723/2611 1812/2645/2533 1841/2646/2534
f 1842/2723/2611 1841/2646/2534 1868/2724/2612
f 1868/2724/2612 1841/2646/2534 1869/2647/2535
f 1868/2724/2612 1869/2647/2535 1857/2725/2613
f 1857/2725/2613 1869/2647/2535 1856/2648/2536
f 1857/2725/2613 1856/2648/2536 1887/2726/2614
f 1887/2726/2614 1856/2648/2536 1886/2649/2537
f 1887/2726/2614 1886/2649/2537 1902/2727/2615
f 1902/2727/2615 1886/2649/2537 1901/2650/2538
f 1902/2727/2615 1901/2650/2538 1928/2728/2616
f 1928/2728/2616 1901/2650/2538 1929/2651/2539
f 1928/2728/2616 1929/2651/2539 1917/2729/2617
f 1917/2729/2617 1929/2651/2539 1916/2652/2540
f 1917/2729/2617 1916/2652/2540 1946/2730/2618
f 1946/2730/2618 1916/2652/2540 1945/2653/2541
f 1946/2730/2618 1945/2653/2541 1972/2731/2619
f 1972/2731/2619 1945/2653/2541 1973/2654/2542
f 1972/2731/2619 1973/2654/2542 1961/2732/2620
f 1961/2732/2620 1973/2654/2542 1960/2655/2543
f 1961/2732/2620 1960/2655/2543 1989/2733/2621
f 1989/2733/2621 1960/2655/2543 1988/2656/2544
f 1989/2733/2621 1988/2656/2544 2015/2734/2622
f 2015/2734/2622 1988/2656/2544 2016/2657/2545
f 2015/2734/2622 2016/2657/2545 2004/2735/2623
f 2004/2735/2623 2016/2657/2545 2003/2658/2546
f 2004/2735/2623 2003/2658/2546 2033/2736/2624
f 2033/2736/2624 2003/2658/2546 2032/2659/2547
f 2033/2736/2624 2032/2659/2547 2059/2737/2625
f 2059/2737/2625 2032/2659/2547 2060/2660/2548
f 2059/2737/2625 2060/2660/2548 2048/2738/2626
f 2048/2738/2626 2060/2660/2548 2047/2661/2549
f 2048/2738/2626 2047/2661/2549 2077/2110/2082
f 2077/2110/2082 2047/2661/2549 2076/2108/2081
f 929/1706/1687 928/1708/1689 944/2739/2627
f 944/2739/2627 928/1708/1689 943/2662/2550
f 944/2739/2627 943/2662/2550 959/2740/2628
f 959/2740/2628 943/2662/2550 958/2663/2551
f 959/2740/2628 958/2663/2551 974/2741/2629
f 974/2741/2629 958/2663/2551 973/2664/2552
f 974/2741/2629 973/2664/2552 998/2742/2630
f 998/2742/2630 973/2664/2552 999/2665/2553
f 998/2742/2630 999/2665/2553 989/2743/2631
f 989/2743/2631 999/2665/2553 988/2666/2554
f 989/2743/2631 988/2666/2554 1018/2744/2632
f 1018/2744/2632 988/2666/2554 1017/2667/2555
f 1018/2744/2632 1017/2667/2555 1032/2745/2633
f 1032/2745/2633 1017/2667/2555 1031/2668/2556
f 1032/2745/2633 1031/2668/2556 1056/2746/2634
f 1056/2746/2634 1031/2668/2556 1057/2669/2557
f 1056/2746/2634 1057/2669/2557 1047/2747/2635
f 1047/2747/2635 1057/2669/2557 1046/2670/2558
f 1047/2747/2635 1046/2670/2558 1077/2748/2636
f 1077/2748/2636 1046/2670/2558 1076/2671/2559
f 1077/2748/2636 1076/2671/2559 1091/2749/2637
f 1091/2749/2637 1076/2671/2559 1090/2672/2560
f 1091/2749/2637 1090/2672/2560 1115/2750/2638
f 1115/2750/2638 1090/2672/2560 1116/2673/2561
f 1115/2750/2638 1116/2673/2561 1106/2751/2639
f 1106/2751/2639 1116/2673/2561 1105/2674/2562
f 1106/2751/2639 1105/2674/2562 1136/2752/2640
f 1136/2752/2640 1105/2674/2562 1135/2675/2563
f 1136/2752/2640 1135/2675/2563 1151/2753/2641
f 1151/2753/2641 1135/2675/2563 1150/2676/2564
f 1151/2753/2641 1150/2676/2564 1166/2754/2642
f 1166/2754/2642 1150/2676/2564 1165/2677/2565
f 1166/2754/2642 1165/2677/2565 1190/2755/2643
f 1190/2755/2643 1165/2677/2565 1191/2678/2566
f 1190/2755/2643 1191/2678/2566 1181/2756/2644
f 1181/2756/2644 1191/2678/2566 1180/2679/2567
f 1181/2756/2644 1180/2679/2567 1210/2757/2645
f 1210/2757/2645 1180/2679/2567 1209/2680/2568
f 1210/2757/2645 1209/2680/2568 1224/2758/2646
f 1224/2758/2646 1209/2680/2568 1223/2681/2569
f 1224/2758/2646 1223/2681/2569 1248/2759/2647
f 1248/2759/2647 1223/2681/2569 1249/2682/2570
f 1248/2759/2647 1249/2682/2570 1239/2760/2648
f 1239/2760/2648 1249/2682/2570 1238/2683/2571
f 1239/2760/2648 1238/2683/2571 1269/2761/2649
f 1269/2761/2649 1238/2683/2571 1268/2684/2572
f 1269/2761/2649 1268/2684/2572 1283/2762/2650
f 1283/2762/2650 1268/2684/2572 1282/2685/2573
f 1283/2762/2650 1282/2685/2573 1307/2763/2651
f 1307/2763/2651 1282/2685/2573 1308/2686/2574
f 1307/2763/2651 1308/2686/2574 1298/2764/2652
f 1298/2764/2652 1308/2686/2574 1297/2687/2575
f 1298/2764/2652 1297/2687/2575 1328/2765/2653
f 1328/2765/2653 1297/2687/2575 1327/2688/2576
f 1328/2765/2653 1327/2688/2576 1343/2766/2654
f 1343/2766/2654 1327/2688/2576 1342/2689/2577
f 1343/2766/2654 1342/2689/2577 1358/2767/2655
f 1358/2767/2655 1342/2689/2577 1357/2690/2578
f 1358/2767/2655 1357/2690/2578 1382/2768/2656
f 1382/2768/2656 1357/2690/2578 1383/2691/2579
f 1382/2768/2656 1383/2691/2579 1373/2769/2657
f 1373/2769/2657 1383/2691/2579 1372/2692/2580
f 1373/2769/2657 1372/2692/2580 1402/2770/2658
f 1402/2770/2658 1372/2692/2580 1401/2693/2581
f 1402/2770/2658 1401/2693/2581 1416/2771/2659
f 1416/2771/2659 1401/2693/2581 1415/2694/2582
f 1416/2771/2659 1415/2694/2582 1440/2772/2660
f 1440/2772/2660 1415/2694/2582 1441/2695/2583
f 1440/2772/2660 1441/2695/2583 1431/2773/2661
f 1431/2773/2661 1441/2695/2583 1430/2696/2584
f 1431/2773/2661 1430/2696/2584 1461/2774/2662
f 1461/2774/2662 1430/2696/2584 1460/2697/2585
f 1461/2774/2662 1460/2697/2585 1475/2775/2663
f 1475/2775/2663 1460/2697/2585 1474/2698/2586
f 1475/2775/2663 1474/2698/2586 1499/2776/2664
f 1499/2776/2664 1474/2698/2586 1500/2699/2587
f 1499/2776/2664 1500/2699/2587 1490/2777/2665
f 1490/2777/2665 1500/2699/2587 1489/2700/2588
f 1490/2777/2665 1489/2700/2588 1520/2778/2666
f 1520/2778/2666 1489/2700/2588 1519/2701/2589
f 1520/2778/2666 1519/2701/2589 1535/2779/2667
f 1535/2779/2667 1519/2701/2589 1534/2702/2590
f 1535/2779/2667 1534/2702/2590 1550/2780/2668
f 1550/2780/2668 1534/2702/2590 1549/2703/2591
f 1550/2780/2668 1549/2703/2591 1574/2781/2669
f 1574/2781/2669 1549/2703/2591 1575/2704/2592
f 1574/2781/2669 1575/2704/2592 1565/2782/2670
f 1565/2782/2670 1575/2704/2592 1564/2705/2593
f 1565/2782/2670 1564/2705/2593 1594/2783/2671
f 1594/2783/2671 1564/2705/2593 1593/2706/2594
f 1594/2783/2671 1593/2706/2594 1609/2784/2672
f 1609/2784/2672 1593/2706/2594 1608/2707/2595
f 1609/2784/2672 1608/2707/2595 1633/2785/2673
f 1633/2785/2673 1608/2707/2595 1634/2708/2596
f 1633/2785/2673 1634/2708/2596 1624/2786/2674
f 1624/2786/2674 1634/2708/2596 1623/2709/2597
f 1624/2786/2674 1623/2709/2597 1652/2787/2675
f 1652/2787/2675 1623/2709/2597 1651/2710/2598
f 1652/2787/2675 1651/2710/2598 1676/2788/2676
f 1676/2788/2676 1651/2710/2598 1677/2711/2599
f 1676/2788/2676 1677/2711/2599 1667/2789/2677
f 1667/2789/2677 1677/2711/2599 1666/2712/2600
f 1667/2789/2677 1666/2712/2600 1697/2790/2678
f 1697/2790/2678 1666/2712/2600 1696/2713/2601
f 1697/2790/2678 1696/2713/2601 1712/2791/2679
f 1712/2791/2679 1696/2713/2601 1711/2714/2602
f 1712/2791/2679 1711/2714/2602 1736/2792/2680
f 1736/2792/2680 1711/2714/2602 1737/2715/2603
f 1736/2792/2680 1737/2715/2603 1727/2793/2681
f 1727/2793/2681 1737/2715/2603 1726/2716/2604
f 1727/2793/2681 1726/2716/2604 1756/2794/2682
f 1756/2794/2682 1726/2716/2604 1755/2717/2605
f 1756/2794/2682 1755/2717/2605 1780/2795/2683
f 1780/2795/2683 1755/2717/2605 1781/2718/2606
f 1780/2795/2683 1781/2718/2606 1771/2796/2684
f 1771/2796/2684 1781/2718/2606 1770/2719/2607
f 1771/2796/2684 1770/2719/2607 1799/2797/2685
f 1799/2797/2685 1770/2719/2607 1798/2720/2608
f 1799/2797/2685 1798/2720/2608 1823/2798/2686
f 1823/2798/2686 1798/2720/2608 1824/2721/2609
f 1823/2798/2686 1824/2721/2609 1814/2799/2687
f 1814/2799/2687 1824/2721/2609 1813/2722/2610
f 1814/2799/2687 1813/2722/2610 1843/2800/2688
f 1843/2800/2688 1813/2722/2610 1842/2723/2611
f 1843/2800/2688 1842/2723/2611 1867/2801/2689
f 1867/2801/2689 1842/2723/2611 1868/2724/2612
f 1867/2801/2689 1868/2724/2612 1858/2802/2690
f 1858/2802/2690 1868/2724/2612 1857/2725/2613
f 1858/2802/2690 1857/2725/2613 1888/2803/2691
f 1888/2803/2691 1857/2725/2613 1887/2726/2614
f 1888/2803/2691 1887/2726/2614 1903/2804/2692
f 1903/2804/2692 1887/2726/2614 1902/2727/2615
f 1903/2804/2692 1902/2727/2615 1927/2805/2693
f 1927/2805/2693 1902/2727/2615 1928/2728/2616
f 1927/2805/2693 1928/2728/2616 1918/2806/2694
f 1918/2806/2694 1928/2728/2616 1917/2729/2617
f 1918/2806/2694 1917/2729/2617 1947/2807/2695
f 1947/2807/2695 1917/2729/2617 1946/2730/2618
f 1947/2807/2695 1946/2730/2618 1971/2808/2696
f 1971/2808/2696 1946/2730/2618 1972/2731/2619
f 1971/2808/2696 1972/2731/2619 1962/2809/2697
f 1962/2809/2697 1972/2731/2619 1961/2732/2620
f 1962/2809/2697 1961/2732/2620 1990/2810/2698
f 1990/2810/2698 1961/2732/2620 1989/2733/2621
f 1990/2810/2698 1989/2733/2621 2014/2811/2699
f 2014/2811/2699 1989/2733/2621 2015/2734/2622
f 2014/2811/2699 2015/2734/2622 2005/2812/2700
f 2005/2812/2700 2015/2734/2622 2004/2735/2623
f 2005/2812/2700 2004/2735/2623 2034/2813/2701
f 2034/2813/2701 2004/2735/2623 2033/2736/2624
f 2034/2813/2701 2033/2736/2624 2058/2814/2702
f 2058/2814/2702 2033/2736/2624 2059/2737/2625
f 2058/2814/2702 2059/2737/2625 2049/2815/2703
f 2049/2815/2703 2059/2737/2625 2048/2738/2626
f 2049/2815/2703 2048/2738/2626 2078/2112/2083
f 2078/2112/2083 2048/2738/2626 2077/2110/2082
f 930/1704/1685 929/1706/1687 945/2816/2704
f 945/2816/2704 929/1706/1687 944/2739/2627
f 945/2816/2704 944/2739/2627 960/2817/2705
f 960/2817/2705 944/2739/2627 959/2740/2628
f 960/2817/2705 959/2740/2628 975/2818/2706
f 975/2818/2706 959/2740/2628 974/2741/2629
f 975/2818/2706 974/2741/2629 997/2819/2707
f 997/2819/2707 974/2741/2629 998/2742/2630
f 997/2819/2707 998/2742/2630 990/2820/2708
f 990/2820/2708 998/2742/2630 989/2743/2631
f 990/2820/2708 989/2743/2631 1019/2821/2709
f 1019/2821/2709 989/2743/2631 1018/2744/2632
f 1019/2821/2709 1018/2744/2632 1033/2822/2710
f 1033/2822/2710 1018/2744/2632 1032/2745/2633
f 1033/2822/2710 1032/2745/2633 1055/2823/2711
f 1055/2823/2711 1032/2745/2633 1056/2746/2634
f 1055/2823/2711 1056/2746/2634 1048/2824/2712
f 1048/2824/2712 1056/2746/2634 1047/2747/2635
f 1048/2824/2712 1047/2747/2635 1078/2825/2713
f 1078/2825/2713 1047/2747/2635 1077/2748/2636
f 1078/2825/2713 1077/2748/2636 1092/2826/2714
f 1092/2826/2714 1077/2748/2636 1091/2749/2637
f 1092/2826/2714 1091/2749/2637 1114/2827/2715
f 1114/2827/2715 1091/2749/2637 1115/2750/2638
f 1114/2827/2715 1115/2750/2638 1107/2828/2716
f 1107/2828/2716 1115/2750/2638 1106/2751/2639
f 1107/2828/2716 1106/2751/2639 1137/2829/2717
f 1137/2829/2717 1106/2751/2639 1136/2752/2640
f 1137/2829/2717 1136/2752/2640 1152/2830/2718
f 1152/2830/2718 1136/2752/2640 1151/2753/2641
f 1152/2830/2718 1151/2753/2641 1167/2831/2719
f 1167/2831/2719 1151/2753/2641 1166/2754/2642
f 1167/2831/2719 1166/2754/2642 1189/2832/2720
f 1189/2832/2720 1166/2754/2642 1190/2755/2643
f 1189/2832/2720 1190/2755/2643 1182/2833/2721
f 1182/2833/2721 1190/2755/2643 1181/2756/2644
f 1182/2833/2721 1181/2756/2644 1211/2834/2722
f 1211/2834/2722 1181/2756/2644 1210/2757/2645
f 1211/2834/2722 1210/2757/2645 1225/2835/2723
f 1225/2835/2723 1210/2757/2645 1224/2758/2646
f 1225/2835/2723 1224/2758/2646 1247/2836/2724
f 1247/2836/2724 1224/2758/2646 1248/2759/2647
f 1247/2836/2724 1248/2759/2647 1240/2837/2725
f 1240/2837/2725 1248/2759/2647 1239/2760/2648
f 1240/2837/2725 1239/2760/2648 1270/2838/2726
f 1270/2838/2726 1239/2760/2648 1269/2761/2649
f 1270/2838/2726 1269/2761/2649 1284/2839/2727
f 1284/2839/2727 1269/2761/2649 1283/2762/2650
f 1284/2839/2727 1283/2762/2650 1306/2840/2728
f 1306/2840/2728 1283/2762/2650 1307/2763/2651
f 1306/2840/2728 1307/2763/2651 1299/2841/2729
f 1299/2841/2729 1307/2763/2651 1298/2764/2652
f 1299/2841/2729 1298/2764/2652 1329/2842/2730
f 1329/2842/2730 1298/2764/2652 1328/2765/2653
f 1329/2842/2730 1328/2765/2653 1344/2843/2731
f 1344/2843/2731 1328/2765/2653 1343/2766/2654
f 1344/2843/2731 1343/2766/2654 1359/2844/2732
f 1359/2844/2732 1343/2766/2654 1358/2767/2655
f 1359/2844/2732 1358/2767/2655 1381/2845/2733
f 1381/2845/2733 1358/2767/2655 1382/2768/2656
f 1381/2845/2733 1382/2768/2656 1374/2846/2734
f 1374/2846/2734 1382/2768/2656 1373/2769/2657
f 1374/2846/2734 1373/2769/2657 1403/2847/2735
f 1403/2847/2735 1373/2769/2657 1402/2770/2658
f 1403/2847/2735 1402/2770/2658 1417/2848/2736
f 1417/2848/2736 1402/2770/2658 1416/2771/2659
f 1417/2848/2736 1416/2771/2659 1439/2849/2737
f 1439/2849/2737 1416/2771/2659 1440/2772/2660
f 1439/2849/2737 1440/2772/2660 1432/2850/2738
f 1432/2850/2738 1440/2772/2660 1431/2773/2661
f 1432/2850/2738 1431/2773/2661 1462/2851/2739
f 1462/2851/2739 1431/2773/2661 1461/2774/2662
f 1462/2851/2739 1461/2774/2662 1476/2852/2740
f 1476/2852/2740 1461/2774/2662 1475/2775/2663
f 1476/2852/2740 1475/2775/2663 1498/2853/2741
f 1498/2853/2741 1475/2775/2663 1499/2776/2664
f 1498/2853/2741 1499/2776/2664 1491/2854/2742
f 1491/2854/2742 1499/2776/2664 1490/2777/2665
f 1491/2854/2742 1490/2777/2665 1521/2855/2743
f 1521/2855/2743 1490/2777/2665 1520/2778/2666
f 1521/2855/2743 1520/2778/2666 1536/2856/2744
f 1536/2856/2744 1520/2778/2666 1535/2779/2667
f 1536/2856/2744 1535/2779/2667 1551/2857/2745
f 1551/2857/2745 1535/2779/2667 1550/2780/2668
f 1551/2857/2745 1550/2780/2668 1573/2858/2746
f 1573/2858/2746 1550/2780/2668 1574/2781/2669
f 1573/2858/2746 1574/2781/2669 1566/2859/2747
f 1566/2859/2747 1574/2781/2669 1565/2782/2670
f 1566/2859/2747 1565/2782/2670 1595/2860/2748
f 1595/2860/2748 1565/2782/2670 1594/2783/2671
f 1595/2860/2748 1594/2783/2671 1610/2861/2749
f 1610/2861/2749 1594/2783/2671 1609/2784/2672
f 1610/2861/2749 1609/2784/2672 1632/2862/2750
f 1632/2862/2750 1609/2784/2672 1633/2785/2673
f 1632/2862/2750 1633/2785/2673 1625/2863/2751
f 1625/2863/2751 1633/2785/2673 1624/2786/2674
f 1625/2863/2751 1624/2786/2674 1653/2864/2752
f 1653/2864/2752 1624/2786/2674 1652/2787/2675
f 1653/2864/2752 1652/2787/2675 1675/2865/2753
f 1675/2865/2753 1652/2787/2675 1676/2788/2676
f 1675/2865/2753 1676/2788/2676 1668/2866/2754
f 1668/2866/2754 1676/2788/2676 1667/2789/2677
f 1668/2866/2754 1667/2789/2677 1698/2867/2755
f 1698/2867/2755 1667/2789/2677 1697/2790/2678
f 1698/2867/2755 1697/2790/2678 1713/2868/2756
f 1713/2868/2756 1697/2790/2678 1712/2791/2679
f 1713/2868/2756 1712/2791/2679 1735/2869/2757
f 1735/2869/2757 1712/2791/2679 1736/2792/2680
f 1735/2869/2757 1736/2792/2680 1728/2870/2758
f 1728/2870/2758 1736/2792/2680 1727/2793/2681
f 1728/2870/2758 1727/2793/2681 1757/2871/2759
f 1757/2871/2759 1727/2793/2681 1756/2794/2682
f 1757/2871/2759 1756/2794/2682 1779/2872/2760
f 1779/2872/2760 1756/2794/2682 1780/2795/2683
f 1779/2872/2760 1780/2795/2683 1772/2873/2761
f 1772/2873/2761 1780/2795/2683 1771/2796/2684
f 1772/2873/2761 1771/2796/2684 1800/2874/2762
f 1800/2874/2762 1771/2796/2684 1799/2797/2685
f 1800/2874/2762 1799/2797/2685 1822/2875/2763
f 1822/2875/2763 1799/2797/2685 1823/2798/2686
f 1822/2875/2763 1823/2798/2686 1815/2876/2764
f 1815/2876/2764 1823/2798/2686 1814/2799/2687
f 1815/2876/2764 1814/2799/2687 1844/2877/2765
f 1844/2877/2765 1814/2799/2687 1843/2800/2688
f 1844/2877/2765 1843/2800/2688 1866/2878/2766
f 1866/2878/2766 1843/2800/2688 1867/2801/2689
f 1866/2878/2766 1867/2801/2689 1859/2879/2767
f 1859/2879/2767 1867/2801/2689 1858/2802/2690
f 1859/2879/2767 1858/2802/2690 1889/2880/2768
f 1889/2880/2768 1858/2802/2690 1888/2803/2691
f 1889/2880/2768 1888/2803/2691 1904/2881/2769
f 1904/2881/2769 1888/2803/2691 1903/2804/2692
f 1904/2881/2769 1903/2804/2692 1926/2882/2770
f 1926/2882/2770 1903/2804/2692 1927/2805/2693
f 1926/2882/2770 1927/2805/2693 1919/2883/2771
f 1919/2883/2771 1927/2805/2693 1918/2806/2694
f 1919/2883/2771 1918/2806/2694 1948/2884/2772
f 1948/2884/2772 1918/2806/2694 1947/2807/2695
f 1948/2884/2772 1947/2807/2695 1970/2885/2773
f 1970/2885/2773 1947/2807/2695 1971/2808/2696
f 1970/2885/2773 1971/2808/2696 1963/2886/2774
f 1963/2886/2774 1971/2808/2696 1962/2809/2697
f 1963/2886/2774 1962/2809/2697 1991/2887/2775
f 1991/2887/2775 1962/2809/2697 1990/2810/2698
f 1991/2887/2775 1990/2810/2698 2013/2888/2776
f 2013/2888/2776 1990/2810/2698 2014/2811/2699
f 2013/2888/2776 2014/2811/2699 2006/2889/2777
f 2006/2889/2777 2014/2811/2699 2005/2812/2700
f 2006/2889/2777 2005/2812/2700 2035/2890/2778
f 2035/2890/2778 2005/2812/2700 2034/2813/2701
f 2035/2890/2778 2034/2813/2701 2057/2891/2779
f 2057/2891/2779 2034/2813/2701 2058/2814/2702
f 2057/2891/2779 2058/2814/2702 2050/2892/2780
f 2050/2892/2780 2058/2814/2702 2049/2815/2703
f 2050/2892/2780 2049/2815/2703 2079/2114/2084
f 2079/2114/2084 2049/2815/2703 2078/2112/2083
f 931/1702/1683 930/1704/1685 946/2893/2781
f 946/2893/2781 930/1704/1685 945/2816/2704
f 946/2893/2781 945/2816/2704 961/2894/2782
f 961/2894/2782 945/2816/2704 960/2817/2705
f 961/2894/2782 960/2817/2705 976/2895/2783
f 976/2895/2783 960/2817/2705 975/2818/2706
f 976/2895/2783 975/2818/2706 996/2896/2784
f 996/2896/2784 975/2818/2706 997/2819/2707
f 996/2896/2784 997/2819/2707 991/2897/2785
f 991/2897/2785 997/2819/2707 990/2820/2708
f 991/2897/2785 990/2820/2708 1020/2898/2786
f 1020/2898/2786 990/2820/2708 1019/2821/2709
f 1020/2898/2786 1019/2821/2709 1034/2899/2787
f 1034/2899/2787 1019/2821/2709 1033/2822/2710
f 1034/2899/2787 1033/2822/2710 1054/2900/2788
f 1054/2900/2788 1033/2822/2710 1055/2823/2711
f 1054/2900/2788 1055/2823/2711 1049/2901/2789
f 1049/2901/2789 1055/2823/2711 1048/2824/2712
f 1049/2901/2789 1048/2824/2712 1079/2902/2790
f 1079/2902/2790 1048/2824/2712 1078/2825/2713
f 1079/2902/2790 1078/2825/2713 1093/2903/2791
f 1093/2903/2791 1078/2825/2713 1092/2826/2714
f 1093/2903/2791 1092/2826/2714 1113/2904/2792
f 1113/2904/2792 1092/2826/2714 1114/2827/2715
f 1113/2904/2792 1114/2827/2715 1108/2905/2793
f 1108/2905/2793 1114/2827/2715 1107/2828/2716
f 1108/2905/2793 1107/2828/2716 1138/2906/2794
f 1138/2906/2794 1107/2828/2716 1137/2829/2717
f 1138/2906/2794 1137/2829/2717 1153/2907/2795
f 1153/2907/2795 1137/2829/2717 1152/2830/2718
f 1153/2907/2795 1152/2830/2718 1168/2908/2796
f 1168/2908/2796 1152/2830/2718 1167/2831/2719
f 1168/2908/2796 1167/2831/2719 1188/2909/2797
f 1188/2909/2797 1167/2831/2719 1189/2832/2720
f 1188/2909/2797 1189/2832/2720 1183/2910/2798
f 1183/2910/2798 1189/2832/2720 1182/2833/2721
f 1183/2910/2798 1182/2833/2721 1212/2911/2799
f 1212/2911/2799 1182/2833/2721 1211/2834/2722
f 1212/2911/2799 1211/2834/2722 1226/2912/2800
f 1226/2912/2800 1211/2834/2722 1225/2835/2723
f 1226/2912/2800 1225/2835/2723 1246/2913/2801
f 1246/2913/2801 1225/2835/2723 1247/2836/2724
f 1246/2913/2801 1247/2836/2724 1241/2914/2802
f 1241/2914/2802 1247/2836/2724 1240/2837/2725
f 1241/2914/2802 1240/2837/2725 1271/2915/2803
f 1271/2915/2803 1240/2837/2725 1270/2838/2726
f 1271/2915/2803 1270/2838/2726 1285/2916/2804
f 1285/2916/2804 1270/2838/2726 1284/2839/2727
f 1285/2916/2804 1284/2839/2727 1305/2917/2805
f 1305/2917/2805 1284/2839/2727 1306/2840/2728
f 1305/2917/2805 1306/2840/2728 1300/2918/2806
f 1300/2918/2806 1306/2840/2728 1299/2841/2729
f 1300/2918/2806 1299/2841/2729 1330/2919/2807
f 1330/2919/2807 1299/2841/2729 1329/2842/2730
f 1330/2919/2807 1329/2842/2730 1345/2920/2808
f 1345/2920/2808 1329/2842/2730 1344/2843/2731
f 1345/2920/2808 1344/2843/2731 1360/2921/2809
f 1360/2921/2809 1344/2843/2731 1359/2844/2732
f 1360/2921/2809 1359/2844/2732 1380/2922/2810
f 1380/2922/2810 1359/2844/2732 1381/2845/2733
f 1380/2922/2810 1381/2845/2733 1375/2923/2811
f 1375/2923/2811 1381/2845/2733 1374/2846/2734
f 1375/2923/2811 1374/2846/2734 1404/2924/2812
f 1404/2924/2812 1374/2846/2734 1403/2847/2735
f 1404/2924/2812 1403/2847/2735 1418/2925/2813
f 1418/2925/2813 1403/2847/2735 1417/2848/2736
f 1418/2925/2813 1417/2848/2736 1438/2926/2814
f 1438/2926/2814 1417/2848/2736 1439/2849/2737
f 1438/2926/2814 1439/2849/2737 1433/2927/2815
f 1433/2927/2815 1439/2849/2737 1432/2850/2738
f 1433/2927/2815 1432/2850/2738 1463/2928/2816
f 1463/2928/2816 1432/2850/2738 1462/2851/2739
f 1463/2928/2816 1462/2851/2739 1477/2929/2817
f 1477/2929/2817 1462/2851/2739 1476/2852/2740
f 1477/2929/2817 1476/2852/2740 1497/2930/2818
f 1497/2930/2818 1476/2852/2740 1498/2853/2741
f 1497/2930/2818 1498/2853/2741 1492/2931/2819
f 1492/2931/2819 1498/2853/2741 1491/2854/2742
f 1492/2931/2819 1491/2854/2742 1522/2932/2820
f 1522/2932/2820 1491/2854/2742 1521/2855/2743
f 1522/2932/2820 1521/2855/2743 1537/2933/2821
f 1537/2933/2821 1521/2855/2743 1536/2856/2744
f 1537/2933/2821 1536/2856/2744 1552/2934/2822
f 1552/2934/2822 1536/2856/2744 1551/2857/2745
f 1552/2934/2822 1551/2857/2745 1572/2935/2823
f 1572/2935/2823 1551/2857/2745 1573/2858/2746
f 1572/2935/2823 1573/2858/2746 1567/2936/2824
f 1567/2936/2824 1573/2858/2746 1566/2859/2747
f 1567/2936/2824 1566/2859/2747 1596/2937/2825
f 1596/2937/2825 1566/2859/2747 1595/2860/2748
f 1596/2937/2825 1595/2860/2748 1611/2938/2826
f 1611/2938/2826 1595/2860/2748 1610/2861/2749
f 1611/2938/2826 1610/2861/2749 1631/2939/2827
f 1631/2939/2827 1610/2861/2749 1632/2862/2750
f 1631/2939/2827 1632/2862/2750 1626/2940/2828
f 1626/2940/2828 1632/2862/2750 1625/2863/2751
f 1626/2940/2828 1625/2863/2751 1654/2941/2829
f 1654/2941/2829 1625/2863/2751 1653/2864/2752
f 1654/2941/2829 1653/2864/2752 1674/2942/2830
f 1674/2942/2830 1653/2864/2752 1675/2865/2753
f 1674/2942/2830 1675/2865/2753 1669/2943/2831
f 1669/2943/2831 1675/2865/2753 1668/2866/2754
f 1669/2943/2831 1668/2866/2754 1699/2944/2832
f 1699/2944/2832 1668/2866/2754 1698/2867/2755
f 1699/2944/2832 1698/2867/2755 1714/2945/2833
f 1714/2945/2833 1698/2867/2755 1713/2868/2756
f 1714/2945/2833 1713/2868/2756 1734/2946/2834
f 1734/2946/2834 1713/2868/2756 1735/2869/2757
f 1734/2946/2834 1735/2869/2757 1729/2947/2835
f 1729/2947/2835 1735/2869/2757 1728/2870/2758
f 1729/2947/2835 1728/2870/2758 1758/2948/2836
f 1758/2948/2836 1728/2870/2758 1757/2871/2759
f 1758/2948/2836 1757/2871/2759 1778/2949/2837
f 1778/2949/2837 1757/2871/2759 1779/2872/2760
f 1778/2949/2837 1779/2872/2760 1773/2950/2838
f 1773/2950/2838 1779/2872/2760 1772/2873/2761
f 1773/2950/2838 1772/2873/2761 1801/2951/2839
f 1801/2951/2839 1772/2873/2761 1800/2874/2762
f 1801/2951/2839 1800/2874/2762 1821/2952/2840
f 1821/2952/2840 1800/2874/2762 1822/2875/2763
f 1821/2952/2840 1822/2875/2763 1816/2953/2841
f 1816/2953/2841 1822/2875/2763 1815/2876/2764
f 1816/2953/2841 1815/2876/2764 1845/2954/2842
f 1845/2954/2842 1815/2876/2764 1844/2877/2765
f 1845/2954/2842 1844/2877/2765 1865/2955/2843
f 1865/2955/2843 1844/2877/2765 1866/2878/2766
f 1865/2955/2843 1866/2878/2766 1860/2956/2844
f 1860/2956/2844 1866/2878/2766 1859/2879/2767
f 1860/2956/2844 1859/2879/2767 1890/2957/2845
f 1890/2957/2845 1859/2879/2767 1889/2880/2768
f 1890/2957/2845 1889/2880/2768 1905/2958/2846
f 1905/2958/2846 1889/2880/2768 1904/2881/2769
f 1905/2958/2846 1904/2881/2769 1925/2959/2847
f 1925/2959/2847 1904/2881/2769 1926/2882/2770
f 1925/2959/2847 1926/2882/2770 1920/2960/2848
f 1920/2960/2848 1926/2882/2770 1919/2883/2771
f 1920/2960/2848 1919/2883/2771 1949/2961/2849
f 1949/2961/2849 1919/2883/2771 1948/2884/2772
f 1949/2961/2849 1948/2884/2772 1969/2962/2850
f 1969/2962/2850 1948/2884/2772 1970/2885/2773
f 1969/2962/2850 1970/2885/2773 1964/2963/2851
f 1964/2963/2851 1970/2885/2773 1963/2886/2774
f 1964/2963/2851 1963/2886/2774 1992/2964/2852
f 1992/2964/2852 1963/2886/2774 1991/2887/2775
f 1992/2964/2852 1991/2887/2775 2012/2965/2853
f 2012/2965/2853 1991/2887/2775 2013/2888/2776
f 2012/2965/2853 2013/2888/2776 2007/2966/2854
f 2007/2966/2854 2013/2888/2776 2006/2889/2777
f 2007/2966/2854 2006/2889/2777 2036/2967/2855
f 2036/2967/2855 2006/2889/2777 2035/2890/2778
f 2036/2967/2855 2035/2890/2778 2056/2968/2856
f 2056/2968/2856 2035/2890/2778 2057/2891/2779
f 2056/2968/2856 2057/2891/2779 2051/2969/2857
f 2051/2969/2857 2057/2891/2779 2050/2892/2780
f 2051/2969/2857 2050/2892/2780 2080/2116/2085
f 2080/2116/2085 2050/2892/2780 2079/2114/2084
f 948/2273/2164 933/1700/1681 932/1698/1679
f 932/1698/1679 931/1702/1683 947/2970/2858
f 947/2970/2858 931/1702/1683 946/2893/2781
f 947/2970/2858 946/2893/2781 962/2971/2859
f 962/2971/2859 946/2893/2781 961/2894/2782
f 962/2971/2859 961/2894/2782 977/2972/2860
f 977/2972/2860 961/2894/2782 976/2895/2783
f 977/2972/2860 976/2895/2783 995/2973/2861
f 995/2973/2861 976/2895/2783 996/2896/2784
f 995/2973/2861 996/2896/2784 992/2974/2862
f 992/2974/2862 996/2896/2784 991/2897/2785
f 992/2974/2862 991/2897/2785 1021/2975/2863
f 1021/2975/2863 991/2897/2785 1020/2898/2786
f 1021/2975/2863 1020/2898/2786 1035/2976/2864
f 1035/2976/2864 1020/2898/2786 1034/2899/2787
f 1035/2976/2864 1034/2899/2787 1053/2977/2865
f 1053/2977/2865 1034/2899/2787 1054/2900/2788
f 1053/2977/2865 1054/2900/2788 1050/2978/2866
f 1050/2978/2866 1054/2900/2788 1049/2901/2789
f 1050/2978/2866 1049/2901/2789 1080/2979/2867
f 1080/2979/2867 1049/2901/2789 1079/2902/2790
f 1080/2979/2867 1079/2902/2790 1094/2980/2868
f 1094/2980/2868 1079/2902/2790 1093/2903/2791
f 1094/2980/2868 1093/2903/2791 1112/2981/2869
f 1112/2981/2869 1093/2903/2791 1113/2904/2792
f 1112/2981/2869 1113/2904/2792 1109/2982/2870
f 1109/2982/2870 1113/2904/2792 1108/2905/2793
f 1109/2982/2870 1108/2905/2793 1139/2983/2871
f 1139/2983/2871 1108/2905/2793 1138/2906/2794
f 1139/2983/2871 1138/2906/2794 1154/2984/2872
f 1154/2984/2872 1138/2906/2794 1153/2907/2795
f 1154/2984/2872 1153/2907/2795 1169/2985/2873
f 1169/2985/2873 1153/2907/2795 1168/2908/2796
f 1169/2985/2873 1168/2908/2796 1187/2986/2874
f 1187/2986/2874 1168/2908/2796 1188/2909/2797
f 1187/2986/2874 1188/2909/2797 1184/2987/2875
f 1184/2987/2875 1188/2909/2797 1183/2910/2798
f 1184/2987/2875 1183/2910/2798 1213/2988/2876
f 1213/2988/2876 1183/2910/2798 1212/2911/2799
f 1213/2988/2876 1212/2911/2799 1227/2989/2877
f 1227/2989/2877 1212/2911/2799 1226/2912/2800
f 1227/2989/2877 1226/2912/2800 1245/2990/2878
f 1245/2990/2878 1226/2912/2800 1246/2913/2801
f 1245/2990/2878 1246/2913/2801 1242/2991/2879
f 1242/2991/2879 1246/2913/2801 1241/2914/2802
f 1242/2991/2879 1241/2914/2802 1272/2992/2880
f 1272/2992/2880 1241/2914/2802 1271/2915/2803
f 1272/2992/2880 1271/2915/2803 1286/2993/2881
f 1286/2993/2881 1271/2915/2803 1285/2916/2804
f 1286/2993/2881 1285/2916/2804 1304/2994/2882
f 1304/2994/2882 1285/2916/2804 1305/2917/2805
f 1304/2994/2882 1305/2917/2805 1301/2995/2883
f 1301/2995/2883 1305/2917/2805 1300/2918/2806
f 1301/2995/2883 1300/2918/2806 1331/2996/2884
f 1331/2996/2884 1300/2918/2806 1330/2919/2807
f 1331/2996/2884 1330/2919/2807 1346/2997/2885
f 1346/2997/2885 1330/2919/2807 1345/2920/2808
f 1346/2997/2885 1345/2920/2808 1361/2998/2886
f 1361/2998/2886 1345/2920/2808 1360/2921/2809
f 1361/2998/2886 1360/2921/2809 1379/2999/2887
f 1379/2999/2887 1360/2921/2809 1380/2922/2810
f 1379/2999/2887 1380/2922/2810 1376/3000/2888
f 1376/3000/2888 1380/2922/2810 1375/2923/2811
f 1376/3000/2888 1375/2923/2811 1405/3001/2889
f 1405/3001/2889 1375/2923/2811 1404/2924/2812
f 1405/3001/2889 1404/2924/2812 1419/3002/2890
f 1419/3002/2890 1404/2924/2812 1418/2925/2813
f 1419/3002/2890 1418/2925/2813 1437/3003/2891
f 1437/3003/2891 1418/2925/2813 1438/2926/2814
f 1437/3003/2891 1438/2926/2814 1434/3004/2892
f 1434/3004/2892 1438/2926/2814 1433/2927/2815
f 1434/3004/2892 1433/2927/2815 1464/3005/2893
f 1464/3005/2893 1433/2927/2815 1463/2928/2816
f 1464/3005/2893 1463/2928/2816 1478/3006/2894
f 1478/3006/2894 1463/2928/2816 1477/2929/2817
f 1478/3006/2894 1477/2929/2817 1496/3007/2895
f 1496/3007/2895 1477/2929/2817 1497/2930/2818
f 1496/3007/2895 1497/2930/2818 1493/3008/2896
f 1493/3008/2896 1497/2930/2818 1492/2931/2819
f 1493/3008/2896 1492/2931/2819 1523/3009/2897
f 1523/3009/2897 1492/2931/2819 1522/2932/2820
f 1523/3009/2897 1522/2932/2820 1538/3010/2898
f 1538/3010/2898 1522/2932/2820 1537/2933/2821
f 1538/3010/2898 1537/2933/2821 1553/3011/2899
f 1553/3011/2899 1537/2933/2821 1552/2934/2822
f 1553/3011/2899 1552/2934/2822 1571/3012/2900
f 1571/3012/2900 1552/2934/2822 1572/2935/2823
f 1571/3012/2900 1572/2935/2823 1568/3013/2901
f 1568/3013/2901 1572/2935/2823 1567/2936/2824
f 1568/3013/2901 1567/2936/2824 1597/3014/2902
f 1597/3014/2902 1567/2936/2824 1596/2937/2825
f 1597/3014/2902 1596/2937/2825 1612/3015/2903
f 1612/3015/2903 1596/2937/2825 1611/2938/2826
f 1612/3015/2903 1611/2938/2826 1630/3016/2904
f 1630/3016/2904 1611/2938/2826 1631/2939/2827
f 1630/3016/2904 1631/2939/2827 1627/3017/2905
f 1627/3017/2905 1631/2939/2827 1626/2940/2828
f 1627/3017/2905 1626/2940/2828 1655/3018/2906
f 1655/3018/2906 1626/2940/2828 1654/2941/2829
f 1655/3018/2906 1654/2941/2829 1673/3019/2907
f 1673/3019/2907 1654/2941/2829 1674/2942/2830
f 1673/3019/2907 1674/2942/2830 1670/3020/2908
f 1670/3020/2908 1674/2942/2830 1669/2943/2831
f 1670/3020/2908 1669/2943/2831 1700/3021/2909
f 1700/3021/2909 1669/2943/2831 1699/2944/2832
f 1700/3021/2909 1699/2944/2832 1715/3022/2910
f 1715/3022/2910 1699/2944/2832 1714/2945/2833
f 1715/3022/2910 1714/2945/2833 1733/3023/2911
f 1733/3023/2911 1714/2945/2833 1734/2946/2834
f 1733/3023/2911 1734/2946/2834 1730/3024/2912
f 1730/3024/2912 1734/2946/2834 1729/2947/2835
f 1730/3024/2912 1729/2947/2835 1759/3025/2913
f 1759/3025/2913 1729/2947/2835 1758/2948/2836
f 1759/3025/2913 1758/2948/2836 1777/3026/2914
f 1777/3026/2914 1758/2948/2836 1778/2949/2837
f 1777/3026/2914 1778/2949/2837 1774/3027/2915
f 1774/3027/2915 1778/2949/2837 1773/2950/2838
f 1774/3027/2915 1773/2950/2838 1802/3028/2916
f 1802/3028/2916 1773/2950/2838 1801/2951/2839
f 1802/3028/2916 1801/2951/2839 1820/3029/2917
f 1820/3029/2917 1801/2951/2839 1821/2952/2840
f 1820/3029/2917 1821/2952/2840 1817/3030/2918
f 1817/3030/2918 1821/2952/2840 1816/2953/2841
f 1817/3030/2918 1816/2953/2841 1846/3031/2919
f 1846/3031/2919 1816/2953/2841 1845/2954/2842
f 1846/3031/2919 1845/2954/2842 1864/3032/2920
f 1864/3032/2920 1845/2954/2842 1865/2955/2843
f 1864/3032/2920 1865/2955/2843 1861/3033/2921
f 1861/3033/2921 1865/2955/2843 1860/2956/2844
f 1861/3033/2921 1860/2956/2844 1891/3034/2922
f 1891/3034/2922 1860/2956/2844 1890/2957/2845
f 1891/3034/2922 1890/2957/2845 1906/3035/2923
f 1906/3035/2923 1890/2957/2845 1905/2958/2846
f 1906/3035/2923 1905/2958/2846 1924/3036/2924
f 1924/3036/2924 1905/2958/2846 1925/2959/2847
f 1924/3036/2924 1925/2959/2847 1921/3037/2925
f 1921/3037/2925 1925/2959/2847 1920/2960/2848
f 1921/3037/2925 1920/2960/2848 1950/3038/2926
f 1950/3038/2926 1920/2960/2848 1949/2961/2849
f 1950/3038/2926 1949/2961/2849 1968/3039/2927
f 1968/3039/2927 1949/2961/2849 1969/2962/2850
f 1968/3039/2927 1969/2962/2850 1965/3040/2928
f 1965/3040/2928 1969/2962/2850 1964/2963/2851
f 1965/3040/2928 1964/2963/2851 1993/3041/2929
f 1993/3041/2929 1964/2963/2851 1992/2964/2852
f 1993/3041/2929 1992/2964/2852 2011/3042/2930
f 2011/3042/2930 1992/2964/2852 2012/2965/2853
f 2011/3042/2930 2012/2965/2853 2008/3043/2931
f 2008/3043/2931 2012/2965/2853 2007/2966/2854
f 2008/3043/2931 2007/2966/2854 2037/3044/2932
f 2037/3044/2932 2007/2966/2854 2036/2967/2855
f 2037/3044/2932 2036/2967/2855 2055/3045/2933
f 2055/3045/2933 2036/2967/2855 2056/2968/2856
f 2055/3045/2933 2056/2968/2856 2052/3046/2934
f 2052/3046/2934 2056/2968/2856 2051/2969/2857
f 2052/3046/2934 2051/2969/2857 2081/2118/2086
f 2081/2118/2086 2051/2969/2857 2080/2116/2085
f 963/2271/2163 948/2273/2164 947/2970/2858
f 947/2970/2858 948/2273/2164 932/1698/1679
f 963/2271/2163 947/2970/2858 962/2971/2859
f 978/2269/2162 963/2271/2163 962/2971/2859
f 978/2269/2162 962/2971/2859 977/2972/2860
f 994/2267/2161 978/2269/2162 977/2972/2860
f 994/2267/2161 977/2972/2860 995/2973/2861
f 979/1976/1955 980/1895/1874 918/1974/1953
f 918/1974/1953 980/1895/1874 1007/1894/1873
f 918/1974/1953 1007/1894/1873 964/1973/1952
f 980/1895/1874 979/1976/1955 1009/1896/1875
f 1009/1896/1875 979/1976/1955 1008/1978/1957
f 1009/1896/1875 1008/1978/1957 1023/1897/1876
f 1023/1897/1876 1008/1978/1957 917/1980/1959
f 1023/1897/1876 917/1980/1959 1065/1898/1877
f 1065/1898/1877 917/1980/1959 1066/1982/1961
f 1065/1898/1877 1066/1982/1961 1038/1899/1878
f 994/2267/2161 995/2973/2861 993/2265/2160
f 993/2265/2160 995/2973/2861 992/2974/2862
f 993/2265/2160 992/2974/2862 1022/2263/2159
f 1022/2263/2159 992/2974/2862 1021/2975/2863
f 1022/2263/2159 1021/2975/2863 1036/2261/2158
f 1036/2261/2158 1021/2975/2863 1035/2976/2864
f 1036/2261/2158 1035/2976/2864 1052/2259/2157
f 1052/2259/2157 1035/2976/2864 1053/2977/2865
f 1052/2259/2157 1053/2977/2865 1051/2257/2156
f 1051/2257/2156 1053/2977/2865 1050/2978/2866
f 1051/2257/2156 1050/2978/2866 1081/2255/2155
f 1081/2255/2155 1050/2978/2866 1080/2979/2867
f 1081/2255/2155 1080/2979/2867 1095/2253/2154
f 1095/2253/2154 1080/2979/2867 1094/2980/2868
f 1095/2253/2154 1094/2980/2868 1111/2251/2153
f 1111/2251/2153 1094/2980/2868 1112/2981/2869
f 1111/2251/2153 1112/2981/2869 1110/2249/2152
f 1110/2249/2152 1112/2981/2869 1109/2982/2870
f 1110/2249/2152 1109/2982/2870 1140/2247/2151
f 1140/2247/2151 1109/2982/2870 1139/2983/2871
f 1140/2247/2151 1139/2983/2871 1155/2245/2150
f 1155/2245/2150 1139/2983/2871 1154/2984/2872
f 1155/2245/2150 1154/2984/2872 1170/2243/2149
f 1170/2243/2149 1154/2984/2872 1169/2985/2873
f 1170/2243/2149 1169/2985/2873 1186/2241/2148
f 1186/2241/2148 1169/2985/2873 1187/2986/2874
f 1186/2241/2148 1187/2986/2874 1185/2239/2147
f 1185/2239/2147 1187/2986/2874 1184/2987/2875
f 1185/2239/2147 1184/2987/2875 1214/2237/2146
f 1214/2237/2146 1184/2987/2875 1213/2988/2876
f 1214/2237/2146 1213/2988/2876 1228/2235/2145
f 1228/2235/2145 1213/2988/2876 1227/2989/2877
f 1228/2235/2145 1227/2989/2877 1244/2233/2144
f 1244/2233/2144 1227/2989/2877 1245/2990/2878
f 1244/2233/2144 1245/2990/2878 1243/2231/2143
f 1243/2231/2143 1245/2990/2878 1242/2991/2879
f 1243/2231/2143 1242/2991/2879 1273/2229/2142
f 1273/2229/2142 1242/2991/2879 1272/2992/2880
f 1273/2229/2142 1272/2992/2880 1287/2227/2141
f 1287/2227/2141 1272/2992/2880 1286/2993/2881
f 1287/2227/2141 1286/2993/2881 1303/2226/2140
f 1303/2226/2140 1286/2993/2881 1304/2994/2882
f 1303/2226/2140 1304/2994/2882 1302/2224/2139
f 1302/2224/2139 1304/2994/2882 1301/2995/2883
f 1302/2224/2139 1301/2995/2883 1332/2222/2138
f 1332/2222/2138 1301/2995/2883 1331/2996/2884
f 1332/2222/2138 1331/2996/2884 1347/2220/2137
f 1347/2220/2137 1331/2996/2884 1346/2997/2885
f 1347/2220/2137 1346/2997/2885 1362/2218/2136
f 1362/2218/2136 1346/2997/2885 1361/2998/2886
f 1362/2218/2136 1361/2998/2886 1378/2216/2135
f 1378/2216/2135 1361/2998/2886 1379/2999/2887
f 1378/2216/2135 1379/2999/2887 1377/2214/2134
f 1377/2214/2134 1379/2999/2887 1376/3000/2888
f 1377/2214/2134 1376/3000/2888 1406/2212/2133
f 1406/2212/2133 1376/3000/2888 1405/3001/2889
f 1406/2212/2133 1405/3001/2889 1420/2210/2132
f 1420/2210/2132 1405/3001/2889 1419/3002/2890
f 1420/2210/2132 1419/3002/2890 1436/2208/2131
f 1436/2208/2131 1419/3002/2890 1437/3003/2891
f 1436/2208/2131 1437/3003/2891 1435/2206/2130
f 1435/2206/2130 1437/3003/2891 1434/3004/2892
f 1435/2206/2130 1434/3004/2892 1465/2204/2129
f 1465/2204/2129 1434/3004/2892 1464/3005/2893
f 1465/2204/2129 1464/3005/2893 1479/2202/2128
f 1479/2202/2128 1464/3005/2893 1478/3006/2894
f 1479/2202/2128 1478/3006/2894 1495/2200/2127
f 1495/2200/2127 1478/3006/2894 1496/3007/2895
f 1495/2200/2127 1496/3007/2895 1494/2198/2126
f 1494/2198/2126 1496/3007/2895 1493/3008/2896
f 1494/2198/2126 1493/3008/2896 1524/2196/2125
f 1524/2196/2125 1493/3008/2896 1523/3009/2897
f 1524/2196/2125 1523/3009/2897 1539/2194/2124
f 1539/2194/2124 1523/3009/2897 1538/3010/2898
f 1539/2194/2124 1538/3010/2898 1554/2192/2123
f 1554/2192/2123 1538/3010/2898 1553/3011/2899
f 1554/2192/2123 1553/3011/2899 1570/2190/2122
f 1570/2190/2122 1553/3011/2899 1571/3012/2900
f 1570/2190/2122 1571/3012/2900 1569/2188/2121
f 1569/2188/2121 1571/3012/2900 1568/3013/2901
f 1569/2188/2121 1568/3013/2901 1598/2186/2120
f 1598/2186/2120 1568/3013/2901 1597/3014/2902
f 1598/2186/2120 1597/3014/2902 1613/2184/2119
f 1613/2184/2119 1597/3014/2902 1612/3015/2903
f 1613/2184/2119 1612/3015/2903 1629/2182/2118
f 1629/2182/2118 1612/3015/2903 1630/3016/2904
f 1629/2182/2118 1630/3016/2904 1628/2180/2117
f 1628/2180/2117 1630/3016/2904 1627/3017/2905
f 1628/2180/2117 1627/3017/2905 1656/2178/2116
f 1656/2178/2116 1627/3017/2905 1655/3018/2906
f 1656/2178/2116 1655/3018/2906 1672/2176/2115
f 1672/2176/2115 1655/3018/2906 1673/3019/2907
f 1672/2176/2115 1673/3019/2907 1671/2175/2114
f 1671/2175/2114 1673/3019/2907 1670/3020/2908
f 1671/2175/2114 1670/3020/2908 1701/2173/2113
f 1701/2173/2113 1670/3020/2908 1700/3021/2909
f 1701/2173/2113 1700/3021/2909 1716/2171/2112
f 1716/2171/2112 1700/3021/2909 1715/3022/2910
f 1716/2171/2112 1715/3022/2910 1732/2169/2111
f 1732/2169/2111 1715/3022/2910 1733/3023/2911
f 1732/2169/2111 1733/3023/2911 1731/2167/2110
f 1731/2167/2110 1733/3023/2911 1730/3024/2912
f 1731/2167/2110 1730/3024/2912 1760/2165/2109
f 1760/2165/2109 1730/3024/2912 1759/3025/2913
f 1760/2165/2109 1759/3025/2913 1776/2163/2108
f 1776/2163/2108 1759/3025/2913 1777/3026/2914
f 1776/2163/2108 1777/3026/2914 1775/2161/2107
f 1775/2161/2107 1777/3026/2914 1774/3027/2915
f 1775/2161/2107 1774/3027/2915 1803/2159/2106
f 1803/2159/2106 1774/3027/2915 1802/3028/2916
f 1803/2159/2106 1802/3028/2916 1819/2157/2105
f 1819/2157/2105 1802/3028/2916 1820/3029/2917
f 1819/2157/2105 1820/3029/2917 1818/2155/2104
f 1818/2155/2104 1820/3029/2917 1817/3030/2918
f 1818/2155/2104 1817/3030/2918 1847/2153/2103
f 1847/2153/2103 1817/3030/2918 1846/3031/2919
f 1847/2153/2103 1846/3031/2919 1863/2151/2102
f 1863/2151/2102 1846/3031/2919 1864/3032/2920
f 1863/2151/2102 1864/3032/2920 1862/2149/2101
f 1862/2149/2101 1864/3032/2920 1861/3033/2921
f 1862/2149/2101 1861/3033/2921 1892/2147/2100
f 1892/2147/2100 1861/3033/2921 1891/3034/2922
f 1892/2147/2100 1891/3034/2922 1907/2145/2099
f 1907/2145/2099 1891/3034/2922 1906/3035/2923
f 1907/2145/2099 1906/3035/2923 1923/2143/2098
f 1923/2143/2098 1906/3035/2923 1924/3036/2924
f 1923/2143/2098 1924/3036/2924 1922/2141/2097
f 1922/2141/2097 1924/3036/2924 1921/3037/2925
f 1922/2141/2097 1921/3037/2925 1951/2139/2096
f 1951/2139/2096 1921/3037/2925 1950/3038/2926
f 1951/2139/2096 1950/3038/2926 1967/2137/2095
f 1967/2137/2095 1950/3038/2926 1968/3039/2927
f 1967/2137/2095 1968/3039/2927 1966/2135/2094
f 1966/2135/2094 1968/3039/2927 1965/3040/2928
f 1966/2135/2094 1965/3040/2928 1994/2133/2093
f 1994/2133/2093 1965/3040/2928 1993/3041/2929
f 1994/2133/2093 1993/3041/2929 2010/2131/2092
f 2010/2131/2092 1993/3041/2929 2011/3042/2930
f 2010/2131/2092 2011/3042/2930 2009/2129/2091
f 2009/2129/2091 2011/3042/2930 2008/3043/2931
f 2009/2129/2091 2008/3043/2931 2038/2127/2090
f 2038/2127/2090 2008/3043/2931 2037/3044/2932
f 2038/2127/2090 2037/3044/2932 2054/2125/2089
f 2054/2125/2089 2037/3044/2932 2055/3045/2933
f 2054/2125/2089 2055/3045/2933 2053/2123/2088
f 2053/2123/2088 2055/3045/2933 2052/3046/2934
f 2053/2123/2088 2052/3046/2934 2082/2120/2087
f 2082/2120/2087 2052/3046/2934 2081/2118/2086
f 1127/1904/1883 1097/1903/1882 1096/1990/1969
f 1096/1990/1969 1097/1903/1882 1125/1989/1968
f 1142/1905/1884 1127/1904/1883 1126/1992/1971
f 1126/1992/1971 1127/1904/1883 1096/1990/1969
f 1157/1906/1885 1142/1905/1884 1141/1994/1973
f 1141/1994/1973 1142/1905/1884 1126/1992/1971
f 1199/1907/1886 1157/1906/1885 1156/1996/1975
f 1156/1996/1975 1157/1906/1885 1141/1994/1973
f 1260/1913/1892 1230/1912/1891 1229/2006/1985
f 1229/2006/1985 1230/1912/1891 1258/2005/1984
f 1274/1914/1893 1260/1913/1892 1259/2008/1987
f 1259/2008/1987 1260/1913/1892 1229/2006/1985
f 1316/1915/1894 1274/1914/1893 913/2010/1989
f 913/2010/1989 1274/1914/1893 1259/2008/1987
f 1317/2012/1991 1289/1916/1895 1316/1915/1894
f 913/2010/1989 1317/2012/1991 1316/1915/1894
f 1363/2022/2001 1364/1921/1900 912/2020/1999
f 912/2020/1999 1364/1921/1900 1391/1920/1899
f 912/2020/1999 1391/1920/1899 1348/2019/1998
f 1364/1921/1900 1363/2022/2001 1393/1922/1901
f 1393/1922/1901 1363/2022/2001 1392/2024/2003
f 1393/1922/1901 1392/2024/2003 1407/1923/1902
f 1407/1923/1902 1392/2024/2003 911/2026/2005
f 1407/1923/1902 911/2026/2005 1449/1924/1903
f 1449/1924/1903 911/2026/2005 1450/2028/2007
f 1449/1924/1903 1450/2028/2007 1422/1925/1904
f 1511/1930/1909 1481/1929/1908 1480/2036/2015
f 1480/2036/2015 1481/1929/1908 1509/2035/2014
f 1526/1931/1910 1511/1930/1909 1510/2038/2017
f 1510/2038/2017 1511/1930/1909 1480/2036/2015
f 1541/1932/1911 1526/1931/1910 1525/2040/2019
f 1525/2040/2019 1526/1931/1910 1510/2038/2017
f 1583/1933/1912 1541/1932/1911 1540/2042/2021
f 1540/2042/2021 1541/1932/1911 1525/2040/2019
f 1614/2052/2031 1615/1938/1917 908/2050/2029
f 908/2050/2029 1615/1938/1917 1642/1937/1916
f 908/2050/2029 1642/1937/1916 1599/2049/2028
f 1615/1938/1917 1614/2052/2031 1643/1939/1918
f 1643/1939/1918 1614/2052/2031 907/2054/2033
f 1643/1939/1918 907/2054/2033 1685/1940/1919
f 1685/1940/1919 907/2054/2033 1686/2056/2035
f 1685/1940/1919 1686/2056/2035 1658/1941/1920
f 1717/2064/2043 1718/1945/1924 906/2062/2041
f 906/2062/2041 1718/1945/1924 1745/1944/1923
f 906/2062/2041 1745/1944/1923 1702/2061/2040
f 1718/1945/1924 1717/2064/2043 1747/1946/1925
f 1747/1946/1925 1717/2064/2043 1746/2066/2045
f 1747/1946/1925 1746/2066/2045 1789/1947/1926
f 1834/1952/1931 1805/1951/1930 1804/2074/2053
f 1804/2074/2053 1805/1951/1930 1833/2073/2052
f 1876/1953/1932 1834/1952/1931 903/2076/2055
f 903/2076/2055 1834/1952/1931 1804/2074/2053
f 1877/2078/2057 1849/1954/1933 1876/1953/1932
f 903/2076/2055 1877/2078/2057 1876/1953/1932
f 1908/2086/2065 1909/1958/1937 902/2084/2063
f 902/2084/2063 1909/1958/1937 1936/1957/1936
f 902/2084/2063 1936/1957/1936 1893/2083/2062
f 1909/1958/1937 1908/2086/2065 1938/1959/1938
f 1938/1959/1938 1908/2086/2065 1937/2088/2067
f 1938/1959/1938 1937/2088/2067 1980/1960/1939
f 2025/1888/1868 1996/1964/1943 1995/2096/2075
f 1995/2096/2075 1996/1964/1943 2024/2095/2074
f 899/1886/1866 2025/1888/1868 1995/2096/2075
f 2067/1887/1867 2068/1885/1865 2040/3047/2935
f 2040/3047/2935 2068/1885/1865 2039/1882/1862
f 2040/3047/2935 2039/1882/1862 2069/1880/1860
f 2066/1873/1854 2067/1887/1867 2041/1875/1856
f 2041/1875/1856 2067/1887/1867 2040/3047/2935
f 2041/1875/1856 2040/3047/2935 2070/1877/1858
f 2070/1877/1858 2040/3047/2935 2069/1880/1860
usemtl Opaque(207,215,232)
f 2084/3048/2936 285/3049/2937 2083/3050/2938
f 2083/3051/2938 285/3052/2937 284/3053/2939
f 2083/3051/2938 284/3053/2939 2117/3054/2940
f 2117/3054/2940 284/3053/2939 283/3055/2941
f 2117/3054/2940 283/3055/2941 2116/3056/2942
f 2116/3056/2942 283/3055/2941 282/3057/2943
f 2116/3056/2942 282/3057/2943 2115/3058/2944
f 2115/3058/2944 282/3057/2943 281/3059/2945
f 2115/3058/2944 281/3059/2945 2114/3060/2946
f 2114/3060/2946 281/3059/2945 280/3061/2947
f 2114/3060/2946 280/3061/2947 2113/3062/2948
f 2113/3062/2948 280/3061/2947 279/3063/2949
f 2113/3062/2948 279/3063/2949 2112/3064/2950
f 2112/3064/2950 279/3063/2949 278/3065/2951
f 2112/3064/2950 278/3065/2951 2111/3066/2952
f 2111/3066/2952 278/3065/2951 277/3067/2953
f 2111/3066/2952 277/3067/2953 2110/3068/2954
f 2110/3068/2954 277/3067/2953 276/3069/2955
f 2110/3068/2954 276/3069/2955 2109/3070/2956
f 2109/3070/2956 276/3069/2955 275/3071/2957
f 2109/3070/2956 275/3071/2957 2108/3072/2958
f 2108/3072/2958 275/3071/2957 274/3073/2959
f 2108/3072/2958 274/3073/2959 2107/3074/2960
f 2107/3074/2960 274/3073/2959 273/3075/2961
f 2107/3074/2960 273/3075/2961 2106/3076/2962
f 2106/3076/2962 273/3075/2961 272/3077/2963
f 2106/3076/2962 272/3077/2963 2105/3078/2964
f 2105/3078/2964 272/3077/2963 271/3079/2965
f 2105/3078/2964 271/3079/2965 2104/3080/2966
f 2104/3080/2966 271/3079/2965 270/3081/2967
f 2104/3080/2966 270/3081/2967 2103/3082/2968
f 2103/3082/2968 270/3081/2967 269/3083/2969
f 2103/3082/2968 269/3083/2969 2102/3084/2970
f 2102/3084/2970 269/3083/2969 268/3085/2971
f 2102/3084/2970 268/3085/2971 2101/3086/2972
f 2101/3086/2972 268/3085/2971 267/3087/2973
f 2101/3086/2972 267/3087/2973 2100/3088/2974
f 2100/3088/2974 267/3087/2973 301/3089/2975
f 2100/3088/2974 301/3089/2975 2099/3090/2976
f 2099/3090/2976 301/3089/2975 300/3091/2977
f 2099/3090/2976 300/3091/2977 2098/3092/2978
f 2098/3092/2978 300/3091/2977 299/3093/2979
f 2098/3092/2978 299/3093/2979 2097/3094/2980
f 2097/3094/2980 299/3093/2979 298/3095/2981
f 2097/3094/2980 298/3095/2981 2096/3096/2982
f 2096/3096/2982 298/3095/2981 297/3097/2983
f 2096/3096/2982 297/3097/2983 2095/3098/2984
f 2095/3098/2984 297/3097/2983 296/3099/2985
f 2095/3098/2984 296/3099/2985 2094/3100/2986
f 2094/3100/2986 296/3099/2985 295/3101/2987
f 2094/3100/2986 295/3101/2987 2093/3102/2988
f 2093/3102/2988 295/3101/2987 294/3103/2989
f 2093/3102/2988 294/3103/2989 2092/3104/2990
f 2092/3104/2990 294/3103/2989 293/3105/2991
f 2092/3104/2990 293/3105/2991 2091/3106/2992
f 2091/3106/2992 293/3105/2991 292/3107/2993
f 2091/3106/2992 292/3107/2993 2090/3108/2994
f 2090/3108/2994 292/3107/2993 291/3109/2995
f 2090/3108/2994 291/3109/2995 2089/3110/2996
f 2089/3110/2996 291/3109/2995 290/3111/2997
f 2089/3110/2996 290/3111/2997 2088/3112/2998
f 2088/3112/2998 290/3111/2997 289/3113/2999
f 2088/3112/2998 289/3113/2999 2087/3114/3000
f 2087/3114/3000 289/3113/2999 288/3115/3001
f 2087/3114/3000 288/3115/3001 2086/3116/3002
f 2086/3116/3002 288/3115/3001 287/3117/3003
f 2086/3116/3002 287/3117/3003 2085/3118/3004
f 2085/3118/3004 287/3117/3003 286/3119/3005
f 2085/3118/3004 286/3119/3005 2084/3048/2936
f 2084/3048/2936 286/3119/3005 285/3049/2937
f 2119/3120/3006 2133/3121/3007 2118/3122/3008
f 2118/3122/3008 2133/3121/3007 2134/3123/3009
f 2118/3122/3008 2134/3123/3009 2149/3124/3010
f 2149/3124/3010 2134/3123/3009 2135/3125/3011
f 2149/3124/3010 2135/3125/3011 2148/3126/3012
f 2148/3126/3012 2135/3125/3011 2136/3127/3013
f 2148/3126/3012 2136/3127/3013 2147/3128/3014
f 2147/3128/3014 2136/3127/3013 2137/3129/3015
f 2147/3128/3014 2137/3129/3015 2146/3130/3016
f 2146/3130/3016 2137/3129/3015 2138/3131/3017
f 2146/3130/3016 2138/3131/3017 2145/3132/3018
f 2145/3132/3018 2138/3131/3017 2139/3133/3019
f 2145/3132/3018 2139/3133/3019 2144/3134/3020
f 2144/3134/3020 2139/3133/3019 2140/3135/3021
f 2144/3134/3020 2140/3135/3021 2143/3136/3022
f 2143/3136/3022 2140/3135/3021 2141/3137/3023
f 2143/3136/3022 2141/3137/3023 2142/3138/3024
f 2133/3121/3007 2119/3120/3006 2132/3139/3025
f 2132/3139/3025 2119/3120/3006 2120/3140/3026
f 2132/3139/3025 2120/3140/3026 2131/3141/3027
f 2131/3141/3027 2120/3140/3026 2121/3142/3028
f 2131/3141/3027 2121/3142/3028 2130/3143/3029
f 2130/3143/3029 2121/3142/3028 2122/3144/3030
f 2130/3143/3029 2122/3144/3030 2129/3145/3031
f 2129/3145/3031 2122/3144/3030 2123/3146/3032
f 2129/3145/3031 2123/3146/3032 2128/3147/3033
f 2128/3147/3033 2123/3146/3032 2124/3148/3034
f 2128/3147/3033 2124/3148/3034 2127/3149/3035
f 2127/3149/3035 2124/3148/3034 2125/3150/3036
f 2127/3149/3035 2125/3150/3036 2126/3151/3037
f 2151/3152/3038 232/3153/3039 2150/3154/3040
f 2150/3154/3040 232/3153/3039 266/3155/3041
f 2150/3154/3040 266/3155/3041 2184/3156/3042
f 2184/3156/3042 266/3155/3041 265/3157/3043
f 2184/3156/3042 265/3157/3043 2183/3158/3044
f 2183/3158/3044 265/3157/3043 264/3159/3045
f 2183/3158/3044 264/3159/3045 2182/3160/3046
f 2182/3160/3046 264/3159/3045 263/3161/3047
f 2182/3160/3046 263/3161/3047 2181/3162/3048
f 2181/3162/3048 263/3161/3047 262/3163/3049
f 2181/3162/3048 262/3163/3049 2180/3164/3050
f 2180/3164/3050 262/3163/3049 261/3165/3051
f 2180/3164/3050 261/3165/3051 2179/3166/3052
f 2179/3166/3052 261/3165/3051 260/3167/3053
f 2179/3166/3052 260/3167/3053 2178/3168/3054
f 2178/3168/3054 260/3167/3053 259/3169/3055
f 2178/3168/3054 259/3169/3055 2177/3170/3056
f 2177/3170/3056 259/3169/3055 258/3171/3057
f 2177/3170/3056 258/3171/3057 2176/3172/3058
f 2176/3172/3058 258/3171/3057 257/3173/3059
f 2176/3172/3058 257/3173/3059 2175/3174/3060
f 2175/3174/3060 257/3173/3059 256/3175/3061
f 2175/3174/3060 256/3175/3061 2174/3176/3062
f 2174/3176/3062 256/3175/3061 255/3177/3063
f 2174/3176/3062 255/3177/3063 2173/3178/3064
f 2173/3178/3064 255/3177/3063 254/3179/3065
f 2173/3178/3064 254/3179/3065 2172/3180/3066
f 2172/3180/3066 254/3179/3065 253/3181/3067
f 2172/3180/3066 253/3181/3067 2171/3182/3068
f 2171/3182/3068 253/3181/3067 252/3183/3069
f 2171/3182/3068 252/3183/3069 2170/3184/3070
f 2170/3184/3070 252/3183/3069 251/3185/3071
f 2170/3184/3070 251/3185/3071 2169/3186/3072
f 2169/3186/3072 251/3185/3071 250/3187/3073
f 2169/3186/3072 250/3187/3073 2168/3188/3074
f 2168/3189/3074 250/3190/3073 249/3191/3075
f 2168/3189/3074 249/3191/3075 2167/3192/3076
f 2167/3192/3076 249/3191/3075 248/3193/3077
f 2167/3192/3076 248/3193/3077 2166/3194/3078
f 2166/3194/3078 248/3193/3077 247/3195/3079
f 2166/3194/3078 247/3195/3079 2165/3196/3080
f 2165/3196/3080 247/3195/3079 246/3197/3081
f 2165/3196/3080 246/3197/3081 2164/3198/3082
f 2164/3198/3082 246/3197/3081 245/3199/3083
f 2164/3198/3082 245/3199/3083 2163/3200/3084
f 2163/3200/3084 245/3199/3083 244/3201/3085
f 2163/3200/3084 244/3201/3085 2162/3202/3086
f 2162/3202/3086 244/3201/3085 243/3203/3087
f 2162/3202/3086 243/3203/3087 2161/3204/3088
f 2161/3204/3088 243/3203/3087 242/3205/3089
f 2161/3204/3088 242/3205/3089 2160/3206/3090
f 2160/3206/3090 242/3205/3089 241/3207/3091
f 2160/3206/3090 241/3207/3091 2159/3208/3092
f 2159/3208/3092 241/3207/3091 240/3209/3093
f 2159/3208/3092 240/3209/3093 2158/3210/3094
f 2158/3210/3094 240/3209/3093 239/3211/3095
f 2158/3210/3094 239/3211/3095 2157/3212/3096
f 2157/3212/3096 239/3211/3095 238/3213/3097
f 2157/3212/3096 238/3213/3097 2156/3214/3098
f 2156/3214/3098 238/3213/3097 237/3215/3099
f 2156/3214/3098 237/3215/3099 2155/3216/3100
f 2155/3216/3100 237/3215/3099 236/3217/3101
f 2155/3216/3100 236/3217/3101 2154/3218/3102
f 2154/3218/3102 236/3217/3101 235/3219/3103
f 2154/3218/3102 235/3219/3103 2153/3220/3104
f 2153/3220/3104 235/3219/3103 234/3221/3105
f 2153/3220/3104 234/3221/3105 2152/3222/3106
f 2152/3222/3106 234/3221/3105 233/3223/3107
f 2152/3222/3106 233/3223/3107 2151/3152/3038
f 2151/3152/3038 233/3223/3107 232/3153/3039
f 2186/3224/3108 2200/3225/3109 2185/3226/3110
f 2185/3226/3110 2200/3225/3109 2201/3227/3111
f 2185/3226/3110 2201/3227/3111 2216/3228/3112
f 2216/3228/3112 2201/3227/3111 2202/3229/3113
f 2216/3228/3112 2202/3229/3113 2215/3230/3114
f 2215/3230/3114 2202/3229/3113 2203/3231/3115
f 2215/3230/3114 2203/3231/3115 2214/3232/3116
f 2214/3232/3116 2203/3231/3115 2204/3233/3117
f 2214/3232/3116 2204/3233/3117 2213/3234/3118
f 2213/3234/3118 2204/3233/3117 2205/3235/3119
f 2213/3234/3118 2205/3235/3119 2212/3236/3120
f 2212/3236/3120 2205/3235/3119 2206/3237/3121
f 2212/3236/3120 2206/3237/3121 2211/3238/3122
f 2211/3238/3122 2206/3237/3121 2207/3239/3123
f 2211/3238/3122 2207/3239/3123 2210/3240/3124
f 2210/3240/3124 2207/3239/3123 2208/3241/3125
f 2210/3240/3124 2208/3241/3125 2209/3242/3126
f 2200/3225/3109 2186/3224/3108 2199/3243/3127
f 2199/3243/3127 2186/3224/3108 2187/3244/3128
f 2199/3243/3127 2187/3244/3128 2198/3245/3129
f 2198/3245/3129 2187/3244/3128 2188/3246/3130
f 2198/3245/3129 2188/3246/3130 2197/3247/3131
f 2197/3247/3131 2188/3246/3130 2189/3248/3132
f 2197/3247/3131 2189/3248/3132 2196/3249/3133
f 2196/3249/3133 2189/3248/3132 2190/3250/3134
f 2196/3249/3133 2190/3250/3134 2195/3251/3135
f 2195/3251/3135 2190/3250/3134 2191/3252/3136
f 2195/3251/3135 2191/3252/3136 2194/3253/3137
f 2194/3253/3137 2191/3252/3136 2192/3254/3138
f 2194/3253/3137 2192/3254/3138 2193/3255/3139
f 2184/3256/3042 2224/3257/3140 2150/3258/3040
f 2150/3258/3040 2224/3257/3140 2233/3259/3141
f 2150/3258/3040 2233/3259/3141 2151/3260/3038
f 2151/3260/3038 2233/3259/3141 2387/3261/3142
f 2151/3260/3038 2387/3261/3142 2152/3262/3106
f 2152/3262/3106 2387/3261/3142 2382/3263/3143
f 2152/3262/3106 2382/3263/3143 2153/3264/3104
f 2153/3264/3104 2382/3263/3143 2377/3265/3144
f 2153/3264/3104 2377/3265/3144 2154/3266/3102
f 2154/3266/3102 2377/3265/3144 2372/3267/3145
f 2154/3266/3102 2372/3267/3145 2155/3268/3100
f 2155/3268/3100 2372/3267/3145 2367/3269/3146
f 2155/3268/3100 2367/3269/3146 2156/3270/3098
f 2156/3270/3098 2367/3269/3146 2363/3271/3147
f 2156/3270/3098 2363/3271/3147 2157/3272/3096
f 2157/3272/3096 2363/3271/3147 2358/3273/3148
f 2157/3272/3096 2358/3273/3148 2158/3274/3094
f 2158/3274/3094 2358/3273/3148 2353/3275/3149
f 2158/3274/3094 2353/3275/3149 2159/3276/3092
f 2159/3276/3092 2353/3275/3149 2348/3277/3150
f 2159/3276/3092 2348/3277/3150 2160/3278/3090
f 2160/3278/3090 2348/3277/3150 2343/3279/3151
f 2160/3278/3090 2343/3279/3151 2161/3280/3088
f 2161/3280/3088 2343/3279/3151 2338/3281/3152
f 2161/3280/3088 2338/3281/3152 2162/3282/3086
f 2162/3282/3086 2338/3281/3152 2333/3283/3153
f 2162/3282/3086 2333/3283/3153 2163/3284/3084
f 2163/3284/3084 2333/3283/3153 2328/3285/3154
f 2163/3284/3084 2328/3285/3154 2164/3286/3082
f 2164/3286/3082 2328/3285/3154 2323/3287/3155
f 2164/3286/3082 2323/3287/3155 2165/3288/3080
f 2165/3288/3080 2323/3287/3155 2318/3289/3156
f 2165/3288/3080 2318/3289/3156 2166/3290/3078
f 2166/3290/3078 2318/3289/3156 2313/3291/3157
f 2166/3290/3078 2313/3291/3157 2167/3292/3076
f 2167/3292/3076 2313/3291/3157 2217/3293/3158
f 2167/3292/3076 2217/3293/3158 2168/3294/3074
f 2168/3295/3074 2217/3296/3158 2308/3297/3159
f 2168/3295/3074 2308/3297/3159 2169/3298/3072
f 2169/3298/3072 2308/3297/3159 2303/3299/3160
f 2169/3298/3072 2303/3299/3160 2170/3300/3070
f 2170/3300/3070 2303/3299/3160 2298/3301/3161
f 2170/3300/3070 2298/3301/3161 2171/3302/3068
f 2171/3302/3068 2298/3301/3161 2293/3303/3162
f 2171/3302/3068 2293/3303/3162 2172/3304/3066
f 2172/3304/3066 2293/3303/3162 2288/3305/3163
f 2172/3304/3066 2288/3305/3163 2173/3306/3064
f 2173/3306/3064 2288/3305/3163 2283/3307/3164
f 2173/3306/3064 2283/3307/3164 2174/3308/3062
f 2174/3308/3062 2283/3307/3164 2278/3309/3165
f 2174/3308/3062 2278/3309/3165 2175/3310/3060
f 2175/3310/3060 2278/3309/3165 2273/3311/3166
f 2175/3310/3060 2273/3311/3166 2176/3312/3058
f 2176/3312/3058 2273/3311/3166 2268/3313/3167
f 2176/3312/3058 2268/3313/3167 2177/3314/3056
f 2177/3314/3056 2268/3313/3167 2263/3315/3168
f 2177/3314/3056 2263/3315/3168 2178/3316/3054
f 2178/3316/3054 2263/3315/3168 2259/3317/3169
f 2178/3316/3054 2259/3317/3169 2179/3318/3052
f 2179/3318/3052 2259/3317/3169 2254/3319/3170
f 2179/3318/3052 2254/3319/3170 2180/3320/3050
f 2180/3320/3050 2254/3319/3170 2249/3321/3171
f 2180/3320/3050 2249/3321/3171 2181/3322/3048
f 2181/3322/3048 2249/3321/3171 2244/3323/3172
f 2181/3322/3048 2244/3323/3172 2182/3324/3046
f 2182/3324/3046 2244/3323/3172 2239/3325/3173
f 2182/3324/3046 2239/3325/3173 2183/3326/3044
f 2183/3326/3044 2239/3325/3173 2234/3327/3174
f 2183/3326/3044 2234/3327/3174 2184/3256/3042
f 2184/3256/3042 2234/3327/3174 2224/3257/3140
f 2216/3328/3112 2229/3329/3175 2185/3330/3110
f 2185/3330/3110 2229/3329/3175 2228/3331/3176
f 2185/3330/3110 2228/3331/3176 2186/3332/3108
f 2186/3332/3108 2228/3331/3176 2238/3333/3177
f 2186/3332/3108 2238/3333/3177 2187/3334/3128
f 2187/3334/3128 2238/3333/3177 2243/3335/3178
f 2187/3334/3128 2243/3335/3178 2188/3336/3130
f 2188/3336/3130 2243/3335/3178 2248/3337/3179
f 2188/3336/3130 2248/3337/3179 2189/3338/3132
f 2189/3338/3132 2248/3337/3179 2253/3339/3180
f 2189/3338/3132 2253/3339/3180 2190/3340/3134
f 2190/3340/3134 2253/3339/3180 2258/3341/3181
f 2190/3340/3134 2258/3341/3181 2222/3342/3182
f 2222/3342/3182 2258/3341/3181 2257/3343/3183
f 2222/3342/3182 2257/3343/3183 2262/3344/3184
f 2262/3344/3184 2257/3343/3183 2256/3345/3185
f 2262/3344/3184 2256/3345/3185 2261/3346/3186
f 2261/3346/3186 2256/3345/3185 2255/3347/3187
f 2261/3346/3186 2255/3347/3187 2260/3348/3188
f 2260/3348/3188 2255/3347/3187 2254/3319/3170
f 2260/3348/3188 2254/3319/3170 2259/3317/3169
f 2229/3329/3175 2216/3328/3112 2391/3349/3189
f 2391/3349/3189 2216/3328/3112 2215/3350/3114
f 2391/3349/3189 2215/3350/3114 2386/3351/3190
f 2386/3351/3190 2215/3350/3114 2214/3352/3116
f 2386/3351/3190 2214/3352/3116 2381/3353/3191
f 2381/3353/3191 2214/3352/3116 2213/3354/3118
f 2381/3353/3191 2213/3354/3118 2376/3355/3192
f 2376/3355/3192 2213/3354/3118 2212/3356/3120
f 2376/3355/3192 2212/3356/3120 2371/3357/3193
f 2371/3357/3193 2212/3356/3120 2223/3358/3194
f 2371/3357/3193 2223/3358/3194 2366/3359/3195
f 2366/3359/3195 2223/3358/3194 2361/3360/3196
f 2366/3359/3195 2361/3360/3196 2360/3361/3197
f 2360/3361/3197 2361/3360/3196 2355/3362/3198
f 2360/3361/3197 2355/3362/3198 2354/3363/3199
f 2354/3363/3199 2355/3362/3198 2349/3364/3200
f 2354/3363/3199 2349/3364/3200 2348/3277/3150
f 2348/3277/3150 2349/3364/3200 2343/3279/3151
f 2212/3356/3120 2211/3365/3122 2223/3358/3194
f 2223/3358/3194 2211/3365/3122 2362/3366/3201
f 2223/3358/3194 2362/3366/3201 2361/3360/3196
f 2361/3360/3196 2362/3366/3201 2356/3367/3202
f 2361/3360/3196 2356/3367/3202 2355/3362/3198
f 2355/3362/3198 2356/3367/3202 2350/3368/3203
f 2355/3362/3198 2350/3368/3203 2349/3364/3200
f 2349/3364/3200 2350/3368/3203 2344/3369/3204
f 2349/3364/3200 2344/3369/3204 2343/3279/3151
f 2343/3279/3151 2344/3369/3204 2338/3281/3152
f 2211/3365/3122 2210/3370/3124 2362/3366/3201
f 2362/3366/3201 2210/3370/3124 2357/3371/3205
f 2362/3366/3201 2357/3371/3205 2356/3367/3202
f 2356/3367/3202 2357/3371/3205 2351/3372/3206
f 2356/3367/3202 2351/3372/3206 2350/3368/3203
f 2350/3368/3203 2351/3372/3206 2345/3373/3207
f 2350/3368/3203 2345/3373/3207 2344/3369/3204
f 2344/3369/3204 2345/3373/3207 2339/3374/3208
f 2344/3369/3204 2339/3374/3208 2338/3281/3152
f 2338/3281/3152 2339/3374/3208 2333/3283/3153
f 2210/3370/3124 2209/3375/3126 2357/3371/3205
f 2357/3371/3205 2209/3375/3126 2352/3376/3209
f 2357/3371/3205 2352/3376/3209 2351/3372/3206
f 2351/3372/3206 2352/3376/3209 2346/3377/3210
f 2351/3372/3206 2346/3377/3210 2345/3373/3207
f 2345/3373/3207 2346/3377/3210 2340/3378/3211
f 2345/3373/3207 2340/3378/3211 2339/3374/3208
f 2339/3374/3208 2340/3378/3211 2334/3379/3212
f 2339/3374/3208 2334/3379/3212 2333/3283/3153
f 2333/3283/3153 2334/3379/3212 2328/3285/3154
f 2209/3375/3126 2208/3380/3125 2352/3376/3209
f 2352/3376/3209 2208/3380/3125 2347/3381/3213
f 2352/3376/3209 2347/3381/3213 2346/3377/3210
f 2346/3377/3210 2347/3381/3213 2341/3382/3214
f 2346/3377/3210 2341/3382/3214 2340/3378/3211
f 2340/3378/3211 2341/3382/3214 2335/3383/3215
f 2340/3378/3211 2335/3383/3215 2334/3379/3212
f 2334/3379/3212 2335/3383/3215 2329/3384/3216
f 2334/3379/3212 2329/3384/3216 2328/3285/3154
f 2328/3285/3154 2329/3384/3216 2323/3287/3155
f 2208/3380/3125 2207/3385/3123 2347/3381/3213
f 2347/3381/3213 2207/3385/3123 2342/3386/3217
f 2347/3381/3213 2342/3386/3217 2341/3382/3214
f 2341/3382/3214 2342/3386/3217 2336/3387/3218
f 2341/3382/3214 2336/3387/3218 2335/3383/3215
f 2335/3383/3215 2336/3387/3218 2330/3388/3219
f 2335/3383/3215 2330/3388/3219 2329/3384/3216
f 2329/3384/3216 2330/3388/3219 2324/3389/3220
f 2329/3384/3216 2324/3389/3220 2323/3287/3155
f 2323/3287/3155 2324/3389/3220 2318/3289/3156
f 2207/3385/3123 2206/3390/3121 2342/3386/3217
f 2342/3386/3217 2206/3390/3121 2337/3391/3221
f 2342/3386/3217 2337/3391/3221 2336/3387/3218
f 2336/3387/3218 2337/3391/3221 2331/3392/3222
f 2336/3387/3218 2331/3392/3222 2330/3388/3219
f 2330/3388/3219 2331/3392/3222 2325/3393/3223
f 2330/3388/3219 2325/3393/3223 2324/3389/3220
f 2324/3389/3220 2325/3393/3223 2319/3394/3224
f 2324/3389/3220 2319/3394/3224 2318/3289/3156
f 2318/3289/3156 2319/3394/3224 2313/3291/3157
f 2206/3390/3121 2205/3395/3119 2337/3391/3221
f 2337/3391/3221 2205/3395/3119 2332/3396/3225
f 2337/3391/3221 2332/3396/3225 2331/3392/3222
f 2331/3392/3222 2332/3396/3225 2326/3397/3226
f 2331/3392/3222 2326/3397/3226 2325/3393/3223
f 2325/3393/3223 2326/3397/3226 2320/3398/3227
f 2325/3393/3223 2320/3398/3227 2319/3394/3224
f 2319/3394/3224 2320/3398/3227 2314/3399/3228
f 2319/3394/3224 2314/3399/3228 2313/3291/3157
f 2313/3291/3157 2314/3399/3228 2217/3293/3158
f 2205/3395/3119 2204/3400/3117 2332/3396/3225
f 2332/3396/3225 2204/3400/3117 2327/3401/3229
f 2332/3396/3225 2327/3401/3229 2326/3397/3226
f 2326/3397/3226 2327/3401/3229 2321/3402/3230
f 2326/3397/3226 2321/3402/3230 2320/3398/3227
f 2320/3398/3227 2321/3402/3230 2315/3403/3231
f 2320/3398/3227 2315/3403/3231 2314/3399/3228
f 2314/3399/3228 2315/3403/3231 2218/3404/3232
f 2314/3399/3228 2218/3404/3232 2217/3293/3158
f 2217/3296/3158 2218/3405/3232 2308/3297/3159
f 2204/3400/3117 2203/3406/3115 2327/3401/3229
f 2327/3401/3229 2203/3406/3115 2322/3407/3233
f 2327/3401/3229 2322/3407/3233 2321/3402/3230
f 2321/3402/3230 2322/3407/3233 2316/3408/3234
f 2321/3402/3230 2316/3408/3234 2315/3403/3231
f 2315/3403/3231 2316/3408/3234 2219/3409/3235
f 2315/3403/3231 2219/3409/3235 2218/3404/3232
f 2218/3405/3232 2219/3410/3235 2309/3411/3236
f 2218/3405/3232 2309/3411/3236 2308/3297/3159
f 2308/3297/3159 2309/3411/3236 2303/3299/3160
f 2203/3406/3115 2202/3412/3113 2322/3407/3233
f 2322/3407/3233 2202/3412/3113 2317/3413/3237
f 2322/3407/3233 2317/3413/3237 2316/3408/3234
f 2316/3408/3234 2317/3413/3237 2220/3414/3238
f 2316/3408/3234 2220/3414/3238 2219/3409/3235
f 2219/3410/3235 2220/3415/3238 2310/3416/3239
f 2219/3410/3235 2310/3416/3239 2309/3411/3236
f 2309/3411/3236 2310/3416/3239 2304/3417/3240
f 2309/3411/3236 2304/3417/3240 2303/3299/3160
f 2303/3299/3160 2304/3417/3240 2298/3301/3161
f 2202/3412/3113 2201/3418/3111 2317/3413/3237
f 2317/3413/3237 2201/3418/3111 2221/3419/3241
f 2317/3413/3237 2221/3419/3241 2220/3414/3238
f 2220/3415/3238 2221/3420/3241 2311/3421/3242
f 2220/3415/3238 2311/3421/3242 2310/3416/3239
f 2310/3416/3239 2311/3421/3242 2305/3422/3243
f 2310/3416/3239 2305/3422/3243 2304/3417/3240
f 2304/3417/3240 2305/3422/3243 2299/3423/3244
f 2304/3417/3240 2299/3423/3244 2298/3301/3161
f 2298/3301/3161 2299/3423/3244 2293/3303/3162
f 2221/3420/3241 2201/3424/3111 2312/3425/3245
f 2312/3425/3245 2201/3424/3111 2200/3426/3109
f 2312/3425/3245 2200/3426/3109 2307/3427/3246
f 2307/3427/3246 2200/3426/3109 2199/3428/3127
f 2307/3427/3246 2199/3428/3127 2302/3429/3247
f 2302/3429/3247 2199/3428/3127 2198/3430/3129
f 2302/3429/3247 2198/3430/3129 2297/3431/3248
f 2297/3431/3248 2198/3430/3129 2197/3432/3131
f 2297/3431/3248 2197/3432/3131 2292/3433/3249
f 2292/3433/3249 2197/3432/3131 2196/3434/3133
f 2292/3433/3249 2196/3434/3133 2287/3435/3250
f 2287/3435/3250 2196/3434/3133 2195/3436/3135
f 2287/3435/3250 2195/3436/3135 2282/3437/3251
f 2282/3437/3251 2195/3436/3135 2194/3438/3137
f 2282/3437/3251 2194/3438/3137 2277/3439/3252
f 2277/3439/3252 2194/3438/3137 2193/3440/3139
f 2277/3439/3252 2193/3440/3139 2272/3441/3253
f 2272/3441/3253 2193/3440/3139 2192/3442/3138
f 2272/3441/3253 2192/3442/3138 2267/3443/3254
f 2267/3443/3254 2192/3442/3138 2191/3444/3136
f 2267/3443/3254 2191/3444/3136 2222/3342/3182
f 2222/3342/3182 2191/3444/3136 2190/3340/3134
f 2311/3421/3242 2221/3420/3241 2312/3425/3245
f 2224/3257/3140 2225/3445/3255 2233/3259/3141
f 2233/3259/3141 2225/3445/3255 2232/3446/3256
f 2233/3259/3141 2232/3446/3256 2387/3261/3142
f 2387/3261/3142 2232/3446/3256 2388/3447/3257
f 2387/3261/3142 2388/3447/3257 2382/3263/3143
f 2382/3263/3143 2388/3447/3257 2383/3448/3258
f 2382/3263/3143 2383/3448/3258 2377/3265/3144
f 2377/3265/3144 2383/3448/3258 2378/3449/3259
f 2377/3265/3144 2378/3449/3259 2372/3267/3145
f 2372/3267/3145 2378/3449/3259 2373/3450/3260
f 2372/3267/3145 2373/3450/3260 2367/3269/3146
f 2367/3269/3146 2373/3450/3260 2368/3451/3261
f 2367/3269/3146 2368/3451/3261 2363/3271/3147
f 2363/3271/3147 2368/3451/3261 2364/3452/3262
f 2363/3271/3147 2364/3452/3262 2358/3273/3148
f 2358/3273/3148 2364/3452/3262 2359/3453/3263
f 2358/3273/3148 2359/3453/3263 2353/3275/3149
f 2353/3275/3149 2359/3453/3263 2354/3363/3199
f 2353/3275/3149 2354/3363/3199 2348/3277/3150
f 2225/3445/3255 2226/3454/3264 2232/3446/3256
f 2232/3446/3256 2226/3454/3264 2231/3455/3265
f 2232/3446/3256 2231/3455/3265 2388/3447/3257
f 2388/3447/3257 2231/3455/3265 2389/3456/3266
f 2388/3447/3257 2389/3456/3266 2383/3448/3258
f 2383/3448/3258 2389/3456/3266 2384/3457/3267
f 2383/3448/3258 2384/3457/3267 2378/3449/3259
f 2378/3449/3259 2384/3457/3267 2379/3458/3268
f 2378/3449/3259 2379/3458/3268 2373/3450/3260
f 2373/3450/3260 2379/3458/3268 2374/3459/3269
f 2373/3450/3260 2374/3459/3269 2368/3451/3261
f 2368/3451/3261 2374/3459/3269 2369/3460/3270
f 2368/3451/3261 2369/3460/3270 2364/3452/3262
f 2364/3452/3262 2369/3460/3270 2365/3461/3271
f 2364/3452/3262 2365/3461/3271 2359/3453/3263
f 2359/3453/3263 2365/3461/3271 2360/3361/3197
f 2359/3453/3263 2360/3361/3197 2354/3363/3199
f 2225/3445/3255 2224/3257/3140 2235/3462/3272
f 2235/3462/3272 2224/3257/3140 2234/3327/3174
f 2235/3462/3272 2234/3327/3174 2240/3463/3273
f 2240/3463/3273 2234/3327/3174 2239/3325/3173
f 2240/3463/3273 2239/3325/3173 2245/3464/3274
f 2245/3464/3274 2239/3325/3173 2244/3323/3172
f 2245/3464/3274 2244/3323/3172 2250/3465/3275
f 2250/3465/3275 2244/3323/3172 2249/3321/3171
f 2250/3465/3275 2249/3321/3171 2255/3347/3187
f 2255/3347/3187 2249/3321/3171 2254/3319/3170
f 2226/3454/3264 2227/3466/3276 2231/3455/3265
f 2231/3455/3265 2227/3466/3276 2230/3467/3277
f 2231/3455/3265 2230/3467/3277 2389/3456/3266
f 2389/3456/3266 2230/3467/3277 2390/3468/3278
f 2389/3456/3266 2390/3468/3278 2384/3457/3267
f 2384/3457/3267 2390/3468/3278 2385/3469/3279
f 2384/3457/3267 2385/3469/3279 2379/3458/3268
f 2379/3458/3268 2385/3469/3279 2380/3470/3280
f 2379/3458/3268 2380/3470/3280 2374/3459/3269
f 2374/3459/3269 2380/3470/3280 2375/3471/3281
f 2374/3459/3269 2375/3471/3281 2369/3460/3270
f 2369/3460/3270 2375/3471/3281 2370/3472/3282
f 2369/3460/3270 2370/3472/3282 2365/3461/3271
f 2365/3461/3271 2370/3472/3282 2366/3359/3195
f 2365/3461/3271 2366/3359/3195 2360/3361/3197
f 2226/3454/3264 2225/3445/3255 2236/3473/3283
f 2236/3473/3283 2225/3445/3255 2235/3462/3272
f 2236/3473/3283 2235/3462/3272 2241/3474/3284
f 2241/3474/3284 2235/3462/3272 2240/3463/3273
f 2241/3474/3284 2240/3463/3273 2246/3475/3285
f 2246/3475/3285 2240/3463/3273 2245/3464/3274
f 2246/3475/3285 2245/3464/3274 2251/3476/3286
f 2251/3476/3286 2245/3464/3274 2250/3465/3275
f 2251/3476/3286 2250/3465/3275 2256/3345/3185
f 2256/3345/3185 2250/3465/3275 2255/3347/3187
f 2227/3466/3276 2228/3331/3176 2230/3467/3277
f 2230/3467/3277 2228/3331/3176 2229/3329/3175
f 2230/3467/3277 2229/3329/3175 2390/3468/3278
f 2390/3468/3278 2229/3329/3175 2391/3349/3189
f 2390/3468/3278 2391/3349/3189 2385/3469/3279
f 2385/3469/3279 2391/3349/3189 2386/3351/3190
f 2385/3469/3279 2386/3351/3190 2380/3470/3280
f 2380/3470/3280 2386/3351/3190 2381/3353/3191
f 2380/3470/3280 2381/3353/3191 2375/3471/3281
f 2375/3471/3281 2381/3353/3191 2376/3355/3192
f 2375/3471/3281 2376/3355/3192 2370/3472/3282
f 2370/3472/3282 2376/3355/3192 2371/3357/3193
f 2370/3472/3282 2371/3357/3193 2366/3359/3195
f 2227/3466/3276 2226/3454/3264 2237/3477/3287
f 2237/3477/3287 2226/3454/3264 2236/3473/3283
f 2237/3477/3287 2236/3473/3283 2242/3478/3288
f 2242/3478/3288 2236/3473/3283 2241/3474/3284
f 2242/3478/3288 2241/3474/3284 2247/3479/3289
f 2247/3479/3289 2241/3474/3284 2246/3475/3285
f 2247/3479/3289 2246/3475/3285 2252/3480/3290
f 2252/3480/3290 2246/3475/3285 2251/3476/3286
f 2252/3480/3290 2251/3476/3286 2257/3343/3183
f 2257/3343/3183 2251/3476/3286 2256/3345/3185
f 2228/3331/3176 2227/3466/3276 2238/3333/3177
f 2238/3333/3177 2227/3466/3276 2237/3477/3287
f 2238/3333/3177 2237/3477/3287 2243/3335/3178
f 2243/3335/3178 2237/3477/3287 2242/3478/3288
f 2243/3335/3178 2242/3478/3288 2248/3337/3179
f 2248/3337/3179 2242/3478/3288 2247/3479/3289
f 2248/3337/3179 2247/3479/3289 2253/3339/3180
f 2253/3339/3180 2247/3479/3289 2252/3480/3290
f 2253/3339/3180 2252/3480/3290 2258/3341/3181
f 2258/3341/3181 2252/3480/3290 2257/3343/3183
f 2260/3348/3188 2259/3317/3169 2264/3481/3291
f 2264/3481/3291 2259/3317/3169 2263/3315/3168
f 2264/3481/3291 2263/3315/3168 2269/3482/3292
f 2269/3482/3292 2263/3315/3168 2268/3313/3167
f 2269/3482/3292 2268/3313/3167 2274/3483/3293
f 2274/3483/3293 2268/3313/3167 2273/3311/3166
f 2274/3483/3293 2273/3311/3166 2279/3484/3294
f 2279/3484/3294 2273/3311/3166 2278/3309/3165
f 2279/3484/3294 2278/3309/3165 2284/3485/3295
f 2284/3485/3295 2278/3309/3165 2283/3307/3164
f 2284/3485/3295 2283/3307/3164 2289/3486/3296
f 2289/3486/3296 2283/3307/3164 2288/3305/3163
f 2289/3486/3296 2288/3305/3163 2294/3487/3297
f 2294/3487/3297 2288/3305/3163 2293/3303/3162
f 2294/3487/3297 2293/3303/3162 2299/3423/3244
f 2261/3346/3186 2260/3348/3188 2265/3488/3298
f 2265/3488/3298 2260/3348/3188 2264/3481/3291
f 2265/3488/3298 2264/3481/3291 2270/3489/3299
f 2270/3489/3299 2264/3481/3291 2269/3482/3292
f 2270/3489/3299 2269/3482/3292 2275/3490/3300
f 2275/3490/3300 2269/3482/3292 2274/3483/3293
f 2275/3490/3300 2274/3483/3293 2280/3491/3301
f 2280/3491/3301 2274/3483/3293 2279/3484/3294
f 2280/3491/3301 2279/3484/3294 2285/3492/3302
f 2285/3492/3302 2279/3484/3294 2284/3485/3295
f 2285/3492/3302 2284/3485/3295 2290/3493/3303
f 2290/3493/3303 2284/3485/3295 2289/3486/3296
f 2290/3493/3303 2289/3486/3296 2295/3494/3304
f 2295/3494/3304 2289/3486/3296 2294/3487/3297
f 2295/3494/3304 2294/3487/3297 2300/3495/3305
f 2300/3495/3305 2294/3487/3297 2299/3423/3244
f 2300/3495/3305 2299/3423/3244 2305/3422/3243
f 2267/3443/3254 2222/3342/3182 2262/3344/3184
f 2262/3344/3184 2261/3346/3186 2266/3496/3306
f 2266/3496/3306 2261/3346/3186 2265/3488/3298
f 2266/3496/3306 2265/3488/3298 2271/3497/3307
f 2271/3497/3307 2265/3488/3298 2270/3489/3299
f 2271/3497/3307 2270/3489/3299 2276/3498/3308
f 2276/3498/3308 2270/3489/3299 2275/3490/3300
f 2276/3498/3308 2275/3490/3300 2281/3499/3309
f 2281/3499/3309 2275/3490/3300 2280/3491/3301
f 2281/3499/3309 2280/3491/3301 2286/3500/3310
f 2286/3500/3310 2280/3491/3301 2285/3492/3302
f 2286/3500/3310 2285/3492/3302 2291/3501/3311
f 2291/3501/3311 2285/3492/3302 2290/3493/3303
f 2291/3501/3311 2290/3493/3303 2296/3502/3312
f 2296/3502/3312 2290/3493/3303 2295/3494/3304
f 2296/3502/3312 2295/3494/3304 2301/3503/3313
f 2301/3503/3313 2295/3494/3304 2300/3495/3305
f 2301/3503/3313 2300/3495/3305 2306/3504/3314
f 2306/3504/3314 2300/3495/3305 2305/3422/3243
f 2306/3504/3314 2305/3422/3243 2311/3421/3242
f 2272/3441/3253 2267/3443/3254 2266/3496/3306
f 2266/3496/3306 2267/3443/3254 2262/3344/3184
f 2272/3441/3253 2266/3496/3306 2271/3497/3307
f 2277/3439/3252 2272/3441/3253 2271/3497/3307
f 2277/3439/3252 2271/3497/3307 2276/3498/3308
f 2282/3437/3251 2277/3439/3252 2276/3498/3308
f 2282/3437/3251 2276/3498/3308 2281/3499/3309
f 2287/3435/3250 2282/3437/3251 2281/3499/3309
f 2287/3435/3250 2281/3499/3309 2286/3500/3310
f 2292/3433/3249 2287/3435/3250 2286/3500/3310
f 2292/3433/3249 2286/3500/3310 2291/3501/3311
f 2297/3431/3248 2292/3433/3249 2291/3501/3311
f 2297/3431/3248 2291/3501/3311 2296/3502/3312
f 2302/3429/3247 2297/3431/3248 2296/3502/3312
f 2302/3429/3247 2296/3502/3312 2301/3503/3313
f 2307/3427/3246 2302/3429/3247 2301/3503/3313
f 2307/3427/3246 2301/3503/3313 2306/3504/3314
f 2312/3425/3245 2307/3427/3246 2306/3504/3314
f 2312/3425/3245 2306/3504/3314 2311/3421/3242
f 2117/3505/2940 2399/3506/3315 2083/3507/2938
f 2083/3507/2938 2399/3506/3315 2408/3508/3316
f 2083/3507/2938 2408/3508/3316 2084/3509/2936
f 2084/3509/2936 2408/3508/3316 2562/3510/3317
f 2084/3509/2936 2562/3510/3317 2085/3511/3004
f 2085/3511/3004 2562/3510/3317 2557/3512/3318
f 2085/3511/3004 2557/3512/3318 2086/3513/3002
f 2086/3513/3002 2557/3512/3318 2552/3514/3319
f 2086/3513/3002 2552/3514/3319 2087/3515/3000
f 2087/3515/3000 2552/3514/3319 2547/3516/3320
f 2087/3515/3000 2547/3516/3320 2088/3517/2998
f 2088/3517/2998 2547/3516/3320 2542/3518/3321
f 2088/3517/2998 2542/3518/3321 2089/3519/2996
f 2089/3519/2996 2542/3518/3321 2538/3520/3322
f 2089/3519/2996 2538/3520/3322 2090/3521/2994
f 2090/3521/2994 2538/3520/3322 2533/3522/3323
f 2090/3521/2994 2533/3522/3323 2091/3523/2992
f 2091/3523/2992 2533/3522/3323 2528/3524/3324
f 2091/3523/2992 2528/3524/3324 2092/3525/2990
f 2092/3525/2990 2528/3524/3324 2523/3526/3325
f 2092/3525/2990 2523/3526/3325 2093/3527/2988
f 2093/3527/2988 2523/3526/3325 2518/3528/3326
f 2093/3527/2988 2518/3528/3326 2094/3529/2986
f 2094/3529/2986 2518/3528/3326 2513/3530/3327
f 2094/3529/2986 2513/3530/3327 2095/3531/2984
f 2095/3531/2984 2513/3530/3327 2508/3532/3328
f 2095/3531/2984 2508/3532/3328 2096/3533/2982
f 2096/3533/2982 2508/3532/3328 2503/3534/3329
f 2096/3533/2982 2503/3534/3329 2097/3535/2980
f 2097/3535/2980 2503/3534/3329 2498/3536/3330
f 2097/3535/2980 2498/3536/3330 2098/3537/2978
f 2098/3537/2978 2498/3536/3330 2493/3538/3331
f 2098/3537/2978 2493/3538/3331 2099/3539/2976
f 2099/3539/2976 2493/3538/3331 2488/3540/3332
f 2099/3539/2976 2488/3540/3332 2100/3541/2974
f 2100/3541/2974 2488/3540/3332 2392/3542/3333
f 2100/3541/2974 2392/3542/3333 2101/3543/2972
f 2101/3544/2972 2392/3545/3333 2483/3546/3334
f 2101/3544/2972 2483/3546/3334 2102/3547/2970
f 2102/3547/2970 2483/3546/3334 2478/3548/3335
f 2102/3547/2970 2478/3548/3335 2103/3549/2968
f 2103/3549/2968 2478/3548/3335 2473/3550/3336
f 2103/3549/2968 2473/3550/3336 2104/3551/2966
f 2104/3551/2966 2473/3550/3336 2468/3552/3337
f 2104/3551/2966 2468/3552/3337 2105/3553/2964
f 2105/3553/2964 2468/3552/3337 2463/3554/3338
f 2105/3553/2964 2463/3554/3338 2106/3555/2962
f 2106/3555/2962 2463/3554/3338 2458/3556/3339
f 2106/3555/2962 2458/3556/3339 2107/3557/2960
f 2107/3557/2960 2458/3556/3339 2453/3558/3340
f 2107/3557/2960 2453/3558/3340 2108/3559/2958
f 2108/3559/2958 2453/3558/3340 2448/3560/3341
f 2108/3559/2958 2448/3560/3341 2109/3561/2956
f 2109/3561/2956 2448/3560/3341 2443/3562/3342
f 2109/3561/2956 2443/3562/3342 2110/3563/2954
f 2110/3563/2954 2443/3562/3342 2438/3564/3343
f 2110/3563/2954 2438/3564/3343 2111/3565/2952
f 2111/3565/2952 2438/3564/3343 2434/3566/3344
f 2111/3565/2952 2434/3566/3344 2112/3567/2950
f 2112/3567/2950 2434/3566/3344 2429/3568/3345
f 2112/3567/2950 2429/3568/3345 2113/3569/2948
f 2113/3569/2948 2429/3568/3345 2424/3570/3346
f 2113/3569/2948 2424/3570/3346 2114/3571/2946
f 2114/3571/2946 2424/3570/3346 2419/3572/3347
f 2114/3571/2946 2419/3572/3347 2115/3573/2944
f 2115/3573/2944 2419/3572/3347 2414/3574/3348
f 2115/3573/2944 2414/3574/3348 2116/3575/2942
f 2116/3575/2942 2414/3574/3348 2409/3576/3349
f 2116/3575/2942 2409/3576/3349 2117/3505/2940
f 2117/3505/2940 2409/3576/3349 2399/3506/3315
f 2149/3577/3010 2404/3578/3350 2118/3579/3008
f 2118/3579/3008 2404/3578/3350 2403/3580/3351
f 2118/3579/3008 2403/3580/3351 2119/3581/3006
f 2119/3581/3006 2403/3580/3351 2413/3582/3352
f 2119/3581/3006 2413/3582/3352 2120/3583/3026
f 2120/3583/3026 2413/3582/3352 2418/3584/3353
f 2120/3583/3026 2418/3584/3353 2121/3585/3028
f 2121/3585/3028 2418/3584/3353 2423/3586/3354
f 2121/3585/3028 2423/3586/3354 2122/3587/3030
f 2122/3587/3030 2423/3586/3354 2428/3588/3355
f 2122/3587/3030 2428/3588/3355 2123/3589/3032
f 2123/3589/3032 2428/3588/3355 2433/3590/3356
f 2123/3589/3032 2433/3590/3356 2398/3591/3357
f 2398/3591/3357 2433/3590/3356 2432/3592/3358
f 2398/3591/3357 2432/3592/3358 2437/3593/3359
f 2437/3593/3359 2432/3592/3358 2431/3594/3360
f 2437/3593/3359 2431/3594/3360 2436/3595/3361
f 2436/3595/3361 2431/3594/3360 2430/3596/3362
f 2436/3595/3361 2430/3596/3362 2435/3597/3363
f 2435/3597/3363 2430/3596/3362 2429/3568/3345
f 2435/3597/3363 2429/3568/3345 2434/3566/3344
f 2404/3578/3350 2149/3577/3010 2566/3598/3364
f 2566/3598/3364 2149/3577/3010 2148/3599/3012
f 2566/3598/3364 2148/3599/3012 2561/3600/3365
f 2561/3600/3365 2148/3599/3012 2147/3601/3014
f 2561/3600/3365 2147/3601/3014 2556/3602/3366
f 2556/3602/3366 2147/3601/3014 2146/3603/3016
f 2556/3602/3366 2146/3603/3016 2551/3604/3367
f 2551/3604/3367 2146/3603/3016 2145/3605/3018
f 2551/3604/3367 2145/3605/3018 2546/3606/3368
f 2546/3606/3368 2145/3605/3018 2397/3607/3369
f 2546/3606/3368 2397/3607/3369 2541/3608/3370
f 2541/3608/3370 2397/3607/3369 2536/3609/3371
f 2541/3608/3370 2536/3609/3371 2535/3610/3372
f 2535/3610/3372 2536/3609/3371 2530/3611/3373
f 2535/3610/3372 2530/3611/3373 2529/3612/3374
f 2529/3612/3374 2530/3611/3373 2524/3613/3375
f 2529/3612/3374 2524/3613/3375 2523/3526/3325
f 2523/3526/3325 2524/3613/3375 2518/3528/3326
f 2145/3605/3018 2144/3614/3020 2397/3607/3369
f 2397/3607/3369 2144/3614/3020 2537/3615/3376
f 2397/3607/3369 2537/3615/3376 2536/3609/3371
f 2536/3609/3371 2537/3615/3376 2531/3616/3377
f 2536/3609/3371 2531/3616/3377 2530/3611/3373
f 2530/3611/3373 2531/3616/3377 2525/3617/3378
f 2530/3611/3373 2525/3617/3378 2524/3613/3375
f 2524/3613/3375 2525/3617/3378 2519/3618/3379
f 2524/3613/3375 2519/3618/3379 2518/3528/3326
f 2518/3528/3326 2519/3618/3379 2513/3530/3327
f 2144/3614/3020 2143/3619/3022 2537/3615/3376
f 2537/3615/3376 2143/3619/3022 2532/3620/3380
f 2537/3615/3376 2532/3620/3380 2531/3616/3377
f 2531/3616/3377 2532/3620/3380 2526/3621/3381
f 2531/3616/3377 2526/3621/3381 2525/3617/3378
f 2525/3617/3378 2526/3621/3381 2520/3622/3382
f 2525/3617/3378 2520/3622/3382 2519/3618/3379
f 2519/3618/3379 2520/3622/3382 2514/3623/3383
f 2519/3618/3379 2514/3623/3383 2513/3530/3327
f 2513/3530/3327 2514/3623/3383 2508/3532/3328
f 2143/3619/3022 2142/3624/3024 2532/3620/3380
f 2532/3620/3380 2142/3624/3024 2527/3625/3384
f 2532/3620/3380 2527/3625/3384 2526/3621/3381
f 2526/3621/3381 2527/3625/3384 2521/3626/3385
f 2526/3621/3381 2521/3626/3385 2520/3622/3382
f 2520/3622/3382 2521/3626/3385 2515/3627/3386
f 2520/3622/3382 2515/3627/3386 2514/3623/3383
f 2514/3623/3383 2515/3627/3386 2509/3628/3387
f 2514/3623/3383 2509/3628/3387 2508/3532/3328
f 2508/3532/3328 2509/3628/3387 2503/3534/3329
f 2142/3624/3024 2141/3629/3023 2527/3625/3384
f 2527/3625/3384 2141/3629/3023 2522/3630/3388
f 2527/3625/3384 2522/3630/3388 2521/3626/3385
f 2521/3626/3385 2522/3630/3388 2516/3631/3389
f 2521/3626/3385 2516/3631/3389 2515/3627/3386
f 2515/3627/3386 2516/3631/3389 2510/3632/3390
f 2515/3627/3386 2510/3632/3390 2509/3628/3387
f 2509/3628/3387 2510/3632/3390 2504/3633/3391
f 2509/3628/3387 2504/3633/3391 2503/3534/3329
f 2503/3534/3329 2504/3633/3391 2498/3536/3330
f 2141/3629/3023 2140/3634/3021 2522/3630/3388
f 2522/3630/3388 2140/3634/3021 2517/3635/3392
f 2522/3630/3388 2517/3635/3392 2516/3631/3389
f 2516/3631/3389 2517/3635/3392 2511/3636/3393
f 2516/3631/3389 2511/3636/3393 2510/3632/3390
f 2510/3632/3390 2511/3636/3393 2505/3637/3394
f 2510/3632/3390 2505/3637/3394 2504/3633/3391
f 2504/3633/3391 2505/3637/3394 2499/3638/3395
f 2504/3633/3391 2499/3638/3395 2498/3536/3330
f 2498/3536/3330 2499/3638/3395 2493/3538/3331
f 2140/3634/3021 2139/3639/3019 2517/3635/3392
f 2517/3635/3392 2139/3639/3019 2512/3640/3396
f 2517/3635/3392 2512/3640/3396 2511/3636/3393
f 2511/3636/3393 2512/3640/3396 2506/3641/3397
f 2511/3636/3393 2506/3641/3397 2505/3637/3394
f 2505/3637/3394 2506/3641/3397 2500/3642/3398
f 2505/3637/3394 2500/3642/3398 2499/3638/3395
f 2499/3638/3395 2500/3642/3398 2494/3643/3399
f 2499/3638/3395 2494/3643/3399 2493/3538/3331
f 2493/3538/3331 2494/3643/3399 2488/3540/3332
f 2139/3639/3019 2138/3644/3017 2512/3640/3396
f 2512/3640/3396 2138/3644/3017 2507/3645/3400
f 2512/3640/3396 2507/3645/3400 2506/3641/3397
f 2506/3641/3397 2507/3645/3400 2501/3646/3401
f 2506/3641/3397 2501/3646/3401 2500/3642/3398
f 2500/3642/3398 2501/3646/3401 2495/3647/3402
f 2500/3642/3398 2495/3647/3402 2494/3643/3399
f 2494/3643/3399 2495/3647/3402 2489/3648/3403
f 2494/3643/3399 2489/3648/3403 2488/3540/3332
f 2488/3540/3332 2489/3648/3403 2392/3542/3333
f 2138/3644/3017 2137/3649/3015 2507/3645/3400
f 2507/3645/3400 2137/3649/3015 2502/3650/3404
f 2507/3645/3400 2502/3650/3404 2501/3646/3401
f 2501/3646/3401 2502/3650/3404 2496/3651/3405
f 2501/3646/3401 2496/3651/3405 2495/3647/3402
f 2495/3647/3402 2496/3651/3405 2490/3652/3406
f 2495/3647/3402 2490/3652/3406 2489/3648/3403
f 2489/3648/3403 2490/3652/3406 2393/3653/3407
f 2489/3648/3403 2393/3653/3407 2392/3542/3333
f 2392/3545/3333 2393/3654/3407 2483/3546/3334
f 2137/3649/3015 2136/3655/3013 2502/3650/3404
f 2502/3650/3404 2136/3655/3013 2497/3656/3408
f 2502/3650/3404 2497/3656/3408 2496/3651/3405
f 2496/3651/3405 2497/3656/3408 2491/3657/3409
f 2496/3651/3405 2491/3657/3409 2490/3652/3406
f 2490/3652/3406 2491/3657/3409 2394/3658/3410
f 2490/3652/3406 2394/3658/3410 2393/3653/3407
f 2393/3654/3407 2394/3659/3410 2484/3660/3411
f 2393/3654/3407 2484/3660/3411 2483/3546/3334
f 2483/3546/3334 2484/3660/3411 2478/3548/3335
f 2136/3655/3013 2135/3661/3011 2497/3656/3408
f 2497/3656/3408 2135/3661/3011 2492/3662/3412
f 2497/3656/3408 2492/3662/3412 2491/3657/3409
f 2491/3657/3409 2492/3662/3412 2395/3663/3413
f 2491/3657/3409 2395/3663/3413 2394/3658/3410
f 2394/3659/3410 2395/3664/3413 2485/3665/3414
f 2394/3659/3410 2485/3665/3414 2484/3660/3411
f 2484/3660/3411 2485/3665/3414 2479/3666/3415
f 2484/3660/3411 2479/3666/3415 2478/3548/3335
f 2478/3548/3335 2479/3666/3415 2473/3550/3336
f 2135/3661/3011 2134/3667/3009 2492/3662/3412
f 2492/3662/3412 2134/3667/3009 2396/3668/3416
f 2492/3662/3412 2396/3668/3416 2395/3663/3413
f 2395/3664/3413 2396/3669/3416 2486/3670/3417
f 2395/3664/3413 2486/3670/3417 2485/3665/3414
f 2485/3665/3414 2486/3670/3417 2480/3671/3418
f 2485/3665/3414 2480/3671/3418 2479/3666/3415
f 2479/3666/3415 2480/3671/3418 2474/3672/3419
f 2479/3666/3415 2474/3672/3419 2473/3550/3336
f 2473/3550/3336 2474/3672/3419 2468/3552/3337
f 2396/3669/3416 2134/3673/3009 2487/3674/3420
f 2487/3674/3420 2134/3673/3009 2133/3675/3007
f 2487/3674/3420 2133/3675/3007 2482/3676/3421
f 2482/3676/3421 2133/3675/3007 2132/3677/3025
f 2482/3676/3421 2132/3677/3025 2477/3678/3422
f 2477/3678/3422 2132/3677/3025 2131/3679/3027
f 2477/3678/3422 2131/3679/3027 2472/3680/3423
f 2472/3680/3423 2131/3679/3027 2130/3681/3029
f 2472/3680/3423 2130/3681/3029 2467/3682/3424
f 2467/3682/3424 2130/3681/3029 2129/3683/3031
f 2467/3682/3424 2129/3683/3031 2462/3684/3425
f 2462/3684/3425 2129/3683/3031 2128/3685/3033
f 2462/3684/3425 2128/3685/3033 2457/3686/3426
f 2457/3686/3426 2128/3685/3033 2127/3687/3035
f 2457/3686/3426 2127/3687/3035 2452/3688/3427
f 2452/3688/3427 2127/3687/3035 2126/3689/3037
f 2452/3688/3427 2126/3689/3037 2447/3690/3428
f 2447/3690/3428 2126/3689/3037 2125/3691/3036
f 2447/3690/3428 2125/3691/3036 2442/3692/3429
f 2442/3692/3429 2125/3691/3036 2124/3693/3034
f 2442/3692/3429 2124/3693/3034 2398/3591/3357
f 2398/3591/3357 2124/3693/3034 2123/3589/3032
f 2486/3670/3417 2396/3669/3416 2487/3674/3420
f 2399/3506/3315 2400/3694/3430 2408/3508/3316
f 2408/3508/3316 2400/3694/3430 2407/3695/3431
f 2408/3508/3316 2407/3695/3431 2562/3510/3317
f 2562/3510/3317 2407/3695/3431 2563/3696/3432
f 2562/3510/3317 2563/3696/3432 2557/3512/3318
f 2557/3512/3318 2563/3696/3432 2558/3697/3433
f 2557/3512/3318 2558/3697/3433 2552/3514/3319
f 2552/3514/3319 2558/3697/3433 2553/3698/3434
f 2552/3514/3319 2553/3698/3434 2547/3516/3320
f 2547/3516/3320 2553/3698/3434 2548/3699/3435
f 2547/3516/3320 2548/3699/3435 2542/3518/3321
f 2542/3518/3321 2548/3699/3435 2543/3700/3436
f 2542/3518/3321 2543/3700/3436 2538/3520/3322
f 2538/3520/3322 2543/3700/3436 2539/3701/3437
f 2538/3520/3322 2539/3701/3437 2533/3522/3323
f 2533/3522/3323 2539/3701/3437 2534/3702/3438
f 2533/3522/3323 2534/3702/3438 2528/3524/3324
f 2528/3524/3324 2534/3702/3438 2529/3612/3374
f 2528/3524/3324 2529/3612/3374 2523/3526/3325
f 2400/3694/3430 2401/3703/3439 2407/3695/3431
f 2407/3695/3431 2401/3703/3439 2406/3704/3440
f 2407/3695/3431 2406/3704/3440 2563/3696/3432
f 2563/3696/3432 2406/3704/3440 2564/3705/3441
f 2563/3696/3432 2564/3705/3441 2558/3697/3433
f 2558/3697/3433 2564/3705/3441 2559/3706/3442
f 2558/3697/3433 2559/3706/3442 2553/3698/3434
f 2553/3698/3434 2559/3706/3442 2554/3707/3443
f 2553/3698/3434 2554/3707/3443 2548/3699/3435
f 2548/3699/3435 2554/3707/3443 2549/3708/3444
f 2548/3699/3435 2549/3708/3444 2543/3700/3436
f 2543/3700/3436 2549/3708/3444 2544/3709/3445
f 2543/3700/3436 2544/3709/3445 2539/3701/3437
f 2539/3701/3437 2544/3709/3445 2540/3710/3446
f 2539/3701/3437 2540/3710/3446 2534/3702/3438
f 2534/3702/3438 2540/3710/3446 2535/3610/3372
f 2534/3702/3438 2535/3610/3372 2529/3612/3374
f 2400/3694/3430 2399/3506/3315 2410/3711/3447
f 2410/3711/3447 2399/3506/3315 2409/3576/3349
f 2410/3711/3447 2409/3576/3349 2415/3712/3448
f 2415/3712/3448 2409/3576/3349 2414/3574/3348
f 2415/3712/3448 2414/3574/3348 2420/3713/3449
f 2420/3713/3449 2414/3574/3348 2419/3572/3347
f 2420/3713/3449 2419/3572/3347 2425/3714/3450
f 2425/3714/3450 2419/3572/3347 2424/3570/3346
f 2425/3714/3450 2424/3570/3346 2430/3596/3362
f 2430/3596/3362 2424/3570/3346 2429/3568/3345
f 2401/3703/3439 2402/3715/3451 2406/3704/3440
f 2406/3704/3440 2402/3715/3451 2405/3716/3452
f 2406/3704/3440 2405/3716/3452 2564/3705/3441
f 2564/3705/3441 2405/3716/3452 2565/3717/3453
f 2564/3705/3441 2565/3717/3453 2559/3706/3442
f 2559/3706/3442 2565/3717/3453 2560/3718/3454
f 2559/3706/3442 2560/3718/3454 2554/3707/3443
f 2554/3707/3443 2560/3718/3454 2555/3719/3455
f 2554/3707/3443 2555/3719/3455 2549/3708/3444
f 2549/3708/3444 2555/3719/3455 2550/3720/3456
f 2549/3708/3444 2550/3720/3456 2544/3709/3445
f 2544/3709/3445 2550/3720/3456 2545/3721/3457
f 2544/3709/3445 2545/3721/3457 2540/3710/3446
f 2540/3710/3446 2545/3721/3457 2541/3608/3370
f 2540/3710/3446 2541/3608/3370 2535/3610/3372
f 2401/3703/3439 2400/3694/3430 2411/3722/3458
f 2411/3722/3458 2400/3694/3430 2410/3711/3447
f 2411/3722/3458 2410/3711/3447 2416/3723/3459
f 2416/3723/3459 2410/3711/3447 2415/3712/3448
f 2416/3723/3459 2415/3712/3448 2421/3724/3460
f 2421/3724/3460 2415/3712/3448 2420/3713/3449
f 2421/3724/3460 2420/3713/3449 2426/3725/3461
f 2426/3725/3461 2420/3713/3449 2425/3714/3450
f 2426/3725/3461 2425/3714/3450 2431/3594/3360
f 2431/3594/3360 2425/3714/3450 2430/3596/3362
f 2402/3715/3451 2403/3580/3351 2405/3716/3452
f 2405/3716/3452 2403/3580/3351 2404/3578/3350
f 2405/3716/3452 2404/3578/3350 2565/3717/3453
f 2565/3717/3453 2404/3578/3350 2566/3598/3364
f 2565/3717/3453 2566/3598/3364 2560/3718/3454
f 2560/3718/3454 2566/3598/3364 2561/3600/3365
f 2560/3718/3454 2561/3600/3365 2555/3719/3455
f 2555/3719/3455 2561/3600/3365 2556/3602/3366
f 2555/3719/3455 2556/3602/3366 2550/3720/3456
f 2550/3720/3456 2556/3602/3366 2551/3604/3367
f 2550/3720/3456 2551/3604/3367 2545/3721/3457
f 2545/3721/3457 2551/3604/3367 2546/3606/3368
f 2545/3721/3457 2546/3606/3368 2541/3608/3370
f 2402/3715/3451 2401/3703/3439 2412/3726/3462
f 2412/3726/3462 2401/3703/3439 2411/3722/3458
f 2412/3726/3462 2411/3722/3458 2417/3727/3463
f 2417/3727/3463 2411/3722/3458 2416/3723/3459
f 2417/3727/3463 2416/3723/3459 2422/3728/3464
f 2422/3728/3464 2416/3723/3459 2421/3724/3460
f 2422/3728/3464 2421/3724/3460 2427/3729/3465
f 2427/3729/3465 2421/3724/3460 2426/3725/3461
f 2427/3729/3465 2426/3725/3461 2432/3592/3358
f 2432/3592/3358 2426/3725/3461 2431/3594/3360
f 2403/3580/3351 2402/3715/3451 2413/3582/3352
f 2413/3582/3352 2402/3715/3451 2412/3726/3462
f 2413/3582/3352 2412/3726/3462 2418/3584/3353
f 2418/3584/3353 2412/3726/3462 2417/3727/3463
f 2418/3584/3353 2417/3727/3463 2423/3586/3354
f 2423/3586/3354 2417/3727/3463 2422/3728/3464
f 2423/3586/3354 2422/3728/3464 2428/3588/3355
f 2428/3588/3355 2422/3728/3464 2427/3729/3465
f 2428/3588/3355 2427/3729/3465 2433/3590/3356
f 2433/3590/3356 2427/3729/3465 2432/3592/3358
f 2435/3597/3363 2434/3566/3344 2439/3730/3466
f 2439/3730/3466 2434/3566/3344 2438/3564/3343
f 2439/3730/3466 2438/3564/3343 2444/3731/3467
f 2444/3731/3467 2438/3564/3343 2443/3562/3342
f 2444/3731/3467 2443/3562/3342 2449/3732/3468
f 2449/3732/3468 2443/3562/3342 2448/3560/3341
f 2449/3732/3468 2448/3560/3341 2454/3733/3469
f 2454/3733/3469 2448/3560/3341 2453/3558/3340
f 2454/3733/3469 2453/3558/3340 2459/3734/3470
f 2459/3734/3470 2453/3558/3340 2458/3556/3339
f 2459/3734/3470 2458/3556/3339 2464/3735/3471
f 2464/3735/3471 2458/3556/3339 2463/3554/3338
f 2464/3735/3471 2463/3554/3338 2469/3736/3472
f 2469/3736/3472 2463/3554/3338 2468/3552/3337
f 2469/3736/3472 2468/3552/3337 2474/3672/3419
f 2436/3595/3361 2435/3597/3363 2440/3737/3473
f 2440/3737/3473 2435/3597/3363 2439/3730/3466
f 2440/3737/3473 2439/3730/3466 2445/3738/3474
f 2445/3738/3474 2439/3730/3466 2444/3731/3467
f 2445/3738/3474 2444/3731/3467 2450/3739/3475
f 2450/3739/3475 2444/3731/3467 2449/3732/3468
f 2450/3739/3475 2449/3732/3468 2455/3740/3476
f 2455/3740/3476 2449/3732/3468 2454/3733/3469
f 2455/3740/3476 2454/3733/3469 2460/3741/3477
f 2460/3741/3477 2454/3733/3469 2459/3734/3470
f 2460/3741/3477 2459/3734/3470 2465/3742/3478
f 2465/3742/3478 2459/3734/3470 2464/3735/3471
f 2465/3742/3478 2464/3735/3471 2470/3743/3479
f 2470/3743/3479 2464/3735/3471 2469/3736/3472
f 2470/3743/3479 2469/3736/3472 2475/3744/3480
f 2475/3744/3480 2469/3736/3472 2474/3672/3419
f 2475/3744/3480 2474/3672/3419 2480/3671/3418
f 2442/3692/3429 2398/3591/3357 2437/3593/3359
f 2437/3593/3359 2436/3595/3361 2441/3745/3481
f 2441/3745/3481 2436/3595/3361 2440/3737/3473
f 2441/3745/3481 2440/3737/3473 2446/3746/3482
f 2446/3746/3482 2440/3737/3473 2445/3738/3474
f 2446/3746/3482 2445/3738/3474 2451/3747/3483
f 2451/3747/3483 2445/3738/3474 2450/3739/3475
f 2451/3747/3483 2450/3739/3475 2456/3748/3484
f 2456/3748/3484 2450/3739/3475 2455/3740/3476
f 2456/3748/3484 2455/3740/3476 2461/3749/3485
f 2461/3749/3485 2455/3740/3476 2460/3741/3477
f 2461/3749/3485 2460/3741/3477 2466/3750/3486
f 2466/3750/3486 2460/3741/3477 2465/3742/3478
f 2466/3750/3486 2465/3742/3478 2471/3751/3487
f 2471/3751/3487 2465/3742/3478 2470/3743/3479
f 2471/3751/3487 2470/3743/3479 2476/3752/3488
f 2476/3752/3488 2470/3743/3479 2475/3744/3480
f 2476/3752/3488 2475/3744/3480 2481/3753/3489
f 2481/3753/3489 2475/3744/3480 2480/3671/3418
f 2481/3753/3489 2480/3671/3418 2486/3670/3417
f 2447/3690/3428 2442/3692/3429 2441/3745/3481
f 2441/3745/3481 2442/3692/3429 2437/3593/3359
f 2447/3690/3428 2441/3745/3481 2446/3746/3482
f 2452/3688/3427 2447/3690/3428 2446/3746/3482
f 2452/3688/3427 2446/3746/3482 2451/3747/3483
f 2457/3686/3426 2452/3688/3427 2451/3747/3483
f 2457/3686/3426 2451/3747/3483 2456/3748/3484
f 2462/3684/3425 2457/3686/3426 2456/3748/3484
f 2462/3684/3425 2456/3748/3484 2461/3749/3485
f 2467/3682/3424 2462/3684/3425 2461/3749/3485
f 2467/3682/3424 2461/3749/3485 2466/3750/3486
f 2472/3680/3423 2467/3682/3424 2466/3750/3486
f 2472/3680/3423 2466/3750/3486 2471/3751/3487
f 2477/3678/3422 2472/3680/3423 2471/3751/3487
f 2477/3678/3422 2471/3751/3487 2476/3752/3488
f 2482/3676/3421 2477/3678/3422 2476/3752/3488
f 2482/3676/3421 2476/3752/3488 2481/3753/3489
f 2487/3674/3420 2482/3676/3421 2481/3753/3489
f 2487/3674/3420 2481/3753/3489 2486/3670/3417
# 2566 vertices
# 3753 texture params
# 3489 normals
# 5144 facets

# 1 groups
