# WaveFront *.obj file (generated by Autodesk ATF)

mtllib Camera_mount.mtl

g Body1

v -0.000000 1.500000 1.637524
v 0.000000 1.500000 0.900000
v -0.000000 -1.500000 0.900000
v -0.000000 -1.500000 1.637524
v -0.000000 0.850000 1.307115
v -0.000000 -0.850000 1.307115
v -0.000000 -0.862941 1.305333
v -0.000000 -0.875000 1.300110
v -0.000000 -0.885355 1.291801
v -0.000000 -0.893301 1.280972
v -0.000000 -0.898296 1.268362
v -0.000000 -0.900000 1.254830
v -0.000000 -0.900000 1.045692
v -0.000000 -0.898296 1.032160
v -0.000000 -0.893301 1.019549
v -0.000000 -0.885355 1.008721
v -0.000000 -0.875000 1.000412
v -0.000000 -0.862941 0.995189
v -0.000000 -0.850000 0.993407
v -0.000000 0.850000 0.993407
v -0.000000 0.862941 0.995189
v -0.000000 0.875000 1.000412
v -0.000000 0.885355 1.008721
v -0.000000 0.893301 1.019549
v -0.000000 0.898296 1.032160
v -0.000000 0.900000 1.045692
v -0.000000 0.900000 1.254830
v -0.000000 0.898296 1.268362
v -0.000000 0.893301 1.280972
v -0.000000 0.885355 1.291801
v -0.000000 0.875000 1.300110
v -0.000000 0.862941 1.305333
v 0.400000 0.900000 1.355274
v 0.400000 0.900000 1.167984
v 0.400000 0.898296 1.154452
v 0.400000 0.893301 1.141842
v 0.400000 0.885355 1.131013
v 0.400000 0.875000 1.122704
v 0.400000 0.862941 1.117481
v 0.400000 0.850000 1.115699
v 0.400000 -0.850000 1.115699
v 0.400000 -0.862941 1.117481
v 0.400000 -0.875000 1.122704
v 0.400000 -0.885355 1.131013
v 0.400000 -0.893301 1.141842
v 0.400000 -0.898296 1.154452
v 0.400000 -0.900000 1.167984
v 0.400000 -0.900000 1.355274
v 0.400000 -1.100000 1.355274
v 0.400000 -1.100000 0.200000
v 0.400000 -0.944063 0.063801
v 0.400000 -0.854415 0.018183
v 0.400000 -0.803805 0.004629
v 0.400000 -0.753590 0.000000
v 0.400000 0.753590 0.000000
v 0.400000 0.803805 0.004629
v 0.400000 0.854415 0.018183
v 0.400000 0.944063 0.063801
v 0.400000 1.100000 0.200000
v 0.400000 1.100000 1.355274
v 0.400000 -0.500000 0.475000
v 0.400000 -0.454707 0.469037
v 0.400000 -0.412500 0.451554
v 0.400000 -0.376256 0.423744
v 0.400000 -0.348446 0.387500
v 0.400000 -0.330963 0.345293
v 0.400000 -0.325000 0.300000
v 0.400000 -0.330963 0.254707
v 0.400000 -0.348446 0.212500
v 0.400000 -0.376256 0.176256
v 0.400000 -0.412500 0.148446
v 0.400000 -0.454707 0.130963
v 0.400000 -0.500000 0.125000
v 0.400000 -0.545293 0.130963
v 0.400000 -0.587500 0.148446
v 0.400000 -0.623744 0.176256
v 0.400000 -0.651554 0.212500
v 0.400000 -0.669037 0.254707
v 0.400000 -0.675000 0.300000
v 0.400000 -0.669037 0.345293
v 0.400000 -0.651554 0.387500
v 0.400000 -0.623744 0.423744
v 0.400000 -0.587500 0.451554
v 0.400000 -0.545293 0.469037
v 0.400000 0.500000 0.475000
v 0.400000 0.545293 0.469037
v 0.400000 0.587500 0.451554
v 0.400000 0.623744 0.423744
v 0.400000 0.651554 0.387500
v 0.400000 0.669037 0.345293
v 0.400000 0.675000 0.300000
v 0.400000 0.669037 0.254707
v 0.400000 0.651554 0.212500
v 0.400000 0.623744 0.176256
v 0.400000 0.587500 0.148446
v 0.400000 0.545293 0.130963
v 0.400000 0.500000 0.125000
v 0.400000 0.454707 0.130963
v 0.400000 0.412500 0.148446
v 0.400000 0.376256 0.176256
v 0.400000 0.348446 0.212500
v 0.400000 0.330963 0.254707
v 0.400000 0.325000 0.300000
v 0.400000 0.330963 0.345293
v 0.400000 0.348446 0.387500
v 0.400000 0.376256 0.423744
v 0.400000 0.412500 0.451554
v 0.400000 0.454707 0.469037
v 0.399948 -0.900000 1.362511
v 0.399791 -0.900000 1.369746
v 0.399529 -0.900000 1.376978
v 0.399009 -0.899086 1.386696
v 0.398311 -0.896302 1.396339
v 0.397497 -0.891668 1.405230
v 0.396675 -0.885577 1.412843
v 0.395911 -0.878127 1.419083
v 0.395269 -0.869329 1.423896
v 0.394855 -0.859719 1.426822
v 0.394713 -0.850000 1.427791
v 0.394713 0.850000 1.427791
v 0.394855 0.859719 1.426822
v 0.395269 0.869329 1.423896
v 0.395911 0.878127 1.419083
v 0.396675 0.885577 1.412843
v 0.397497 0.891668 1.405230
v 0.398311 0.896302 1.396339
v 0.399009 0.899086 1.386696
v 0.399529 0.900000 1.376978
v 0.399791 0.900000 1.369746
v 0.399948 0.900000 1.362511
v 0.397557 1.100000 1.404645
v 0.390250 1.100000 1.453533
v 0.378152 1.100000 1.501460
v 0.378152 -1.100000 1.501460
v 0.390250 -1.100000 1.453533
v 0.397557 -1.100000 1.404645
v 0.394508 -0.000000 1.429179
v -0.200000 1.500000 0.900000
v -0.200000 -1.500000 0.900000
v -0.668862 2.000000 3.900000
v -0.668862 1.500000 3.900000
v -0.021848 1.500000 1.783710
v -0.021848 -1.500000 1.783710
v -0.668862 -1.500000 3.900000
v -0.668862 -2.000000 3.900000
v -0.742959 -2.000000 4.142360
v -0.766698 -1.989778 4.220006
v -0.788819 -1.959808 4.292360
v -0.807814 -1.912132 4.354492
v -0.822390 -1.850000 4.402168
v -0.831553 -1.777646 4.432138
v -0.834678 -1.700000 4.442360
v -0.834678 1.700000 4.442360
v -0.831553 1.777646 4.432138
v -0.822390 1.850000 4.402168
v -0.807814 1.912132 4.354492
v -0.788819 1.959808 4.292360
v -0.766698 1.989778 4.220006
v -0.742959 2.000000 4.142360
v -0.552037 -1.060000 3.517882
v -0.554777 -0.988825 3.526843
v -0.562809 -0.922500 3.553115
v -0.575586 -0.865546 3.594908
v -0.592238 -0.821843 3.649374
v -0.611630 -0.794370 3.712800
v -0.632439 -0.785000 3.780866
v -0.653249 -0.794370 3.848931
v -0.672640 -0.821843 3.912358
v -0.689292 -0.865546 3.966823
v -0.702070 -0.922500 4.008616
v -0.710102 -0.988825 4.034888
v -0.712841 -1.060000 4.043849
v -0.710102 -1.131175 4.034888
v -0.702070 -1.197500 4.008616
v -0.689292 -1.254454 3.966823
v -0.672640 -1.298157 3.912358
v -0.653249 -1.325630 3.848931
v -0.632439 -1.335000 3.780866
v -0.611630 -1.325630 3.712800
v -0.592238 -1.298157 3.649374
v -0.575586 -1.254454 3.594908
v -0.562809 -1.197500 3.553115
v -0.554777 -1.131175 3.526843
v -0.160674 -1.060000 2.237791
v -0.163414 -0.988825 2.246752
v -0.171446 -0.922500 2.273025
v -0.184223 -0.865546 2.314818
v -0.200875 -0.821843 2.369283
v -0.220267 -0.794370 2.432710
v -0.241076 -0.785000 2.500775
v -0.261886 -0.794370 2.568840
v -0.281277 -0.821843 2.632267
v -0.297929 -0.865546 2.686733
v -0.310707 -0.922500 2.728526
v -0.318739 -0.988825 2.754798
v -0.321479 -1.060000 2.763759
v -0.318739 -1.131175 2.754798
v -0.310707 -1.197500 2.728526
v -0.297929 -1.254454 2.686733
v -0.281277 -1.298157 2.632267
v -0.261886 -1.325630 2.568840
v -0.241076 -1.335000 2.500775
v -0.220267 -1.325630 2.432710
v -0.200875 -1.298157 2.369283
v -0.184223 -1.254454 2.314818
v -0.171446 -1.197500 2.273025
v -0.163414 -1.131175 2.246752
v -0.552037 1.053280 3.517882
v -0.554777 1.124455 3.526843
v -0.562809 1.190780 3.553115
v -0.575586 1.247734 3.594908
v -0.592238 1.291437 3.649374
v -0.611630 1.318910 3.712800
v -0.632439 1.328280 3.780866
v -0.653249 1.318910 3.848931
v -0.672640 1.291437 3.912358
v -0.689292 1.247734 3.966823
v -0.702070 1.190780 4.008616
v -0.710102 1.124455 4.034888
v -0.712841 1.053280 4.043849
v -0.710102 0.982105 4.034888
v -0.702070 0.915780 4.008616
v -0.689292 0.858826 3.966823
v -0.672640 0.815123 3.912358
v -0.653249 0.787650 3.848931
v -0.632439 0.778280 3.780866
v -0.611630 0.787650 3.712800
v -0.592238 0.815123 3.649374
v -0.575586 0.858826 3.594908
v -0.562809 0.915780 3.553115
v -0.554777 0.982105 3.526843
v -0.160674 1.053280 2.237791
v -0.163414 1.124455 2.246752
v -0.171446 1.190780 2.273025
v -0.184223 1.247734 2.314818
v -0.200875 1.291437 2.369283
v -0.220267 1.318910 2.432710
v -0.241076 1.328280 2.500775
v -0.261886 1.318910 2.568840
v -0.281277 1.291437 2.632267
v -0.297929 1.247734 2.686733
v -0.310707 1.190780 2.728526
v -0.318739 1.124455 2.754798
v -0.321479 1.053280 2.763759
v -0.318739 0.982105 2.754798
v -0.310707 0.915780 2.728526
v -0.297929 0.858826 2.686733
v -0.281277 0.815123 2.632267
v -0.261886 0.787650 2.568840
v -0.241076 0.778280 2.500775
v -0.220267 0.787650 2.432710
v -0.200875 0.815123 2.369283
v -0.184223 0.858826 2.314818
v -0.171446 0.915780 2.273025
v -0.163414 0.982105 2.246752
v -0.009750 1.500000 1.735783
v -0.002443 1.500000 1.686895
v -0.002443 -1.500000 1.686895
v -0.009750 -1.500000 1.735783
v -0.005492 0.000000 1.711429
v 0.000000 1.750000 0.000000
v 0.000000 -1.750000 0.000000
v 0.000000 -1.750000 0.450000
v 0.000000 -1.743185 0.501764
v 0.000000 -1.723205 0.550000
v 0.000000 -1.691421 0.591421
v 0.000000 -1.650000 0.623205
v 0.000000 -1.601764 0.643185
v -0.000000 -1.550000 0.650000
v -0.000000 1.550000 0.650000
v 0.000000 1.601764 0.643185
v 0.000000 1.650000 0.623205
v 0.000000 1.691421 0.591421
v 0.000000 1.723205 0.550000
v 0.000000 1.743185 0.501764
v 0.000000 1.750000 0.450000
v 0.000000 0.500000 0.125000
v 0.000000 0.545293 0.130963
v 0.000000 0.587500 0.148446
v 0.000000 0.623744 0.176256
v 0.000000 0.651554 0.212500
v 0.000000 0.669037 0.254707
v 0.000000 0.675000 0.300000
v -0.000000 0.669037 0.345293
v -0.000000 0.651554 0.387500
v -0.000000 0.623744 0.423744
v -0.000000 0.587500 0.451554
v -0.000000 0.545293 0.469037
v -0.000000 0.500000 0.475000
v -0.000000 0.454707 0.469037
v -0.000000 0.412500 0.451554
v -0.000000 0.376256 0.423744
v -0.000000 0.348446 0.387500
v -0.000000 0.330963 0.345293
v -0.000000 0.325000 0.300000
v 0.000000 0.330963 0.254707
v 0.000000 0.348446 0.212500
v 0.000000 0.376256 0.176256
v 0.000000 0.412500 0.148446
v 0.000000 0.454707 0.130963
v 0.000000 -0.500000 0.125000
v 0.000000 -0.454707 0.130963
v 0.000000 -0.412500 0.148446
v 0.000000 -0.376256 0.176256
v 0.000000 -0.348446 0.212500
v 0.000000 -0.330963 0.254707
v 0.000000 -0.325000 0.300000
v -0.000000 -0.330963 0.345293
v -0.000000 -0.348446 0.387500
v -0.000000 -0.376256 0.423744
v -0.000000 -0.412500 0.451554
v -0.000000 -0.454707 0.469037
v -0.000000 -0.500000 0.475000
v -0.000000 -0.545293 0.469037
v -0.000000 -0.587500 0.451554
v -0.000000 -0.623744 0.423744
v -0.000000 -0.651554 0.387500
v -0.000000 -0.669037 0.345293
v -0.000000 -0.675000 0.300000
v 0.000000 -0.669037 0.254707
v 0.000000 -0.651554 0.212500
v 0.000000 -0.623744 0.176256
v 0.000000 -0.587500 0.148446
v 0.000000 -0.545293 0.130963
v -0.189911 1.053280 2.333422
v -0.191655 1.007987 2.339124
v -0.196766 0.965780 2.355843
v -0.204897 0.929536 2.382439
v -0.215494 0.901726 2.417099
v -0.227834 0.884243 2.457461
v -0.241076 0.878280 2.500775
v -0.254319 0.884243 2.544089
v -0.266659 0.901726 2.584452
v -0.277256 0.929536 2.619112
v -0.285387 0.965780 2.645707
v -0.290498 1.007987 2.662426
v -0.292241 1.053280 2.668129
v -0.290498 1.098573 2.662426
v -0.285387 1.140780 2.645707
v -0.277256 1.177024 2.619112
v -0.266659 1.204834 2.584452
v -0.254319 1.222317 2.544089
v -0.241076 1.228280 2.500775
v -0.227834 1.222317 2.457461
v -0.215494 1.204834 2.417099
v -0.204897 1.177024 2.382439
v -0.196766 1.140780 2.355843
v -0.191655 1.098573 2.339124
v -0.204530 1.053280 2.381237
v -0.205775 1.085632 2.385310
v -0.209426 1.115780 2.397252
v -0.215234 1.141668 2.416249
v -0.222803 1.161533 2.441006
v -0.231617 1.174021 2.469836
v -0.241076 1.178280 2.500775
v -0.250535 1.174021 2.531714
v -0.259350 1.161533 2.560544
v -0.266919 1.141668 2.585301
v -0.272727 1.115780 2.604298
v -0.276378 1.085632 2.616240
v -0.277623 1.053280 2.620313
v -0.276378 1.020928 2.616240
v -0.272727 0.990780 2.604298
v -0.266919 0.964892 2.585301
v -0.259350 0.945027 2.560544
v -0.250535 0.932539 2.531714
v -0.241076 0.928280 2.500775
v -0.231617 0.932539 2.469836
v -0.222803 0.945027 2.441006
v -0.215234 0.964892 2.416249
v -0.209426 0.990780 2.397252
v -0.205775 1.020928 2.385310
v -0.581274 1.053280 3.613512
v -0.583018 1.007987 3.619215
v -0.588129 0.965780 3.635933
v -0.596260 0.929536 3.662529
v -0.606857 0.901726 3.697189
v -0.619197 0.884243 3.737551
v -0.632439 0.878280 3.780866
v -0.645682 0.884243 3.824180
v -0.658022 0.901726 3.864542
v -0.668618 0.929536 3.899202
v -0.676750 0.965780 3.925798
v -0.681861 1.007987 3.942517
v -0.683604 1.053280 3.948219
v -0.681861 1.098573 3.942517
v -0.676750 1.140780 3.925798
v -0.668618 1.177024 3.899202
v -0.658022 1.204834 3.864542
v -0.645682 1.222317 3.824180
v -0.632439 1.228280 3.780866
v -0.619197 1.222317 3.737551
v -0.606857 1.204834 3.697189
v -0.596260 1.177024 3.662529
v -0.588129 1.140780 3.635933
v -0.583018 1.098573 3.619215
v -0.595893 1.053280 3.661328
v -0.597138 1.085632 3.665401
v -0.600789 1.115780 3.677343
v -0.606597 1.141668 3.696339
v -0.614166 1.161533 3.721097
v -0.622980 1.174021 3.749927
v -0.632439 1.178280 3.780866
v -0.641898 1.174021 3.811804
v -0.650713 1.161533 3.840635
v -0.658282 1.141668 3.865392
v -0.664089 1.115780 3.884389
v -0.667740 1.085632 3.896331
v -0.668986 1.053280 3.900404
v -0.667740 1.020928 3.896331
v -0.664089 0.990780 3.884389
v -0.658282 0.964892 3.865392
v -0.650713 0.945027 3.840635
v -0.641898 0.932539 3.811804
v -0.632439 0.928280 3.780866
v -0.622980 0.932539 3.749927
v -0.614166 0.945027 3.721097
v -0.606597 0.964892 3.696339
v -0.600789 0.990780 3.677343
v -0.597138 1.020928 3.665401
v -0.189911 -1.060000 2.333422
v -0.191655 -1.105293 2.339124
v -0.196766 -1.147500 2.355843
v -0.204897 -1.183744 2.382439
v -0.215494 -1.211554 2.417099
v -0.227834 -1.229037 2.457461
v -0.241076 -1.235000 2.500775
v -0.254319 -1.229037 2.544089
v -0.266659 -1.211554 2.584452
v -0.277256 -1.183744 2.619112
v -0.285387 -1.147500 2.645707
v -0.290498 -1.105293 2.662426
v -0.292241 -1.060000 2.668129
v -0.290498 -1.014707 2.662426
v -0.285387 -0.972500 2.645707
v -0.277256 -0.936256 2.619112
v -0.266659 -0.908446 2.584452
v -0.254319 -0.890963 2.544089
v -0.241076 -0.885000 2.500775
v -0.227834 -0.890963 2.457461
v -0.215494 -0.908446 2.417099
v -0.204897 -0.936256 2.382439
v -0.196766 -0.972500 2.355843
v -0.191655 -1.014707 2.339124
v -0.204530 -1.060000 2.381237
v -0.205775 -1.027648 2.385310
v -0.209426 -0.997500 2.397252
v -0.215234 -0.971612 2.416249
v -0.222803 -0.951747 2.441006
v -0.231617 -0.939259 2.469836
v -0.241076 -0.935000 2.500775
v -0.250535 -0.939259 2.531714
v -0.259350 -0.951747 2.560544
v -0.266919 -0.971612 2.585301
v -0.272727 -0.997500 2.604298
v -0.276378 -1.027648 2.616240
v -0.277623 -1.060000 2.620313
v -0.276378 -1.092352 2.616240
v -0.272727 -1.122500 2.604298
v -0.266919 -1.148388 2.585301
v -0.259350 -1.168253 2.560544
v -0.250535 -1.180741 2.531714
v -0.241076 -1.185000 2.500775
v -0.231617 -1.180741 2.469836
v -0.222803 -1.168253 2.441006
v -0.215234 -1.148388 2.416249
v -0.209426 -1.122500 2.397252
v -0.205775 -1.092352 2.385310
v -0.581274 -1.060000 3.613512
v -0.583018 -1.105293 3.619215
v -0.588129 -1.147500 3.635933
v -0.596260 -1.183744 3.662529
v -0.606857 -1.211554 3.697189
v -0.619197 -1.229037 3.737551
v -0.632439 -1.235000 3.780866
v -0.645682 -1.229037 3.824180
v -0.658022 -1.211554 3.864542
v -0.668618 -1.183744 3.899202
v -0.676750 -1.147500 3.925798
v -0.681861 -1.105293 3.942517
v -0.683604 -1.060000 3.948219
v -0.681861 -1.014707 3.942517
v -0.676750 -0.972500 3.925798
v -0.668618 -0.936256 3.899202
v -0.658022 -0.908446 3.864542
v -0.645682 -0.890963 3.824180
v -0.632439 -0.885000 3.780866
v -0.619197 -0.890963 3.737551
v -0.606857 -0.908446 3.697189
v -0.596260 -0.936256 3.662529
v -0.588129 -0.972500 3.635933
v -0.583018 -1.014707 3.619215
v -0.595893 -1.060000 3.661328
v -0.597138 -1.027648 3.665401
v -0.600789 -0.997500 3.677343
v -0.606597 -0.971612 3.696339
v -0.614166 -0.951747 3.721097
v -0.622980 -0.939259 3.749927
v -0.632439 -0.935000 3.780866
v -0.641898 -0.939259 3.811804
v -0.650713 -0.951747 3.840635
v -0.658282 -0.971612 3.865392
v -0.664089 -0.997500 3.884389
v -0.667740 -1.027648 3.896331
v -0.668986 -1.060000 3.900404
v -0.667740 -1.092352 3.896331
v -0.664089 -1.122500 3.884389
v -0.658282 -1.148388 3.865392
v -0.650713 -1.168253 3.840635
v -0.641898 -1.180741 3.811804
v -0.632439 -1.185000 3.780866
v -0.622980 -1.180741 3.749927
v -0.614166 -1.168253 3.721097
v -0.606597 -1.148388 3.696339
v -0.600789 -1.122500 3.677343
v -0.597138 -1.092352 3.665401
v 0.837195 1.800000 -0.000000
v 0.835111 1.851764 0.006815
v 0.829003 1.900000 0.026795
v 0.819286 1.941421 0.058579
v 0.806622 1.973205 0.100000
v 0.791875 1.993185 0.148236
v 0.776049 2.000000 0.200000
v -0.429252 2.000000 4.142360
v -0.452990 1.989778 4.220006
v -0.475111 1.959808 4.292360
v -0.494107 1.912132 4.354492
v -0.508683 1.850000 4.402168
v -0.517846 1.777646 4.432138
v -0.520971 1.700000 4.442360
v -0.520971 -1.700000 4.442360
v -0.517846 -1.777646 4.432138
v -0.508683 -1.850000 4.402168
v -0.494107 -1.912132 4.354492
v -0.475111 -1.959808 4.292360
v -0.452990 -1.989778 4.220006
v -0.429252 -2.000000 4.142360
v 0.776049 -2.000000 0.200000
v 0.791875 -1.993185 0.148236
v 0.806622 -1.973205 0.100000
v 0.819286 -1.941421 0.058579
v 0.829003 -1.900000 0.026795
v 0.835111 -1.851764 0.006815
v 0.837195 -1.800000 -0.000000
v 0.837195 -1.500000 -0.000000
v 0.835111 -1.448236 0.006815
v 0.829003 -1.400000 0.026795
v 0.819286 -1.358579 0.058579
v 0.806622 -1.326795 0.100000
v 0.791875 -1.306815 0.148236
v 0.776049 -1.300000 0.200000
v 0.600000 -1.300000 0.775829
v 0.546261 -1.292645 0.951602
v 0.496474 -1.271121 1.114446
v 0.454302 -1.237011 1.252386
v 0.422846 -1.192825 1.355274
v 0.422846 1.192825 1.355274
v 0.454302 1.237011 1.252386
v 0.496474 1.271121 1.114446
v 0.546261 1.292645 0.951602
v 0.600000 1.300000 0.775829
v 0.776049 1.300000 0.200000
v 0.791875 1.306815 0.148236
v 0.806622 1.326795 0.100000
v 0.819286 1.358579 0.058579
v 0.829003 1.400000 0.026795
v 0.835111 1.448236 0.006815
v 0.837195 1.500000 -0.000000
v -0.345548 -0.935000 3.868577
v -0.336089 -0.939259 3.837638
v -0.327275 -0.951747 3.808808
v -0.319706 -0.971612 3.784051
v -0.313898 -0.997500 3.765054
v -0.310247 -1.027648 3.753112
v -0.309001 -1.060000 3.749039
v -0.310247 -1.092352 3.753112
v -0.313898 -1.122500 3.765054
v -0.319706 -1.148388 3.784051
v -0.327275 -1.168253 3.808808
v -0.336089 -1.180741 3.837638
v -0.345548 -1.185000 3.868577
v -0.355007 -1.180741 3.899516
v -0.363821 -1.168253 3.928346
v -0.371390 -1.148388 3.953103
v -0.377198 -1.122500 3.972100
v -0.380849 -1.092352 3.984042
v -0.382094 -1.060000 3.988115
v -0.380849 -1.027648 3.984042
v -0.377198 -0.997500 3.972100
v -0.371390 -0.971612 3.953103
v -0.363821 -0.951747 3.928346
v -0.355007 -0.939259 3.899516
v 0.045815 -0.935000 2.588487
v 0.055274 -0.939259 2.557548
v 0.064088 -0.951747 2.528718
v 0.071657 -0.971612 2.503961
v 0.077465 -0.997500 2.484964
v 0.081116 -1.027648 2.473022
v 0.082362 -1.060000 2.468949
v 0.081116 -1.092352 2.473022
v 0.077465 -1.122500 2.484964
v 0.071657 -1.148388 2.503961
v 0.064088 -1.168253 2.528718
v 0.055274 -1.180741 2.557548
v 0.045815 -1.185000 2.588487
v 0.036356 -1.180741 2.619425
v 0.027542 -1.168253 2.648256
v 0.019973 -1.148388 2.673013
v 0.014165 -1.122500 2.692010
v 0.010514 -1.092352 2.703952
v 0.009269 -1.060000 2.708025
v 0.010514 -1.027648 2.703952
v 0.014165 -0.997500 2.692010
v 0.019973 -0.971612 2.673013
v 0.027542 -0.951747 2.648256
v 0.036356 -0.939259 2.619425
v -0.345548 1.178280 3.868577
v -0.336089 1.174021 3.837638
v -0.327275 1.161533 3.808808
v -0.319706 1.141668 3.784051
v -0.313898 1.115780 3.765054
v -0.310247 1.085632 3.753112
v -0.309001 1.053280 3.749039
v -0.310247 1.020928 3.753112
v -0.313898 0.990780 3.765054
v -0.319706 0.964892 3.784051
v -0.327275 0.945027 3.808808
v -0.336089 0.932539 3.837638
v -0.345548 0.928280 3.868577
v -0.355007 0.932539 3.899516
v -0.363821 0.945027 3.928346
v -0.371390 0.964892 3.953103
v -0.377198 0.990780 3.972100
v -0.380849 1.020928 3.984042
v -0.382094 1.053280 3.988115
v -0.380849 1.085632 3.984042
v -0.377198 1.115780 3.972100
v -0.371390 1.141668 3.953103
v -0.363821 1.161533 3.928346
v -0.355007 1.174021 3.899516
v 0.045815 1.178280 2.588487
v 0.055274 1.174021 2.557548
v 0.064088 1.161533 2.528718
v 0.071657 1.141668 2.503961
v 0.077465 1.115780 2.484964
v 0.081116 1.085632 2.473022
v 0.082362 1.053280 2.468949
v 0.081116 1.020928 2.473022
v 0.077465 0.990780 2.484964
v 0.071657 0.964892 2.503961
v 0.064088 0.945027 2.528718
v 0.055274 0.932539 2.557548
v 0.045815 0.928280 2.588487
v 0.036356 0.932539 2.619425
v 0.027542 0.945027 2.648256
v 0.019973 0.964892 2.673013
v 0.014165 0.990780 2.692010
v 0.010514 1.020928 2.703952
v 0.009269 1.053280 2.708025
v 0.010514 1.085632 2.703952
v 0.014165 1.115780 2.692010
v 0.019973 1.141668 2.673013
v 0.027542 1.161533 2.648256
v 0.036356 1.174021 2.619425
v 0.000000 1.800000 0.000000
v 0.600000 1.500000 0.000000
v 0.496472 1.486370 0.000000
v 0.400000 1.446410 0.000000
v 0.317157 1.382843 0.000000
v 0.253590 1.300000 0.000000
v 0.213630 1.203528 0.000000
v 0.200000 1.100000 0.000000
v 0.213630 0.996472 0.000000
v 0.253590 0.900000 0.000000
v 0.317157 0.817157 0.000000
v 0.317157 -0.817157 0.000000
v 0.253590 -0.900000 0.000000
v 0.213630 -0.996472 0.000000
v 0.200000 -1.100000 0.000000
v 0.213630 -1.203528 0.000000
v 0.253590 -1.300000 0.000000
v 0.317157 -1.382843 0.000000
v 0.400000 -1.446410 0.000000
v 0.496472 -1.486370 0.000000
v 0.600000 -1.500000 0.000000
v 0.000000 -1.800000 0.000000
v -0.200000 -2.000000 0.900000
v -0.200000 -2.000000 0.200000
v -0.200000 2.000000 0.200000
v -0.200000 2.000000 0.900000
v -0.775885 -0.785000 3.737010
v -0.796695 -0.794370 3.805075
v -0.816086 -0.821843 3.868502
v -0.832738 -0.865546 3.922967
v -0.845515 -0.922500 3.964761
v -0.853548 -0.988825 3.991033
v -0.856287 -1.060000 3.999994
v -0.853548 -1.131175 3.991033
v -0.845515 -1.197500 3.964761
v -0.832738 -1.254454 3.922967
v -0.816086 -1.298157 3.868502
v -0.796695 -1.325630 3.805075
v -0.775885 -1.335000 3.737010
v -0.755075 -1.325630 3.668945
v -0.735684 -1.298157 3.605518
v -0.719032 -1.254454 3.551052
v -0.706255 -1.197500 3.509259
v -0.698222 -1.131175 3.482987
v -0.695483 -1.060000 3.474026
v -0.698222 -0.988825 3.482987
v -0.706255 -0.922500 3.509259
v -0.719032 -0.865546 3.551052
v -0.735684 -0.821843 3.605518
v -0.755075 -0.794370 3.668945
v -0.775885 -0.885000 3.737010
v -0.762642 -0.890963 3.693696
v -0.750302 -0.908446 3.653333
v -0.739706 -0.936256 3.618673
v -0.731575 -0.972500 3.592078
v -0.726463 -1.014707 3.575359
v -0.724720 -1.060000 3.569657
v -0.726463 -1.105293 3.575359
v -0.731575 -1.147500 3.592078
v -0.739706 -1.183744 3.618673
v -0.750302 -1.211554 3.653333
v -0.762642 -1.229037 3.693696
v -0.775885 -1.235000 3.737010
v -0.789127 -1.229037 3.780324
v -0.801468 -1.211554 3.820687
v -0.812064 -1.183744 3.855347
v -0.820195 -1.147500 3.881942
v -0.825307 -1.105293 3.898661
v -0.827050 -1.060000 3.904363
v -0.825307 -1.014707 3.898661
v -0.820195 -0.972500 3.881942
v -0.812064 -0.936256 3.855347
v -0.801468 -0.908446 3.820687
v -0.789127 -0.890963 3.780324
v -0.384522 -0.785000 2.456919
v -0.405332 -0.794370 2.524985
v -0.424723 -0.821843 2.588411
v -0.441375 -0.865546 2.642877
v -0.454152 -0.922500 2.684670
v -0.462185 -0.988825 2.710942
v -0.464924 -1.060000 2.719903
v -0.462185 -1.131175 2.710942
v -0.454152 -1.197500 2.684670
v -0.441375 -1.254454 2.642877
v -0.424723 -1.298157 2.588411
v -0.405332 -1.325630 2.524985
v -0.384522 -1.335000 2.456919
v -0.363712 -1.325630 2.388854
v -0.344321 -1.298157 2.325428
v -0.327669 -1.254454 2.270962
v -0.314892 -1.197500 2.229169
v -0.306859 -1.131175 2.202897
v -0.304120 -1.060000 2.193936
v -0.306859 -0.988825 2.202897
v -0.314892 -0.922500 2.229169
v -0.327669 -0.865546 2.270962
v -0.344321 -0.821843 2.325428
v -0.363712 -0.794370 2.388854
v -0.384522 -0.885000 2.456919
v -0.371280 -0.890963 2.413605
v -0.358940 -0.908446 2.373243
v -0.348343 -0.936256 2.338583
v -0.340212 -0.972500 2.311987
v -0.335100 -1.014707 2.295269
v -0.333357 -1.060000 2.289566
v -0.335100 -1.105293 2.295269
v -0.340212 -1.147500 2.311987
v -0.348343 -1.183744 2.338583
v -0.358940 -1.211554 2.373243
v -0.371280 -1.229037 2.413605
v -0.384522 -1.235000 2.456919
v -0.397765 -1.229037 2.500234
v -0.410105 -1.211554 2.540596
v -0.420701 -1.183744 2.575256
v -0.428832 -1.147500 2.601852
v -0.433944 -1.105293 2.618570
v -0.435687 -1.060000 2.624273
v -0.433944 -1.014707 2.618570
v -0.428832 -0.972500 2.601852
v -0.420701 -0.936256 2.575256
v -0.410105 -0.908446 2.540596
v -0.397765 -0.890963 2.500234
v -0.775885 1.328280 3.737010
v -0.796695 1.318910 3.805075
v -0.816086 1.291437 3.868502
v -0.832738 1.247734 3.922967
v -0.845515 1.190780 3.964761
v -0.853548 1.124455 3.991033
v -0.856287 1.053280 3.999994
v -0.853548 0.982105 3.991033
v -0.845515 0.915780 3.964761
v -0.832738 0.858826 3.922967
v -0.816086 0.815123 3.868502
v -0.796695 0.787650 3.805075
v -0.775885 0.778280 3.737010
v -0.755075 0.787650 3.668945
v -0.735684 0.815123 3.605518
v -0.719032 0.858826 3.551052
v -0.706255 0.915780 3.509259
v -0.698222 0.982105 3.482987
v -0.695483 1.053280 3.474026
v -0.698222 1.124455 3.482987
v -0.706255 1.190780 3.509259
v -0.719032 1.247734 3.551052
v -0.735684 1.291437 3.605518
v -0.755075 1.318910 3.668945
v -0.775885 1.228280 3.737010
v -0.762642 1.222317 3.693696
v -0.750302 1.204834 3.653333
v -0.739706 1.177024 3.618673
v -0.731575 1.140780 3.592078
v -0.726463 1.098573 3.575359
v -0.724720 1.053280 3.569657
v -0.726463 1.007987 3.575359
v -0.731575 0.965780 3.592078
v -0.739706 0.929536 3.618673
v -0.750302 0.901726 3.653333
v -0.762642 0.884243 3.693696
v -0.775885 0.878280 3.737010
v -0.789127 0.884243 3.780324
v -0.801468 0.901726 3.820687
v -0.812064 0.929536 3.855347
v -0.820195 0.965780 3.881942
v -0.825307 1.007987 3.898661
v -0.827050 1.053280 3.904363
v -0.825307 1.098573 3.898661
v -0.820195 1.140780 3.881942
v -0.812064 1.177024 3.855347
v -0.801468 1.204834 3.820687
v -0.789127 1.222317 3.780324
v -0.384522 1.328280 2.456919
v -0.405332 1.318910 2.524985
v -0.424723 1.291437 2.588411
v -0.441375 1.247734 2.642877
v -0.454152 1.190780 2.684670
v -0.462185 1.124455 2.710942
v -0.464924 1.053280 2.719903
v -0.462185 0.982105 2.710942
v -0.454152 0.915780 2.684670
v -0.441375 0.858826 2.642877
v -0.424723 0.815123 2.588411
v -0.405332 0.787650 2.524985
v -0.384522 0.778280 2.456919
v -0.363712 0.787650 2.388854
v -0.344321 0.815123 2.325428
v -0.327669 0.858826 2.270962
v -0.314892 0.915780 2.229169
v -0.306859 0.982105 2.202897
v -0.304120 1.053280 2.193936
v -0.306859 1.124455 2.202897
v -0.314892 1.190780 2.229169
v -0.327669 1.247734 2.270962
v -0.344321 1.291437 2.325428
v -0.363712 1.318910 2.388854
v -0.384522 1.228280 2.456919
v -0.371280 1.222317 2.413605
v -0.358940 1.204834 2.373243
v -0.348343 1.177024 2.338583
v -0.340212 1.140780 2.311987
v -0.335100 1.098573 2.295269
v -0.333357 1.053280 2.289566
v -0.335100 1.007987 2.295269
v -0.340212 0.965780 2.311987
v -0.348343 0.929536 2.338583
v -0.358940 0.901726 2.373243
v -0.371280 0.884243 2.413605
v -0.384522 0.878280 2.456919
v -0.397765 0.884243 2.500234
v -0.410105 0.901726 2.540596
v -0.420701 0.929536 2.575256
v -0.428832 0.965780 2.601852
v -0.433944 1.007987 2.618570
v -0.435687 1.053280 2.624273
v -0.433944 1.098573 2.618570
v -0.428832 1.140780 2.601852
v -0.420701 1.177024 2.575256
v -0.410105 1.204834 2.540596
v -0.397765 1.222317 2.500234
v -0.200000 1.750000 0.450000
v -0.200000 1.750000 0.200000
v -0.193185 1.750000 0.148236
v -0.173205 1.750000 0.100000
v -0.141421 1.750000 0.058579
v -0.100000 1.750000 0.026795
v -0.051764 1.750000 0.006815
v -0.200000 1.550000 0.650000
v -0.200000 1.601764 0.643185
v -0.200000 1.650000 0.623205
v -0.200000 1.691421 0.591421
v -0.200000 1.723205 0.550000
v -0.200000 1.743185 0.501764
v -0.200000 -1.550000 0.650000
v -0.200000 -1.750000 0.450000
v -0.200000 -1.743185 0.501764
v -0.200000 -1.723205 0.550000
v -0.200000 -1.691421 0.591421
v -0.200000 -1.650000 0.623205
v -0.200000 -1.601764 0.643185
v -0.051764 -1.750000 0.006815
v -0.100000 -1.750000 0.026795
v -0.141421 -1.750000 0.058579
v -0.173205 -1.750000 0.100000
v -0.193185 -1.750000 0.148236
v -0.200000 -1.750000 0.200000
v 0.600000 -1.300000 0.200000
v 0.600000 1.300000 0.200000
v 0.600000 1.306815 0.148236
v 0.600000 1.326795 0.100000
v 0.600000 1.358579 0.058579
v 0.600000 1.400000 0.026795
v 0.600000 1.448236 0.006815
v 0.548236 1.293185 0.200000
v 0.500000 1.273205 0.200000
v 0.458579 1.241421 0.200000
v 0.426795 1.200000 0.200000
v 0.406815 1.151764 0.200000
v 0.353760 0.853760 0.006815
v 0.387868 0.887868 0.026795
v 0.298419 0.925882 0.006815
v 0.340192 0.950000 0.026795
v 0.376064 0.970711 0.058579
v 0.263630 1.009870 0.006815
v 0.310222 1.022354 0.026795
v 0.350232 1.033075 0.058579
v 0.380933 1.041301 0.100000
v 0.251764 1.100000 0.006815
v 0.300000 1.100000 0.026795
v 0.341421 1.100000 0.058579
v 0.373205 1.100000 0.100000
v 0.393185 1.100000 0.148236
v 0.263630 1.190130 0.006815
v 0.310222 1.177646 0.026795
v 0.350232 1.166925 0.058579
v 0.380933 1.158699 0.100000
v 0.400232 1.153528 0.148236
v 0.298419 1.274118 0.006815
v 0.340192 1.250000 0.026795
v 0.376064 1.229289 0.058579
v 0.403590 1.213397 0.100000
v 0.420893 1.203407 0.148236
v 0.353760 1.346240 0.006815
v 0.387868 1.312132 0.026795
v 0.417157 1.282843 0.058579
v 0.439632 1.260368 0.100000
v 0.453760 1.246240 0.148236
v 0.425882 1.401581 0.006815
v 0.450000 1.359808 0.026795
v 0.470711 1.323936 0.058579
v 0.486603 1.296410 0.100000
v 0.496593 1.279107 0.148236
v 0.509870 1.436370 0.006815
v 0.522354 1.389778 0.026795
v 0.533075 1.349768 0.058579
v 0.541301 1.319067 0.100000
v 0.546472 1.299768 0.148236
v 0.410264 1.163248 1.355274
v 0.402583 1.132038 1.355274
v 0.600000 -1.448236 0.006815
v 0.600000 -1.400000 0.026795
v 0.600000 -1.358579 0.058579
v 0.600000 -1.326795 0.100000
v 0.600000 -1.306815 0.148236
v 0.406815 -1.151764 0.200000
v 0.426795 -1.200000 0.200000
v 0.458579 -1.241421 0.200000
v 0.500000 -1.273205 0.200000
v 0.548236 -1.293185 0.200000
v 0.509870 -1.436370 0.006815
v 0.522354 -1.389778 0.026795
v 0.533075 -1.349768 0.058579
v 0.541301 -1.319067 0.100000
v 0.546472 -1.299768 0.148236
v 0.425882 -1.401581 0.006815
v 0.450000 -1.359808 0.026795
v 0.470711 -1.323936 0.058579
v 0.486603 -1.296410 0.100000
v 0.496593 -1.279107 0.148236
v 0.353760 -1.346240 0.006815
v 0.387868 -1.312132 0.026795
v 0.417157 -1.282843 0.058579
v 0.439632 -1.260368 0.100000
v 0.453760 -1.246240 0.148236
v 0.298419 -1.274118 0.006815
v 0.340192 -1.250000 0.026795
v 0.376064 -1.229289 0.058579
v 0.403590 -1.213397 0.100000
v 0.420893 -1.203407 0.148236
v 0.263630 -1.190130 0.006815
v 0.310222 -1.177646 0.026795
v 0.350232 -1.166925 0.058579
v 0.380933 -1.158699 0.100000
v 0.400232 -1.153528 0.148236
v 0.251764 -1.100000 0.006815
v 0.300000 -1.100000 0.026795
v 0.341421 -1.100000 0.058579
v 0.373205 -1.100000 0.100000
v 0.393185 -1.100000 0.148236
v 0.263630 -1.009870 0.006815
v 0.310222 -1.022354 0.026795
v 0.350232 -1.033075 0.058579
v 0.380933 -1.041301 0.100000
v 0.298419 -0.925882 0.006815
v 0.340192 -0.950000 0.026795
v 0.376064 -0.970711 0.058579
v 0.353760 -0.853760 0.006815
v 0.387868 -0.887868 0.026795
v 0.402583 -1.132038 1.355274
v 0.410264 -1.163248 1.355274
v -0.039018 1.839018 0.003843
v -0.076537 1.876537 0.015224
v -0.111114 1.911114 0.033706
v -0.141421 1.941421 0.058579
v -0.166294 1.966294 0.088886
v -0.184776 1.984776 0.123463
v -0.196157 1.996157 0.160982
v -0.199037 1.999037 0.180397
v -0.199037 -1.999037 0.180397
v -0.196157 -1.996157 0.160982
v -0.184776 -1.984776 0.123463
v -0.166294 -1.966294 0.088886
v -0.141421 -1.941421 0.058579
v -0.111114 -1.911114 0.033706
v -0.076537 -1.876537 0.015224
v -0.039018 -1.839018 0.003843
v 0.196474 -0.898296 1.092228
v 0.200000 -0.893301 1.080696
v 0.203028 -0.885355 1.070793
v 0.205351 -0.875000 1.063194
v 0.206811 -0.862941 1.058417
v 0.190546 -0.862941 1.363589
v 0.192006 -0.875000 1.358812
v 0.194329 -0.885355 1.351213
v 0.197357 -0.893301 1.341310
v 0.200882 -0.898296 1.329778
v 0.206811 0.862941 1.058417
v 0.205351 0.875000 1.063194
v 0.203028 0.885355 1.070793
v 0.200000 0.893301 1.080696
v 0.196474 0.898296 1.092228
v 0.200882 0.898296 1.329778
v 0.197357 0.893301 1.341310
v 0.194329 0.885355 1.351213
v 0.192006 0.875000 1.358812
v 0.190546 0.862941 1.363589
vt -0.812250 3.500000 0.000000
vt -0.457420 2.900000 0.000000
vt -0.074726 3.500000 0.000000
vt -0.443888 2.898296 0.000000
vt -0.431278 2.893301 0.000000
vt -0.812250 0.500000 0.000000
vt -0.718843 2.850000 0.000000
vt -0.717061 2.862941 0.000000
vt -0.711838 2.875000 0.000000
vt -0.074726 0.500000 0.000000
vt -0.457420 1.100000 0.000000
vt -0.666558 1.100000 0.000000
vt -0.680090 1.101704 0.000000
vt -0.405135 2.850000 0.000000
vt -0.405135 1.150000 0.000000
vt -0.406917 1.137059 0.000000
vt -0.412140 1.125000 0.000000
vt -0.420449 1.114645 0.000000
vt -0.431278 1.106699 0.000000
vt -0.443888 1.101704 0.000000
vt -0.692700 1.106699 0.000000
vt -0.703529 1.114645 0.000000
vt -0.711838 1.125000 0.000000
vt -0.717061 1.137059 0.000000
vt -0.718843 1.150000 0.000000
vt -0.703529 2.885355 0.000000
vt -0.692700 2.893301 0.000000
vt -0.680090 2.898296 0.000000
vt -0.666558 2.900000 0.000000
vt -0.420449 2.885355 0.000000
vt -0.412140 2.875000 0.000000
vt -0.406917 2.862941 0.000000
vt -1.355274 2.900000 0.000000
vt -1.167984 2.900000 0.000000
vt -1.355274 3.100000 0.000000
vt -1.154452 2.898296 0.000000
vt -1.141842 2.893301 0.000000
vt -0.200000 3.100000 0.000000
vt -1.131013 2.885355 0.000000
vt -1.122704 2.875000 0.000000
vt -1.117481 2.862941 0.000000
vt -0.423744 2.623744 0.000000
vt -0.387500 2.651554 0.000000
vt -0.451554 2.587500 0.000000
vt -1.115699 2.850000 0.000000
vt -0.469037 2.545293 0.000000
vt -0.475000 2.500000 0.000000
vt -0.469037 2.454707 0.000000
vt -1.115699 1.150000 0.000000
vt -0.469037 1.545293 0.000000
vt -0.475000 1.500000 0.000000
vt -0.469037 1.454707 0.000000
vt -0.451554 1.412500 0.000000
vt -1.117481 1.137059 0.000000
vt -0.423744 1.376256 0.000000
vt -0.200000 0.900000 0.000000
vt -0.387500 1.348446 0.000000
vt -0.345293 1.330963 0.000000
vt -0.300000 1.325000 0.000000
vt -0.254707 1.330963 0.000000
vt -0.212500 1.348446 0.000000
vt -0.063801 1.055937 0.000000
vt -0.176256 1.376256 0.000000
vt -0.018183 1.145585 0.000000
vt -0.004629 1.196195 0.000000
vt -1.122704 1.125000 0.000000
vt -1.131013 1.114645 0.000000
vt -1.141842 1.106699 0.000000
vt -1.355274 0.900000 0.000000
vt -1.154452 1.101704 0.000000
vt -1.167984 1.100000 0.000000
vt -1.355274 1.100000 0.000000
vt -0.000000 1.246410 0.000000
vt -0.148446 1.412500 0.000000
vt -0.130963 1.454707 0.000000
vt -0.125000 1.500000 0.000000
vt -0.130963 1.545293 0.000000
vt -0.130963 2.454707 0.000000
vt -0.148446 1.587500 0.000000
vt -0.148446 2.412500 0.000000
vt -0.176256 2.376256 0.000000
vt -0.000000 2.753590 0.000000
vt -0.125000 2.500000 0.000000
vt -0.130963 2.545293 0.000000
vt -0.148446 2.587500 0.000000
vt -0.176256 2.623744 0.000000
vt -0.004629 2.803805 0.000000
vt -0.018183 2.854415 0.000000
vt -0.063801 2.944063 0.000000
vt -0.212500 2.651554 0.000000
vt -0.254707 2.669037 0.000000
vt -0.300000 2.675000 0.000000
vt -0.345293 2.669037 0.000000
vt -0.451554 1.587500 0.000000
vt -0.451554 2.412500 0.000000
vt -0.423744 1.623744 0.000000
vt -0.423744 2.376256 0.000000
vt -0.387500 1.651554 0.000000
vt -0.387500 2.348446 0.000000
vt -0.345293 2.330963 0.000000
vt -0.345293 1.669037 0.000000
vt -0.300000 2.325000 0.000000
vt -0.300000 1.675000 0.000000
vt -0.254707 1.669037 0.000000
vt -0.254707 2.330963 0.000000
vt -0.212500 1.651554 0.000000
vt -0.212500 2.348446 0.000000
vt -0.176256 1.623744 0.000000
vt 1.100000 0.785398 0.000000
vt 1.100000 0.792635 0.000000
vt 0.900000 0.785398 0.000000
vt 1.100000 0.799872 0.000000
vt 1.100000 0.807109 0.000000
vt 0.900000 0.834849 0.000000
vt 1.100914 0.816840 0.000000
vt 1.103698 0.826509 0.000000
vt 1.108332 0.835437 0.000000
vt 1.114423 0.843095 0.000000
vt 1.121873 0.849381 0.000000
vt 1.130671 0.854236 0.000000
vt 1.140281 0.857192 0.000000
vt 1.150000 0.858171 0.000000
vt 2.850000 0.858171 0.000000
vt 2.000000 0.859575 0.000000
vt 0.900000 0.884300 0.000000
vt 2.859719 0.857192 0.000000
vt 3.100000 0.834849 0.000000
vt 3.100000 0.884300 0.000000
vt 0.900000 0.933751 0.000000
vt 2.869329 0.854236 0.000000
vt 2.878127 0.849381 0.000000
vt 2.885577 0.843095 0.000000
vt 2.891668 0.835437 0.000000
vt 2.896302 0.826509 0.000000
vt 2.899086 0.816840 0.000000
vt 2.900000 0.807109 0.000000
vt 3.100000 0.785398 0.000000
vt 2.900000 0.799872 0.000000
vt 2.900000 0.792635 0.000000
vt 2.900000 0.785398 0.000000
vt 3.100000 0.933751 0.000000
vt 0.200000 3.500000 0.000000
vt 0.000000 3.500000 0.000000
vt 0.200000 0.500000 0.000000
vt -0.000000 0.500000 0.000000
vt -0.567141 4.000000 0.000000
vt -0.567141 3.500000 0.000000
vt -0.313708 4.000000 0.000000
vt -0.232514 3.989778 0.000000
vt -0.000000 3.700000 0.000000
vt -0.156854 3.959808 0.000000
vt -0.091883 3.912132 0.000000
vt -0.042029 3.850000 0.000000
vt -0.010689 3.777646 0.000000
vt -2.780128 3.500000 0.000000
vt -2.030299 3.328280 0.000000
vt -1.959124 3.318910 0.000000
vt -1.892799 3.291437 0.000000
vt -2.780128 0.500000 0.000000
vt -2.268456 2.915780 0.000000
vt -2.295929 2.982105 0.000000
vt -2.305299 3.053280 0.000000
vt -0.567141 0.500000 0.000000
vt -2.030299 0.665000 0.000000
vt -2.101474 0.674370 0.000000
vt -2.167799 0.701843 0.000000
vt -0.567141 0.000000 0.000000
vt -0.313708 0.000000 0.000000
vt -0.232514 0.010222 0.000000
vt -0.000000 0.300000 0.000000
vt -0.156854 0.040192 0.000000
vt -0.091883 0.087868 0.000000
vt -0.042029 0.150000 0.000000
vt -0.010689 0.222354 0.000000
vt -0.426090 2.982105 0.000000
vt -0.426090 1.011175 0.000000
vt -0.416719 0.940000 0.000000
vt -0.957349 1.011175 0.000000
vt -1.764670 1.011175 0.000000
vt -0.966719 0.940000 0.000000
vt -1.755299 0.940000 0.000000
vt -0.957349 0.868825 0.000000
vt -1.764670 0.868825 0.000000
vt -0.929876 0.802500 0.000000
vt -1.792142 0.802500 0.000000
vt -0.886174 0.745546 0.000000
vt -1.835845 0.745546 0.000000
vt -0.829219 0.701843 0.000000
vt -1.892799 0.701843 0.000000
vt -1.959124 0.674370 0.000000
vt -1.792142 1.077500 0.000000
vt -0.929876 1.077500 0.000000
vt -1.835845 1.134454 0.000000
vt -0.886174 1.134454 0.000000
vt -1.835845 2.858826 0.000000
vt -0.886174 2.858826 0.000000
vt -1.792142 2.915780 0.000000
vt -0.929876 2.915780 0.000000
vt -1.764670 2.982105 0.000000
vt -0.957349 2.982105 0.000000
vt -1.755299 3.053280 0.000000
vt -0.966719 3.053280 0.000000
vt -1.764670 3.124455 0.000000
vt -0.957349 3.124455 0.000000
vt -1.792142 3.190780 0.000000
vt -0.929876 3.190780 0.000000
vt -1.835845 3.247734 0.000000
vt -0.886174 3.247734 0.000000
vt -0.829219 3.291437 0.000000
vt -0.762894 3.318910 0.000000
vt -0.691719 3.328280 0.000000
vt -0.829219 2.815123 0.000000
vt -0.829219 1.178157 0.000000
vt -0.762894 2.787650 0.000000
vt -0.762894 1.205630 0.000000
vt -0.691719 2.778280 0.000000
vt -0.691719 1.215000 0.000000
vt -0.620544 1.205630 0.000000
vt -0.620544 2.787650 0.000000
vt -0.554219 1.178157 0.000000
vt -0.554219 2.815123 0.000000
vt -0.497265 1.134454 0.000000
vt -0.497265 2.858826 0.000000
vt -0.453562 1.077500 0.000000
vt -0.453562 2.915780 0.000000
vt -0.426090 0.868825 0.000000
vt -0.453562 0.802500 0.000000
vt -0.497265 0.745546 0.000000
vt -0.554219 0.701843 0.000000
vt -0.620544 0.674370 0.000000
vt -0.691719 0.665000 0.000000
vt -0.762894 0.674370 0.000000
vt -2.295929 0.868825 0.000000
vt -2.305299 0.940000 0.000000
vt -2.295929 1.011175 0.000000
vt -2.268456 1.077500 0.000000
vt -2.224754 1.134454 0.000000
vt -2.224754 2.858826 0.000000
vt -2.167799 2.815123 0.000000
vt -2.167799 1.178157 0.000000
vt -2.101474 2.787650 0.000000
vt -2.101474 1.205630 0.000000
vt -2.030299 2.778280 0.000000
vt -2.030299 1.215000 0.000000
vt -1.959124 1.205630 0.000000
vt -1.959124 2.787650 0.000000
vt -1.892799 1.178157 0.000000
vt -1.892799 2.815123 0.000000
vt -2.224754 0.745546 0.000000
vt -2.268456 0.802500 0.000000
vt -0.620544 3.318910 0.000000
vt -0.554219 3.291437 0.000000
vt -0.497265 3.247734 0.000000
vt -0.453562 3.190780 0.000000
vt -0.426090 3.124455 0.000000
vt -0.416719 3.053280 0.000000
vt -2.295929 3.124455 0.000000
vt -2.268456 3.190780 0.000000
vt -2.224754 3.247734 0.000000
vt -2.167799 3.291437 0.000000
vt -2.101474 3.318910 0.000000
vt 0.500000 0.637045 0.000000
vt 3.500000 0.637045 0.000000
vt 0.500000 0.686496 0.000000
vt 2.000000 0.711222 0.000000
vt 0.500000 0.735947 0.000000
vt 0.500000 0.785398 0.000000
vt 3.500000 0.735947 0.000000
vt 3.500000 0.785398 0.000000
vt 3.500000 0.686496 0.000000
vt -1.712250 0.250000 0.000000
vt -1.587250 2.500000 0.000000
vt -1.712250 3.750000 0.000000
vt -1.581287 2.545293 0.000000
vt -1.563804 2.587500 0.000000
vt -1.262250 0.250000 0.000000
vt -1.457543 1.330963 0.000000
vt -1.499750 1.348446 0.000000
vt -1.535994 1.376256 0.000000
vt -1.210486 0.256815 0.000000
vt -1.260696 1.412500 0.000000
vt -1.288506 1.376256 0.000000
vt -1.324750 1.348446 0.000000
vt -1.243213 1.454707 0.000000
vt -1.162250 0.276795 0.000000
vt -1.120829 0.308579 0.000000
vt -1.062250 0.450000 0.000000
vt -1.089045 0.350000 0.000000
vt -1.069065 0.398236 0.000000
vt -1.062250 3.550000 0.000000
vt -1.237250 2.500000 0.000000
vt -1.237250 1.500000 0.000000
vt -1.069065 3.601764 0.000000
vt -1.089045 3.650000 0.000000
vt -1.120829 3.691421 0.000000
vt -1.243213 2.545293 0.000000
vt -1.162250 3.723205 0.000000
vt -1.210486 3.743185 0.000000
vt -1.260696 2.587500 0.000000
vt -1.262250 3.750000 0.000000
vt -1.288506 2.623744 0.000000
vt -1.324750 2.651554 0.000000
vt -1.366957 2.669037 0.000000
vt -1.412250 2.675000 0.000000
vt -1.457543 2.669037 0.000000
vt -1.499750 2.651554 0.000000
vt -1.535994 2.623744 0.000000
vt -1.243213 1.545293 0.000000
vt -1.243213 2.454707 0.000000
vt -1.260696 2.412500 0.000000
vt -1.260696 1.587500 0.000000
vt -1.288506 2.376256 0.000000
vt -1.288506 1.623744 0.000000
vt -1.324750 2.348446 0.000000
vt -1.324750 1.651554 0.000000
vt -1.366957 2.330963 0.000000
vt -1.366957 1.669037 0.000000
vt -1.412250 2.325000 0.000000
vt -1.412250 1.675000 0.000000
vt -1.457543 1.669037 0.000000
vt -1.457543 2.330963 0.000000
vt -1.499750 1.651554 0.000000
vt -1.499750 2.348446 0.000000
vt -1.535994 1.623744 0.000000
vt -1.535994 2.376256 0.000000
vt -1.563804 1.587500 0.000000
vt -1.563804 2.412500 0.000000
vt -1.581287 1.545293 0.000000
vt -1.581287 2.454707 0.000000
vt -1.587250 1.500000 0.000000
vt -1.366957 1.330963 0.000000
vt -1.412250 1.325000 0.000000
vt -1.563804 1.412500 0.000000
vt -1.581287 1.454707 0.000000
vt -2.199336 3.007987 0.000000
vt -2.151040 3.020928 0.000000
vt -2.205299 3.053280 0.000000
vt -2.155299 3.053280 0.000000
vt -2.151040 3.085632 0.000000
vt -2.138552 2.990780 0.000000
vt -2.181854 2.965780 0.000000
vt -2.118688 2.964892 0.000000
vt -2.154043 2.929536 0.000000
vt -2.092799 2.945027 0.000000
vt -2.117799 2.901726 0.000000
vt -2.062652 2.932539 0.000000
vt -2.075593 2.884243 0.000000
vt -2.030299 2.928280 0.000000
vt -2.030299 2.878280 0.000000
vt -1.985006 2.884243 0.000000
vt -1.997947 2.932539 0.000000
vt -1.942799 2.901726 0.000000
vt -1.967799 2.945027 0.000000
vt -1.906556 2.929536 0.000000
vt -1.941911 2.964892 0.000000
vt -1.878745 2.965780 0.000000
vt -1.922046 2.990780 0.000000
vt -1.861262 3.007987 0.000000
vt -1.909558 3.020928 0.000000
vt -1.905299 3.053280 0.000000
vt -1.855299 3.053280 0.000000
vt -1.909558 3.085632 0.000000
vt -1.861262 3.098573 0.000000
vt -1.922046 3.115780 0.000000
vt -1.878745 3.140780 0.000000
vt -1.941911 3.141668 0.000000
vt -1.906556 3.177024 0.000000
vt -1.967799 3.161533 0.000000
vt -1.942799 3.204834 0.000000
vt -1.997947 3.174021 0.000000
vt -1.985006 3.222317 0.000000
vt -2.030299 3.178280 0.000000
vt -2.030299 3.228280 0.000000
vt -2.075593 3.222317 0.000000
vt -2.062652 3.174021 0.000000
vt -2.117799 3.204834 0.000000
vt -2.092799 3.161533 0.000000
vt -2.154043 3.177024 0.000000
vt -2.118688 3.141668 0.000000
vt -2.181854 3.140780 0.000000
vt -2.138552 3.115780 0.000000
vt -2.199336 3.098573 0.000000
vt -0.860756 3.007987 0.000000
vt -0.812460 3.020928 0.000000
vt -0.866719 3.053280 0.000000
vt -0.816719 3.053280 0.000000
vt -0.812460 3.085632 0.000000
vt -0.799972 2.990780 0.000000
vt -0.843274 2.965780 0.000000
vt -0.780108 2.964892 0.000000
vt -0.815463 2.929536 0.000000
vt -0.754219 2.945027 0.000000
vt -0.779219 2.901726 0.000000
vt -0.724072 2.932539 0.000000
vt -0.737013 2.884243 0.000000
vt -0.691719 2.928280 0.000000
vt -0.691719 2.878280 0.000000
vt -0.646426 2.884243 0.000000
vt -0.659367 2.932539 0.000000
vt -0.604219 2.901726 0.000000
vt -0.629219 2.945027 0.000000
vt -0.567976 2.929536 0.000000
vt -0.603331 2.964892 0.000000
vt -0.540165 2.965780 0.000000
vt -0.583466 2.990780 0.000000
vt -0.522682 3.007987 0.000000
vt -0.570978 3.020928 0.000000
vt -0.566719 3.053280 0.000000
vt -0.516719 3.053280 0.000000
vt -0.570978 3.085632 0.000000
vt -0.522682 3.098573 0.000000
vt -0.583466 3.115780 0.000000
vt -0.540165 3.140780 0.000000
vt -0.603331 3.141668 0.000000
vt -0.567976 3.177024 0.000000
vt -0.629219 3.161533 0.000000
vt -0.604219 3.204834 0.000000
vt -0.659367 3.174021 0.000000
vt -0.646426 3.222317 0.000000
vt -0.691719 3.178280 0.000000
vt -0.691719 3.228280 0.000000
vt -0.737013 3.222317 0.000000
vt -0.724072 3.174021 0.000000
vt -0.779219 3.204834 0.000000
vt -0.754219 3.161533 0.000000
vt -0.815463 3.177024 0.000000
vt -0.780108 3.141668 0.000000
vt -0.843274 3.140780 0.000000
vt -0.799972 3.115780 0.000000
vt -0.860756 3.098573 0.000000
vt -2.199336 0.894707 0.000000
vt -2.151040 0.907648 0.000000
vt -2.205299 0.940000 0.000000
vt -2.155299 0.940000 0.000000
vt -2.151040 0.972352 0.000000
vt -2.138552 0.877500 0.000000
vt -2.181854 0.852500 0.000000
vt -2.118688 0.851612 0.000000
vt -2.154043 0.816256 0.000000
vt -2.092799 0.831747 0.000000
vt -2.117799 0.788446 0.000000
vt -2.062652 0.819259 0.000000
vt -2.075593 0.770963 0.000000
vt -2.030299 0.815000 0.000000
vt -2.030299 0.765000 0.000000
vt -1.985006 0.770963 0.000000
vt -1.997947 0.819259 0.000000
vt -1.942799 0.788446 0.000000
vt -1.967799 0.831747 0.000000
vt -1.906556 0.816256 0.000000
vt -1.941911 0.851612 0.000000
vt -1.878745 0.852500 0.000000
vt -1.922046 0.877500 0.000000
vt -1.861262 0.894707 0.000000
vt -1.909558 0.907648 0.000000
vt -1.905299 0.940000 0.000000
vt -1.855299 0.940000 0.000000
vt -1.909558 0.972352 0.000000
vt -1.861262 0.985293 0.000000
vt -1.922046 1.002500 0.000000
vt -1.878745 1.027500 0.000000
vt -1.941911 1.028388 0.000000
vt -1.906556 1.063744 0.000000
vt -1.967799 1.048253 0.000000
vt -1.942799 1.091554 0.000000
vt -1.997947 1.060741 0.000000
vt -1.985006 1.109037 0.000000
vt -2.030299 1.065000 0.000000
vt -2.030299 1.115000 0.000000
vt -2.075593 1.109037 0.000000
vt -2.062652 1.060741 0.000000
vt -2.117799 1.091554 0.000000
vt -2.092799 1.048253 0.000000
vt -2.154043 1.063744 0.000000
vt -2.118688 1.028388 0.000000
vt -2.181854 1.027500 0.000000
vt -2.138552 1.002500 0.000000
vt -2.199336 0.985293 0.000000
vt -0.860756 0.894707 0.000000
vt -0.812460 0.907648 0.000000
vt -0.866719 0.940000 0.000000
vt -0.816719 0.940000 0.000000
vt -0.812460 0.972352 0.000000
vt -0.799972 0.877500 0.000000
vt -0.843274 0.852500 0.000000
vt -0.780108 0.851612 0.000000
vt -0.815463 0.816256 0.000000
vt -0.754219 0.831747 0.000000
vt -0.779219 0.788446 0.000000
vt -0.724072 0.819259 0.000000
vt -0.737013 0.770963 0.000000
vt -0.691719 0.815000 0.000000
vt -0.691719 0.765000 0.000000
vt -0.646426 0.770963 0.000000
vt -0.659367 0.819259 0.000000
vt -0.604219 0.788446 0.000000
vt -0.629219 0.831747 0.000000
vt -0.567976 0.816256 0.000000
vt -0.603331 0.851612 0.000000
vt -0.540165 0.852500 0.000000
vt -0.583466 0.877500 0.000000
vt -0.522682 0.894707 0.000000
vt -0.570978 0.907648 0.000000
vt -0.566719 0.940000 0.000000
vt -0.516719 0.940000 0.000000
vt -0.570978 0.972352 0.000000
vt -0.522682 0.985293 0.000000
vt -0.583466 1.002500 0.000000
vt -0.540165 1.027500 0.000000
vt -0.603331 1.028388 0.000000
vt -0.567976 1.063744 0.000000
vt -0.629219 1.048253 0.000000
vt -0.604219 1.091554 0.000000
vt -0.659367 1.060741 0.000000
vt -0.646426 1.109037 0.000000
vt -0.691719 1.065000 0.000000
vt -0.691719 1.115000 0.000000
vt -0.737013 1.109037 0.000000
vt -0.724072 1.060741 0.000000
vt -0.779219 1.091554 0.000000
vt -0.754219 1.048253 0.000000
vt -0.815463 1.063744 0.000000
vt -0.780108 1.028388 0.000000
vt -0.843274 1.027500 0.000000
vt -0.799972 1.002500 0.000000
vt -0.860756 0.985293 0.000000
vt 1.488213 3.851764 0.000000
vt 1.286201 4.000000 0.000000
vt 1.495339 3.800000 0.000000
vt 1.286201 3.300000 0.000000
vt 1.495339 3.500000 0.000000
vt 1.488213 3.448236 0.000000
vt 1.467320 3.400000 0.000000
vt 1.434084 3.358579 0.000000
vt 1.390770 3.326795 0.000000
vt 1.340330 3.306815 0.000000
vt 1.467320 3.900000 0.000000
vt 1.434084 3.941421 0.000000
vt 1.390770 3.973205 0.000000
vt 1.340330 3.993185 0.000000
vt -2.836292 4.000000 0.000000
vt -1.179068 3.174021 0.000000
vt 0.185730 3.237011 0.000000
vt 0.329972 3.271121 0.000000
vt -2.917486 3.989778 0.000000
vt -2.993146 3.959808 0.000000
vt -3.058117 3.912132 0.000000
vt -3.107971 3.850000 0.000000
vt -3.139311 3.777646 0.000000
vt -3.150000 3.700000 0.000000
vt -2.582352 3.174021 0.000000
vt -2.612500 3.161533 0.000000
vt -2.638388 3.141668 0.000000
vt -2.658253 3.115780 0.000000
vt -2.670741 3.085632 0.000000
vt -2.675000 3.053280 0.000000
vt -2.670741 3.020928 0.000000
vt -2.658253 2.990780 0.000000
vt -3.150000 0.300000 0.000000
vt -2.658253 1.002500 0.000000
vt -2.670741 0.972352 0.000000
vt -2.675000 0.940000 0.000000
vt -2.670741 0.907648 0.000000
vt -2.658253 0.877500 0.000000
vt -2.638388 0.851612 0.000000
vt -2.612500 0.831747 0.000000
vt -2.582352 0.819259 0.000000
vt -2.836292 0.000000 0.000000
vt -2.550000 0.815000 0.000000
vt -2.517648 0.819259 0.000000
vt -2.487500 0.831747 0.000000
vt -1.273920 0.831747 0.000000
vt -2.461612 0.851612 0.000000
vt -1.299808 0.851612 0.000000
vt -2.441747 0.877500 0.000000
vt -1.319673 0.877500 0.000000
vt -2.429259 0.907648 0.000000
vt -1.332161 0.907648 0.000000
vt -2.425000 0.940000 0.000000
vt -1.336420 0.940000 0.000000
vt -2.429259 0.972352 0.000000
vt -1.332161 0.972352 0.000000
vt -2.441747 1.002500 0.000000
vt -1.319673 1.002500 0.000000
vt -2.461612 1.028388 0.000000
vt -1.299808 1.028388 0.000000
vt -2.487500 1.048253 0.000000
vt -1.273920 1.048253 0.000000
vt -2.487500 2.945027 0.000000
vt -1.273920 2.945027 0.000000
vt -2.461612 2.964892 0.000000
vt -1.299808 2.964892 0.000000
vt -2.441747 2.990780 0.000000
vt -1.319673 2.990780 0.000000
vt -2.429259 3.020928 0.000000
vt -1.332161 3.020928 0.000000
vt -2.425000 3.053280 0.000000
vt -1.336420 3.053280 0.000000
vt -2.429259 3.085632 0.000000
vt -1.332161 3.085632 0.000000
vt -2.441747 3.115780 0.000000
vt -1.319673 3.115780 0.000000
vt -2.461612 3.141668 0.000000
vt -1.299808 3.141668 0.000000
vt -2.487500 3.161533 0.000000
vt -1.273920 3.161533 0.000000
vt -1.243772 3.174021 0.000000
vt -1.211420 3.178280 0.000000
vt -3.139311 0.222354 0.000000
vt -3.107971 0.150000 0.000000
vt -3.058117 0.087868 0.000000
vt -2.993146 0.040192 0.000000
vt -2.917486 0.010222 0.000000
vt 1.286201 0.000000 0.000000
vt -1.179068 0.819259 0.000000
vt -1.211420 0.815000 0.000000
vt -1.243772 0.819259 0.000000
vt 1.340330 0.006815 0.000000
vt 1.390770 0.026795 0.000000
vt 1.434084 0.058579 0.000000
vt 1.467320 0.100000 0.000000
vt 1.488213 0.148236 0.000000
vt 1.495339 0.200000 0.000000
vt 1.286201 0.700000 0.000000
vt 1.495339 0.500000 0.000000
vt 1.488213 0.551764 0.000000
vt 1.467320 0.600000 0.000000
vt 1.434084 0.641421 0.000000
vt 1.390770 0.673205 0.000000
vt 1.340330 0.693185 0.000000
vt 0.684061 0.700000 0.000000
vt 0.500257 0.707355 0.000000
vt 0.329972 0.728879 0.000000
vt 0.185730 0.762989 0.000000
vt 0.078140 0.807175 0.000000
vt -1.148920 0.831747 0.000000
vt -0.074726 0.900000 0.000000
vt -1.123032 0.851612 0.000000
vt -1.103167 0.877500 0.000000
vt -1.090679 0.907648 0.000000
vt -1.086420 0.940000 0.000000
vt -1.090679 0.972352 0.000000
vt -1.103167 1.002500 0.000000
vt -1.123032 1.028388 0.000000
vt -1.148920 1.048253 0.000000
vt -1.148920 2.945027 0.000000
vt -1.179068 1.060741 0.000000
vt -1.179068 2.932539 0.000000
vt -1.211420 2.928280 0.000000
vt -0.074726 3.100000 0.000000
vt -1.123032 2.964892 0.000000
vt -1.103167 2.990780 0.000000
vt -1.090679 3.020928 0.000000
vt -1.086420 3.053280 0.000000
vt -1.090679 3.085632 0.000000
vt -1.103167 3.115780 0.000000
vt -1.123032 3.141668 0.000000
vt -1.148920 3.161533 0.000000
vt 0.078140 3.192825 0.000000
vt 0.500257 3.292645 0.000000
vt 0.684061 3.300000 0.000000
vt -2.582352 1.060741 0.000000
vt -2.550000 1.065000 0.000000
vt -2.550000 2.928280 0.000000
vt -2.517648 1.060741 0.000000
vt -2.517648 2.932539 0.000000
vt -2.638388 2.964892 0.000000
vt -2.638388 1.028388 0.000000
vt -2.612500 2.945027 0.000000
vt -2.612500 1.048253 0.000000
vt -2.582352 2.932539 0.000000
vt -1.243772 1.060741 0.000000
vt -1.211420 1.065000 0.000000
vt -1.243772 2.932539 0.000000
vt -2.550000 3.178280 0.000000
vt -2.517648 3.174021 0.000000
vt -0.313708 0.300000 0.000000
vt -0.000000 0.300000 0.000000
vt -0.313708 3.700000 0.000000
vt -0.000000 3.700000 0.000000
vt -0.000000 3.750000 0.000000
vt -0.213630 2.996472 0.000000
vt -0.000000 0.250000 0.000000
vt -0.213630 1.003528 0.000000
vt -0.200000 0.900000 0.000000
vt -0.000000 3.800000 0.000000
vt -0.213630 3.203528 0.000000
vt -0.200000 3.100000 0.000000
vt -0.837195 3.800000 0.000000
vt -0.496472 3.486370 0.000000
vt -0.400000 3.446410 0.000000
vt -0.317157 3.382843 0.000000
vt -0.837195 3.500000 0.000000
vt -0.600000 3.500000 0.000000
vt -0.253590 3.300000 0.000000
vt -0.253590 2.900000 0.000000
vt -0.253590 1.100000 0.000000
vt -0.317157 2.817157 0.000000
vt -0.317157 1.182843 0.000000
vt -0.400000 2.753590 0.000000
vt -0.400000 1.246410 0.000000
vt -0.213630 0.796472 0.000000
vt -0.000000 0.200000 0.000000
vt -0.253590 0.700000 0.000000
vt -0.317157 0.617157 0.000000
vt -0.400000 0.553590 0.000000
vt -0.496472 0.513630 0.000000
vt -0.837195 0.200000 0.000000
vt -0.600000 0.500000 0.000000
vt -0.837195 0.500000 0.000000
vt -4.142360 -0.742959 0.000000
vt -3.900000 -0.668862 0.000000
vt -4.142360 -0.429252 0.000000
vt -0.900000 -0.200000 0.000000
vt -0.200000 0.776049 0.000000
vt -0.200000 -0.200000 0.000000
vt 0.200000 -0.200000 0.000000
vt 0.900000 -0.200000 0.000000
vt 0.200000 0.776049 0.000000
vt 4.142360 -0.429252 0.000000
vt 3.900000 -0.668862 0.000000
vt 4.142360 -0.742959 0.000000
vt 0.600000 0.229074 0.000000
vt 0.300000 0.229074 0.000000
vt 0.600000 0.196350 0.000000
vt 0.300000 0.196350 0.000000
vt 0.600000 0.163625 0.000000
vt 0.300000 0.163625 0.000000
vt 0.600000 0.130900 0.000000
vt 0.300000 0.130900 0.000000
vt 0.600000 0.098175 0.000000
vt 0.300000 0.098175 0.000000
vt 0.600000 0.065450 0.000000
vt 0.300000 0.065450 0.000000
vt 0.600000 0.032725 0.000000
vt 0.300000 0.032725 0.000000
vt 0.600000 0.000000 0.000000
vt 0.300000 0.000000 0.000000
vt 0.600000 -0.032725 0.000000
vt 0.300000 -0.032725 0.000000
vt 0.600000 -0.065450 0.000000
vt 0.300000 -0.065450 0.000000
vt 0.600000 -0.098175 0.000000
vt 0.300000 -0.098175 0.000000
vt 0.600000 -0.130900 0.000000
vt 0.300000 -0.130900 0.000000
vt 0.600000 -0.163625 0.000000
vt 0.300000 -0.163625 0.000000
vt 0.600000 -0.196350 0.000000
vt 0.300000 -0.196350 0.000000
vt 0.600000 -0.229074 0.000000
vt 0.300000 -0.229074 0.000000
vt 0.600000 -0.261799 0.000000
vt 0.300000 -0.261799 0.000000
vt 0.600000 -0.294524 0.000000
vt 0.300000 -0.294524 0.000000
vt 0.600000 -0.327249 0.000000
vt 0.300000 -0.327249 0.000000
vt 0.600000 -0.359974 0.000000
vt 0.300000 -0.359974 0.000000
vt 0.600000 -0.392699 0.000000
vt 0.300000 -0.392699 0.000000
vt 0.600000 0.392699 0.000000
vt 0.300000 0.392699 0.000000
vt 0.600000 0.359974 0.000000
vt 0.300000 0.359974 0.000000
vt 0.600000 0.327249 0.000000
vt 0.300000 0.327249 0.000000
vt 0.600000 0.294524 0.000000
vt 0.300000 0.294524 0.000000
vt 0.600000 0.261799 0.000000
vt 0.300000 0.261799 0.000000
vt 0.600000 0.229074 0.000000
vt 0.300000 0.229074 0.000000
vt 0.600000 0.196350 0.000000
vt 0.300000 0.196350 0.000000
vt 0.600000 0.163625 0.000000
vt 0.300000 0.163625 0.000000
vt 0.600000 0.130900 0.000000
vt 0.300000 0.130900 0.000000
vt 0.600000 0.098175 0.000000
vt 0.300000 0.098175 0.000000
vt 0.600000 0.065450 0.000000
vt 0.300000 0.065450 0.000000
vt 0.600000 0.032725 0.000000
vt 0.300000 0.032725 0.000000
vt 0.600000 0.000000 0.000000
vt 0.300000 0.000000 0.000000
vt 0.600000 -0.032725 0.000000
vt 0.300000 -0.032725 0.000000
vt 0.600000 -0.065450 0.000000
vt 0.300000 -0.065450 0.000000
vt 0.600000 -0.098175 0.000000
vt 0.300000 -0.098175 0.000000
vt 0.600000 -0.130900 0.000000
vt 0.300000 -0.130900 0.000000
vt 0.600000 -0.163625 0.000000
vt 0.300000 -0.163625 0.000000
vt 0.600000 -0.196350 0.000000
vt 0.300000 -0.196350 0.000000
vt 0.600000 -0.229074 0.000000
vt 0.300000 -0.229074 0.000000
vt 0.600000 -0.261799 0.000000
vt 0.300000 -0.261799 0.000000
vt 0.600000 -0.294524 0.000000
vt 0.300000 -0.294524 0.000000
vt 0.600000 -0.327249 0.000000
vt 0.300000 -0.327249 0.000000
vt 0.600000 -0.359974 0.000000
vt 0.300000 -0.359974 0.000000
vt 0.600000 -0.392699 0.000000
vt 0.300000 -0.392699 0.000000
vt 0.600000 0.392699 0.000000
vt 0.300000 0.392699 0.000000
vt 0.600000 0.359974 0.000000
vt 0.300000 0.359974 0.000000
vt 0.600000 0.327249 0.000000
vt 0.300000 0.327249 0.000000
vt 0.600000 0.294524 0.000000
vt 0.300000 0.294524 0.000000
vt 0.600000 0.261799 0.000000
vt 0.300000 0.261799 0.000000
vt 0.600000 0.229074 0.000000
vt 0.300000 0.229074 0.000000
vt 0.600000 0.196350 0.000000
vt 0.300000 0.196350 0.000000
vt 0.600000 0.163625 0.000000
vt 0.300000 0.163625 0.000000
vt 0.600000 0.130900 0.000000
vt 0.300000 0.130900 0.000000
vt 0.600000 0.098175 0.000000
vt 0.300000 0.098175 0.000000
vt 0.600000 0.065450 0.000000
vt 0.300000 0.065450 0.000000
vt 0.600000 0.032725 0.000000
vt 0.300000 0.032725 0.000000
vt 0.600000 0.000000 0.000000
vt 0.300000 0.000000 0.000000
vt 0.600000 -0.032725 0.000000
vt 0.300000 -0.032725 0.000000
vt 0.600000 -0.065450 0.000000
vt 0.300000 -0.065450 0.000000
vt 0.600000 -0.098175 0.000000
vt 0.300000 -0.098175 0.000000
vt 0.600000 -0.130900 0.000000
vt 0.300000 -0.130900 0.000000
vt 0.600000 -0.163625 0.000000
vt 0.300000 -0.163625 0.000000
vt 0.600000 -0.196350 0.000000
vt 0.300000 -0.196350 0.000000
vt 0.600000 -0.229074 0.000000
vt 0.300000 -0.229074 0.000000
vt 0.600000 -0.261799 0.000000
vt 0.300000 -0.261799 0.000000
vt 0.600000 -0.294524 0.000000
vt 0.300000 -0.294524 0.000000
vt 0.600000 -0.327249 0.000000
vt 0.300000 -0.327249 0.000000
vt 0.600000 -0.359974 0.000000
vt 0.300000 -0.359974 0.000000
vt 0.600000 -0.392699 0.000000
vt 0.300000 -0.392699 0.000000
vt 0.600000 0.392699 0.000000
vt 0.300000 0.392699 0.000000
vt 0.600000 0.359974 0.000000
vt 0.300000 0.359974 0.000000
vt 0.600000 0.327249 0.000000
vt 0.300000 0.327249 0.000000
vt 0.600000 0.294524 0.000000
vt 0.300000 0.294524 0.000000
vt 0.600000 0.261799 0.000000
vt 0.300000 0.261799 0.000000
vt 0.600000 0.229074 0.000000
vt 0.300000 0.229074 0.000000
vt 0.600000 0.196350 0.000000
vt 0.300000 0.196350 0.000000
vt 0.600000 0.163625 0.000000
vt 0.300000 0.163625 0.000000
vt 0.600000 0.130900 0.000000
vt 0.300000 0.130900 0.000000
vt 0.600000 0.098175 0.000000
vt 0.300000 0.098175 0.000000
vt 0.600000 0.065450 0.000000
vt 0.300000 0.065450 0.000000
vt 0.600000 0.032725 0.000000
vt 0.300000 0.032725 0.000000
vt 0.600000 0.000000 0.000000
vt 0.300000 0.000000 0.000000
vt 0.600000 -0.032725 0.000000
vt 0.300000 -0.032725 0.000000
vt 0.600000 -0.065450 0.000000
vt 0.300000 -0.065450 0.000000
vt 0.600000 -0.098175 0.000000
vt 0.300000 -0.098175 0.000000
vt 0.600000 -0.130900 0.000000
vt 0.300000 -0.130900 0.000000
vt 0.600000 -0.163625 0.000000
vt 0.300000 -0.163625 0.000000
vt 0.600000 -0.196350 0.000000
vt 0.300000 -0.196350 0.000000
vt 0.600000 -0.229074 0.000000
vt 0.300000 -0.229074 0.000000
vt 0.600000 -0.261799 0.000000
vt 0.300000 -0.261799 0.000000
vt 0.600000 -0.294524 0.000000
vt 0.300000 -0.294524 0.000000
vt 0.600000 -0.327249 0.000000
vt 0.300000 -0.327249 0.000000
vt 0.600000 -0.359974 0.000000
vt 0.300000 -0.359974 0.000000
vt 0.600000 -0.392699 0.000000
vt 0.300000 -0.392699 0.000000
vt 0.600000 0.392699 0.000000
vt 0.300000 0.392699 0.000000
vt 0.600000 0.359974 0.000000
vt 0.300000 0.359974 0.000000
vt 0.600000 0.327249 0.000000
vt 0.300000 0.327249 0.000000
vt 0.600000 0.294524 0.000000
vt 0.300000 0.294524 0.000000
vt 0.600000 0.261799 0.000000
vt 0.300000 0.261799 0.000000
vt 0.000000 0.503964 0.000000
vt -0.150000 0.503964 0.000000
vt -0.000000 0.431969 0.000000
vt -0.150000 0.431969 0.000000
vt 0.000000 0.359974 0.000000
vt -0.150000 0.359974 0.000000
vt 0.000000 0.287979 0.000000
vt -0.150000 0.287979 0.000000
vt -0.000000 0.215984 0.000000
vt -0.150000 0.215984 0.000000
vt 0.000000 0.143990 0.000000
vt -0.150000 0.143990 0.000000
vt 0.000000 0.071995 0.000000
vt -0.150000 0.071995 0.000000
vt -0.000000 0.000000 0.000000
vt -0.150000 0.000000 0.000000
vt 0.000000 -0.071995 0.000000
vt -0.150000 -0.071995 0.000000
vt 0.000000 -0.143990 0.000000
vt -0.150000 -0.143990 0.000000
vt -0.000000 -0.215984 0.000000
vt -0.150000 -0.215984 0.000000
vt -0.000000 -0.287979 0.000000
vt -0.150000 -0.287979 0.000000
vt 0.000000 -0.359974 0.000000
vt -0.150000 -0.359974 0.000000
vt -0.000000 -0.431969 0.000000
vt -0.150000 -0.431969 0.000000
vt 0.000000 -0.503964 0.000000
vt -0.150000 -0.503964 0.000000
vt -0.000000 -0.575959 0.000000
vt -0.150000 -0.575959 0.000000
vt 0.000000 -0.647953 0.000000
vt -0.150000 -0.647953 0.000000
vt -0.000000 -0.719948 0.000000
vt -0.150000 -0.719948 0.000000
vt -0.000000 -0.791943 0.000000
vt -0.150000 -0.791943 0.000000
vt -0.000000 -0.863938 0.000000
vt -0.150000 -0.863938 0.000000
vt -0.000000 0.863938 0.000000
vt -0.150000 0.863938 0.000000
vt -0.000000 0.791943 0.000000
vt -0.150000 0.791943 0.000000
vt -0.000000 0.719948 0.000000
vt -0.150000 0.719948 0.000000
vt 0.000000 0.647953 0.000000
vt -0.150000 0.647953 0.000000
vt 0.000000 0.575959 0.000000
vt -0.150000 0.575959 0.000000
vt -0.000000 0.229074 0.000000
vt 0.150000 0.229074 0.000000
vt 0.000000 0.274889 0.000000
vt 0.150000 0.274889 0.000000
vt -0.000000 0.320704 0.000000
vt 0.150000 0.320704 0.000000
vt -0.000000 0.366519 0.000000
vt 0.150000 0.366519 0.000000
vt -0.000000 0.412334 0.000000
vt 0.150000 0.412334 0.000000
vt 0.000000 0.458149 0.000000
vt 0.150000 0.458149 0.000000
vt -0.000000 0.503964 0.000000
vt 0.150000 0.503964 0.000000
vt 0.000000 0.549779 0.000000
vt 0.150000 0.549779 0.000000
vt 0.000000 -0.549779 0.000000
vt 0.150000 -0.549779 0.000000
vt -0.000000 -0.503964 0.000000
vt 0.150000 -0.503964 0.000000
vt -0.000000 -0.458149 0.000000
vt 0.150000 -0.458149 0.000000
vt -0.000000 -0.412334 0.000000
vt 0.150000 -0.412334 0.000000
vt 0.000000 -0.366519 0.000000
vt 0.150000 -0.366519 0.000000
vt 0.000000 -0.320704 0.000000
vt 0.150000 -0.320704 0.000000
vt 0.000000 -0.274889 0.000000
vt 0.150000 -0.274889 0.000000
vt 0.000000 -0.229074 0.000000
vt 0.150000 -0.229074 0.000000
vt 0.000000 -0.183260 0.000000
vt 0.150000 -0.183260 0.000000
vt -0.000000 -0.137445 0.000000
vt 0.150000 -0.137445 0.000000
vt -0.000000 -0.091630 0.000000
vt 0.150000 -0.091630 0.000000
vt 0.000000 -0.045815 0.000000
vt 0.150000 -0.045815 0.000000
vt -0.000000 0.000000 0.000000
vt 0.150000 0.000000 0.000000
vt 0.000000 0.045815 0.000000
vt 0.150000 0.045815 0.000000
vt 0.000000 0.091630 0.000000
vt 0.150000 0.091630 0.000000
vt 0.000000 0.137445 0.000000
vt 0.150000 0.137445 0.000000
vt -0.000000 0.183260 0.000000
vt 0.150000 0.183260 0.000000
vt 0.071175 0.265630 0.000000
vt -0.000000 0.275000 0.000000
vt 0.000000 0.175000 0.000000
vt -0.071175 0.265630 0.000000
vt -0.045293 0.169037 0.000000
vt -0.137500 0.238157 0.000000
vt -0.087500 0.151554 0.000000
vt -0.194454 0.194454 0.000000
vt -0.123744 0.123744 0.000000
vt -0.238157 0.137500 0.000000
vt -0.151554 0.087500 0.000000
vt -0.265630 0.071175 0.000000
vt -0.169037 0.045293 0.000000
vt -0.275000 0.000000 0.000000
vt -0.175000 -0.000000 0.000000
vt -0.169037 -0.045293 0.000000
vt -0.265630 -0.071175 0.000000
vt -0.151554 -0.087500 0.000000
vt -0.238157 -0.137500 0.000000
vt -0.123744 -0.123744 0.000000
vt -0.194454 -0.194454 0.000000
vt -0.087500 -0.151554 0.000000
vt -0.137500 -0.238157 0.000000
vt -0.045293 -0.169037 0.000000
vt -0.071175 -0.265630 0.000000
vt 0.000000 -0.175000 0.000000
vt -0.000000 -0.275000 0.000000
vt 0.071175 -0.265630 0.000000
vt 0.045293 -0.169037 0.000000
vt 0.137500 -0.238157 0.000000
vt 0.087500 -0.151554 0.000000
vt 0.194454 -0.194454 0.000000
vt 0.123744 -0.123744 0.000000
vt 0.238157 -0.137500 0.000000
vt 0.151554 -0.087500 0.000000
vt 0.265630 -0.071175 0.000000
vt 0.169037 -0.045293 0.000000
vt 0.175000 -0.000000 0.000000
vt 0.275000 0.000000 0.000000
vt 0.169037 0.045293 0.000000
vt 0.265630 0.071175 0.000000
vt 0.151554 0.087500 0.000000
vt 0.238157 0.137500 0.000000
vt 0.123744 0.123744 0.000000
vt 0.194454 0.194454 0.000000
vt 0.087500 0.151554 0.000000
vt 0.137500 0.238157 0.000000
vt 0.045293 0.169037 0.000000
vt 0.000000 0.503964 0.000000
vt -0.150000 0.503964 0.000000
vt -0.000000 0.431969 0.000000
vt -0.150000 0.431969 0.000000
vt 0.000000 0.359974 0.000000
vt -0.150000 0.359974 0.000000
vt 0.000000 0.287979 0.000000
vt -0.150000 0.287979 0.000000
vt -0.000000 0.215984 0.000000
vt -0.150000 0.215984 0.000000
vt 0.000000 0.143990 0.000000
vt -0.150000 0.143990 0.000000
vt -0.000000 0.071995 0.000000
vt -0.150000 0.071995 0.000000
vt 0.000000 0.000000 0.000000
vt -0.150000 0.000000 0.000000
vt -0.000000 -0.071995 0.000000
vt -0.150000 -0.071995 0.000000
vt 0.000000 -0.143990 0.000000
vt -0.150000 -0.143990 0.000000
vt 0.000000 -0.215984 0.000000
vt -0.150000 -0.215984 0.000000
vt -0.000000 -0.287979 0.000000
vt -0.150000 -0.287979 0.000000
vt -0.000000 -0.359974 0.000000
vt -0.150000 -0.359974 0.000000
vt -0.000000 -0.431969 0.000000
vt -0.150000 -0.431969 0.000000
vt 0.000000 -0.503964 0.000000
vt -0.150000 -0.503964 0.000000
vt -0.000000 -0.575959 0.000000
vt -0.150000 -0.575959 0.000000
vt 0.000000 -0.647953 0.000000
vt -0.150000 -0.647953 0.000000
vt -0.000000 -0.719948 0.000000
vt -0.150000 -0.719948 0.000000
vt 0.000000 -0.791943 0.000000
vt -0.150000 -0.791943 0.000000
vt -0.000000 -0.863938 0.000000
vt -0.150000 -0.863938 0.000000
vt -0.000000 0.863938 0.000000
vt -0.150000 0.863938 0.000000
vt 0.000000 0.791943 0.000000
vt -0.150000 0.791943 0.000000
vt -0.000000 0.719948 0.000000
vt -0.150000 0.719948 0.000000
vt 0.000000 0.647953 0.000000
vt -0.150000 0.647953 0.000000
vt 0.000000 0.575959 0.000000
vt -0.150000 0.575959 0.000000
vt -0.000000 0.229074 0.000000
vt 0.150000 0.229074 0.000000
vt 0.000000 0.274889 0.000000
vt 0.150000 0.274889 0.000000
vt -0.000000 0.320704 0.000000
vt 0.150000 0.320704 0.000000
vt -0.000000 0.366519 0.000000
vt 0.150000 0.366519 0.000000
vt 0.000000 0.412334 0.000000
vt 0.150000 0.412334 0.000000
vt -0.000000 0.458149 0.000000
vt 0.150000 0.458149 0.000000
vt -0.000000 0.503964 0.000000
vt 0.150000 0.503964 0.000000
vt 0.000000 0.549779 0.000000
vt 0.150000 0.549779 0.000000
vt 0.000000 -0.549779 0.000000
vt 0.150000 -0.549779 0.000000
vt 0.000000 -0.503964 0.000000
vt 0.150000 -0.503964 0.000000
vt -0.000000 -0.458149 0.000000
vt 0.150000 -0.458149 0.000000
vt 0.000000 -0.412334 0.000000
vt 0.150000 -0.412334 0.000000
vt 0.000000 -0.366519 0.000000
vt 0.150000 -0.366519 0.000000
vt 0.000000 -0.320704 0.000000
vt 0.150000 -0.320704 0.000000
vt 0.000000 -0.274889 0.000000
vt 0.150000 -0.274889 0.000000
vt 0.000000 -0.229074 0.000000
vt 0.150000 -0.229074 0.000000
vt 0.000000 -0.183260 0.000000
vt 0.150000 -0.183260 0.000000
vt -0.000000 -0.137445 0.000000
vt 0.150000 -0.137445 0.000000
vt 0.000000 -0.091630 0.000000
vt 0.150000 -0.091630 0.000000
vt 0.000000 -0.045815 0.000000
vt 0.150000 -0.045815 0.000000
vt -0.000000 0.000000 0.000000
vt 0.150000 0.000000 0.000000
vt -0.000000 0.045815 0.000000
vt 0.150000 0.045815 0.000000
vt 0.000000 0.091630 0.000000
vt 0.150000 0.091630 0.000000
vt -0.000000 0.137445 0.000000
vt 0.150000 0.137445 0.000000
vt -0.000000 0.183260 0.000000
vt 0.150000 0.183260 0.000000
vt 0.071175 0.265630 0.000000
vt -0.000000 0.275000 0.000000
vt 0.000000 0.175000 0.000000
vt -0.071175 0.265630 0.000000
vt -0.045293 0.169037 0.000000
vt -0.137500 0.238157 0.000000
vt -0.087500 0.151554 0.000000
vt -0.194454 0.194454 0.000000
vt -0.123744 0.123744 0.000000
vt -0.238157 0.137500 0.000000
vt -0.151554 0.087500 0.000000
vt -0.265630 0.071175 0.000000
vt -0.169037 0.045293 0.000000
vt -0.275000 0.000000 0.000000
vt -0.175000 0.000000 0.000000
vt -0.169037 -0.045293 0.000000
vt -0.265630 -0.071175 0.000000
vt -0.151554 -0.087500 0.000000
vt -0.238157 -0.137500 0.000000
vt -0.123744 -0.123744 0.000000
vt -0.194454 -0.194454 0.000000
vt -0.087500 -0.151554 0.000000
vt -0.137500 -0.238157 0.000000
vt -0.045293 -0.169037 0.000000
vt -0.071175 -0.265630 0.000000
vt 0.000000 -0.175000 0.000000
vt -0.000000 -0.275000 0.000000
vt 0.071175 -0.265630 0.000000
vt 0.045293 -0.169037 0.000000
vt 0.137500 -0.238157 0.000000
vt 0.087500 -0.151554 0.000000
vt 0.194454 -0.194454 0.000000
vt 0.123744 -0.123744 0.000000
vt 0.238157 -0.137500 0.000000
vt 0.151554 -0.087500 0.000000
vt 0.265630 -0.071175 0.000000
vt 0.169037 -0.045293 0.000000
vt 0.175000 0.000000 0.000000
vt 0.275000 0.000000 0.000000
vt 0.169037 0.045293 0.000000
vt 0.265630 0.071175 0.000000
vt 0.151554 0.087500 0.000000
vt 0.238157 0.137500 0.000000
vt 0.123744 0.123744 0.000000
vt 0.194454 0.194454 0.000000
vt 0.087500 0.151554 0.000000
vt 0.137500 0.238157 0.000000
vt 0.045293 0.169037 0.000000
vt 0.000000 0.503964 0.000000
vt -0.150000 0.503964 0.000000
vt -0.000000 0.431969 0.000000
vt -0.150000 0.431969 0.000000
vt 0.000000 0.359974 0.000000
vt -0.150000 0.359974 0.000000
vt 0.000000 0.287979 0.000000
vt -0.150000 0.287979 0.000000
vt -0.000000 0.215984 0.000000
vt -0.150000 0.215984 0.000000
vt 0.000000 0.143990 0.000000
vt -0.150000 0.143990 0.000000
vt 0.000000 0.071995 0.000000
vt -0.150000 0.071995 0.000000
vt -0.000000 0.000000 0.000000
vt -0.150000 0.000000 0.000000
vt 0.000000 -0.071995 0.000000
vt -0.150000 -0.071995 0.000000
vt 0.000000 -0.143990 0.000000
vt -0.150000 -0.143990 0.000000
vt -0.000000 -0.215984 0.000000
vt -0.150000 -0.215984 0.000000
vt -0.000000 -0.287979 0.000000
vt -0.150000 -0.287979 0.000000
vt 0.000000 -0.359974 0.000000
vt -0.150000 -0.359974 0.000000
vt -0.000000 -0.431969 0.000000
vt -0.150000 -0.431969 0.000000
vt 0.000000 -0.503964 0.000000
vt -0.150000 -0.503964 0.000000
vt -0.000000 -0.575959 0.000000
vt -0.150000 -0.575959 0.000000
vt 0.000000 -0.647953 0.000000
vt -0.150000 -0.647953 0.000000
vt -0.000000 -0.719948 0.000000
vt -0.150000 -0.719948 0.000000
vt -0.000000 -0.791943 0.000000
vt -0.150000 -0.791943 0.000000
vt -0.000000 -0.863938 0.000000
vt -0.150000 -0.863938 0.000000
vt -0.000000 0.863938 0.000000
vt -0.150000 0.863938 0.000000
vt -0.000000 0.791943 0.000000
vt -0.150000 0.791943 0.000000
vt -0.000000 0.719948 0.000000
vt -0.150000 0.719948 0.000000
vt 0.000000 0.647953 0.000000
vt -0.150000 0.647953 0.000000
vt 0.000000 0.575959 0.000000
vt -0.150000 0.575959 0.000000
vt -0.000000 0.229074 0.000000
vt 0.150000 0.229074 0.000000
vt 0.000000 0.274889 0.000000
vt 0.150000 0.274889 0.000000
vt -0.000000 0.320704 0.000000
vt 0.150000 0.320704 0.000000
vt -0.000000 0.366519 0.000000
vt 0.150000 0.366519 0.000000
vt -0.000000 0.412334 0.000000
vt 0.150000 0.412334 0.000000
vt 0.000000 0.458149 0.000000
vt 0.150000 0.458149 0.000000
vt -0.000000 0.503964 0.000000
vt 0.150000 0.503964 0.000000
vt 0.000000 0.549779 0.000000
vt 0.150000 0.549779 0.000000
vt 0.000000 -0.549779 0.000000
vt 0.150000 -0.549779 0.000000
vt 0.000000 -0.503964 0.000000
vt 0.150000 -0.503964 0.000000
vt -0.000000 -0.458149 0.000000
vt 0.150000 -0.458149 0.000000
vt -0.000000 -0.412334 0.000000
vt 0.150000 -0.412334 0.000000
vt 0.000000 -0.366519 0.000000
vt 0.150000 -0.366519 0.000000
vt 0.000000 -0.320704 0.000000
vt 0.150000 -0.320704 0.000000
vt 0.000000 -0.274889 0.000000
vt 0.150000 -0.274889 0.000000
vt 0.000000 -0.229074 0.000000
vt 0.150000 -0.229074 0.000000
vt 0.000000 -0.183260 0.000000
vt 0.150000 -0.183260 0.000000
vt -0.000000 -0.137445 0.000000
vt 0.150000 -0.137445 0.000000
vt -0.000000 -0.091630 0.000000
vt 0.150000 -0.091630 0.000000
vt 0.000000 -0.045815 0.000000
vt 0.150000 -0.045815 0.000000
vt -0.000000 0.000000 0.000000
vt 0.150000 0.000000 0.000000
vt -0.000000 0.045815 0.000000
vt 0.150000 0.045815 0.000000
vt 0.000000 0.091630 0.000000
vt 0.150000 0.091630 0.000000
vt 0.000000 0.137445 0.000000
vt 0.150000 0.137445 0.000000
vt -0.000000 0.183260 0.000000
vt 0.150000 0.183260 0.000000
vt 0.071175 0.265630 0.000000
vt -0.000000 0.275000 0.000000
vt 0.000000 0.175000 0.000000
vt -0.071175 0.265630 0.000000
vt -0.045293 0.169037 0.000000
vt -0.137500 0.238157 0.000000
vt -0.087500 0.151554 0.000000
vt -0.194454 0.194454 0.000000
vt -0.123744 0.123744 0.000000
vt -0.238157 0.137500 0.000000
vt -0.151554 0.087500 0.000000
vt -0.265630 0.071175 0.000000
vt -0.169037 0.045293 0.000000
vt -0.275000 -0.000000 0.000000
vt -0.175000 0.000000 0.000000
vt -0.169037 -0.045293 0.000000
vt -0.265630 -0.071175 0.000000
vt -0.151554 -0.087500 0.000000
vt -0.238157 -0.137500 0.000000
vt -0.123744 -0.123744 0.000000
vt -0.194454 -0.194454 0.000000
vt -0.087500 -0.151554 0.000000
vt -0.137500 -0.238157 0.000000
vt -0.045293 -0.169037 0.000000
vt -0.071175 -0.265630 0.000000
vt 0.000000 -0.175000 0.000000
vt -0.000000 -0.275000 0.000000
vt 0.071175 -0.265630 0.000000
vt 0.045293 -0.169037 0.000000
vt 0.137500 -0.238157 0.000000
vt 0.087500 -0.151554 0.000000
vt 0.194454 -0.194454 0.000000
vt 0.123744 -0.123744 0.000000
vt 0.238157 -0.137500 0.000000
vt 0.151554 -0.087500 0.000000
vt 0.265630 -0.071175 0.000000
vt 0.169037 -0.045293 0.000000
vt 0.175000 0.000000 0.000000
vt 0.275000 -0.000000 0.000000
vt 0.169037 0.045293 0.000000
vt 0.265630 0.071175 0.000000
vt 0.151554 0.087500 0.000000
vt 0.238157 0.137500 0.000000
vt 0.123744 0.123744 0.000000
vt 0.194454 0.194454 0.000000
vt 0.087500 0.151554 0.000000
vt 0.137500 0.238157 0.000000
vt 0.045293 0.169037 0.000000
vt 0.000000 0.503964 0.000000
vt -0.150000 0.503964 0.000000
vt -0.000000 0.431969 0.000000
vt -0.150000 0.431969 0.000000
vt 0.000000 0.359974 0.000000
vt -0.150000 0.359974 0.000000
vt 0.000000 0.287979 0.000000
vt -0.150000 0.287979 0.000000
vt -0.000000 0.215984 0.000000
vt -0.150000 0.215984 0.000000
vt 0.000000 0.143990 0.000000
vt -0.150000 0.143990 0.000000
vt -0.000000 0.071995 0.000000
vt -0.150000 0.071995 0.000000
vt 0.000000 0.000000 0.000000
vt -0.150000 0.000000 0.000000
vt -0.000000 -0.071995 0.000000
vt -0.150000 -0.071995 0.000000
vt 0.000000 -0.143990 0.000000
vt -0.150000 -0.143990 0.000000
vt 0.000000 -0.215984 0.000000
vt -0.150000 -0.215984 0.000000
vt -0.000000 -0.287979 0.000000
vt -0.150000 -0.287979 0.000000
vt -0.000000 -0.359974 0.000000
vt -0.150000 -0.359974 0.000000
vt -0.000000 -0.431969 0.000000
vt -0.150000 -0.431969 0.000000
vt 0.000000 -0.503964 0.000000
vt -0.150000 -0.503964 0.000000
vt -0.000000 -0.575959 0.000000
vt -0.150000 -0.575959 0.000000
vt 0.000000 -0.647953 0.000000
vt -0.150000 -0.647953 0.000000
vt -0.000000 -0.719948 0.000000
vt -0.150000 -0.719948 0.000000
vt 0.000000 -0.791943 0.000000
vt -0.150000 -0.791943 0.000000
vt -0.000000 -0.863938 0.000000
vt -0.150000 -0.863938 0.000000
vt -0.000000 0.863938 0.000000
vt -0.150000 0.863938 0.000000
vt 0.000000 0.791943 0.000000
vt -0.150000 0.791943 0.000000
vt -0.000000 0.719948 0.000000
vt -0.150000 0.719948 0.000000
vt 0.000000 0.647953 0.000000
vt -0.150000 0.647953 0.000000
vt 0.000000 0.575959 0.000000
vt -0.150000 0.575959 0.000000
vt -0.000000 0.229074 0.000000
vt 0.150000 0.229074 0.000000
vt 0.000000 0.274889 0.000000
vt 0.150000 0.274889 0.000000
vt -0.000000 0.320704 0.000000
vt 0.150000 0.320704 0.000000
vt -0.000000 0.366519 0.000000
vt 0.150000 0.366519 0.000000
vt 0.000000 0.412334 0.000000
vt 0.150000 0.412334 0.000000
vt -0.000000 0.458149 0.000000
vt 0.150000 0.458149 0.000000
vt -0.000000 0.503964 0.000000
vt 0.150000 0.503964 0.000000
vt 0.000000 0.549779 0.000000
vt 0.150000 0.549779 0.000000
vt 0.000000 -0.549779 0.000000
vt 0.150000 -0.549779 0.000000
vt -0.000000 -0.503964 0.000000
vt 0.150000 -0.503964 0.000000
vt -0.000000 -0.458149 0.000000
vt 0.150000 -0.458149 0.000000
vt 0.000000 -0.412334 0.000000
vt 0.150000 -0.412334 0.000000
vt 0.000000 -0.366519 0.000000
vt 0.150000 -0.366519 0.000000
vt 0.000000 -0.320704 0.000000
vt 0.150000 -0.320704 0.000000
vt 0.000000 -0.274889 0.000000
vt 0.150000 -0.274889 0.000000
vt 0.000000 -0.229074 0.000000
vt 0.150000 -0.229074 0.000000
vt 0.000000 -0.183260 0.000000
vt 0.150000 -0.183260 0.000000
vt -0.000000 -0.137445 0.000000
vt 0.150000 -0.137445 0.000000
vt 0.000000 -0.091630 0.000000
vt 0.150000 -0.091630 0.000000
vt 0.000000 -0.045815 0.000000
vt 0.150000 -0.045815 0.000000
vt -0.000000 0.000000 0.000000
vt 0.150000 0.000000 0.000000
vt 0.000000 0.045815 0.000000
vt 0.150000 0.045815 0.000000
vt 0.000000 0.091630 0.000000
vt 0.150000 0.091630 0.000000
vt -0.000000 0.137445 0.000000
vt 0.150000 0.137445 0.000000
vt -0.000000 0.183260 0.000000
vt 0.150000 0.183260 0.000000
vt 0.071175 0.265630 0.000000
vt -0.000000 0.275000 0.000000
vt 0.000000 0.175000 0.000000
vt -0.071175 0.265630 0.000000
vt -0.045293 0.169037 0.000000
vt -0.137500 0.238157 0.000000
vt -0.087500 0.151554 0.000000
vt -0.194454 0.194454 0.000000
vt -0.123744 0.123744 0.000000
vt -0.238157 0.137500 0.000000
vt -0.151554 0.087500 0.000000
vt -0.265630 0.071175 0.000000
vt -0.169037 0.045293 0.000000
vt -0.275000 0.000000 0.000000
vt -0.175000 -0.000000 0.000000
vt -0.169037 -0.045293 0.000000
vt -0.265630 -0.071175 0.000000
vt -0.151554 -0.087500 0.000000
vt -0.238157 -0.137500 0.000000
vt -0.123744 -0.123744 0.000000
vt -0.194454 -0.194454 0.000000
vt -0.087500 -0.151554 0.000000
vt -0.137500 -0.238157 0.000000
vt -0.045293 -0.169037 0.000000
vt -0.071175 -0.265630 0.000000
vt 0.000000 -0.175000 0.000000
vt -0.000000 -0.275000 0.000000
vt 0.071175 -0.265630 0.000000
vt 0.045293 -0.169037 0.000000
vt 0.137500 -0.238157 0.000000
vt 0.087500 -0.151554 0.000000
vt 0.194454 -0.194454 0.000000
vt 0.123744 -0.123744 0.000000
vt 0.238157 -0.137500 0.000000
vt 0.151554 -0.087500 0.000000
vt 0.265630 -0.071175 0.000000
vt 0.169037 -0.045293 0.000000
vt 0.175000 -0.000000 0.000000
vt 0.275000 0.000000 0.000000
vt 0.169037 0.045293 0.000000
vt 0.265630 0.071175 0.000000
vt 0.151554 0.087500 0.000000
vt 0.238157 0.137500 0.000000
vt 0.123744 0.123744 0.000000
vt 0.194454 0.194454 0.000000
vt 0.087500 0.151554 0.000000
vt 0.137500 0.238157 0.000000
vt 0.045293 0.169037 0.000000
vt -0.313708 0.000000 0.000000
vt -0.310582 -0.078540 0.000000
vt -0.000000 0.000000 0.000000
vt 0.003125 -0.078540 0.000000
vt -0.301419 -0.157080 0.000000
vt 0.012288 -0.157080 0.000000
vt -0.286844 -0.235619 0.000000
vt 0.026864 -0.235619 0.000000
vt -0.267848 -0.314159 0.000000
vt 0.045860 -0.314159 0.000000
vt -0.245727 -0.392699 0.000000
vt 0.067981 -0.392699 0.000000
vt -0.221988 -0.471239 0.000000
vt 0.091719 -0.471239 0.000000
vt 0.429252 0.471239 0.000000
vt 0.742959 0.471239 0.000000
vt 0.452990 0.549779 0.000000
vt 0.766698 0.549779 0.000000
vt 0.475111 0.628319 0.000000
vt 0.788819 0.628319 0.000000
vt 0.494107 0.706858 0.000000
vt 0.807814 0.706858 0.000000
vt 0.508683 0.785398 0.000000
vt 0.822390 0.785398 0.000000
vt 0.517846 0.863938 0.000000
vt 0.831553 0.863938 0.000000
vt 0.520971 0.942478 0.000000
vt 0.834678 0.942478 0.000000
vt 0.000000 -0.045815 0.000000
vt 0.400000 -0.045815 0.000000
vt 0.000000 0.000000 0.000000
vt 0.400000 0.000000 0.000000
vt -0.000000 0.045815 0.000000
vt 0.400000 0.045815 0.000000
vt -0.000000 0.091630 0.000000
vt 0.400000 0.091630 0.000000
vt -0.000000 0.137445 0.000000
vt 0.400000 0.137445 0.000000
vt 0.000000 0.183260 0.000000
vt 0.400000 0.183260 0.000000
vt -0.000000 0.229074 0.000000
vt 0.400000 0.229074 0.000000
vt 0.000000 0.274889 0.000000
vt 0.400000 0.274889 0.000000
vt 0.000000 0.320704 0.000000
vt 0.400000 0.320704 0.000000
vt 0.000000 0.366519 0.000000
vt 0.400000 0.366519 0.000000
vt 0.000000 0.412334 0.000000
vt 0.400000 0.412334 0.000000
vt 0.000000 0.458149 0.000000
vt 0.400000 0.458149 0.000000
vt 0.000000 0.503964 0.000000
vt 0.400000 0.503964 0.000000
vt 0.000000 0.549779 0.000000
vt 0.400000 0.549779 0.000000
vt 0.000000 -0.549779 0.000000
vt 0.400000 -0.549779 0.000000
vt 0.000000 -0.503964 0.000000
vt 0.400000 -0.503964 0.000000
vt -0.000000 -0.458149 0.000000
vt 0.400000 -0.458149 0.000000
vt 0.000000 -0.412334 0.000000
vt 0.400000 -0.412334 0.000000
vt 0.000000 -0.366519 0.000000
vt 0.400000 -0.366519 0.000000
vt -0.000000 -0.320704 0.000000
vt 0.400000 -0.320704 0.000000
vt 0.000000 -0.274889 0.000000
vt 0.400000 -0.274889 0.000000
vt -0.000000 -0.229074 0.000000
vt 0.400000 -0.229074 0.000000
vt -0.000000 -0.183260 0.000000
vt 0.400000 -0.183260 0.000000
vt -0.000000 -0.137445 0.000000
vt 0.400000 -0.137445 0.000000
vt -0.000000 -0.091630 0.000000
vt 0.400000 -0.091630 0.000000
vt 0.000000 -0.045815 0.000000
vt 0.400000 -0.045815 0.000000
vt 0.000000 0.000000 0.000000
vt 0.400000 0.000000 0.000000
vt -0.000000 0.045815 0.000000
vt 0.400000 0.045815 0.000000
vt -0.000000 0.091630 0.000000
vt 0.400000 0.091630 0.000000
vt -0.000000 0.137445 0.000000
vt 0.400000 0.137445 0.000000
vt 0.000000 0.183260 0.000000
vt 0.400000 0.183260 0.000000
vt -0.000000 0.229074 0.000000
vt 0.400000 0.229074 0.000000
vt 0.000000 0.274889 0.000000
vt 0.400000 0.274889 0.000000
vt 0.000000 0.320704 0.000000
vt 0.400000 0.320704 0.000000
vt 0.000000 0.366519 0.000000
vt 0.400000 0.366519 0.000000
vt 0.000000 0.412334 0.000000
vt 0.400000 0.412334 0.000000
vt 0.000000 0.458149 0.000000
vt 0.400000 0.458149 0.000000
vt 0.000000 0.503964 0.000000
vt 0.400000 0.503964 0.000000
vt 0.000000 0.549779 0.000000
vt 0.400000 0.549779 0.000000
vt 0.000000 -0.549779 0.000000
vt 0.400000 -0.549779 0.000000
vt 0.000000 -0.503964 0.000000
vt 0.400000 -0.503964 0.000000
vt -0.000000 -0.458149 0.000000
vt 0.400000 -0.458149 0.000000
vt 0.000000 -0.412334 0.000000
vt 0.400000 -0.412334 0.000000
vt 0.000000 -0.366519 0.000000
vt 0.400000 -0.366519 0.000000
vt -0.000000 -0.320704 0.000000
vt 0.400000 -0.320704 0.000000
vt 0.000000 -0.274889 0.000000
vt 0.400000 -0.274889 0.000000
vt -0.000000 -0.229074 0.000000
vt 0.400000 -0.229074 0.000000
vt -0.000000 -0.183260 0.000000
vt 0.400000 -0.183260 0.000000
vt -0.000000 -0.137445 0.000000
vt 0.400000 -0.137445 0.000000
vt -0.000000 -0.091630 0.000000
vt 0.400000 -0.091630 0.000000
vt -0.450000 -0.000000 0.000000
vt -0.200000 -0.000000 0.000000
vt -0.450000 0.200000 0.000000
vt -0.058579 0.058579 0.000000
vt -0.026795 0.100000 0.000000
vt -0.148236 0.006815 0.000000
vt -0.100000 0.026795 0.000000
vt -0.006815 0.148236 0.000000
vt -0.000000 0.200000 0.000000
vt -0.000000 0.314159 0.000000
vt 0.200000 0.314159 0.000000
vt 0.000000 0.366519 0.000000
vt 0.200000 0.366519 0.000000
vt 0.000000 0.418879 0.000000
vt 0.200000 0.418879 0.000000
vt 0.000000 0.471239 0.000000
vt 0.200000 0.471239 0.000000
vt 0.000000 0.523599 0.000000
vt 0.200000 0.523599 0.000000
vt 0.000000 0.575959 0.000000
vt 0.200000 0.575959 0.000000
vt 0.000000 0.628319 0.000000
vt 0.200000 0.628319 0.000000
vt -0.200000 -3.100000 0.000000
vt -0.000000 -3.100000 0.000000
vt -0.200000 -0.000000 0.000000
vt -0.000000 -0.000000 0.000000
vt -0.000000 -0.628319 0.000000
vt 0.200000 -0.628319 0.000000
vt 0.000000 -0.575959 0.000000
vt 0.200000 -0.575959 0.000000
vt 0.000000 -0.523599 0.000000
vt 0.200000 -0.523599 0.000000
vt 0.000000 -0.471239 0.000000
vt 0.200000 -0.471239 0.000000
vt 0.000000 -0.418879 0.000000
vt 0.200000 -0.418879 0.000000
vt 0.000000 -0.366519 0.000000
vt 0.200000 -0.366519 0.000000
vt 0.000000 -0.314159 0.000000
vt 0.200000 -0.314159 0.000000
vt -0.450000 0.200000 0.000000
vt -0.443185 0.148236 0.000000
vt 0.000000 0.200000 0.000000
vt -0.423205 0.100000 0.000000
vt -0.391421 0.058579 0.000000
vt -0.250000 0.000000 0.000000
vt -0.350000 0.026795 0.000000
vt -0.301764 0.006815 0.000000
vt 0.000000 0.000000 0.000000
vt -0.250000 0.450000 0.000000
vt 0.051764 0.193185 0.000000
vt 0.450000 0.450000 0.000000
vt 0.100000 0.173205 0.000000
vt 0.141421 0.141421 0.000000
vt -0.250000 0.200000 0.000000
vt -0.000000 0.200000 0.000000
vt 0.173205 0.100000 0.000000
vt 0.193185 0.051764 0.000000
vt 0.200000 0.000000 0.000000
vt 0.450000 -0.050000 0.000000
vt 0.200000 -3.100000 0.000000
vt 0.450000 -3.050000 0.000000
vt 0.450000 -3.550000 0.000000
vt 0.193185 -3.151764 0.000000
vt 0.173205 -3.200000 0.000000
vt 0.141421 -3.241421 0.000000
vt 0.100000 -3.273205 0.000000
vt 0.051764 -3.293185 0.000000
vt -0.250000 -3.550000 0.000000
vt 0.000000 -3.300000 0.000000
vt -0.250000 -3.300000 0.000000
vt 0.200000 0.776049 0.000000
vt 0.200000 0.600000 0.000000
vt 0.775829 0.600000 0.000000
vt -0.200000 0.776049 0.000000
vt -0.775829 0.600000 0.000000
vt -0.200000 0.600000 0.000000
vt 0.600000 -0.314159 0.000000
vt 0.600000 -0.366519 0.000000
vt 0.776049 -0.314159 0.000000
vt 0.791875 -0.366519 0.000000
vt 0.600000 -0.418879 0.000000
vt 0.806622 -0.418879 0.000000
vt 0.600000 -0.471239 0.000000
vt 0.819286 -0.471239 0.000000
vt 0.600000 -0.523599 0.000000
vt 0.829003 -0.523599 0.000000
vt 0.600000 -0.575959 0.000000
vt 0.835111 -0.575959 0.000000
vt 0.600000 -0.628319 0.000000
vt 0.837195 -0.628319 0.000000
vt 0.314159 -0.541566 0.000000
vt 0.314159 -0.609262 0.000000
vt 0.357101 -0.559746 0.000000
vt 0.366519 -0.609262 0.000000
vt 0.400063 -0.582900 0.000000
vt 0.418879 -0.609262 0.000000
vt 0.478450 -0.641110 0.000000
vt 0.471239 -0.676957 0.000000
vt 0.523599 -0.744653 0.000000
vt 0.471239 -0.744653 0.000000
vt 0.523599 -0.812349 0.000000
vt 0.471239 -0.812349 0.000000
vt 0.523599 -0.880044 0.000000
vt 0.471239 -0.880044 0.000000
vt 0.523599 -0.947740 0.000000
vt 0.471239 -0.947740 0.000000
vt 0.523599 -1.015436 0.000000
vt 0.471239 -1.015436 0.000000
vt 0.523599 -1.083132 0.000000
vt 0.471239 -1.083132 0.000000
vt 0.523599 -1.150827 0.000000
vt 0.471239 -1.150827 0.000000
vt 0.523599 -1.218523 0.000000
vt 0.471239 -1.218523 0.000000
vt 0.418879 -1.150827 0.000000
vt 0.418879 -1.218523 0.000000
vt 0.366519 -1.150827 0.000000
vt 0.366519 -1.218523 0.000000
vt 0.314159 -1.150827 0.000000
vt 0.314159 -1.218523 0.000000
vt 0.366519 -0.676957 0.000000
vt 0.314159 -0.676957 0.000000
vt 0.366519 -0.744653 0.000000
vt 0.314159 -0.744653 0.000000
vt 0.366519 -0.812349 0.000000
vt 0.314159 -0.812349 0.000000
vt 0.366519 -0.880044 0.000000
vt 0.314159 -0.880044 0.000000
vt 0.366519 -0.947740 0.000000
vt 0.314159 -0.947740 0.000000
vt 0.366519 -1.015436 0.000000
vt 0.314159 -1.015436 0.000000
vt 0.366519 -1.083132 0.000000
vt 0.314159 -1.083132 0.000000
vt 0.575959 -1.218523 0.000000
vt 0.575959 -1.150827 0.000000
vt 0.575959 -1.083132 0.000000
vt 0.575959 -1.015436 0.000000
vt 0.575959 -0.947740 0.000000
vt 0.575959 -0.880044 0.000000
vt 0.575959 -0.812349 0.000000
vt 0.628319 -0.812349 0.000000
vt 0.628319 -1.218523 0.000000
vt 0.628319 -1.150827 0.000000
vt 0.628319 -1.083132 0.000000
vt 0.628319 -1.015436 0.000000
vt 0.628319 -0.947740 0.000000
vt 0.628319 -0.880044 0.000000
vt 0.418879 -0.676957 0.000000
vt 0.418879 -0.744653 0.000000
vt 0.418879 -0.812349 0.000000
vt 0.418879 -0.880044 0.000000
vt 0.418879 -0.947740 0.000000
vt 0.418879 -1.015436 0.000000
vt 0.418879 -1.083132 0.000000
vt -1.252386 0.150937 0.000000
vt -1.355274 0.096529 0.000000
vt -0.200000 0.104720 0.000000
vt -1.355274 0.064353 0.000000
vt -0.200000 0.052360 0.000000
vt -1.355274 0.032176 0.000000
vt -0.200000 0.000000 0.000000
vt -1.355274 0.000000 0.000000
vt -0.200000 0.157080 0.000000
vt -1.114446 0.205344 0.000000
vt -0.200000 0.209440 0.000000
vt -0.951602 0.259752 0.000000
vt -0.200000 0.261799 0.000000
vt -0.775829 0.314159 0.000000
vt -0.200000 0.314159 0.000000
vt -0.628319 0.637045 0.000000
vt -0.628319 0.686496 0.000000
vt -0.724847 0.785398 0.000000
vt -0.692671 0.785398 0.000000
vt -0.628319 0.735947 0.000000
vt -0.660495 0.785398 0.000000
vt -0.628319 0.785398 0.000000
vt -0.600000 0.314159 0.000000
vt -0.776049 0.314159 0.000000
vt -0.600000 0.261799 0.000000
vt -0.791875 0.261799 0.000000
vt -0.600000 0.209440 0.000000
vt -0.806622 0.209440 0.000000
vt -0.600000 0.157080 0.000000
vt -0.819286 0.157080 0.000000
vt -0.600000 0.104720 0.000000
vt -0.829003 0.104720 0.000000
vt -0.600000 0.052360 0.000000
vt -0.835111 0.052360 0.000000
vt -0.600000 0.000000 0.000000
vt -0.837195 0.000000 0.000000
vt 0.366519 -0.406174 0.000000
vt 0.314159 -0.406174 0.000000
vt 0.366519 -0.473870 0.000000
vt 0.314159 -0.473870 0.000000
vt 0.366519 -0.541566 0.000000
vt 0.314159 -0.541566 0.000000
vt 0.366519 -0.609262 0.000000
vt 0.314159 -0.609262 0.000000
vt 0.366519 -0.676957 0.000000
vt 0.314159 -0.676957 0.000000
vt 0.366519 -0.744653 0.000000
vt 0.314159 -0.744653 0.000000
vt 0.366519 -0.812349 0.000000
vt 0.314159 -0.812349 0.000000
vt 0.366519 -0.880044 0.000000
vt 0.314159 -0.880044 0.000000
vt 0.366519 -0.947740 0.000000
vt 0.314159 -0.947740 0.000000
vt 0.366519 -1.015436 0.000000
vt 0.314159 -1.015436 0.000000
vt 0.357101 -1.064951 0.000000
vt 0.314159 -1.083132 0.000000
vt 0.400063 -1.041798 0.000000
vt 0.418879 -1.015436 0.000000
vt 0.418879 -0.947740 0.000000
vt 0.418879 -0.880044 0.000000
vt 0.418879 -0.812349 0.000000
vt 0.418879 -0.744653 0.000000
vt 0.418879 -0.676957 0.000000
vt 0.418879 -0.609262 0.000000
vt 0.418879 -0.541566 0.000000
vt 0.418879 -0.473870 0.000000
vt 0.418879 -0.406174 0.000000
vt 0.471239 -0.473870 0.000000
vt 0.471239 -0.406174 0.000000
vt 0.523599 -0.473870 0.000000
vt 0.523599 -0.406174 0.000000
vt 0.575959 -0.473870 0.000000
vt 0.575959 -0.406174 0.000000
vt 0.628319 -0.473870 0.000000
vt 0.628319 -0.406174 0.000000
vt 0.478450 -0.983588 0.000000
vt 0.628319 -0.812349 0.000000
vt 0.523599 -0.880044 0.000000
vt 0.471239 -0.947740 0.000000
vt 0.628319 -0.744653 0.000000
vt 0.575959 -0.744653 0.000000
vt 0.575959 -0.812349 0.000000
vt 0.523599 -0.812349 0.000000
vt 0.471239 -0.812349 0.000000
vt 0.471239 -0.744653 0.000000
vt 0.575959 -0.676957 0.000000
vt 0.628319 -0.676957 0.000000
vt 0.575959 -0.609262 0.000000
vt 0.628319 -0.609262 0.000000
vt 0.575959 -0.541566 0.000000
vt 0.628319 -0.541566 0.000000
vt 0.471239 -0.541566 0.000000
vt 0.471239 -0.609262 0.000000
vt 0.471239 -0.676957 0.000000
vt 0.523599 -0.541566 0.000000
vt 0.523599 -0.609262 0.000000
vt 0.523599 -0.676957 0.000000
vt 0.523599 -0.744653 0.000000
vt 0.471239 -0.880044 0.000000
vt 0.200000 -0.314159 0.000000
vt 0.200000 -0.366519 0.000000
vt 0.775829 -0.314159 0.000000
vt 0.951602 -0.368567 0.000000
vt 0.200000 -0.418879 0.000000
vt 1.114446 -0.422974 0.000000
vt 0.200000 -0.471239 0.000000
vt 1.252386 -0.477382 0.000000
vt 0.200000 -0.523599 0.000000
vt 1.355274 -0.531790 0.000000
vt 1.355274 -0.563966 0.000000
vt 0.200000 -0.575959 0.000000
vt 1.355274 -0.596142 0.000000
vt 0.200000 -0.628319 0.000000
vt 1.355274 -0.628319 0.000000
vt -0.531790 0.821284 0.000000
vt -0.563966 0.821284 0.000000
vt -0.628319 0.666153 0.000000
vt -0.628319 0.717863 0.000000
vt -0.596142 0.821284 0.000000
vt -0.628319 0.769574 0.000000
vt -0.628319 0.821284 0.000000
vt -0.200000 0.314159 0.000000
vt 0.776049 0.314159 0.000000
vt -0.199037 0.333794 0.000000
vt 0.791875 0.366519 0.000000
vt -0.196157 0.353429 0.000000
vt -0.184776 0.392699 0.000000
vt 0.806622 0.418879 0.000000
vt -0.166294 0.431969 0.000000
vt 0.819286 0.471239 0.000000
vt -0.141421 0.471239 0.000000
vt -0.111114 0.510509 0.000000
vt 0.829003 0.523599 0.000000
vt -0.076537 0.549779 0.000000
vt 0.835111 0.575959 0.000000
vt -0.039018 0.589049 0.000000
vt 0.837195 0.628319 0.000000
vt -0.000000 0.628319 0.000000
vt -3.800000 -0.628319 0.000000
vt -3.750000 -0.628319 0.000000
vt -3.839018 -0.589049 0.000000
vt -3.750000 -0.575959 0.000000
vt -3.876537 -0.549779 0.000000
vt -3.750000 -0.523599 0.000000
vt -3.911114 -0.510509 0.000000
vt -3.750000 -0.471239 0.000000
vt -3.941421 -0.471239 0.000000
vt -3.966294 -0.431969 0.000000
vt -3.750000 -0.418879 0.000000
vt -3.984776 -0.392699 0.000000
vt -3.750000 -0.366519 0.000000
vt -3.996157 -0.353429 0.000000
vt -3.999037 -0.333794 0.000000
vt -3.750000 -0.314159 0.000000
vt -4.000000 -0.314159 0.000000
vt -0.000000 0.000000 0.000000
vt -0.837195 0.000000 0.000000
vt 0.039018 -0.039270 0.000000
vt -0.835111 -0.052360 0.000000
vt 0.076537 -0.078540 0.000000
vt -0.829003 -0.104720 0.000000
vt 0.111114 -0.117810 0.000000
vt -0.819286 -0.157080 0.000000
vt 0.141421 -0.157080 0.000000
vt 0.166294 -0.196350 0.000000
vt -0.806622 -0.209440 0.000000
vt 0.184776 -0.235619 0.000000
vt -0.791875 -0.261799 0.000000
vt 0.196157 -0.274889 0.000000
vt 0.199037 -0.294524 0.000000
vt -0.776049 -0.314159 0.000000
vt 0.200000 -0.314159 0.000000
vt -0.200000 -0.628319 0.000000
vt -0.160982 -0.589049 0.000000
vt -0.250000 -0.628319 0.000000
vt -0.250000 -0.575959 0.000000
vt -0.123463 -0.549779 0.000000
vt -0.250000 -0.523599 0.000000
vt -0.088886 -0.510509 0.000000
vt -0.250000 -0.471239 0.000000
vt -0.058579 -0.471239 0.000000
vt -0.033706 -0.431969 0.000000
vt -0.250000 -0.418879 0.000000
vt -0.015224 -0.392699 0.000000
vt -0.250000 -0.366519 0.000000
vt -0.003843 -0.353429 0.000000
vt -0.000963 -0.333794 0.000000
vt -0.000000 -0.314159 0.000000
vt -0.250000 -0.314159 0.000000
vt 3.900000 -0.668862 0.000000
vt 1.783710 -0.021848 0.000000
vt 0.900000 -0.200000 0.000000
vt 1.637524 -0.000000 0.000000
vt 0.900000 -0.000000 0.000000
vt 1.735783 -0.009750 0.000000
vt 1.686895 -0.002443 0.000000
vt -3.036418 -0.500000 0.000000
vt 0.000000 -0.500000 0.000000
vt -3.036418 0.000000 0.000000
vt -0.000000 0.000000 0.000000
vt -1.686895 -0.002443 0.000000
vt -1.735783 -0.009750 0.000000
vt -1.637524 -0.000000 0.000000
vt -1.783710 -0.021848 0.000000
vt -0.900000 -0.200000 0.000000
vt -3.900000 -0.668862 0.000000
vt -0.900000 0.000000 0.000000
vt -0.000000 0.500000 0.000000
vt -3.036418 0.500000 0.000000
vt -0.000000 0.000000 0.000000
vt -3.036418 0.000000 0.000000
vt 0.989831 -1.750000 0.000000
vt 1.408107 -1.750000 0.000000
vt 0.989831 -0.050000 0.000000
vt 1.408107 -0.050000 0.000000
vt -1.494299 0.050000 0.000000
vt -1.081550 0.050000 0.000000
vt -1.494299 1.750000 0.000000
vt -1.081550 1.750000 0.000000
vt -0.054792 1.034291 0.000000
vt -0.177084 1.434291 0.000000
vt -0.263930 1.034291 0.000000
vt -0.364374 1.434291 0.000000
vt -0.371611 1.434239 0.000000
vt -0.378846 1.434082 0.000000
vt -0.386078 1.433820 0.000000
vt 0.658502 1.346527 0.000000
vt 0.651266 1.346580 0.000000
vt 0.550821 0.946580 0.000000
vt 0.463975 1.346580 0.000000
vt 0.341683 0.946580 0.000000
vt 0.672970 1.346109 0.000000
vt 0.665738 1.346370 0.000000
vt 1.005117 -0.078540 0.000000
vt 1.423394 -0.078540 0.000000
vt 1.206612 -0.065450 0.000000
vt 1.419437 -0.065450 0.000000
vt 1.415751 -0.052360 0.000000
vt 1.206612 -0.052360 0.000000
vt 1.412585 -0.039270 0.000000
vt 1.206612 -0.039270 0.000000
vt 1.410155 -0.026180 0.000000
vt 1.206612 -0.026180 0.000000
vt 1.408628 -0.013090 0.000000
vt 1.206612 -0.013090 0.000000
vt 1.408107 0.000000 0.000000
vt 0.989831 0.000000 0.000000
vt 0.990352 -0.013090 0.000000
vt 0.991879 -0.026180 0.000000
vt 0.994308 -0.039270 0.000000
vt 0.997474 -0.052360 0.000000
vt 1.001161 -0.065450 0.000000
vt 1.081550 -0.157080 0.000000
vt 1.494299 -0.157080 0.000000
vt 1.280281 -0.143990 0.000000
vt 1.494151 -0.147295 0.000000
vt 1.493691 -0.137233 0.000000
vt 1.280281 -0.130900 0.000000
vt 1.492898 -0.127198 0.000000
vt 1.280281 -0.117810 0.000000
vt 1.491804 -0.117495 0.000000
vt 1.490364 -0.107800 0.000000
vt 1.280281 -0.104720 0.000000
vt 1.488543 -0.097890 0.000000
vt 1.280281 -0.091630 0.000000
vt 1.486392 -0.088044 0.000000
vt 1.066263 -0.078540 0.000000
vt 1.484047 -0.078540 0.000000
vt 1.070220 -0.091630 0.000000
vt 1.073907 -0.104720 0.000000
vt 1.077073 -0.117810 0.000000
vt 1.079502 -0.130900 0.000000
vt 1.081029 -0.143990 0.000000
vt 0.989831 0.000000 0.000000
vt 1.408107 0.000000 0.000000
vt 1.206612 0.013090 0.000000
vt 1.408628 0.013090 0.000000
vt 1.206612 0.026180 0.000000
vt 1.410155 0.026180 0.000000
vt 1.206612 0.039270 0.000000
vt 1.412585 0.039270 0.000000
vt 1.206612 0.052360 0.000000
vt 1.415751 0.052360 0.000000
vt 1.206612 0.065450 0.000000
vt 1.419437 0.065450 0.000000
vt 1.423394 0.078540 0.000000
vt 1.005117 0.078540 0.000000
vt 1.001161 0.065450 0.000000
vt 0.997474 0.052360 0.000000
vt 0.994308 0.039270 0.000000
vt 0.991879 0.026180 0.000000
vt 0.990352 0.013090 0.000000
vt 1.066263 0.078540 0.000000
vt 1.484047 0.078540 0.000000
vt 1.280281 0.091630 0.000000
vt 1.486392 0.088044 0.000000
vt 1.488543 0.097890 0.000000
vt 1.280281 0.104720 0.000000
vt 1.490364 0.107800 0.000000
vt 1.280281 0.117810 0.000000
vt 1.491804 0.117495 0.000000
vt 1.492898 0.127198 0.000000
vt 1.280281 0.130900 0.000000
vt 1.493691 0.137233 0.000000
vt 1.280281 0.143990 0.000000
vt 1.494151 0.147295 0.000000
vt 1.081550 0.157080 0.000000
vt 1.494299 0.157080 0.000000
vt 1.081029 0.143990 0.000000
vt 1.079502 0.130900 0.000000
vt 1.077073 0.117810 0.000000
vt 1.073907 0.104720 0.000000
vt 1.070220 0.091630 0.000000
vn -1.000000 -0.000000 -0.000000
vn -1.000000 -0.000000 -0.000000
vn -1.000000 -0.000000 -0.000000
vn -1.000000 -0.000000 -0.000000
vn -1.000000 -0.000000 -0.000000
vn -1.000000 -0.000000 -0.000000
vn -1.000000 -0.000000 -0.000000
vn -1.000000 -0.000000 -0.000000
vn -1.000000 -0.000000 -0.000000
vn -1.000000 -0.000000 -0.000000
vn -1.000000 -0.000000 -0.000000
vn -1.000000 -0.000000 -0.000000
vn -1.000000 -0.000000 -0.000000
vn -1.000000 -0.000000 -0.000000
vn -1.000000 -0.000000 -0.000000
vn -1.000000 -0.000000 -0.000000
vn -1.000000 -0.000000 -0.000000
vn -1.000000 -0.000000 -0.000000
vn -1.000000 -0.000000 -0.000000
vn -1.000000 -0.000000 -0.000000
vn -1.000000 -0.000000 -0.000000
vn -1.000000 -0.000000 -0.000000
vn -1.000000 -0.000000 -0.000000
vn -1.000000 -0.000000 -0.000000
vn -1.000000 -0.000000 -0.000000
vn -1.000000 -0.000000 -0.000000
vn -1.000000 -0.000000 -0.000000
vn -1.000000 -0.000000 -0.000000
vn -1.000000 -0.000000 -0.000000
vn -1.000000 -0.000000 -0.000000
vn -1.000000 -0.000000 -0.000000
vn -1.000000 -0.000000 -0.000000
vn 1.000000 0.000000 0.000000
vn 1.000000 0.000000 0.000000
vn 1.000000 0.000000 0.000000
vn 1.000000 0.000000 0.000000
vn 1.000000 0.000000 0.000000
vn 1.000000 0.000000 0.000000
vn 1.000000 0.000000 0.000000
vn 1.000000 0.000000 0.000000
vn 1.000000 0.000000 0.000000
vn 1.000000 0.000000 0.000000
vn 1.000000 0.000000 0.000000
vn 1.000000 0.000000 0.000000
vn 1.000000 0.000000 0.000000
vn 1.000000 0.000000 0.000000
vn 1.000000 0.000000 0.000000
vn 1.000000 0.000000 0.000000
vn 1.000000 0.000000 0.000000
vn 1.000000 0.000000 0.000000
vn 1.000000 0.000000 0.000000
vn 1.000000 0.000000 0.000000
vn 1.000000 0.000000 0.000000
vn 1.000000 0.000000 0.000000
vn 1.000000 0.000000 0.000000
vn 1.000000 0.000000 0.000000
vn 1.000000 0.000000 0.000000
vn 1.000000 0.000000 0.000000
vn 1.000000 0.000000 0.000000
vn 1.000000 0.000000 0.000000
vn 1.000000 0.000000 0.000000
vn 1.000000 0.000000 0.000000
vn 1.000000 0.000000 0.000000
vn 1.000000 0.000000 0.000000
vn 1.000000 0.000000 0.000000
vn 1.000000 0.000000 0.000000
vn 1.000000 0.000000 0.000000
vn 1.000000 0.000000 0.000000
vn 1.000000 0.000000 0.000000
vn 1.000000 0.000000 0.000000
vn 1.000000 0.000000 0.000000
vn 1.000000 0.000000 0.000000
vn 1.000000 0.000000 0.000000
vn 1.000000 0.000000 0.000000
vn 1.000000 0.000000 0.000000
vn 1.000000 0.000000 0.000000
vn 1.000000 0.000000 0.000000
vn 1.000000 0.000000 0.000000
vn 1.000000 0.000000 0.000000
vn 1.000000 0.000000 0.000000
vn 1.000000 0.000000 0.000000
vn 1.000000 0.000000 0.000000
vn 1.000000 0.000000 0.000000
vn 1.000000 0.000000 0.000000
vn 1.000000 0.000000 0.000000
vn 1.000000 0.000000 0.000000
vn 1.000000 0.000000 0.000000
vn 1.000000 0.000000 0.000000
vn 1.000000 0.000000 0.000000
vn 1.000000 0.000000 0.000000
vn 1.000000 0.000000 0.000000
vn 1.000000 0.000000 0.000000
vn 1.000000 0.000000 0.000000
vn 1.000000 0.000000 0.000000
vn 1.000000 0.000000 0.000000
vn 1.000000 0.000000 0.000000
vn 1.000000 0.000000 0.000000
vn 1.000000 0.000000 0.000000
vn 1.000000 0.000000 0.000000
vn 1.000000 0.000000 0.000000
vn 1.000000 0.000000 0.000000
vn 1.000000 0.000000 0.000000
vn 1.000000 0.000000 0.000000
vn 1.000000 0.000000 0.000000
vn 1.000000 0.000000 0.000000
vn 1.000000 0.000000 0.000000
vn 1.000000 0.000000 0.000000
vn 1.000000 0.000000 0.000000
vn 0.999895 0.000000 0.014473
vn 0.999581 0.000000 0.028943
vn 0.999057 0.000000 0.043408
vn 0.995113 0.000000 0.098741
vn 0.998023 0.000000 0.062843
vn 0.996622 0.000000 0.082129
vn 0.994996 0.000000 0.099911
vn 0.993350 0.000000 0.115137
vn 0.991824 0.000000 0.127616
vn 0.990538 0.000000 0.137242
vn 0.989709 0.000000 0.143095
vn 0.989427 0.000000 0.145032
vn 0.989427 0.000000 0.145032
vn 0.989016 0.000000 0.147809
vn 0.980500 0.000000 0.196517
vn 0.989709 0.000000 0.143095
vn 0.995113 0.000000 0.098741
vn 0.980500 0.000000 0.196517
vn 0.956305 0.000000 0.292372
vn 0.990538 0.000000 0.137242
vn 0.991824 0.000000 0.127616
vn 0.993350 0.000000 0.115137
vn 0.994996 0.000000 0.099911
vn 0.996622 0.000000 0.082129
vn 0.998023 0.000000 0.062843
vn 0.999057 0.000000 0.043408
vn 0.999581 0.000000 0.028943
vn 0.999895 0.000000 0.014473
vn 0.956305 0.000000 0.292372
vn 0.000000 0.000000 1.000000
vn 0.000000 0.000000 1.000000
vn 0.000000 0.000000 1.000000
vn 0.000000 0.000000 1.000000
vn -0.956305 -0.000000 -0.292372
vn -0.956305 -0.000000 -0.292372
vn -0.956305 -0.000000 -0.292372
vn -0.956305 -0.000000 -0.292372
vn -0.956305 -0.000000 -0.292372
vn -0.956305 -0.000000 -0.292372
vn -0.956305 -0.000000 -0.292372
vn -0.956305 -0.000000 -0.292372
vn -0.956305 -0.000000 -0.292372
vn -0.956305 -0.000000 -0.292372
vn -0.956305 -0.000000 -0.292372
vn -0.956305 -0.000000 -0.292372
vn -0.956305 -0.000000 -0.292372
vn -0.956305 -0.000000 -0.292372
vn -0.956305 -0.000000 -0.292372
vn -0.956305 -0.000000 -0.292372
vn -0.956305 -0.000000 -0.292372
vn -0.956305 -0.000000 -0.292372
vn -0.956305 -0.000000 -0.292372
vn -0.956305 -0.000000 -0.292372
vn -0.956305 -0.000000 -0.292372
vn -0.956305 -0.000000 -0.292372
vn -0.956305 -0.000000 -0.292372
vn -0.956305 -0.000000 -0.292372
vn -0.956305 -0.000000 -0.292372
vn -0.956305 -0.000000 -0.292372
vn -0.956305 -0.000000 -0.292372
vn -0.956305 -0.000000 -0.292372
vn -0.956305 -0.000000 -0.292372
vn -0.956305 -0.000000 -0.292372
vn -0.956305 -0.000000 -0.292372
vn -0.956305 -0.000000 -0.292372
vn -0.956305 -0.000000 -0.292372
vn -0.956305 -0.000000 -0.292372
vn -0.956305 -0.000000 -0.292372
vn -0.956305 -0.000000 -0.292372
vn -0.956305 -0.000000 -0.292372
vn -0.956305 -0.000000 -0.292372
vn -0.956305 -0.000000 -0.292372
vn -0.956305 -0.000000 -0.292372
vn -0.956305 -0.000000 -0.292372
vn -0.956305 -0.000000 -0.292372
vn -0.956305 -0.000000 -0.292372
vn -0.956305 -0.000000 -0.292372
vn -0.956305 -0.000000 -0.292372
vn -0.956305 -0.000000 -0.292372
vn -0.956305 -0.000000 -0.292372
vn -0.956305 -0.000000 -0.292372
vn -0.956305 -0.000000 -0.292372
vn -0.956305 -0.000000 -0.292372
vn -0.956305 -0.000000 -0.292372
vn -0.956305 -0.000000 -0.292372
vn -0.956305 -0.000000 -0.292372
vn -0.956305 -0.000000 -0.292372
vn -0.956305 -0.000000 -0.292372
vn -0.956305 -0.000000 -0.292372
vn -0.956305 -0.000000 -0.292372
vn -0.956305 -0.000000 -0.292372
vn -0.956305 -0.000000 -0.292372
vn -0.956305 -0.000000 -0.292372
vn -0.956305 -0.000000 -0.292372
vn -0.956305 -0.000000 -0.292372
vn -0.956305 -0.000000 -0.292372
vn -0.956305 -0.000000 -0.292372
vn -0.956305 -0.000000 -0.292372
vn -0.956305 -0.000000 -0.292372
vn -0.956305 -0.000000 -0.292372
vn -0.956305 -0.000000 -0.292372
vn -0.956305 -0.000000 -0.292372
vn -0.956305 -0.000000 -0.292372
vn -0.956305 -0.000000 -0.292372
vn -0.956305 -0.000000 -0.292372
vn -0.956305 -0.000000 -0.292372
vn -0.956305 -0.000000 -0.292372
vn -0.956305 -0.000000 -0.292372
vn -0.956305 -0.000000 -0.292372
vn -0.956305 -0.000000 -0.292372
vn -0.956305 -0.000000 -0.292372
vn -0.956305 -0.000000 -0.292372
vn -0.956305 -0.000000 -0.292372
vn -0.956305 -0.000000 -0.292372
vn -0.956305 -0.000000 -0.292372
vn -0.956305 -0.000000 -0.292372
vn -0.956305 -0.000000 -0.292372
vn -0.956305 -0.000000 -0.292372
vn -0.956305 -0.000000 -0.292372
vn -0.956305 -0.000000 -0.292372
vn -0.956305 -0.000000 -0.292372
vn -0.956305 -0.000000 -0.292372
vn -0.956305 -0.000000 -0.292372
vn -0.956305 -0.000000 -0.292372
vn -0.956305 -0.000000 -0.292372
vn -0.956305 -0.000000 -0.292372
vn -0.956305 -0.000000 -0.292372
vn -0.956305 -0.000000 -0.292372
vn -0.956305 -0.000000 -0.292372
vn -0.956305 -0.000000 -0.292372
vn -0.956305 -0.000000 -0.292372
vn -0.956305 -0.000000 -0.292372
vn -0.956305 -0.000000 -0.292372
vn -0.956305 -0.000000 -0.292372
vn -0.956305 -0.000000 -0.292372
vn -0.956305 -0.000000 -0.292372
vn -0.956305 -0.000000 -0.292372
vn -0.956305 -0.000000 -0.292372
vn -0.956305 -0.000000 -0.292372
vn -0.956305 -0.000000 -0.292372
vn -0.956305 -0.000000 -0.292372
vn -0.956305 -0.000000 -0.292372
vn -0.956305 -0.000000 -0.292372
vn -0.956305 -0.000000 -0.292372
vn -0.956305 -0.000000 -0.292372
vn -0.956305 -0.000000 -0.292372
vn -0.956305 -0.000000 -0.292372
vn -0.956305 -0.000000 -0.292372
vn -0.956305 -0.000000 -0.292372
vn -0.980500 0.000000 -0.196517
vn -0.989016 0.000000 -0.147809
vn -0.995113 0.000000 -0.098741
vn -0.995113 0.000000 -0.098741
vn -0.980500 0.000000 -0.196517
vn -1.000000 -0.000000 -0.000000
vn -1.000000 -0.000000 -0.000000
vn -1.000000 -0.000000 -0.000000
vn -1.000000 -0.000000 -0.000000
vn -1.000000 -0.000000 -0.000000
vn -1.000000 -0.000000 -0.000000
vn -1.000000 -0.000000 -0.000000
vn -1.000000 -0.000000 -0.000000
vn -1.000000 -0.000000 -0.000000
vn -1.000000 -0.000000 -0.000000
vn -1.000000 -0.000000 -0.000000
vn -1.000000 -0.000000 -0.000000
vn -1.000000 -0.000000 -0.000000
vn -1.000000 -0.000000 -0.000000
vn -1.000000 -0.000000 -0.000000
vn -1.000000 -0.000000 -0.000000
vn -1.000000 -0.000000 -0.000000
vn -1.000000 -0.000000 -0.000000
vn -1.000000 -0.000000 -0.000000
vn -1.000000 -0.000000 -0.000000
vn -1.000000 -0.000000 -0.000000
vn -1.000000 -0.000000 -0.000000
vn -1.000000 -0.000000 -0.000000
vn -1.000000 -0.000000 -0.000000
vn -1.000000 -0.000000 -0.000000
vn -1.000000 -0.000000 -0.000000
vn -1.000000 -0.000000 -0.000000
vn -1.000000 -0.000000 -0.000000
vn -1.000000 -0.000000 -0.000000
vn -1.000000 -0.000000 -0.000000
vn -1.000000 -0.000000 -0.000000
vn -1.000000 -0.000000 -0.000000
vn -1.000000 -0.000000 -0.000000
vn -1.000000 -0.000000 -0.000000
vn -1.000000 -0.000000 -0.000000
vn -1.000000 -0.000000 -0.000000
vn -1.000000 -0.000000 -0.000000
vn -1.000000 -0.000000 -0.000000
vn -1.000000 -0.000000 -0.000000
vn -1.000000 -0.000000 -0.000000
vn -1.000000 -0.000000 -0.000000
vn -1.000000 -0.000000 -0.000000
vn -1.000000 -0.000000 -0.000000
vn -1.000000 -0.000000 -0.000000
vn -1.000000 -0.000000 -0.000000
vn -1.000000 -0.000000 -0.000000
vn -1.000000 -0.000000 -0.000000
vn -1.000000 -0.000000 -0.000000
vn -1.000000 -0.000000 -0.000000
vn -1.000000 -0.000000 -0.000000
vn -1.000000 -0.000000 -0.000000
vn -1.000000 -0.000000 -0.000000
vn -1.000000 -0.000000 -0.000000
vn -1.000000 -0.000000 -0.000000
vn -1.000000 -0.000000 -0.000000
vn -1.000000 -0.000000 -0.000000
vn -1.000000 -0.000000 -0.000000
vn -1.000000 -0.000000 -0.000000
vn -1.000000 -0.000000 -0.000000
vn -1.000000 -0.000000 -0.000000
vn -1.000000 -0.000000 -0.000000
vn -1.000000 -0.000000 -0.000000
vn -1.000000 -0.000000 -0.000000
vn -1.000000 -0.000000 -0.000000
vn -0.956305 -0.000000 -0.292372
vn -0.956305 -0.000000 -0.292372
vn -0.956305 -0.000000 -0.292372
vn -0.956305 -0.000000 -0.292372
vn -0.956305 -0.000000 -0.292372
vn -0.956305 -0.000000 -0.292372
vn -0.956305 -0.000000 -0.292372
vn -0.956305 -0.000000 -0.292372
vn -0.956305 -0.000000 -0.292372
vn -0.956305 -0.000000 -0.292372
vn -0.956305 -0.000000 -0.292372
vn -0.956305 -0.000000 -0.292372
vn -0.956305 -0.000000 -0.292372
vn -0.956305 -0.000000 -0.292372
vn -0.956305 -0.000000 -0.292372
vn -0.956305 -0.000000 -0.292372
vn -0.956305 -0.000000 -0.292372
vn -0.956305 -0.000000 -0.292372
vn -0.956305 -0.000000 -0.292372
vn -0.956305 -0.000000 -0.292372
vn -0.956305 -0.000000 -0.292372
vn -0.956305 -0.000000 -0.292372
vn -0.956305 -0.000000 -0.292372
vn -0.956305 -0.000000 -0.292372
vn -0.956305 -0.000000 -0.292372
vn -0.956305 -0.000000 -0.292372
vn -0.956305 -0.000000 -0.292372
vn -0.956305 -0.000000 -0.292372
vn -0.956305 -0.000000 -0.292372
vn -0.956305 -0.000000 -0.292372
vn -0.956305 -0.000000 -0.292372
vn -0.956305 -0.000000 -0.292372
vn -0.956305 -0.000000 -0.292372
vn -0.956305 -0.000000 -0.292372
vn -0.956305 -0.000000 -0.292372
vn -0.956305 -0.000000 -0.292372
vn -0.956305 -0.000000 -0.292372
vn -0.956305 -0.000000 -0.292372
vn -0.956305 -0.000000 -0.292372
vn -0.956305 -0.000000 -0.292372
vn -0.956305 -0.000000 -0.292372
vn -0.956305 -0.000000 -0.292372
vn -0.956305 -0.000000 -0.292372
vn -0.956305 -0.000000 -0.292372
vn -0.956305 -0.000000 -0.292372
vn -0.956305 -0.000000 -0.292372
vn -0.956305 -0.000000 -0.292372
vn -0.956305 -0.000000 -0.292372
vn -0.956305 -0.000000 -0.292372
vn -0.956305 -0.000000 -0.292372
vn -0.956305 -0.000000 -0.292372
vn -0.956305 -0.000000 -0.292372
vn -0.956305 -0.000000 -0.292372
vn -0.956305 -0.000000 -0.292372
vn -0.956305 -0.000000 -0.292372
vn -0.956305 -0.000000 -0.292372
vn -0.956305 -0.000000 -0.292372
vn -0.956305 -0.000000 -0.292372
vn -0.956305 -0.000000 -0.292372
vn -0.956305 -0.000000 -0.292372
vn -0.956305 -0.000000 -0.292372
vn -0.956305 -0.000000 -0.292372
vn -0.956305 -0.000000 -0.292372
vn -0.956305 -0.000000 -0.292372
vn -0.956305 -0.000000 -0.292372
vn -0.956305 -0.000000 -0.292372
vn -0.956305 -0.000000 -0.292372
vn -0.956305 -0.000000 -0.292372
vn -0.956305 -0.000000 -0.292372
vn -0.956305 -0.000000 -0.292372
vn -0.956305 -0.000000 -0.292372
vn -0.956305 -0.000000 -0.292372
vn -0.956305 -0.000000 -0.292372
vn -0.956305 -0.000000 -0.292372
vn -0.956305 -0.000000 -0.292372
vn -0.956305 -0.000000 -0.292372
vn -0.956305 -0.000000 -0.292372
vn -0.956305 -0.000000 -0.292372
vn -0.956305 -0.000000 -0.292372
vn -0.956305 -0.000000 -0.292372
vn -0.956305 -0.000000 -0.292372
vn -0.956305 -0.000000 -0.292372
vn -0.956305 -0.000000 -0.292372
vn -0.956305 -0.000000 -0.292372
vn -0.956305 -0.000000 -0.292372
vn -0.956305 -0.000000 -0.292372
vn -0.956305 -0.000000 -0.292372
vn -0.956305 -0.000000 -0.292372
vn -0.956305 -0.000000 -0.292372
vn -0.956305 -0.000000 -0.292372
vn -0.956305 -0.000000 -0.292372
vn -0.956305 -0.000000 -0.292372
vn -0.956305 -0.000000 -0.292372
vn -0.956305 -0.000000 -0.292372
vn -0.956305 -0.000000 -0.292372
vn -0.956305 -0.000000 -0.292372
vn -0.956305 -0.000000 -0.292372
vn -0.956305 -0.000000 -0.292372
vn -0.956305 -0.000000 -0.292372
vn -0.956305 -0.000000 -0.292372
vn -0.956305 -0.000000 -0.292372
vn -0.956305 -0.000000 -0.292372
vn -0.956305 -0.000000 -0.292372
vn -0.956305 -0.000000 -0.292372
vn -0.956305 -0.000000 -0.292372
vn -0.956305 -0.000000 -0.292372
vn -0.956305 -0.000000 -0.292372
vn -0.956305 -0.000000 -0.292372
vn -0.956305 -0.000000 -0.292372
vn -0.956305 -0.000000 -0.292372
vn -0.956305 -0.000000 -0.292372
vn -0.956305 -0.000000 -0.292372
vn -0.956305 -0.000000 -0.292372
vn -0.956305 -0.000000 -0.292372
vn -0.956305 -0.000000 -0.292372
vn -0.956305 -0.000000 -0.292372
vn -0.956305 -0.000000 -0.292372
vn -0.956305 -0.000000 -0.292372
vn -0.956305 -0.000000 -0.292372
vn -0.956305 -0.000000 -0.292372
vn -0.956305 -0.000000 -0.292372
vn -0.956305 -0.000000 -0.292372
vn -0.956305 -0.000000 -0.292372
vn -0.956305 -0.000000 -0.292372
vn -0.956305 -0.000000 -0.292372
vn -0.956305 -0.000000 -0.292372
vn -0.956305 -0.000000 -0.292372
vn -0.956305 -0.000000 -0.292372
vn -0.956305 -0.000000 -0.292372
vn -0.956305 -0.000000 -0.292372
vn -0.956305 -0.000000 -0.292372
vn -0.956305 -0.000000 -0.292372
vn -0.956305 -0.000000 -0.292372
vn -0.956305 -0.000000 -0.292372
vn -0.956305 -0.000000 -0.292372
vn -0.956305 -0.000000 -0.292372
vn -0.956305 -0.000000 -0.292372
vn -0.956305 -0.000000 -0.292372
vn -0.956305 -0.000000 -0.292372
vn -0.956305 -0.000000 -0.292372
vn -0.956305 -0.000000 -0.292372
vn -0.956305 -0.000000 -0.292372
vn -0.956305 -0.000000 -0.292372
vn -0.956305 -0.000000 -0.292372
vn -0.956305 -0.000000 -0.292372
vn -0.956305 -0.000000 -0.292372
vn -0.956305 -0.000000 -0.292372
vn -0.956305 -0.000000 -0.292372
vn -0.956305 -0.000000 -0.292372
vn -0.956305 -0.000000 -0.292372
vn -0.956305 -0.000000 -0.292372
vn -0.956305 -0.000000 -0.292372
vn -0.956305 -0.000000 -0.292372
vn -0.956305 -0.000000 -0.292372
vn -0.956305 -0.000000 -0.292372
vn -0.956305 -0.000000 -0.292372
vn -0.956305 -0.000000 -0.292372
vn -0.956305 -0.000000 -0.292372
vn -0.956305 -0.000000 -0.292372
vn -0.956305 -0.000000 -0.292372
vn -0.956305 -0.000000 -0.292372
vn -0.956305 -0.000000 -0.292372
vn -0.956305 -0.000000 -0.292372
vn -0.956305 -0.000000 -0.292372
vn -0.956305 -0.000000 -0.292372
vn -0.956305 -0.000000 -0.292372
vn -0.956305 -0.000000 -0.292372
vn -0.956305 -0.000000 -0.292372
vn -0.956305 -0.000000 -0.292372
vn -0.956305 -0.000000 -0.292372
vn -0.956305 -0.000000 -0.292372
vn -0.956305 -0.000000 -0.292372
vn -0.956305 -0.000000 -0.292372
vn -0.956305 -0.000000 -0.292372
vn -0.956305 -0.000000 -0.292372
vn -0.956305 -0.000000 -0.292372
vn -0.956305 -0.000000 -0.292372
vn -0.956305 -0.000000 -0.292372
vn -0.956305 -0.000000 -0.292372
vn -0.956305 -0.000000 -0.292372
vn -0.956305 -0.000000 -0.292372
vn -0.956305 -0.000000 -0.292372
vn -0.956305 -0.000000 -0.292372
vn -0.956305 -0.000000 -0.292372
vn -0.956305 -0.000000 -0.292372
vn -0.956305 -0.000000 -0.292372
vn -0.956305 -0.000000 -0.292372
vn -0.956305 -0.000000 -0.292372
vn -0.956305 -0.000000 -0.292372
vn -0.956305 -0.000000 -0.292372
vn -0.956305 -0.000000 -0.292372
vn -0.956305 -0.000000 -0.292372
vn 0.956305 0.000000 0.292372
vn 0.956305 0.000000 0.292372
vn 0.956305 0.000000 0.292372
vn 0.956305 0.000000 0.292372
vn 0.956305 0.000000 0.292372
vn 0.956305 0.000000 0.292372
vn 0.956305 0.000000 0.292372
vn 0.956305 0.000000 0.292372
vn 0.956305 0.000000 0.292372
vn 0.956305 0.000000 0.292372
vn 0.956305 0.000000 0.292372
vn 0.956305 0.000000 0.292372
vn 0.956305 0.000000 0.292372
vn 0.956305 0.000000 0.292372
vn 0.956305 0.000000 0.292372
vn 0.956305 0.000000 0.292372
vn 0.956305 0.000000 0.292372
vn 0.956305 0.000000 0.292372
vn 0.956305 0.000000 0.292372
vn 0.956305 0.000000 0.292372
vn 0.956305 0.000000 0.292372
vn 0.956305 0.000000 0.292372
vn 0.956305 0.000000 0.292372
vn 0.956305 0.000000 0.292372
vn 0.956305 0.000000 0.292372
vn 0.956305 0.000000 0.292372
vn 0.956305 0.000000 0.292372
vn 0.956305 0.000000 0.292372
vn 0.956305 0.000000 0.292372
vn 0.956305 0.000000 0.292372
vn 0.956305 0.000000 0.292372
vn 0.956305 0.000000 0.292372
vn 0.956305 0.000000 0.292372
vn 0.956305 0.000000 0.292372
vn 0.956305 0.000000 0.292372
vn 0.956305 0.000000 0.292372
vn 0.956305 0.000000 0.292372
vn 0.956305 0.000000 0.292372
vn 0.956305 0.000000 0.292372
vn 0.956305 0.000000 0.292372
vn 0.956305 0.000000 0.292372
vn 0.956305 0.000000 0.292372
vn 0.956305 0.000000 0.292372
vn 0.956305 0.000000 0.292372
vn 0.956305 0.000000 0.292372
vn 0.956305 0.000000 0.292372
vn 0.956305 0.000000 0.292372
vn 0.956305 0.000000 0.292372
vn 0.956305 0.000000 0.292372
vn 0.956305 0.000000 0.292372
vn 0.956305 0.000000 0.292372
vn 0.956305 0.000000 0.292372
vn 0.956305 0.000000 0.292372
vn 0.956305 0.000000 0.292372
vn 0.956305 0.000000 0.292372
vn 0.956305 0.000000 0.292372
vn 0.956305 0.000000 0.292372
vn 0.956305 0.000000 0.292372
vn 0.956305 0.000000 0.292372
vn 0.956305 0.000000 0.292372
vn 0.956305 0.000000 0.292372
vn 0.956305 0.000000 0.292372
vn 0.956305 0.000000 0.292372
vn 0.956305 0.000000 0.292372
vn 0.956305 0.000000 0.292372
vn 0.956305 0.000000 0.292372
vn 0.956305 0.000000 0.292372
vn 0.956305 0.000000 0.292372
vn 0.956305 0.000000 0.292372
vn 0.956305 0.000000 0.292372
vn 0.956305 0.000000 0.292372
vn 0.956305 0.000000 0.292372
vn 0.956305 0.000000 0.292372
vn 0.956305 0.000000 0.292372
vn 0.956305 0.000000 0.292372
vn 0.956305 0.000000 0.292372
vn 0.956305 0.000000 0.292372
vn 0.956305 0.000000 0.292372
vn 0.956305 0.000000 0.292372
vn 0.956305 0.000000 0.292372
vn 0.956305 0.000000 0.292372
vn 0.956305 0.000000 0.292372
vn 0.956305 0.000000 0.292372
vn 0.956305 0.000000 0.292372
vn 0.956305 0.000000 0.292372
vn 0.956305 0.000000 0.292372
vn 0.956305 0.000000 0.292372
vn 0.956305 0.000000 0.292372
vn 0.956305 0.000000 0.292372
vn 0.956305 0.000000 0.292372
vn 0.956305 0.000000 0.292372
vn 0.956305 0.000000 0.292372
vn 0.956305 0.000000 0.292372
vn 0.956305 0.000000 0.292372
vn 0.956305 0.000000 0.292372
vn 0.956305 0.000000 0.292372
vn 0.956305 0.000000 0.292372
vn 0.956305 0.000000 0.292372
vn 0.956305 0.000000 0.292372
vn 0.956305 0.000000 0.292372
vn 0.956305 0.000000 0.292372
vn 0.956305 0.000000 0.292372
vn 0.956305 0.000000 0.292372
vn 0.956305 0.000000 0.292372
vn 0.956305 0.000000 0.292372
vn 0.956305 0.000000 0.292372
vn 0.956305 0.000000 0.292372
vn 0.956305 0.000000 0.292372
vn 0.956305 0.000000 0.292372
vn 0.956305 0.000000 0.292372
vn 0.956305 0.000000 0.292372
vn 0.956305 0.000000 0.292372
vn 0.956305 0.000000 0.292372
vn 0.956305 0.000000 0.292372
vn 0.956305 0.000000 0.292372
vn 0.956305 0.000000 0.292372
vn 0.956305 0.000000 0.292372
vn 0.956305 0.000000 0.292372
vn 0.956305 0.000000 0.292372
vn 0.956305 0.000000 0.292372
vn 0.956305 0.000000 0.292372
vn 0.956305 0.000000 0.292372
vn 0.956305 0.000000 0.292372
vn 0.956305 0.000000 0.292372
vn 0.956305 0.000000 0.292372
vn 0.956305 0.000000 0.292372
vn 0.956305 0.000000 0.292372
vn 0.956305 0.000000 0.292372
vn 0.956305 0.000000 0.292372
vn 0.956305 0.000000 0.292372
vn 0.956305 0.000000 0.292372
vn 0.956305 0.000000 0.292372
vn 0.956305 0.000000 0.292372
vn 0.956305 0.000000 0.292372
vn 0.956305 0.000000 0.292372
vn 0.956305 0.000000 0.292372
vn 0.956305 0.000000 0.292372
vn 0.956305 0.000000 0.292372
vn 0.956305 0.000000 0.292372
vn 0.956305 0.000000 0.292372
vn 0.956305 0.000000 0.292372
vn 0.956305 0.000000 0.292372
vn 0.956305 0.000000 0.292372
vn 0.956305 0.000000 0.292372
vn 0.956305 0.000000 0.292372
vn 0.956305 0.000000 0.292372
vn 0.956305 0.000000 0.292372
vn 0.956305 0.000000 0.292372
vn 0.000000 0.000000 1.000000
vn 0.000000 0.000000 1.000000
vn 0.000000 0.000000 1.000000
vn 0.000000 0.000000 1.000000
vn 0.000000 -0.000000 -1.000000
vn 0.000000 -0.000000 -1.000000
vn 0.000000 -0.000000 -1.000000
vn 0.000000 -0.000000 -1.000000
vn 0.000000 -0.000000 -1.000000
vn 0.000000 -0.000000 -1.000000
vn 0.000000 -0.000000 -1.000000
vn 0.000000 -0.000000 -1.000000
vn 0.000000 -0.000000 -1.000000
vn 0.000000 -0.000000 -1.000000
vn 0.000000 -0.000000 -1.000000
vn 0.000000 -0.000000 -1.000000
vn 0.000000 -0.000000 -1.000000
vn 0.000000 -0.000000 -1.000000
vn 0.000000 -0.000000 -1.000000
vn 0.000000 -0.000000 -1.000000
vn 0.000000 -0.000000 -1.000000
vn 0.000000 -0.000000 -1.000000
vn 0.000000 -0.000000 -1.000000
vn 0.000000 -0.000000 -1.000000
vn 0.000000 -0.000000 -1.000000
vn 0.000000 -0.000000 -1.000000
vn 0.000000 -0.000000 -1.000000
vn 0.000000 -0.000000 -1.000000
vn 0.000000 -0.000000 -1.000000
vn 0.000000 -0.000000 -1.000000
vn 0.000000 -0.000000 -1.000000
vn 0.000000 -0.000000 -1.000000
vn 0.000000 -0.000000 -1.000000
vn 0.000000 -0.000000 -1.000000
vn 0.000000 -1.000000 0.000000
vn 0.000000 -1.000000 0.000000
vn 0.000000 -1.000000 0.000000
vn 0.000000 -1.000000 0.000000
vn 0.000000 -1.000000 0.000000
vn 0.000000 -1.000000 0.000000
vn -0.000000 1.000000 -0.000000
vn -0.000000 1.000000 -0.000000
vn -0.000000 1.000000 -0.000000
vn -0.000000 1.000000 -0.000000
vn -0.000000 1.000000 -0.000000
vn -0.000000 1.000000 -0.000000
vn 0.075671 -0.965926 -0.247510
vn 0.075671 -0.965926 -0.247510
vn 0.000000 -1.000000 -0.000000
vn -0.000000 -1.000000 0.000000
vn -0.075671 -0.965926 0.247510
vn -0.075671 -0.965926 0.247510
vn -0.146186 -0.866025 0.478152
vn -0.146186 -0.866025 0.478152
vn -0.206738 -0.707107 0.676210
vn -0.206738 -0.707107 0.676210
vn -0.253201 -0.500000 0.828184
vn -0.253201 -0.500000 0.828184
vn -0.282409 -0.258819 0.923719
vn -0.282409 -0.258819 0.923719
vn -0.292372 -0.000000 0.956305
vn -0.292372 -0.000000 0.956305
vn -0.282409 0.258819 0.923719
vn -0.282409 0.258819 0.923719
vn -0.253201 0.500000 0.828184
vn -0.253201 0.500000 0.828184
vn -0.206738 0.707107 0.676210
vn -0.206738 0.707107 0.676210
vn -0.146186 0.866025 0.478152
vn -0.146186 0.866025 0.478152
vn -0.075671 0.965926 0.247510
vn -0.075671 0.965926 0.247510
vn 0.000000 1.000000 -0.000000
vn -0.000000 1.000000 0.000000
vn 0.075671 0.965926 -0.247510
vn 0.075671 0.965926 -0.247510
vn 0.146186 0.866025 -0.478152
vn 0.146186 0.866025 -0.478152
vn 0.206738 0.707107 -0.676210
vn 0.206738 0.707107 -0.676210
vn 0.253201 0.500000 -0.828184
vn 0.253201 0.500000 -0.828184
vn 0.282409 0.258819 -0.923719
vn 0.282409 0.258819 -0.923719
vn 0.292372 0.000000 -0.956305
vn 0.292372 0.000000 -0.956305
vn 0.282409 -0.258819 -0.923719
vn 0.282409 -0.258819 -0.923719
vn 0.253201 -0.500000 -0.828184
vn 0.253201 -0.500000 -0.828184
vn 0.206738 -0.707107 -0.676210
vn 0.206738 -0.707107 -0.676210
vn 0.146186 -0.866025 -0.478152
vn 0.146186 -0.866025 -0.478152
vn 0.075671 -0.965926 -0.247510
vn 0.075671 -0.965926 -0.247510
vn -0.000000 -1.000000 0.000000
vn -0.000000 -1.000000 0.000000
vn -0.075671 -0.965926 0.247510
vn -0.075671 -0.965926 0.247510
vn -0.146186 -0.866025 0.478152
vn -0.146186 -0.866025 0.478152
vn -0.206738 -0.707107 0.676210
vn -0.206738 -0.707107 0.676210
vn -0.253201 -0.500000 0.828184
vn -0.253201 -0.500000 0.828184
vn -0.282409 -0.258819 0.923719
vn -0.282409 -0.258819 0.923719
vn -0.292372 -0.000000 0.956305
vn -0.292372 -0.000000 0.956305
vn -0.282409 0.258819 0.923719
vn -0.282409 0.258819 0.923719
vn -0.253201 0.500000 0.828184
vn -0.253201 0.500000 0.828184
vn -0.206738 0.707107 0.676210
vn -0.206738 0.707107 0.676210
vn -0.146186 0.866025 0.478152
vn -0.146186 0.866025 0.478152
vn -0.075671 0.965926 0.247510
vn -0.075671 0.965926 0.247510
vn -0.000000 1.000000 0.000000
vn -0.000000 1.000000 0.000000
vn 0.075671 0.965926 -0.247510
vn 0.075671 0.965926 -0.247510
vn 0.146186 0.866025 -0.478152
vn 0.146186 0.866025 -0.478152
vn 0.206738 0.707107 -0.676210
vn 0.206738 0.707107 -0.676210
vn 0.253201 0.500000 -0.828184
vn 0.253201 0.500000 -0.828184
vn 0.282409 0.258819 -0.923719
vn 0.282409 0.258819 -0.923719
vn 0.292372 0.000000 -0.956305
vn 0.292372 0.000000 -0.956305
vn 0.282409 -0.258819 -0.923719
vn 0.282409 -0.258819 -0.923719
vn 0.253201 -0.500000 -0.828184
vn 0.253201 -0.500000 -0.828184
vn 0.206738 -0.707107 -0.676210
vn 0.206738 -0.707107 -0.676210
vn 0.146186 -0.866025 -0.478152
vn 0.146186 -0.866025 -0.478152
vn 0.075671 -0.965926 -0.247510
vn 0.075671 -0.965926 -0.247510
vn 0.000000 -1.000000 -0.000000
vn -0.000000 -1.000000 0.000000
vn -0.075671 -0.965926 0.247510
vn -0.075671 -0.965926 0.247510
vn -0.146186 -0.866025 0.478152
vn -0.146186 -0.866025 0.478152
vn -0.206738 -0.707107 0.676210
vn -0.206738 -0.707107 0.676210
vn -0.253201 -0.500000 0.828184
vn -0.253201 -0.500000 0.828184
vn -0.282409 -0.258819 0.923719
vn -0.282409 -0.258819 0.923719
vn -0.292372 -0.000000 0.956305
vn -0.292372 -0.000000 0.956305
vn -0.282409 0.258819 0.923719
vn -0.282409 0.258819 0.923719
vn -0.253201 0.500000 0.828184
vn -0.253201 0.500000 0.828184
vn -0.206738 0.707107 0.676210
vn -0.206738 0.707107 0.676210
vn -0.146186 0.866025 0.478152
vn -0.146186 0.866025 0.478152
vn -0.075671 0.965926 0.247510
vn -0.075671 0.965926 0.247510
vn 0.000000 1.000000 -0.000000
vn -0.000000 1.000000 0.000000
vn 0.075671 0.965926 -0.247510
vn 0.075671 0.965926 -0.247510
vn 0.146186 0.866025 -0.478152
vn 0.146186 0.866025 -0.478152
vn 0.206738 0.707107 -0.676210
vn 0.206738 0.707107 -0.676210
vn 0.253201 0.500000 -0.828184
vn 0.253201 0.500000 -0.828184
vn 0.282409 0.258819 -0.923719
vn 0.282409 0.258819 -0.923719
vn 0.292372 0.000000 -0.956305
vn 0.292372 0.000000 -0.956305
vn 0.282409 -0.258819 -0.923719
vn 0.282409 -0.258819 -0.923719
vn 0.253201 -0.500000 -0.828184
vn 0.253201 -0.500000 -0.828184
vn 0.206738 -0.707107 -0.676210
vn 0.206738 -0.707107 -0.676210
vn 0.146186 -0.866025 -0.478152
vn 0.146186 -0.866025 -0.478152
vn 0.075671 -0.965926 -0.247510
vn 0.075671 -0.965926 -0.247510
vn -0.000000 -1.000000 0.000000
vn -0.000000 -1.000000 0.000000
vn -0.075671 -0.965926 0.247510
vn -0.075671 -0.965926 0.247510
vn -0.146186 -0.866025 0.478152
vn -0.146186 -0.866025 0.478152
vn -0.206738 -0.707107 0.676210
vn -0.206738 -0.707107 0.676210
vn -0.253201 -0.500000 0.828184
vn -0.253201 -0.500000 0.828184
vn -0.282409 -0.258819 0.923719
vn -0.282409 -0.258819 0.923719
vn -0.292372 -0.000000 0.956305
vn -0.292372 -0.000000 0.956305
vn -0.282409 0.258819 0.923719
vn -0.282409 0.258819 0.923719
vn -0.253201 0.500000 0.828184
vn -0.253201 0.500000 0.828184
vn -0.206738 0.707107 0.676210
vn -0.206738 0.707107 0.676210
vn -0.146186 0.866025 0.478152
vn -0.146186 0.866025 0.478152
vn -0.075671 0.965926 0.247510
vn -0.075671 0.965926 0.247510
vn -0.000000 1.000000 0.000000
vn -0.000000 1.000000 0.000000
vn 0.075671 0.965926 -0.247510
vn 0.075671 0.965926 -0.247510
vn 0.146186 0.866025 -0.478152
vn 0.146186 0.866025 -0.478152
vn 0.206738 0.707107 -0.676210
vn 0.206738 0.707107 -0.676210
vn 0.253201 0.500000 -0.828184
vn 0.253201 0.500000 -0.828184
vn 0.282409 0.258819 -0.923719
vn 0.282409 0.258819 -0.923719
vn 0.292372 0.000000 -0.956305
vn 0.292372 0.000000 -0.956305
vn 0.282409 -0.258819 -0.923719
vn 0.282409 -0.258819 -0.923719
vn 0.253201 -0.500000 -0.828184
vn 0.253201 -0.500000 -0.828184
vn 0.206738 -0.707107 -0.676210
vn 0.206738 -0.707107 -0.676210
vn 0.146186 -0.866025 -0.478152
vn 0.146186 -0.866025 -0.478152
vn -0.075671 0.965926 0.247510
vn -0.075671 0.965926 0.247510
vn 0.000000 1.000000 -0.000000
vn 0.000000 1.000000 -0.000000
vn 0.075671 0.965926 -0.247510
vn 0.075671 0.965926 -0.247510
vn 0.146186 0.866025 -0.478152
vn 0.146186 0.866025 -0.478152
vn 0.206738 0.707107 -0.676210
vn 0.206738 0.707107 -0.676210
vn 0.253201 0.500000 -0.828184
vn 0.253201 0.500000 -0.828184
vn 0.282409 0.258819 -0.923719
vn 0.282409 0.258819 -0.923719
vn 0.292372 0.000000 -0.956305
vn 0.292372 0.000000 -0.956305
vn 0.282409 -0.258819 -0.923719
vn 0.282409 -0.258819 -0.923719
vn 0.253201 -0.500000 -0.828184
vn 0.253201 -0.500000 -0.828184
vn 0.206738 -0.707107 -0.676210
vn 0.206738 -0.707107 -0.676210
vn 0.146186 -0.866025 -0.478152
vn 0.146186 -0.866025 -0.478152
vn 0.075671 -0.965926 -0.247510
vn 0.075671 -0.965926 -0.247510
vn 0.000000 -1.000000 -0.000000
vn 0.000000 -1.000000 -0.000000
vn -0.075671 -0.965926 0.247510
vn -0.075671 -0.965926 0.247510
vn -0.146186 -0.866025 0.478152
vn -0.146186 -0.866025 0.478152
vn -0.206738 -0.707107 0.676210
vn -0.206738 -0.707107 0.676210
vn -0.253201 -0.500000 0.828184
vn -0.253201 -0.500000 0.828184
vn -0.282409 -0.258819 0.923719
vn -0.282409 -0.258819 0.923719
vn -0.292372 -0.000000 0.956305
vn -0.292372 -0.000000 0.956305
vn -0.282409 0.258819 0.923719
vn -0.282409 0.258819 0.923719
vn -0.253201 0.500000 0.828184
vn -0.253201 0.500000 0.828184
vn -0.206738 0.707107 0.676210
vn -0.206738 0.707107 0.676210
vn -0.146186 0.866025 0.478152
vn -0.146186 0.866025 0.478152
vn -0.075671 -0.965926 0.247510
vn -0.075671 -0.965926 0.247510
vn -0.000000 -1.000000 0.000000
vn -0.000000 -1.000000 0.000000
vn 0.075671 -0.965926 -0.247510
vn 0.075671 -0.965926 -0.247510
vn 0.146186 -0.866025 -0.478152
vn 0.146186 -0.866025 -0.478152
vn 0.206738 -0.707107 -0.676210
vn 0.206738 -0.707107 -0.676210
vn 0.253201 -0.500000 -0.828184
vn 0.253201 -0.500000 -0.828184
vn 0.282409 -0.258819 -0.923719
vn 0.282409 -0.258819 -0.923719
vn 0.292372 -0.000000 -0.956305
vn 0.292372 -0.000000 -0.956305
vn 0.282409 0.258819 -0.923719
vn 0.282409 0.258819 -0.923719
vn 0.253201 0.500000 -0.828184
vn 0.253201 0.500000 -0.828184
vn 0.206738 0.707107 -0.676210
vn 0.206738 0.707107 -0.676210
vn 0.146186 0.866025 -0.478152
vn 0.146186 0.866025 -0.478152
vn 0.075671 0.965926 -0.247510
vn 0.075671 0.965926 -0.247510
vn -0.000000 1.000000 0.000000
vn -0.000000 1.000000 0.000000
vn -0.075671 0.965926 0.247510
vn -0.075671 0.965926 0.247510
vn -0.146186 0.866025 0.478152
vn -0.146186 0.866025 0.478152
vn -0.206738 0.707107 0.676210
vn -0.206738 0.707107 0.676210
vn -0.253201 0.500000 0.828184
vn -0.253201 0.500000 0.828184
vn -0.282409 0.258819 0.923719
vn -0.282409 0.258819 0.923719
vn -0.292372 -0.000000 0.956305
vn -0.292372 -0.000000 0.956305
vn -0.282409 -0.258819 0.923719
vn -0.282409 -0.258819 0.923719
vn -0.253201 -0.500000 0.828184
vn -0.253201 -0.500000 0.828184
vn -0.206738 -0.707107 0.676210
vn -0.206738 -0.707107 0.676210
vn -0.146186 -0.866025 0.478152
vn -0.146186 -0.866025 0.478152
vn -0.956305 -0.000000 -0.292372
vn -0.956305 -0.000000 -0.292372
vn -0.956305 -0.000000 -0.292372
vn -0.956305 -0.000000 -0.292372
vn -0.956305 -0.000000 -0.292372
vn -0.956305 -0.000000 -0.292372
vn -0.956305 -0.000000 -0.292372
vn -0.956305 -0.000000 -0.292372
vn -0.956305 -0.000000 -0.292372
vn -0.956305 -0.000000 -0.292372
vn -0.956305 -0.000000 -0.292372
vn -0.956305 -0.000000 -0.292372
vn -0.956305 -0.000000 -0.292372
vn -0.956305 -0.000000 -0.292372
vn -0.956305 -0.000000 -0.292372
vn -0.956305 -0.000000 -0.292372
vn -0.956305 -0.000000 -0.292372
vn -0.956305 -0.000000 -0.292372
vn -0.956305 -0.000000 -0.292372
vn -0.956305 -0.000000 -0.292372
vn -0.956305 -0.000000 -0.292372
vn -0.956305 -0.000000 -0.292372
vn -0.956305 -0.000000 -0.292372
vn -0.956305 -0.000000 -0.292372
vn -0.956305 -0.000000 -0.292372
vn -0.956305 -0.000000 -0.292372
vn -0.956305 -0.000000 -0.292372
vn -0.956305 -0.000000 -0.292372
vn -0.956305 -0.000000 -0.292372
vn -0.956305 -0.000000 -0.292372
vn -0.956305 -0.000000 -0.292372
vn -0.956305 -0.000000 -0.292372
vn -0.956305 -0.000000 -0.292372
vn -0.956305 -0.000000 -0.292372
vn -0.956305 -0.000000 -0.292372
vn -0.956305 -0.000000 -0.292372
vn -0.956305 -0.000000 -0.292372
vn -0.956305 -0.000000 -0.292372
vn -0.956305 -0.000000 -0.292372
vn -0.956305 -0.000000 -0.292372
vn -0.956305 -0.000000 -0.292372
vn -0.956305 -0.000000 -0.292372
vn -0.956305 -0.000000 -0.292372
vn -0.956305 -0.000000 -0.292372
vn -0.956305 -0.000000 -0.292372
vn -0.956305 -0.000000 -0.292372
vn -0.956305 -0.000000 -0.292372
vn -0.956305 -0.000000 -0.292372
vn -0.075671 0.965926 0.247510
vn -0.075671 0.965926 0.247510
vn 0.000000 1.000000 -0.000000
vn 0.000000 1.000000 -0.000000
vn 0.075671 0.965926 -0.247510
vn 0.075671 0.965926 -0.247510
vn 0.146186 0.866025 -0.478152
vn 0.146186 0.866025 -0.478152
vn 0.206738 0.707107 -0.676210
vn 0.206738 0.707107 -0.676210
vn 0.253201 0.500000 -0.828184
vn 0.253201 0.500000 -0.828184
vn 0.282409 0.258819 -0.923719
vn 0.282409 0.258819 -0.923719
vn 0.292372 0.000000 -0.956305
vn 0.292372 0.000000 -0.956305
vn 0.282409 -0.258819 -0.923719
vn 0.282409 -0.258819 -0.923719
vn 0.253201 -0.500000 -0.828184
vn 0.253201 -0.500000 -0.828184
vn 0.206738 -0.707107 -0.676210
vn 0.206738 -0.707107 -0.676210
vn 0.146186 -0.866025 -0.478152
vn 0.146186 -0.866025 -0.478152
vn 0.075671 -0.965926 -0.247510
vn 0.075671 -0.965926 -0.247510
vn 0.000000 -1.000000 -0.000000
vn 0.000000 -1.000000 -0.000000
vn -0.075671 -0.965926 0.247510
vn -0.075671 -0.965926 0.247510
vn -0.146186 -0.866025 0.478152
vn -0.146186 -0.866025 0.478152
vn -0.206738 -0.707107 0.676210
vn -0.206738 -0.707107 0.676210
vn -0.253201 -0.500000 0.828184
vn -0.253201 -0.500000 0.828184
vn -0.282409 -0.258819 0.923719
vn -0.282409 -0.258819 0.923719
vn -0.292372 -0.000000 0.956305
vn -0.292372 -0.000000 0.956305
vn -0.282409 0.258819 0.923719
vn -0.282409 0.258819 0.923719
vn -0.253201 0.500000 0.828184
vn -0.253201 0.500000 0.828184
vn -0.206738 0.707107 0.676210
vn -0.206738 0.707107 0.676210
vn -0.146186 0.866025 0.478152
vn -0.146186 0.866025 0.478152
vn -0.075671 -0.965926 0.247510
vn -0.075671 -0.965926 0.247510
vn -0.000000 -1.000000 0.000000
vn -0.000000 -1.000000 0.000000
vn 0.075671 -0.965926 -0.247510
vn 0.075671 -0.965926 -0.247510
vn 0.146186 -0.866025 -0.478152
vn 0.146186 -0.866025 -0.478152
vn 0.206738 -0.707107 -0.676210
vn 0.206738 -0.707107 -0.676210
vn 0.253201 -0.500000 -0.828184
vn 0.253201 -0.500000 -0.828184
vn 0.282409 -0.258819 -0.923719
vn 0.282409 -0.258819 -0.923719
vn 0.292372 -0.000000 -0.956305
vn 0.292372 -0.000000 -0.956305
vn 0.282409 0.258819 -0.923719
vn 0.282409 0.258819 -0.923719
vn 0.253201 0.500000 -0.828184
vn 0.253201 0.500000 -0.828184
vn 0.206738 0.707107 -0.676210
vn 0.206738 0.707107 -0.676210
vn 0.146186 0.866025 -0.478152
vn 0.146186 0.866025 -0.478152
vn 0.075671 0.965926 -0.247510
vn 0.075671 0.965926 -0.247510
vn -0.000000 1.000000 0.000000
vn -0.000000 1.000000 0.000000
vn -0.075671 0.965926 0.247510
vn -0.075671 0.965926 0.247510
vn -0.146186 0.866025 0.478152
vn -0.146186 0.866025 0.478152
vn -0.206738 0.707107 0.676210
vn -0.206738 0.707107 0.676210
vn -0.253201 0.500000 0.828184
vn -0.253201 0.500000 0.828184
vn -0.282409 0.258819 0.923719
vn -0.282409 0.258819 0.923719
vn -0.292372 -0.000000 0.956305
vn -0.292372 -0.000000 0.956305
vn -0.282409 -0.258819 0.923719
vn -0.282409 -0.258819 0.923719
vn -0.253201 -0.500000 0.828184
vn -0.253201 -0.500000 0.828184
vn -0.206738 -0.707107 0.676210
vn -0.206738 -0.707107 0.676210
vn -0.146186 -0.866025 0.478152
vn -0.146186 -0.866025 0.478152
vn -0.956305 -0.000000 -0.292372
vn -0.956305 -0.000000 -0.292372
vn -0.956305 -0.000000 -0.292372
vn -0.956305 -0.000000 -0.292372
vn -0.956305 -0.000000 -0.292372
vn -0.956305 -0.000000 -0.292372
vn -0.956305 -0.000000 -0.292372
vn -0.956305 -0.000000 -0.292372
vn -0.956305 -0.000000 -0.292372
vn -0.956305 -0.000000 -0.292372
vn -0.956305 -0.000000 -0.292372
vn -0.956305 -0.000000 -0.292372
vn -0.956305 -0.000000 -0.292372
vn -0.956305 -0.000000 -0.292372
vn -0.956305 -0.000000 -0.292372
vn -0.956305 -0.000000 -0.292372
vn -0.956305 -0.000000 -0.292372
vn -0.956305 -0.000000 -0.292372
vn -0.956305 -0.000000 -0.292372
vn -0.956305 -0.000000 -0.292372
vn -0.956305 -0.000000 -0.292372
vn -0.956305 -0.000000 -0.292372
vn -0.956305 -0.000000 -0.292372
vn -0.956305 -0.000000 -0.292372
vn -0.956305 -0.000000 -0.292372
vn -0.956305 -0.000000 -0.292372
vn -0.956305 -0.000000 -0.292372
vn -0.956305 -0.000000 -0.292372
vn -0.956305 -0.000000 -0.292372
vn -0.956305 -0.000000 -0.292372
vn -0.956305 -0.000000 -0.292372
vn -0.956305 -0.000000 -0.292372
vn -0.956305 -0.000000 -0.292372
vn -0.956305 -0.000000 -0.292372
vn -0.956305 -0.000000 -0.292372
vn -0.956305 -0.000000 -0.292372
vn -0.956305 -0.000000 -0.292372
vn -0.956305 -0.000000 -0.292372
vn -0.956305 -0.000000 -0.292372
vn -0.956305 -0.000000 -0.292372
vn -0.956305 -0.000000 -0.292372
vn -0.956305 -0.000000 -0.292372
vn -0.956305 -0.000000 -0.292372
vn -0.956305 -0.000000 -0.292372
vn -0.956305 -0.000000 -0.292372
vn -0.956305 -0.000000 -0.292372
vn -0.956305 -0.000000 -0.292372
vn -0.956305 -0.000000 -0.292372
vn -0.075671 0.965926 0.247510
vn -0.075671 0.965926 0.247510
vn 0.000000 1.000000 -0.000000
vn 0.000000 1.000000 -0.000000
vn 0.075671 0.965926 -0.247510
vn 0.075671 0.965926 -0.247510
vn 0.146186 0.866025 -0.478152
vn 0.146186 0.866025 -0.478152
vn 0.206738 0.707107 -0.676210
vn 0.206738 0.707107 -0.676210
vn 0.253201 0.500000 -0.828184
vn 0.253201 0.500000 -0.828184
vn 0.282409 0.258819 -0.923719
vn 0.282409 0.258819 -0.923719
vn 0.292372 0.000000 -0.956305
vn 0.292372 0.000000 -0.956305
vn 0.282409 -0.258819 -0.923719
vn 0.282409 -0.258819 -0.923719
vn 0.253201 -0.500000 -0.828184
vn 0.253201 -0.500000 -0.828184
vn 0.206738 -0.707107 -0.676210
vn 0.206738 -0.707107 -0.676210
vn 0.146186 -0.866025 -0.478152
vn 0.146186 -0.866025 -0.478152
vn 0.075671 -0.965926 -0.247510
vn 0.075671 -0.965926 -0.247510
vn 0.000000 -1.000000 -0.000000
vn 0.000000 -1.000000 -0.000000
vn -0.075671 -0.965926 0.247510
vn -0.075671 -0.965926 0.247510
vn -0.146186 -0.866025 0.478152
vn -0.146186 -0.866025 0.478152
vn -0.206738 -0.707107 0.676210
vn -0.206738 -0.707107 0.676210
vn -0.253201 -0.500000 0.828184
vn -0.253201 -0.500000 0.828184
vn -0.282409 -0.258819 0.923719
vn -0.282409 -0.258819 0.923719
vn -0.292372 -0.000000 0.956305
vn -0.292372 -0.000000 0.956305
vn -0.282409 0.258819 0.923719
vn -0.282409 0.258819 0.923719
vn -0.253201 0.500000 0.828184
vn -0.253201 0.500000 0.828184
vn -0.206738 0.707107 0.676210
vn -0.206738 0.707107 0.676210
vn -0.146186 0.866025 0.478152
vn -0.146186 0.866025 0.478152
vn -0.075671 -0.965926 0.247510
vn -0.075671 -0.965926 0.247510
vn -0.000000 -1.000000 0.000000
vn 0.000000 -1.000000 -0.000000
vn 0.075671 -0.965926 -0.247510
vn 0.075671 -0.965926 -0.247510
vn 0.146186 -0.866025 -0.478152
vn 0.146186 -0.866025 -0.478152
vn 0.206738 -0.707107 -0.676210
vn 0.206738 -0.707107 -0.676210
vn 0.253201 -0.500000 -0.828184
vn 0.253201 -0.500000 -0.828184
vn 0.282409 -0.258819 -0.923719
vn 0.282409 -0.258819 -0.923719
vn 0.292372 -0.000000 -0.956305
vn 0.292372 -0.000000 -0.956305
vn 0.282409 0.258819 -0.923719
vn 0.282409 0.258819 -0.923719
vn 0.253201 0.500000 -0.828184
vn 0.253201 0.500000 -0.828184
vn 0.206738 0.707107 -0.676210
vn 0.206738 0.707107 -0.676210
vn 0.146186 0.866025 -0.478152
vn 0.146186 0.866025 -0.478152
vn 0.075671 0.965926 -0.247510
vn 0.075671 0.965926 -0.247510
vn -0.000000 1.000000 0.000000
vn 0.000000 1.000000 -0.000000
vn -0.075671 0.965926 0.247510
vn -0.075671 0.965926 0.247510
vn -0.146186 0.866025 0.478152
vn -0.146186 0.866025 0.478152
vn -0.206738 0.707107 0.676210
vn -0.206738 0.707107 0.676210
vn -0.253201 0.500000 0.828184
vn -0.253201 0.500000 0.828184
vn -0.282409 0.258819 0.923719
vn -0.282409 0.258819 0.923719
vn -0.292372 -0.000000 0.956305
vn -0.292372 -0.000000 0.956305
vn -0.282409 -0.258819 0.923719
vn -0.282409 -0.258819 0.923719
vn -0.253201 -0.500000 0.828184
vn -0.253201 -0.500000 0.828184
vn -0.206738 -0.707107 0.676210
vn -0.206738 -0.707107 0.676210
vn -0.146186 -0.866025 0.478152
vn -0.146186 -0.866025 0.478152
vn -0.956305 -0.000000 -0.292372
vn -0.956305 -0.000000 -0.292372
vn -0.956305 -0.000000 -0.292372
vn -0.956305 -0.000000 -0.292372
vn -0.956305 -0.000000 -0.292372
vn -0.956305 -0.000000 -0.292372
vn -0.956305 -0.000000 -0.292372
vn -0.956305 -0.000000 -0.292372
vn -0.956305 -0.000000 -0.292372
vn -0.956305 -0.000000 -0.292372
vn -0.956305 -0.000000 -0.292372
vn -0.956305 -0.000000 -0.292372
vn -0.956305 -0.000000 -0.292372
vn -0.956305 -0.000000 -0.292372
vn -0.956305 -0.000000 -0.292372
vn -0.956305 -0.000000 -0.292372
vn -0.956305 -0.000000 -0.292372
vn -0.956305 -0.000000 -0.292372
vn -0.956305 -0.000000 -0.292372
vn -0.956305 -0.000000 -0.292372
vn -0.956305 -0.000000 -0.292372
vn -0.956305 -0.000000 -0.292372
vn -0.956305 -0.000000 -0.292372
vn -0.956305 -0.000000 -0.292372
vn -0.956305 -0.000000 -0.292372
vn -0.956305 -0.000000 -0.292372
vn -0.956305 -0.000000 -0.292372
vn -0.956305 -0.000000 -0.292372
vn -0.956305 -0.000000 -0.292372
vn -0.956305 -0.000000 -0.292372
vn -0.956305 -0.000000 -0.292372
vn -0.956305 -0.000000 -0.292372
vn -0.956305 -0.000000 -0.292372
vn -0.956305 -0.000000 -0.292372
vn -0.956305 -0.000000 -0.292372
vn -0.956305 -0.000000 -0.292372
vn -0.956305 -0.000000 -0.292372
vn -0.956305 -0.000000 -0.292372
vn -0.956305 -0.000000 -0.292372
vn -0.956305 -0.000000 -0.292372
vn -0.956305 -0.000000 -0.292372
vn -0.956305 -0.000000 -0.292372
vn -0.956305 -0.000000 -0.292372
vn -0.956305 -0.000000 -0.292372
vn -0.956305 -0.000000 -0.292372
vn -0.956305 -0.000000 -0.292372
vn -0.956305 -0.000000 -0.292372
vn -0.956305 -0.000000 -0.292372
vn -0.075671 0.965926 0.247510
vn -0.075671 0.965926 0.247510
vn 0.000000 1.000000 -0.000000
vn 0.000000 1.000000 -0.000000
vn 0.075671 0.965926 -0.247510
vn 0.075671 0.965926 -0.247510
vn 0.146186 0.866025 -0.478152
vn 0.146186 0.866025 -0.478152
vn 0.206738 0.707107 -0.676210
vn 0.206738 0.707107 -0.676210
vn 0.253201 0.500000 -0.828184
vn 0.253201 0.500000 -0.828184
vn 0.282409 0.258819 -0.923719
vn 0.282409 0.258819 -0.923719
vn 0.292372 0.000000 -0.956305
vn 0.292372 0.000000 -0.956305
vn 0.282409 -0.258819 -0.923719
vn 0.282409 -0.258819 -0.923719
vn 0.253201 -0.500000 -0.828184
vn 0.253201 -0.500000 -0.828184
vn 0.206738 -0.707107 -0.676210
vn 0.206738 -0.707107 -0.676210
vn 0.146186 -0.866025 -0.478152
vn 0.146186 -0.866025 -0.478152
vn 0.075671 -0.965926 -0.247510
vn 0.075671 -0.965926 -0.247510
vn 0.000000 -1.000000 -0.000000
vn 0.000000 -1.000000 -0.000000
vn -0.075671 -0.965926 0.247510
vn -0.075671 -0.965926 0.247510
vn -0.146186 -0.866025 0.478152
vn -0.146186 -0.866025 0.478152
vn -0.206738 -0.707107 0.676210
vn -0.206738 -0.707107 0.676210
vn -0.253201 -0.500000 0.828184
vn -0.253201 -0.500000 0.828184
vn -0.282409 -0.258819 0.923719
vn -0.282409 -0.258819 0.923719
vn -0.292372 -0.000000 0.956305
vn -0.292372 -0.000000 0.956305
vn -0.282409 0.258819 0.923719
vn -0.282409 0.258819 0.923719
vn -0.253201 0.500000 0.828184
vn -0.253201 0.500000 0.828184
vn -0.206738 0.707107 0.676210
vn -0.206738 0.707107 0.676210
vn -0.146186 0.866025 0.478152
vn -0.146186 0.866025 0.478152
vn -0.075671 -0.965926 0.247510
vn -0.075671 -0.965926 0.247510
vn -0.000000 -1.000000 0.000000
vn 0.000000 -1.000000 -0.000000
vn 0.075671 -0.965926 -0.247510
vn 0.075671 -0.965926 -0.247510
vn 0.146186 -0.866025 -0.478152
vn 0.146186 -0.866025 -0.478152
vn 0.206738 -0.707107 -0.676210
vn 0.206738 -0.707107 -0.676210
vn 0.253201 -0.500000 -0.828184
vn 0.253201 -0.500000 -0.828184
vn 0.282409 -0.258819 -0.923719
vn 0.282409 -0.258819 -0.923719
vn 0.292372 -0.000000 -0.956305
vn 0.292372 -0.000000 -0.956305
vn 0.282409 0.258819 -0.923719
vn 0.282409 0.258819 -0.923719
vn 0.253201 0.500000 -0.828184
vn 0.253201 0.500000 -0.828184
vn 0.206738 0.707107 -0.676210
vn 0.206738 0.707107 -0.676210
vn 0.146186 0.866025 -0.478152
vn 0.146186 0.866025 -0.478152
vn 0.075671 0.965926 -0.247510
vn 0.075671 0.965926 -0.247510
vn -0.000000 1.000000 0.000000
vn 0.000000 1.000000 -0.000000
vn -0.075671 0.965926 0.247510
vn -0.075671 0.965926 0.247510
vn -0.146186 0.866025 0.478152
vn -0.146186 0.866025 0.478152
vn -0.206738 0.707107 0.676210
vn -0.206738 0.707107 0.676210
vn -0.253201 0.500000 0.828184
vn -0.253201 0.500000 0.828184
vn -0.282409 0.258819 0.923719
vn -0.282409 0.258819 0.923719
vn -0.292372 -0.000000 0.956305
vn -0.292372 -0.000000 0.956305
vn -0.282409 -0.258819 0.923719
vn -0.282409 -0.258819 0.923719
vn -0.253201 -0.500000 0.828184
vn -0.253201 -0.500000 0.828184
vn -0.206738 -0.707107 0.676210
vn -0.206738 -0.707107 0.676210
vn -0.146186 -0.866025 0.478152
vn -0.146186 -0.866025 0.478152
vn -0.956305 -0.000000 -0.292372
vn -0.956305 -0.000000 -0.292372
vn -0.956305 -0.000000 -0.292372
vn -0.956305 -0.000000 -0.292372
vn -0.956305 -0.000000 -0.292372
vn -0.956305 -0.000000 -0.292372
vn -0.956305 -0.000000 -0.292372
vn -0.956305 -0.000000 -0.292372
vn -0.956305 -0.000000 -0.292372
vn -0.956305 -0.000000 -0.292372
vn -0.956305 -0.000000 -0.292372
vn -0.956305 -0.000000 -0.292372
vn -0.956305 -0.000000 -0.292372
vn -0.956305 -0.000000 -0.292372
vn -0.956305 -0.000000 -0.292372
vn -0.956305 -0.000000 -0.292372
vn -0.956305 -0.000000 -0.292372
vn -0.956305 -0.000000 -0.292372
vn -0.956305 -0.000000 -0.292372
vn -0.956305 -0.000000 -0.292372
vn -0.956305 -0.000000 -0.292372
vn -0.956305 -0.000000 -0.292372
vn -0.956305 -0.000000 -0.292372
vn -0.956305 -0.000000 -0.292372
vn -0.956305 -0.000000 -0.292372
vn -0.956305 -0.000000 -0.292372
vn -0.956305 -0.000000 -0.292372
vn -0.956305 -0.000000 -0.292372
vn -0.956305 -0.000000 -0.292372
vn -0.956305 -0.000000 -0.292372
vn -0.956305 -0.000000 -0.292372
vn -0.956305 -0.000000 -0.292372
vn -0.956305 -0.000000 -0.292372
vn -0.956305 -0.000000 -0.292372
vn -0.956305 -0.000000 -0.292372
vn -0.956305 -0.000000 -0.292372
vn -0.956305 -0.000000 -0.292372
vn -0.956305 -0.000000 -0.292372
vn -0.956305 -0.000000 -0.292372
vn -0.956305 -0.000000 -0.292372
vn -0.956305 -0.000000 -0.292372
vn -0.956305 -0.000000 -0.292372
vn -0.956305 -0.000000 -0.292372
vn -0.956305 -0.000000 -0.292372
vn -0.956305 -0.000000 -0.292372
vn -0.956305 -0.000000 -0.292372
vn -0.956305 -0.000000 -0.292372
vn -0.956305 -0.000000 -0.292372
vn -0.000000 -0.258819 0.965926
vn -0.000000 -0.258819 0.965926
vn -0.000000 -0.500000 0.866025
vn -0.000000 -0.500000 0.866025
vn -0.000000 -0.707107 0.707107
vn -0.000000 -0.707107 0.707107
vn -0.000000 -0.866025 0.500000
vn -0.000000 -0.866025 0.500000
vn -0.000000 -0.965926 0.258819
vn -0.000000 -0.965926 0.258819
vn -0.000000 0.965926 0.258819
vn -0.000000 0.965926 0.258819
vn -0.000000 0.866025 0.500000
vn -0.000000 0.866025 0.500000
vn -0.000000 0.707107 0.707107
vn -0.000000 0.707107 0.707107
vn -0.000000 0.500000 0.866025
vn -0.000000 0.500000 0.866025
vn -0.000000 0.258819 0.965926
vn -0.000000 0.258819 0.965926
vn -0.000000 0.258819 0.965926
vn -0.000000 0.258819 0.965926
vn -0.000000 -0.000000 1.000000
vn -0.000000 -0.000000 1.000000
vn -0.000000 -0.258819 0.965926
vn -0.000000 -0.258819 0.965926
vn -0.000000 -0.500000 0.866025
vn -0.000000 -0.500000 0.866025
vn -0.000000 -0.707107 0.707107
vn -0.000000 -0.707107 0.707107
vn -0.000000 -0.866025 0.500000
vn -0.000000 -0.866025 0.500000
vn -0.000000 -0.965926 0.258819
vn -0.000000 -0.965926 0.258819
vn -0.000000 -1.000000 0.000000
vn 0.000000 -1.000000 -0.000000
vn 0.000000 -0.965926 -0.258819
vn 0.000000 -0.965926 -0.258819
vn 0.000000 -0.866025 -0.500000
vn 0.000000 -0.866025 -0.500000
vn 0.000000 -0.707107 -0.707107
vn 0.000000 -0.707107 -0.707107
vn 0.000000 -0.500000 -0.866025
vn 0.000000 -0.500000 -0.866025
vn 0.000000 -0.258819 -0.965926
vn 0.000000 -0.258819 -0.965926
vn 0.000000 -0.000000 -1.000000
vn 0.000000 -0.000000 -1.000000
vn 0.000000 0.258819 -0.965926
vn 0.000000 0.258819 -0.965926
vn 0.000000 0.500000 -0.866025
vn 0.000000 0.500000 -0.866025
vn 0.000000 0.707107 -0.707107
vn 0.000000 0.707107 -0.707107
vn 0.000000 0.866025 -0.500000
vn 0.000000 0.866025 -0.500000
vn 0.000000 0.965926 -0.258819
vn 0.000000 0.965926 -0.258819
vn 0.000000 1.000000 -0.000000
vn -0.000000 1.000000 0.000000
vn -0.000000 0.965926 0.258819
vn -0.000000 0.965926 0.258819
vn -0.000000 0.866025 0.500000
vn -0.000000 0.866025 0.500000
vn -0.000000 0.707107 0.707107
vn -0.000000 0.707107 0.707107
vn -0.000000 0.500000 0.866025
vn -0.000000 0.500000 0.866025
vn -0.000000 0.258819 0.965926
vn -0.000000 0.258819 0.965926
vn -0.000000 -0.000000 1.000000
vn -0.000000 -0.000000 1.000000
vn -0.000000 -0.258819 0.965926
vn -0.000000 -0.258819 0.965926
vn -0.000000 -0.500000 0.866025
vn -0.000000 -0.500000 0.866025
vn -0.000000 -0.707107 0.707107
vn -0.000000 -0.707107 0.707107
vn -0.000000 -0.866025 0.500000
vn -0.000000 -0.866025 0.500000
vn -0.000000 -0.965926 0.258819
vn -0.000000 -0.965926 0.258819
vn -0.000000 -1.000000 0.000000
vn 0.000000 -1.000000 -0.000000
vn 0.000000 -0.965926 -0.258819
vn 0.000000 -0.965926 -0.258819
vn 0.000000 -0.866025 -0.500000
vn 0.000000 -0.866025 -0.500000
vn 0.000000 -0.707107 -0.707107
vn 0.000000 -0.707107 -0.707107
vn 0.000000 -0.500000 -0.866025
vn 0.000000 -0.500000 -0.866025
vn 0.000000 -0.258819 -0.965926
vn 0.000000 -0.258819 -0.965926
vn 0.000000 -0.000000 -1.000000
vn 0.000000 -0.000000 -1.000000
vn 0.000000 0.258819 -0.965926
vn 0.000000 0.258819 -0.965926
vn 0.000000 0.500000 -0.866025
vn 0.000000 0.500000 -0.866025
vn 0.000000 0.707107 -0.707107
vn 0.000000 0.707107 -0.707107
vn 0.000000 0.866025 -0.500000
vn 0.000000 0.866025 -0.500000
vn 0.000000 0.965926 -0.258819
vn 0.000000 0.965926 -0.258819
vn 0.000000 1.000000 -0.000000
vn -0.000000 1.000000 0.000000
vn -0.000000 0.965926 0.258819
vn -0.000000 0.965926 0.258819
vn -0.000000 0.866025 0.500000
vn -0.000000 0.866025 0.500000
vn -0.000000 0.707107 0.707107
vn -0.000000 0.707107 0.707107
vn -0.000000 0.500000 0.866025
vn -0.000000 0.500000 0.866025
vn -0.000000 -1.000000 -0.000000
vn -0.000000 -1.000000 -0.000000
vn -0.000000 -1.000000 -0.000000
vn -0.000000 -1.000000 -0.000000
vn -0.000000 -1.000000 -0.000000
vn -0.000000 -1.000000 -0.000000
vn -0.000000 -1.000000 -0.000000
vn -0.000000 -1.000000 -0.000000
vn -0.000000 -1.000000 -0.000000
vn 0.000000 -0.965926 -0.258819
vn 0.000000 -0.965926 -0.258819
vn 0.000000 -0.866025 -0.500000
vn 0.000000 -0.866025 -0.500000
vn 0.000000 -0.707107 -0.707107
vn 0.000000 -0.707107 -0.707107
vn 0.000000 -0.500000 -0.866025
vn 0.000000 -0.500000 -0.866025
vn 0.000000 -0.258819 -0.965926
vn 0.000000 -0.258819 -0.965926
vn 0.000000 -0.000000 -1.000000
vn 0.000000 0.000000 -1.000000
vn -0.000000 -0.000000 -1.000000
vn -0.000000 -0.000000 -1.000000
vn 0.000000 0.258819 -0.965926
vn 0.000000 0.258819 -0.965926
vn 0.000000 0.500000 -0.866025
vn 0.000000 0.500000 -0.866025
vn 0.000000 0.707107 -0.707107
vn 0.000000 0.707107 -0.707107
vn 0.000000 0.866025 -0.500000
vn 0.000000 0.866025 -0.500000
vn 0.000000 0.965926 -0.258819
vn 0.000000 0.965926 -0.258819
vn 0.000000 1.000000 0.000000
vn 0.000000 1.000000 0.000000
vn 0.000000 1.000000 0.000000
vn 0.000000 1.000000 0.000000
vn 0.000000 1.000000 0.000000
vn 0.000000 1.000000 0.000000
vn 0.000000 1.000000 0.000000
vn 0.000000 1.000000 0.000000
vn 0.000000 1.000000 0.000000
vn -1.000000 -0.000000 -0.000000
vn -1.000000 -0.000000 -0.000000
vn -1.000000 -0.000000 -0.000000
vn -1.000000 -0.000000 -0.000000
vn -1.000000 -0.000000 -0.000000
vn -1.000000 -0.000000 -0.000000
vn -1.000000 -0.000000 -0.000000
vn -1.000000 -0.000000 -0.000000
vn -1.000000 -0.000000 -0.000000
vn -1.000000 -0.000000 -0.000000
vn -1.000000 -0.000000 -0.000000
vn -1.000000 -0.000000 -0.000000
vn -1.000000 -0.000000 -0.000000
vn -1.000000 -0.000000 -0.000000
vn -1.000000 -0.000000 -0.000000
vn -1.000000 -0.000000 -0.000000
vn -1.000000 -0.000000 -0.000000
vn -1.000000 -0.000000 -0.000000
vn -1.000000 -0.000000 -0.000000
vn -1.000000 -0.000000 -0.000000
vn -1.000000 -0.000000 -0.000000
vn -1.000000 -0.000000 -0.000000
vn 0.000000 1.000000 0.000000
vn 0.000000 1.000000 0.000000
vn 0.000000 1.000000 0.000000
vn -0.000000 -1.000000 -0.000000
vn -0.000000 -1.000000 -0.000000
vn -0.000000 -1.000000 -0.000000
vn -0.000000 -0.965926 -0.258819
vn -0.000000 -0.965926 -0.258819
vn -0.000000 -0.866025 -0.500000
vn -0.000000 -0.866025 -0.500000
vn -0.000000 -0.707107 -0.707107
vn -0.000000 -0.707107 -0.707107
vn -0.000000 -0.500000 -0.866025
vn -0.000000 -0.500000 -0.866025
vn -0.000000 -0.258819 -0.965926
vn -0.000000 -0.258819 -0.965926
vn 0.119231 0.176578 -0.977039
vn 0.183013 0.183013 -0.965926
vn 0.262965 0.322902 -0.909166
vn 0.353553 0.353553 -0.866025
vn 0.577380 0.450175 -0.681157
vn 0.612372 0.353553 -0.707107
vn 0.836516 0.224144 -0.500000
vn 0.683013 0.183013 -0.707107
vn 0.866025 0.000000 -0.500000
vn 0.707107 0.000000 -0.707107
vn 0.836516 -0.224144 -0.500000
vn 0.683013 -0.183013 -0.707107
vn 0.750000 -0.433013 -0.500000
vn 0.612372 -0.353553 -0.707107
vn 0.612372 -0.612372 -0.500000
vn 0.500000 -0.500000 -0.707107
vn 0.433013 -0.750000 -0.500000
vn 0.353553 -0.612372 -0.707107
vn 0.224144 -0.836516 -0.500000
vn 0.183013 -0.683013 -0.707107
vn 0.129410 -0.482963 -0.866025
vn 0.066987 -0.250000 -0.965926
vn 0.224144 0.129410 -0.965926
vn 0.250000 0.066987 -0.965926
vn 0.258819 0.000000 -0.965926
vn 0.250000 -0.066987 -0.965926
vn 0.224144 -0.129410 -0.965926
vn 0.183013 -0.183013 -0.965926
vn 0.129410 -0.224144 -0.965926
vn 0.250000 -0.933013 -0.258819
vn 0.482963 -0.836516 -0.258819
vn 0.683013 -0.683013 -0.258819
vn 0.836516 -0.482963 -0.258819
vn 0.933013 -0.250000 -0.258819
vn 0.965926 0.000000 -0.258819
vn 0.258819 -0.965926 -0.000000
vn 0.500000 -0.866025 -0.000000
vn 0.707107 -0.707107 -0.000000
vn 0.866025 -0.500000 -0.000000
vn 0.965926 -0.258819 -0.000000
vn 0.433013 0.250000 -0.866025
vn 0.482963 0.129410 -0.866025
vn 0.500000 0.000000 -0.866025
vn 0.482963 -0.129410 -0.866025
vn 0.433013 -0.250000 -0.866025
vn 0.353553 -0.353553 -0.866025
vn 0.250000 -0.433013 -0.866025
vn 0.728489 -0.685057 0.000000
vn 0.885771 -0.464123 0.000000
vn 0.948679 -0.316240 0.000000
vn 0.987086 -0.160188 0.000000
vn 0.517628 -0.855606 0.000000
vn 0.268695 -0.963225 0.000000
vn -0.000000 0.965926 -0.258819
vn -0.000000 0.965926 -0.258819
vn -0.000000 0.866025 -0.500000
vn -0.000000 0.866025 -0.500000
vn -0.000000 0.707107 -0.707107
vn -0.000000 0.707107 -0.707107
vn -0.000000 0.500000 -0.866025
vn -0.000000 0.500000 -0.866025
vn -0.000000 0.258819 -0.965926
vn -0.000000 0.258819 -0.965926
vn 0.066987 0.250000 -0.965926
vn 0.129410 0.224144 -0.965926
vn 0.183013 0.183013 -0.965926
vn 0.224144 0.129410 -0.965926
vn 0.250000 0.066987 -0.965926
vn 0.258819 0.000000 -0.965926
vn 0.250000 -0.066987 -0.965926
vn 0.224144 -0.129410 -0.965926
vn 0.183013 -0.183013 -0.965926
vn 0.119231 -0.176578 -0.977039
vn 0.262965 -0.322902 -0.909166
vn 0.353553 -0.353553 -0.866025
vn 0.433013 -0.250000 -0.866025
vn 0.482963 -0.129410 -0.866025
vn 0.500000 0.000000 -0.866025
vn 0.482963 0.129410 -0.866025
vn 0.433013 0.250000 -0.866025
vn 0.353553 0.353553 -0.866025
vn 0.250000 0.433013 -0.866025
vn 0.129410 0.482963 -0.866025
vn 0.183013 0.683013 -0.707107
vn 0.224144 0.836516 -0.500000
vn 0.250000 0.933013 -0.258819
vn 0.258819 0.965926 -0.000000
vn 0.577380 -0.450175 -0.681157
vn 0.836516 -0.224144 -0.500000
vn 0.612372 -0.353553 -0.707107
vn 0.965926 0.258819 -0.000000
vn 0.933013 0.250000 -0.258819
vn 0.965926 0.000000 -0.258819
vn 0.866025 0.000000 -0.500000
vn 0.707107 0.000000 -0.707107
vn 0.683013 0.183013 -0.707107
vn 0.836516 0.482963 -0.258819
vn 0.866025 0.500000 -0.000000
vn 0.683013 0.683013 -0.258819
vn 0.707107 0.707107 -0.000000
vn 0.482963 0.836516 -0.258819
vn 0.500000 0.866025 -0.000000
vn 0.353553 0.612372 -0.707107
vn 0.500000 0.500000 -0.707107
vn 0.612372 0.353553 -0.707107
vn 0.433013 0.750000 -0.500000
vn 0.612372 0.612372 -0.500000
vn 0.750000 0.433013 -0.500000
vn 0.836516 0.224144 -0.500000
vn 0.683013 -0.183013 -0.707107
vn 0.268695 0.963225 0.000000
vn 0.517628 0.855606 0.000000
vn 0.728489 0.685057 0.000000
vn 0.885771 0.464123 0.000000
vn 0.948679 0.316240 0.000000
vn 0.987086 0.160188 0.000000
vn -0.000000 0.995185 -0.098017
vn -0.000000 0.965926 -0.258819
vn -0.000000 0.980785 -0.195090
vn -0.000000 0.923880 -0.382683
vn -0.000000 0.866025 -0.500000
vn -0.000000 0.831470 -0.555570
vn -0.000000 0.707107 -0.707107
vn -0.000000 0.707107 -0.707107
vn -0.000000 0.555570 -0.831470
vn -0.000000 0.500000 -0.866025
vn -0.000000 0.382683 -0.923880
vn -0.000000 0.258819 -0.965926
vn -0.000000 0.195090 -0.980785
vn -0.195090 -0.000000 -0.980785
vn -0.258819 -0.000000 -0.965926
vn -0.382683 -0.000000 -0.923880
vn -0.500000 -0.000000 -0.866025
vn -0.555570 -0.000000 -0.831470
vn -0.707107 -0.000000 -0.707107
vn -0.707107 -0.000000 -0.707107
vn -0.831470 -0.000000 -0.555570
vn -0.866025 -0.000000 -0.500000
vn -0.923880 -0.000000 -0.382683
vn -0.965926 -0.000000 -0.258819
vn -0.980785 -0.000000 -0.195090
vn -0.995185 -0.000000 -0.098017
vn 0.000000 -0.195090 -0.980785
vn 0.000000 -0.258819 -0.965926
vn 0.000000 -0.382683 -0.923880
vn 0.000000 -0.500000 -0.866025
vn 0.000000 -0.555570 -0.831470
vn 0.000000 -0.707107 -0.707107
vn 0.000000 -0.707107 -0.707107
vn 0.000000 -0.831470 -0.555570
vn 0.000000 -0.866025 -0.500000
vn 0.000000 -0.923880 -0.382683
vn 0.000000 -0.965926 -0.258819
vn 0.000000 -0.980785 -0.195090
vn 0.000000 -0.995185 -0.098017
vn -0.195090 -0.000000 -0.980785
vn -0.258819 -0.000000 -0.965926
vn -0.382683 -0.000000 -0.923880
vn -0.500000 -0.000000 -0.866025
vn -0.555570 -0.000000 -0.831470
vn -0.707107 -0.000000 -0.707107
vn -0.707107 -0.000000 -0.707107
vn -0.831470 -0.000000 -0.555570
vn -0.866025 -0.000000 -0.500000
vn -0.923880 -0.000000 -0.382683
vn -0.965926 -0.000000 -0.258819
vn -0.980785 -0.000000 -0.195090
vn -0.995185 -0.000000 -0.098017
vn -0.000000 1.000000 -0.000000
vn -0.000000 1.000000 -0.000000
vn -0.000000 1.000000 -0.000000
vn -0.000000 1.000000 -0.000000
vn -0.000000 1.000000 -0.000000
vn -0.000000 1.000000 -0.000000
vn -0.000000 1.000000 -0.000000
vn -0.988006 -0.000000 -0.154413
vn -0.988006 -0.000000 -0.154413
vn -0.988006 -0.000000 -0.154413
vn -0.988006 -0.000000 -0.154413
vn 0.000000 -1.000000 0.000000
vn 0.000000 -1.000000 0.000000
vn 0.000000 -1.000000 0.000000
vn 0.000000 -1.000000 0.000000
vn 0.000000 -1.000000 0.000000
vn 0.000000 -1.000000 0.000000
vn 0.000000 -1.000000 0.000000
vn -0.988006 -0.000000 -0.154413
vn -0.988006 -0.000000 -0.154413
vn -0.988006 -0.000000 -0.154413
vn -0.988006 -0.000000 -0.154413
vn -0.292372 0.000000 0.956305
vn -0.292372 0.000000 0.956305
vn -0.292372 0.000000 0.956305
vn -0.292372 0.000000 0.956305
vn 0.292372 0.000000 -0.956305
vn 0.292372 0.000000 -0.956305
vn 0.292372 0.000000 -0.956305
vn 0.292372 0.000000 -0.956305
vn 0.000000 -1.000000 0.000000
vn 0.000000 -1.000000 0.000000
vn 0.000000 -1.000000 0.000000
vn 0.000000 -1.000000 0.000000
vn 0.000000 -1.000000 0.000000
vn 0.000000 -1.000000 0.000000
vn 0.000000 -1.000000 0.000000
vn 0.000000 1.000000 -0.000000
vn 0.000000 1.000000 -0.000000
vn 0.000000 1.000000 -0.000000
vn 0.000000 1.000000 -0.000000
vn 0.000000 1.000000 -0.000000
vn 0.000000 1.000000 -0.000000
vn 0.000000 1.000000 -0.000000
vn -0.075671 0.965926 0.247510
vn -0.075671 0.965926 0.247510
vn -0.146186 0.866025 0.478152
vn -0.146186 0.866025 0.478152
vn -0.206738 0.707107 0.676210
vn -0.206738 0.707107 0.676210
vn -0.253201 0.500000 0.828184
vn -0.253201 0.500000 0.828184
vn -0.282409 0.258819 0.923719
vn -0.282409 0.258819 0.923719
vn -0.282409 0.258819 0.923719
vn -0.253201 0.500000 0.828184
vn -0.206738 0.707107 0.676210
vn -0.146186 0.866025 0.478152
vn -0.075671 0.965926 0.247510
vn 0.282409 0.258819 -0.923719
vn 0.286792 0.194442 -0.938053
vn 0.269641 0.386583 -0.881956
vn 0.253201 0.500000 -0.828184
vn 0.241694 0.562692 -0.790545
vn 0.206738 0.707107 -0.676210
vn 0.205433 0.711543 -0.671940
vn 0.161498 0.833598 -0.528235
vn 0.146186 0.866025 -0.478152
vn 0.110347 0.926043 -0.360927
vn 0.075671 0.965926 -0.247510
vn 0.055242 0.981988 -0.180689
vn 0.075671 0.965926 -0.247510
vn 0.146186 0.866025 -0.478152
vn 0.206738 0.707107 -0.676210
vn 0.253201 0.500000 -0.828184
vn 0.282409 0.258819 -0.923719
vn -0.282409 -0.258819 0.923719
vn -0.282409 -0.258819 0.923719
vn -0.253201 -0.500000 0.828184
vn -0.253201 -0.500000 0.828184
vn -0.206738 -0.707107 0.676210
vn -0.206738 -0.707107 0.676210
vn -0.146186 -0.866025 0.478152
vn -0.146186 -0.866025 0.478152
vn -0.075671 -0.965926 0.247510
vn -0.075671 -0.965926 0.247510
vn -0.075671 -0.965926 0.247510
vn -0.146186 -0.866025 0.478152
vn -0.206738 -0.707107 0.676210
vn -0.253201 -0.500000 0.828184
vn -0.282409 -0.258819 0.923719
vn 0.075671 -0.965926 -0.247510
vn 0.055242 -0.981988 -0.180689
vn 0.110347 -0.926043 -0.360927
vn 0.146186 -0.866025 -0.478152
vn 0.161498 -0.833598 -0.528235
vn 0.206738 -0.707107 -0.676210
vn 0.205433 -0.711543 -0.671940
vn 0.241694 -0.562692 -0.790545
vn 0.253201 -0.500000 -0.828184
vn 0.269641 -0.386583 -0.881956
vn 0.282409 -0.258819 -0.923719
vn 0.286792 -0.194442 -0.938053
vn 0.282409 -0.258819 -0.923719
vn 0.253201 -0.500000 -0.828184
vn 0.206738 -0.707107 -0.676210
vn 0.146186 -0.866025 -0.478152
vn 0.075671 -0.965926 -0.247510
usemtl Opaque(65,96,255)
f 2/1/1 27/2/2 1/3/3
f 1/3/3 27/2/2 28/4/4
f 1/3/3 28/4/4 29/5/5
f 3/6/6 20/7/7 2/1/1
f 2/1/1 20/7/7 21/8/8
f 2/1/1 21/8/8 22/9/9
f 4/10/10 12/11/11 3/6/6
f 3/6/6 12/11/11 13/12/12
f 3/6/6 13/12/12 14/13/13
f 1/3/3 5/14/14 4/10/10
f 4/10/10 5/14/14 6/15/15
f 4/10/10 6/15/15 7/16/16
f 7/16/16 8/17/17 4/10/10
f 4/10/10 8/17/17 9/18/18
f 4/10/10 9/18/18 10/19/19
f 10/19/19 11/20/20 4/10/10
f 4/10/10 11/20/20 12/11/11
f 14/13/13 15/21/21 3/6/6
f 3/6/6 15/21/21 16/22/22
f 3/6/6 16/22/22 17/23/23
f 17/23/23 18/24/24 3/6/6
f 3/6/6 18/24/24 19/25/25
f 3/6/6 19/25/25 20/7/7
f 22/9/9 23/26/26 2/1/1
f 2/1/1 23/26/26 24/27/27
f 2/1/1 24/27/27 25/28/28
f 25/28/28 26/29/29 2/1/1
f 2/1/1 26/29/29 27/2/2
f 29/5/5 30/30/30 1/3/3
f 1/3/3 30/30/30 31/31/31
f 1/3/3 31/31/31 32/32/32
f 32/32/32 5/14/14 1/3/3
f 33/33/33 34/34/34 60/35/35
f 60/35/35 34/34/34 35/36/36
f 60/35/35 35/36/36 36/37/37
f 60/35/35 36/37/37 59/38/38
f 59/38/38 36/37/37 37/39/39
f 59/38/38 37/39/39 38/40/40
f 38/40/40 39/41/41 59/38/38
f 59/38/38 39/41/41 88/42/42
f 59/38/38 88/42/42 89/43/43
f 88/42/42 39/41/41 87/44/44
f 87/44/44 39/41/41 40/45/45
f 87/44/44 40/45/45 86/46/46
f 86/46/46 40/45/45 85/47/47
f 85/47/47 40/45/45 108/48/48
f 108/48/48 40/45/45 41/49/49
f 108/48/48 41/49/49 62/50/50
f 62/50/50 41/49/49 61/51/51
f 61/51/51 41/49/49 84/52/52
f 84/52/52 41/49/49 83/53/53
f 83/53/53 41/49/49 42/54/54
f 83/53/53 42/54/54 82/55/55
f 82/55/55 42/54/54 50/56/56
f 82/55/55 50/56/56 81/57/57
f 81/57/57 50/56/56 80/58/58
f 80/58/58 50/56/56 79/59/59
f 79/59/59 50/56/56 78/60/60
f 78/60/60 50/56/56 77/61/61
f 77/61/61 50/56/56 51/62/62
f 77/61/61 51/62/62 76/63/63
f 76/63/63 51/62/62 52/64/64
f 76/63/63 52/64/64 53/65/65
f 42/54/54 43/66/66 50/56/56
f 50/56/56 43/66/66 44/67/67
f 50/56/56 44/67/67 45/68/68
f 50/56/56 45/68/68 49/69/69
f 49/69/69 45/68/68 46/70/70
f 49/69/69 46/70/70 47/71/71
f 47/71/71 48/72/72 49/69/69
f 53/65/65 54/73/73 76/63/63
f 76/63/63 54/73/73 75/74/74
f 75/74/74 54/73/73 74/75/75
f 74/75/75 54/73/73 73/76/76
f 73/76/76 54/73/73 72/77/77
f 72/77/77 54/73/73 98/78/78
f 72/77/77 98/78/78 71/79/79
f 71/79/79 98/78/78 99/80/80
f 71/79/79 99/80/80 100/81/81
f 54/73/73 55/82/82 98/78/78
f 98/78/78 55/82/82 97/83/83
f 97/83/83 55/82/82 96/84/84
f 96/84/84 55/82/82 95/85/85
f 95/85/85 55/82/82 94/86/86
f 94/86/86 55/82/82 56/87/87
f 94/86/86 56/87/87 57/88/88
f 57/88/88 58/89/89 94/86/86
f 94/86/86 58/89/89 93/90/90
f 93/90/90 58/89/89 59/38/38
f 93/90/90 59/38/38 92/91/91
f 92/91/91 59/38/38 91/92/92
f 91/92/92 59/38/38 90/93/93
f 90/93/93 59/38/38 89/43/43
f 62/50/50 63/94/94 108/48/48
f 108/48/48 63/94/94 107/95/95
f 107/95/95 63/94/94 64/96/96
f 107/95/95 64/96/96 106/97/97
f 106/97/97 64/96/96 65/98/98
f 106/97/97 65/98/98 105/99/99
f 105/99/99 65/98/98 104/100/100
f 104/100/100 65/98/98 66/101/101
f 104/100/100 66/101/101 103/102/102
f 103/102/102 66/101/101 67/103/103
f 103/102/102 67/103/103 68/104/104
f 103/102/102 68/104/104 102/105/105
f 102/105/105 68/104/104 69/106/106
f 102/105/105 69/106/106 101/107/107
f 101/107/107 69/106/106 70/108/108
f 101/107/107 70/108/108 100/81/81
f 100/81/81 70/108/108 71/79/79
f 48/109/72 109/110/109 49/111/69
f 49/111/69 109/110/109 110/112/110
f 49/111/69 110/112/110 111/113/111
f 49/111/69 111/113/111 136/114/112
f 136/114/112 111/113/111 112/115/113
f 136/114/112 112/115/113 113/116/114
f 113/116/114 114/117/115 136/114/112
f 136/114/112 114/117/115 115/118/116
f 136/114/112 115/118/116 116/119/117
f 116/119/117 117/120/118 136/114/112
f 136/114/112 117/120/118 118/121/119
f 136/114/112 118/121/119 119/122/120
f 120/123/121 137/124/122 119/122/120
f 119/122/120 137/124/122 135/125/123
f 119/122/120 135/125/123 136/114/112
f 121/126/124 131/127/125 120/123/121
f 120/123/121 131/127/125 132/128/126
f 120/123/121 132/128/126 137/124/122
f 137/124/122 132/128/126 134/129/127
f 137/124/122 134/129/127 135/125/123
f 121/126/124 122/130/128 131/127/125
f 131/127/125 122/130/128 123/131/129
f 131/127/125 123/131/129 124/132/130
f 124/132/130 125/133/131 131/127/125
f 131/127/125 125/133/131 126/134/132
f 131/127/125 126/134/132 127/135/133
f 127/135/133 128/136/134 131/127/125
f 131/127/125 128/136/134 60/137/35
f 60/137/35 128/136/134 129/138/135
f 60/137/35 129/138/135 130/139/136
f 130/139/136 33/140/33 60/137/35
f 132/128/126 133/141/137 134/129/127
f 2/142/138 138/143/139 3/144/140
f 3/144/140 138/143/139 139/145/141
f 140/146/142 141/147/143 159/148/144
f 159/148/144 141/147/143 158/149/145
f 158/149/145 141/147/143 153/150/146
f 158/149/145 153/150/146 157/151/147
f 157/151/147 153/150/146 156/152/148
f 156/152/148 153/150/146 155/153/149
f 155/153/149 153/150/146 154/154/150
f 142/155/151 238/156/152 141/147/143
f 141/147/143 238/156/152 239/157/153
f 141/147/143 239/157/153 240/158/154
f 143/159/155 254/160/156 142/155/151
f 142/155/151 254/160/156 255/161/157
f 142/155/151 255/161/157 232/162/158
f 144/163/159 202/164/160 143/159/155
f 143/159/155 202/164/160 203/165/161
f 143/159/155 203/165/161 204/166/162
f 145/167/163 146/168/164 144/163/159
f 144/163/159 146/168/164 147/169/165
f 144/163/159 147/169/165 152/170/166
f 152/170/166 147/169/165 148/171/167
f 152/170/166 148/171/167 149/172/168
f 149/172/168 150/173/169 152/170/166
f 152/170/166 150/173/169 151/174/170
f 153/150/146 221/175/171 152/170/166
f 152/170/166 221/175/171 171/176/172
f 152/170/166 171/176/172 172/177/173
f 161/178/174 195/179/175 160/180/176
f 160/180/176 195/179/175 196/181/177
f 160/180/176 196/181/177 183/182/178
f 183/182/178 196/181/177 197/183/179
f 183/182/178 197/183/179 182/184/180
f 182/184/180 197/183/179 198/185/181
f 182/184/180 198/185/181 181/186/182
f 181/186/182 198/185/181 199/187/183
f 181/186/182 199/187/183 180/188/184
f 180/188/184 199/187/183 200/189/185
f 180/188/184 200/189/185 144/163/159
f 144/163/159 200/189/185 201/190/186
f 144/163/159 201/190/186 202/164/160
f 195/179/175 161/178/174 194/191/187
f 194/191/187 161/178/174 162/192/188
f 194/191/187 162/192/188 193/193/189
f 193/193/189 162/192/188 163/194/190
f 193/193/189 163/194/190 247/195/191
f 247/195/191 163/194/190 229/196/192
f 247/195/191 229/196/192 246/197/193
f 246/197/193 229/196/192 230/198/194
f 246/197/193 230/198/194 245/199/195
f 245/199/195 230/198/194 231/200/196
f 245/199/195 231/200/196 244/201/197
f 244/201/197 231/200/196 208/202/198
f 244/201/197 208/202/198 243/203/199
f 243/203/199 208/202/198 209/204/200
f 243/203/199 209/204/200 242/205/201
f 242/205/201 209/204/200 210/206/202
f 242/205/201 210/206/202 241/207/203
f 241/207/203 210/206/202 211/208/204
f 241/207/203 211/208/204 240/158/154
f 240/158/154 211/208/204 212/209/205
f 240/158/154 212/209/205 141/147/143
f 141/147/143 212/209/205 213/210/206
f 141/147/143 213/210/206 214/211/207
f 229/196/192 163/194/190 228/212/208
f 228/212/208 163/194/190 164/213/209
f 228/212/208 164/213/209 227/214/210
f 227/214/210 164/213/209 165/215/211
f 227/214/210 165/215/211 226/216/212
f 226/216/212 165/215/211 166/217/213
f 226/216/212 166/217/213 167/218/214
f 226/216/212 167/218/214 225/219/215
f 225/219/215 167/218/214 168/220/216
f 225/219/215 168/220/216 224/221/217
f 224/221/217 168/220/216 169/222/218
f 224/221/217 169/222/218 223/223/219
f 223/223/219 169/222/218 170/224/220
f 223/223/219 170/224/220 222/225/221
f 222/225/221 170/224/220 221/175/171
f 221/175/171 170/224/220 171/176/172
f 172/177/173 173/226/222 152/170/166
f 152/170/166 173/226/222 174/227/223
f 152/170/166 174/227/223 144/163/159
f 144/163/159 174/227/223 175/228/224
f 144/163/159 175/228/224 176/229/225
f 176/229/225 177/230/226 144/163/159
f 144/163/159 177/230/226 178/231/227
f 144/163/159 178/231/227 179/232/228
f 179/232/228 180/188/184 144/163/159
f 207/233/229 184/234/230 143/159/155
f 143/159/155 184/234/230 185/235/231
f 143/159/155 185/235/231 186/236/232
f 143/159/155 186/236/232 254/160/156
f 254/160/156 186/236/232 187/237/233
f 254/160/156 187/237/233 253/238/234
f 253/238/234 187/237/233 252/239/235
f 252/239/235 187/237/233 188/240/236
f 252/239/235 188/240/236 251/241/237
f 251/241/237 188/240/236 189/242/238
f 251/241/237 189/242/238 250/243/239
f 250/243/239 189/242/238 190/244/240
f 250/243/239 190/244/240 191/245/241
f 250/243/239 191/245/241 249/246/242
f 249/246/242 191/245/241 192/247/243
f 249/246/242 192/247/243 248/248/244
f 248/248/244 192/247/243 193/193/189
f 248/248/244 193/193/189 247/195/191
f 204/166/162 205/249/245 143/159/155
f 143/159/155 205/249/245 206/250/246
f 143/159/155 206/250/246 207/233/229
f 214/211/207 215/251/247 141/147/143
f 141/147/143 215/251/247 216/252/248
f 141/147/143 216/252/248 217/253/249
f 217/253/249 218/254/250 141/147/143
f 141/147/143 218/254/250 153/150/146
f 218/254/250 219/255/251 153/150/146
f 153/150/146 219/255/251 220/256/252
f 153/150/146 220/256/252 221/175/171
f 232/162/158 233/257/253 142/155/151
f 142/155/151 233/257/253 234/258/254
f 142/155/151 234/258/254 235/259/255
f 235/259/255 236/260/256 142/155/151
f 142/155/151 236/260/256 237/261/257
f 142/155/151 237/261/257 238/156/152
f 143/262/155 142/263/151 259/264/258
f 259/264/258 142/263/151 260/265/259
f 259/264/258 260/265/259 258/266/260
f 258/266/260 260/265/259 4/267/10
f 4/267/10 260/265/259 257/268/261
f 4/267/10 257/268/261 1/269/3
f 142/263/151 256/270/262 260/265/259
f 260/265/259 256/270/262 257/268/261
f 262/271/263 277/272/264 261/273/265
f 261/273/265 277/272/264 278/274/266
f 261/273/265 278/274/266 279/275/267
f 263/276/268 320/277/269 262/271/263
f 262/271/263 320/277/269 321/278/270
f 262/271/263 321/278/270 322/279/271
f 264/280/272 315/281/273 263/276/268
f 263/276/268 315/281/273 316/282/274
f 263/276/268 316/282/274 317/283/275
f 315/281/273 264/280/272 314/284/276
f 314/284/276 264/280/272 265/285/277
f 314/284/276 265/285/277 266/286/278
f 314/284/276 266/286/278 269/287/279
f 269/287/279 266/286/278 267/288/280
f 269/287/279 267/288/280 268/289/281
f 270/290/282 289/291/283 269/287/279
f 269/287/279 289/291/283 313/292/284
f 269/287/279 313/292/284 314/284/276
f 271/293/285 272/294/286 270/290/282
f 270/290/282 272/294/286 273/295/287
f 270/290/282 273/295/287 288/296/288
f 288/296/288 273/295/287 274/297/289
f 288/296/288 274/297/289 275/298/290
f 288/296/288 275/298/290 287/299/291
f 287/299/291 275/298/290 276/300/292
f 287/299/291 276/300/292 286/301/293
f 286/301/293 276/300/292 285/302/294
f 285/302/294 276/300/292 284/303/295
f 284/303/295 276/300/292 283/304/296
f 283/304/296 276/300/292 282/305/297
f 282/305/297 276/300/292 261/273/265
f 282/305/297 261/273/265 281/306/298
f 281/306/298 261/273/265 280/307/299
f 280/307/299 261/273/265 279/275/267
f 288/296/288 289/291/283 270/290/282
f 313/292/284 289/291/283 312/308/300
f 312/308/300 289/291/283 290/309/301
f 312/308/300 290/309/301 291/310/302
f 312/308/300 291/310/302 311/311/303
f 311/311/303 291/310/302 292/312/304
f 311/311/303 292/312/304 310/313/305
f 310/313/305 292/312/304 293/314/306
f 310/313/305 293/314/306 309/315/307
f 309/315/307 293/314/306 294/316/308
f 309/315/307 294/316/308 308/317/309
f 308/317/309 294/316/308 295/318/310
f 308/317/309 295/318/310 307/319/311
f 307/319/311 295/318/310 306/320/312
f 306/320/312 295/318/310 296/321/313
f 306/320/312 296/321/313 305/322/314
f 305/322/314 296/321/313 297/323/315
f 305/322/314 297/323/315 304/324/316
f 304/324/316 297/323/315 298/325/317
f 304/324/316 298/325/317 303/326/318
f 303/326/318 298/325/317 299/327/319
f 303/326/318 299/327/319 302/328/320
f 302/328/320 299/327/319 300/329/321
f 302/328/320 300/329/321 301/330/322
f 301/330/322 300/329/321 277/272/264
f 301/330/322 277/272/264 262/271/263
f 317/283/275 318/331/323 263/276/268
f 263/276/268 318/331/323 319/332/324
f 263/276/268 319/332/324 320/277/269
f 322/279/271 323/333/325 262/271/263
f 262/271/263 323/333/325 324/334/326
f 262/271/263 324/334/326 301/330/322
f 326/335/327 372/336/328 325/337/329
f 325/337/329 372/336/328 349/338/330
f 325/337/329 349/338/330 350/339/331
f 372/336/328 326/335/327 371/340/332
f 371/340/332 326/335/327 327/341/333
f 371/340/332 327/341/333 370/342/334
f 370/342/334 327/341/333 328/343/335
f 370/342/334 328/343/335 369/344/336
f 369/344/336 328/343/335 329/345/337
f 369/344/336 329/345/337 368/346/338
f 368/346/338 329/345/337 330/347/339
f 368/346/338 330/347/339 367/348/340
f 367/348/340 330/347/339 331/349/341
f 367/348/340 331/349/341 332/350/342
f 367/348/340 332/350/342 366/351/343
f 366/351/343 332/350/342 333/352/344
f 366/351/343 333/352/344 365/353/345
f 365/353/345 333/352/344 334/354/346
f 365/353/345 334/354/346 364/355/347
f 364/355/347 334/354/346 335/356/348
f 364/355/347 335/356/348 363/357/349
f 363/357/349 335/356/348 336/358/350
f 363/357/349 336/358/350 362/359/351
f 362/359/351 336/358/350 361/360/352
f 361/360/352 336/358/350 337/361/353
f 361/360/352 337/361/353 360/362/354
f 360/362/354 337/361/353 338/363/355
f 360/362/354 338/363/355 359/364/356
f 359/364/356 338/363/355 339/365/357
f 359/364/356 339/365/357 358/366/358
f 358/366/358 339/365/357 340/367/359
f 358/366/358 340/367/359 357/368/360
f 357/368/360 340/367/359 341/369/361
f 357/368/360 341/369/361 356/370/362
f 356/370/362 341/369/361 342/371/363
f 356/370/362 342/371/363 355/372/364
f 355/372/364 342/371/363 343/373/365
f 355/372/364 343/373/365 344/374/366
f 355/372/364 344/374/366 354/375/367
f 354/375/367 344/374/366 345/376/368
f 354/375/367 345/376/368 353/377/369
f 353/377/369 345/376/368 346/378/370
f 353/377/369 346/378/370 352/379/371
f 352/379/371 346/378/370 347/380/372
f 352/379/371 347/380/372 351/381/373
f 351/381/373 347/380/372 348/382/374
f 351/381/373 348/382/374 350/339/331
f 350/339/331 348/382/374 325/337/329
f 374/383/375 420/384/376 373/385/377
f 373/385/377 420/384/376 397/386/378
f 373/385/377 397/386/378 398/387/379
f 420/384/376 374/383/375 419/388/380
f 419/388/380 374/383/375 375/389/381
f 419/388/380 375/389/381 418/390/382
f 418/390/382 375/389/381 376/391/383
f 418/390/382 376/391/383 417/392/384
f 417/392/384 376/391/383 377/393/385
f 417/392/384 377/393/385 416/394/386
f 416/394/386 377/393/385 378/395/387
f 416/394/386 378/395/387 415/396/388
f 415/396/388 378/395/387 379/397/389
f 415/396/388 379/397/389 380/398/390
f 415/396/388 380/398/390 414/399/391
f 414/399/391 380/398/390 381/400/392
f 414/399/391 381/400/392 413/401/393
f 413/401/393 381/400/392 382/402/394
f 413/401/393 382/402/394 412/403/395
f 412/403/395 382/402/394 383/404/396
f 412/403/395 383/404/396 411/405/397
f 411/405/397 383/404/396 384/406/398
f 411/405/397 384/406/398 410/407/399
f 410/407/399 384/406/398 409/408/400
f 409/408/400 384/406/398 385/409/401
f 409/408/400 385/409/401 408/410/402
f 408/410/402 385/409/401 386/411/403
f 408/410/402 386/411/403 407/412/404
f 407/412/404 386/411/403 387/413/405
f 407/412/404 387/413/405 406/414/406
f 406/414/406 387/413/405 388/415/407
f 406/414/406 388/415/407 405/416/408
f 405/416/408 388/415/407 389/417/409
f 405/416/408 389/417/409 404/418/410
f 404/418/410 389/417/409 390/419/411
f 404/418/410 390/419/411 403/420/412
f 403/420/412 390/419/411 391/421/413
f 403/420/412 391/421/413 392/422/414
f 403/420/412 392/422/414 402/423/415
f 402/423/415 392/422/414 393/424/416
f 402/423/415 393/424/416 401/425/417
f 401/425/417 393/424/416 394/426/418
f 401/425/417 394/426/418 400/427/419
f 400/427/419 394/426/418 395/428/420
f 400/427/419 395/428/420 399/429/421
f 399/429/421 395/428/420 396/430/422
f 399/429/421 396/430/422 398/387/379
f 398/387/379 396/430/422 373/385/377
f 422/431/423 468/432/424 421/433/425
f 421/433/425 468/432/424 445/434/426
f 421/433/425 445/434/426 446/435/427
f 468/432/424 422/431/423 467/436/428
f 467/436/428 422/431/423 423/437/429
f 467/436/428 423/437/429 466/438/430
f 466/438/430 423/437/429 424/439/431
f 466/438/430 424/439/431 465/440/432
f 465/440/432 424/439/431 425/441/433
f 465/440/432 425/441/433 464/442/434
f 464/442/434 425/441/433 426/443/435
f 464/442/434 426/443/435 463/444/436
f 463/444/436 426/443/435 427/445/437
f 463/444/436 427/445/437 428/446/438
f 463/444/436 428/446/438 462/447/439
f 462/447/439 428/446/438 429/448/440
f 462/447/439 429/448/440 461/449/441
f 461/449/441 429/448/440 430/450/442
f 461/449/441 430/450/442 460/451/443
f 460/451/443 430/450/442 431/452/444
f 460/451/443 431/452/444 459/453/445
f 459/453/445 431/452/444 432/454/446
f 459/453/445 432/454/446 458/455/447
f 458/455/447 432/454/446 457/456/448
f 457/456/448 432/454/446 433/457/449
f 457/456/448 433/457/449 456/458/450
f 456/458/450 433/457/449 434/459/451
f 456/458/450 434/459/451 455/460/452
f 455/460/452 434/459/451 435/461/453
f 455/460/452 435/461/453 454/462/454
f 454/462/454 435/461/453 436/463/455
f 454/462/454 436/463/455 453/464/456
f 453/464/456 436/463/455 437/465/457
f 453/464/456 437/465/457 452/466/458
f 452/466/458 437/465/457 438/467/459
f 452/466/458 438/467/459 451/468/460
f 451/468/460 438/467/459 439/469/461
f 451/468/460 439/469/461 440/470/462
f 451/468/460 440/470/462 450/471/463
f 450/471/463 440/470/462 441/472/464
f 450/471/463 441/472/464 449/473/465
f 449/473/465 441/472/464 442/474/466
f 449/473/465 442/474/466 448/475/467
f 448/475/467 442/474/466 443/476/468
f 448/475/467 443/476/468 447/477/469
f 447/477/469 443/476/468 444/478/470
f 447/477/469 444/478/470 446/435/427
f 446/435/427 444/478/470 421/433/425
f 470/479/471 516/480/472 469/481/473
f 469/481/473 516/480/472 493/482/474
f 469/481/473 493/482/474 494/483/475
f 516/480/472 470/479/471 515/484/476
f 515/484/476 470/479/471 471/485/477
f 515/484/476 471/485/477 514/486/478
f 514/486/478 471/485/477 472/487/479
f 514/486/478 472/487/479 513/488/480
f 513/488/480 472/487/479 473/489/481
f 513/488/480 473/489/481 512/490/482
f 512/490/482 473/489/481 474/491/483
f 512/490/482 474/491/483 511/492/484
f 511/492/484 474/491/483 475/493/485
f 511/492/484 475/493/485 476/494/486
f 511/492/484 476/494/486 510/495/487
f 510/495/487 476/494/486 477/496/488
f 510/495/487 477/496/488 509/497/489
f 509/497/489 477/496/488 478/498/490
f 509/497/489 478/498/490 508/499/491
f 508/499/491 478/498/490 479/500/492
f 508/499/491 479/500/492 507/501/493
f 507/501/493 479/500/492 480/502/494
f 507/501/493 480/502/494 506/503/495
f 506/503/495 480/502/494 505/504/496
f 505/504/496 480/502/494 481/505/497
f 505/504/496 481/505/497 504/506/498
f 504/506/498 481/505/497 482/507/499
f 504/506/498 482/507/499 503/508/500
f 503/508/500 482/507/499 483/509/501
f 503/508/500 483/509/501 502/510/502
f 502/510/502 483/509/501 484/511/503
f 502/510/502 484/511/503 501/512/504
f 501/512/504 484/511/503 485/513/505
f 501/512/504 485/513/505 500/514/506
f 500/514/506 485/513/505 486/515/507
f 500/514/506 486/515/507 499/516/508
f 499/516/508 486/515/507 487/517/509
f 499/516/508 487/517/509 488/518/510
f 499/516/508 488/518/510 498/519/511
f 498/519/511 488/518/510 489/520/512
f 498/519/511 489/520/512 497/521/513
f 497/521/513 489/520/512 490/522/514
f 497/521/513 490/522/514 496/523/515
f 496/523/515 490/522/514 491/524/516
f 496/523/515 491/524/516 495/525/517
f 495/525/517 491/524/516 492/526/518
f 495/525/517 492/526/518 494/483/475
f 494/483/475 492/526/518 469/481/473
f 518/527/519 523/528/520 517/529/521
f 517/529/521 523/528/520 562/530/522
f 517/529/521 562/530/522 568/531/523
f 568/531/523 562/530/522 567/532/524
f 567/532/524 562/530/522 566/533/525
f 566/533/525 562/530/522 565/534/526
f 565/534/526 562/530/522 564/535/527
f 564/535/527 562/530/522 563/536/528
f 518/527/519 519/537/529 523/528/520
f 523/528/520 519/537/529 520/538/530
f 523/528/520 520/538/530 521/539/531
f 521/539/531 522/540/532 523/528/520
f 524/541/533 642/542/534 523/528/520
f 523/528/520 642/542/534 558/543/535
f 523/528/520 558/543/535 559/544/536
f 525/545/537 526/546/538 524/541/533
f 524/541/533 526/546/538 527/547/539
f 524/541/533 527/547/539 528/548/540
f 528/548/540 529/549/541 524/541/533
f 524/541/533 529/549/541 530/550/542
f 524/541/533 530/550/542 640/551/543
f 640/551/543 530/550/542 639/552/544
f 639/552/544 530/550/542 638/553/545
f 638/553/545 530/550/542 637/554/546
f 637/554/546 530/550/542 636/555/547
f 636/555/547 530/550/542 635/556/548
f 635/556/548 530/550/542 634/557/549
f 634/557/549 530/550/542 633/558/550
f 633/558/550 530/550/542 531/559/551
f 633/558/550 531/559/551 589/560/552
f 589/560/552 531/559/551 588/561/553
f 588/561/553 531/559/551 587/562/554
f 587/562/554 531/559/551 586/563/555
f 586/563/555 531/559/551 585/564/556
f 585/564/556 531/559/551 584/565/557
f 584/565/557 531/559/551 583/566/558
f 583/566/558 531/559/551 582/567/559
f 582/567/559 531/559/551 537/568/560
f 582/567/559 537/568/560 581/569/561
f 581/569/561 537/568/560 580/570/562
f 580/570/562 537/568/560 579/571/563
f 579/571/563 537/568/560 607/572/564
f 579/571/563 607/572/564 578/573/565
f 578/573/565 607/572/564 608/574/566
f 578/573/565 608/574/566 577/575/567
f 577/575/567 608/574/566 609/576/568
f 577/575/567 609/576/568 576/577/569
f 576/577/569 609/576/568 610/578/570
f 576/577/569 610/578/570 575/579/571
f 575/579/571 610/578/570 611/580/572
f 575/579/571 611/580/572 574/581/573
f 574/581/573 611/580/572 612/582/574
f 574/581/573 612/582/574 573/583/575
f 573/583/575 612/582/574 613/584/576
f 573/583/575 613/584/576 572/585/577
f 572/585/577 613/584/576 614/586/578
f 572/585/577 614/586/578 571/587/579
f 571/587/579 614/586/578 615/588/580
f 571/587/579 615/588/580 627/589/581
f 627/589/581 615/588/580 655/590/582
f 627/589/581 655/590/582 626/591/583
f 626/591/583 655/590/582 656/592/584
f 626/591/583 656/592/584 625/593/585
f 625/593/585 656/592/584 657/594/586
f 625/593/585 657/594/586 624/595/587
f 624/595/587 657/594/586 658/596/588
f 624/595/587 658/596/588 623/597/589
f 623/597/589 658/596/588 659/598/590
f 623/597/589 659/598/590 622/599/591
f 622/599/591 659/598/590 660/600/592
f 622/599/591 660/600/592 621/601/593
f 621/601/593 660/600/592 661/602/594
f 621/601/593 661/602/594 620/603/595
f 620/603/595 661/602/594 662/604/596
f 620/603/595 662/604/596 619/605/597
f 619/605/597 662/604/596 663/606/598
f 619/605/597 663/606/598 524/541/533
f 524/541/533 663/606/598 664/607/599
f 524/541/533 664/607/599 641/608/600
f 531/559/551 532/609/601 537/568/560
f 537/568/560 532/609/601 533/610/602
f 537/568/560 533/610/602 534/611/603
f 534/611/603 535/612/604 537/568/560
f 537/568/560 535/612/604 536/613/605
f 538/614/606 604/615/607 537/568/560
f 537/568/560 604/615/607 605/616/608
f 537/568/560 605/616/608 606/617/609
f 539/618/610 540/619/611 538/614/606
f 538/614/606 540/619/611 541/620/612
f 538/614/606 541/620/612 542/621/613
f 542/621/613 543/622/614 538/614/606
f 538/614/606 543/622/614 544/623/615
f 538/614/606 544/623/615 551/624/616
f 551/624/616 544/623/615 545/625/617
f 551/624/616 545/625/617 546/626/618
f 546/626/618 547/627/619 551/624/616
f 551/624/616 547/627/619 548/628/620
f 551/624/616 548/628/620 549/629/621
f 549/629/621 550/630/622 551/624/616
f 551/624/616 552/631/623 538/614/606
f 538/614/606 552/631/623 553/632/624
f 538/614/606 553/632/624 554/633/625
f 554/633/625 555/634/626 538/614/606
f 538/614/606 555/634/626 604/615/607
f 555/634/626 556/635/627 604/615/607
f 604/615/607 556/635/627 603/636/628
f 603/636/628 556/635/627 134/637/127
f 603/636/628 134/637/127 602/638/629
f 602/638/629 134/637/127 601/639/630
f 601/639/630 134/637/127 600/640/631
f 600/640/631 134/637/127 599/641/632
f 599/641/632 134/637/127 598/642/633
f 598/642/633 134/637/127 597/643/634
f 597/643/634 134/637/127 596/644/635
f 596/644/635 134/637/127 595/645/636
f 595/645/636 134/637/127 651/646/637
f 595/645/636 651/646/637 594/647/638
f 594/647/638 651/646/637 652/648/639
f 594/647/638 652/648/639 653/649/640
f 134/637/127 133/650/137 651/646/637
f 651/646/637 133/650/137 650/651/641
f 650/651/641 133/650/137 649/652/642
f 649/652/642 133/650/137 648/653/643
f 648/653/643 133/650/137 647/654/644
f 647/654/644 133/650/137 646/655/645
f 646/655/645 133/650/137 645/656/646
f 645/656/646 133/650/137 644/657/647
f 644/657/647 133/650/137 643/658/648
f 643/658/648 133/650/137 557/659/649
f 643/658/648 557/659/649 642/542/534
f 642/542/534 557/659/649 558/543/535
f 559/544/536 560/660/650 523/528/520
f 523/528/520 560/660/650 561/661/651
f 523/528/520 561/661/651 562/530/522
f 592/662/652 569/663/653 629/664/654
f 629/664/654 569/663/653 570/665/655
f 629/664/654 570/665/655 628/666/656
f 628/666/656 570/665/655 571/587/579
f 628/666/656 571/587/579 627/589/581
f 633/558/550 589/560/552 632/667/657
f 632/667/657 589/560/552 590/668/658
f 632/667/657 590/668/658 631/669/659
f 631/669/659 590/668/658 591/670/660
f 631/669/659 591/670/660 630/671/661
f 630/671/661 591/670/660 592/662/652
f 630/671/661 592/662/652 629/664/654
f 616/672/662 593/673/663 653/649/640
f 653/649/640 593/673/663 594/647/638
f 606/617/609 607/572/564 537/568/560
f 655/590/582 615/588/580 654/674/664
f 654/674/664 615/588/580 616/672/662
f 654/674/664 616/672/662 653/649/640
f 640/551/543 617/675/665 524/541/533
f 524/541/533 617/675/665 618/676/666
f 524/541/533 618/676/666 619/605/597
f 641/608/600 642/542/534 524/541/533
f 152/677/667 531/678/668 153/679/669
f 153/679/669 531/678/668 530/680/670
f 261/681/671 673/682/672 262/683/673
f 262/683/673 673/682/672 678/684/674
f 262/683/673 678/684/674 679/685/675
f 665/686/676 671/687/677 261/681/671
f 261/681/671 671/687/677 672/688/678
f 261/681/671 672/688/678 673/682/672
f 517/689/679 667/690/680 665/686/676
f 665/686/676 667/690/680 668/691/681
f 665/686/676 668/691/681 669/692/682
f 568/693/683 666/694/684 517/689/679
f 517/689/679 666/694/684 667/690/680
f 669/692/682 670/695/685 665/686/676
f 665/686/676 670/695/685 671/687/677
f 673/682/672 674/696/686 678/684/674
f 678/684/674 674/696/686 677/697/687
f 677/697/687 674/696/686 675/698/688
f 677/697/687 675/698/688 676/699/689
f 676/699/689 675/698/688 55/700/690
f 676/699/689 55/700/690 54/701/691
f 679/685/675 680/702/692 262/683/673
f 262/683/673 680/702/692 686/703/693
f 686/703/693 680/702/692 681/704/694
f 686/703/693 681/704/694 682/705/695
f 682/705/695 683/706/696 686/703/693
f 686/703/693 683/706/696 684/707/697
f 686/703/693 684/707/697 544/708/698
f 544/708/698 684/707/697 685/709/699
f 544/708/698 685/709/699 545/710/700
f 146/711/701 145/712/702 537/713/703
f 537/713/703 145/712/702 687/714/704
f 537/713/703 687/714/704 538/715/705
f 538/715/705 687/714/704 688/716/706
f 689/717/707 690/718/708 523/719/709
f 523/719/709 690/718/708 524/720/710
f 524/720/710 690/718/708 140/721/711
f 524/720/710 140/721/711 159/722/712
f 592/723/713 500/724/714 569/725/715
f 569/725/715 500/724/714 499/726/716
f 569/725/715 499/726/716 570/727/717
f 570/727/717 499/726/716 498/728/718
f 570/727/717 498/728/718 571/729/719
f 571/729/719 498/728/718 497/730/720
f 571/729/719 497/730/720 572/731/721
f 572/731/721 497/730/720 496/732/722
f 572/731/721 496/732/722 573/733/723
f 573/733/723 496/732/722 495/734/724
f 573/733/723 495/734/724 574/735/725
f 574/735/725 495/734/724 494/736/726
f 574/735/725 494/736/726 575/737/727
f 575/737/727 494/736/726 493/738/728
f 575/737/727 493/738/728 576/739/729
f 576/739/729 493/738/728 516/740/730
f 576/739/729 516/740/730 577/741/731
f 577/741/731 516/740/730 515/742/732
f 577/741/731 515/742/732 578/743/733
f 578/743/733 515/742/732 514/744/734
f 578/743/733 514/744/734 579/745/735
f 579/745/735 514/744/734 513/746/736
f 579/745/735 513/746/736 580/747/737
f 580/747/737 513/746/736 512/748/738
f 580/747/737 512/748/738 581/749/739
f 581/749/739 512/748/738 511/750/740
f 581/749/739 511/750/740 582/751/741
f 582/751/741 511/750/740 510/752/742
f 582/751/741 510/752/742 583/753/743
f 583/753/743 510/752/742 509/754/744
f 583/753/743 509/754/744 584/755/745
f 584/755/745 509/754/744 508/756/746
f 584/755/745 508/756/746 585/757/747
f 585/757/747 508/756/746 507/758/748
f 585/757/747 507/758/748 586/759/749
f 586/759/749 507/758/748 506/760/750
f 586/759/749 506/760/750 587/761/751
f 587/761/751 506/760/750 505/762/752
f 587/763/751 505/764/752 588/765/753
f 588/765/753 505/764/752 504/766/754
f 588/765/753 504/766/754 589/767/755
f 589/767/755 504/766/754 503/768/756
f 589/767/755 503/768/756 590/769/757
f 590/769/757 503/768/756 502/770/758
f 590/769/757 502/770/758 591/771/759
f 591/771/759 502/770/758 501/772/760
f 591/771/759 501/772/760 592/723/713
f 592/723/713 501/772/760 500/724/714
f 616/773/761 452/774/762 593/775/763
f 593/775/763 452/774/762 451/776/764
f 593/775/763 451/776/764 594/777/765
f 594/777/765 451/776/764 450/778/766
f 594/777/765 450/778/766 595/779/767
f 595/779/767 450/778/766 449/780/768
f 595/779/767 449/780/768 596/781/769
f 596/781/769 449/780/768 448/782/770
f 596/781/769 448/782/770 597/783/771
f 597/783/771 448/782/770 447/784/772
f 597/783/771 447/784/772 598/785/773
f 598/785/773 447/784/772 446/786/774
f 598/785/773 446/786/774 599/787/775
f 599/787/775 446/786/774 445/788/776
f 599/787/775 445/788/776 600/789/777
f 600/789/777 445/788/776 468/790/778
f 600/789/777 468/790/778 601/791/779
f 601/791/779 468/790/778 467/792/780
f 601/791/779 467/792/780 602/793/781
f 602/793/781 467/792/780 466/794/782
f 602/793/781 466/794/782 603/795/783
f 603/795/783 466/794/782 465/796/784
f 603/795/783 465/796/784 604/797/785
f 604/797/785 465/796/784 464/798/786
f 604/797/785 464/798/786 605/799/787
f 605/799/787 464/798/786 463/800/788
f 605/799/787 463/800/788 606/801/789
f 606/801/789 463/800/788 462/802/790
f 606/801/789 462/802/790 607/803/791
f 607/803/791 462/802/790 461/804/792
f 607/803/791 461/804/792 608/805/793
f 608/805/793 461/804/792 460/806/794
f 608/805/793 460/806/794 609/807/795
f 609/807/795 460/806/794 459/808/796
f 609/807/795 459/808/796 610/809/797
f 610/809/797 459/808/796 458/810/798
f 610/809/797 458/810/798 611/811/799
f 611/811/799 458/810/798 457/812/800
f 611/813/799 457/814/800 612/815/801
f 612/815/801 457/814/800 456/816/802
f 612/815/801 456/816/802 613/817/803
f 613/817/803 456/816/802 455/818/804
f 613/817/803 455/818/804 614/819/805
f 614/819/805 455/818/804 454/820/806
f 614/819/805 454/820/806 615/821/807
f 615/821/807 454/820/806 453/822/808
f 615/821/807 453/822/808 616/773/761
f 616/773/761 453/822/808 452/774/762
f 640/823/809 404/824/810 617/825/811
f 617/825/811 404/824/810 403/826/812
f 617/825/811 403/826/812 618/827/813
f 618/827/813 403/826/812 402/828/814
f 618/827/813 402/828/814 619/829/815
f 619/829/815 402/828/814 401/830/816
f 619/829/815 401/830/816 620/831/817
f 620/831/817 401/830/816 400/832/818
f 620/831/817 400/832/818 621/833/819
f 621/833/819 400/832/818 399/834/820
f 621/833/819 399/834/820 622/835/821
f 622/835/821 399/834/820 398/836/822
f 622/835/821 398/836/822 623/837/823
f 623/837/823 398/836/822 397/838/824
f 623/837/823 397/838/824 624/839/825
f 624/839/825 397/838/824 420/840/826
f 624/839/825 420/840/826 625/841/827
f 625/841/827 420/840/826 419/842/828
f 625/841/827 419/842/828 626/843/829
f 626/843/829 419/842/828 418/844/830
f 626/843/829 418/844/830 627/845/831
f 627/845/831 418/844/830 417/846/832
f 627/845/831 417/846/832 628/847/833
f 628/847/833 417/846/832 416/848/834
f 628/847/833 416/848/834 629/849/835
f 629/849/835 416/848/834 415/850/836
f 629/849/835 415/850/836 630/851/837
f 630/851/837 415/850/836 414/852/838
f 630/851/837 414/852/838 631/853/839
f 631/853/839 414/852/838 413/854/840
f 631/853/839 413/854/840 632/855/841
f 632/855/841 413/854/840 412/856/842
f 632/855/841 412/856/842 633/857/843
f 633/857/843 412/856/842 411/858/844
f 633/857/843 411/858/844 634/859/845
f 634/859/845 411/858/844 410/860/846
f 634/859/845 410/860/846 635/861/847
f 635/861/847 410/860/846 409/862/848
f 635/863/847 409/864/848 636/865/849
f 636/865/849 409/864/848 408/866/850
f 636/865/849 408/866/850 637/867/851
f 637/867/851 408/866/850 407/868/852
f 637/867/851 407/868/852 638/869/853
f 638/869/853 407/868/852 406/870/854
f 638/869/853 406/870/854 639/871/855
f 639/871/855 406/870/854 405/872/856
f 639/871/855 405/872/856 640/823/809
f 640/823/809 405/872/856 404/824/810
f 664/873/857 356/874/858 641/875/859
f 641/875/859 356/874/858 355/876/860
f 641/875/859 355/876/860 642/877/861
f 642/877/861 355/876/860 354/878/862
f 642/877/861 354/878/862 643/879/863
f 643/879/863 354/878/862 353/880/864
f 643/879/863 353/880/864 644/881/865
f 644/881/865 353/880/864 352/882/866
f 644/881/865 352/882/866 645/883/867
f 645/883/867 352/882/866 351/884/868
f 645/883/867 351/884/868 646/885/869
f 646/885/869 351/884/868 350/886/870
f 646/885/869 350/886/870 647/887/871
f 647/887/871 350/886/870 349/888/872
f 647/887/871 349/888/872 648/889/873
f 648/889/873 349/888/872 372/890/874
f 648/889/873 372/890/874 649/891/875
f 649/891/875 372/890/874 371/892/876
f 649/891/875 371/892/876 650/893/877
f 650/893/877 371/892/876 370/894/878
f 650/893/877 370/894/878 651/895/879
f 651/895/879 370/894/878 369/896/880
f 651/895/879 369/896/880 652/897/881
f 652/897/881 369/896/880 368/898/882
f 652/897/881 368/898/882 653/899/883
f 653/899/883 368/898/882 367/900/884
f 653/899/883 367/900/884 654/901/885
f 654/901/885 367/900/884 366/902/886
f 654/901/885 366/902/886 655/903/887
f 655/903/887 366/902/886 365/904/888
f 655/903/887 365/904/888 656/905/889
f 656/905/889 365/904/888 364/906/890
f 656/905/889 364/906/890 657/907/891
f 657/907/891 364/906/890 363/908/892
f 657/907/891 363/908/892 658/909/893
f 658/909/893 363/908/892 362/910/894
f 658/909/893 362/910/894 659/911/895
f 659/911/895 362/910/894 361/912/896
f 659/913/895 361/914/896 660/915/897
f 660/915/897 361/914/896 360/916/898
f 660/915/897 360/916/898 661/917/899
f 661/917/899 360/916/898 359/918/900
f 661/917/899 359/918/900 662/919/901
f 662/919/901 359/918/900 358/920/902
f 662/919/901 358/920/902 663/921/903
f 663/921/903 358/920/902 357/922/904
f 663/921/903 357/922/904 664/873/857
f 664/873/857 357/922/904 356/874/858
f 692/923/905 167/924/906 691/925/907
f 691/925/907 167/924/906 166/926/908
f 691/925/907 166/926/908 714/927/909
f 714/927/909 166/926/908 165/928/910
f 714/927/909 165/928/910 713/929/911
f 713/929/911 165/928/910 164/930/912
f 713/929/911 164/930/912 712/931/913
f 712/931/913 164/930/912 163/932/914
f 712/931/913 163/932/914 711/933/915
f 711/933/915 163/932/914 162/934/916
f 711/933/915 162/934/916 710/935/917
f 710/935/917 162/934/916 161/936/918
f 710/935/917 161/936/918 709/937/919
f 709/937/919 161/936/918 160/938/920
f 709/937/919 160/938/920 708/939/921
f 708/939/921 160/938/920 183/940/922
f 708/939/921 183/940/922 707/941/923
f 707/941/923 183/940/922 182/942/924
f 707/941/923 182/942/924 706/943/925
f 706/943/925 182/942/924 181/944/926
f 706/943/925 181/944/926 705/945/927
f 705/945/927 181/944/926 180/946/928
f 705/945/927 180/946/928 704/947/929
f 704/947/929 180/946/928 179/948/930
f 704/947/929 179/948/930 703/949/931
f 703/949/931 179/948/930 178/950/932
f 703/949/931 178/950/932 702/951/933
f 702/951/933 178/950/932 177/952/934
f 702/951/933 177/952/934 701/953/935
f 701/953/935 177/952/934 176/954/936
f 701/953/935 176/954/936 700/955/937
f 700/955/937 176/954/936 175/956/938
f 700/955/937 175/956/938 699/957/939
f 699/957/939 175/956/938 174/958/940
f 699/957/939 174/958/940 698/959/941
f 698/959/941 174/958/940 173/960/942
f 698/959/941 173/960/942 697/961/943
f 697/961/943 173/960/942 172/962/944
f 697/963/943 172/964/944 696/965/945
f 696/965/945 172/964/944 171/966/946
f 696/965/945 171/966/946 695/967/947
f 695/967/947 171/966/946 170/968/948
f 695/967/947 170/968/948 694/969/949
f 694/969/949 170/968/948 169/970/950
f 694/969/949 169/970/950 693/971/951
f 693/971/951 169/970/950 168/972/952
f 693/971/951 168/972/952 692/923/905
f 692/923/905 168/972/952 167/924/906
f 716/973/953 488/974/954 715/975/955
f 715/975/955 488/974/954 487/976/956
f 715/975/955 487/976/956 738/977/957
f 738/977/957 487/976/956 486/978/958
f 738/977/957 486/978/958 737/979/959
f 737/979/959 486/978/958 485/980/960
f 737/979/959 485/980/960 736/981/961
f 736/981/961 485/980/960 484/982/962
f 736/981/961 484/982/962 735/983/963
f 735/983/963 484/982/962 483/984/964
f 735/983/963 483/984/964 734/985/965
f 734/985/965 483/984/964 482/986/966
f 734/985/965 482/986/966 733/987/967
f 733/987/967 482/986/966 481/988/968
f 733/989/967 481/990/968 732/991/969
f 732/991/969 481/990/968 480/992/970
f 732/991/969 480/992/970 731/993/971
f 731/993/971 480/992/970 479/994/972
f 731/993/971 479/994/972 730/995/973
f 730/995/973 479/994/972 478/996/974
f 730/995/973 478/996/974 729/997/975
f 729/997/975 478/996/974 477/998/976
f 729/997/975 477/998/976 728/999/977
f 728/999/977 477/998/976 476/1000/978
f 728/999/977 476/1000/978 727/1001/979
f 727/1001/979 476/1000/978 475/1002/980
f 727/1001/979 475/1002/980 726/1003/981
f 726/1003/981 475/1002/980 474/1004/982
f 726/1003/981 474/1004/982 725/1005/983
f 725/1005/983 474/1004/982 473/1006/984
f 725/1005/983 473/1006/984 724/1007/985
f 724/1007/985 473/1006/984 472/1008/986
f 724/1007/985 472/1008/986 723/1009/987
f 723/1009/987 472/1008/986 471/1010/988
f 723/1009/987 471/1010/988 722/1011/989
f 722/1011/989 471/1010/988 470/1012/990
f 722/1011/989 470/1012/990 721/1013/991
f 721/1013/991 470/1012/990 469/1014/992
f 721/1013/991 469/1014/992 720/1015/993
f 720/1015/993 469/1014/992 492/1016/994
f 720/1015/993 492/1016/994 719/1017/995
f 719/1017/995 492/1016/994 491/1018/996
f 719/1017/995 491/1018/996 718/1019/997
f 718/1019/997 491/1018/996 490/1020/998
f 718/1019/997 490/1020/998 717/1021/999
f 717/1021/999 490/1020/998 489/1022/1000
f 717/1021/999 489/1022/1000 716/973/953
f 716/973/953 489/1022/1000 488/974/954
f 692/1023/1001 691/1024/1002 715/1025/1003
f 715/1025/1003 691/1024/1002 714/1026/1004
f 715/1025/1003 714/1026/1004 716/1027/1005
f 716/1027/1005 714/1026/1004 713/1028/1006
f 716/1027/1005 713/1028/1006 717/1029/1007
f 717/1029/1007 713/1028/1006 712/1030/1008
f 717/1029/1007 712/1030/1008 718/1031/1009
f 718/1031/1009 712/1030/1008 711/1032/1010
f 718/1031/1009 711/1032/1010 719/1033/1011
f 719/1033/1011 711/1032/1010 710/1034/1012
f 719/1033/1011 710/1034/1012 720/1035/1013
f 720/1035/1013 710/1034/1012 709/1036/1014
f 720/1035/1013 709/1036/1014 721/1037/1015
f 721/1037/1015 709/1036/1014 722/1038/1016
f 722/1038/1016 709/1036/1014 708/1039/1017
f 722/1038/1016 708/1039/1017 723/1040/1018
f 723/1040/1018 708/1039/1017 707/1041/1019
f 723/1040/1018 707/1041/1019 724/1042/1020
f 724/1042/1020 707/1041/1019 706/1043/1021
f 724/1042/1020 706/1043/1021 725/1044/1022
f 725/1044/1022 706/1043/1021 705/1045/1023
f 725/1044/1022 705/1045/1023 726/1046/1024
f 726/1046/1024 705/1045/1023 704/1047/1025
f 726/1046/1024 704/1047/1025 727/1048/1026
f 727/1048/1026 704/1047/1025 703/1049/1027
f 727/1048/1026 703/1049/1027 702/1050/1028
f 727/1048/1026 702/1050/1028 728/1051/1029
f 728/1051/1029 702/1050/1028 701/1052/1030
f 728/1051/1029 701/1052/1030 729/1053/1031
f 729/1053/1031 701/1052/1030 700/1054/1032
f 729/1053/1031 700/1054/1032 730/1055/1033
f 730/1055/1033 700/1054/1032 699/1056/1034
f 730/1055/1033 699/1056/1034 731/1057/1035
f 731/1057/1035 699/1056/1034 698/1058/1036
f 731/1057/1035 698/1058/1036 732/1059/1037
f 732/1059/1037 698/1058/1036 733/1060/1038
f 733/1060/1038 698/1058/1036 697/1061/1039
f 733/1060/1038 697/1061/1039 734/1062/1040
f 734/1062/1040 697/1061/1039 696/1063/1041
f 734/1062/1040 696/1063/1041 735/1064/1042
f 735/1064/1042 696/1063/1041 695/1065/1043
f 735/1064/1042 695/1065/1043 736/1066/1044
f 736/1066/1044 695/1065/1043 694/1067/1045
f 736/1066/1044 694/1067/1045 737/1068/1046
f 737/1068/1046 694/1067/1045 693/1069/1047
f 737/1068/1046 693/1069/1047 738/1070/1048
f 738/1070/1048 693/1069/1047 692/1023/1001
f 738/1070/1048 692/1023/1001 715/1025/1003
f 740/1071/1049 191/1072/1050 739/1073/1051
f 739/1073/1051 191/1072/1050 190/1074/1052
f 739/1073/1051 190/1074/1052 762/1075/1053
f 762/1075/1053 190/1074/1052 189/1076/1054
f 762/1075/1053 189/1076/1054 761/1077/1055
f 761/1077/1055 189/1076/1054 188/1078/1056
f 761/1077/1055 188/1078/1056 760/1079/1057
f 760/1079/1057 188/1078/1056 187/1080/1058
f 760/1079/1057 187/1080/1058 759/1081/1059
f 759/1081/1059 187/1080/1058 186/1082/1060
f 759/1081/1059 186/1082/1060 758/1083/1061
f 758/1083/1061 186/1082/1060 185/1084/1062
f 758/1083/1061 185/1084/1062 757/1085/1063
f 757/1085/1063 185/1084/1062 184/1086/1064
f 757/1085/1063 184/1086/1064 756/1087/1065
f 756/1087/1065 184/1086/1064 207/1088/1066
f 756/1087/1065 207/1088/1066 755/1089/1067
f 755/1089/1067 207/1088/1066 206/1090/1068
f 755/1089/1067 206/1090/1068 754/1091/1069
f 754/1091/1069 206/1090/1068 205/1092/1070
f 754/1091/1069 205/1092/1070 753/1093/1071
f 753/1093/1071 205/1092/1070 204/1094/1072
f 753/1093/1071 204/1094/1072 752/1095/1073
f 752/1095/1073 204/1094/1072 203/1096/1074
f 752/1095/1073 203/1096/1074 751/1097/1075
f 751/1097/1075 203/1096/1074 202/1098/1076
f 751/1097/1075 202/1098/1076 750/1099/1077
f 750/1099/1077 202/1098/1076 201/1100/1078
f 750/1099/1077 201/1100/1078 749/1101/1079
f 749/1101/1079 201/1100/1078 200/1102/1080
f 749/1101/1079 200/1102/1080 748/1103/1081
f 748/1103/1081 200/1102/1080 199/1104/1082
f 748/1103/1081 199/1104/1082 747/1105/1083
f 747/1105/1083 199/1104/1082 198/1106/1084
f 747/1105/1083 198/1106/1084 746/1107/1085
f 746/1107/1085 198/1106/1084 197/1108/1086
f 746/1107/1085 197/1108/1086 745/1109/1087
f 745/1109/1087 197/1108/1086 196/1110/1088
f 745/1111/1087 196/1112/1088 744/1113/1089
f 744/1113/1089 196/1112/1088 195/1114/1090
f 744/1113/1089 195/1114/1090 743/1115/1091
f 743/1115/1091 195/1114/1090 194/1116/1092
f 743/1115/1091 194/1116/1092 742/1117/1093
f 742/1117/1093 194/1116/1092 193/1118/1094
f 742/1117/1093 193/1118/1094 741/1119/1095
f 741/1119/1095 193/1118/1094 192/1120/1096
f 741/1119/1095 192/1120/1096 740/1071/1049
f 740/1071/1049 192/1120/1096 191/1072/1050
f 764/1121/1097 440/1122/1098 763/1123/1099
f 763/1123/1099 440/1122/1098 439/1124/1100
f 763/1123/1099 439/1124/1100 786/1125/1101
f 786/1125/1101 439/1124/1100 438/1126/1102
f 786/1125/1101 438/1126/1102 785/1127/1103
f 785/1127/1103 438/1126/1102 437/1128/1104
f 785/1127/1103 437/1128/1104 784/1129/1105
f 784/1129/1105 437/1128/1104 436/1130/1106
f 784/1129/1105 436/1130/1106 783/1131/1107
f 783/1131/1107 436/1130/1106 435/1132/1108
f 783/1131/1107 435/1132/1108 782/1133/1109
f 782/1133/1109 435/1132/1108 434/1134/1110
f 782/1133/1109 434/1134/1110 781/1135/1111
f 781/1135/1111 434/1134/1110 433/1136/1112
f 781/1137/1111 433/1138/1112 780/1139/1113
f 780/1139/1113 433/1138/1112 432/1140/1114
f 780/1139/1113 432/1140/1114 779/1141/1115
f 779/1141/1115 432/1140/1114 431/1142/1116
f 779/1141/1115 431/1142/1116 778/1143/1117
f 778/1143/1117 431/1142/1116 430/1144/1118
f 778/1143/1117 430/1144/1118 777/1145/1119
f 777/1145/1119 430/1144/1118 429/1146/1120
f 777/1145/1119 429/1146/1120 776/1147/1121
f 776/1147/1121 429/1146/1120 428/1148/1122
f 776/1147/1121 428/1148/1122 775/1149/1123
f 775/1149/1123 428/1148/1122 427/1150/1124
f 775/1149/1123 427/1150/1124 774/1151/1125
f 774/1151/1125 427/1150/1124 426/1152/1126
f 774/1151/1125 426/1152/1126 773/1153/1127
f 773/1153/1127 426/1152/1126 425/1154/1128
f 773/1153/1127 425/1154/1128 772/1155/1129
f 772/1155/1129 425/1154/1128 424/1156/1130
f 772/1155/1129 424/1156/1130 771/1157/1131
f 771/1157/1131 424/1156/1130 423/1158/1132
f 771/1157/1131 423/1158/1132 770/1159/1133
f 770/1159/1133 423/1158/1132 422/1160/1134
f 770/1159/1133 422/1160/1134 769/1161/1135
f 769/1161/1135 422/1160/1134 421/1162/1136
f 769/1161/1135 421/1162/1136 768/1163/1137
f 768/1163/1137 421/1162/1136 444/1164/1138
f 768/1163/1137 444/1164/1138 767/1165/1139
f 767/1165/1139 444/1164/1138 443/1166/1140
f 767/1165/1139 443/1166/1140 766/1167/1141
f 766/1167/1141 443/1166/1140 442/1168/1142
f 766/1167/1141 442/1168/1142 765/1169/1143
f 765/1169/1143 442/1168/1142 441/1170/1144
f 765/1169/1143 441/1170/1144 764/1121/1097
f 764/1121/1097 441/1170/1144 440/1122/1098
f 740/1171/1145 739/1172/1146 763/1173/1147
f 763/1173/1147 739/1172/1146 762/1174/1148
f 763/1173/1147 762/1174/1148 764/1175/1149
f 764/1175/1149 762/1174/1148 761/1176/1150
f 764/1175/1149 761/1176/1150 765/1177/1151
f 765/1177/1151 761/1176/1150 760/1178/1152
f 765/1177/1151 760/1178/1152 766/1179/1153
f 766/1179/1153 760/1178/1152 759/1180/1154
f 766/1179/1153 759/1180/1154 767/1181/1155
f 767/1181/1155 759/1180/1154 758/1182/1156
f 767/1181/1155 758/1182/1156 768/1183/1157
f 768/1183/1157 758/1182/1156 757/1184/1158
f 768/1183/1157 757/1184/1158 769/1185/1159
f 769/1185/1159 757/1184/1158 770/1186/1160
f 770/1186/1160 757/1184/1158 756/1187/1161
f 770/1186/1160 756/1187/1161 771/1188/1162
f 771/1188/1162 756/1187/1161 755/1189/1163
f 771/1188/1162 755/1189/1163 772/1190/1164
f 772/1190/1164 755/1189/1163 754/1191/1165
f 772/1190/1164 754/1191/1165 773/1192/1166
f 773/1192/1166 754/1191/1165 753/1193/1167
f 773/1192/1166 753/1193/1167 774/1194/1168
f 774/1194/1168 753/1193/1167 752/1195/1169
f 774/1194/1168 752/1195/1169 775/1196/1170
f 775/1196/1170 752/1195/1169 751/1197/1171
f 775/1196/1170 751/1197/1171 750/1198/1172
f 775/1196/1170 750/1198/1172 776/1199/1173
f 776/1199/1173 750/1198/1172 749/1200/1174
f 776/1199/1173 749/1200/1174 777/1201/1175
f 777/1201/1175 749/1200/1174 748/1202/1176
f 777/1201/1175 748/1202/1176 778/1203/1177
f 778/1203/1177 748/1202/1176 747/1204/1178
f 778/1203/1177 747/1204/1178 779/1205/1179
f 779/1205/1179 747/1204/1178 746/1206/1180
f 779/1205/1179 746/1206/1180 780/1207/1181
f 780/1207/1181 746/1206/1180 781/1208/1182
f 781/1208/1182 746/1206/1180 745/1209/1183
f 781/1208/1182 745/1209/1183 782/1210/1184
f 782/1210/1184 745/1209/1183 744/1211/1185
f 782/1210/1184 744/1211/1185 783/1212/1186
f 783/1212/1186 744/1211/1185 743/1213/1187
f 783/1212/1186 743/1213/1187 784/1214/1188
f 784/1214/1188 743/1213/1187 742/1215/1189
f 784/1214/1188 742/1215/1189 785/1216/1190
f 785/1216/1190 742/1215/1189 741/1217/1191
f 785/1216/1190 741/1217/1191 786/1218/1192
f 786/1218/1192 741/1217/1191 740/1171/1145
f 786/1218/1192 740/1171/1145 763/1173/1147
f 788/1219/1193 215/1220/1194 787/1221/1195
f 787/1221/1195 215/1220/1194 214/1222/1196
f 787/1221/1195 214/1222/1196 810/1223/1197
f 810/1223/1197 214/1222/1196 213/1224/1198
f 810/1223/1197 213/1224/1198 809/1225/1199
f 809/1225/1199 213/1224/1198 212/1226/1200
f 809/1225/1199 212/1226/1200 808/1227/1201
f 808/1227/1201 212/1226/1200 211/1228/1202
f 808/1227/1201 211/1228/1202 807/1229/1203
f 807/1229/1203 211/1228/1202 210/1230/1204
f 807/1229/1203 210/1230/1204 806/1231/1205
f 806/1231/1205 210/1230/1204 209/1232/1206
f 806/1231/1205 209/1232/1206 805/1233/1207
f 805/1233/1207 209/1232/1206 208/1234/1208
f 805/1233/1207 208/1234/1208 804/1235/1209
f 804/1235/1209 208/1234/1208 231/1236/1210
f 804/1235/1209 231/1236/1210 803/1237/1211
f 803/1237/1211 231/1236/1210 230/1238/1212
f 803/1237/1211 230/1238/1212 802/1239/1213
f 802/1239/1213 230/1238/1212 229/1240/1214
f 802/1239/1213 229/1240/1214 801/1241/1215
f 801/1241/1215 229/1240/1214 228/1242/1216
f 801/1241/1215 228/1242/1216 800/1243/1217
f 800/1243/1217 228/1242/1216 227/1244/1218
f 800/1243/1217 227/1244/1218 799/1245/1219
f 799/1245/1219 227/1244/1218 226/1246/1220
f 799/1245/1219 226/1246/1220 798/1247/1221
f 798/1247/1221 226/1246/1220 225/1248/1222
f 798/1247/1221 225/1248/1222 797/1249/1223
f 797/1249/1223 225/1248/1222 224/1250/1224
f 797/1249/1223 224/1250/1224 796/1251/1225
f 796/1251/1225 224/1250/1224 223/1252/1226
f 796/1251/1225 223/1252/1226 795/1253/1227
f 795/1253/1227 223/1252/1226 222/1254/1228
f 795/1253/1227 222/1254/1228 794/1255/1229
f 794/1255/1229 222/1254/1228 221/1256/1230
f 794/1255/1229 221/1256/1230 793/1257/1231
f 793/1257/1231 221/1256/1230 220/1258/1232
f 793/1259/1231 220/1260/1232 792/1261/1233
f 792/1261/1233 220/1260/1232 219/1262/1234
f 792/1261/1233 219/1262/1234 791/1263/1235
f 791/1263/1235 219/1262/1234 218/1264/1236
f 791/1263/1235 218/1264/1236 790/1265/1237
f 790/1265/1237 218/1264/1236 217/1266/1238
f 790/1265/1237 217/1266/1238 789/1267/1239
f 789/1267/1239 217/1266/1238 216/1268/1240
f 789/1267/1239 216/1268/1240 788/1219/1193
f 788/1219/1193 216/1268/1240 215/1220/1194
f 812/1269/1241 392/1270/1242 811/1271/1243
f 811/1271/1243 392/1270/1242 391/1272/1244
f 811/1271/1243 391/1272/1244 834/1273/1245
f 834/1273/1245 391/1272/1244 390/1274/1246
f 834/1273/1245 390/1274/1246 833/1275/1247
f 833/1275/1247 390/1274/1246 389/1276/1248
f 833/1275/1247 389/1276/1248 832/1277/1249
f 832/1277/1249 389/1276/1248 388/1278/1250
f 832/1277/1249 388/1278/1250 831/1279/1251
f 831/1279/1251 388/1278/1250 387/1280/1252
f 831/1279/1251 387/1280/1252 830/1281/1253
f 830/1281/1253 387/1280/1252 386/1282/1254
f 830/1281/1253 386/1282/1254 829/1283/1255
f 829/1283/1255 386/1282/1254 385/1284/1256
f 829/1285/1255 385/1286/1256 828/1287/1257
f 828/1287/1257 385/1286/1256 384/1288/1258
f 828/1287/1257 384/1288/1258 827/1289/1259
f 827/1289/1259 384/1288/1258 383/1290/1260
f 827/1289/1259 383/1290/1260 826/1291/1261
f 826/1291/1261 383/1290/1260 382/1292/1262
f 826/1291/1261 382/1292/1262 825/1293/1263
f 825/1293/1263 382/1292/1262 381/1294/1264
f 825/1293/1263 381/1294/1264 824/1295/1265
f 824/1295/1265 381/1294/1264 380/1296/1266
f 824/1295/1265 380/1296/1266 823/1297/1267
f 823/1297/1267 380/1296/1266 379/1298/1268
f 823/1297/1267 379/1298/1268 822/1299/1269
f 822/1299/1269 379/1298/1268 378/1300/1270
f 822/1299/1269 378/1300/1270 821/1301/1271
f 821/1301/1271 378/1300/1270 377/1302/1272
f 821/1301/1271 377/1302/1272 820/1303/1273
f 820/1303/1273 377/1302/1272 376/1304/1274
f 820/1303/1273 376/1304/1274 819/1305/1275
f 819/1305/1275 376/1304/1274 375/1306/1276
f 819/1305/1275 375/1306/1276 818/1307/1277
f 818/1307/1277 375/1306/1276 374/1308/1278
f 818/1307/1277 374/1308/1278 817/1309/1279
f 817/1309/1279 374/1308/1278 373/1310/1280
f 817/1309/1279 373/1310/1280 816/1311/1281
f 816/1311/1281 373/1310/1280 396/1312/1282
f 816/1311/1281 396/1312/1282 815/1313/1283
f 815/1313/1283 396/1312/1282 395/1314/1284
f 815/1313/1283 395/1314/1284 814/1315/1285
f 814/1315/1285 395/1314/1284 394/1316/1286
f 814/1315/1285 394/1316/1286 813/1317/1287
f 813/1317/1287 394/1316/1286 393/1318/1288
f 813/1317/1287 393/1318/1288 812/1269/1241
f 812/1269/1241 393/1318/1288 392/1270/1242
f 788/1319/1289 787/1320/1290 811/1321/1291
f 811/1321/1291 787/1320/1290 810/1322/1292
f 811/1321/1291 810/1322/1292 812/1323/1293
f 812/1323/1293 810/1322/1292 809/1324/1294
f 812/1323/1293 809/1324/1294 813/1325/1295
f 813/1325/1295 809/1324/1294 808/1326/1296
f 813/1325/1295 808/1326/1296 814/1327/1297
f 814/1327/1297 808/1326/1296 807/1328/1298
f 814/1327/1297 807/1328/1298 815/1329/1299
f 815/1329/1299 807/1328/1298 806/1330/1300
f 815/1329/1299 806/1330/1300 816/1331/1301
f 816/1331/1301 806/1330/1300 805/1332/1302
f 816/1331/1301 805/1332/1302 817/1333/1303
f 817/1333/1303 805/1332/1302 818/1334/1304
f 818/1334/1304 805/1332/1302 804/1335/1305
f 818/1334/1304 804/1335/1305 819/1336/1306
f 819/1336/1306 804/1335/1305 803/1337/1307
f 819/1336/1306 803/1337/1307 820/1338/1308
f 820/1338/1308 803/1337/1307 802/1339/1309
f 820/1338/1308 802/1339/1309 821/1340/1310
f 821/1340/1310 802/1339/1309 801/1341/1311
f 821/1340/1310 801/1341/1311 822/1342/1312
f 822/1342/1312 801/1341/1311 800/1343/1313
f 822/1342/1312 800/1343/1313 823/1344/1314
f 823/1344/1314 800/1343/1313 799/1345/1315
f 823/1344/1314 799/1345/1315 798/1346/1316
f 823/1344/1314 798/1346/1316 824/1347/1317
f 824/1347/1317 798/1346/1316 797/1348/1318
f 824/1347/1317 797/1348/1318 825/1349/1319
f 825/1349/1319 797/1348/1318 796/1350/1320
f 825/1349/1319 796/1350/1320 826/1351/1321
f 826/1351/1321 796/1350/1320 795/1352/1322
f 826/1351/1321 795/1352/1322 827/1353/1323
f 827/1353/1323 795/1352/1322 794/1354/1324
f 827/1353/1323 794/1354/1324 828/1355/1325
f 828/1355/1325 794/1354/1324 829/1356/1326
f 829/1356/1326 794/1354/1324 793/1357/1327
f 829/1356/1326 793/1357/1327 830/1358/1328
f 830/1358/1328 793/1357/1327 792/1359/1329
f 830/1358/1328 792/1359/1329 831/1360/1330
f 831/1360/1330 792/1359/1329 791/1361/1331
f 831/1360/1330 791/1361/1331 832/1362/1332
f 832/1362/1332 791/1361/1331 790/1363/1333
f 832/1362/1332 790/1363/1333 833/1364/1334
f 833/1364/1334 790/1363/1333 789/1365/1335
f 833/1364/1334 789/1365/1335 834/1366/1336
f 834/1366/1336 789/1365/1335 788/1319/1289
f 834/1366/1336 788/1319/1289 811/1321/1291
f 836/1367/1337 239/1368/1338 835/1369/1339
f 835/1369/1339 239/1368/1338 238/1370/1340
f 835/1369/1339 238/1370/1340 858/1371/1341
f 858/1371/1341 238/1370/1340 237/1372/1342
f 858/1371/1341 237/1372/1342 857/1373/1343
f 857/1373/1343 237/1372/1342 236/1374/1344
f 857/1373/1343 236/1374/1344 856/1375/1345
f 856/1375/1345 236/1374/1344 235/1376/1346
f 856/1375/1345 235/1376/1346 855/1377/1347
f 855/1377/1347 235/1376/1346 234/1378/1348
f 855/1377/1347 234/1378/1348 854/1379/1349
f 854/1379/1349 234/1378/1348 233/1380/1350
f 854/1379/1349 233/1380/1350 853/1381/1351
f 853/1381/1351 233/1380/1350 232/1382/1352
f 853/1381/1351 232/1382/1352 852/1383/1353
f 852/1383/1353 232/1382/1352 255/1384/1354
f 852/1383/1353 255/1384/1354 851/1385/1355
f 851/1385/1355 255/1384/1354 254/1386/1356
f 851/1385/1355 254/1386/1356 850/1387/1357
f 850/1387/1357 254/1386/1356 253/1388/1358
f 850/1387/1357 253/1388/1358 849/1389/1359
f 849/1389/1359 253/1388/1358 252/1390/1360
f 849/1389/1359 252/1390/1360 848/1391/1361
f 848/1391/1361 252/1390/1360 251/1392/1362
f 848/1391/1361 251/1392/1362 847/1393/1363
f 847/1393/1363 251/1392/1362 250/1394/1364
f 847/1393/1363 250/1394/1364 846/1395/1365
f 846/1395/1365 250/1394/1364 249/1396/1366
f 846/1395/1365 249/1396/1366 845/1397/1367
f 845/1397/1367 249/1396/1366 248/1398/1368
f 845/1397/1367 248/1398/1368 844/1399/1369
f 844/1399/1369 248/1398/1368 247/1400/1370
f 844/1399/1369 247/1400/1370 843/1401/1371
f 843/1401/1371 247/1400/1370 246/1402/1372
f 843/1401/1371 246/1402/1372 842/1403/1373
f 842/1403/1373 246/1402/1372 245/1404/1374
f 842/1403/1373 245/1404/1374 841/1405/1375
f 841/1405/1375 245/1404/1374 244/1406/1376
f 841/1407/1375 244/1408/1376 840/1409/1377
f 840/1409/1377 244/1408/1376 243/1410/1378
f 840/1409/1377 243/1410/1378 839/1411/1379
f 839/1411/1379 243/1410/1378 242/1412/1380
f 839/1411/1379 242/1412/1380 838/1413/1381
f 838/1413/1381 242/1412/1380 241/1414/1382
f 838/1413/1381 241/1414/1382 837/1415/1383
f 837/1415/1383 241/1414/1382 240/1416/1384
f 837/1415/1383 240/1416/1384 836/1367/1337
f 836/1367/1337 240/1416/1384 239/1368/1338
f 860/1417/1385 344/1418/1386 859/1419/1387
f 859/1419/1387 344/1418/1386 343/1420/1388
f 859/1419/1387 343/1420/1388 882/1421/1389
f 882/1421/1389 343/1420/1388 342/1422/1390
f 882/1421/1389 342/1422/1390 881/1423/1391
f 881/1423/1391 342/1422/1390 341/1424/1392
f 881/1423/1391 341/1424/1392 880/1425/1393
f 880/1425/1393 341/1424/1392 340/1426/1394
f 880/1425/1393 340/1426/1394 879/1427/1395
f 879/1427/1395 340/1426/1394 339/1428/1396
f 879/1427/1395 339/1428/1396 878/1429/1397
f 878/1429/1397 339/1428/1396 338/1430/1398
f 878/1429/1397 338/1430/1398 877/1431/1399
f 877/1431/1399 338/1430/1398 337/1432/1400
f 877/1433/1399 337/1434/1400 876/1435/1401
f 876/1435/1401 337/1434/1400 336/1436/1402
f 876/1435/1401 336/1436/1402 875/1437/1403
f 875/1437/1403 336/1436/1402 335/1438/1404
f 875/1437/1403 335/1438/1404 874/1439/1405
f 874/1439/1405 335/1438/1404 334/1440/1406
f 874/1439/1405 334/1440/1406 873/1441/1407
f 873/1441/1407 334/1440/1406 333/1442/1408
f 873/1441/1407 333/1442/1408 872/1443/1409
f 872/1443/1409 333/1442/1408 332/1444/1410
f 872/1443/1409 332/1444/1410 871/1445/1411
f 871/1445/1411 332/1444/1410 331/1446/1412
f 871/1445/1411 331/1446/1412 870/1447/1413
f 870/1447/1413 331/1446/1412 330/1448/1414
f 870/1447/1413 330/1448/1414 869/1449/1415
f 869/1449/1415 330/1448/1414 329/1450/1416
f 869/1449/1415 329/1450/1416 868/1451/1417
f 868/1451/1417 329/1450/1416 328/1452/1418
f 868/1451/1417 328/1452/1418 867/1453/1419
f 867/1453/1419 328/1452/1418 327/1454/1420
f 867/1453/1419 327/1454/1420 866/1455/1421
f 866/1455/1421 327/1454/1420 326/1456/1422
f 866/1455/1421 326/1456/1422 865/1457/1423
f 865/1457/1423 326/1456/1422 325/1458/1424
f 865/1457/1423 325/1458/1424 864/1459/1425
f 864/1459/1425 325/1458/1424 348/1460/1426
f 864/1459/1425 348/1460/1426 863/1461/1427
f 863/1461/1427 348/1460/1426 347/1462/1428
f 863/1461/1427 347/1462/1428 862/1463/1429
f 862/1463/1429 347/1462/1428 346/1464/1430
f 862/1463/1429 346/1464/1430 861/1465/1431
f 861/1465/1431 346/1464/1430 345/1466/1432
f 861/1465/1431 345/1466/1432 860/1417/1385
f 860/1417/1385 345/1466/1432 344/1418/1386
f 836/1467/1433 835/1468/1434 859/1469/1435
f 859/1469/1435 835/1468/1434 858/1470/1436
f 859/1469/1435 858/1470/1436 860/1471/1437
f 860/1471/1437 858/1470/1436 857/1472/1438
f 860/1471/1437 857/1472/1438 861/1473/1439
f 861/1473/1439 857/1472/1438 856/1474/1440
f 861/1473/1439 856/1474/1440 862/1475/1441
f 862/1475/1441 856/1474/1440 855/1476/1442
f 862/1475/1441 855/1476/1442 863/1477/1443
f 863/1477/1443 855/1476/1442 854/1478/1444
f 863/1477/1443 854/1478/1444 864/1479/1445
f 864/1479/1445 854/1478/1444 853/1480/1446
f 864/1479/1445 853/1480/1446 865/1481/1447
f 865/1481/1447 853/1480/1446 866/1482/1448
f 866/1482/1448 853/1480/1446 852/1483/1449
f 866/1482/1448 852/1483/1449 867/1484/1450
f 867/1484/1450 852/1483/1449 851/1485/1451
f 867/1484/1450 851/1485/1451 868/1486/1452
f 868/1486/1452 851/1485/1451 850/1487/1453
f 868/1486/1452 850/1487/1453 869/1488/1454
f 869/1488/1454 850/1487/1453 849/1489/1455
f 869/1488/1454 849/1489/1455 870/1490/1456
f 870/1490/1456 849/1489/1455 848/1491/1457
f 870/1490/1456 848/1491/1457 871/1492/1458
f 871/1492/1458 848/1491/1457 847/1493/1459
f 871/1492/1458 847/1493/1459 846/1494/1460
f 871/1492/1458 846/1494/1460 872/1495/1461
f 872/1495/1461 846/1494/1460 845/1496/1462
f 872/1495/1461 845/1496/1462 873/1497/1463
f 873/1497/1463 845/1496/1462 844/1498/1464
f 873/1497/1463 844/1498/1464 874/1499/1465
f 874/1499/1465 844/1498/1464 843/1500/1466
f 874/1499/1465 843/1500/1466 875/1501/1467
f 875/1501/1467 843/1500/1466 842/1502/1468
f 875/1501/1467 842/1502/1468 876/1503/1469
f 876/1503/1469 842/1502/1468 877/1504/1470
f 877/1504/1470 842/1502/1468 841/1505/1471
f 877/1504/1470 841/1505/1471 878/1506/1472
f 878/1506/1472 841/1505/1471 840/1507/1473
f 878/1506/1472 840/1507/1473 879/1508/1474
f 879/1508/1474 840/1507/1473 839/1509/1475
f 879/1508/1474 839/1509/1475 880/1510/1476
f 880/1510/1476 839/1509/1475 838/1511/1477
f 880/1510/1476 838/1511/1477 881/1512/1478
f 881/1512/1478 838/1511/1477 837/1513/1479
f 881/1512/1478 837/1513/1479 882/1514/1480
f 882/1514/1480 837/1513/1479 836/1467/1433
f 882/1514/1480 836/1467/1433 859/1469/1435
f 152/1515/667 151/1516/1481 531/1517/668
f 531/1517/668 151/1516/1481 532/1518/1482
f 532/1518/1482 151/1516/1481 150/1519/1483
f 532/1518/1482 150/1519/1483 533/1520/1484
f 533/1520/1484 150/1519/1483 149/1521/1485
f 533/1520/1484 149/1521/1485 534/1522/1486
f 534/1522/1486 149/1521/1485 148/1523/1487
f 534/1522/1486 148/1523/1487 535/1524/1488
f 535/1524/1488 148/1523/1487 147/1525/1489
f 535/1524/1488 147/1525/1489 536/1526/1490
f 536/1526/1490 147/1525/1489 146/1527/701
f 536/1526/1490 146/1527/701 537/1528/703
f 524/1529/710 159/1530/712 525/1531/1491
f 525/1531/1491 159/1530/712 158/1532/1492
f 525/1531/1491 158/1532/1492 526/1533/1493
f 526/1533/1493 158/1532/1492 157/1534/1494
f 526/1533/1493 157/1534/1494 527/1535/1495
f 527/1535/1495 157/1534/1494 156/1536/1496
f 527/1535/1495 156/1536/1496 528/1537/1497
f 528/1537/1497 156/1536/1496 155/1538/1498
f 528/1537/1497 155/1538/1498 529/1539/1499
f 529/1539/1499 155/1538/1498 154/1540/1500
f 529/1539/1499 154/1540/1500 530/1541/670
f 530/1541/670 154/1540/1500 153/1542/669
f 300/1543/1501 98/1544/1502 277/1545/1503
f 277/1545/1503 98/1544/1502 97/1546/1504
f 277/1545/1503 97/1546/1504 278/1547/1505
f 278/1547/1505 97/1546/1504 96/1548/1506
f 278/1547/1505 96/1548/1506 279/1549/1507
f 279/1549/1507 96/1548/1506 95/1550/1508
f 279/1549/1507 95/1550/1508 280/1551/1509
f 280/1551/1509 95/1550/1508 94/1552/1510
f 280/1551/1509 94/1552/1510 281/1553/1511
f 281/1553/1511 94/1552/1510 93/1554/1512
f 281/1553/1511 93/1554/1512 282/1555/1513
f 282/1555/1513 93/1554/1512 92/1556/1514
f 282/1555/1513 92/1556/1514 283/1557/1515
f 283/1557/1515 92/1556/1514 91/1558/1516
f 283/1557/1515 91/1558/1516 284/1559/1517
f 284/1559/1517 91/1558/1516 90/1560/1518
f 284/1559/1517 90/1560/1518 285/1561/1519
f 285/1561/1519 90/1560/1518 89/1562/1520
f 285/1561/1519 89/1562/1520 286/1563/1521
f 286/1563/1521 89/1562/1520 88/1564/1522
f 286/1563/1521 88/1564/1522 287/1565/1523
f 287/1565/1523 88/1564/1522 87/1566/1524
f 287/1565/1523 87/1566/1524 288/1567/1525
f 288/1567/1525 87/1566/1524 86/1568/1526
f 288/1567/1525 86/1568/1526 289/1569/1527
f 289/1569/1527 86/1568/1526 85/1570/1528
f 289/1571/1527 85/1572/1528 290/1573/1529
f 290/1573/1529 85/1572/1528 108/1574/1530
f 290/1573/1529 108/1574/1530 291/1575/1531
f 291/1575/1531 108/1574/1530 107/1576/1532
f 291/1575/1531 107/1576/1532 292/1577/1533
f 292/1577/1533 107/1576/1532 106/1578/1534
f 292/1577/1533 106/1578/1534 293/1579/1535
f 293/1579/1535 106/1578/1534 105/1580/1536
f 293/1579/1535 105/1580/1536 294/1581/1537
f 294/1581/1537 105/1580/1536 104/1582/1538
f 294/1581/1537 104/1582/1538 295/1583/1539
f 295/1583/1539 104/1582/1538 103/1584/1540
f 295/1583/1539 103/1584/1540 296/1585/1541
f 296/1585/1541 103/1584/1540 102/1586/1542
f 296/1585/1541 102/1586/1542 297/1587/1543
f 297/1587/1543 102/1586/1542 101/1588/1544
f 297/1587/1543 101/1588/1544 298/1589/1545
f 298/1589/1545 101/1588/1544 100/1590/1546
f 298/1589/1545 100/1590/1546 299/1591/1547
f 299/1591/1547 100/1590/1546 99/1592/1548
f 299/1591/1547 99/1592/1548 300/1543/1501
f 300/1543/1501 99/1592/1548 98/1544/1502
f 324/1593/1549 74/1594/1550 301/1595/1551
f 301/1595/1551 74/1594/1550 73/1596/1552
f 301/1595/1551 73/1596/1552 302/1597/1553
f 302/1597/1553 73/1596/1552 72/1598/1554
f 302/1597/1553 72/1598/1554 303/1599/1555
f 303/1599/1555 72/1598/1554 71/1600/1556
f 303/1599/1555 71/1600/1556 304/1601/1557
f 304/1601/1557 71/1600/1556 70/1602/1558
f 304/1601/1557 70/1602/1558 305/1603/1559
f 305/1603/1559 70/1602/1558 69/1604/1560
f 305/1603/1559 69/1604/1560 306/1605/1561
f 306/1605/1561 69/1604/1560 68/1606/1562
f 306/1605/1561 68/1606/1562 307/1607/1563
f 307/1607/1563 68/1606/1562 67/1608/1564
f 307/1607/1563 67/1608/1564 308/1609/1565
f 308/1609/1565 67/1608/1564 66/1610/1566
f 308/1609/1565 66/1610/1566 309/1611/1567
f 309/1611/1567 66/1610/1566 65/1612/1568
f 309/1611/1567 65/1612/1568 310/1613/1569
f 310/1613/1569 65/1612/1568 64/1614/1570
f 310/1613/1569 64/1614/1570 311/1615/1571
f 311/1615/1571 64/1614/1570 63/1616/1572
f 311/1615/1571 63/1616/1572 312/1617/1573
f 312/1617/1573 63/1616/1572 62/1618/1574
f 312/1617/1573 62/1618/1574 313/1619/1575
f 313/1619/1575 62/1618/1574 61/1620/1576
f 313/1621/1575 61/1622/1576 314/1623/1577
f 314/1623/1577 61/1622/1576 84/1624/1578
f 314/1623/1577 84/1624/1578 315/1625/1579
f 315/1625/1579 84/1624/1578 83/1626/1580
f 315/1625/1579 83/1626/1580 316/1627/1581
f 316/1627/1581 83/1626/1580 82/1628/1582
f 316/1627/1581 82/1628/1582 317/1629/1583
f 317/1629/1583 82/1628/1582 81/1630/1584
f 317/1629/1583 81/1630/1584 318/1631/1585
f 318/1631/1585 81/1630/1584 80/1632/1586
f 318/1631/1585 80/1632/1586 319/1633/1587
f 319/1633/1587 80/1632/1586 79/1634/1588
f 319/1633/1587 79/1634/1588 320/1635/1589
f 320/1635/1589 79/1634/1588 78/1636/1590
f 320/1635/1589 78/1636/1590 321/1637/1591
f 321/1637/1591 78/1636/1590 77/1638/1592
f 321/1637/1591 77/1638/1592 322/1639/1593
f 322/1639/1593 77/1638/1592 76/1640/1594
f 322/1639/1593 76/1640/1594 323/1641/1595
f 323/1641/1595 76/1640/1594 75/1642/1596
f 323/1641/1595 75/1642/1596 324/1593/1549
f 324/1593/1549 75/1642/1596 74/1594/1550
f 883/1643/1597 884/1644/1598 276/1645/1599
f 276/1645/1599 884/1644/1598 887/1646/1600
f 276/1645/1599 887/1646/1600 888/1647/1601
f 885/1648/1602 886/1649/1603 884/1644/1598
f 884/1644/1598 886/1649/1603 887/1646/1600
f 888/1647/1601 889/1650/1604 276/1645/1599
f 276/1645/1599 889/1650/1604 261/1651/1605
f 883/1652/1597 276/1653/1599 895/1654/1606
f 895/1654/1606 276/1653/1599 275/1655/1607
f 895/1654/1606 275/1655/1607 894/1656/1608
f 894/1656/1608 275/1655/1607 274/1657/1609
f 894/1656/1608 274/1657/1609 893/1658/1610
f 893/1658/1610 274/1657/1609 273/1659/1611
f 893/1658/1610 273/1659/1611 892/1660/1612
f 892/1660/1612 273/1659/1611 272/1661/1613
f 892/1660/1612 272/1661/1613 891/1662/1614
f 891/1662/1614 272/1661/1613 271/1663/1615
f 891/1662/1614 271/1663/1615 890/1664/1616
f 890/1664/1616 271/1663/1615 270/1665/1617
f 269/1666/1618 896/1667/1619 270/1668/1617
f 270/1668/1617 896/1667/1619 890/1669/1616
f 896/1670/1619 269/1671/1618 902/1672/1620
f 902/1672/1620 269/1671/1618 268/1673/1621
f 902/1672/1620 268/1673/1621 901/1674/1622
f 901/1674/1622 268/1673/1621 267/1675/1623
f 901/1674/1622 267/1675/1623 900/1676/1624
f 900/1676/1624 267/1675/1623 266/1677/1625
f 900/1676/1624 266/1677/1625 899/1678/1626
f 899/1678/1626 266/1677/1625 265/1679/1627
f 899/1678/1626 265/1679/1627 898/1680/1628
f 898/1680/1628 265/1679/1627 264/1681/1629
f 898/1680/1628 264/1681/1629 897/1682/1630
f 897/1682/1630 264/1681/1629 263/1683/1631
f 262/1684/1632 903/1685/1633 263/1686/1631
f 263/1686/1631 903/1685/1633 904/1687/1634
f 263/1686/1631 904/1687/1634 905/1688/1635
f 263/1686/1631 905/1688/1635 908/1689/1636
f 908/1689/1636 905/1688/1635 906/1690/1637
f 908/1689/1636 906/1690/1637 907/1691/1638
f 908/1689/1636 897/1692/1630 263/1686/1631
f 689/1693/1639 895/1694/1640 690/1695/1641
f 690/1695/1641 895/1694/1640 894/1696/1642
f 690/1695/1641 894/1696/1642 893/1697/1643
f 884/1698/1644 883/1699/1645 689/1693/1639
f 689/1693/1639 883/1699/1645 895/1694/1640
f 893/1697/1643 892/1700/1646 690/1695/1641
f 690/1695/1641 892/1700/1646 891/1701/1647
f 690/1695/1641 891/1701/1647 890/1702/1648
f 690/1695/1641 890/1702/1648 138/1703/1649
f 138/1703/1649 890/1702/1648 896/1704/1650
f 138/1703/1649 896/1704/1650 139/1705/1651
f 139/1705/1651 896/1704/1650 687/1706/1652
f 687/1706/1652 896/1704/1650 902/1707/1653
f 687/1706/1652 902/1707/1653 901/1708/1654
f 901/1708/1654 900/1709/1655 687/1706/1652
f 687/1706/1652 900/1709/1655 899/1710/1656
f 687/1706/1652 899/1710/1656 898/1711/1657
f 687/1706/1652 898/1711/1657 688/1712/1658
f 688/1712/1658 898/1711/1657 897/1713/1659
f 688/1712/1658 897/1713/1659 908/1714/1660
f 551/1715/1661 909/1716/1662 552/1717/1663
f 562/1718/1664 561/1719/1665 910/1720/1666
f 910/1721/1666 911/1722/1667 562/1723/1664
f 562/1723/1664 911/1722/1667 563/1724/1668
f 563/1724/1668 911/1722/1667 912/1725/1669
f 563/1724/1668 912/1725/1669 564/1726/1670
f 564/1726/1670 912/1725/1669 913/1727/1671
f 564/1726/1670 913/1727/1671 565/1728/1672
f 565/1728/1672 913/1727/1671 914/1729/1673
f 565/1728/1672 914/1729/1673 566/1730/1674
f 566/1730/1674 914/1729/1673 915/1731/1675
f 566/1730/1674 915/1731/1675 567/1732/1676
f 567/1732/1676 915/1731/1675 666/1733/684
f 567/1732/1676 666/1733/684 568/1734/683
f 55/1735/690 675/1736/688 56/1737/1677
f 56/1737/1677 675/1736/688 921/1738/1678
f 56/1737/1677 921/1738/1678 57/1739/1679
f 57/1739/1679 921/1738/1678 922/1740/1680
f 57/1739/1679 922/1740/1680 58/1741/1681
f 58/1741/1681 922/1740/1680 925/1742/1682
f 58/1741/1681 925/1742/1682 929/1743/1683
f 929/1743/1683 925/1742/1682 928/1744/1684
f 929/1743/1683 928/1744/1684 933/1745/1685
f 933/1745/1685 928/1744/1684 932/1746/1686
f 933/1745/1685 932/1746/1686 938/1747/1687
f 938/1747/1687 932/1746/1686 937/1748/1688
f 938/1747/1687 937/1748/1688 943/1749/1689
f 943/1749/1689 937/1748/1688 942/1750/1690
f 943/1749/1689 942/1750/1690 948/1751/1691
f 948/1751/1691 942/1750/1690 947/1752/1692
f 948/1751/1691 947/1752/1692 953/1753/1693
f 953/1753/1693 947/1752/1692 952/1754/1694
f 953/1753/1693 952/1754/1694 958/1755/1695
f 958/1755/1695 952/1754/1694 957/1756/1696
f 958/1755/1695 957/1756/1696 912/1757/1669
f 912/1757/1669 957/1756/1696 913/1758/1671
f 913/1758/1671 957/1756/1696 956/1759/1697
f 913/1758/1671 956/1759/1697 914/1760/1673
f 914/1760/1673 956/1759/1697 955/1761/1698
f 914/1760/1673 955/1761/1698 915/1762/1675
f 915/1762/1675 955/1761/1698 667/1763/680
f 915/1762/1675 667/1763/680 666/1764/684
f 921/1738/1678 675/1736/688 923/1765/1699
f 923/1765/1699 675/1736/688 674/1766/686
f 923/1765/1699 674/1766/686 926/1767/1700
f 926/1767/1700 674/1766/686 673/1768/672
f 926/1767/1700 673/1768/672 930/1769/1701
f 930/1769/1701 673/1768/672 672/1770/678
f 930/1769/1701 672/1770/678 935/1771/1702
f 935/1771/1702 672/1770/678 671/1772/677
f 935/1771/1702 671/1772/677 940/1773/1703
f 940/1773/1703 671/1772/677 670/1774/685
f 940/1773/1703 670/1774/685 945/1775/1704
f 945/1775/1704 670/1774/685 669/1776/682
f 945/1775/1704 669/1776/682 950/1777/1705
f 950/1777/1705 669/1776/682 668/1778/681
f 950/1777/1705 668/1778/681 955/1761/1698
f 955/1761/1698 668/1778/681 667/1763/680
f 912/1757/1669 911/1779/1667 958/1755/1695
f 958/1755/1695 911/1779/1667 959/1780/1706
f 958/1755/1695 959/1780/1706 953/1753/1693
f 953/1753/1693 959/1780/1706 954/1781/1707
f 953/1753/1693 954/1781/1707 948/1751/1691
f 948/1751/1691 954/1781/1707 949/1782/1708
f 948/1751/1691 949/1782/1708 943/1749/1689
f 943/1749/1689 949/1782/1708 944/1783/1709
f 943/1749/1689 944/1783/1709 938/1747/1687
f 938/1747/1687 944/1783/1709 939/1784/1710
f 938/1747/1687 939/1784/1710 933/1745/1685
f 933/1745/1685 939/1784/1710 934/1785/1711
f 933/1745/1685 934/1785/1711 929/1743/1683
f 929/1743/1683 934/1785/1711 59/1786/38
f 929/1743/1683 59/1786/38 58/1741/1681
f 911/1779/1667 910/1787/1666 959/1780/1706
f 959/1780/1706 910/1787/1666 916/1788/1712
f 959/1780/1706 916/1788/1712 954/1781/1707
f 954/1781/1707 916/1788/1712 917/1789/1713
f 954/1781/1707 917/1789/1713 949/1782/1708
f 949/1782/1708 917/1789/1713 918/1790/1714
f 949/1782/1708 918/1790/1714 944/1783/1709
f 944/1783/1709 918/1790/1714 919/1791/1715
f 944/1783/1709 919/1791/1715 939/1784/1710
f 939/1784/1710 919/1791/1715 920/1792/1716
f 939/1784/1710 920/1792/1716 934/1785/1711
f 934/1785/1711 920/1792/1716 59/1786/38
f 922/1740/1680 921/1738/1678 924/1793/1717
f 924/1793/1717 921/1738/1678 923/1765/1699
f 924/1793/1717 923/1765/1699 927/1794/1718
f 927/1794/1718 923/1765/1699 926/1767/1700
f 927/1794/1718 926/1767/1700 931/1795/1719
f 931/1795/1719 926/1767/1700 930/1769/1701
f 931/1795/1719 930/1769/1701 936/1796/1720
f 936/1796/1720 930/1769/1701 935/1771/1702
f 936/1796/1720 935/1771/1702 941/1797/1721
f 941/1797/1721 935/1771/1702 940/1773/1703
f 941/1797/1721 940/1773/1703 946/1798/1722
f 946/1798/1722 940/1773/1703 945/1775/1704
f 946/1798/1722 945/1775/1704 951/1799/1723
f 951/1799/1723 945/1775/1704 950/1777/1705
f 951/1799/1723 950/1777/1705 956/1759/1697
f 956/1759/1697 950/1777/1705 955/1761/1698
f 928/1744/1684 925/1742/1682 924/1793/1717
f 924/1793/1717 925/1742/1682 922/1740/1680
f 928/1744/1684 924/1793/1717 927/1794/1718
f 932/1746/1686 928/1744/1684 927/1794/1718
f 932/1746/1686 927/1794/1718 931/1795/1719
f 937/1748/1688 932/1746/1686 931/1795/1719
f 937/1748/1688 931/1795/1719 936/1796/1720
f 942/1750/1690 937/1748/1688 936/1796/1720
f 942/1750/1690 936/1796/1720 941/1797/1721
f 947/1752/1692 942/1750/1690 941/1797/1721
f 947/1752/1692 941/1797/1721 946/1798/1722
f 952/1754/1694 947/1752/1692 946/1798/1722
f 952/1754/1694 946/1798/1722 951/1799/1723
f 957/1756/1696 952/1754/1694 951/1799/1723
f 957/1756/1696 951/1799/1723 956/1759/1697
f 558/1800/1724 557/1801/1725 919/1802/1715
f 919/1802/1715 557/1801/1725 960/1803/1726
f 919/1802/1715 960/1803/1726 920/1804/1716
f 920/1804/1716 960/1803/1726 961/1805/1727
f 920/1804/1716 961/1805/1727 59/1806/38
f 59/1806/38 961/1805/1727 60/1807/35
f 919/1802/1715 918/1808/1714 558/1800/1724
f 558/1800/1724 918/1808/1714 559/1809/1728
f 559/1809/1728 918/1808/1714 917/1810/1713
f 559/1809/1728 917/1810/1713 560/1811/1729
f 560/1811/1729 917/1810/1713 916/1812/1712
f 560/1811/1729 916/1812/1712 561/1813/1665
f 561/1813/1665 916/1812/1712 910/1814/1666
f 133/1815/137 132/1816/126 557/1817/1725
f 557/1817/1725 132/1816/126 960/1818/1726
f 960/1818/1726 132/1816/126 131/1819/125
f 960/1818/1726 131/1819/125 961/1820/1727
f 961/1820/1727 131/1819/125 60/1821/35
f 909/1822/1662 551/1823/1661 966/1824/1730
f 966/1824/1730 551/1823/1661 550/1825/1731
f 966/1824/1730 550/1825/1731 965/1826/1732
f 965/1826/1732 550/1825/1731 549/1827/1733
f 965/1826/1732 549/1827/1733 964/1828/1734
f 964/1828/1734 549/1827/1733 548/1829/1735
f 964/1828/1734 548/1829/1735 963/1830/1736
f 963/1830/1736 548/1829/1735 547/1831/1737
f 963/1830/1736 547/1831/1737 962/1832/1738
f 962/1832/1738 547/1831/1737 546/1833/1739
f 962/1832/1738 546/1833/1739 685/1834/699
f 685/1834/699 546/1833/1739 545/1835/700
f 962/1836/1738 685/1837/699 972/1838/1740
f 972/1838/1740 685/1837/699 684/1839/697
f 972/1838/1740 684/1839/697 977/1840/1741
f 977/1840/1741 684/1839/697 683/1841/696
f 977/1840/1741 683/1841/696 982/1842/1742
f 982/1842/1742 683/1841/696 682/1843/695
f 982/1842/1742 682/1843/695 987/1844/1743
f 987/1844/1743 682/1843/695 681/1845/694
f 987/1844/1743 681/1845/694 992/1846/1744
f 992/1846/1744 681/1845/694 680/1847/692
f 992/1846/1744 680/1847/692 997/1848/1745
f 997/1848/1745 680/1847/692 679/1849/675
f 997/1848/1745 679/1849/675 1002/1850/1746
f 1002/1850/1746 679/1849/675 678/1851/674
f 1002/1850/1746 678/1851/674 1006/1852/1747
f 1006/1852/1747 678/1851/674 677/1853/687
f 1006/1852/1747 677/1853/687 1009/1854/1748
f 1009/1854/1748 677/1853/687 676/1855/689
f 1009/1854/1748 676/1855/689 53/1856/1749
f 53/1856/1749 676/1855/689 54/1857/691
f 53/1856/1749 52/1858/1750 1009/1854/1748
f 1009/1854/1748 52/1858/1750 1010/1859/1751
f 1009/1854/1748 1010/1859/1751 1006/1852/1747
f 1006/1852/1747 1010/1859/1751 1007/1860/1752
f 1006/1852/1747 1007/1860/1752 1002/1850/1746
f 1002/1850/1746 1007/1860/1752 1003/1861/1753
f 1002/1850/1746 1003/1861/1753 997/1848/1745
f 997/1848/1745 1003/1861/1753 998/1862/1754
f 997/1848/1745 998/1862/1754 992/1846/1744
f 992/1846/1744 998/1862/1754 993/1863/1755
f 992/1846/1744 993/1863/1755 987/1844/1743
f 987/1844/1743 993/1863/1755 988/1864/1756
f 987/1844/1743 988/1864/1756 982/1842/1742
f 982/1842/1742 988/1864/1756 983/1865/1757
f 982/1842/1742 983/1865/1757 977/1840/1741
f 977/1840/1741 983/1865/1757 978/1866/1758
f 977/1840/1741 978/1866/1758 972/1838/1740
f 972/1838/1740 978/1866/1758 973/1867/1759
f 972/1838/1740 973/1867/1759 962/1836/1738
f 962/1836/1738 973/1867/1759 963/1868/1736
f 963/1868/1736 973/1867/1759 974/1869/1760
f 963/1868/1736 974/1869/1760 964/1870/1734
f 964/1870/1734 974/1869/1760 975/1871/1761
f 964/1870/1734 975/1871/1761 965/1872/1732
f 965/1872/1732 975/1871/1761 976/1873/1762
f 965/1872/1732 976/1873/1762 966/1874/1730
f 966/1874/1730 976/1873/1762 971/1875/1763
f 966/1874/1730 971/1875/1763 909/1876/1662
f 52/1858/1750 51/1877/1764 1010/1859/1751
f 1010/1859/1751 51/1877/1764 1007/1860/1752
f 50/1878/56 1005/1879/1765 51/1877/1764
f 51/1877/1764 1005/1879/1765 1008/1880/1766
f 51/1877/1764 1008/1880/1766 1007/1860/1752
f 1007/1860/1752 1008/1880/1766 1003/1861/1753
f 967/1881/1767 996/1882/1768 50/1878/56
f 50/1878/56 996/1882/1768 1001/1883/1769
f 50/1878/56 1001/1883/1769 1005/1879/1765
f 1005/1879/1765 1001/1883/1769 1000/1884/1770
f 1005/1879/1765 1000/1884/1770 999/1885/1771
f 999/1885/1771 1000/1884/1770 994/1886/1772
f 999/1885/1771 994/1886/1772 993/1863/1755
f 993/1863/1755 994/1886/1772 988/1864/1756
f 996/1882/1768 967/1881/1767 991/1887/1773
f 991/1887/1773 967/1881/1767 968/1888/1774
f 991/1887/1773 968/1888/1774 986/1889/1775
f 986/1889/1775 968/1888/1774 969/1890/1776
f 986/1889/1775 969/1890/1776 981/1891/1777
f 981/1891/1777 969/1890/1776 970/1892/1778
f 981/1891/1777 970/1892/1778 976/1873/1762
f 976/1873/1762 970/1892/1778 971/1875/1763
f 974/1869/1760 973/1867/1759 979/1893/1779
f 979/1893/1779 973/1867/1759 978/1866/1758
f 979/1893/1779 978/1866/1758 984/1894/1780
f 984/1894/1780 978/1866/1758 983/1865/1757
f 984/1894/1780 983/1865/1757 989/1895/1781
f 989/1895/1781 983/1865/1757 988/1864/1756
f 989/1895/1781 988/1864/1756 994/1886/1772
f 981/1891/1777 976/1873/1762 975/1871/1761
f 975/1871/1761 974/1869/1760 980/1896/1782
f 980/1896/1782 974/1869/1760 979/1893/1779
f 980/1896/1782 979/1893/1779 985/1897/1783
f 985/1897/1783 979/1893/1779 984/1894/1780
f 985/1897/1783 984/1894/1780 990/1898/1784
f 990/1898/1784 984/1894/1780 989/1895/1781
f 990/1898/1784 989/1895/1781 995/1899/1785
f 995/1899/1785 989/1895/1781 994/1886/1772
f 995/1899/1785 994/1886/1772 1000/1884/1770
f 986/1889/1775 981/1891/1777 980/1896/1782
f 980/1896/1782 981/1891/1777 975/1871/1761
f 986/1889/1775 980/1896/1782 985/1897/1783
f 991/1887/1773 986/1889/1775 985/1897/1783
f 991/1887/1773 985/1897/1783 990/1898/1784
f 996/1882/1768 991/1887/1773 990/1898/1784
f 996/1882/1768 990/1898/1784 995/1899/1785
f 999/1885/1771 993/1863/1755 998/1862/1754
f 1001/1883/1769 996/1882/1768 995/1899/1785
f 1001/1883/1769 995/1899/1785 1000/1884/1770
f 999/1885/1771 998/1862/1754 1004/1900/1786
f 1004/1900/1786 998/1862/1754 1003/1861/1753
f 1004/1900/1786 1003/1861/1753 1008/1880/1766
f 1008/1880/1766 1005/1879/1765 1004/1900/1786
f 1004/1900/1786 1005/1879/1765 999/1885/1771
f 909/1901/1662 971/1902/1763 552/1903/1663
f 552/1903/1663 971/1902/1763 553/1904/1787
f 553/1904/1787 971/1902/1763 970/1905/1778
f 553/1904/1787 970/1905/1778 554/1906/1788
f 554/1906/1788 970/1905/1778 969/1907/1776
f 554/1906/1788 969/1907/1776 555/1908/1789
f 555/1908/1789 969/1907/1776 968/1909/1774
f 555/1908/1789 968/1909/1774 556/1910/1790
f 556/1910/1790 968/1909/1774 1012/1911/1791
f 1012/1911/1791 968/1909/1774 967/1912/1767
f 1012/1911/1791 967/1912/1767 1011/1913/1792
f 1011/1913/1792 967/1912/1767 50/1914/56
f 1011/1913/1792 50/1914/56 49/1915/69
f 556/1916/1790 1012/1917/1791 134/1918/127
f 134/1918/127 1012/1917/1791 135/1919/123
f 135/1919/123 1012/1917/1791 1011/1920/1792
f 135/1919/123 1011/1920/1792 136/1921/112
f 136/1921/112 1011/1920/1792 49/1922/69
f 689/1923/707 523/1924/709 1020/1925/1793
f 1020/1925/1793 523/1924/709 522/1926/1794
f 1020/1925/1793 522/1926/1794 1019/1927/1795
f 1019/1927/1795 522/1926/1794 1018/1928/1796
f 1018/1928/1796 522/1926/1794 521/1929/1797
f 1018/1928/1796 521/1929/1797 1017/1930/1798
f 1017/1930/1798 521/1929/1797 520/1931/1799
f 1017/1930/1798 520/1931/1799 1016/1932/1800
f 1016/1932/1800 520/1931/1799 1015/1933/1801
f 1015/1933/1801 520/1931/1799 519/1934/1802
f 1015/1933/1801 519/1934/1802 1014/1935/1803
f 1014/1935/1803 519/1934/1802 518/1936/1804
f 1014/1935/1803 518/1936/1804 1013/1937/1805
f 1013/1937/1805 518/1936/1804 517/1938/679
f 1013/1937/1805 517/1938/679 665/1939/676
f 665/1940/676 261/1941/671 1013/1942/1806
f 1013/1942/1806 261/1941/671 889/1943/1807
f 1013/1942/1806 889/1943/1807 1014/1944/1808
f 1014/1944/1808 889/1943/1807 888/1945/1809
f 1014/1944/1808 888/1945/1809 1015/1946/1810
f 1015/1946/1810 888/1945/1809 887/1947/1811
f 1015/1946/1810 887/1947/1811 1016/1948/1812
f 1016/1948/1812 887/1947/1811 1017/1949/1813
f 1017/1949/1813 887/1947/1811 886/1950/1814
f 1017/1949/1813 886/1950/1814 1018/1951/1815
f 1018/1951/1815 886/1950/1814 885/1952/1816
f 1018/1951/1815 885/1952/1816 1019/1953/1817
f 1019/1953/1817 885/1952/1816 1020/1954/1818
f 1020/1954/1818 885/1952/1816 884/1955/1644
f 1020/1954/1818 884/1955/1644 689/1956/1639
f 686/1957/693 544/1958/698 1028/1959/1819
f 1028/1959/1819 544/1958/698 543/1960/1820
f 1028/1959/1819 543/1960/1820 1027/1961/1821
f 1027/1961/1821 543/1960/1820 542/1962/1822
f 1027/1961/1821 542/1962/1822 1026/1963/1823
f 1026/1963/1823 542/1962/1822 541/1964/1824
f 1026/1963/1823 541/1964/1824 1025/1965/1825
f 1025/1965/1825 541/1964/1824 1024/1966/1826
f 1024/1966/1826 541/1964/1824 540/1967/1827
f 1024/1966/1826 540/1967/1827 1023/1968/1828
f 1023/1968/1828 540/1967/1827 539/1969/1829
f 1023/1968/1828 539/1969/1829 1022/1970/1830
f 1022/1970/1830 539/1969/1829 1021/1971/1831
f 1021/1971/1831 539/1969/1829 538/1972/705
f 1021/1971/1831 538/1972/705 688/1973/706
f 686/1974/693 1028/1975/1832 262/1976/673
f 262/1976/673 1028/1975/1832 903/1977/1833
f 903/1977/1833 1028/1975/1832 1027/1978/1834
f 903/1977/1833 1027/1978/1834 904/1979/1835
f 904/1979/1835 1027/1978/1834 1026/1980/1836
f 904/1979/1835 1026/1980/1836 905/1981/1837
f 905/1981/1837 1026/1980/1836 1025/1982/1838
f 905/1981/1837 1025/1982/1838 1024/1983/1839
f 905/1981/1837 1024/1983/1839 906/1984/1840
f 906/1984/1840 1024/1983/1839 1023/1985/1841
f 906/1984/1840 1023/1985/1841 907/1986/1842
f 907/1986/1842 1023/1985/1841 1022/1987/1843
f 907/1986/1842 1022/1987/1843 1021/1988/1844
f 688/1989/1658 908/1990/1660 1021/1988/1844
f 1021/1988/1844 908/1990/1660 907/1986/1842
f 144/1991/1845 143/1992/1846 139/1993/1847
f 139/1993/1847 143/1992/1846 4/1994/1848
f 139/1993/1847 4/1994/1848 3/1995/1849
f 143/1992/1846 259/1996/1850 4/1994/1848
f 4/1994/1848 259/1996/1850 258/1997/1851
f 687/1998/1852 145/1999/1853 139/2000/1854
f 139/2000/1854 145/1999/1853 144/2001/1855
f 257/2002/1856 256/2003/1857 1/2004/1858
f 1/2004/1858 256/2003/1857 142/2005/1859
f 1/2004/1858 142/2005/1859 138/2006/1860
f 138/2006/1860 142/2005/1859 141/2007/1861
f 138/2006/1860 2/2008/1862 1/2004/1858
f 140/2009/1863 690/2010/1864 141/2011/1865
f 141/2011/1865 690/2010/1864 138/2012/1866
f 19/2013/1867 41/2014/1868 20/2015/1869
f 20/2015/1869 41/2014/1868 40/2016/1870
f 119/2017/1871 6/2018/1872 120/2019/1873
f 120/2019/1873 6/2018/1872 5/2020/1874
f 26/2021/1875 34/2022/1876 27/2023/1877
f 27/2023/1877 34/2022/1876 33/2024/1878
f 27/2023/1877 33/2024/1878 130/2025/1879
f 130/2025/1879 129/2026/1880 27/2023/1877
f 27/2023/1877 129/2026/1880 128/2027/1881
f 109/2028/1882 48/2029/1883 12/2030/1884
f 12/2030/1884 48/2029/1883 47/2031/1885
f 12/2030/1884 47/2031/1885 13/2032/1886
f 111/2033/1887 110/2034/1888 12/2030/1884
f 12/2030/1884 110/2034/1888 109/2028/1882
f 13/2035/1886 47/2036/1885 1029/2037/1889
f 1029/2037/1889 47/2036/1885 46/2038/1890
f 1029/2037/1889 46/2038/1890 45/2039/1891
f 1029/2037/1889 45/2039/1891 1030/2040/1892
f 1030/2040/1892 45/2039/1891 44/2041/1893
f 1030/2040/1892 44/2041/1893 1031/2042/1894
f 1031/2042/1894 44/2041/1893 43/2043/1895
f 1031/2042/1894 43/2043/1895 1032/2044/1896
f 1032/2044/1896 43/2043/1895 42/2045/1897
f 1032/2044/1896 42/2045/1897 1033/2046/1898
f 1033/2046/1898 42/2045/1897 41/2047/1868
f 1033/2046/1898 41/2047/1868 19/2048/1867
f 19/2048/1867 18/2049/1899 1033/2046/1898
f 1033/2046/1898 18/2049/1899 17/2050/1900
f 1033/2046/1898 17/2050/1900 1032/2044/1896
f 1032/2044/1896 17/2050/1900 16/2051/1901
f 1032/2044/1896 16/2051/1901 1031/2042/1894
f 1031/2042/1894 16/2051/1901 15/2052/1902
f 1031/2042/1894 15/2052/1902 1030/2040/1892
f 1030/2040/1892 15/2052/1902 14/2053/1903
f 1030/2040/1892 14/2053/1903 1029/2037/1889
f 1029/2037/1889 14/2053/1903 13/2035/1886
f 6/2054/1872 119/2055/1871 1034/2056/1904
f 1034/2056/1904 119/2055/1871 118/2057/1905
f 1034/2056/1904 118/2057/1905 117/2058/1906
f 1034/2056/1904 117/2058/1906 1035/2059/1907
f 1035/2059/1907 117/2058/1906 116/2060/1908
f 1035/2059/1907 116/2060/1908 1036/2061/1909
f 1036/2061/1909 116/2060/1908 115/2062/1910
f 1036/2061/1909 115/2062/1910 114/2063/1911
f 1036/2061/1909 114/2063/1911 1037/2064/1912
f 1037/2064/1912 114/2063/1911 113/2065/1913
f 1037/2064/1912 113/2065/1913 1038/2066/1914
f 1038/2066/1914 113/2065/1913 112/2067/1915
f 1038/2066/1914 112/2067/1915 12/2068/1884
f 12/2068/1884 112/2067/1915 111/2069/1887
f 12/2068/1884 11/2070/1916 1038/2066/1914
f 1038/2066/1914 11/2070/1916 10/2071/1917
f 1038/2066/1914 10/2071/1917 1037/2064/1912
f 1037/2064/1912 10/2071/1917 9/2072/1918
f 1037/2064/1912 9/2072/1918 1036/2061/1909
f 1036/2061/1909 9/2072/1918 8/2073/1919
f 1036/2061/1909 8/2073/1919 1035/2059/1907
f 1035/2059/1907 8/2073/1919 7/2074/1920
f 1035/2059/1907 7/2074/1920 1034/2056/1904
f 1034/2056/1904 7/2074/1920 6/2054/1872
f 20/2075/1869 40/2076/1870 1039/2077/1921
f 1039/2077/1921 40/2076/1870 39/2078/1922
f 1039/2077/1921 39/2078/1922 1040/2079/1923
f 1040/2079/1923 39/2078/1922 38/2080/1924
f 1040/2079/1923 38/2080/1924 1041/2081/1925
f 1041/2081/1925 38/2080/1924 37/2082/1926
f 1041/2081/1925 37/2082/1926 1042/2083/1927
f 1042/2083/1927 37/2082/1926 36/2084/1928
f 1042/2083/1927 36/2084/1928 1043/2085/1929
f 1043/2085/1929 36/2084/1928 35/2086/1930
f 1043/2085/1929 35/2086/1930 34/2087/1876
f 34/2087/1876 26/2088/1875 1043/2085/1929
f 1043/2085/1929 26/2088/1875 25/2089/1931
f 1043/2085/1929 25/2089/1931 1042/2083/1927
f 1042/2083/1927 25/2089/1931 24/2090/1932
f 1042/2083/1927 24/2090/1932 1041/2081/1925
f 1041/2081/1925 24/2090/1932 23/2091/1933
f 1041/2081/1925 23/2091/1933 1040/2079/1923
f 1040/2079/1923 23/2091/1933 22/2092/1934
f 1040/2079/1923 22/2092/1934 1039/2077/1921
f 1039/2077/1921 22/2092/1934 21/2093/1935
f 1039/2077/1921 21/2093/1935 20/2075/1869
f 27/2094/1877 128/2095/1881 1044/2096/1936
f 1044/2096/1936 128/2095/1881 127/2097/1937
f 1044/2096/1936 127/2097/1937 126/2098/1938
f 1044/2096/1936 126/2098/1938 1045/2099/1939
f 1045/2099/1939 126/2098/1938 125/2100/1940
f 1045/2099/1939 125/2100/1940 1046/2101/1941
f 1046/2101/1941 125/2100/1940 124/2102/1942
f 1046/2101/1941 124/2102/1942 123/2103/1943
f 1046/2101/1941 123/2103/1943 1047/2104/1944
f 1047/2104/1944 123/2103/1943 122/2105/1945
f 1047/2104/1944 122/2105/1945 1048/2106/1946
f 1048/2106/1946 122/2105/1945 121/2107/1947
f 1048/2106/1946 121/2107/1947 5/2108/1874
f 5/2108/1874 121/2107/1947 120/2109/1873
f 5/2108/1874 32/2110/1948 1048/2106/1946
f 1048/2106/1946 32/2110/1948 1047/2104/1944
f 32/2110/1948 31/2111/1949 1047/2104/1944
f 1047/2104/1944 31/2111/1949 1046/2101/1941
f 31/2111/1949 30/2112/1950 1046/2101/1941
f 1046/2101/1941 30/2112/1950 1045/2099/1939
f 30/2112/1950 29/2113/1951 1045/2099/1939
f 1045/2099/1939 29/2113/1951 1044/2096/1936
f 29/2113/1951 28/2114/1952 1044/2096/1936
f 1044/2096/1936 28/2114/1952 27/2094/1877
# 1048 vertices
# 2114 texture params
# 1952 normals
# 2120 facets

# 1 groups
