# WaveFront *.obj file (generated by Autodesk ATF)

mtllib Middle_deck.mtl

g Body1

v -1.500000 0.350000 0.300000
v -0.800000 0.350000 0.300000
v -0.800000 1.050000 0.300000
v -1.500000 1.050000 0.300000
v -1.098072 0.551292 0.300000
v -1.354088 0.551292 0.300000
v -1.354088 0.617711 0.300000
v -1.084788 1.000074 0.300000
v -1.025615 1.000074 0.300000
v -1.025615 0.617711 0.300000
v -0.945912 0.617711 0.300000
v -0.945912 0.551292 0.300000
v -1.025615 0.551292 0.300000
v -1.025615 0.410000 0.300000
v -1.098072 0.410000 0.300000
v -1.850000 0.000000 0.300000
v -0.800000 -0.000000 0.300000
v -0.748236 0.006815 0.300000
v -0.700000 0.026795 0.300000
v -0.658579 0.058579 0.300000
v -0.626795 0.100000 0.300000
v -0.606815 0.148236 0.300000
v -0.600000 0.200000 0.300000
v -0.600000 1.280000 0.300000
v -0.593185 1.331764 0.300000
v -0.573205 1.380000 0.300000
v -0.541421 1.421421 0.300000
v -0.500000 1.453205 0.300000
v -0.451764 1.473185 0.300000
v -0.400000 1.480000 0.300000
v 0.400000 1.480000 0.300000
v 0.451764 1.473185 0.300000
v 0.500000 1.453205 0.300000
v 0.541421 1.421421 0.300000
v 0.573205 1.380000 0.300000
v 0.593185 1.331764 0.300000
v 0.600000 1.280000 0.300000
v 0.600000 0.200000 0.300000
v 0.606815 0.148236 0.300000
v 0.626795 0.100000 0.300000
v 0.658579 0.058579 0.300000
v 0.700000 0.026795 0.300000
v 0.748236 0.006815 0.300000
v 0.800000 -0.000000 0.300000
v 1.850000 0.000000 0.300000
v 1.850000 0.650000 0.300000
v 1.740000 0.650000 0.300000
v 1.740000 0.900000 0.300000
v 1.850000 0.900000 0.300000
v 1.850000 1.100000 0.300000
v 2.150000 1.100000 0.300000
v 2.150000 0.900000 0.300000
v 2.260000 0.900000 0.300000
v 2.260000 0.650000 0.300000
v 2.150000 0.650000 0.300000
v 2.150000 0.000000 0.300000
v 2.400000 -0.000000 0.300000
v 2.400000 -0.160000 0.300000
v 2.900000 -0.160000 0.300000
v 2.900000 0.000000 0.300000
v 4.375000 0.000000 0.300000
v 4.375000 10.250000 0.300000
v 4.371593 10.275882 0.300000
v 4.361603 10.300000 0.300000
v 4.345711 10.320711 0.300000
v 4.325000 10.336603 0.300000
v 4.300882 10.346593 0.300000
v 4.275000 10.350000 0.300000
v 3.875000 10.350000 0.300000
v 3.875000 10.900000 0.300000
v 3.375000 10.900000 0.300000
v 3.375000 10.790000 0.300000
v 3.125000 10.790000 0.300000
v 3.125000 10.900000 0.300000
v 2.925000 10.900000 0.300000
v 2.925000 11.200000 0.300000
v 3.125000 11.200000 0.300000
v 3.125000 11.310000 0.300000
v 3.375000 11.310000 0.300000
v 3.375000 11.200000 0.300000
v 3.875000 11.200000 0.300000
v 3.875000 11.750000 0.300000
v 4.275000 11.750000 0.300000
v 4.300882 11.753407 0.300000
v 4.325000 11.763397 0.300000
v 4.345711 11.779289 0.300000
v 4.361603 11.800000 0.300000
v 4.371593 11.824118 0.300000
v 4.375000 11.850000 0.300000
v 4.375000 13.350000 0.300000
v 4.316992 14.001321 0.300000
v 4.144792 14.632138 0.300000
v 3.863823 15.222596 0.300000
v 3.482929 15.754106 0.300000
v 3.014099 16.209937 0.300000
v 2.472092 16.575740 0.300000
v 1.873969 16.840000 0.300000
v 0.870000 16.840000 0.300000
v 0.870000 16.190000 0.300000
v 0.980000 16.190000 0.300000
v 0.980000 15.940000 0.300000
v 0.870000 15.940000 0.300000
v 0.870000 15.740000 0.300000
v 0.570000 15.740000 0.300000
v 0.570000 15.940000 0.300000
v 0.460000 15.940000 0.300000
v 0.460000 16.190000 0.300000
v 0.570000 16.190000 0.300000
v 0.570000 16.840000 0.300000
v 0.250000 16.840000 0.300000
v 0.250000 17.000000 0.300000
v -0.250000 17.000000 0.300000
v -0.250000 16.840000 0.300000
v -0.570000 16.840000 0.300000
v -0.570000 16.190000 0.300000
v -0.460000 16.190000 0.300000
v -0.460000 15.940000 0.300000
v -0.570000 15.940000 0.300000
v -0.570000 15.740000 0.300000
v -0.870000 15.740000 0.300000
v -0.870000 15.940000 0.300000
v -0.980000 15.940000 0.300000
v -0.980000 16.190000 0.300000
v -0.870000 16.190000 0.300000
v -0.870000 16.840000 0.300000
v -1.873969 16.840000 0.300000
v -2.472092 16.575740 0.300000
v -3.014099 16.209937 0.300000
v -3.482929 15.754106 0.300000
v -3.863823 15.222596 0.300000
v -4.144792 14.632138 0.300000
v -4.316992 14.001321 0.300000
v -4.375000 13.350000 0.300000
v -4.375000 12.350000 0.300000
v -4.371593 12.324118 0.300000
v -4.361603 12.300000 0.300000
v -4.345711 12.279289 0.300000
v -4.325000 12.263397 0.300000
v -4.300882 12.253407 0.300000
v -4.275000 12.250000 0.300000
v -3.875000 12.250000 0.300000
v -3.875000 11.200000 0.300000
v -3.375000 11.200000 0.300000
v -3.375000 11.310000 0.300000
v -3.125000 11.310000 0.300000
v -3.125000 11.200000 0.300000
v -2.925000 11.200000 0.300000
v -2.925000 10.900000 0.300000
v -3.125000 10.900000 0.300000
v -3.125000 10.790000 0.300000
v -3.375000 10.790000 0.300000
v -3.375000 10.900000 0.300000
v -3.875000 10.900000 0.300000
v -3.875000 9.850000 0.300000
v -4.275000 9.850000 0.300000
v -4.300882 9.846593 0.300000
v -4.325000 9.836603 0.300000
v -4.345711 9.820711 0.300000
v -4.361603 9.800000 0.300000
v -4.371593 9.775882 0.300000
v -4.375000 9.750000 0.300000
v -4.375000 -0.000000 0.300000
v -2.900000 -0.000000 0.300000
v -2.900000 -0.160000 0.300000
v -2.400000 -0.160000 0.300000
v -2.400000 -0.000000 0.300000
v -2.150000 0.000000 0.300000
v -2.150000 0.650000 0.300000
v -2.260000 0.650000 0.300000
v -2.260000 0.900000 0.300000
v -2.150000 0.900000 0.300000
v -2.150000 1.100000 0.300000
v -1.850000 1.100000 0.300000
v -1.850000 0.900000 0.300000
v -1.740000 0.900000 0.300000
v -1.740000 0.650000 0.300000
v -1.850000 0.650000 0.300000
v -1.550000 0.300000 0.300000
v -1.550000 1.100000 0.300000
v -0.750000 1.100000 0.300000
v -0.750000 0.300000 0.300000
v 1.100000 11.600000 0.300000
v 1.100000 11.900000 0.300000
v 2.100000 11.900000 0.300000
v 2.100000 11.600000 0.300000
v 3.115000 9.850000 0.300000
v 3.115000 10.450000 0.300000
v 3.415000 10.450000 0.300000
v 3.415000 9.850000 0.300000
v -3.415000 9.850000 0.300000
v -3.415000 10.450000 0.300000
v -3.115000 10.450000 0.300000
v -3.115000 9.850000 0.300000
v -3.415000 3.600000 0.300000
v -3.415000 4.600000 0.300000
v -3.115000 4.600000 0.300000
v -3.115000 3.600000 0.300000
v 3.415000 7.050000 0.300000
v 3.115000 7.050000 0.300000
v 3.115000 8.050000 0.300000
v 3.415000 8.050000 0.300000
v -2.450000 5.350000 0.300000
v -2.445741 5.382352 0.300000
v -2.433253 5.412500 0.300000
v -2.413388 5.438388 0.300000
v -2.387500 5.458253 0.300000
v -2.357352 5.470741 0.300000
v -2.325000 5.475000 0.300000
v -2.292648 5.470741 0.300000
v -2.262500 5.458253 0.300000
v -2.236612 5.438388 0.300000
v -2.216747 5.412500 0.300000
v -2.204259 5.382352 0.300000
v -2.200000 5.350000 0.300000
v -2.204259 5.317648 0.300000
v -2.216747 5.287500 0.300000
v -2.236612 5.261612 0.300000
v -2.262500 5.241747 0.300000
v -2.292648 5.229259 0.300000
v -2.325000 5.225000 0.300000
v -2.357352 5.229259 0.300000
v -2.387500 5.241747 0.300000
v -2.413388 5.261612 0.300000
v -2.433253 5.287500 0.300000
v -2.445741 5.317648 0.300000
v 3.350000 5.350000 0.300000
v 3.354259 5.382352 0.300000
v 3.366747 5.412500 0.300000
v 3.386612 5.438388 0.300000
v 3.412500 5.458253 0.300000
v 3.442648 5.470741 0.300000
v 3.475000 5.475000 0.300000
v 3.507352 5.470741 0.300000
v 3.537500 5.458253 0.300000
v 3.563388 5.438388 0.300000
v 3.583253 5.412500 0.300000
v 3.595741 5.382352 0.300000
v 3.600000 5.350000 0.300000
v 3.595741 5.317648 0.300000
v 3.583253 5.287500 0.300000
v 3.563388 5.261612 0.300000
v 3.537500 5.241747 0.300000
v 3.507352 5.229259 0.300000
v 3.475000 5.225000 0.300000
v 3.442648 5.229259 0.300000
v 3.412500 5.241747 0.300000
v 3.386612 5.261612 0.300000
v 3.366747 5.287500 0.300000
v 3.354259 5.317648 0.300000
v 3.350000 13.950000 0.300000
v 3.354259 13.982352 0.300000
v 3.366747 14.012500 0.300000
v 3.386612 14.038388 0.300000
v 3.412500 14.058253 0.300000
v 3.442648 14.070741 0.300000
v 3.475000 14.075000 0.300000
v 3.507352 14.070741 0.300000
v 3.537500 14.058253 0.300000
v 3.563388 14.038388 0.300000
v 3.583253 14.012500 0.300000
v 3.595741 13.982352 0.300000
v 3.600000 13.950000 0.300000
v 3.595741 13.917648 0.300000
v 3.583253 13.887500 0.300000
v 3.563388 13.861612 0.300000
v 3.537500 13.841747 0.300000
v 3.507352 13.829259 0.300000
v 3.475000 13.825000 0.300000
v 3.442648 13.829259 0.300000
v 3.412500 13.841747 0.300000
v 3.386612 13.861612 0.300000
v 3.366747 13.887500 0.300000
v 3.354259 13.917648 0.300000
v -2.450000 13.950000 0.300000
v -2.445741 13.982352 0.300000
v -2.433253 14.012500 0.300000
v -2.413388 14.038388 0.300000
v -2.387500 14.058253 0.300000
v -2.357352 14.070741 0.300000
v -2.325000 14.075000 0.300000
v -2.292648 14.070741 0.300000
v -2.262500 14.058253 0.300000
v -2.236612 14.038388 0.300000
v -2.216747 14.012500 0.300000
v -2.204259 13.982352 0.300000
v -2.200000 13.950000 0.300000
v -2.204259 13.917648 0.300000
v -2.216747 13.887500 0.300000
v -2.236612 13.861612 0.300000
v -2.262500 13.841747 0.300000
v -2.292648 13.829259 0.300000
v -2.325000 13.825000 0.300000
v -2.357352 13.829259 0.300000
v -2.387500 13.841747 0.300000
v -2.413388 13.861612 0.300000
v -2.433253 13.887500 0.300000
v -2.445741 13.917648 0.300000
v -3.415000 7.050000 0.300000
v -3.415000 8.050000 0.300000
v -3.115000 8.050000 0.300000
v -3.115000 7.050000 0.300000
v -2.100000 11.600000 0.300000
v -2.100000 11.900000 0.300000
v -1.100000 11.900000 0.300000
v -1.100000 11.600000 0.300000
v 3.115000 3.600000 0.300000
v 3.115000 4.600000 0.300000
v 3.415000 4.600000 0.300000
v 3.415000 3.600000 0.300000
v 0.650000 15.100000 0.300000
v 0.650000 14.600000 0.300000
v 0.643185 14.548236 0.300000
v 0.623205 14.500000 0.300000
v 0.591421 14.458579 0.300000
v 0.550000 14.426795 0.300000
v 0.501764 14.406815 0.300000
v 0.450000 14.400000 0.300000
v -0.450000 14.400000 0.300000
v -0.501764 14.406815 0.300000
v -0.550000 14.426795 0.300000
v -0.591421 14.458579 0.300000
v -0.623205 14.500000 0.300000
v -0.643185 14.548236 0.300000
v -0.650000 14.600000 0.300000
v -0.650000 15.100000 0.300000
v -0.643185 15.151764 0.300000
v -0.623205 15.200000 0.300000
v -0.591421 15.241421 0.300000
v -0.550000 15.273205 0.300000
v -0.501764 15.293185 0.300000
v -0.450000 15.300000 0.300000
v 0.450000 15.300000 0.300000
v 0.501764 15.293185 0.300000
v 0.550000 15.273205 0.300000
v 0.591421 15.241421 0.300000
v 0.623205 15.200000 0.300000
v 0.643185 15.151764 0.300000
v -2.550000 0.450000 0.300000
v -3.350000 0.450000 0.300000
v -3.362941 0.451704 0.300000
v -3.375000 0.456699 0.300000
v -3.385355 0.464645 0.300000
v -3.393301 0.475000 0.300000
v -3.398296 0.487059 0.300000
v -3.400000 0.500000 0.300000
v -3.400000 1.500000 0.300000
v -3.398296 1.512941 0.300000
v -3.393301 1.525000 0.300000
v -3.385355 1.535355 0.300000
v -3.375000 1.543301 0.300000
v -3.362941 1.548296 0.300000
v -3.350000 1.550000 0.300000
v -2.550000 1.550000 0.300000
v -2.537059 1.548296 0.300000
v -2.525000 1.543301 0.300000
v -2.514645 1.535355 0.300000
v -2.506699 1.525000 0.300000
v -2.501704 1.512941 0.300000
v -2.500000 1.500000 0.300000
v -2.500000 0.500000 0.300000
v -2.501704 0.487059 0.300000
v -2.506699 0.475000 0.300000
v -2.514645 0.464645 0.300000
v -2.525000 0.456699 0.300000
v -2.537059 0.451704 0.300000
v 2.550000 1.550000 0.300000
v 3.350000 1.550000 0.300000
v 3.362941 1.548296 0.300000
v 3.375000 1.543301 0.300000
v 3.385355 1.535355 0.300000
v 3.393301 1.525000 0.300000
v 3.398296 1.512941 0.300000
v 3.400000 1.500000 0.300000
v 3.400000 0.500000 0.300000
v 3.398296 0.487059 0.300000
v 3.393301 0.475000 0.300000
v 3.385355 0.464645 0.300000
v 3.375000 0.456699 0.300000
v 3.362941 0.451704 0.300000
v 3.350000 0.450000 0.300000
v 2.550000 0.450000 0.300000
v 2.537059 0.451704 0.300000
v 2.525000 0.456699 0.300000
v 2.514645 0.464645 0.300000
v 2.506699 0.475000 0.300000
v 2.501704 0.487059 0.300000
v 2.500000 0.500000 0.300000
v 2.500000 1.500000 0.300000
v 2.501704 1.512941 0.300000
v 2.506699 1.525000 0.300000
v 2.514645 1.535355 0.300000
v 2.525000 1.543301 0.300000
v 2.537059 1.548296 0.300000
v -1.850000 0.000000 0.000000
v -0.800000 -0.000000 0.000000
v -0.600000 1.280000 0.000000
v -0.600000 0.200000 0.000000
v -0.606815 0.148236 0.000000
v -0.626795 0.100000 0.000000
v -0.658579 0.058579 0.000000
v -0.700000 0.026795 0.000000
v -0.748236 0.006815 0.000000
v -1.850000 0.650000 0.000000
v -1.740000 0.650000 0.000000
v -1.740000 0.900000 0.000000
v -1.850000 0.900000 0.000000
v -1.850000 1.100000 0.000000
v -2.150000 1.100000 0.000000
v -2.150000 0.900000 0.000000
v -2.260000 0.900000 0.000000
v -2.260000 0.650000 0.000000
v -2.150000 0.650000 0.000000
v -2.150000 0.000000 0.000000
v -2.400000 -0.000000 0.000000
v -2.400000 -0.160000 0.000000
v -2.900000 -0.160000 0.000000
v -2.900000 0.000000 0.000000
v -4.375000 -0.000000 0.000000
v -4.375000 9.750000 0.000000
v -4.371593 9.775882 0.000000
v -4.361603 9.800000 0.000000
v -4.345711 9.820711 0.000000
v -4.325000 9.836603 0.000000
v -4.300882 9.846593 0.000000
v -4.275000 9.850000 0.000000
v -3.875000 9.850000 0.000000
v -3.875000 10.900000 0.000000
v -3.375000 10.900000 0.000000
v -3.375000 10.790000 0.000000
v -3.125000 10.790000 0.000000
v -3.125000 10.900000 0.000000
v -2.925000 10.900000 0.000000
v -2.925000 11.200000 0.000000
v -3.125000 11.200000 0.000000
v -3.125000 11.310000 0.000000
v -3.375000 11.310000 0.000000
v -3.375000 11.200000 0.000000
v -3.875000 11.200000 0.000000
v -3.875000 12.250000 0.000000
v -4.275000 12.250000 0.000000
v -4.300882 12.253407 0.000000
v -4.325000 12.263397 0.000000
v -4.345711 12.279289 0.000000
v -4.361603 12.300000 0.000000
v -4.371593 12.324118 0.000000
v -4.375000 12.350000 0.000000
v -4.375000 13.350000 0.000000
v -4.316992 14.001321 0.000000
v -4.144792 14.632138 0.000000
v -3.863823 15.222596 0.000000
v -3.482929 15.754106 0.000000
v -3.014099 16.209937 0.000000
v -2.472092 16.575740 0.000000
v -1.873969 16.840000 0.000000
v -0.870000 16.840000 0.000000
v -0.870000 16.190000 0.000000
v -0.980000 16.190000 0.000000
v -0.980000 15.940000 0.000000
v -0.870000 15.940000 0.000000
v -0.870000 15.740000 0.000000
v -0.570000 15.740000 0.000000
v -0.570000 15.940000 0.000000
v -0.460000 15.940000 0.000000
v -0.460000 16.190000 0.000000
v -0.570000 16.190000 0.000000
v -0.570000 16.840000 0.000000
v -0.250000 16.840000 0.000000
v -0.250000 17.000000 0.000000
v 0.250000 17.000000 0.000000
v 0.250000 16.840000 0.000000
v 0.570000 16.840000 0.000000
v 0.570000 16.190000 0.000000
v 0.460000 16.190000 0.000000
v 0.460000 15.940000 0.000000
v 0.570000 15.940000 0.000000
v 0.570000 15.740000 0.000000
v 0.870000 15.740000 0.000000
v 0.870000 15.940000 0.000000
v 0.980000 15.940000 0.000000
v 0.980000 16.190000 0.000000
v 0.870000 16.190000 0.000000
v 0.870000 16.840000 0.000000
v 1.873969 16.840000 0.000000
v 2.472092 16.575740 0.000000
v 3.014099 16.209937 0.000000
v 3.482929 15.754106 0.000000
v 3.863823 15.222596 0.000000
v 4.144792 14.632138 0.000000
v 4.316992 14.001321 0.000000
v 4.375000 13.350000 0.000000
v 4.375000 11.850000 0.000000
v 4.371593 11.824118 0.000000
v 4.361603 11.800000 0.000000
v 4.345711 11.779289 0.000000
v 4.325000 11.763397 0.000000
v 4.300882 11.753407 0.000000
v 4.275000 11.750000 0.000000
v 3.875000 11.750000 0.000000
v 3.875000 11.200000 0.000000
v 3.375000 11.200000 0.000000
v 3.375000 11.310000 0.000000
v 3.125000 11.310000 0.000000
v 3.125000 11.200000 0.000000
v 2.925000 11.200000 0.000000
v 2.925000 10.900000 0.000000
v 3.125000 10.900000 0.000000
v 3.125000 10.790000 0.000000
v 3.375000 10.790000 0.000000
v 3.375000 10.900000 0.000000
v 3.875000 10.900000 0.000000
v 3.875000 10.350000 0.000000
v 4.275000 10.350000 0.000000
v 4.300882 10.346593 0.000000
v 4.325000 10.336603 0.000000
v 4.345711 10.320711 0.000000
v 4.361603 10.300000 0.000000
v 4.371593 10.275882 0.000000
v 4.375000 10.250000 0.000000
v 4.375000 0.000000 0.000000
v 2.900000 0.000000 0.000000
v 2.900000 -0.160000 0.000000
v 2.400000 -0.160000 0.000000
v 2.400000 -0.000000 0.000000
v 2.150000 0.000000 0.000000
v 2.150000 0.650000 0.000000
v 2.260000 0.650000 0.000000
v 2.260000 0.900000 0.000000
v 2.150000 0.900000 0.000000
v 2.150000 1.100000 0.000000
v 1.850000 1.100000 0.000000
v 1.850000 0.900000 0.000000
v 1.740000 0.900000 0.000000
v 1.740000 0.650000 0.000000
v 1.850000 0.650000 0.000000
v 1.850000 0.000000 0.000000
v 0.800000 -0.000000 0.000000
v 0.748236 0.006815 0.000000
v 0.700000 0.026795 0.000000
v 0.658579 0.058579 0.000000
v 0.626795 0.100000 0.000000
v 0.606815 0.148236 0.000000
v 0.600000 0.200000 0.000000
v 0.600000 1.280000 0.000000
v 0.593185 1.331764 0.000000
v 0.573205 1.380000 0.000000
v 0.541421 1.421421 0.000000
v 0.500000 1.453205 0.000000
v 0.451764 1.473185 0.000000
v 0.400000 1.480000 0.000000
v -0.400000 1.480000 0.000000
v -0.451764 1.473185 0.000000
v -0.500000 1.453205 0.000000
v -0.541421 1.421421 0.000000
v -0.573205 1.380000 0.000000
v -0.593185 1.331764 0.000000
v 2.550000 0.450000 0.000000
v 3.350000 0.450000 0.000000
v 3.362941 0.451704 0.000000
v 3.375000 0.456699 0.000000
v 3.385355 0.464645 0.000000
v 3.393301 0.475000 0.000000
v 3.398296 0.487059 0.000000
v 3.400000 0.500000 0.000000
v 3.400000 1.500000 0.000000
v 3.398296 1.512941 0.000000
v 3.393301 1.525000 0.000000
v 3.385355 1.535355 0.000000
v 3.375000 1.543301 0.000000
v 3.362941 1.548296 0.000000
v 3.350000 1.550000 0.000000
v 2.550000 1.550000 0.000000
v 2.537059 1.548296 0.000000
v 2.525000 1.543301 0.000000
v 2.514645 1.535355 0.000000
v 2.506699 1.525000 0.000000
v 2.501704 1.512941 0.000000
v 2.500000 1.500000 0.000000
v 2.500000 0.500000 0.000000
v 2.501704 0.487059 0.000000
v 2.506699 0.475000 0.000000
v 2.514645 0.464645 0.000000
v 2.525000 0.456699 0.000000
v 2.537059 0.451704 0.000000
v -2.550000 1.550000 0.000000
v -3.350000 1.550000 0.000000
v -3.362941 1.548296 0.000000
v -3.375000 1.543301 0.000000
v -3.385355 1.535355 0.000000
v -3.393301 1.525000 0.000000
v -3.398296 1.512941 0.000000
v -3.400000 1.500000 0.000000
v -3.400000 0.500000 0.000000
v -3.398296 0.487059 0.000000
v -3.393301 0.475000 0.000000
v -3.385355 0.464645 0.000000
v -3.375000 0.456699 0.000000
v -3.362941 0.451704 0.000000
v -3.350000 0.450000 0.000000
v -2.550000 0.450000 0.000000
v -2.537059 0.451704 0.000000
v -2.525000 0.456699 0.000000
v -2.514645 0.464645 0.000000
v -2.506699 0.475000 0.000000
v -2.501704 0.487059 0.000000
v -2.500000 0.500000 0.000000
v -2.500000 1.500000 0.000000
v -2.501704 1.512941 0.000000
v -2.506699 1.525000 0.000000
v -2.514645 1.535355 0.000000
v -2.525000 1.543301 0.000000
v -2.537059 1.548296 0.000000
v 3.115000 8.050000 0.000000
v 3.115000 7.050000 0.000000
v 3.415000 7.050000 0.000000
v 3.415000 8.050000 0.000000
v -2.450000 5.350000 0.000000
v -2.445741 5.317648 0.000000
v -2.433253 5.287500 0.000000
v -2.413388 5.261612 0.000000
v -2.387500 5.241747 0.000000
v -2.357352 5.229259 0.000000
v -2.325000 5.225000 0.000000
v -2.292648 5.229259 0.000000
v -2.262500 5.241747 0.000000
v -2.236612 5.261612 0.000000
v -2.216747 5.287500 0.000000
v -2.204259 5.317648 0.000000
v -2.200000 5.350000 0.000000
v -2.204259 5.382352 0.000000
v -2.216747 5.412500 0.000000
v -2.236612 5.438388 0.000000
v -2.262500 5.458253 0.000000
v -2.292648 5.470741 0.000000
v -2.325000 5.475000 0.000000
v -2.357352 5.470741 0.000000
v -2.387500 5.458253 0.000000
v -2.413388 5.438388 0.000000
v -2.433253 5.412500 0.000000
v -2.445741 5.382352 0.000000
v 3.350000 5.350000 0.000000
v 3.354259 5.317648 0.000000
v 3.366747 5.287500 0.000000
v 3.386612 5.261612 0.000000
v 3.412500 5.241747 0.000000
v 3.442648 5.229259 0.000000
v 3.475000 5.225000 0.000000
v 3.507352 5.229259 0.000000
v 3.537500 5.241747 0.000000
v 3.563388 5.261612 0.000000
v 3.583253 5.287500 0.000000
v 3.595741 5.317648 0.000000
v 3.600000 5.350000 0.000000
v 3.595741 5.382352 0.000000
v 3.583253 5.412500 0.000000
v 3.563388 5.438388 0.000000
v 3.537500 5.458253 0.000000
v 3.507352 5.470741 0.000000
v 3.475000 5.475000 0.000000
v 3.442648 5.470741 0.000000
v 3.412500 5.458253 0.000000
v 3.386612 5.438388 0.000000
v 3.366747 5.412500 0.000000
v 3.354259 5.382352 0.000000
v 3.350000 13.950000 0.000000
v 3.354259 13.917648 0.000000
v 3.366747 13.887500 0.000000
v 3.386612 13.861612 0.000000
v 3.412500 13.841747 0.000000
v 3.442648 13.829259 0.000000
v 3.475000 13.825000 0.000000
v 3.507352 13.829259 0.000000
v 3.537500 13.841747 0.000000
v 3.563388 13.861612 0.000000
v 3.583253 13.887500 0.000000
v 3.595741 13.917648 0.000000
v 3.600000 13.950000 0.000000
v 3.595741 13.982352 0.000000
v 3.583253 14.012500 0.000000
v 3.563388 14.038388 0.000000
v 3.537500 14.058253 0.000000
v 3.507352 14.070741 0.000000
v 3.475000 14.075000 0.000000
v 3.442648 14.070741 0.000000
v 3.412500 14.058253 0.000000
v 3.386612 14.038388 0.000000
v 3.366747 14.012500 0.000000
v 3.354259 13.982352 0.000000
v -2.450000 13.950000 0.000000
v -2.445741 13.917648 0.000000
v -2.433253 13.887500 0.000000
v -2.413388 13.861612 0.000000
v -2.387500 13.841747 0.000000
v -2.357352 13.829259 0.000000
v -2.325000 13.825000 0.000000
v -2.292648 13.829259 0.000000
v -2.262500 13.841747 0.000000
v -2.236612 13.861612 0.000000
v -2.216747 13.887500 0.000000
v -2.204259 13.917648 0.000000
v -2.200000 13.950000 0.000000
v -2.204259 13.982352 0.000000
v -2.216747 14.012500 0.000000
v -2.236612 14.038388 0.000000
v -2.262500 14.058253 0.000000
v -2.292648 14.070741 0.000000
v -2.325000 14.075000 0.000000
v -2.357352 14.070741 0.000000
v -2.387500 14.058253 0.000000
v -2.413388 14.038388 0.000000
v -2.433253 14.012500 0.000000
v -2.445741 13.982352 0.000000
v -3.115000 4.600000 0.000000
v -3.415000 4.600000 0.000000
v -3.415000 3.600000 0.000000
v -3.115000 3.600000 0.000000
v -3.115000 8.050000 0.000000
v -3.415000 8.050000 0.000000
v -3.415000 7.050000 0.000000
v -3.115000 7.050000 0.000000
v -3.115000 10.450000 0.000000
v -3.415000 10.450000 0.000000
v -3.415000 9.850000 0.000000
v -3.115000 9.850000 0.000000
v -1.100000 11.900000 0.000000
v -2.100000 11.900000 0.000000
v -2.100000 11.600000 0.000000
v -1.100000 11.600000 0.000000
v 3.415000 10.450000 0.000000
v 3.115000 10.450000 0.000000
v 3.115000 9.850000 0.000000
v 3.415000 9.850000 0.000000
v 3.415000 4.600000 0.000000
v 3.115000 4.600000 0.000000
v 3.115000 3.600000 0.000000
v 3.415000 3.600000 0.000000
v 2.100000 11.900000 0.000000
v 1.100000 11.900000 0.000000
v 1.100000 11.600000 0.000000
v 2.100000 11.600000 0.000000
v -0.650000 15.100000 0.000000
v -0.650000 14.600000 0.000000
v -0.643185 14.548236 0.000000
v -0.623205 14.500000 0.000000
v -0.591421 14.458579 0.000000
v -0.550000 14.426795 0.000000
v -0.501764 14.406815 0.000000
v -0.450000 14.400000 0.000000
v 0.450000 14.400000 0.000000
v 0.501764 14.406815 0.000000
v 0.550000 14.426795 0.000000
v 0.591421 14.458579 0.000000
v 0.623205 14.500000 0.000000
v 0.643185 14.548236 0.000000
v 0.650000 14.600000 0.000000
v 0.650000 15.100000 0.000000
v 0.643185 15.151764 0.000000
v 0.623205 15.200000 0.000000
v 0.591421 15.241421 0.000000
v 0.550000 15.273205 0.000000
v 0.501764 15.293185 0.000000
v 0.450000 15.300000 0.000000
v -0.450000 15.300000 0.000000
v -0.501764 15.293185 0.000000
v -0.550000 15.273205 0.000000
v -0.591421 15.241421 0.000000
v -0.623205 15.200000 0.000000
v -0.643185 15.151764 0.000000
v -0.800000 0.350000 0.250000
v -0.800000 1.050000 0.250000
v -1.500000 1.050000 0.250000
v -1.500000 0.350000 0.250000
v -1.550000 0.300000 0.250000
v -1.550000 1.100000 0.250000
v -0.750000 1.100000 0.250000
v -0.750000 0.300000 0.250000
v -1.098072 0.883690 0.300000
v -1.098072 0.617711 0.300000
v -1.098072 0.617711 0.250000
v -1.098072 0.883690 0.250000
v -1.282838 0.617711 0.300000
v -1.282838 0.617711 0.250000
v -1.098072 0.551292 0.250000
v -1.354088 0.551292 0.250000
v -1.354088 0.617711 0.250000
v -1.084788 1.000074 0.250000
v -1.025615 1.000074 0.250000
v -1.025615 0.617711 0.250000
v -0.945912 0.617711 0.250000
v -0.945912 0.551292 0.250000
v -1.025615 0.551292 0.250000
v -1.025615 0.410000 0.250000
v -1.098072 0.410000 0.250000
vt -0.110531 -13.000000 0.000000
vt -0.408604 -12.940000 0.000000
vt -0.810531 -13.000000 0.000000
vt -0.664620 -12.798708 0.000000
vt -0.664620 -12.732289 0.000000
vt -0.110531 -12.300000 0.000000
vt -0.256443 -12.732289 0.000000
vt -0.256443 -12.798708 0.000000
vt -0.336146 -12.940000 0.000000
vt -0.336146 -12.798708 0.000000
vt -0.810531 -12.300000 0.000000
vt -0.395320 -12.349926 0.000000
vt -0.336146 -12.349926 0.000000
vt -0.336146 -12.732289 0.000000
vt -0.408604 -12.798708 0.000000
vt -1.160531 -12.700000 0.000000
vt -1.160531 -13.350000 0.000000
vt -0.860531 -13.050000 0.000000
vt -0.110531 -13.350000 0.000000
vt -0.060531 -13.050000 0.000000
vt -0.058768 -13.343185 0.000000
vt -0.010531 -13.323205 0.000000
vt 0.030890 -13.291421 0.000000
vt 0.062674 -13.250000 0.000000
vt 0.082654 -13.201764 0.000000
vt 0.089469 -13.150000 0.000000
vt -0.060531 -12.250000 0.000000
vt 0.089469 -12.070000 0.000000
vt 0.096283 -12.018236 0.000000
vt -0.860531 -12.250000 0.000000
vt 0.116263 -11.970000 0.000000
vt 0.148047 -11.928579 0.000000
vt -1.825176 -11.814645 0.000000
vt 0.189469 -11.896795 0.000000
vt -1.835531 -11.806699 0.000000
vt -2.425531 -9.750000 0.000000
vt -1.847591 -11.801704 0.000000
vt -1.860531 -11.800000 0.000000
vt -2.660531 -11.800000 0.000000
vt -2.725531 -9.750000 0.000000
vt -2.673472 -11.801704 0.000000
vt -2.685531 -11.806699 0.000000
vt -2.695887 -11.814645 0.000000
vt -2.703833 -11.825000 0.000000
vt -2.708828 -11.837059 0.000000
vt -3.685531 -13.350000 0.000000
vt -2.710531 -11.850000 0.000000
vt -2.710531 -12.850000 0.000000
vt -2.708828 -12.862941 0.000000
vt -2.703833 -12.875000 0.000000
vt -2.695887 -12.885355 0.000000
vt -2.685531 -12.893301 0.000000
vt -2.673472 -12.898296 0.000000
vt -2.210531 -13.350000 0.000000
vt -2.660531 -12.900000 0.000000
vt -1.860531 -12.900000 0.000000
vt -1.710531 -13.350000 0.000000
vt -1.847591 -12.898296 0.000000
vt -1.835531 -12.893301 0.000000
vt -1.825176 -12.885355 0.000000
vt -1.460531 -13.350000 0.000000
vt -1.817230 -12.875000 0.000000
vt -1.570531 -12.700000 0.000000
vt -1.812235 -12.862941 0.000000
vt -1.810531 -12.850000 0.000000
vt -1.570531 -12.450000 0.000000
vt -1.810531 -11.850000 0.000000
vt -1.460531 -12.250000 0.000000
vt -1.812235 -11.837059 0.000000
vt -1.160531 -12.250000 0.000000
vt -1.817230 -11.825000 0.000000
vt 0.237705 -11.876815 0.000000
vt -1.573031 -8.108253 0.000000
vt -1.603179 -8.120741 0.000000
vt -1.547143 -8.088388 0.000000
vt 0.289469 -11.870000 0.000000
vt -1.527278 -8.062500 0.000000
vt 1.089469 -11.870000 0.000000
vt 3.804469 -8.750000 0.000000
vt 3.804469 -9.750000 0.000000
vt 1.141232 -11.876815 0.000000
vt 1.189469 -11.896795 0.000000
vt 1.230890 -11.928579 0.000000
vt 3.204113 -11.814645 0.000000
vt 3.214469 -11.806699 0.000000
vt 3.226528 -11.801704 0.000000
vt 3.239469 -11.800000 0.000000
vt 2.539469 -12.250000 0.000000
vt 1.262674 -11.970000 0.000000
vt 1.282654 -12.018236 0.000000
vt 1.289469 -12.070000 0.000000
vt 2.429469 -12.450000 0.000000
vt 2.539469 -12.450000 0.000000
vt 2.429469 -12.700000 0.000000
vt 1.289469 -13.150000 0.000000
vt 1.489469 -13.350000 0.000000
vt 1.296283 -13.201764 0.000000
vt 1.316263 -13.250000 0.000000
vt 1.348047 -13.291421 0.000000
vt 1.389469 -13.323205 0.000000
vt 1.437705 -13.343185 0.000000
vt 2.539469 -13.350000 0.000000
vt 2.539469 -12.700000 0.000000
vt 2.839469 -12.250000 0.000000
vt 3.191172 -11.837059 0.000000
vt 3.196167 -11.825000 0.000000
vt 2.839469 -12.450000 0.000000
vt 2.949469 -12.450000 0.000000
vt 3.189469 -11.850000 0.000000
vt 3.189469 -12.850000 0.000000
vt 2.949469 -12.700000 0.000000
vt 3.191172 -12.862941 0.000000
vt 3.196167 -12.875000 0.000000
vt 2.839469 -13.350000 0.000000
vt 3.204113 -12.885355 0.000000
vt 3.089469 -13.350000 0.000000
vt 3.214469 -12.893301 0.000000
vt 3.226528 -12.898296 0.000000
vt 3.239469 -12.900000 0.000000
vt 3.589469 -13.350000 0.000000
vt 4.039469 -12.900000 0.000000
vt 4.052409 -12.898296 0.000000
vt 5.064469 -13.350000 0.000000
vt 4.064469 -12.893301 0.000000
vt 4.074824 -12.885355 0.000000
vt 4.082770 -12.875000 0.000000
vt 4.087765 -12.862941 0.000000
vt 4.089469 -12.850000 0.000000
vt 4.089469 -11.850000 0.000000
vt 4.087765 -11.837059 0.000000
vt 4.104469 -9.750000 0.000000
vt 4.082770 -11.825000 0.000000
vt 4.074824 -11.814645 0.000000
vt 4.064469 -11.806699 0.000000
vt 4.052409 -11.801704 0.000000
vt 4.039469 -11.800000 0.000000
vt 2.839469 -12.700000 0.000000
vt 3.089469 -13.510000 0.000000
vt 3.589469 -13.510000 0.000000
vt 5.064469 -3.100000 0.000000
vt 4.289469 -8.000000 0.000000
vt 4.285209 -8.032352 0.000000
vt 4.104469 -8.750000 0.000000
vt 4.272722 -8.062500 0.000000
vt 4.252857 -8.088388 0.000000
vt 5.061061 -3.074118 0.000000
vt 4.964469 -3.000000 0.000000
vt 4.564469 -3.000000 0.000000
vt 4.104469 -3.500000 0.000000
vt 4.104469 -2.900000 0.000000
vt 4.564469 -2.450000 0.000000
vt 4.064469 -2.560000 0.000000
vt 4.064469 -2.450000 0.000000
vt 5.051071 -3.050000 0.000000
vt 5.035179 -3.029289 0.000000
vt 5.014469 -3.013397 0.000000
vt 4.990350 -3.003407 0.000000
vt 3.804469 -2.900000 0.000000
vt 3.814469 -2.560000 0.000000
vt 3.614469 -2.450000 0.000000
vt 3.814469 -2.450000 0.000000
vt 3.614469 -2.150000 0.000000
vt 2.789469 -1.750000 0.000000
vt 1.789469 -1.750000 0.000000
vt 3.804469 -3.500000 0.000000
vt 3.804469 -5.300000 0.000000
vt 4.104469 -5.300000 0.000000
vt 3.814469 -2.150000 0.000000
vt 3.814469 -2.040000 0.000000
vt 2.789469 -1.450000 0.000000
vt 4.564469 -1.600000 0.000000
vt 4.064469 -2.040000 0.000000
vt 4.564469 -2.150000 0.000000
vt 4.064469 -2.150000 0.000000
vt 4.964469 -1.600000 0.000000
vt 5.064469 -1.500000 0.000000
vt 5.064469 0.000000 0.000000
vt 4.164469 0.475000 0.000000
vt 4.196821 0.479259 0.000000
vt 4.226969 0.491747 0.000000
vt 4.252857 0.511612 0.000000
vt 4.272722 0.537500 0.000000
vt 5.006460 0.651321 0.000000
vt 4.285209 0.567648 0.000000
vt 4.289469 0.600000 0.000000
vt 4.285209 0.632352 0.000000
vt 4.272722 0.662500 0.000000
vt 4.834261 1.282138 0.000000
vt 4.252857 0.688388 0.000000
vt 4.226969 0.708253 0.000000
vt 4.196821 0.720741 0.000000
vt 4.164469 0.725000 0.000000
vt 4.553292 1.872596 0.000000
vt 4.132116 0.720741 0.000000
vt 4.101969 0.708253 0.000000
vt 4.172397 2.404106 0.000000
vt 4.076080 0.688388 0.000000
vt 1.339469 1.750000 0.000000
vt 4.056215 0.662500 0.000000
vt 1.339469 1.250000 0.000000
vt 4.043728 0.632352 0.000000
vt 1.332654 1.198236 0.000000
vt 4.039469 0.600000 0.000000
vt 1.312674 1.150000 0.000000
vt 4.043728 0.567648 0.000000
vt 1.280890 1.108579 0.000000
vt 1.789469 -1.450000 0.000000
vt 1.239469 1.076795 0.000000
vt 1.191232 1.056815 0.000000
vt 4.990350 -1.596593 0.000000
vt 5.014469 -1.586603 0.000000
vt 5.035179 -1.570711 0.000000
vt 5.051071 -1.550000 0.000000
vt 5.061061 -1.525882 0.000000
vt 3.703567 2.859937 0.000000
vt 1.559469 2.390000 0.000000
vt 1.332654 1.801764 0.000000
vt 1.312674 1.850000 0.000000
vt 1.280890 1.891421 0.000000
vt 1.239469 1.923205 0.000000
vt 1.259469 2.390000 0.000000
vt 1.191232 1.943185 0.000000
vt 1.139469 1.950000 0.000000
vt 1.149469 2.590000 0.000000
vt 0.229469 2.590000 0.000000
vt 0.229469 2.840000 0.000000
vt 1.149469 2.840000 0.000000
vt 0.439469 3.490000 0.000000
vt 0.939469 3.490000 0.000000
vt 0.439469 3.650000 0.000000
vt 0.939469 3.650000 0.000000
vt 1.669469 2.590000 0.000000
vt 3.161560 3.225740 0.000000
vt 2.563438 3.490000 0.000000
vt 1.669469 2.840000 0.000000
vt 1.559469 3.490000 0.000000
vt 1.559469 2.840000 0.000000
vt 1.559469 2.590000 0.000000
vt 1.259469 2.590000 0.000000
vt 1.259469 2.840000 0.000000
vt 1.259469 3.490000 0.000000
vt 0.119469 3.490000 0.000000
vt 0.119469 2.840000 0.000000
vt 0.119469 2.590000 0.000000
vt 0.119469 2.390000 0.000000
vt 0.239469 1.950000 0.000000
vt -0.180531 2.390000 0.000000
vt 0.139469 1.923205 0.000000
vt 0.187705 1.943185 0.000000
vt -0.180531 2.590000 0.000000
vt -0.290531 2.590000 0.000000
vt -1.603179 0.720741 0.000000
vt -1.573031 0.708253 0.000000
vt -0.290531 2.840000 0.000000
vt -1.184501 3.490000 0.000000
vt -1.782623 3.225740 0.000000
vt -2.324630 2.859937 0.000000
vt -0.180531 2.840000 0.000000
vt -0.180531 3.490000 0.000000
vt -2.793460 2.404106 0.000000
vt -1.635531 0.725000 0.000000
vt -3.174355 1.872596 0.000000
vt -1.698031 0.708253 0.000000
vt -1.667884 0.720741 0.000000
vt -3.455324 1.282138 0.000000
vt -1.743785 0.662500 0.000000
vt -1.723920 0.688388 0.000000
vt -1.756272 0.632352 0.000000
vt -3.627523 0.651321 0.000000
vt -1.760531 0.600000 0.000000
vt -1.756272 0.567648 0.000000
vt -3.685531 0.000000 0.000000
vt -1.743785 0.537500 0.000000
vt -1.723920 0.511612 0.000000
vt -3.185531 -1.100000 0.000000
vt -1.698031 0.491747 0.000000
vt -1.410531 -1.450000 0.000000
vt -1.667884 0.479259 0.000000
vt -1.635531 0.475000 0.000000
vt -1.603179 0.479259 0.000000
vt -1.573031 0.491747 0.000000
vt -0.410531 -1.450000 0.000000
vt -1.547143 0.511612 0.000000
vt -1.527278 0.537500 0.000000
vt 0.139469 1.076795 0.000000
vt -1.514791 0.567648 0.000000
vt 0.098047 1.108579 0.000000
vt -1.510531 0.600000 0.000000
vt 0.066263 1.150000 0.000000
vt -1.514791 0.632352 0.000000
vt 0.046283 1.198236 0.000000
vt -1.527278 0.662500 0.000000
vt 0.039469 1.250000 0.000000
vt -1.547143 0.688388 0.000000
vt 0.039469 1.750000 0.000000
vt 0.046283 1.801764 0.000000
vt 0.066263 1.850000 0.000000
vt -3.685531 -1.000000 0.000000
vt -3.585531 -1.100000 0.000000
vt -3.682124 -1.025882 0.000000
vt -3.672134 -1.050000 0.000000
vt -3.656242 -1.070711 0.000000
vt -3.635531 -1.086603 0.000000
vt -3.611413 -1.096593 0.000000
vt -3.185531 -2.150000 0.000000
vt -2.685531 -2.040000 0.000000
vt -2.435531 -2.040000 0.000000
vt -2.235531 -2.150000 0.000000
vt -1.410531 -1.750000 0.000000
vt -2.235531 -2.450000 0.000000
vt -0.410531 -1.750000 0.000000
vt -2.425531 -2.900000 0.000000
vt -2.425531 -3.500000 0.000000
vt -2.685531 -2.150000 0.000000
vt -2.435531 -2.150000 0.000000
vt -2.435531 -2.450000 0.000000
vt -2.435531 -2.560000 0.000000
vt -2.685531 -2.560000 0.000000
vt -2.725531 -2.900000 0.000000
vt -3.185531 -2.450000 0.000000
vt -3.185531 -3.500000 0.000000
vt -2.685531 -2.450000 0.000000
vt -3.585531 -3.500000 0.000000
vt -3.685531 -3.600000 0.000000
vt -2.725531 -5.300000 0.000000
vt -2.725531 -3.500000 0.000000
vt -2.425531 -5.300000 0.000000
vt 0.239469 1.050000 0.000000
vt 1.139469 1.050000 0.000000
vt -3.611413 -3.503407 0.000000
vt -3.635531 -3.513397 0.000000
vt -3.656242 -3.529289 0.000000
vt -3.672134 -3.550000 0.000000
vt -3.682124 -3.574118 0.000000
vt -2.725531 -8.750000 0.000000
vt -2.725531 -6.300000 0.000000
vt -2.210531 -13.510000 0.000000
vt -1.710531 -13.510000 0.000000
vt -1.460531 -12.700000 0.000000
vt -1.460531 -12.450000 0.000000
vt -1.160531 -12.450000 0.000000
vt -1.050531 -12.450000 0.000000
vt -1.050531 -12.700000 0.000000
vt -2.425531 -8.750000 0.000000
vt -1.760531 -8.000000 0.000000
vt -1.756272 -7.967648 0.000000
vt -1.743785 -7.937500 0.000000
vt -2.425531 -6.300000 0.000000
vt -1.723920 -7.911612 0.000000
vt -1.698031 -7.891747 0.000000
vt -1.635531 -8.125000 0.000000
vt -1.667884 -8.120741 0.000000
vt 3.804469 -6.300000 0.000000
vt 4.132116 -7.879259 0.000000
vt 4.104469 -6.300000 0.000000
vt 4.164469 -7.875000 0.000000
vt 4.196821 -7.879259 0.000000
vt -1.547143 -7.911612 0.000000
vt -1.573031 -7.891747 0.000000
vt -1.603179 -7.879259 0.000000
vt -1.635531 -7.875000 0.000000
vt -1.667884 -7.879259 0.000000
vt 4.285209 -7.967648 0.000000
vt -1.527278 -7.937500 0.000000
vt -1.514791 -7.967648 0.000000
vt 4.043728 -7.967648 0.000000
vt 4.039469 -8.000000 0.000000
vt 4.043728 -8.032352 0.000000
vt 4.056215 -8.062500 0.000000
vt 4.076080 -8.088388 0.000000
vt 4.101969 -8.108253 0.000000
vt 4.132116 -8.120741 0.000000
vt 4.164469 -8.125000 0.000000
vt 4.196821 -8.120741 0.000000
vt 4.226969 -8.108253 0.000000
vt -1.510531 -8.000000 0.000000
vt -1.514791 -8.032352 0.000000
vt -1.698031 -8.108253 0.000000
vt -1.723920 -8.088388 0.000000
vt -1.743785 -8.062500 0.000000
vt -1.756272 -8.032352 0.000000
vt 4.056215 -7.937500 0.000000
vt 4.076080 -7.911612 0.000000
vt 4.101969 -7.891747 0.000000
vt 4.226969 -7.891747 0.000000
vt 4.252857 -7.911612 0.000000
vt 4.272722 -7.937500 0.000000
vt 4.132116 0.479259 0.000000
vt 4.101969 0.491747 0.000000
vt 4.076080 0.511612 0.000000
vt 4.056215 0.537500 0.000000
vt 0.187705 1.056815 0.000000
vt 0.098047 1.891421 0.000000
vt 0.300000 -5.175000 0.000000
vt -0.000000 -5.175000 0.000000
vt 0.300000 -6.225000 0.000000
vt -0.000000 -6.225000 0.000000
vt -0.089469 -13.150000 0.000000
vt 1.050531 -12.700000 0.000000
vt -0.089469 -12.070000 0.000000
vt 1.050531 -12.450000 0.000000
vt 1.160531 -12.250000 0.000000
vt 1.160531 -12.450000 0.000000
vt 0.110531 -13.350000 0.000000
vt -0.082654 -13.201764 0.000000
vt -0.062674 -13.250000 0.000000
vt -0.030890 -13.291421 0.000000
vt 0.010531 -13.323205 0.000000
vt 0.058768 -13.343185 0.000000
vt 1.160531 -13.350000 0.000000
vt 1.160531 -12.700000 0.000000
vt 1.460531 -12.250000 0.000000
vt 1.812235 -11.837059 0.000000
vt 1.817230 -11.825000 0.000000
vt 1.825176 -11.814645 0.000000
vt 1.460531 -12.450000 0.000000
vt 1.570531 -12.450000 0.000000
vt 1.810531 -11.850000 0.000000
vt 1.810531 -12.850000 0.000000
vt 1.570531 -12.700000 0.000000
vt 1.812235 -12.862941 0.000000
vt 1.817230 -12.875000 0.000000
vt 1.460531 -13.350000 0.000000
vt 1.825176 -12.885355 0.000000
vt 1.710531 -13.350000 0.000000
vt 1.835531 -12.893301 0.000000
vt 1.847591 -12.898296 0.000000
vt 1.860531 -12.900000 0.000000
vt 2.210531 -13.350000 0.000000
vt 2.660531 -12.900000 0.000000
vt 2.673472 -12.898296 0.000000
vt 3.685531 -13.350000 0.000000
vt 2.685531 -12.893301 0.000000
vt 2.695887 -12.885355 0.000000
vt 2.703833 -12.875000 0.000000
vt 2.708828 -12.862941 0.000000
vt 2.710531 -12.850000 0.000000
vt 2.710531 -11.850000 0.000000
vt 2.708828 -11.837059 0.000000
vt 2.725531 -9.750000 0.000000
vt 2.703833 -11.825000 0.000000
vt 2.695887 -11.814645 0.000000
vt 2.685531 -11.806699 0.000000
vt 2.673472 -11.801704 0.000000
vt 2.660531 -11.800000 0.000000
vt 2.425531 -9.750000 0.000000
vt 1.860531 -11.800000 0.000000
vt 1.847591 -11.801704 0.000000
vt 1.835531 -11.806699 0.000000
vt -0.189469 -11.896795 0.000000
vt -0.148047 -11.928579 0.000000
vt -0.116263 -11.970000 0.000000
vt -0.096283 -12.018236 0.000000
vt 1.460531 -12.700000 0.000000
vt 1.710531 -13.510000 0.000000
vt 2.210531 -13.510000 0.000000
vt 2.725531 -8.750000 0.000000
vt 3.685531 -3.600000 0.000000
vt 2.725531 -6.300000 0.000000
vt 2.725531 -5.300000 0.000000
vt 3.185531 -3.500000 0.000000
vt 2.725531 -3.500000 0.000000
vt 2.725531 -2.900000 0.000000
vt 3.185531 -2.450000 0.000000
vt 2.685531 -2.560000 0.000000
vt 2.685531 -2.450000 0.000000
vt 3.585531 -3.500000 0.000000
vt 3.682124 -3.574118 0.000000
vt 3.672134 -3.550000 0.000000
vt 3.656242 -3.529289 0.000000
vt 3.635531 -3.513397 0.000000
vt 3.611413 -3.503407 0.000000
vt 2.425531 -2.900000 0.000000
vt 2.435531 -2.560000 0.000000
vt 2.235531 -2.450000 0.000000
vt 2.435531 -2.450000 0.000000
vt 2.235531 -2.150000 0.000000
vt 1.410531 -1.750000 0.000000
vt 0.410531 -1.750000 0.000000
vt 2.425531 -3.500000 0.000000
vt 2.425531 -5.300000 0.000000
vt 2.435531 -2.150000 0.000000
vt 2.435531 -2.040000 0.000000
vt 1.410531 -1.450000 0.000000
vt 3.185531 -1.100000 0.000000
vt 2.685531 -2.040000 0.000000
vt 3.185531 -2.150000 0.000000
vt 2.685531 -2.150000 0.000000
vt 3.585531 -1.100000 0.000000
vt 3.685531 -1.000000 0.000000
vt 3.685531 0.000000 0.000000
vt 1.723920 0.511612 0.000000
vt 1.743785 0.537500 0.000000
vt 1.756272 0.567648 0.000000
vt 3.627523 0.651321 0.000000
vt 1.760531 0.600000 0.000000
vt 1.756272 0.632352 0.000000
vt 3.455324 1.282138 0.000000
vt 1.743785 0.662500 0.000000
vt 3.174355 1.872596 0.000000
vt 1.723920 0.688388 0.000000
vt 1.698031 0.708253 0.000000
vt 2.793460 2.404106 0.000000
vt 1.667884 0.720741 0.000000
vt 1.635531 0.725000 0.000000
vt 2.324630 2.859937 0.000000
vt 1.603179 0.720741 0.000000
vt 0.290531 2.590000 0.000000
vt 0.180531 2.390000 0.000000
vt 0.180531 2.590000 0.000000
vt 3.611413 -1.096593 0.000000
vt 3.635531 -1.086603 0.000000
vt 3.656242 -1.070711 0.000000
vt 3.672134 -1.050000 0.000000
vt 3.682124 -1.025882 0.000000
vt 1.782623 3.225740 0.000000
vt 1.184501 3.490000 0.000000
vt 0.290531 2.840000 0.000000
vt 0.180531 3.490000 0.000000
vt 0.180531 2.840000 0.000000
vt -0.119469 2.390000 0.000000
vt -0.139469 1.923205 0.000000
vt -0.098047 1.891421 0.000000
vt -0.066263 1.850000 0.000000
vt -0.119469 2.590000 0.000000
vt -0.229469 2.590000 0.000000
vt -0.239469 1.950000 0.000000
vt -0.187705 1.943185 0.000000
vt -0.229469 2.840000 0.000000
vt -1.149469 2.840000 0.000000
vt -1.149469 2.590000 0.000000
vt -1.139469 1.950000 0.000000
vt -1.259469 2.390000 0.000000
vt -1.191232 1.943185 0.000000
vt -1.239469 1.923205 0.000000
vt -1.559469 2.390000 0.000000
vt -1.280890 1.891421 0.000000
vt -1.312674 1.850000 0.000000
vt -1.332654 1.801764 0.000000
vt -1.339469 1.750000 0.000000
vt -4.076080 0.688388 0.000000
vt -4.056215 0.662500 0.000000
vt -0.119469 2.840000 0.000000
vt -0.119469 3.490000 0.000000
vt -0.439469 3.490000 0.000000
vt -0.939469 3.490000 0.000000
vt -0.939469 3.650000 0.000000
vt -0.439469 3.650000 0.000000
vt -1.259469 3.490000 0.000000
vt -1.259469 2.840000 0.000000
vt -1.259469 2.590000 0.000000
vt -1.559469 2.590000 0.000000
vt -1.669469 2.590000 0.000000
vt -3.703567 2.859937 0.000000
vt -4.172397 2.404106 0.000000
vt -4.101969 0.708253 0.000000
vt -4.553292 1.872596 0.000000
vt -4.132116 0.720741 0.000000
vt -4.164469 0.725000 0.000000
vt -4.834261 1.282138 0.000000
vt -4.196821 0.720741 0.000000
vt -4.226969 0.708253 0.000000
vt -4.252857 0.688388 0.000000
vt -4.272722 0.662500 0.000000
vt -5.006460 0.651321 0.000000
vt -4.285209 0.632352 0.000000
vt -4.289469 0.600000 0.000000
vt -4.285209 0.567648 0.000000
vt -4.272722 0.537500 0.000000
vt -5.064469 0.000000 0.000000
vt -4.252857 0.511612 0.000000
vt -4.226969 0.491747 0.000000
vt -4.196821 0.479259 0.000000
vt -4.164469 0.475000 0.000000
vt -4.564469 -1.600000 0.000000
vt -4.132116 0.479259 0.000000
vt -2.789469 -1.450000 0.000000
vt -4.101969 0.491747 0.000000
vt -4.076080 0.511612 0.000000
vt -4.056215 0.537500 0.000000
vt -4.043728 0.567648 0.000000
vt -1.280890 1.108579 0.000000
vt -1.312674 1.150000 0.000000
vt -1.669469 2.840000 0.000000
vt -2.563438 3.490000 0.000000
vt -3.161560 3.225740 0.000000
vt -1.559469 2.840000 0.000000
vt -1.559469 3.490000 0.000000
vt -5.064469 -1.500000 0.000000
vt -4.964469 -1.600000 0.000000
vt -5.061061 -1.525882 0.000000
vt -5.051071 -1.550000 0.000000
vt -5.035179 -1.570711 0.000000
vt -5.014469 -1.586603 0.000000
vt -4.990350 -1.596593 0.000000
vt -4.564469 -2.150000 0.000000
vt -4.064469 -2.040000 0.000000
vt -3.814469 -2.040000 0.000000
vt -3.614469 -2.150000 0.000000
vt -2.789469 -1.750000 0.000000
vt -3.614469 -2.450000 0.000000
vt -1.789469 -1.750000 0.000000
vt -3.804469 -2.900000 0.000000
vt -3.804469 -3.500000 0.000000
vt -4.064469 -2.150000 0.000000
vt -3.814469 -2.150000 0.000000
vt -3.814469 -2.450000 0.000000
vt -3.814469 -2.560000 0.000000
vt -4.064469 -2.560000 0.000000
vt -4.104469 -2.900000 0.000000
vt -4.564469 -2.450000 0.000000
vt -4.564469 -3.000000 0.000000
vt -4.064469 -2.450000 0.000000
vt -4.964469 -3.000000 0.000000
vt -5.064469 -3.100000 0.000000
vt -4.104469 -3.500000 0.000000
vt -4.990350 -3.003407 0.000000
vt -5.014469 -3.013397 0.000000
vt -5.035179 -3.029289 0.000000
vt -5.051071 -3.050000 0.000000
vt -5.061061 -3.074118 0.000000
vt -5.064469 -13.350000 0.000000
vt -4.289469 -8.000000 0.000000
vt -4.285209 -7.967648 0.000000
vt -4.104469 -6.300000 0.000000
vt -4.272722 -7.937500 0.000000
vt -4.252857 -7.911612 0.000000
vt -3.589469 -13.350000 0.000000
vt -4.052409 -12.898296 0.000000
vt -4.064469 -12.893301 0.000000
vt -4.074824 -12.885355 0.000000
vt -3.589469 -13.510000 0.000000
vt -3.089469 -13.510000 0.000000
vt -3.089469 -13.350000 0.000000
vt -3.239469 -12.900000 0.000000
vt -3.226528 -12.898296 0.000000
vt -3.214469 -12.893301 0.000000
vt -3.204113 -12.885355 0.000000
vt -2.839469 -13.350000 0.000000
vt -3.196167 -12.875000 0.000000
vt -2.949469 -12.700000 0.000000
vt -3.191172 -12.862941 0.000000
vt -3.189469 -12.850000 0.000000
vt -2.949469 -12.450000 0.000000
vt -3.189469 -11.850000 0.000000
vt -2.839469 -12.250000 0.000000
vt -3.191172 -11.837059 0.000000
vt -2.539469 -12.250000 0.000000
vt -3.196167 -11.825000 0.000000
vt -3.204113 -11.814645 0.000000
vt -1.230890 -11.928579 0.000000
vt -1.189469 -11.896795 0.000000
vt -2.839469 -12.700000 0.000000
vt -2.839469 -12.450000 0.000000
vt -2.539469 -12.450000 0.000000
vt -2.429469 -12.450000 0.000000
vt -1.289469 -12.070000 0.000000
vt -1.282654 -12.018236 0.000000
vt -2.429469 -12.700000 0.000000
vt -1.289469 -13.150000 0.000000
vt -1.489469 -13.350000 0.000000
vt -1.296283 -13.201764 0.000000
vt -1.316263 -13.250000 0.000000
vt -1.348047 -13.291421 0.000000
vt -1.389469 -13.323205 0.000000
vt -1.437705 -13.343185 0.000000
vt -2.539469 -12.700000 0.000000
vt -2.539469 -13.350000 0.000000
vt -1.262674 -11.970000 0.000000
vt -1.141232 -11.876815 0.000000
vt -3.804469 -9.750000 0.000000
vt -3.214469 -11.806699 0.000000
vt -1.089469 -11.870000 0.000000
vt -3.804469 -8.750000 0.000000
vt 1.527278 -8.062500 0.000000
vt 1.514791 -8.032352 0.000000
vt -0.289469 -11.870000 0.000000
vt 1.547143 -8.088388 0.000000
vt -0.237705 -11.876815 0.000000
vt 1.573031 -8.108253 0.000000
vt 1.603179 -8.120741 0.000000
vt 2.425531 -8.750000 0.000000
vt 1.635531 -8.125000 0.000000
vt 1.667884 -8.120741 0.000000
vt 1.698031 -8.108253 0.000000
vt 1.723920 -8.088388 0.000000
vt 1.743785 -8.062500 0.000000
vt 1.756272 -8.032352 0.000000
vt 1.760531 -8.000000 0.000000
vt 1.756272 -7.967648 0.000000
vt 1.743785 -7.937500 0.000000
vt 2.425531 -6.300000 0.000000
vt 1.723920 -7.911612 0.000000
vt 1.698031 -7.891747 0.000000
vt 1.667884 -7.879259 0.000000
vt 1.635531 -7.875000 0.000000
vt 1.603179 -7.879259 0.000000
vt 1.573031 -7.891747 0.000000
vt 1.547143 -7.911612 0.000000
vt -3.804469 -5.300000 0.000000
vt -3.804469 -6.300000 0.000000
vt -4.039469 -12.900000 0.000000
vt -4.082770 -12.875000 0.000000
vt -4.087765 -12.862941 0.000000
vt -4.089469 -12.850000 0.000000
vt -4.089469 -11.850000 0.000000
vt -4.087765 -11.837059 0.000000
vt -4.104469 -9.750000 0.000000
vt -4.082770 -11.825000 0.000000
vt -4.074824 -11.814645 0.000000
vt -4.064469 -11.806699 0.000000
vt -4.052409 -11.801704 0.000000
vt -4.039469 -11.800000 0.000000
vt -3.239469 -11.800000 0.000000
vt -3.226528 -11.801704 0.000000
vt -4.132116 -7.879259 0.000000
vt -4.101969 -7.891747 0.000000
vt -4.076080 -7.911612 0.000000
vt -4.104469 -5.300000 0.000000
vt -1.789469 -1.450000 0.000000
vt 0.410531 -1.450000 0.000000
vt -0.239469 1.050000 0.000000
vt -0.187705 1.056815 0.000000
vt -0.139469 1.076795 0.000000
vt 1.527278 0.537500 0.000000
vt 1.514791 0.567648 0.000000
vt 1.510531 -8.000000 0.000000
vt 1.514791 -7.967648 0.000000
vt -4.043728 -7.967648 0.000000
vt -4.056215 -7.937500 0.000000
vt 1.527278 -7.937500 0.000000
vt -4.039469 -8.000000 0.000000
vt -4.043728 -8.032352 0.000000
vt -4.056215 -8.062500 0.000000
vt -4.076080 -8.088388 0.000000
vt -4.101969 -8.108253 0.000000
vt -4.104469 -8.750000 0.000000
vt -4.132116 -8.120741 0.000000
vt -4.164469 -8.125000 0.000000
vt -4.196821 -8.120741 0.000000
vt -4.226969 -8.108253 0.000000
vt -4.252857 -8.088388 0.000000
vt -4.272722 -8.062500 0.000000
vt -4.285209 -8.032352 0.000000
vt -4.226969 -7.891747 0.000000
vt -4.196821 -7.879259 0.000000
vt -4.164469 -7.875000 0.000000
vt -4.039469 0.600000 0.000000
vt -1.332654 1.198236 0.000000
vt -4.043728 0.632352 0.000000
vt -1.339469 1.250000 0.000000
vt 1.698031 0.491747 0.000000
vt 1.667884 0.479259 0.000000
vt 1.635531 0.475000 0.000000
vt 1.603179 0.479259 0.000000
vt 1.573031 0.491747 0.000000
vt 1.547143 0.511612 0.000000
vt -0.098047 1.108579 0.000000
vt 1.510531 0.600000 0.000000
vt -0.066263 1.150000 0.000000
vt 1.514791 0.632352 0.000000
vt -0.046283 1.198236 0.000000
vt 1.527278 0.662500 0.000000
vt -0.039469 1.250000 0.000000
vt 1.547143 0.688388 0.000000
vt 1.573031 0.708253 0.000000
vt -0.039469 1.750000 0.000000
vt -1.239469 1.076795 0.000000
vt -1.191232 1.056815 0.000000
vt -1.139469 1.050000 0.000000
vt -0.046283 1.801764 0.000000
vt 0.300000 -0.850000 0.000000
vt -0.000000 -0.850000 0.000000
vt 0.300000 -1.400000 0.000000
vt -0.000000 -1.400000 0.000000
vt -0.300000 1.350000 0.000000
vt 0.000000 1.350000 0.000000
vt -0.300000 2.400000 0.000000
vt 0.000000 2.400000 0.000000
vt 0.300000 -1.975000 0.000000
vt -0.000000 -1.975000 0.000000
vt 0.300000 -2.225000 0.000000
vt -0.000000 -2.225000 0.000000
vt 0.300000 -7.275000 0.000000
vt -0.000000 -7.275000 0.000000
vt 0.300000 -8.750000 0.000000
vt -0.000000 -8.750000 0.000000
vt -0.000000 -3.575000 0.000000
vt 0.300000 -3.575000 0.000000
vt -0.000000 -2.525000 0.000000
vt 0.300000 -2.525000 0.000000
vt 0.000000 -11.578439 0.000000
vt -0.300000 -11.578439 0.000000
vt 0.000000 -12.233198 0.000000
vt -0.300000 -12.233198 0.000000
vt -0.300000 -12.887958 0.000000
vt 0.000000 -12.887958 0.000000
vt -0.300000 -13.542717 0.000000
vt 0.000000 -13.542717 0.000000
vt -0.300000 -14.197476 0.000000
vt 0.000000 -14.197476 0.000000
vt -0.300000 -14.852236 0.000000
vt 0.000000 -14.852236 0.000000
vt -0.300000 -15.506995 0.000000
vt -0.000000 -15.506995 0.000000
vt -0.000000 -16.161755 0.000000
vt -0.300000 -16.161755 0.000000
vt 0.000000 -6.775000 0.000000
vt 0.300000 -6.775000 0.000000
vt -0.000000 -6.525000 0.000000
vt 0.300000 -6.525000 0.000000
vt 0.000000 1.450000 0.000000
vt -0.300000 1.450000 0.000000
vt 0.000000 0.950000 0.000000
vt -0.300000 0.950000 0.000000
vt 0.300000 -0.100000 0.000000
vt -0.000000 -0.100000 0.000000
vt 0.300000 -10.350000 0.000000
vt -0.000000 -10.350000 0.000000
vt -0.000000 -1.475000 0.000000
vt 0.300000 -1.475000 0.000000
vt 0.000000 -0.000000 0.000000
vt 0.300000 -0.000000 0.000000
vt 0.000000 9.750000 0.000000
vt -0.300000 9.750000 0.000000
vt 0.000000 -0.000000 0.000000
vt -0.300000 -0.000000 0.000000
vt -0.300000 0.100000 0.000000
vt 0.000000 0.100000 0.000000
vt -0.300000 0.500000 0.000000
vt 0.000000 0.500000 0.000000
vt 0.000000 1.050000 0.000000
vt -0.300000 1.050000 0.000000
vt 0.000000 0.000000 0.000000
vt -0.300000 0.000000 0.000000
vt 0.000000 -0.400000 0.000000
vt 0.300000 -0.400000 0.000000
vt 0.000000 0.000000 0.000000
vt 0.300000 0.000000 0.000000
vt -0.300000 0.100000 0.000000
vt 0.000000 0.100000 0.000000
vt -0.300000 1.100000 0.000000
vt 0.000000 1.100000 0.000000
vt -0.000000 4.583316 0.000000
vt -0.300000 4.583316 0.000000
vt -0.000000 3.928557 0.000000
vt -0.300000 3.928557 0.000000
vt -0.300000 3.273797 0.000000
vt -0.000000 3.273797 0.000000
vt -0.300000 2.619038 0.000000
vt -0.000000 2.619038 0.000000
vt -0.300000 1.964278 0.000000
vt -0.000000 1.964278 0.000000
vt -0.300000 1.309519 0.000000
vt -0.000000 1.309519 0.000000
vt -0.300000 0.654759 0.000000
vt -0.000000 0.654759 0.000000
vt -0.000000 0.000000 0.000000
vt -0.300000 0.000000 0.000000
vt -0.000000 -1.500000 0.000000
vt 0.300000 -1.500000 0.000000
vt -0.000000 -0.000000 0.000000
vt 0.300000 -0.000000 0.000000
vt 0.300000 -0.100000 0.000000
vt 0.000000 -0.100000 0.000000
vt 0.300000 -0.500000 0.000000
vt 0.000000 -0.500000 0.000000
vt -0.000000 -0.550000 0.000000
vt 0.300000 -0.550000 0.000000
vt 0.000000 0.000000 0.000000
vt 0.300000 0.000000 0.000000
vt 0.000000 0.400000 0.000000
vt -0.300000 0.400000 0.000000
vt 0.000000 0.000000 0.000000
vt -0.300000 0.000000 0.000000
vt -0.300000 -0.314159 0.000000
vt -0.000000 -0.314159 0.000000
vt -0.300000 -0.287979 0.000000
vt -0.000000 -0.287979 0.000000
vt -0.300000 -0.261799 0.000000
vt -0.000000 -0.261799 0.000000
vt -0.300000 -0.235619 0.000000
vt -0.000000 -0.235619 0.000000
vt -0.300000 -0.209440 0.000000
vt -0.000000 -0.209440 0.000000
vt -0.300000 -0.183260 0.000000
vt -0.000000 -0.183260 0.000000
vt -0.300000 -0.157080 0.000000
vt -0.000000 -0.157080 0.000000
vt -0.300000 -0.157080 0.000000
vt -0.000000 -0.157080 0.000000
vt -0.300000 -0.130900 0.000000
vt 0.000000 -0.130900 0.000000
vt -0.300000 -0.104720 0.000000
vt 0.000000 -0.104720 0.000000
vt -0.300000 -0.078540 0.000000
vt 0.000000 -0.078540 0.000000
vt -0.300000 -0.052360 0.000000
vt -0.000000 -0.052360 0.000000
vt -0.300000 -0.026180 0.000000
vt -0.000000 -0.026180 0.000000
vt -0.300000 0.000000 0.000000
vt -0.000000 0.000000 0.000000
vt -0.300000 0.157080 0.000000
vt -0.000000 0.157080 0.000000
vt -0.300000 0.183260 0.000000
vt -0.000000 0.183260 0.000000
vt -0.300000 0.209440 0.000000
vt -0.000000 0.209440 0.000000
vt -0.300000 0.235619 0.000000
vt -0.000000 0.235619 0.000000
vt -0.300000 0.261799 0.000000
vt -0.000000 0.261799 0.000000
vt -0.300000 0.287979 0.000000
vt -0.000000 0.287979 0.000000
vt -0.300000 0.314159 0.000000
vt -0.000000 0.314159 0.000000
vt -0.300000 0.000000 0.000000
vt -0.000000 0.000000 0.000000
vt -0.300000 0.026180 0.000000
vt -0.000000 0.026180 0.000000
vt -0.300000 0.052360 0.000000
vt -0.000000 0.052360 0.000000
vt -0.300000 0.078540 0.000000
vt -0.000000 0.078540 0.000000
vt -0.300000 0.104720 0.000000
vt -0.000000 0.104720 0.000000
vt -0.300000 0.130900 0.000000
vt -0.000000 0.130900 0.000000
vt -0.300000 0.157080 0.000000
vt -0.000000 0.157080 0.000000
vt 0.030000 -0.650000 0.000000
vt 0.330000 -0.650000 0.000000
vt 0.030000 0.000000 0.000000
vt 0.330000 0.000000 0.000000
vt 0.030000 -0.110000 0.000000
vt 0.330000 -0.110000 0.000000
vt 0.030000 0.000000 0.000000
vt 0.330000 0.000000 0.000000
vt 0.030000 -0.250000 0.000000
vt 0.330000 -0.250000 0.000000
vt 0.030000 0.000000 0.000000
vt 0.330000 0.000000 0.000000
vt -0.030000 0.110000 0.000000
vt -0.330000 0.110000 0.000000
vt -0.030000 0.000000 0.000000
vt -0.330000 0.000000 0.000000
vt 0.030000 -0.200000 0.000000
vt 0.330000 -0.200000 0.000000
vt 0.030000 0.000000 0.000000
vt 0.330000 0.000000 0.000000
vt -0.030000 0.300000 0.000000
vt -0.330000 0.300000 0.000000
vt -0.030000 0.000000 0.000000
vt -0.330000 0.000000 0.000000
vt -0.030000 0.200000 0.000000
vt -0.330000 0.200000 0.000000
vt -0.030000 0.000000 0.000000
vt -0.330000 0.000000 0.000000
vt -0.030000 0.250000 0.000000
vt -0.330000 0.250000 0.000000
vt -0.030000 0.000000 0.000000
vt -0.330000 0.000000 0.000000
vt -0.030000 0.110000 0.000000
vt -0.330000 0.110000 0.000000
vt -0.030000 0.000000 0.000000
vt -0.330000 0.000000 0.000000
vt 0.030000 -0.110000 0.000000
vt 0.330000 -0.110000 0.000000
vt 0.030000 0.000000 0.000000
vt 0.330000 0.000000 0.000000
vt -0.030000 0.650000 0.000000
vt -0.330000 0.650000 0.000000
vt -0.030000 0.000000 0.000000
vt -0.330000 0.000000 0.000000
vt 0.030000 0.000000 0.000000
vt 0.330000 0.000000 0.000000
vt 0.030000 1.003969 0.000000
vt 0.330000 1.003969 0.000000
vt -0.030000 0.000000 0.000000
vt -0.330000 0.000000 0.000000
vt -0.030000 -0.650000 0.000000
vt -0.330000 -0.650000 0.000000
vt -0.030000 0.000000 0.000000
vt -0.330000 0.000000 0.000000
vt -0.030000 -0.110000 0.000000
vt -0.330000 -0.110000 0.000000
vt -0.030000 0.000000 0.000000
vt -0.330000 0.000000 0.000000
vt -0.030000 -0.250000 0.000000
vt -0.330000 -0.250000 0.000000
vt 0.030000 0.000000 0.000000
vt 0.330000 0.000000 0.000000
vt 0.030000 0.110000 0.000000
vt 0.330000 0.110000 0.000000
vt -0.030000 0.000000 0.000000
vt -0.330000 0.000000 0.000000
vt -0.030000 -0.200000 0.000000
vt -0.330000 -0.200000 0.000000
vt 0.030000 0.000000 0.000000
vt 0.330000 0.000000 0.000000
vt 0.030000 0.300000 0.000000
vt 0.330000 0.300000 0.000000
vt 0.030000 0.000000 0.000000
vt 0.330000 0.000000 0.000000
vt 0.030000 0.200000 0.000000
vt 0.330000 0.200000 0.000000
vt 0.030000 0.000000 0.000000
vt 0.330000 0.000000 0.000000
vt 0.030000 0.110000 0.000000
vt 0.330000 0.110000 0.000000
vt 0.030000 0.000000 0.000000
vt 0.330000 0.000000 0.000000
vt 0.030000 0.250000 0.000000
vt 0.330000 0.250000 0.000000
vt -0.030000 0.000000 0.000000
vt -0.330000 0.000000 0.000000
vt -0.030000 -0.110000 0.000000
vt -0.330000 -0.110000 0.000000
vt 0.030000 0.000000 0.000000
vt 0.330000 0.000000 0.000000
vt 0.030000 0.650000 0.000000
vt 0.330000 0.650000 0.000000
vt 0.030000 0.000000 0.000000
vt 0.330000 0.000000 0.000000
vt 0.030000 0.320000 0.000000
vt 0.330000 0.320000 0.000000
vt 0.030000 -0.000000 0.000000
vt 0.330000 0.000000 0.000000
vt 0.030000 0.160000 0.000000
vt 0.330000 0.160000 0.000000
vt -0.030000 0.160000 0.000000
vt -0.330000 0.160000 0.000000
vt -0.030000 0.000000 0.000000
vt -0.330000 0.000000 0.000000
vt 0.030000 -0.320000 0.000000
vt 0.330000 -0.320000 0.000000
vt 0.030000 0.000000 0.000000
vt 0.330000 0.000000 0.000000
vt -0.030000 0.650000 0.000000
vt -0.330000 0.650000 0.000000
vt -0.030000 0.000000 0.000000
vt -0.330000 0.000000 0.000000
vt -0.030000 0.110000 0.000000
vt -0.330000 0.110000 0.000000
vt -0.030000 0.000000 0.000000
vt -0.330000 0.000000 0.000000
vt -0.030000 0.250000 0.000000
vt -0.330000 0.250000 0.000000
vt -0.030000 0.000000 0.000000
vt -0.330000 0.000000 0.000000
vt 0.030000 -0.110000 0.000000
vt 0.330000 -0.110000 0.000000
vt 0.030000 0.000000 0.000000
vt 0.330000 0.000000 0.000000
vt -0.030000 0.200000 0.000000
vt -0.330000 0.200000 0.000000
vt -0.030000 0.000000 0.000000
vt -0.330000 0.000000 0.000000
vt 0.030000 -0.300000 0.000000
vt 0.330000 -0.300000 0.000000
vt 0.030000 0.000000 0.000000
vt 0.330000 0.000000 0.000000
vt 0.030000 -0.200000 0.000000
vt 0.330000 -0.200000 0.000000
vt 0.030000 0.000000 0.000000
vt 0.330000 0.000000 0.000000
vt 0.030000 -0.110000 0.000000
vt 0.330000 -0.110000 0.000000
vt 0.030000 0.000000 0.000000
vt 0.330000 0.000000 0.000000
vt 0.030000 -0.250000 0.000000
vt 0.330000 -0.250000 0.000000
vt 0.030000 0.000000 0.000000
vt 0.330000 0.000000 0.000000
vt -0.030000 0.110000 0.000000
vt -0.330000 0.110000 0.000000
vt -0.030000 0.000000 0.000000
vt -0.330000 0.000000 0.000000
vt 0.030000 -1.003969 0.000000
vt 0.330000 -1.003969 0.000000
vt 0.030000 0.000000 0.000000
vt 0.330000 0.000000 0.000000
vt 0.030000 -0.650000 0.000000
vt 0.330000 -0.650000 0.000000
vt 0.030000 0.000000 0.000000
vt 0.330000 0.000000 0.000000
vt 0.030000 0.000000 0.000000
vt 0.330000 0.000000 0.000000
vt 0.030000 0.250000 0.000000
vt 0.330000 0.250000 0.000000
vt 0.030000 0.000000 0.000000
vt 0.330000 0.000000 0.000000
vt 0.030000 0.650000 0.000000
vt 0.330000 0.650000 0.000000
vt 0.030000 0.000000 0.000000
vt 0.330000 0.000000 0.000000
vt 0.030000 0.110000 0.000000
vt 0.330000 0.110000 0.000000
vt -0.030000 0.000000 0.000000
vt -0.330000 0.000000 0.000000
vt -0.030000 -0.110000 0.000000
vt -0.330000 -0.110000 0.000000
vt 0.030000 0.000000 0.000000
vt 0.330000 0.000000 0.000000
vt 0.030000 0.200000 0.000000
vt 0.330000 0.200000 0.000000
vt -0.030000 0.000000 0.000000
vt -0.330000 0.000000 0.000000
vt -0.030000 -0.300000 0.000000
vt -0.330000 -0.300000 0.000000
vt -0.030000 0.000000 0.000000
vt -0.330000 0.000000 0.000000
vt -0.030000 -0.200000 0.000000
vt -0.330000 -0.200000 0.000000
vt -0.030000 0.000000 0.000000
vt -0.330000 0.000000 0.000000
vt -0.030000 -0.110000 0.000000
vt -0.330000 -0.110000 0.000000
vt -0.030000 0.000000 0.000000
vt -0.330000 0.000000 0.000000
vt -0.030000 -0.250000 0.000000
vt -0.330000 -0.250000 0.000000
vt 0.030000 0.000000 0.000000
vt 0.330000 0.000000 0.000000
vt 0.030000 0.110000 0.000000
vt 0.330000 0.110000 0.000000
vt -0.030000 -0.000000 0.000000
vt -0.330000 0.000000 0.000000
vt -0.030000 -0.650000 0.000000
vt -0.330000 -0.650000 0.000000
vt 0.300000 0.160000 0.000000
vt -0.000000 0.160000 0.000000
vt 0.300000 0.000000 0.000000
vt -0.000000 0.000000 0.000000
vt -0.300000 -0.160000 0.000000
vt -0.000000 -0.160000 0.000000
vt -0.300000 -0.000000 0.000000
vt -0.000000 -0.000000 0.000000
vt -0.300000 -0.500000 0.000000
vt -0.000000 -0.500000 0.000000
vt -0.300000 0.000000 0.000000
vt -0.000000 0.000000 0.000000
vt 0.300000 0.160000 0.000000
vt -0.000000 0.160000 0.000000
vt 0.300000 0.000000 0.000000
vt -0.000000 0.000000 0.000000
vt -0.300000 -0.160000 0.000000
vt -0.000000 -0.160000 0.000000
vt -0.300000 -0.000000 0.000000
vt -0.000000 -0.000000 0.000000
vt -0.300000 -0.500000 0.000000
vt -0.000000 -0.500000 0.000000
vt -0.300000 0.000000 0.000000
vt -0.000000 0.000000 0.000000
vt 0.300000 0.032725 0.000000
vt 0.000000 0.032725 0.000000
vt 0.300000 0.000000 0.000000
vt 0.000000 0.000000 0.000000
vt 0.300000 -0.032725 0.000000
vt 0.000000 -0.032725 0.000000
vt 0.300000 -0.065450 0.000000
vt -0.000000 -0.065450 0.000000
vt 0.300000 -0.098175 0.000000
vt 0.000000 -0.098175 0.000000
vt 0.300000 -0.130900 0.000000
vt -0.000000 -0.130900 0.000000
vt 0.300000 -0.163625 0.000000
vt -0.000000 -0.163625 0.000000
vt 0.300000 -0.196350 0.000000
vt 0.000000 -0.196350 0.000000
vt 0.300000 -0.229074 0.000000
vt 0.000000 -0.229074 0.000000
vt 0.300000 -0.261799 0.000000
vt 0.000000 -0.261799 0.000000
vt 0.300000 -0.294524 0.000000
vt 0.000000 -0.294524 0.000000
vt 0.300000 -0.327249 0.000000
vt 0.000000 -0.327249 0.000000
vt 0.300000 -0.359974 0.000000
vt 0.000000 -0.359974 0.000000
vt 0.300000 -0.392699 0.000000
vt 0.000000 -0.392699 0.000000
vt 0.300000 0.392699 0.000000
vt 0.000000 0.392699 0.000000
vt 0.300000 0.359974 0.000000
vt 0.000000 0.359974 0.000000
vt 0.300000 0.327249 0.000000
vt 0.000000 0.327249 0.000000
vt 0.300000 0.294524 0.000000
vt 0.000000 0.294524 0.000000
vt 0.300000 0.261799 0.000000
vt 0.000000 0.261799 0.000000
vt 0.300000 0.229074 0.000000
vt 0.000000 0.229074 0.000000
vt 0.300000 0.196350 0.000000
vt 0.000000 0.196350 0.000000
vt 0.300000 0.163625 0.000000
vt 0.000000 0.163625 0.000000
vt 0.300000 0.130900 0.000000
vt 0.000000 0.130900 0.000000
vt 0.300000 0.098175 0.000000
vt 0.000000 0.098175 0.000000
vt 0.300000 0.065450 0.000000
vt 0.000000 0.065450 0.000000
vt 0.300000 0.032725 0.000000
vt 0.000000 0.032725 0.000000
vt 0.300000 0.000000 0.000000
vt 0.000000 0.000000 0.000000
vt 0.300000 -0.032725 0.000000
vt 0.000000 -0.032725 0.000000
vt 0.300000 -0.065450 0.000000
vt -0.000000 -0.065450 0.000000
vt 0.300000 -0.098175 0.000000
vt 0.000000 -0.098175 0.000000
vt 0.300000 -0.130900 0.000000
vt -0.000000 -0.130900 0.000000
vt 0.300000 -0.163625 0.000000
vt -0.000000 -0.163625 0.000000
vt 0.300000 -0.196350 0.000000
vt 0.000000 -0.196350 0.000000
vt 0.300000 -0.229074 0.000000
vt 0.000000 -0.229074 0.000000
vt 0.300000 -0.261799 0.000000
vt 0.000000 -0.261799 0.000000
vt 0.300000 -0.294524 0.000000
vt 0.000000 -0.294524 0.000000
vt 0.300000 -0.327249 0.000000
vt 0.000000 -0.327249 0.000000
vt 0.300000 -0.359974 0.000000
vt 0.000000 -0.359974 0.000000
vt 0.300000 -0.392699 0.000000
vt 0.000000 -0.392699 0.000000
vt 0.300000 0.392699 0.000000
vt 0.000000 0.392699 0.000000
vt 0.300000 0.359974 0.000000
vt 0.000000 0.359974 0.000000
vt 0.300000 0.327249 0.000000
vt 0.000000 0.327249 0.000000
vt 0.300000 0.294524 0.000000
vt 0.000000 0.294524 0.000000
vt 0.300000 0.261799 0.000000
vt 0.000000 0.261799 0.000000
vt 0.300000 0.229074 0.000000
vt 0.000000 0.229074 0.000000
vt 0.300000 0.196350 0.000000
vt 0.000000 0.196350 0.000000
vt 0.300000 0.163625 0.000000
vt 0.000000 0.163625 0.000000
vt 0.300000 0.130900 0.000000
vt 0.000000 0.130900 0.000000
vt 0.300000 0.098175 0.000000
vt 0.000000 0.098175 0.000000
vt 0.300000 0.065450 0.000000
vt 0.000000 0.065450 0.000000
vt 0.300000 0.032725 0.000000
vt 0.000000 0.032725 0.000000
vt 0.300000 0.000000 0.000000
vt 0.000000 0.000000 0.000000
vt 0.300000 -0.032725 0.000000
vt 0.000000 -0.032725 0.000000
vt 0.300000 -0.065450 0.000000
vt -0.000000 -0.065450 0.000000
vt 0.300000 -0.098175 0.000000
vt -0.000000 -0.098175 0.000000
vt 0.300000 -0.130900 0.000000
vt 0.000000 -0.130900 0.000000
vt 0.300000 -0.163625 0.000000
vt -0.000000 -0.163625 0.000000
vt 0.300000 -0.196350 0.000000
vt 0.000000 -0.196350 0.000000
vt 0.300000 -0.229074 0.000000
vt 0.000000 -0.229074 0.000000
vt 0.300000 -0.261799 0.000000
vt 0.000000 -0.261799 0.000000
vt 0.300000 -0.294524 0.000000
vt 0.000000 -0.294524 0.000000
vt 0.300000 -0.327249 0.000000
vt 0.000000 -0.327249 0.000000
vt 0.300000 -0.359974 0.000000
vt 0.000000 -0.359974 0.000000
vt 0.300000 -0.392699 0.000000
vt 0.000000 -0.392699 0.000000
vt 0.300000 0.392699 0.000000
vt 0.000000 0.392699 0.000000
vt 0.300000 0.359974 0.000000
vt 0.000000 0.359974 0.000000
vt 0.300000 0.327249 0.000000
vt 0.000000 0.327249 0.000000
vt 0.300000 0.294524 0.000000
vt 0.000000 0.294524 0.000000
vt 0.300000 0.261799 0.000000
vt 0.000000 0.261799 0.000000
vt 0.300000 0.229074 0.000000
vt 0.000000 0.229074 0.000000
vt 0.300000 0.196350 0.000000
vt 0.000000 0.196350 0.000000
vt 0.300000 0.163625 0.000000
vt 0.000000 0.163625 0.000000
vt 0.300000 0.130900 0.000000
vt 0.000000 0.130900 0.000000
vt 0.300000 0.098175 0.000000
vt 0.000000 0.098175 0.000000
vt 0.300000 0.065450 0.000000
vt 0.000000 0.065450 0.000000
vt 0.300000 0.032725 0.000000
vt 0.000000 0.032725 0.000000
vt 0.300000 0.000000 0.000000
vt 0.000000 0.000000 0.000000
vt 0.300000 -0.032725 0.000000
vt 0.000000 -0.032725 0.000000
vt 0.300000 -0.065450 0.000000
vt -0.000000 -0.065450 0.000000
vt 0.300000 -0.098175 0.000000
vt -0.000000 -0.098175 0.000000
vt 0.300000 -0.130900 0.000000
vt 0.000000 -0.130900 0.000000
vt 0.300000 -0.163625 0.000000
vt -0.000000 -0.163625 0.000000
vt 0.300000 -0.196350 0.000000
vt 0.000000 -0.196350 0.000000
vt 0.300000 -0.229074 0.000000
vt 0.000000 -0.229074 0.000000
vt 0.300000 -0.261799 0.000000
vt 0.000000 -0.261799 0.000000
vt 0.300000 -0.294524 0.000000
vt 0.000000 -0.294524 0.000000
vt 0.300000 -0.327249 0.000000
vt 0.000000 -0.327249 0.000000
vt 0.300000 -0.359974 0.000000
vt 0.000000 -0.359974 0.000000
vt 0.300000 -0.392699 0.000000
vt 0.000000 -0.392699 0.000000
vt 0.300000 0.392699 0.000000
vt 0.000000 0.392699 0.000000
vt 0.300000 0.359974 0.000000
vt 0.000000 0.359974 0.000000
vt 0.300000 0.327249 0.000000
vt 0.000000 0.327249 0.000000
vt 0.300000 0.294524 0.000000
vt 0.000000 0.294524 0.000000
vt 0.300000 0.261799 0.000000
vt 0.000000 0.261799 0.000000
vt 0.300000 0.229074 0.000000
vt 0.000000 0.229074 0.000000
vt 0.300000 0.196350 0.000000
vt 0.000000 0.196350 0.000000
vt 0.300000 0.163625 0.000000
vt 0.000000 0.163625 0.000000
vt 0.300000 0.130900 0.000000
vt 0.000000 0.130900 0.000000
vt 0.300000 0.098175 0.000000
vt 0.000000 0.098175 0.000000
vt 0.300000 0.065450 0.000000
vt 0.000000 0.065450 0.000000
vt -0.300000 -1.000000 0.000000
vt -0.000000 -1.000000 0.000000
vt -0.300000 0.000000 0.000000
vt -0.000000 0.000000 0.000000
vt 0.300000 0.300000 0.000000
vt -0.000000 0.300000 0.000000
vt 0.300000 0.000000 0.000000
vt -0.000000 0.000000 0.000000
vt 0.300000 1.000000 0.000000
vt -0.000000 1.000000 0.000000
vt 0.300000 0.000000 0.000000
vt -0.000000 0.000000 0.000000
vt -0.300000 -0.300000 0.000000
vt -0.000000 -0.300000 0.000000
vt -0.300000 0.000000 0.000000
vt -0.000000 0.000000 0.000000
vt -0.300000 0.000000 0.000000
vt 0.000000 0.000000 0.000000
vt -0.300000 1.000000 0.000000
vt 0.000000 1.000000 0.000000
vt -0.300000 0.000000 0.000000
vt 0.000000 0.000000 0.000000
vt -0.300000 0.300000 0.000000
vt 0.000000 0.300000 0.000000
vt 0.300000 0.000000 0.000000
vt 0.000000 0.000000 0.000000
vt 0.300000 -1.000000 0.000000
vt 0.000000 -1.000000 0.000000
vt 0.300000 0.000000 0.000000
vt 0.000000 -0.000000 0.000000
vt 0.300000 -0.300000 0.000000
vt 0.000000 -0.300000 0.000000
vt -0.300000 0.000000 0.000000
vt 0.000000 0.000000 0.000000
vt -0.300000 1.000000 0.000000
vt 0.000000 1.000000 0.000000
vt -0.300000 0.000000 0.000000
vt 0.000000 0.000000 0.000000
vt -0.300000 0.300000 0.000000
vt 0.000000 0.300000 0.000000
vt 0.300000 0.000000 0.000000
vt 0.000000 0.000000 0.000000
vt 0.300000 -1.000000 0.000000
vt 0.000000 -1.000000 0.000000
vt 0.300000 0.000000 0.000000
vt 0.000000 0.000000 0.000000
vt 0.300000 -0.300000 0.000000
vt 0.000000 -0.300000 0.000000
vt -0.300000 0.000000 0.000000
vt 0.000000 0.000000 0.000000
vt -0.300000 0.600000 0.000000
vt 0.000000 0.600000 0.000000
vt -0.300000 0.000000 0.000000
vt 0.000000 0.000000 0.000000
vt -0.300000 0.300000 0.000000
vt 0.000000 0.300000 0.000000
vt 0.300000 0.000000 0.000000
vt 0.000000 0.000000 0.000000
vt 0.300000 -0.600000 0.000000
vt 0.000000 -0.600000 0.000000
vt 0.300000 0.000000 0.000000
vt 0.000000 0.000000 0.000000
vt 0.300000 -0.300000 0.000000
vt 0.000000 -0.300000 0.000000
vt -0.300000 0.000000 0.000000
vt 0.000000 0.000000 0.000000
vt -0.300000 0.300000 0.000000
vt -0.000000 0.300000 0.000000
vt -0.300000 0.000000 0.000000
vt 0.000000 0.000000 0.000000
vt -0.300000 1.000000 0.000000
vt 0.000000 1.000000 0.000000
vt 0.300000 0.000000 0.000000
vt 0.000000 0.000000 0.000000
vt 0.300000 -0.300000 0.000000
vt -0.000000 -0.300000 0.000000
vt 0.300000 0.000000 0.000000
vt -0.000000 0.000000 0.000000
vt 0.300000 -1.000000 0.000000
vt 0.000000 -1.000000 0.000000
vt -0.300000 0.000000 0.000000
vt 0.000000 0.000000 0.000000
vt -0.300000 0.600000 0.000000
vt 0.000000 0.600000 0.000000
vt -0.300000 0.000000 0.000000
vt 0.000000 0.000000 0.000000
vt -0.300000 0.300000 0.000000
vt 0.000000 0.300000 0.000000
vt 0.300000 0.000000 0.000000
vt 0.000000 0.000000 0.000000
vt 0.300000 -0.600000 0.000000
vt 0.000000 -0.600000 0.000000
vt 0.300000 0.000000 0.000000
vt 0.000000 0.000000 0.000000
vt 0.300000 -0.300000 0.000000
vt 0.000000 -0.300000 0.000000
vt -0.300000 0.000000 0.000000
vt 0.000000 0.000000 0.000000
vt -0.300000 1.000000 0.000000
vt 0.000000 1.000000 0.000000
vt -0.300000 0.000000 0.000000
vt 0.000000 0.000000 0.000000
vt -0.300000 0.300000 0.000000
vt 0.000000 0.300000 0.000000
vt 0.300000 0.000000 0.000000
vt 0.000000 0.000000 0.000000
vt 0.300000 -1.000000 0.000000
vt 0.000000 -1.000000 0.000000
vt 0.300000 0.000000 0.000000
vt 0.000000 0.000000 0.000000
vt 0.300000 -0.300000 0.000000
vt 0.000000 -0.300000 0.000000
vt -0.300000 0.000000 0.000000
vt 0.000000 0.000000 0.000000
vt -0.300000 0.300000 0.000000
vt 0.000000 0.300000 0.000000
vt -0.300000 0.000000 0.000000
vt 0.000000 0.000000 0.000000
vt -0.300000 1.000000 0.000000
vt 0.000000 1.000000 0.000000
vt 0.300000 0.000000 0.000000
vt 0.000000 0.000000 0.000000
vt 0.300000 -0.300000 0.000000
vt -0.000000 -0.300000 0.000000
vt 0.300000 0.000000 0.000000
vt -0.000000 0.000000 0.000000
vt 0.300000 -1.000000 0.000000
vt 0.000000 -1.000000 0.000000
vt 0.030000 -1.100000 0.000000
vt 0.330000 -1.100000 0.000000
vt 0.030000 -0.200000 0.000000
vt 0.330000 -0.200000 0.000000
vt 0.030000 -0.700000 0.000000
vt 0.330000 -0.700000 0.000000
vt 0.030000 -0.200000 0.000000
vt 0.330000 -0.200000 0.000000
vt -0.030000 0.700000 0.000000
vt -0.330000 0.700000 0.000000
vt -0.030000 0.200000 0.000000
vt -0.330000 0.200000 0.000000
vt -0.330000 0.200000 0.000000
vt -0.030000 0.200000 0.000000
vt -0.330000 1.100000 0.000000
vt -0.030000 1.100000 0.000000
vt 0.030000 0.314159 0.000000
vt 0.330000 0.314159 0.000000
vt 0.030000 0.366519 0.000000
vt 0.330000 0.366519 0.000000
vt 0.030000 0.418879 0.000000
vt 0.330000 0.418879 0.000000
vt 0.030000 0.471239 0.000000
vt 0.330000 0.471239 0.000000
vt 0.030000 0.523599 0.000000
vt 0.330000 0.523599 0.000000
vt 0.030000 0.575959 0.000000
vt 0.330000 0.575959 0.000000
vt 0.030000 0.628319 0.000000
vt 0.330000 0.628319 0.000000
vt 0.030000 -0.628319 0.000000
vt 0.330000 -0.628319 0.000000
vt 0.030000 -0.575959 0.000000
vt 0.330000 -0.575959 0.000000
vt 0.030000 -0.523599 0.000000
vt 0.330000 -0.523599 0.000000
vt 0.030000 -0.471239 0.000000
vt 0.330000 -0.471239 0.000000
vt 0.030000 -0.418879 0.000000
vt 0.330000 -0.418879 0.000000
vt 0.030000 -0.366519 0.000000
vt 0.330000 -0.366519 0.000000
vt 0.030000 -0.314159 0.000000
vt 0.330000 -0.314159 0.000000
vt 0.030000 -0.314159 0.000000
vt 0.330000 -0.314159 0.000000
vt 0.030000 -0.261799 0.000000
vt 0.330000 -0.261799 0.000000
vt 0.030000 -0.209440 0.000000
vt 0.330000 -0.209440 0.000000
vt 0.030000 -0.157080 0.000000
vt 0.330000 -0.157080 0.000000
vt 0.030000 -0.104720 0.000000
vt 0.330000 -0.104720 0.000000
vt 0.030000 -0.052360 0.000000
vt 0.330000 -0.052360 0.000000
vt 0.030000 0.000000 0.000000
vt 0.330000 0.000000 0.000000
vt 0.030000 0.000000 0.000000
vt 0.330000 0.000000 0.000000
vt 0.030000 0.052360 0.000000
vt 0.330000 0.052360 0.000000
vt 0.030000 0.104720 0.000000
vt 0.330000 0.104720 0.000000
vt 0.030000 0.157080 0.000000
vt 0.330000 0.157080 0.000000
vt 0.030000 0.209440 0.000000
vt 0.330000 0.209440 0.000000
vt 0.030000 0.261799 0.000000
vt 0.330000 0.261799 0.000000
vt 0.030000 0.314159 0.000000
vt 0.330000 0.314159 0.000000
vt 0.030000 -0.500000 0.000000
vt 0.330000 -0.500000 0.000000
vt 0.030000 0.000000 0.000000
vt 0.330000 0.000000 0.000000
vt -0.030000 0.110000 0.000000
vt -0.330000 0.110000 0.000000
vt -0.030000 0.000000 0.000000
vt -0.330000 0.000000 0.000000
vt 0.030000 -0.110000 0.000000
vt 0.330000 -0.110000 0.000000
vt 0.030000 0.000000 0.000000
vt 0.330000 0.000000 0.000000
vt 0.030000 -0.250000 0.000000
vt 0.330000 -0.250000 0.000000
vt 0.030000 0.000000 0.000000
vt 0.330000 0.000000 0.000000
vt 0.030000 -0.200000 0.000000
vt 0.330000 -0.200000 0.000000
vt 0.030000 0.000000 0.000000
vt 0.330000 0.000000 0.000000
vt 0.030000 -0.300000 0.000000
vt 0.330000 -0.300000 0.000000
vt 0.030000 0.000000 0.000000
vt 0.330000 0.000000 0.000000
vt -0.030000 0.200000 0.000000
vt -0.330000 0.200000 0.000000
vt -0.030000 0.000000 0.000000
vt -0.330000 0.000000 0.000000
vt 0.030000 -0.110000 0.000000
vt 0.330000 -0.110000 0.000000
vt 0.030000 0.000000 0.000000
vt 0.330000 0.000000 0.000000
vt -0.030000 0.250000 0.000000
vt -0.330000 0.250000 0.000000
vt -0.030000 0.000000 0.000000
vt -0.330000 0.000000 0.000000
vt -0.030000 0.110000 0.000000
vt -0.330000 0.110000 0.000000
vt -0.030000 0.000000 0.000000
vt -0.330000 0.000000 0.000000
vt -0.030000 0.500000 0.000000
vt -0.330000 0.500000 0.000000
vt -0.030000 -0.000000 0.000000
vt -0.330000 0.000000 0.000000
vt -0.030000 0.000000 0.000000
vt -0.330000 0.000000 0.000000
vt -0.030000 -0.500000 0.000000
vt -0.330000 -0.500000 0.000000
vt 0.030000 0.000000 0.000000
vt 0.330000 0.000000 0.000000
vt 0.030000 0.110000 0.000000
vt 0.330000 0.110000 0.000000
vt -0.030000 0.000000 0.000000
vt -0.330000 0.000000 0.000000
vt -0.030000 -0.250000 0.000000
vt -0.330000 -0.250000 0.000000
vt -0.030000 0.000000 0.000000
vt -0.330000 0.000000 0.000000
vt -0.030000 -0.110000 0.000000
vt -0.330000 -0.110000 0.000000
vt -0.030000 0.000000 0.000000
vt -0.330000 0.000000 0.000000
vt -0.030000 -0.200000 0.000000
vt -0.330000 -0.200000 0.000000
vt -0.030000 0.000000 0.000000
vt -0.330000 0.000000 0.000000
vt -0.030000 -0.110000 0.000000
vt -0.330000 -0.110000 0.000000
vt -0.030000 0.000000 0.000000
vt -0.330000 0.000000 0.000000
vt -0.030000 -0.300000 0.000000
vt -0.330000 -0.300000 0.000000
vt 0.030000 0.000000 0.000000
vt 0.330000 0.000000 0.000000
vt 0.030000 0.200000 0.000000
vt 0.330000 0.200000 0.000000
vt 0.030000 0.000000 0.000000
vt 0.330000 0.000000 0.000000
vt 0.030000 0.250000 0.000000
vt 0.330000 0.250000 0.000000
vt 0.030000 0.000000 0.000000
vt 0.330000 0.000000 0.000000
vt 0.030000 0.110000 0.000000
vt 0.330000 0.110000 0.000000
vt 0.030000 0.000000 0.000000
vt 0.330000 0.000000 0.000000
vt 0.030000 0.500000 0.000000
vt 0.330000 0.500000 0.000000
vt -0.300000 -1.050000 0.000000
vt -0.000000 -1.050000 0.000000
vt -0.300000 -0.050000 0.000000
vt -0.000000 -0.050000 0.000000
vt -0.000000 0.050000 0.000000
vt 0.300000 0.050000 0.000000
vt -0.000000 0.850000 0.000000
vt 0.300000 0.850000 0.000000
vt -0.000000 0.050000 0.000000
vt 0.300000 0.050000 0.000000
vt -0.000000 1.050000 0.000000
vt 0.300000 1.050000 0.000000
vt -0.000000 -0.050000 0.000000
vt -0.300000 -0.050000 0.000000
vt -0.000000 -0.850000 0.000000
vt -0.300000 -0.850000 0.000000
vt 0.000000 -0.157080 0.000000
vt 0.300000 -0.157080 0.000000
vt 0.000000 -0.143990 0.000000
vt 0.300000 -0.143990 0.000000
vt 0.000000 -0.130900 0.000000
vt 0.300000 -0.130900 0.000000
vt 0.000000 -0.117810 0.000000
vt 0.300000 -0.117810 0.000000
vt 0.000000 -0.104720 0.000000
vt 0.300000 -0.104720 0.000000
vt 0.000000 -0.091630 0.000000
vt 0.300000 -0.091630 0.000000
vt 0.000000 -0.078540 0.000000
vt 0.300000 -0.078540 0.000000
vt 0.000000 -0.078540 0.000000
vt 0.300000 -0.078540 0.000000
vt 0.000000 -0.065450 0.000000
vt 0.300000 -0.065450 0.000000
vt 0.000000 -0.052360 0.000000
vt 0.300000 -0.052360 0.000000
vt 0.000000 -0.039270 0.000000
vt 0.300000 -0.039270 0.000000
vt 0.000000 -0.026180 0.000000
vt 0.300000 -0.026180 0.000000
vt 0.000000 -0.013090 0.000000
vt 0.300000 -0.013090 0.000000
vt 0.000000 0.000000 0.000000
vt 0.300000 0.000000 0.000000
vt 0.000000 0.000000 0.000000
vt 0.300000 0.000000 0.000000
vt 0.000000 0.013090 0.000000
vt 0.300000 0.013090 0.000000
vt 0.000000 0.026180 0.000000
vt 0.300000 0.026180 0.000000
vt 0.000000 0.039270 0.000000
vt 0.300000 0.039270 0.000000
vt 0.000000 0.052360 0.000000
vt 0.300000 0.052360 0.000000
vt 0.000000 0.065450 0.000000
vt 0.300000 0.065450 0.000000
vt 0.000000 0.078540 0.000000
vt 0.300000 0.078540 0.000000
vt 0.000000 0.078540 0.000000
vt 0.300000 0.078540 0.000000
vt 0.000000 0.091630 0.000000
vt 0.300000 0.091630 0.000000
vt 0.000000 0.104720 0.000000
vt 0.300000 0.104720 0.000000
vt 0.000000 0.117810 0.000000
vt 0.300000 0.117810 0.000000
vt 0.000000 0.130900 0.000000
vt 0.300000 0.130900 0.000000
vt 0.000000 0.143990 0.000000
vt 0.300000 0.143990 0.000000
vt 0.000000 0.157080 0.000000
vt 0.300000 0.157080 0.000000
vt -0.000000 0.050000 0.000000
vt 0.300000 0.050000 0.000000
vt -0.000000 1.050000 0.000000
vt 0.300000 1.050000 0.000000
vt -0.300000 -0.850000 0.000000
vt -0.000000 -0.850000 0.000000
vt -0.300000 -0.050000 0.000000
vt -0.000000 -0.050000 0.000000
vt -0.300000 -1.050000 0.000000
vt -0.000000 -1.050000 0.000000
vt -0.300000 -0.050000 0.000000
vt -0.000000 -0.050000 0.000000
vt 0.300000 0.850000 0.000000
vt -0.000000 0.850000 0.000000
vt 0.300000 0.050000 0.000000
vt -0.000000 0.050000 0.000000
vt 0.000000 -0.078540 0.000000
vt 0.300000 -0.078540 0.000000
vt 0.000000 -0.065450 0.000000
vt 0.300000 -0.065450 0.000000
vt 0.000000 -0.052360 0.000000
vt 0.300000 -0.052360 0.000000
vt 0.000000 -0.039270 0.000000
vt 0.300000 -0.039270 0.000000
vt 0.000000 -0.026180 0.000000
vt 0.300000 -0.026180 0.000000
vt 0.000000 -0.013090 0.000000
vt 0.300000 -0.013090 0.000000
vt 0.000000 0.000000 0.000000
vt 0.300000 0.000000 0.000000
vt 0.000000 -0.157080 0.000000
vt 0.300000 -0.157080 0.000000
vt 0.000000 -0.143990 0.000000
vt 0.300000 -0.143990 0.000000
vt 0.000000 -0.130900 0.000000
vt 0.300000 -0.130900 0.000000
vt 0.000000 -0.117810 0.000000
vt 0.300000 -0.117810 0.000000
vt 0.000000 -0.104720 0.000000
vt 0.300000 -0.104720 0.000000
vt 0.000000 -0.091630 0.000000
vt 0.300000 -0.091630 0.000000
vt 0.000000 -0.078540 0.000000
vt 0.300000 -0.078540 0.000000
vt 0.000000 0.078540 0.000000
vt 0.300000 0.078540 0.000000
vt 0.000000 0.091630 0.000000
vt 0.300000 0.091630 0.000000
vt 0.000000 0.104720 0.000000
vt 0.300000 0.104720 0.000000
vt 0.000000 0.117810 0.000000
vt 0.300000 0.117810 0.000000
vt 0.000000 0.130900 0.000000
vt 0.300000 0.130900 0.000000
vt 0.000000 0.143990 0.000000
vt 0.300000 0.143990 0.000000
vt 0.000000 0.157080 0.000000
vt 0.300000 0.157080 0.000000
vt 0.000000 0.000000 0.000000
vt 0.300000 0.000000 0.000000
vt 0.000000 0.013090 0.000000
vt 0.300000 0.013090 0.000000
vt 0.000000 0.026180 0.000000
vt 0.300000 0.026180 0.000000
vt 0.000000 0.039270 0.000000
vt 0.300000 0.039270 0.000000
vt 0.000000 0.052360 0.000000
vt 0.300000 0.052360 0.000000
vt 0.000000 0.065450 0.000000
vt 0.300000 0.065450 0.000000
vt 0.000000 0.078540 0.000000
vt 0.300000 0.078540 0.000000
vt -0.300000 0.200000 0.000000
vt 0.000000 0.200000 0.000000
vt -0.300000 1.000000 0.000000
vt 0.000000 1.000000 0.000000
vt 0.000000 -1.280000 0.000000
vt 0.300000 -1.280000 0.000000
vt 0.000000 -0.200000 0.000000
vt 0.300000 -0.200000 0.000000
vt -0.300000 0.200000 0.000000
vt 0.000000 0.200000 0.000000
vt -0.300000 1.280000 0.000000
vt 0.000000 1.280000 0.000000
vt -0.000000 -0.314159 0.000000
vt 0.300000 -0.314159 0.000000
vt -0.000000 -0.261799 0.000000
vt 0.300000 -0.261799 0.000000
vt -0.000000 -0.209440 0.000000
vt 0.300000 -0.209440 0.000000
vt -0.000000 -0.157080 0.000000
vt 0.300000 -0.157080 0.000000
vt -0.000000 -0.104720 0.000000
vt 0.300000 -0.104720 0.000000
vt -0.000000 -0.052360 0.000000
vt 0.300000 -0.052360 0.000000
vt -0.000000 0.000000 0.000000
vt 0.300000 0.000000 0.000000
vt -0.300000 -0.628319 0.000000
vt -0.000000 -0.628319 0.000000
vt -0.300000 -0.575959 0.000000
vt -0.000000 -0.575959 0.000000
vt -0.300000 -0.523599 0.000000
vt -0.000000 -0.523599 0.000000
vt -0.300000 -0.471239 0.000000
vt -0.000000 -0.471239 0.000000
vt -0.300000 -0.418879 0.000000
vt -0.000000 -0.418879 0.000000
vt -0.300000 -0.366519 0.000000
vt -0.000000 -0.366519 0.000000
vt -0.300000 -0.314159 0.000000
vt -0.000000 -0.314159 0.000000
vt 0.000000 0.314159 0.000000
vt 0.300000 0.314159 0.000000
vt 0.000000 0.366519 0.000000
vt 0.300000 0.366519 0.000000
vt 0.000000 0.418879 0.000000
vt 0.300000 0.418879 0.000000
vt 0.000000 0.471239 0.000000
vt 0.300000 0.471239 0.000000
vt 0.000000 0.523599 0.000000
vt 0.300000 0.523599 0.000000
vt 0.000000 0.575959 0.000000
vt 0.300000 0.575959 0.000000
vt 0.000000 0.628319 0.000000
vt 0.300000 0.628319 0.000000
vt 0.000000 0.000000 0.000000
vt 0.300000 0.000000 0.000000
vt 0.000000 0.052360 0.000000
vt 0.300000 0.052360 0.000000
vt 0.000000 0.104720 0.000000
vt 0.300000 0.104720 0.000000
vt 0.000000 0.157080 0.000000
vt 0.300000 0.157080 0.000000
vt 0.000000 0.209440 0.000000
vt 0.300000 0.209440 0.000000
vt 0.000000 0.261799 0.000000
vt 0.300000 0.261799 0.000000
vt 0.000000 0.314159 0.000000
vt 0.300000 0.314159 0.000000
vt -0.050000 -0.700000 0.000000
vt -0.000000 -0.700000 0.000000
vt -0.050000 0.000000 0.000000
vt -0.000000 0.000000 0.000000
vt 0.050000 0.700000 0.000000
vt -0.000000 0.700000 0.000000
vt 0.050000 0.000000 0.000000
vt -0.000000 0.000000 0.000000
vt 0.050000 0.700000 0.000000
vt -0.000000 0.700000 0.000000
vt 0.050000 0.000000 0.000000
vt -0.000000 0.000000 0.000000
vt -0.050000 0.000000 0.000000
vt 0.000000 0.000000 0.000000
vt -0.050000 0.800000 0.000000
vt 0.000000 0.800000 0.000000
vt -0.050000 0.000000 0.000000
vt 0.000000 0.000000 0.000000
vt -0.050000 0.800000 0.000000
vt 0.000000 0.800000 0.000000
vt 0.050000 -0.000000 0.000000
vt 0.000000 -0.000000 0.000000
vt 0.050000 -0.800000 0.000000
vt 0.000000 -0.800000 0.000000
vt 0.050000 0.000000 0.000000
vt 0.000000 0.000000 0.000000
vt 0.050000 -0.800000 0.000000
vt 0.000000 -0.800000 0.000000
vt -0.050000 -0.700000 0.000000
vt -0.000000 -0.700000 0.000000
vt -0.050000 0.000000 0.000000
vt -0.000000 -0.000000 0.000000
vt -1.550000 0.300000 0.000000
vt -1.500000 1.050000 0.000000
vt -1.550000 1.100000 0.000000
vt -0.800000 1.050000 0.000000
vt -0.750000 1.100000 0.000000
vt -0.750000 0.300000 0.000000
vt -0.800000 0.350000 0.000000
vt -1.500000 0.350000 0.000000
vt -0.050000 -0.265979 0.000000
vt -0.000000 -0.265979 0.000000
vt -0.050000 0.000000 0.000000
vt -0.000000 0.000000 0.000000
vt 0.050000 0.323857 0.000000
vt -0.000000 0.323857 0.000000
vt 0.050000 0.000000 0.000000
vt -0.000000 0.000000 0.000000
vt 0.050000 0.000000 0.000000
vt 0.000000 0.000000 0.000000
vt 0.050000 -0.256016 0.000000
vt 0.000000 -0.256016 0.000000
vt -0.050000 0.000000 0.000000
vt 0.000000 0.000000 0.000000
vt -0.050000 0.066419 0.000000
vt 0.000000 0.066419 0.000000
vt -0.050000 0.000000 0.000000
vt 0.000000 0.000000 0.000000
vt -0.050000 0.467679 0.000000
vt 0.000000 0.467679 0.000000
vt -0.050000 0.000000 0.000000
vt 0.000000 0.000000 0.000000
vt -0.050000 0.059173 0.000000
vt 0.000000 0.059173 0.000000
vt 0.050000 0.000000 0.000000
vt 0.000000 0.000000 0.000000
vt 0.050000 -0.382363 0.000000
vt 0.000000 -0.382363 0.000000
vt -0.050000 0.000000 0.000000
vt 0.000000 0.000000 0.000000
vt -0.050000 0.079703 0.000000
vt 0.000000 0.079703 0.000000
vt 0.050000 0.000000 0.000000
vt 0.000000 0.000000 0.000000
vt 0.050000 -0.066419 0.000000
vt 0.000000 -0.066419 0.000000
vt 0.050000 0.000000 0.000000
vt 0.000000 0.000000 0.000000
vt 0.050000 -0.079703 0.000000
vt 0.000000 -0.079703 0.000000
vt 0.050000 0.000000 0.000000
vt 0.000000 0.000000 0.000000
vt 0.050000 -0.141292 0.000000
vt 0.000000 -0.141292 0.000000
vt 0.050000 0.000000 0.000000
vt 0.000000 0.000000 0.000000
vt 0.050000 -0.072457 0.000000
vt 0.000000 -0.072457 0.000000
vt -0.050000 0.000000 0.000000
vt 0.000000 0.000000 0.000000
vt -0.050000 0.141292 0.000000
vt 0.000000 0.141292 0.000000
vt -0.050000 -0.184766 0.000000
vt -0.000000 -0.184766 0.000000
vt -0.050000 0.000000 0.000000
vt -0.000000 0.000000 0.000000
vt -0.128008 0.066419 0.000000
vt -0.128008 0.000000 0.000000
vt -0.056758 0.066419 0.000000
vt 0.128008 0.000000 0.000000
vt 0.128008 0.066419 0.000000
vt 0.200465 0.000000 0.000000
vt 0.200465 0.066419 0.000000
vt 0.280168 0.000000 0.000000
vt 0.280168 0.066419 0.000000
vt 0.128008 -0.141292 0.000000
vt 0.200465 -0.141292 0.000000
vt 0.128008 0.332398 0.000000
vt 0.200465 0.448782 0.000000
vt 0.141292 0.448782 0.000000
vt -0.593370 -12.732289 0.000000
vt -0.408604 -12.732289 0.000000
vt -0.408604 -12.466310 0.000000
vn -0.000000 -0.000000 1.000000
vn -0.000000 -0.000000 1.000000
vn -0.000000 -0.000000 1.000000
vn -0.000000 -0.000000 1.000000
vn -0.000000 -0.000000 1.000000
vn -0.000000 -0.000000 1.000000
vn -0.000000 -0.000000 1.000000
vn -0.000000 -0.000000 1.000000
vn -0.000000 -0.000000 1.000000
vn -0.000000 -0.000000 1.000000
vn -0.000000 -0.000000 1.000000
vn -0.000000 -0.000000 1.000000
vn -0.000000 -0.000000 1.000000
vn -0.000000 -0.000000 1.000000
vn -0.000000 -0.000000 1.000000
vn -0.000000 -0.000000 1.000000
vn -0.000000 -0.000000 1.000000
vn -0.000000 -0.000000 1.000000
vn -0.000000 -0.000000 1.000000
vn -0.000000 -0.000000 1.000000
vn -0.000000 -0.000000 1.000000
vn -0.000000 -0.000000 1.000000
vn -0.000000 -0.000000 1.000000
vn -0.000000 -0.000000 1.000000
vn -0.000000 -0.000000 1.000000
vn -0.000000 -0.000000 1.000000
vn -0.000000 -0.000000 1.000000
vn -0.000000 -0.000000 1.000000
vn -0.000000 -0.000000 1.000000
vn -0.000000 -0.000000 1.000000
vn -0.000000 -0.000000 1.000000
vn -0.000000 -0.000000 1.000000
vn -0.000000 -0.000000 1.000000
vn -0.000000 -0.000000 1.000000
vn -0.000000 -0.000000 1.000000
vn -0.000000 -0.000000 1.000000
vn -0.000000 -0.000000 1.000000
vn -0.000000 -0.000000 1.000000
vn -0.000000 -0.000000 1.000000
vn -0.000000 -0.000000 1.000000
vn -0.000000 -0.000000 1.000000
vn -0.000000 -0.000000 1.000000
vn -0.000000 -0.000000 1.000000
vn -0.000000 -0.000000 1.000000
vn -0.000000 -0.000000 1.000000
vn -0.000000 -0.000000 1.000000
vn -0.000000 -0.000000 1.000000
vn -0.000000 -0.000000 1.000000
vn -0.000000 -0.000000 1.000000
vn -0.000000 -0.000000 1.000000
vn -0.000000 -0.000000 1.000000
vn -0.000000 -0.000000 1.000000
vn -0.000000 -0.000000 1.000000
vn -0.000000 -0.000000 1.000000
vn -0.000000 -0.000000 1.000000
vn -0.000000 -0.000000 1.000000
vn -0.000000 -0.000000 1.000000
vn -0.000000 -0.000000 1.000000
vn -0.000000 -0.000000 1.000000
vn -0.000000 -0.000000 1.000000
vn -0.000000 -0.000000 1.000000
vn -0.000000 -0.000000 1.000000
vn -0.000000 -0.000000 1.000000
vn -0.000000 -0.000000 1.000000
vn -0.000000 -0.000000 1.000000
vn -0.000000 -0.000000 1.000000
vn -0.000000 -0.000000 1.000000
vn -0.000000 -0.000000 1.000000
vn -0.000000 -0.000000 1.000000
vn -0.000000 -0.000000 1.000000
vn -0.000000 -0.000000 1.000000
vn -0.000000 -0.000000 1.000000
vn -0.000000 -0.000000 1.000000
vn -0.000000 -0.000000 1.000000
vn -0.000000 -0.000000 1.000000
vn -0.000000 -0.000000 1.000000
vn -0.000000 -0.000000 1.000000
vn -0.000000 -0.000000 1.000000
vn -0.000000 -0.000000 1.000000
vn -0.000000 -0.000000 1.000000
vn -0.000000 -0.000000 1.000000
vn -0.000000 -0.000000 1.000000
vn -0.000000 -0.000000 1.000000
vn -0.000000 -0.000000 1.000000
vn -0.000000 -0.000000 1.000000
vn -0.000000 -0.000000 1.000000
vn -0.000000 -0.000000 1.000000
vn -0.000000 -0.000000 1.000000
vn -0.000000 -0.000000 1.000000
vn -0.000000 -0.000000 1.000000
vn -0.000000 -0.000000 1.000000
vn -0.000000 -0.000000 1.000000
vn -0.000000 -0.000000 1.000000
vn -0.000000 -0.000000 1.000000
vn -0.000000 -0.000000 1.000000
vn -0.000000 -0.000000 1.000000
vn -0.000000 -0.000000 1.000000
vn -0.000000 -0.000000 1.000000
vn -0.000000 -0.000000 1.000000
vn -0.000000 -0.000000 1.000000
vn -0.000000 -0.000000 1.000000
vn -0.000000 -0.000000 1.000000
vn -0.000000 -0.000000 1.000000
vn -0.000000 -0.000000 1.000000
vn -0.000000 -0.000000 1.000000
vn -0.000000 -0.000000 1.000000
vn -0.000000 -0.000000 1.000000
vn -0.000000 -0.000000 1.000000
vn -0.000000 -0.000000 1.000000
vn -0.000000 -0.000000 1.000000
vn -0.000000 -0.000000 1.000000
vn -0.000000 -0.000000 1.000000
vn -0.000000 -0.000000 1.000000
vn -0.000000 -0.000000 1.000000
vn -0.000000 -0.000000 1.000000
vn -0.000000 -0.000000 1.000000
vn -0.000000 -0.000000 1.000000
vn -0.000000 -0.000000 1.000000
vn -0.000000 -0.000000 1.000000
vn -0.000000 -0.000000 1.000000
vn -0.000000 -0.000000 1.000000
vn -0.000000 -0.000000 1.000000
vn -0.000000 -0.000000 1.000000
vn -0.000000 -0.000000 1.000000
vn -0.000000 -0.000000 1.000000
vn -0.000000 -0.000000 1.000000
vn -0.000000 -0.000000 1.000000
vn -0.000000 -0.000000 1.000000
vn -0.000000 -0.000000 1.000000
vn -0.000000 -0.000000 1.000000
vn -0.000000 -0.000000 1.000000
vn -0.000000 -0.000000 1.000000
vn -0.000000 -0.000000 1.000000
vn -0.000000 -0.000000 1.000000
vn -0.000000 -0.000000 1.000000
vn -0.000000 -0.000000 1.000000
vn -0.000000 -0.000000 1.000000
vn -0.000000 -0.000000 1.000000
vn -0.000000 -0.000000 1.000000
vn -0.000000 -0.000000 1.000000
vn -0.000000 -0.000000 1.000000
vn -0.000000 -0.000000 1.000000
vn -0.000000 -0.000000 1.000000
vn -0.000000 -0.000000 1.000000
vn -0.000000 -0.000000 1.000000
vn -0.000000 -0.000000 1.000000
vn -0.000000 -0.000000 1.000000
vn -0.000000 -0.000000 1.000000
vn -0.000000 -0.000000 1.000000
vn -0.000000 -0.000000 1.000000
vn -0.000000 -0.000000 1.000000
vn -0.000000 -0.000000 1.000000
vn -0.000000 -0.000000 1.000000
vn -0.000000 -0.000000 1.000000
vn -0.000000 -0.000000 1.000000
vn -0.000000 -0.000000 1.000000
vn -0.000000 -0.000000 1.000000
vn -0.000000 -0.000000 1.000000
vn -0.000000 -0.000000 1.000000
vn -0.000000 -0.000000 1.000000
vn -0.000000 -0.000000 1.000000
vn -0.000000 -0.000000 1.000000
vn -0.000000 -0.000000 1.000000
vn -0.000000 -0.000000 1.000000
vn -0.000000 -0.000000 1.000000
vn -0.000000 -0.000000 1.000000
vn -0.000000 -0.000000 1.000000
vn -0.000000 -0.000000 1.000000
vn -0.000000 -0.000000 1.000000
vn -0.000000 -0.000000 1.000000
vn -0.000000 -0.000000 1.000000
vn -0.000000 -0.000000 1.000000
vn -0.000000 -0.000000 1.000000
vn -0.000000 -0.000000 1.000000
vn -0.000000 -0.000000 1.000000
vn -0.000000 -0.000000 1.000000
vn -0.000000 -0.000000 1.000000
vn -0.000000 -0.000000 1.000000
vn -0.000000 -0.000000 1.000000
vn -0.000000 -0.000000 1.000000
vn -0.000000 -0.000000 1.000000
vn -0.000000 -0.000000 1.000000
vn -0.000000 -0.000000 1.000000
vn -0.000000 -0.000000 1.000000
vn -0.000000 -0.000000 1.000000
vn -0.000000 -0.000000 1.000000
vn -0.000000 -0.000000 1.000000
vn -0.000000 -0.000000 1.000000
vn -0.000000 -0.000000 1.000000
vn -0.000000 -0.000000 1.000000
vn -0.000000 -0.000000 1.000000
vn -0.000000 -0.000000 1.000000
vn -0.000000 -0.000000 1.000000
vn -0.000000 -0.000000 1.000000
vn -0.000000 -0.000000 1.000000
vn -0.000000 -0.000000 1.000000
vn -0.000000 -0.000000 1.000000
vn -0.000000 -0.000000 1.000000
vn -0.000000 -0.000000 1.000000
vn -0.000000 -0.000000 1.000000
vn -0.000000 -0.000000 1.000000
vn -0.000000 -0.000000 1.000000
vn -0.000000 -0.000000 1.000000
vn -0.000000 -0.000000 1.000000
vn -0.000000 -0.000000 1.000000
vn -0.000000 -0.000000 1.000000
vn -0.000000 -0.000000 1.000000
vn -0.000000 -0.000000 1.000000
vn -0.000000 -0.000000 1.000000
vn -0.000000 -0.000000 1.000000
vn -0.000000 -0.000000 1.000000
vn -0.000000 -0.000000 1.000000
vn -0.000000 -0.000000 1.000000
vn -0.000000 -0.000000 1.000000
vn -0.000000 -0.000000 1.000000
vn -0.000000 -0.000000 1.000000
vn -0.000000 -0.000000 1.000000
vn -0.000000 -0.000000 1.000000
vn -0.000000 -0.000000 1.000000
vn -0.000000 -0.000000 1.000000
vn -0.000000 -0.000000 1.000000
vn -0.000000 -0.000000 1.000000
vn -0.000000 -0.000000 1.000000
vn -0.000000 -0.000000 1.000000
vn -0.000000 -0.000000 1.000000
vn -0.000000 -0.000000 1.000000
vn -0.000000 -0.000000 1.000000
vn -0.000000 -0.000000 1.000000
vn -0.000000 -0.000000 1.000000
vn -0.000000 -0.000000 1.000000
vn -0.000000 -0.000000 1.000000
vn -0.000000 -0.000000 1.000000
vn -0.000000 -0.000000 1.000000
vn -0.000000 -0.000000 1.000000
vn -0.000000 -0.000000 1.000000
vn -0.000000 -0.000000 1.000000
vn -0.000000 -0.000000 1.000000
vn -0.000000 -0.000000 1.000000
vn -0.000000 -0.000000 1.000000
vn -0.000000 -0.000000 1.000000
vn -0.000000 -0.000000 1.000000
vn -0.000000 -0.000000 1.000000
vn -0.000000 -0.000000 1.000000
vn -0.000000 -0.000000 1.000000
vn -0.000000 -0.000000 1.000000
vn -0.000000 -0.000000 1.000000
vn -0.000000 -0.000000 1.000000
vn -0.000000 -0.000000 1.000000
vn -0.000000 -0.000000 1.000000
vn -0.000000 -0.000000 1.000000
vn -0.000000 -0.000000 1.000000
vn -0.000000 -0.000000 1.000000
vn -0.000000 -0.000000 1.000000
vn -0.000000 -0.000000 1.000000
vn -0.000000 -0.000000 1.000000
vn -0.000000 -0.000000 1.000000
vn -0.000000 -0.000000 1.000000
vn -0.000000 -0.000000 1.000000
vn -0.000000 -0.000000 1.000000
vn -0.000000 -0.000000 1.000000
vn -0.000000 -0.000000 1.000000
vn -0.000000 -0.000000 1.000000
vn -0.000000 -0.000000 1.000000
vn -0.000000 -0.000000 1.000000
vn -0.000000 -0.000000 1.000000
vn -0.000000 -0.000000 1.000000
vn -0.000000 -0.000000 1.000000
vn -0.000000 -0.000000 1.000000
vn -0.000000 -0.000000 1.000000
vn -0.000000 -0.000000 1.000000
vn -0.000000 -0.000000 1.000000
vn -0.000000 -0.000000 1.000000
vn -0.000000 -0.000000 1.000000
vn -0.000000 -0.000000 1.000000
vn -0.000000 -0.000000 1.000000
vn -0.000000 -0.000000 1.000000
vn -0.000000 -0.000000 1.000000
vn -0.000000 -0.000000 1.000000
vn -0.000000 -0.000000 1.000000
vn -0.000000 -0.000000 1.000000
vn -0.000000 -0.000000 1.000000
vn -0.000000 -0.000000 1.000000
vn -0.000000 -0.000000 1.000000
vn -0.000000 -0.000000 1.000000
vn -0.000000 -0.000000 1.000000
vn -0.000000 -0.000000 1.000000
vn -0.000000 -0.000000 1.000000
vn -0.000000 -0.000000 1.000000
vn -0.000000 -0.000000 1.000000
vn -0.000000 -0.000000 1.000000
vn -0.000000 -0.000000 1.000000
vn -0.000000 -0.000000 1.000000
vn -0.000000 -0.000000 1.000000
vn -0.000000 -0.000000 1.000000
vn -0.000000 -0.000000 1.000000
vn -0.000000 -0.000000 1.000000
vn -0.000000 -0.000000 1.000000
vn -0.000000 -0.000000 1.000000
vn -0.000000 -0.000000 1.000000
vn -0.000000 -0.000000 1.000000
vn -0.000000 -0.000000 1.000000
vn -0.000000 -0.000000 1.000000
vn -0.000000 -0.000000 1.000000
vn -0.000000 -0.000000 1.000000
vn -0.000000 -0.000000 1.000000
vn -0.000000 -0.000000 1.000000
vn -0.000000 -0.000000 1.000000
vn -0.000000 -0.000000 1.000000
vn -0.000000 -0.000000 1.000000
vn -0.000000 -0.000000 1.000000
vn -0.000000 -0.000000 1.000000
vn -0.000000 -0.000000 1.000000
vn -0.000000 -0.000000 1.000000
vn -0.000000 -0.000000 1.000000
vn -0.000000 -0.000000 1.000000
vn -0.000000 -0.000000 1.000000
vn -0.000000 -0.000000 1.000000
vn -0.000000 -0.000000 1.000000
vn -0.000000 -0.000000 1.000000
vn -0.000000 -0.000000 1.000000
vn -0.000000 -0.000000 1.000000
vn -0.000000 -0.000000 1.000000
vn -0.000000 -0.000000 1.000000
vn -0.000000 -0.000000 1.000000
vn -0.000000 -0.000000 1.000000
vn -0.000000 -0.000000 1.000000
vn -0.000000 -0.000000 1.000000
vn -0.000000 -0.000000 1.000000
vn -0.000000 -0.000000 1.000000
vn -0.000000 -0.000000 1.000000
vn -0.000000 -0.000000 1.000000
vn -0.000000 -0.000000 1.000000
vn -0.000000 -0.000000 1.000000
vn -0.000000 -0.000000 1.000000
vn -0.000000 -0.000000 1.000000
vn -0.000000 -0.000000 1.000000
vn -0.000000 -0.000000 1.000000
vn -0.000000 -0.000000 1.000000
vn -0.000000 -0.000000 1.000000
vn -0.000000 -0.000000 1.000000
vn -0.000000 -0.000000 1.000000
vn -0.000000 -0.000000 1.000000
vn -0.000000 -0.000000 1.000000
vn -0.000000 -0.000000 1.000000
vn -0.000000 -0.000000 1.000000
vn -0.000000 -0.000000 1.000000
vn -0.000000 -0.000000 1.000000
vn -0.000000 -0.000000 1.000000
vn -0.000000 -0.000000 1.000000
vn -0.000000 -0.000000 1.000000
vn -0.000000 -0.000000 1.000000
vn -0.000000 -0.000000 1.000000
vn -0.000000 -0.000000 1.000000
vn -0.000000 -0.000000 1.000000
vn -0.000000 -0.000000 1.000000
vn -0.000000 -0.000000 1.000000
vn -0.000000 -0.000000 1.000000
vn -0.000000 -0.000000 1.000000
vn -0.000000 -0.000000 1.000000
vn -0.000000 -0.000000 1.000000
vn -0.000000 -0.000000 1.000000
vn -0.000000 -0.000000 1.000000
vn -0.000000 -0.000000 1.000000
vn -0.000000 -0.000000 1.000000
vn -0.000000 -0.000000 1.000000
vn -0.000000 -0.000000 1.000000
vn -0.000000 -0.000000 1.000000
vn -0.000000 -0.000000 1.000000
vn -0.000000 -0.000000 1.000000
vn -0.000000 -0.000000 1.000000
vn -0.000000 -0.000000 1.000000
vn -0.000000 -0.000000 1.000000
vn -0.000000 -0.000000 1.000000
vn -0.000000 -0.000000 1.000000
vn -0.000000 -0.000000 1.000000
vn -0.000000 -0.000000 1.000000
vn -0.000000 -0.000000 1.000000
vn -0.000000 -0.000000 1.000000
vn -0.000000 -0.000000 1.000000
vn -0.000000 -0.000000 1.000000
vn -0.000000 -0.000000 1.000000
vn -0.000000 -0.000000 1.000000
vn -0.000000 -0.000000 1.000000
vn -0.000000 -0.000000 1.000000
vn -0.000000 -0.000000 1.000000
vn -0.000000 -0.000000 1.000000
vn -0.000000 -0.000000 1.000000
vn -0.000000 -0.000000 1.000000
vn -0.000000 -0.000000 1.000000
vn -0.000000 -0.000000 1.000000
vn -0.000000 -0.000000 1.000000
vn -0.000000 -0.000000 1.000000
vn -0.000000 -0.000000 1.000000
vn -0.000000 -1.000000 0.000000
vn -0.000000 -1.000000 0.000000
vn -0.000000 -1.000000 0.000000
vn -0.000000 -1.000000 0.000000
vn 0.000000 0.000000 -1.000000
vn 0.000000 0.000000 -1.000000
vn 0.000000 0.000000 -1.000000
vn 0.000000 0.000000 -1.000000
vn 0.000000 0.000000 -1.000000
vn 0.000000 0.000000 -1.000000
vn 0.000000 0.000000 -1.000000
vn 0.000000 0.000000 -1.000000
vn 0.000000 0.000000 -1.000000
vn 0.000000 0.000000 -1.000000
vn 0.000000 0.000000 -1.000000
vn 0.000000 0.000000 -1.000000
vn 0.000000 0.000000 -1.000000
vn 0.000000 0.000000 -1.000000
vn 0.000000 0.000000 -1.000000
vn 0.000000 0.000000 -1.000000
vn 0.000000 0.000000 -1.000000
vn 0.000000 0.000000 -1.000000
vn 0.000000 0.000000 -1.000000
vn 0.000000 0.000000 -1.000000
vn 0.000000 0.000000 -1.000000
vn 0.000000 0.000000 -1.000000
vn 0.000000 0.000000 -1.000000
vn 0.000000 0.000000 -1.000000
vn 0.000000 0.000000 -1.000000
vn 0.000000 0.000000 -1.000000
vn 0.000000 0.000000 -1.000000
vn 0.000000 0.000000 -1.000000
vn 0.000000 0.000000 -1.000000
vn 0.000000 0.000000 -1.000000
vn 0.000000 0.000000 -1.000000
vn 0.000000 0.000000 -1.000000
vn 0.000000 0.000000 -1.000000
vn 0.000000 0.000000 -1.000000
vn 0.000000 0.000000 -1.000000
vn 0.000000 0.000000 -1.000000
vn 0.000000 0.000000 -1.000000
vn 0.000000 0.000000 -1.000000
vn 0.000000 0.000000 -1.000000
vn 0.000000 0.000000 -1.000000
vn 0.000000 0.000000 -1.000000
vn 0.000000 0.000000 -1.000000
vn 0.000000 0.000000 -1.000000
vn 0.000000 0.000000 -1.000000
vn 0.000000 0.000000 -1.000000
vn 0.000000 0.000000 -1.000000
vn 0.000000 0.000000 -1.000000
vn 0.000000 0.000000 -1.000000
vn 0.000000 0.000000 -1.000000
vn 0.000000 0.000000 -1.000000
vn 0.000000 0.000000 -1.000000
vn 0.000000 0.000000 -1.000000
vn 0.000000 0.000000 -1.000000
vn 0.000000 0.000000 -1.000000
vn 0.000000 0.000000 -1.000000
vn 0.000000 0.000000 -1.000000
vn 0.000000 0.000000 -1.000000
vn 0.000000 0.000000 -1.000000
vn 0.000000 0.000000 -1.000000
vn 0.000000 0.000000 -1.000000
vn 0.000000 0.000000 -1.000000
vn 0.000000 0.000000 -1.000000
vn 0.000000 0.000000 -1.000000
vn 0.000000 0.000000 -1.000000
vn 0.000000 0.000000 -1.000000
vn 0.000000 0.000000 -1.000000
vn 0.000000 0.000000 -1.000000
vn 0.000000 0.000000 -1.000000
vn 0.000000 0.000000 -1.000000
vn 0.000000 0.000000 -1.000000
vn 0.000000 0.000000 -1.000000
vn 0.000000 0.000000 -1.000000
vn 0.000000 0.000000 -1.000000
vn 0.000000 0.000000 -1.000000
vn 0.000000 0.000000 -1.000000
vn 0.000000 0.000000 -1.000000
vn 0.000000 0.000000 -1.000000
vn 0.000000 0.000000 -1.000000
vn 0.000000 0.000000 -1.000000
vn 0.000000 0.000000 -1.000000
vn 0.000000 0.000000 -1.000000
vn 0.000000 0.000000 -1.000000
vn 0.000000 0.000000 -1.000000
vn 0.000000 0.000000 -1.000000
vn 0.000000 0.000000 -1.000000
vn 0.000000 0.000000 -1.000000
vn 0.000000 0.000000 -1.000000
vn 0.000000 0.000000 -1.000000
vn 0.000000 0.000000 -1.000000
vn 0.000000 0.000000 -1.000000
vn 0.000000 0.000000 -1.000000
vn 0.000000 0.000000 -1.000000
vn 0.000000 0.000000 -1.000000
vn 0.000000 0.000000 -1.000000
vn 0.000000 0.000000 -1.000000
vn 0.000000 0.000000 -1.000000
vn 0.000000 0.000000 -1.000000
vn 0.000000 0.000000 -1.000000
vn 0.000000 0.000000 -1.000000
vn 0.000000 0.000000 -1.000000
vn 0.000000 0.000000 -1.000000
vn 0.000000 0.000000 -1.000000
vn 0.000000 0.000000 -1.000000
vn 0.000000 0.000000 -1.000000
vn 0.000000 0.000000 -1.000000
vn 0.000000 0.000000 -1.000000
vn 0.000000 0.000000 -1.000000
vn 0.000000 0.000000 -1.000000
vn 0.000000 0.000000 -1.000000
vn 0.000000 0.000000 -1.000000
vn 0.000000 0.000000 -1.000000
vn 0.000000 0.000000 -1.000000
vn 0.000000 0.000000 -1.000000
vn 0.000000 0.000000 -1.000000
vn 0.000000 0.000000 -1.000000
vn 0.000000 0.000000 -1.000000
vn 0.000000 0.000000 -1.000000
vn 0.000000 0.000000 -1.000000
vn 0.000000 0.000000 -1.000000
vn 0.000000 0.000000 -1.000000
vn 0.000000 0.000000 -1.000000
vn 0.000000 0.000000 -1.000000
vn 0.000000 0.000000 -1.000000
vn 0.000000 0.000000 -1.000000
vn 0.000000 0.000000 -1.000000
vn 0.000000 0.000000 -1.000000
vn 0.000000 0.000000 -1.000000
vn 0.000000 0.000000 -1.000000
vn 0.000000 0.000000 -1.000000
vn 0.000000 0.000000 -1.000000
vn 0.000000 0.000000 -1.000000
vn 0.000000 0.000000 -1.000000
vn 0.000000 0.000000 -1.000000
vn 0.000000 0.000000 -1.000000
vn 0.000000 0.000000 -1.000000
vn 0.000000 0.000000 -1.000000
vn 0.000000 0.000000 -1.000000
vn 0.000000 0.000000 -1.000000
vn 0.000000 0.000000 -1.000000
vn 0.000000 0.000000 -1.000000
vn 0.000000 0.000000 -1.000000
vn 0.000000 0.000000 -1.000000
vn 0.000000 0.000000 -1.000000
vn 0.000000 0.000000 -1.000000
vn 0.000000 0.000000 -1.000000
vn 0.000000 0.000000 -1.000000
vn 0.000000 0.000000 -1.000000
vn 0.000000 0.000000 -1.000000
vn 0.000000 0.000000 -1.000000
vn 0.000000 0.000000 -1.000000
vn 0.000000 0.000000 -1.000000
vn 0.000000 0.000000 -1.000000
vn 0.000000 0.000000 -1.000000
vn 0.000000 0.000000 -1.000000
vn 0.000000 0.000000 -1.000000
vn 0.000000 0.000000 -1.000000
vn 0.000000 0.000000 -1.000000
vn 0.000000 0.000000 -1.000000
vn 0.000000 0.000000 -1.000000
vn 0.000000 0.000000 -1.000000
vn 0.000000 0.000000 -1.000000
vn 0.000000 0.000000 -1.000000
vn 0.000000 0.000000 -1.000000
vn 0.000000 0.000000 -1.000000
vn 0.000000 0.000000 -1.000000
vn 0.000000 0.000000 -1.000000
vn 0.000000 0.000000 -1.000000
vn 0.000000 0.000000 -1.000000
vn 0.000000 0.000000 -1.000000
vn 0.000000 0.000000 -1.000000
vn 0.000000 0.000000 -1.000000
vn 0.000000 0.000000 -1.000000
vn 0.000000 0.000000 -1.000000
vn 0.000000 0.000000 -1.000000
vn 0.000000 0.000000 -1.000000
vn 0.000000 0.000000 -1.000000
vn 0.000000 0.000000 -1.000000
vn 0.000000 0.000000 -1.000000
vn 0.000000 0.000000 -1.000000
vn 0.000000 0.000000 -1.000000
vn 0.000000 0.000000 -1.000000
vn 0.000000 0.000000 -1.000000
vn 0.000000 0.000000 -1.000000
vn 0.000000 0.000000 -1.000000
vn 0.000000 0.000000 -1.000000
vn 0.000000 0.000000 -1.000000
vn 0.000000 0.000000 -1.000000
vn 0.000000 0.000000 -1.000000
vn 0.000000 0.000000 -1.000000
vn 0.000000 0.000000 -1.000000
vn 0.000000 0.000000 -1.000000
vn 0.000000 0.000000 -1.000000
vn 0.000000 0.000000 -1.000000
vn 0.000000 0.000000 -1.000000
vn 0.000000 0.000000 -1.000000
vn 0.000000 0.000000 -1.000000
vn 0.000000 0.000000 -1.000000
vn 0.000000 0.000000 -1.000000
vn 0.000000 0.000000 -1.000000
vn 0.000000 0.000000 -1.000000
vn 0.000000 0.000000 -1.000000
vn 0.000000 0.000000 -1.000000
vn 0.000000 0.000000 -1.000000
vn 0.000000 0.000000 -1.000000
vn 0.000000 0.000000 -1.000000
vn 0.000000 0.000000 -1.000000
vn 0.000000 0.000000 -1.000000
vn 0.000000 0.000000 -1.000000
vn 0.000000 0.000000 -1.000000
vn 0.000000 0.000000 -1.000000
vn 0.000000 0.000000 -1.000000
vn 0.000000 0.000000 -1.000000
vn 0.000000 0.000000 -1.000000
vn 0.000000 0.000000 -1.000000
vn 0.000000 0.000000 -1.000000
vn 0.000000 0.000000 -1.000000
vn 0.000000 0.000000 -1.000000
vn 0.000000 0.000000 -1.000000
vn 0.000000 0.000000 -1.000000
vn 0.000000 0.000000 -1.000000
vn 0.000000 0.000000 -1.000000
vn 0.000000 0.000000 -1.000000
vn 0.000000 0.000000 -1.000000
vn 0.000000 0.000000 -1.000000
vn 0.000000 0.000000 -1.000000
vn 0.000000 0.000000 -1.000000
vn 0.000000 0.000000 -1.000000
vn 0.000000 0.000000 -1.000000
vn 0.000000 0.000000 -1.000000
vn 0.000000 0.000000 -1.000000
vn 0.000000 0.000000 -1.000000
vn 0.000000 0.000000 -1.000000
vn 0.000000 0.000000 -1.000000
vn 0.000000 0.000000 -1.000000
vn 0.000000 0.000000 -1.000000
vn 0.000000 0.000000 -1.000000
vn 0.000000 0.000000 -1.000000
vn 0.000000 0.000000 -1.000000
vn 0.000000 0.000000 -1.000000
vn 0.000000 0.000000 -1.000000
vn 0.000000 0.000000 -1.000000
vn 0.000000 0.000000 -1.000000
vn 0.000000 0.000000 -1.000000
vn 0.000000 0.000000 -1.000000
vn 0.000000 0.000000 -1.000000
vn 0.000000 0.000000 -1.000000
vn 0.000000 0.000000 -1.000000
vn 0.000000 0.000000 -1.000000
vn 0.000000 0.000000 -1.000000
vn 0.000000 0.000000 -1.000000
vn 0.000000 0.000000 -1.000000
vn 0.000000 0.000000 -1.000000
vn 0.000000 0.000000 -1.000000
vn 0.000000 0.000000 -1.000000
vn 0.000000 0.000000 -1.000000
vn 0.000000 0.000000 -1.000000
vn 0.000000 0.000000 -1.000000
vn 0.000000 0.000000 -1.000000
vn 0.000000 0.000000 -1.000000
vn 0.000000 0.000000 -1.000000
vn 0.000000 0.000000 -1.000000
vn 0.000000 0.000000 -1.000000
vn 0.000000 0.000000 -1.000000
vn 0.000000 0.000000 -1.000000
vn 0.000000 0.000000 -1.000000
vn 0.000000 0.000000 -1.000000
vn 0.000000 0.000000 -1.000000
vn 0.000000 0.000000 -1.000000
vn 0.000000 0.000000 -1.000000
vn 0.000000 0.000000 -1.000000
vn 0.000000 0.000000 -1.000000
vn 0.000000 0.000000 -1.000000
vn 0.000000 0.000000 -1.000000
vn 0.000000 0.000000 -1.000000
vn 0.000000 0.000000 -1.000000
vn 0.000000 0.000000 -1.000000
vn 0.000000 0.000000 -1.000000
vn 0.000000 0.000000 -1.000000
vn 0.000000 0.000000 -1.000000
vn 0.000000 0.000000 -1.000000
vn 0.000000 0.000000 -1.000000
vn 0.000000 0.000000 -1.000000
vn 0.000000 0.000000 -1.000000
vn 0.000000 0.000000 -1.000000
vn 0.000000 0.000000 -1.000000
vn 0.000000 0.000000 -1.000000
vn 0.000000 0.000000 -1.000000
vn 0.000000 0.000000 -1.000000
vn 0.000000 0.000000 -1.000000
vn 0.000000 0.000000 -1.000000
vn 0.000000 0.000000 -1.000000
vn 0.000000 0.000000 -1.000000
vn 0.000000 0.000000 -1.000000
vn 0.000000 0.000000 -1.000000
vn 0.000000 0.000000 -1.000000
vn 0.000000 0.000000 -1.000000
vn 0.000000 0.000000 -1.000000
vn 0.000000 0.000000 -1.000000
vn 0.000000 0.000000 -1.000000
vn 0.000000 0.000000 -1.000000
vn 0.000000 0.000000 -1.000000
vn 0.000000 0.000000 -1.000000
vn 0.000000 0.000000 -1.000000
vn 0.000000 0.000000 -1.000000
vn 0.000000 0.000000 -1.000000
vn 0.000000 0.000000 -1.000000
vn 0.000000 0.000000 -1.000000
vn 0.000000 0.000000 -1.000000
vn 0.000000 0.000000 -1.000000
vn 0.000000 0.000000 -1.000000
vn 0.000000 0.000000 -1.000000
vn 0.000000 0.000000 -1.000000
vn 0.000000 0.000000 -1.000000
vn 0.000000 0.000000 -1.000000
vn 0.000000 0.000000 -1.000000
vn 0.000000 0.000000 -1.000000
vn 0.000000 0.000000 -1.000000
vn 0.000000 0.000000 -1.000000
vn 0.000000 0.000000 -1.000000
vn 0.000000 0.000000 -1.000000
vn 0.000000 0.000000 -1.000000
vn 0.000000 0.000000 -1.000000
vn 0.000000 0.000000 -1.000000
vn 0.000000 0.000000 -1.000000
vn 0.000000 0.000000 -1.000000
vn 0.000000 0.000000 -1.000000
vn 0.000000 0.000000 -1.000000
vn 0.000000 0.000000 -1.000000
vn 0.000000 0.000000 -1.000000
vn 0.000000 0.000000 -1.000000
vn 0.000000 0.000000 -1.000000
vn 0.000000 0.000000 -1.000000
vn 0.000000 0.000000 -1.000000
vn 0.000000 0.000000 -1.000000
vn 0.000000 0.000000 -1.000000
vn 0.000000 0.000000 -1.000000
vn 0.000000 0.000000 -1.000000
vn 0.000000 0.000000 -1.000000
vn 0.000000 0.000000 -1.000000
vn 0.000000 0.000000 -1.000000
vn 0.000000 0.000000 -1.000000
vn 0.000000 0.000000 -1.000000
vn 0.000000 0.000000 -1.000000
vn 0.000000 0.000000 -1.000000
vn 0.000000 0.000000 -1.000000
vn 0.000000 0.000000 -1.000000
vn 0.000000 0.000000 -1.000000
vn 0.000000 0.000000 -1.000000
vn 0.000000 0.000000 -1.000000
vn 0.000000 0.000000 -1.000000
vn 0.000000 0.000000 -1.000000
vn 0.000000 0.000000 -1.000000
vn 0.000000 0.000000 -1.000000
vn 0.000000 0.000000 -1.000000
vn 0.000000 0.000000 -1.000000
vn 0.000000 0.000000 -1.000000
vn 0.000000 0.000000 -1.000000
vn 0.000000 0.000000 -1.000000
vn 0.000000 0.000000 -1.000000
vn 0.000000 0.000000 -1.000000
vn 0.000000 0.000000 -1.000000
vn 0.000000 0.000000 -1.000000
vn 0.000000 0.000000 -1.000000
vn 0.000000 0.000000 -1.000000
vn 0.000000 0.000000 -1.000000
vn 0.000000 0.000000 -1.000000
vn 0.000000 0.000000 -1.000000
vn 0.000000 0.000000 -1.000000
vn 0.000000 0.000000 -1.000000
vn 0.000000 0.000000 -1.000000
vn 0.000000 0.000000 -1.000000
vn 0.000000 0.000000 -1.000000
vn 0.000000 0.000000 -1.000000
vn 0.000000 0.000000 -1.000000
vn 1.000000 0.000000 -0.000000
vn 1.000000 0.000000 -0.000000
vn 1.000000 0.000000 -0.000000
vn 1.000000 0.000000 -0.000000
vn -1.000000 -0.000000 0.000000
vn -1.000000 -0.000000 0.000000
vn -1.000000 -0.000000 0.000000
vn -1.000000 -0.000000 0.000000
vn -0.000000 -1.000000 0.000000
vn -0.000000 -1.000000 0.000000
vn -0.000000 -1.000000 0.000000
vn -0.000000 -1.000000 0.000000
vn -0.000000 -1.000000 0.000000
vn -0.000000 -1.000000 0.000000
vn -0.000000 -1.000000 0.000000
vn -0.000000 -1.000000 0.000000
vn -0.000000 -1.000000 0.000000
vn -0.000000 -1.000000 0.000000
vn -0.000000 -1.000000 0.000000
vn -0.000000 -1.000000 0.000000
vn 1.000000 -0.000000 0.000000
vn 1.000000 -0.000000 0.000000
vn 0.984261 0.176724 0.000000
vn 0.984261 0.176724 0.000000
vn 0.937537 0.347884 0.000000
vn 0.937537 0.347884 0.000000
vn 0.861302 0.508094 0.000000
vn 0.861302 0.508094 0.000000
vn 0.757953 0.652309 0.000000
vn 0.757953 0.652309 0.000000
vn 0.630745 0.775990 0.000000
vn 0.630745 0.775990 0.000000
vn 0.483681 0.875244 0.000000
vn 0.483681 0.875244 0.000000
vn 0.321392 0.946946 0.000000
vn 0.321392 0.946946 0.000000
vn -0.000000 -1.000000 0.000000
vn -0.000000 -1.000000 0.000000
vn -0.000000 -1.000000 0.000000
vn -0.000000 -1.000000 0.000000
vn -0.000000 1.000000 0.000000
vn -0.000000 1.000000 0.000000
vn -0.000000 1.000000 0.000000
vn -0.000000 1.000000 0.000000
vn 1.000000 0.000000 -0.000000
vn 1.000000 0.000000 -0.000000
vn 1.000000 0.000000 -0.000000
vn 1.000000 0.000000 -0.000000
vn -0.000000 -1.000000 0.000000
vn -0.000000 -1.000000 0.000000
vn -0.000000 -1.000000 0.000000
vn -0.000000 -1.000000 0.000000
vn -1.000000 0.000000 0.000000
vn -1.000000 0.000000 0.000000
vn -1.000000 0.000000 0.000000
vn -1.000000 0.000000 0.000000
vn 0.000000 1.000000 0.000000
vn 0.000000 1.000000 0.000000
vn 0.000000 1.000000 0.000000
vn 0.000000 1.000000 0.000000
vn -1.000000 -0.000000 0.000000
vn -1.000000 -0.000000 0.000000
vn -1.000000 -0.000000 0.000000
vn -1.000000 -0.000000 0.000000
vn 0.000000 -1.000000 0.000000
vn 0.000000 -1.000000 0.000000
vn 0.000000 -1.000000 0.000000
vn 0.000000 -1.000000 0.000000
vn -1.000000 0.000000 0.000000
vn -1.000000 0.000000 0.000000
vn -1.000000 0.000000 0.000000
vn -1.000000 0.000000 0.000000
vn -0.321392 0.946946 0.000000
vn -0.321392 0.946946 0.000000
vn -0.483681 0.875244 0.000000
vn -0.483681 0.875244 0.000000
vn -0.630745 0.775990 0.000000
vn -0.630745 0.775990 0.000000
vn -0.757953 0.652309 0.000000
vn -0.757953 0.652309 0.000000
vn -0.861302 0.508094 0.000000
vn -0.861302 0.508094 0.000000
vn -0.937537 0.347884 0.000000
vn -0.937537 0.347884 0.000000
vn -0.984261 0.176724 0.000000
vn -0.984261 0.176724 0.000000
vn 1.000000 0.000000 -0.000000
vn 1.000000 0.000000 -0.000000
vn 0.000000 -1.000000 0.000000
vn 0.000000 -1.000000 0.000000
vn 0.000000 -1.000000 0.000000
vn 0.000000 -1.000000 0.000000
vn 1.000000 0.000000 -0.000000
vn 1.000000 0.000000 -0.000000
vn 1.000000 0.000000 -0.000000
vn 1.000000 0.000000 -0.000000
vn 0.000000 1.000000 0.000000
vn 0.000000 1.000000 0.000000
vn 0.000000 1.000000 0.000000
vn 0.000000 1.000000 0.000000
vn 0.965926 -0.258819 -0.000000
vn 0.965926 -0.258819 -0.000000
vn 0.866025 -0.500000 -0.000000
vn 0.866025 -0.500000 -0.000000
vn 0.707107 -0.707107 -0.000000
vn 0.707107 -0.707107 -0.000000
vn 0.500000 -0.866025 -0.000000
vn 0.500000 -0.866025 -0.000000
vn 0.258819 -0.965926 -0.000000
vn 0.258819 -0.965926 -0.000000
vn -0.258819 -0.965926 -0.000000
vn -0.258819 -0.965926 -0.000000
vn -0.500000 -0.866025 -0.000000
vn -0.500000 -0.866025 -0.000000
vn -0.707107 -0.707107 -0.000000
vn -0.707107 -0.707107 -0.000000
vn -0.866025 -0.500000 -0.000000
vn -0.866025 -0.500000 -0.000000
vn -0.965926 -0.258819 -0.000000
vn -0.965926 -0.258819 -0.000000
vn 0.258819 0.965926 0.000000
vn 0.258819 0.965926 0.000000
vn 0.500000 0.866025 0.000000
vn 0.500000 0.866025 0.000000
vn 0.707107 0.707107 0.000000
vn 0.707107 0.707107 0.000000
vn 0.866025 0.500000 0.000000
vn 0.866025 0.500000 0.000000
vn 0.965926 0.258819 0.000000
vn 0.965926 0.258819 0.000000
vn -0.965926 0.258819 -0.000000
vn -0.965926 0.258819 -0.000000
vn -0.866025 0.500000 -0.000000
vn -0.866025 0.500000 -0.000000
vn -0.707107 0.707107 -0.000000
vn -0.707107 0.707107 -0.000000
vn -0.500000 0.866025 -0.000000
vn -0.500000 0.866025 -0.000000
vn -0.258819 0.965926 -0.000000
vn -0.258819 0.965926 -0.000000
vn -1.000000 -0.000000 0.000000
vn -1.000000 -0.000000 0.000000
vn -1.000000 -0.000000 0.000000
vn -1.000000 -0.000000 0.000000
vn 0.000000 1.000000 -0.000000
vn 0.000000 1.000000 -0.000000
vn 0.000000 1.000000 -0.000000
vn 0.000000 1.000000 -0.000000
vn -1.000000 -0.000000 0.000000
vn -1.000000 -0.000000 0.000000
vn -1.000000 -0.000000 0.000000
vn -1.000000 -0.000000 0.000000
vn 0.000000 -1.000000 0.000000
vn 0.000000 -1.000000 0.000000
vn 0.000000 -1.000000 0.000000
vn 0.000000 -1.000000 0.000000
vn -1.000000 0.000000 0.000000
vn -1.000000 0.000000 0.000000
vn -1.000000 0.000000 0.000000
vn -1.000000 0.000000 0.000000
vn -0.000000 -1.000000 0.000000
vn -0.000000 -1.000000 0.000000
vn -0.000000 -1.000000 0.000000
vn -0.000000 -1.000000 0.000000
vn 1.000000 -0.000000 0.000000
vn 1.000000 -0.000000 0.000000
vn 1.000000 -0.000000 0.000000
vn 1.000000 -0.000000 0.000000
vn 1.000000 -0.000000 0.000000
vn 1.000000 -0.000000 0.000000
vn 1.000000 -0.000000 0.000000
vn 1.000000 -0.000000 0.000000
vn -0.000000 -1.000000 0.000000
vn -0.000000 -1.000000 0.000000
vn -0.000000 -1.000000 0.000000
vn -0.000000 -1.000000 0.000000
vn 0.000000 1.000000 -0.000000
vn 0.000000 1.000000 -0.000000
vn 0.000000 1.000000 -0.000000
vn 0.000000 1.000000 -0.000000
vn 1.000000 0.000000 0.000000
vn 1.000000 0.000000 0.000000
vn 1.000000 0.000000 0.000000
vn 1.000000 0.000000 0.000000
vn 0.000000 1.000000 -0.000000
vn 0.000000 1.000000 -0.000000
vn 0.000000 1.000000 -0.000000
vn 0.000000 1.000000 -0.000000
vn 1.000000 0.000000 -0.000000
vn 1.000000 0.000000 -0.000000
vn 1.000000 0.000000 -0.000000
vn 1.000000 0.000000 -0.000000
vn -0.000000 -1.000000 0.000000
vn -0.000000 -1.000000 0.000000
vn -0.000000 -1.000000 0.000000
vn -0.000000 -1.000000 0.000000
vn 1.000000 -0.000000 -0.000000
vn 1.000000 -0.000000 -0.000000
vn 1.000000 -0.000000 -0.000000
vn 1.000000 -0.000000 -0.000000
vn -0.000000 1.000000 -0.000000
vn -0.000000 1.000000 -0.000000
vn -0.000000 1.000000 -0.000000
vn -0.000000 1.000000 -0.000000
vn 1.000000 -0.000000 -0.000000
vn 1.000000 -0.000000 -0.000000
vn 1.000000 -0.000000 -0.000000
vn 1.000000 -0.000000 -0.000000
vn -0.000000 1.000000 -0.000000
vn -0.000000 1.000000 -0.000000
vn -0.000000 1.000000 -0.000000
vn -0.000000 1.000000 -0.000000
vn -1.000000 -0.000000 0.000000
vn -1.000000 -0.000000 0.000000
vn -1.000000 -0.000000 0.000000
vn -1.000000 -0.000000 0.000000
vn 0.000000 1.000000 -0.000000
vn 0.000000 1.000000 -0.000000
vn 0.000000 1.000000 -0.000000
vn 0.000000 1.000000 -0.000000
vn -1.000000 0.000000 -0.000000
vn -1.000000 0.000000 -0.000000
vn -1.000000 0.000000 -0.000000
vn -1.000000 0.000000 -0.000000
vn 0.000000 -1.000000 -0.000000
vn 0.000000 -1.000000 -0.000000
vn 0.000000 -1.000000 -0.000000
vn 0.000000 -1.000000 -0.000000
vn -1.000000 -0.000000 0.000000
vn -1.000000 -0.000000 0.000000
vn -1.000000 -0.000000 0.000000
vn -1.000000 -0.000000 0.000000
vn 0.000000 1.000000 -0.000000
vn 0.000000 1.000000 -0.000000
vn 0.000000 1.000000 -0.000000
vn 0.000000 1.000000 -0.000000
vn -1.000000 -0.000000 0.000000
vn -1.000000 -0.000000 0.000000
vn -1.000000 -0.000000 0.000000
vn -1.000000 -0.000000 0.000000
vn 1.000000 -0.000000 0.000000
vn 1.000000 -0.000000 0.000000
vn 1.000000 -0.000000 0.000000
vn 1.000000 -0.000000 0.000000
vn -0.000000 1.000000 -0.000000
vn -0.000000 1.000000 -0.000000
vn -0.000000 1.000000 -0.000000
vn -0.000000 1.000000 -0.000000
vn 1.000000 -0.000000 0.000000
vn 1.000000 -0.000000 0.000000
vn 1.000000 -0.000000 0.000000
vn 1.000000 -0.000000 0.000000
vn -0.000000 -1.000000 0.000000
vn -0.000000 -1.000000 0.000000
vn -0.000000 -1.000000 0.000000
vn -0.000000 -1.000000 0.000000
vn 1.000000 0.000000 0.000000
vn 1.000000 0.000000 0.000000
vn 1.000000 0.000000 0.000000
vn 1.000000 0.000000 0.000000
vn -0.000000 1.000000 -0.000000
vn -0.000000 1.000000 -0.000000
vn -0.000000 1.000000 -0.000000
vn -0.000000 1.000000 -0.000000
vn 1.000000 -0.000000 0.000000
vn 1.000000 -0.000000 0.000000
vn 1.000000 -0.000000 0.000000
vn 1.000000 -0.000000 0.000000
vn 0.000000 1.000000 0.000000
vn 0.000000 1.000000 0.000000
vn 0.000000 1.000000 0.000000
vn 0.000000 1.000000 0.000000
vn -1.000000 -0.000000 0.000000
vn -1.000000 -0.000000 0.000000
vn -1.000000 -0.000000 0.000000
vn -1.000000 -0.000000 0.000000
vn 0.000000 1.000000 0.000000
vn 0.000000 1.000000 0.000000
vn 0.000000 1.000000 0.000000
vn 0.000000 1.000000 0.000000
vn -1.000000 -0.000000 0.000000
vn -1.000000 -0.000000 0.000000
vn -1.000000 -0.000000 0.000000
vn -1.000000 -0.000000 0.000000
vn 0.000000 -1.000000 0.000000
vn 0.000000 -1.000000 0.000000
vn 0.000000 -1.000000 0.000000
vn 0.000000 -1.000000 0.000000
vn -0.000000 1.000000 -0.000000
vn -0.000000 1.000000 -0.000000
vn -0.000000 1.000000 -0.000000
vn -0.000000 1.000000 -0.000000
vn -1.000000 0.000000 -0.000000
vn -1.000000 0.000000 -0.000000
vn -1.000000 0.000000 -0.000000
vn -1.000000 0.000000 -0.000000
vn -1.000000 -0.000000 -0.000000
vn -1.000000 -0.000000 -0.000000
vn -1.000000 -0.000000 -0.000000
vn -1.000000 -0.000000 -0.000000
vn -1.000000 0.000000 -0.000000
vn -1.000000 0.000000 -0.000000
vn -1.000000 0.000000 -0.000000
vn -1.000000 0.000000 -0.000000
vn -0.000000 1.000000 -0.000000
vn -0.000000 1.000000 -0.000000
vn -0.000000 1.000000 -0.000000
vn -0.000000 1.000000 -0.000000
vn 0.000000 -1.000000 0.000000
vn 0.000000 -1.000000 0.000000
vn 0.000000 -1.000000 0.000000
vn 0.000000 -1.000000 0.000000
vn -1.000000 -0.000000 -0.000000
vn -1.000000 -0.000000 -0.000000
vn -1.000000 -0.000000 -0.000000
vn -1.000000 -0.000000 -0.000000
vn 0.000000 -1.000000 0.000000
vn 0.000000 -1.000000 0.000000
vn 0.000000 -1.000000 0.000000
vn 0.000000 -1.000000 0.000000
vn 1.000000 0.000000 -0.000000
vn 1.000000 0.000000 -0.000000
vn 1.000000 0.000000 -0.000000
vn 1.000000 0.000000 -0.000000
vn -0.000000 -1.000000 -0.000000
vn -0.000000 -1.000000 -0.000000
vn -0.000000 -1.000000 -0.000000
vn -0.000000 -1.000000 -0.000000
vn 1.000000 -0.000000 0.000000
vn 1.000000 -0.000000 0.000000
vn 1.000000 -0.000000 0.000000
vn 1.000000 -0.000000 0.000000
vn -0.000000 1.000000 -0.000000
vn -0.000000 1.000000 -0.000000
vn -0.000000 1.000000 -0.000000
vn -0.000000 1.000000 -0.000000
vn 1.000000 -0.000000 0.000000
vn 1.000000 -0.000000 0.000000
vn 1.000000 -0.000000 0.000000
vn 1.000000 -0.000000 0.000000
vn -1.000000 -0.000000 -0.000000
vn -1.000000 -0.000000 -0.000000
vn -1.000000 -0.000000 -0.000000
vn -1.000000 -0.000000 -0.000000
vn 1.000000 -0.000000 -0.000000
vn 1.000000 -0.000000 -0.000000
vn 1.000000 -0.000000 -0.000000
vn 1.000000 -0.000000 -0.000000
vn -0.000000 -1.000000 0.000000
vn -0.000000 -1.000000 0.000000
vn -0.000000 -1.000000 0.000000
vn -0.000000 -1.000000 0.000000
vn -1.000000 -0.000000 -0.000000
vn -1.000000 -0.000000 -0.000000
vn -1.000000 -0.000000 -0.000000
vn -1.000000 -0.000000 -0.000000
vn 1.000000 -0.000000 -0.000000
vn 1.000000 -0.000000 -0.000000
vn 1.000000 -0.000000 -0.000000
vn 1.000000 -0.000000 -0.000000
vn 0.000000 -1.000000 -0.000000
vn 0.000000 -1.000000 -0.000000
vn 0.000000 -1.000000 -0.000000
vn 0.000000 -1.000000 -0.000000
vn 0.965926 -0.258819 0.000000
vn 0.965926 -0.258819 0.000000
vn 1.000000 -0.000000 0.000000
vn 1.000000 -0.000000 0.000000
vn 0.965926 0.258819 0.000000
vn 0.965926 0.258819 0.000000
vn 0.866025 0.500000 0.000000
vn 0.866025 0.500000 0.000000
vn 0.707107 0.707107 0.000000
vn 0.707107 0.707107 0.000000
vn 0.500000 0.866025 0.000000
vn 0.500000 0.866025 0.000000
vn 0.258819 0.965926 0.000000
vn 0.258819 0.965926 0.000000
vn 0.000000 1.000000 0.000000
vn 0.000000 1.000000 0.000000
vn -0.258819 0.965926 0.000000
vn -0.258819 0.965926 0.000000
vn -0.500000 0.866025 0.000000
vn -0.500000 0.866025 0.000000
vn -0.707107 0.707107 0.000000
vn -0.707107 0.707107 0.000000
vn -0.866025 0.500000 0.000000
vn -0.866025 0.500000 0.000000
vn -0.965926 0.258819 0.000000
vn -0.965926 0.258819 0.000000
vn -1.000000 0.000000 0.000000
vn -1.000000 0.000000 0.000000
vn -0.965926 -0.258819 -0.000000
vn -0.965926 -0.258819 -0.000000
vn -0.866025 -0.500000 -0.000000
vn -0.866025 -0.500000 -0.000000
vn -0.707107 -0.707107 -0.000000
vn -0.707107 -0.707107 -0.000000
vn -0.500000 -0.866025 -0.000000
vn -0.500000 -0.866025 -0.000000
vn -0.258819 -0.965926 -0.000000
vn -0.258819 -0.965926 -0.000000
vn 0.000000 -1.000000 0.000000
vn 0.000000 -1.000000 0.000000
vn 0.258819 -0.965926 0.000000
vn 0.258819 -0.965926 0.000000
vn 0.500000 -0.866025 0.000000
vn 0.500000 -0.866025 0.000000
vn 0.707107 -0.707107 0.000000
vn 0.707107 -0.707107 0.000000
vn 0.866025 -0.500000 0.000000
vn 0.866025 -0.500000 0.000000
vn 0.965926 -0.258819 0.000000
vn 0.965926 -0.258819 0.000000
vn 1.000000 -0.000000 0.000000
vn 1.000000 -0.000000 0.000000
vn 0.965926 0.258819 0.000000
vn 0.965926 0.258819 0.000000
vn 0.866025 0.500000 0.000000
vn 0.866025 0.500000 0.000000
vn 0.707107 0.707107 0.000000
vn 0.707107 0.707107 0.000000
vn 0.500000 0.866025 0.000000
vn 0.500000 0.866025 0.000000
vn 0.258819 0.965926 0.000000
vn 0.258819 0.965926 0.000000
vn 0.000000 1.000000 0.000000
vn 0.000000 1.000000 0.000000
vn -0.258819 0.965926 0.000000
vn -0.258819 0.965926 0.000000
vn -0.500000 0.866025 0.000000
vn -0.500000 0.866025 0.000000
vn -0.707107 0.707107 0.000000
vn -0.707107 0.707107 0.000000
vn -0.866025 0.500000 0.000000
vn -0.866025 0.500000 0.000000
vn -0.965926 0.258819 0.000000
vn -0.965926 0.258819 0.000000
vn -1.000000 0.000000 0.000000
vn -1.000000 0.000000 0.000000
vn -0.965926 -0.258819 -0.000000
vn -0.965926 -0.258819 -0.000000
vn -0.866025 -0.500000 -0.000000
vn -0.866025 -0.500000 -0.000000
vn -0.707107 -0.707107 -0.000000
vn -0.707107 -0.707107 -0.000000
vn -0.500000 -0.866025 -0.000000
vn -0.500000 -0.866025 -0.000000
vn -0.258819 -0.965926 -0.000000
vn -0.258819 -0.965926 -0.000000
vn 0.000000 -1.000000 0.000000
vn 0.000000 -1.000000 0.000000
vn 0.258819 -0.965926 0.000000
vn 0.258819 -0.965926 0.000000
vn 0.500000 -0.866025 0.000000
vn 0.500000 -0.866025 0.000000
vn 0.707107 -0.707107 0.000000
vn 0.707107 -0.707107 0.000000
vn 0.866025 -0.500000 0.000000
vn 0.866025 -0.500000 0.000000
vn 0.965926 -0.258819 0.000000
vn 0.965926 -0.258819 0.000000
vn 1.000000 -0.000000 0.000000
vn 1.000000 -0.000000 0.000000
vn 0.965926 0.258819 0.000000
vn 0.965926 0.258819 0.000000
vn 0.866025 0.500000 0.000000
vn 0.866025 0.500000 0.000000
vn 0.707107 0.707107 0.000000
vn 0.707107 0.707107 0.000000
vn 0.500000 0.866025 0.000000
vn 0.500000 0.866025 0.000000
vn 0.258819 0.965926 0.000000
vn 0.258819 0.965926 0.000000
vn 0.000000 1.000000 0.000000
vn 0.000000 1.000000 0.000000
vn -0.258819 0.965926 0.000000
vn -0.258819 0.965926 0.000000
vn -0.500000 0.866025 0.000000
vn -0.500000 0.866025 0.000000
vn -0.707107 0.707107 0.000000
vn -0.707107 0.707107 0.000000
vn -0.866025 0.500000 0.000000
vn -0.866025 0.500000 0.000000
vn -0.965926 0.258819 0.000000
vn -0.965926 0.258819 0.000000
vn -1.000000 0.000000 0.000000
vn -1.000000 0.000000 0.000000
vn -0.965926 -0.258819 -0.000000
vn -0.965926 -0.258819 -0.000000
vn -0.866025 -0.500000 -0.000000
vn -0.866025 -0.500000 -0.000000
vn -0.707107 -0.707107 -0.000000
vn -0.707107 -0.707107 -0.000000
vn -0.500000 -0.866025 -0.000000
vn -0.500000 -0.866025 -0.000000
vn -0.258819 -0.965926 -0.000000
vn -0.258819 -0.965926 -0.000000
vn 0.000000 -1.000000 0.000000
vn 0.000000 -1.000000 0.000000
vn 0.258819 -0.965926 0.000000
vn 0.258819 -0.965926 0.000000
vn 0.500000 -0.866025 0.000000
vn 0.500000 -0.866025 0.000000
vn 0.707107 -0.707107 0.000000
vn 0.707107 -0.707107 0.000000
vn 0.866025 -0.500000 0.000000
vn 0.866025 -0.500000 0.000000
vn 0.965926 -0.258819 0.000000
vn 0.965926 -0.258819 0.000000
vn 1.000000 -0.000000 0.000000
vn 1.000000 -0.000000 0.000000
vn 0.965926 0.258819 0.000000
vn 0.965926 0.258819 0.000000
vn 0.866025 0.500000 0.000000
vn 0.866025 0.500000 0.000000
vn 0.707107 0.707107 0.000000
vn 0.707107 0.707107 0.000000
vn 0.500000 0.866025 0.000000
vn 0.500000 0.866025 0.000000
vn 0.258819 0.965926 0.000000
vn 0.258819 0.965926 0.000000
vn 0.000000 1.000000 0.000000
vn 0.000000 1.000000 0.000000
vn -0.258819 0.965926 0.000000
vn -0.258819 0.965926 0.000000
vn -0.500000 0.866025 0.000000
vn -0.500000 0.866025 0.000000
vn -0.707107 0.707107 0.000000
vn -0.707107 0.707107 0.000000
vn -0.866025 0.500000 0.000000
vn -0.866025 0.500000 0.000000
vn -0.965926 0.258819 0.000000
vn -0.965926 0.258819 0.000000
vn -1.000000 0.000000 0.000000
vn -1.000000 0.000000 0.000000
vn -0.965926 -0.258819 -0.000000
vn -0.965926 -0.258819 -0.000000
vn -0.866025 -0.500000 -0.000000
vn -0.866025 -0.500000 -0.000000
vn -0.707107 -0.707107 -0.000000
vn -0.707107 -0.707107 -0.000000
vn -0.500000 -0.866025 -0.000000
vn -0.500000 -0.866025 -0.000000
vn -0.258819 -0.965926 -0.000000
vn -0.258819 -0.965926 -0.000000
vn 0.000000 -1.000000 0.000000
vn 0.000000 -1.000000 0.000000
vn 0.258819 -0.965926 0.000000
vn 0.258819 -0.965926 0.000000
vn 0.500000 -0.866025 0.000000
vn 0.500000 -0.866025 0.000000
vn 0.707107 -0.707107 0.000000
vn 0.707107 -0.707107 0.000000
vn 0.866025 -0.500000 0.000000
vn 0.866025 -0.500000 0.000000
vn 1.000000 -0.000000 -0.000000
vn 1.000000 -0.000000 -0.000000
vn 1.000000 -0.000000 -0.000000
vn 1.000000 -0.000000 -0.000000
vn -0.000000 1.000000 -0.000000
vn -0.000000 1.000000 -0.000000
vn -0.000000 1.000000 -0.000000
vn -0.000000 1.000000 -0.000000
vn -1.000000 -0.000000 0.000000
vn -1.000000 -0.000000 0.000000
vn -1.000000 -0.000000 0.000000
vn -1.000000 -0.000000 0.000000
vn -0.000000 -1.000000 0.000000
vn -0.000000 -1.000000 0.000000
vn -0.000000 -1.000000 0.000000
vn -0.000000 -1.000000 0.000000
vn 1.000000 0.000000 -0.000000
vn 1.000000 0.000000 -0.000000
vn 1.000000 0.000000 -0.000000
vn 1.000000 0.000000 -0.000000
vn -0.000000 -1.000000 0.000000
vn -0.000000 -1.000000 0.000000
vn -0.000000 -1.000000 0.000000
vn -0.000000 -1.000000 0.000000
vn -1.000000 -0.000000 0.000000
vn -1.000000 -0.000000 0.000000
vn -1.000000 -0.000000 0.000000
vn -1.000000 -0.000000 0.000000
vn -0.000000 1.000000 0.000000
vn -0.000000 1.000000 0.000000
vn -0.000000 1.000000 0.000000
vn -0.000000 1.000000 0.000000
vn 1.000000 0.000000 -0.000000
vn 1.000000 0.000000 -0.000000
vn 1.000000 0.000000 -0.000000
vn 1.000000 0.000000 -0.000000
vn -0.000000 -1.000000 0.000000
vn -0.000000 -1.000000 0.000000
vn -0.000000 -1.000000 0.000000
vn -0.000000 -1.000000 0.000000
vn -1.000000 -0.000000 0.000000
vn -1.000000 -0.000000 0.000000
vn -1.000000 -0.000000 0.000000
vn -1.000000 -0.000000 0.000000
vn -0.000000 1.000000 0.000000
vn -0.000000 1.000000 0.000000
vn -0.000000 1.000000 0.000000
vn -0.000000 1.000000 0.000000
vn 1.000000 0.000000 0.000000
vn 1.000000 0.000000 0.000000
vn 1.000000 0.000000 0.000000
vn 1.000000 0.000000 0.000000
vn -0.000000 -1.000000 0.000000
vn -0.000000 -1.000000 0.000000
vn -0.000000 -1.000000 0.000000
vn -0.000000 -1.000000 0.000000
vn -1.000000 -0.000000 0.000000
vn -1.000000 -0.000000 0.000000
vn -1.000000 -0.000000 0.000000
vn -1.000000 -0.000000 0.000000
vn -0.000000 1.000000 0.000000
vn -0.000000 1.000000 0.000000
vn -0.000000 1.000000 0.000000
vn -0.000000 1.000000 0.000000
vn 1.000000 0.000000 0.000000
vn 1.000000 0.000000 0.000000
vn 1.000000 0.000000 0.000000
vn 1.000000 0.000000 0.000000
vn -0.000000 -1.000000 0.000000
vn -0.000000 -1.000000 0.000000
vn -0.000000 -1.000000 0.000000
vn -0.000000 -1.000000 0.000000
vn -1.000000 0.000000 0.000000
vn -1.000000 0.000000 0.000000
vn -1.000000 0.000000 0.000000
vn -1.000000 0.000000 0.000000
vn -0.000000 1.000000 0.000000
vn -0.000000 1.000000 0.000000
vn -0.000000 1.000000 0.000000
vn -0.000000 1.000000 0.000000
vn 1.000000 0.000000 -0.000000
vn 1.000000 0.000000 -0.000000
vn 1.000000 0.000000 -0.000000
vn 1.000000 0.000000 -0.000000
vn 0.000000 -1.000000 0.000000
vn 0.000000 -1.000000 0.000000
vn 0.000000 -1.000000 0.000000
vn 0.000000 -1.000000 0.000000
vn -1.000000 0.000000 0.000000
vn -1.000000 0.000000 0.000000
vn -1.000000 0.000000 0.000000
vn -1.000000 0.000000 0.000000
vn -0.000000 1.000000 0.000000
vn -0.000000 1.000000 0.000000
vn -0.000000 1.000000 0.000000
vn -0.000000 1.000000 0.000000
vn 1.000000 0.000000 -0.000000
vn 1.000000 0.000000 -0.000000
vn 1.000000 0.000000 -0.000000
vn 1.000000 0.000000 -0.000000
vn 0.000000 -1.000000 0.000000
vn 0.000000 -1.000000 0.000000
vn 0.000000 -1.000000 0.000000
vn 0.000000 -1.000000 0.000000
vn -1.000000 -0.000000 0.000000
vn -1.000000 -0.000000 0.000000
vn -1.000000 -0.000000 0.000000
vn -1.000000 -0.000000 0.000000
vn 0.000000 1.000000 -0.000000
vn 0.000000 1.000000 -0.000000
vn 0.000000 1.000000 -0.000000
vn 0.000000 1.000000 -0.000000
vn 1.000000 0.000000 0.000000
vn 1.000000 0.000000 0.000000
vn 1.000000 0.000000 0.000000
vn 1.000000 0.000000 0.000000
vn 0.000000 -1.000000 0.000000
vn 0.000000 -1.000000 0.000000
vn 0.000000 -1.000000 0.000000
vn 0.000000 -1.000000 0.000000
vn -1.000000 0.000000 0.000000
vn -1.000000 0.000000 0.000000
vn -1.000000 0.000000 0.000000
vn -1.000000 0.000000 0.000000
vn 0.000000 1.000000 -0.000000
vn 0.000000 1.000000 -0.000000
vn 0.000000 1.000000 -0.000000
vn 0.000000 1.000000 -0.000000
vn 0.000000 1.000000 -0.000000
vn 0.000000 1.000000 -0.000000
vn 0.000000 1.000000 -0.000000
vn 0.000000 1.000000 -0.000000
vn -1.000000 0.000000 0.000000
vn -1.000000 0.000000 0.000000
vn -1.000000 0.000000 0.000000
vn -1.000000 0.000000 0.000000
vn 1.000000 0.000000 0.000000
vn 1.000000 0.000000 0.000000
vn 1.000000 0.000000 0.000000
vn 1.000000 0.000000 0.000000
vn 0.000000 -1.000000 0.000000
vn 0.000000 -1.000000 0.000000
vn 0.000000 -1.000000 0.000000
vn 0.000000 -1.000000 0.000000
vn 0.258819 -0.965926 0.000000
vn 0.258819 -0.965926 0.000000
vn 0.500000 -0.866025 0.000000
vn 0.500000 -0.866025 0.000000
vn 0.707107 -0.707107 0.000000
vn 0.707107 -0.707107 0.000000
vn 0.866025 -0.500000 0.000000
vn 0.866025 -0.500000 0.000000
vn 0.965926 -0.258819 0.000000
vn 0.965926 -0.258819 0.000000
vn 0.965926 0.258819 0.000000
vn 0.965926 0.258819 0.000000
vn 0.866025 0.500000 0.000000
vn 0.866025 0.500000 0.000000
vn 0.707107 0.707107 0.000000
vn 0.707107 0.707107 0.000000
vn 0.500000 0.866025 0.000000
vn 0.500000 0.866025 0.000000
vn 0.258819 0.965926 0.000000
vn 0.258819 0.965926 0.000000
vn -0.258819 0.965926 0.000000
vn -0.258819 0.965926 0.000000
vn -0.500000 0.866025 0.000000
vn -0.500000 0.866025 0.000000
vn -0.707107 0.707107 0.000000
vn -0.707107 0.707107 0.000000
vn -0.866025 0.500000 0.000000
vn -0.866025 0.500000 0.000000
vn -0.965926 0.258819 0.000000
vn -0.965926 0.258819 0.000000
vn -0.965926 -0.258819 0.000000
vn -0.965926 -0.258819 0.000000
vn -0.866025 -0.500000 0.000000
vn -0.866025 -0.500000 0.000000
vn -0.707107 -0.707107 0.000000
vn -0.707107 -0.707107 0.000000
vn -0.500000 -0.866025 0.000000
vn -0.500000 -0.866025 0.000000
vn -0.258819 -0.965926 0.000000
vn -0.258819 -0.965926 0.000000
vn 0.000000 1.000000 -0.000000
vn 0.000000 1.000000 -0.000000
vn 0.000000 1.000000 -0.000000
vn 0.000000 1.000000 -0.000000
vn 1.000000 0.000000 0.000000
vn 1.000000 0.000000 0.000000
vn 1.000000 0.000000 0.000000
vn 1.000000 0.000000 0.000000
vn -1.000000 0.000000 0.000000
vn -1.000000 0.000000 0.000000
vn -1.000000 0.000000 0.000000
vn -1.000000 0.000000 0.000000
vn 0.000000 1.000000 -0.000000
vn 0.000000 1.000000 -0.000000
vn 0.000000 1.000000 -0.000000
vn 0.000000 1.000000 -0.000000
vn 0.000000 1.000000 -0.000000
vn 0.000000 1.000000 -0.000000
vn 0.000000 1.000000 -0.000000
vn 0.000000 1.000000 -0.000000
vn -1.000000 0.000000 0.000000
vn -1.000000 0.000000 0.000000
vn -1.000000 0.000000 0.000000
vn -1.000000 0.000000 0.000000
vn 0.000000 -1.000000 0.000000
vn 0.000000 -1.000000 0.000000
vn 0.000000 -1.000000 0.000000
vn 0.000000 -1.000000 0.000000
vn -1.000000 0.000000 0.000000
vn -1.000000 0.000000 0.000000
vn -1.000000 0.000000 0.000000
vn -1.000000 0.000000 0.000000
vn 0.000000 -1.000000 0.000000
vn 0.000000 -1.000000 0.000000
vn 0.000000 -1.000000 0.000000
vn 0.000000 -1.000000 0.000000
vn 1.000000 0.000000 0.000000
vn 1.000000 0.000000 0.000000
vn 1.000000 0.000000 0.000000
vn 1.000000 0.000000 0.000000
vn 0.000000 -1.000000 0.000000
vn 0.000000 -1.000000 0.000000
vn 0.000000 -1.000000 0.000000
vn 0.000000 -1.000000 0.000000
vn -0.000000 -1.000000 -0.000000
vn -0.000000 -1.000000 -0.000000
vn -0.000000 -1.000000 -0.000000
vn -0.000000 -1.000000 -0.000000
vn -1.000000 0.000000 -0.000000
vn -1.000000 0.000000 -0.000000
vn -1.000000 0.000000 -0.000000
vn -1.000000 0.000000 -0.000000
vn -0.000000 -1.000000 -0.000000
vn -0.000000 -1.000000 -0.000000
vn -0.000000 -1.000000 -0.000000
vn -0.000000 -1.000000 -0.000000
vn 1.000000 0.000000 -0.000000
vn 1.000000 0.000000 -0.000000
vn 1.000000 0.000000 -0.000000
vn 1.000000 0.000000 -0.000000
vn -0.000000 -1.000000 -0.000000
vn -0.000000 -1.000000 -0.000000
vn -0.000000 -1.000000 -0.000000
vn -0.000000 -1.000000 -0.000000
vn 1.000000 0.000000 -0.000000
vn 1.000000 0.000000 -0.000000
vn 1.000000 0.000000 -0.000000
vn 1.000000 0.000000 -0.000000
vn 1.000000 0.000000 -0.000000
vn 1.000000 0.000000 -0.000000
vn 1.000000 0.000000 -0.000000
vn 1.000000 0.000000 -0.000000
vn -0.000000 1.000000 -0.000000
vn -0.000000 1.000000 -0.000000
vn -0.000000 1.000000 -0.000000
vn -0.000000 1.000000 -0.000000
vn -0.000000 1.000000 -0.000000
vn -0.000000 1.000000 -0.000000
vn -0.000000 1.000000 -0.000000
vn -0.000000 1.000000 -0.000000
vn -1.000000 0.000000 -0.000000
vn -1.000000 0.000000 -0.000000
vn -1.000000 0.000000 -0.000000
vn -1.000000 0.000000 -0.000000
vn -0.000000 1.000000 -0.000000
vn -0.000000 1.000000 -0.000000
vn -0.000000 1.000000 -0.000000
vn -0.000000 1.000000 -0.000000
vn 1.000000 -0.000000 -0.000000
vn 1.000000 -0.000000 -0.000000
vn 1.000000 -0.000000 -0.000000
vn 1.000000 -0.000000 -0.000000
vn 0.000000 1.000000 -0.000000
vn 0.000000 1.000000 -0.000000
vn 0.000000 1.000000 -0.000000
vn 0.000000 1.000000 -0.000000
vn -1.000000 0.000000 -0.000000
vn -1.000000 0.000000 -0.000000
vn -1.000000 0.000000 -0.000000
vn -1.000000 0.000000 -0.000000
vn -0.000000 -1.000000 0.000000
vn -0.000000 -1.000000 0.000000
vn -0.000000 -1.000000 0.000000
vn -0.000000 -1.000000 0.000000
vn 0.965926 0.258819 -0.000000
vn 0.965926 0.258819 -0.000000
vn 0.866025 0.500000 -0.000000
vn 0.866025 0.500000 -0.000000
vn 0.707107 0.707107 -0.000000
vn 0.707107 0.707107 -0.000000
vn 0.500000 0.866025 -0.000000
vn 0.500000 0.866025 -0.000000
vn 0.258819 0.965926 -0.000000
vn 0.258819 0.965926 -0.000000
vn -0.258819 0.965926 0.000000
vn -0.258819 0.965926 0.000000
vn -0.500000 0.866025 0.000000
vn -0.500000 0.866025 0.000000
vn -0.707107 0.707107 0.000000
vn -0.707107 0.707107 0.000000
vn -0.866025 0.500000 0.000000
vn -0.866025 0.500000 0.000000
vn -0.965926 0.258819 0.000000
vn -0.965926 0.258819 0.000000
vn -0.965926 -0.258819 0.000000
vn -0.965926 -0.258819 0.000000
vn -0.866025 -0.500000 0.000000
vn -0.866025 -0.500000 0.000000
vn -0.707107 -0.707107 0.000000
vn -0.707107 -0.707107 0.000000
vn -0.500000 -0.866025 0.000000
vn -0.500000 -0.866025 0.000000
vn -0.258819 -0.965926 0.000000
vn -0.258819 -0.965926 0.000000
vn 0.258819 -0.965926 0.000000
vn 0.258819 -0.965926 0.000000
vn 0.500000 -0.866025 0.000000
vn 0.500000 -0.866025 0.000000
vn 0.707107 -0.707107 0.000000
vn 0.707107 -0.707107 0.000000
vn 0.866025 -0.500000 0.000000
vn 0.866025 -0.500000 0.000000
vn 0.965926 -0.258819 0.000000
vn 0.965926 -0.258819 0.000000
vn -1.000000 -0.000000 -0.000000
vn -1.000000 -0.000000 -0.000000
vn -1.000000 -0.000000 -0.000000
vn -1.000000 -0.000000 -0.000000
vn 0.000000 -1.000000 0.000000
vn 0.000000 -1.000000 0.000000
vn 0.000000 -1.000000 0.000000
vn 0.000000 -1.000000 0.000000
vn 1.000000 0.000000 -0.000000
vn 1.000000 0.000000 -0.000000
vn 1.000000 0.000000 -0.000000
vn 1.000000 0.000000 -0.000000
vn -0.000000 1.000000 -0.000000
vn -0.000000 1.000000 -0.000000
vn -0.000000 1.000000 -0.000000
vn -0.000000 1.000000 -0.000000
vn -0.258819 0.965926 0.000000
vn -0.258819 0.965926 0.000000
vn -0.500000 0.866025 0.000000
vn -0.500000 0.866025 0.000000
vn -0.707107 0.707107 0.000000
vn -0.707107 0.707107 0.000000
vn -0.866025 0.500000 0.000000
vn -0.866025 0.500000 0.000000
vn -0.965926 0.258819 0.000000
vn -0.965926 0.258819 0.000000
vn 0.965926 0.258819 -0.000000
vn 0.965926 0.258819 -0.000000
vn 0.866025 0.500000 -0.000000
vn 0.866025 0.500000 -0.000000
vn 0.707107 0.707107 -0.000000
vn 0.707107 0.707107 -0.000000
vn 0.500000 0.866025 -0.000000
vn 0.500000 0.866025 -0.000000
vn 0.258819 0.965926 -0.000000
vn 0.258819 0.965926 -0.000000
vn 0.258819 -0.965926 0.000000
vn 0.258819 -0.965926 0.000000
vn 0.500000 -0.866025 0.000000
vn 0.500000 -0.866025 0.000000
vn 0.707107 -0.707107 0.000000
vn 0.707107 -0.707107 0.000000
vn 0.866025 -0.500000 0.000000
vn 0.866025 -0.500000 0.000000
vn 0.965926 -0.258819 0.000000
vn 0.965926 -0.258819 0.000000
vn -0.965926 -0.258819 0.000000
vn -0.965926 -0.258819 0.000000
vn -0.866025 -0.500000 0.000000
vn -0.866025 -0.500000 0.000000
vn -0.707107 -0.707107 0.000000
vn -0.707107 -0.707107 0.000000
vn -0.500000 -0.866025 0.000000
vn -0.500000 -0.866025 0.000000
vn -0.258819 -0.965926 0.000000
vn -0.258819 -0.965926 0.000000
vn 0.000000 -1.000000 0.000000
vn 0.000000 -1.000000 0.000000
vn 0.000000 -1.000000 0.000000
vn 0.000000 -1.000000 0.000000
vn -1.000000 -0.000000 0.000000
vn -1.000000 -0.000000 0.000000
vn -1.000000 -0.000000 0.000000
vn -1.000000 -0.000000 0.000000
vn 1.000000 -0.000000 0.000000
vn 1.000000 -0.000000 0.000000
vn 1.000000 -0.000000 0.000000
vn 1.000000 -0.000000 0.000000
vn 0.258819 -0.965926 -0.000000
vn 0.258819 -0.965926 -0.000000
vn 0.500000 -0.866025 -0.000000
vn 0.500000 -0.866025 -0.000000
vn 0.707107 -0.707107 -0.000000
vn 0.707107 -0.707107 -0.000000
vn 0.866025 -0.500000 -0.000000
vn 0.866025 -0.500000 -0.000000
vn 0.965926 -0.258819 -0.000000
vn 0.965926 -0.258819 -0.000000
vn -0.965926 -0.258819 0.000000
vn -0.965926 -0.258819 0.000000
vn -0.866025 -0.500000 0.000000
vn -0.866025 -0.500000 0.000000
vn -0.707107 -0.707107 0.000000
vn -0.707107 -0.707107 0.000000
vn -0.500000 -0.866025 0.000000
vn -0.500000 -0.866025 0.000000
vn -0.258819 -0.965926 0.000000
vn -0.258819 -0.965926 0.000000
vn 0.258819 -0.965926 0.000000
vn 0.258819 -0.965926 0.000000
vn 0.500000 -0.866025 0.000000
vn 0.500000 -0.866025 0.000000
vn 0.707107 -0.707107 0.000000
vn 0.707107 -0.707107 0.000000
vn 0.866025 -0.500000 0.000000
vn 0.866025 -0.500000 0.000000
vn 0.965926 -0.258819 0.000000
vn 0.965926 -0.258819 0.000000
vn -0.965926 -0.258819 0.000000
vn -0.965926 -0.258819 0.000000
vn -0.866025 -0.500000 0.000000
vn -0.866025 -0.500000 0.000000
vn -0.707107 -0.707107 0.000000
vn -0.707107 -0.707107 0.000000
vn -0.500000 -0.866025 0.000000
vn -0.500000 -0.866025 0.000000
vn -0.258819 -0.965926 0.000000
vn -0.258819 -0.965926 0.000000
vn 1.000000 -0.000000 -0.000000
vn 1.000000 -0.000000 -0.000000
vn 1.000000 -0.000000 -0.000000
vn 1.000000 -0.000000 -0.000000
vn -0.000000 1.000000 -0.000000
vn -0.000000 1.000000 -0.000000
vn -0.000000 1.000000 -0.000000
vn -0.000000 1.000000 -0.000000
vn -1.000000 -0.000000 -0.000000
vn -1.000000 -0.000000 -0.000000
vn -1.000000 -0.000000 -0.000000
vn -1.000000 -0.000000 -0.000000
vn 1.000000 0.000000 0.000000
vn 1.000000 0.000000 0.000000
vn 1.000000 0.000000 0.000000
vn 1.000000 0.000000 0.000000
vn 0.000000 -1.000000 0.000000
vn 0.000000 -1.000000 0.000000
vn 0.000000 -1.000000 0.000000
vn 0.000000 -1.000000 0.000000
vn -1.000000 0.000000 0.000000
vn -1.000000 0.000000 0.000000
vn -1.000000 0.000000 0.000000
vn -1.000000 0.000000 0.000000
vn -0.000000 1.000000 0.000000
vn -0.000000 1.000000 0.000000
vn -0.000000 1.000000 0.000000
vn -0.000000 1.000000 0.000000
vn 0.000000 -1.000000 -0.000000
vn 0.000000 -1.000000 -0.000000
vn 0.000000 -1.000000 -0.000000
vn 0.000000 -1.000000 -0.000000
vn -0.000000 -0.000000 1.000000
vn -0.000000 -0.000000 1.000000
vn -0.000000 -0.000000 1.000000
vn -0.000000 -0.000000 1.000000
vn -0.000000 -0.000000 1.000000
vn -0.000000 -0.000000 1.000000
vn -0.000000 -0.000000 1.000000
vn -0.000000 -0.000000 1.000000
vn 1.000000 -0.000000 -0.000000
vn 1.000000 -0.000000 -0.000000
vn 1.000000 -0.000000 -0.000000
vn 1.000000 -0.000000 -0.000000
vn -0.821285 0.570518 -0.000000
vn -0.821285 0.570518 -0.000000
vn -0.821285 0.570518 -0.000000
vn -0.821285 0.570518 -0.000000
vn 0.000000 1.000000 -0.000000
vn 0.000000 1.000000 -0.000000
vn 0.000000 1.000000 -0.000000
vn 0.000000 1.000000 -0.000000
vn 1.000000 0.000000 0.000000
vn 1.000000 0.000000 0.000000
vn 1.000000 0.000000 0.000000
vn 1.000000 0.000000 0.000000
vn 0.817576 -0.575821 0.000000
vn 0.817576 -0.575821 0.000000
vn 0.817576 -0.575821 0.000000
vn 0.817576 -0.575821 0.000000
vn 0.000000 -1.000000 0.000000
vn 0.000000 -1.000000 0.000000
vn 0.000000 -1.000000 0.000000
vn 0.000000 -1.000000 0.000000
vn -1.000000 0.000000 0.000000
vn -1.000000 0.000000 0.000000
vn -1.000000 0.000000 0.000000
vn -1.000000 0.000000 0.000000
vn 0.000000 -1.000000 0.000000
vn 0.000000 -1.000000 0.000000
vn 0.000000 -1.000000 0.000000
vn 0.000000 -1.000000 0.000000
vn -1.000000 0.000000 0.000000
vn -1.000000 0.000000 0.000000
vn -1.000000 0.000000 0.000000
vn -1.000000 0.000000 0.000000
vn 0.000000 1.000000 -0.000000
vn 0.000000 1.000000 -0.000000
vn 0.000000 1.000000 -0.000000
vn 0.000000 1.000000 -0.000000
vn -1.000000 0.000000 0.000000
vn -1.000000 0.000000 0.000000
vn -1.000000 0.000000 0.000000
vn -1.000000 0.000000 0.000000
vn 0.000000 1.000000 -0.000000
vn 0.000000 1.000000 -0.000000
vn 0.000000 1.000000 -0.000000
vn 0.000000 1.000000 -0.000000
vn 1.000000 0.000000 0.000000
vn 1.000000 0.000000 0.000000
vn 1.000000 0.000000 0.000000
vn 1.000000 0.000000 0.000000
vn -0.000000 -1.000000 0.000000
vn -0.000000 -1.000000 0.000000
vn -0.000000 -1.000000 0.000000
vn -0.000000 -1.000000 0.000000
vn 0.000000 -0.000000 1.000000
vn 0.000000 -0.000000 1.000000
vn 0.000000 -0.000000 1.000000
vn 0.000000 -0.000000 1.000000
vn 0.000000 -0.000000 1.000000
vn 0.000000 -0.000000 1.000000
vn 0.000000 -0.000000 1.000000
vn 0.000000 -0.000000 1.000000
vn 0.000000 -0.000000 1.000000
vn 0.000000 -0.000000 1.000000
vn 0.000000 -0.000000 1.000000
vn 0.000000 -0.000000 1.000000
vn 0.000000 -0.000000 1.000000
vn 0.000000 -0.000000 1.000000
vn -0.000000 -0.000000 1.000000
vn -0.000000 -0.000000 1.000000
vn -0.000000 -0.000000 1.000000
usemtl Opaque(65,96,255)
f 2/1/1 15/2/2 1/3/3
f 1/3/3 15/2/2 6/4/4
f 1/3/3 6/4/4 7/5/5
f 3/6/6 11/7/7 2/1/1
f 2/1/1 11/7/7 12/8/8
f 2/1/1 12/8/8 14/9/9
f 14/9/9 12/8/8 13/10/10
f 4/11/11 8/12/12 3/6/6
f 3/6/6 8/12/12 9/13/13
f 3/6/6 9/13/13 11/7/7
f 11/7/7 9/13/13 10/14/14
f 8/12/12 4/11/11 7/5/5
f 7/5/5 4/11/11 1/3/3
f 5/15/15 6/4/4 15/2/2
f 14/9/9 15/2/2 2/1/1
f 177/16/16 16/17/17 178/18/18
f 178/18/18 16/17/17 17/19/19
f 178/18/18 17/19/19 181/20/20
f 181/20/20 17/19/19 18/21/21
f 181/20/20 18/21/21 19/22/22
f 19/22/22 20/23/23 181/20/20
f 181/20/20 20/23/23 21/24/24
f 181/20/20 21/24/24 22/25/25
f 22/25/25 23/26/26 181/20/20
f 181/20/20 23/26/26 180/27/27
f 180/27/27 23/26/26 24/28/28
f 180/27/27 24/28/28 25/29/29
f 180/27/27 25/29/29 179/30/30
f 179/30/30 25/29/29 26/31/31
f 179/30/30 26/31/31 27/32/32
f 179/30/30 27/32/32 356/33/33
f 356/33/33 27/32/32 28/34/34
f 356/33/33 28/34/34 355/35/35
f 355/35/35 28/34/34 197/36/36
f 355/35/35 197/36/36 354/37/37
f 354/37/37 197/36/36 353/38/38
f 353/38/38 197/36/36 352/39/39
f 352/39/39 197/36/36 194/40/40
f 352/39/39 194/40/40 351/41/41
f 351/41/41 194/40/40 350/42/42
f 350/42/42 194/40/40 349/43/43
f 349/43/43 194/40/40 348/44/44
f 348/44/44 194/40/40 347/45/45
f 347/45/45 194/40/40 162/46/46
f 347/45/45 162/46/46 346/47/47
f 346/47/47 162/46/46 345/48/48
f 345/48/48 162/46/46 344/49/49
f 344/49/49 162/46/46 343/50/50
f 343/50/50 162/46/46 342/51/51
f 342/51/51 162/46/46 341/52/52
f 341/52/52 162/46/46 340/53/53
f 340/53/53 162/46/46 163/54/54
f 340/53/53 163/54/54 339/55/55
f 339/55/55 163/54/54 338/56/56
f 338/56/56 163/54/54 166/57/57
f 338/56/56 166/57/57 365/58/58
f 365/58/58 166/57/57 364/59/59
f 364/59/59 166/57/57 363/60/60
f 363/60/60 166/57/57 167/61/61
f 363/60/60 167/61/61 362/62/62
f 362/62/62 167/61/61 169/63/63
f 362/62/62 169/63/63 361/64/64
f 361/64/64 169/63/63 360/65/65
f 360/65/65 169/63/63 170/66/66
f 360/65/65 170/66/66 359/67/67
f 359/67/67 170/66/66 172/68/68
f 359/67/67 172/68/68 358/69/69
f 358/69/69 172/68/68 173/70/70
f 358/69/69 173/70/70 357/71/71
f 357/71/71 173/70/70 179/30/30
f 357/71/71 179/30/30 356/33/33
f 28/34/34 29/72/72 197/36/36
f 197/36/36 29/72/72 218/73/73
f 197/36/36 218/73/73 219/74/74
f 218/73/73 29/72/72 217/75/75
f 217/75/75 29/72/72 30/76/76
f 217/75/75 30/76/76 216/77/77
f 216/77/77 30/76/76 31/78/78
f 216/77/77 31/78/78 307/79/79
f 307/79/79 31/78/78 306/80/80
f 306/80/80 31/78/78 32/81/81
f 306/80/80 32/81/81 33/82/82
f 34/83/83 391/84/84 33/82/82
f 33/82/82 391/84/84 392/85/85
f 33/82/82 392/85/85 306/80/80
f 306/80/80 392/85/85 393/86/86
f 306/80/80 393/86/86 366/87/87
f 391/84/84 34/83/83 50/88/88
f 50/88/88 34/83/83 35/89/89
f 50/88/88 35/89/89 36/90/90
f 36/90/90 37/91/91 50/88/88
f 50/88/88 37/91/91 48/92/92
f 50/88/88 48/92/92 49/93/93
f 48/92/92 37/91/91 47/94/94
f 47/94/94 37/91/91 38/95/95
f 47/94/94 38/95/95 44/96/96
f 44/96/96 38/95/95 39/97/97
f 44/96/96 39/97/97 40/98/98
f 40/98/98 41/99/99 44/96/96
f 44/96/96 41/99/99 42/100/100
f 44/96/96 42/100/100 43/101/101
f 44/96/96 45/102/102 47/94/94
f 47/94/94 45/102/102 46/103/103
f 51/104/104 389/105/105 50/88/88
f 50/88/88 389/105/105 390/106/106
f 50/88/88 390/106/106 391/84/84
f 52/107/107 53/108/108 51/104/104
f 51/104/104 53/108/108 388/109/109
f 51/104/104 388/109/109 389/105/105
f 388/109/109 53/108/108 387/110/110
f 387/110/110 53/108/108 54/111/111
f 387/110/110 54/111/111 386/112/112
f 386/112/112 54/111/111 385/113/113
f 385/113/113 54/111/111 56/114/114
f 385/113/113 56/114/114 384/115/115
f 384/115/115 56/114/114 57/116/116
f 384/115/115 57/116/116 383/117/117
f 383/117/117 57/116/116 382/118/118
f 382/118/118 57/116/116 381/119/119
f 381/119/119 57/116/116 60/120/120
f 381/119/119 60/120/120 380/121/121
f 380/121/121 60/120/120 379/122/122
f 379/122/122 60/120/120 61/123/123
f 379/122/122 61/123/123 378/124/124
f 378/124/124 61/123/123 377/125/125
f 377/125/125 61/123/123 376/126/126
f 376/126/126 61/123/123 375/127/127
f 375/127/127 61/123/123 374/128/128
f 374/128/128 61/123/123 373/129/129
f 373/129/129 61/123/123 372/130/130
f 372/130/130 61/123/123 309/131/131
f 372/130/130 309/131/131 371/132/132
f 371/132/132 309/131/131 370/133/133
f 370/133/133 309/131/131 369/134/134
f 369/134/134 309/131/131 368/135/135
f 368/135/135 309/131/131 367/136/136
f 367/136/136 309/131/131 306/80/80
f 367/136/136 306/80/80 366/87/87
f 54/111/111 55/137/137 56/114/114
f 58/138/138 59/139/139 57/116/116
f 57/116/116 59/139/139 60/120/120
f 62/140/140 238/141/141 61/123/123
f 61/123/123 238/141/141 239/142/142
f 61/123/123 239/142/142 309/131/131
f 309/131/131 239/142/142 308/143/143
f 308/143/143 239/142/142 240/144/144
f 308/143/143 240/144/144 241/145/145
f 63/146/146 68/147/147 62/140/140
f 62/140/140 68/147/147 69/148/148
f 62/140/140 69/148/148 189/149/149
f 189/149/149 69/148/148 188/150/150
f 188/150/150 69/148/148 70/151/151
f 188/150/150 70/151/151 72/152/152
f 72/152/152 70/151/151 71/153/153
f 63/146/146 64/154/154 68/147/147
f 68/147/147 64/154/154 65/155/155
f 68/147/147 65/155/155 66/156/156
f 66/156/156 67/157/157 68/147/147
f 188/150/150 72/152/152 187/158/158
f 187/158/158 72/152/152 73/159/159
f 187/158/158 73/159/159 75/160/160
f 75/160/160 73/159/159 74/161/161
f 76/162/162 185/163/163 75/160/160
f 75/160/160 185/163/163 182/164/164
f 75/160/160 182/164/164 187/158/158
f 187/158/158 182/164/164 186/165/165
f 186/165/165 182/164/164 200/166/166
f 186/165/165 200/166/166 201/167/167
f 77/168/168 78/169/169 76/162/162
f 76/162/162 78/169/169 184/170/170
f 76/162/162 184/170/170 185/163/163
f 184/170/170 78/169/169 82/171/171
f 82/171/171 78/169/169 79/172/172
f 82/171/171 79/172/172 81/173/173
f 81/173/173 79/172/172 80/174/174
f 83/175/175 89/176/176 82/171/171
f 82/171/171 89/176/176 90/177/177
f 82/171/171 90/177/177 268/178/178
f 268/178/178 90/177/177 267/179/179
f 267/179/179 90/177/177 266/180/180
f 266/180/180 90/177/177 265/181/181
f 265/181/181 90/177/177 264/182/182
f 264/182/182 90/177/177 91/183/183
f 264/182/182 91/183/183 263/184/184
f 263/184/184 91/183/183 262/185/185
f 262/185/185 91/183/183 261/186/186
f 261/186/186 91/183/183 260/187/187
f 260/187/187 91/183/183 92/188/188
f 260/187/187 92/188/188 259/189/189
f 259/189/189 92/188/188 258/190/190
f 258/190/190 92/188/188 257/191/191
f 257/191/191 92/188/188 256/192/192
f 256/192/192 92/188/188 93/193/193
f 256/192/192 93/193/193 255/194/194
f 255/194/194 93/193/193 254/195/195
f 254/195/195 93/193/193 94/196/196
f 254/195/195 94/196/196 253/197/197
f 253/197/197 94/196/196 310/198/198
f 253/197/197 310/198/198 252/199/199
f 252/199/199 310/198/198 311/200/200
f 252/199/199 311/200/200 251/201/201
f 251/201/201 311/200/200 312/202/202
f 251/201/201 312/202/202 250/203/203
f 250/203/203 312/202/202 313/204/204
f 250/203/203 313/204/204 273/205/205
f 273/205/205 313/204/204 314/206/206
f 273/205/205 314/206/206 184/170/170
f 184/170/170 314/206/206 183/207/207
f 183/207/207 314/206/206 315/208/208
f 183/207/207 315/208/208 316/209/209
f 84/210/210 85/211/211 83/175/175
f 83/175/175 85/211/211 86/212/212
f 83/175/175 86/212/212 87/213/213
f 87/213/213 88/214/214 83/175/175
f 83/175/175 88/214/214 89/176/176
f 94/196/196 95/215/215 310/198/198
f 310/198/198 95/215/215 103/216/216
f 310/198/198 103/216/216 337/217/217
f 337/217/217 103/216/216 336/218/218
f 336/218/218 103/216/216 335/219/219
f 335/219/219 103/216/216 334/220/220
f 334/220/220 103/216/216 104/221/221
f 334/220/220 104/221/221 333/222/222
f 333/222/222 104/221/221 332/223/223
f 332/223/223 104/221/221 106/224/224
f 332/223/223 106/224/224 117/225/225
f 117/225/225 106/224/224 116/226/226
f 116/226/226 106/224/224 107/227/227
f 116/226/226 107/227/227 113/228/228
f 113/228/228 107/227/227 110/229/229
f 113/228/228 110/229/229 112/230/230
f 112/230/230 110/229/229 111/231/231
f 103/216/216 95/215/215 101/232/232
f 101/232/232 95/215/215 96/233/233
f 101/232/232 96/233/233 97/234/234
f 101/232/232 97/234/234 100/235/235
f 100/235/235 97/234/234 98/236/236
f 100/235/235 98/236/236 99/237/237
f 101/232/232 102/238/238 103/216/216
f 104/221/221 105/239/239 106/224/224
f 108/240/240 109/241/241 107/227/227
f 107/227/227 109/241/241 110/229/229
f 113/228/228 114/242/242 116/226/226
f 116/226/226 114/242/242 115/243/243
f 118/244/244 119/245/245 117/225/225
f 117/225/225 119/245/245 331/246/246
f 117/225/225 331/246/246 332/223/223
f 120/247/247 329/248/248 119/245/245
f 119/245/245 329/248/248 330/249/249
f 119/245/245 330/249/249 331/246/246
f 121/250/250 122/251/251 120/247/247
f 120/247/247 122/251/251 281/252/252
f 120/247/247 281/252/252 282/253/253
f 123/254/254 126/255/255 122/251/251
f 122/251/251 126/255/255 127/256/256
f 122/251/251 127/256/256 128/257/257
f 124/258/258 125/259/259 123/254/254
f 123/254/254 125/259/259 126/255/255
f 129/260/260 280/261/261 128/257/257
f 128/257/257 280/261/261 281/252/252
f 128/257/257 281/252/252 122/251/251
f 130/262/262 278/263/263 129/260/260
f 129/260/260 278/263/263 279/264/264
f 129/260/260 279/264/264 280/261/261
f 131/265/265 276/266/266 130/262/262
f 130/262/262 276/266/266 277/267/267
f 130/262/262 277/267/267 278/263/263
f 276/266/266 131/265/265 275/268/268
f 275/268/268 131/265/265 132/269/269
f 275/268/268 132/269/269 274/270/270
f 274/270/270 132/269/269 297/271/271
f 297/271/271 132/269/269 133/272/272
f 297/271/271 133/272/272 296/273/273
f 296/273/273 133/272/272 295/274/274
f 295/274/274 133/272/272 141/275/275
f 295/274/274 141/275/275 294/276/276
f 294/276/276 141/275/275 303/277/277
f 294/276/276 303/277/277 293/278/278
f 293/278/278 303/277/277 292/279/279
f 292/279/279 303/277/277 291/280/280
f 291/280/280 303/277/277 290/281/281
f 290/281/281 303/277/277 304/282/282
f 290/281/281 304/282/282 289/283/283
f 289/283/283 304/282/282 288/284/284
f 288/284/284 304/282/282 320/285/285
f 288/284/284 320/285/285 287/286/286
f 287/286/286 320/285/285 321/287/287
f 287/286/286 321/287/287 286/288/288
f 286/288/288 321/287/287 322/289/289
f 286/288/288 322/289/289 285/290/290
f 285/290/290 322/289/289 323/291/291
f 285/290/290 323/291/291 284/292/292
f 284/292/292 323/291/291 324/293/293
f 284/292/292 324/293/293 283/294/294
f 283/294/294 324/293/293 282/253/253
f 282/253/253 324/293/293 325/295/295
f 282/253/253 325/295/295 120/247/247
f 120/247/247 325/295/295 326/296/296
f 120/247/247 326/296/296 327/297/297
f 133/272/272 134/298/298 141/275/275
f 141/275/275 134/298/298 140/299/299
f 140/299/299 134/298/298 135/300/300
f 140/299/299 135/300/300 136/301/301
f 136/301/301 137/302/302 140/299/299
f 140/299/299 137/302/302 138/303/303
f 140/299/299 138/303/303 139/304/304
f 142/305/305 144/306/306 141/275/275
f 141/275/275 144/306/306 145/307/307
f 141/275/275 145/307/307 303/277/277
f 303/277/277 145/307/307 147/308/308
f 303/277/277 147/308/308 302/309/309
f 302/309/309 147/308/308 148/310/310
f 302/309/309 148/310/310 305/311/311
f 305/311/311 148/310/310 192/312/312
f 305/311/311 192/312/312 193/313/313
f 142/305/305 143/314/314 144/306/306
f 145/307/307 146/315/315 147/308/308
f 149/316/316 150/317/317 148/310/310
f 148/310/310 150/317/317 192/312/312
f 150/317/317 151/318/318 192/312/312
f 192/312/312 151/318/318 191/319/319
f 191/319/319 151/318/318 153/320/320
f 191/319/319 153/320/320 154/321/321
f 151/318/318 152/322/322 153/320/320
f 155/323/323 161/324/324 154/321/321
f 154/321/321 161/324/324 299/325/325
f 154/321/321 299/325/325 190/326/326
f 190/326/326 299/325/325 300/327/327
f 190/326/326 300/327/327 193/313/313
f 193/313/313 300/327/327 200/166/166
f 193/313/313 200/166/166 305/311/311
f 305/311/311 200/166/166 182/164/164
f 305/311/311 182/164/164 304/282/282
f 304/282/282 182/164/164 183/207/207
f 304/282/282 183/207/207 318/328/328
f 318/328/328 183/207/207 317/329/329
f 317/329/329 183/207/207 316/209/209
f 156/330/330 157/331/331 155/323/323
f 155/323/323 157/331/331 158/332/332
f 155/323/323 158/332/332 159/333/333
f 159/333/333 160/334/334 155/323/323
f 155/323/323 160/334/334 161/324/324
f 162/46/46 195/335/335 161/324/324
f 161/324/324 195/335/335 298/336/336
f 161/324/324 298/336/336 299/325/325
f 164/337/337 165/338/338 163/54/54
f 163/54/54 165/338/338 166/57/57
f 167/61/61 168/339/339 169/63/63
f 170/66/66 171/340/340 172/68/68
f 174/341/341 175/342/342 173/70/70
f 173/70/70 175/342/342 179/30/30
f 175/342/342 176/343/343 179/30/30
f 179/30/30 176/343/343 178/18/18
f 178/18/18 176/343/343 177/16/16
f 62/140/140 189/149/149 201/167/167
f 201/167/167 189/149/149 186/165/165
f 190/326/326 191/319/319 154/321/321
f 194/40/40 195/335/335 162/46/46
f 196/344/344 202/345/345 195/335/335
f 195/335/335 202/345/345 203/346/346
f 195/335/335 203/346/346 298/336/336
f 298/336/336 203/346/346 204/347/347
f 298/336/336 204/347/347 301/348/348
f 301/348/348 204/347/347 205/349/349
f 301/348/348 205/349/349 206/350/350
f 197/36/36 219/74/74 196/344/344
f 196/344/344 219/74/74 220/351/351
f 196/344/344 220/351/351 221/352/352
f 199/353/353 231/354/354 198/355/355
f 198/355/355 231/354/354 232/356/356
f 198/355/355 232/356/356 233/357/357
f 200/166/166 300/327/327 199/353/353
f 199/353/353 300/327/327 301/348/348
f 199/353/353 301/348/348 211/358/358
f 211/358/358 301/348/348 210/359/359
f 210/359/359 301/348/348 209/360/360
f 209/360/360 301/348/348 208/361/361
f 208/361/361 301/348/348 207/362/362
f 207/362/362 301/348/348 206/350/350
f 201/167/167 198/355/355 62/140/140
f 62/140/140 198/355/355 237/363/363
f 62/140/140 237/363/363 238/141/141
f 211/358/358 212/364/364 199/353/353
f 199/353/353 212/364/364 213/365/365
f 199/353/353 213/365/365 227/366/366
f 227/366/366 213/365/365 307/79/79
f 227/366/366 307/79/79 226/367/367
f 226/367/367 307/79/79 249/368/368
f 249/368/368 307/79/79 248/369/369
f 248/369/369 307/79/79 247/370/370
f 247/370/370 307/79/79 246/371/371
f 246/371/371 307/79/79 308/143/143
f 246/371/371 308/143/143 245/372/372
f 245/372/372 308/143/143 244/373/373
f 244/373/373 308/143/143 243/374/374
f 243/374/374 308/143/143 242/375/375
f 242/375/375 308/143/143 241/145/145
f 213/365/365 214/376/376 307/79/79
f 307/79/79 214/376/376 215/377/377
f 307/79/79 215/377/377 216/77/77
f 221/352/352 222/378/378 196/344/344
f 196/344/344 222/378/378 223/379/379
f 196/344/344 223/379/379 224/380/380
f 224/380/380 225/381/381 196/344/344
f 196/344/344 225/381/381 202/345/345
f 227/366/366 228/382/382 199/353/353
f 199/353/353 228/382/382 229/383/383
f 199/353/353 229/383/383 230/384/384
f 230/384/384 231/354/354 199/353/353
f 233/357/357 234/385/385 198/355/355
f 198/355/355 234/385/385 235/386/386
f 198/355/355 235/386/386 236/387/387
f 236/387/387 237/363/363 198/355/355
f 268/178/178 269/388/388 82/171/171
f 82/171/171 269/388/388 184/170/170
f 269/388/388 270/389/389 184/170/170
f 184/170/170 270/389/389 271/390/390
f 184/170/170 271/390/390 272/391/391
f 272/391/391 273/205/205 184/170/170
f 318/328/328 319/392/392 304/282/282
f 304/282/282 319/392/392 320/285/285
f 327/297/297 328/393/393 120/247/247
f 120/247/247 328/393/393 329/248/248
f 395/394/394 17/395/395 394/396/396
f 394/396/396 17/395/395 16/397/397
f 397/398/398 404/399/399 396/400/400
f 396/400/400 404/399/399 405/401/401
f 396/400/400 405/401/401 407/402/402
f 407/402/402 405/401/401 406/403/403
f 404/399/399 397/398/398 395/404/404
f 395/404/404 397/398/398 398/405/405
f 395/404/404 398/405/405 399/406/406
f 399/406/406 400/407/407 395/404/404
f 395/404/404 400/407/407 401/408/408
f 395/404/404 401/408/408 402/409/409
f 395/404/404 394/410/410 404/399/399
f 404/399/399 394/410/410 403/411/411
f 408/412/412 607/413/413 407/402/402
f 407/402/402 607/413/413 608/414/414
f 407/402/402 608/414/414 609/415/415
f 409/416/416 410/417/417 408/412/412
f 408/412/412 410/417/417 606/418/418
f 408/412/412 606/418/418 607/413/413
f 606/418/418 410/417/417 605/419/419
f 605/419/419 410/417/417 411/420/420
f 605/419/419 411/420/420 604/421/421
f 604/421/421 411/420/420 603/422/422
f 603/422/422 411/420/420 413/423/423
f 603/422/422 413/423/423 602/424/424
f 602/424/424 413/423/423 414/425/425
f 602/424/424 414/425/425 601/426/426
f 601/426/426 414/425/425 600/427/427
f 600/427/427 414/425/425 599/428/428
f 599/428/428 414/425/425 417/429/429
f 599/428/428 417/429/429 598/430/430
f 598/430/430 417/429/429 597/431/431
f 597/431/431 417/429/429 418/432/432
f 597/431/431 418/432/432 596/433/433
f 596/433/433 418/432/432 595/434/434
f 595/434/434 418/432/432 594/435/435
f 594/435/435 418/432/432 593/436/436
f 593/436/436 418/432/432 592/437/437
f 592/437/437 418/432/432 591/438/438
f 591/438/438 418/432/432 590/439/439
f 590/439/439 418/432/432 714/440/440
f 590/439/439 714/440/440 589/441/441
f 589/441/441 714/440/440 588/442/442
f 588/442/442 714/440/440 587/443/443
f 587/443/443 714/440/440 586/444/444
f 586/444/444 714/440/440 585/445/445
f 585/445/445 714/440/440 715/446/446
f 585/445/445 715/446/446 584/447/447
f 584/447/447 715/446/446 611/448/448
f 611/448/448 715/446/446 610/449/449
f 610/449/449 715/446/446 552/450/450
f 610/449/449 552/450/450 609/415/415
f 609/415/415 552/450/450 553/451/451
f 609/415/415 553/451/451 407/402/402
f 407/402/402 553/451/451 554/452/452
f 407/402/402 554/452/452 555/453/453
f 411/420/420 412/454/454 413/423/423
f 415/455/455 416/456/456 414/425/425
f 414/425/425 416/456/456 417/429/429
f 714/440/440 418/432/432 713/457/457
f 713/457/457 418/432/432 419/458/458
f 713/457/457 419/458/458 718/459/459
f 718/459/459 419/458/458 717/460/460
f 717/460/460 419/458/458 426/461/461
f 717/460/460 426/461/461 722/462/462
f 722/462/462 426/461/461 721/463/463
f 721/463/463 426/461/461 427/464/464
f 721/463/463 427/464/464 429/465/465
f 429/465/465 427/464/464 428/466/466
f 426/461/461 419/458/458 425/467/467
f 425/467/467 419/458/458 420/468/468
f 425/467/467 420/468/468 421/469/469
f 421/469/469 422/470/470 425/467/467
f 425/467/467 422/470/470 423/471/471
f 425/467/467 423/471/471 424/472/472
f 721/463/463 429/465/465 720/473/473
f 720/473/473 429/465/465 430/474/474
f 720/473/473 430/474/474 432/475/475
f 432/475/475 430/474/474 431/476/476
f 433/477/477 726/478/478 432/475/475
f 432/475/475 726/478/478 727/479/479
f 432/475/475 727/479/479 720/473/473
f 720/473/473 727/479/479 723/480/480
f 723/480/480 727/479/479 716/481/481
f 723/480/480 716/481/481 717/460/460
f 434/482/482 435/483/483 433/477/477
f 433/477/477 435/483/483 725/484/484
f 433/477/477 725/484/484 726/478/478
f 725/484/484 435/483/483 439/485/485
f 439/485/485 435/483/483 436/486/486
f 439/485/485 436/486/486 438/487/487
f 438/487/487 436/486/486 437/488/488
f 440/489/489 446/490/490 439/485/485
f 439/485/485 446/490/490 447/491/491
f 439/485/485 447/491/491 691/492/492
f 691/492/492 447/491/491 690/493/493
f 690/493/493 447/491/491 689/494/494
f 689/494/494 447/491/491 448/495/495
f 689/494/494 448/495/495 688/496/496
f 688/496/496 448/495/495 711/497/497
f 711/497/497 448/495/495 449/498/498
f 711/497/497 449/498/498 710/499/499
f 710/499/499 449/498/498 450/500/500
f 710/499/499 450/500/500 709/501/501
f 709/501/501 450/500/500 708/502/502
f 708/502/502 450/500/500 451/503/503
f 708/502/502 451/503/503 707/504/504
f 707/504/504 451/503/503 706/505/505
f 706/505/505 451/503/503 452/506/506
f 706/505/505 452/506/506 705/507/507
f 705/507/507 452/506/506 458/508/508
f 705/507/507 458/508/508 460/509/509
f 460/509/509 458/508/508 459/510/510
f 441/511/511 442/512/512 440/489/489
f 440/489/489 442/512/512 443/513/513
f 440/489/489 443/513/513 444/514/514
f 444/514/514 445/515/515 440/489/489
f 440/489/489 445/515/515 446/490/490
f 452/506/506 453/516/516 458/508/508
f 458/508/508 453/516/516 454/517/517
f 458/508/508 454/517/517 457/518/518
f 457/518/518 454/517/517 455/519/519
f 457/518/518 455/519/519 456/520/520
f 461/521/521 764/522/522 460/509/509
f 460/509/509 764/522/522 765/523/523
f 460/509/509 765/523/523 766/524/524
f 462/525/525 463/526/526 461/521/521
f 461/521/521 463/526/526 762/527/527
f 461/521/521 762/527/527 763/528/528
f 464/529/529 473/530/530 463/526/526
f 463/526/526 473/530/530 474/531/531
f 463/526/526 474/531/531 762/527/527
f 762/527/527 474/531/531 761/532/532
f 761/532/532 474/531/531 476/533/533
f 761/532/532 476/533/533 760/534/534
f 760/534/534 476/533/533 759/535/535
f 759/535/535 476/533/533 477/536/536
f 759/535/535 477/536/536 758/537/537
f 758/537/537 477/536/536 757/538/538
f 757/538/538 477/536/536 756/539/539
f 756/539/539 477/536/536 755/540/540
f 755/540/540 477/536/536 685/541/541
f 755/540/540 685/541/541 686/542/542
f 465/543/543 466/544/544 464/529/529
f 464/529/529 466/544/544 467/545/545
f 464/529/529 467/545/545 470/546/546
f 470/546/546 467/545/545 469/547/547
f 469/547/547 467/545/545 468/548/548
f 464/529/529 470/546/546 473/530/530
f 473/530/530 470/546/546 471/549/549
f 473/530/530 471/549/549 472/550/550
f 474/531/531 475/551/551 476/533/533
f 478/552/552 479/553/553 477/536/536
f 477/536/536 479/553/553 485/554/554
f 477/536/536 485/554/554 685/541/541
f 685/541/541 485/554/554 486/555/555
f 685/541/541 486/555/555 684/556/556
f 684/556/556 486/555/555 487/557/557
f 684/556/556 487/557/557 683/558/558
f 683/558/558 487/557/557 682/559/559
f 682/559/559 487/557/557 488/560/560
f 682/559/559 488/560/560 681/561/561
f 681/561/561 488/560/560 680/562/562
f 680/562/562 488/560/560 679/563/563
f 679/563/563 488/560/560 678/564/564
f 678/564/564 488/560/560 489/565/565
f 678/564/564 489/565/565 677/566/566
f 677/566/566 489/565/565 676/567/567
f 676/567/567 489/565/565 675/568/568
f 675/568/568 489/565/565 674/569/569
f 674/569/569 489/565/565 490/570/570
f 674/569/569 490/570/570 673/571/571
f 673/571/571 490/570/570 672/572/572
f 672/572/572 490/570/570 671/573/573
f 671/573/573 490/570/570 670/574/574
f 670/574/574 490/570/570 498/575/575
f 670/574/574 498/575/575 669/576/576
f 669/576/576 498/575/575 736/577/577
f 669/576/576 736/577/577 668/578/578
f 668/578/578 736/577/577 667/579/579
f 667/579/579 736/577/577 666/580/580
f 666/580/580 736/577/577 665/581/581
f 665/581/581 736/577/577 751/582/582
f 665/581/581 751/582/582 752/583/583
f 480/584/584 483/585/585 479/553/553
f 479/553/553 483/585/585 484/586/586
f 479/553/553 484/586/586 485/554/554
f 481/587/587 482/588/588 480/584/584
f 480/584/584 482/588/588 483/585/585
f 490/570/570 491/589/589 498/575/575
f 498/575/575 491/589/589 497/590/590
f 497/590/590 491/589/589 492/591/591
f 497/590/590 492/591/591 493/592/592
f 493/592/592 494/593/593 497/590/590
f 497/590/590 494/593/593 495/594/594
f 497/590/590 495/594/594 496/595/595
f 499/596/596 501/597/597 498/575/575
f 498/575/575 501/597/597 502/598/598
f 498/575/575 502/598/598 736/577/577
f 736/577/577 502/598/598 504/599/599
f 736/577/577 504/599/599 739/600/600
f 739/600/600 504/599/599 505/601/601
f 739/600/600 505/601/601 738/602/602
f 738/602/602 505/601/601 729/603/603
f 738/602/602 729/603/603 730/604/604
f 499/596/596 500/605/605 501/597/597
f 502/598/598 503/606/606 504/599/599
f 506/607/607 507/608/608 505/601/601
f 505/601/601 507/608/608 729/603/603
f 507/608/608 508/609/609 729/603/603
f 729/603/603 508/609/609 728/610/610
f 728/610/610 508/609/609 510/611/611
f 728/610/610 510/611/611 511/612/612
f 508/609/609 509/613/613 510/611/611
f 512/614/614 518/615/615 511/612/612
f 511/612/612 518/615/615 731/616/616
f 511/612/612 731/616/616 728/610/610
f 513/617/617 514/618/618 512/614/614
f 512/614/614 514/618/618 515/619/619
f 512/614/614 515/619/619 516/620/620
f 516/620/620 517/621/621 512/614/614
f 512/614/614 517/621/621 518/615/615
f 519/622/622 652/623/623 518/615/615
f 518/615/615 652/623/623 653/624/624
f 518/615/615 653/624/624 614/625/625
f 614/625/625 653/624/624 654/626/626
f 614/625/625 654/626/626 655/627/627
f 520/628/628 558/629/629 519/622/622
f 519/622/622 558/629/629 559/630/630
f 519/622/622 559/630/630 560/631/631
f 521/632/632 522/633/633 520/628/628
f 520/628/628 522/633/633 523/634/634
f 520/628/628 523/634/634 556/635/635
f 556/635/635 523/634/634 583/636/636
f 583/636/636 523/634/634 582/637/637
f 582/637/637 523/634/634 581/638/638
f 581/638/638 523/634/634 524/639/639
f 581/638/638 524/639/639 580/640/640
f 580/640/640 524/639/639 526/641/641
f 580/640/640 526/641/641 579/642/642
f 579/642/642 526/641/641 578/643/643
f 578/643/643 526/641/641 527/644/644
f 578/643/643 527/644/644 577/645/645
f 577/645/645 527/644/644 529/646/646
f 577/645/645 529/646/646 576/647/647
f 576/647/647 529/646/646 530/648/648
f 576/647/647 530/648/648 575/649/649
f 575/649/649 530/648/648 574/650/650
f 574/650/650 530/648/648 546/651/651
f 574/650/650 546/651/651 547/652/652
f 524/639/639 525/653/653 526/641/641
f 527/644/644 528/654/654 529/646/646
f 531/655/655 532/656/656 530/648/648
f 530/648/648 532/656/656 543/657/657
f 530/648/648 543/657/657 544/658/658
f 532/656/656 533/659/659 543/657/657
f 543/657/657 533/659/659 542/660/660
f 542/660/660 533/659/659 536/661/661
f 542/660/660 536/661/661 541/662/662
f 541/662/662 536/661/661 540/663/663
f 540/663/663 536/661/661 539/664/664
f 539/664/664 536/661/661 538/665/665
f 538/665/665 536/661/661 537/666/666
f 534/667/667 535/668/668 533/659/659
f 533/659/659 535/668/668 536/661/661
f 544/658/658 545/669/669 530/648/648
f 530/648/648 545/669/669 546/651/651
f 548/670/670 734/671/671 547/652/652
f 547/652/652 734/671/671 573/672/672
f 547/652/652 573/672/672 574/650/650
f 548/670/670 549/673/673 734/671/671
f 734/671/671 549/673/673 733/674/674
f 733/674/674 549/673/673 626/675/675
f 733/674/674 626/675/675 627/676/676
f 549/673/673 550/677/677 626/675/675
f 626/675/675 550/677/677 625/678/678
f 625/678/678 550/677/677 551/679/679
f 625/678/678 551/679/679 624/680/680
f 624/680/680 551/679/679 715/446/446
f 624/680/680 715/446/446 623/681/681
f 623/681/681 715/446/446 712/682/682
f 623/681/681 712/682/682 622/683/683
f 622/683/683 712/682/682 621/684/684
f 621/684/684 712/682/682 620/685/685
f 620/685/685 712/682/682 619/686/686
f 619/686/686 712/682/682 618/687/687
f 618/687/687 712/682/682 617/688/688
f 617/688/688 712/682/682 616/689/689
f 616/689/689 712/682/682 713/457/457
f 616/689/689 713/457/457 639/690/690
f 639/690/690 713/457/457 718/459/459
f 639/690/690 718/459/459 638/691/691
f 638/691/691 718/459/459 719/692/692
f 638/691/691 719/692/692 637/693/693
f 637/693/693 719/692/692 636/694/694
f 636/694/694 719/692/692 635/695/695
f 635/695/695 719/692/692 634/696/696
f 634/696/696 719/692/692 633/697/697
f 633/697/697 719/692/692 632/698/698
f 632/698/698 719/692/692 631/699/699
f 631/699/699 719/692/692 612/700/700
f 631/699/699 612/700/700 613/701/701
f 551/679/679 552/450/450 715/446/446
f 555/453/453 396/400/400 407/402/402
f 556/635/635 557/702/702 520/628/628
f 520/628/628 557/702/702 558/629/629
f 560/631/631 561/703/703 519/622/622
f 519/622/622 561/703/703 562/704/704
f 519/622/622 562/704/704 563/705/705
f 563/705/705 564/706/706 519/622/622
f 519/622/622 564/706/706 565/707/707
f 519/622/622 565/707/707 735/708/708
f 735/708/708 565/707/707 566/709/709
f 735/708/708 566/709/709 567/710/710
f 567/710/710 568/711/711 735/708/708
f 735/708/708 568/711/711 569/712/712
f 735/708/708 569/712/712 570/713/713
f 735/708/708 570/713/713 734/671/671
f 734/671/671 570/713/713 571/714/714
f 734/671/671 571/714/714 572/715/715
f 572/715/715 573/672/672 734/671/671
f 614/625/625 659/716/716 613/701/701
f 613/701/701 659/716/716 660/717/717
f 613/701/701 660/717/717 661/718/718
f 614/625/625 615/719/719 518/615/615
f 518/615/615 615/719/719 731/616/616
f 615/719/719 612/700/700 731/616/616
f 731/616/616 612/700/700 730/604/604
f 730/604/604 612/700/700 716/481/481
f 730/604/604 716/481/481 738/602/602
f 738/602/602 716/481/481 727/479/479
f 738/602/602 727/479/479 737/720/720
f 737/720/720 727/479/479 724/721/721
f 737/720/720 724/721/721 747/722/722
f 747/722/722 724/721/721 746/723/723
f 746/723/723 724/721/721 745/724/724
f 745/724/724 724/721/721 698/725/725
f 745/724/724 698/725/725 699/726/726
f 627/676/676 628/727/727 733/674/674
f 733/674/674 628/727/727 629/728/728
f 733/674/674 629/728/728 663/729/729
f 663/729/729 629/728/728 613/701/701
f 663/729/729 613/701/701 662/730/730
f 662/730/730 613/701/701 661/718/718
f 629/728/728 630/731/731 613/701/701
f 613/701/701 630/731/731 631/699/699
f 663/729/729 640/732/732 733/674/674
f 733/674/674 640/732/732 641/733/733
f 733/674/674 641/733/733 642/734/734
f 642/734/734 643/735/735 733/674/674
f 733/674/674 643/735/735 644/736/736
f 733/674/674 644/736/736 732/737/737
f 732/737/737 644/736/736 645/738/738
f 732/737/737 645/738/738 646/739/739
f 646/739/739 647/740/740 732/737/737
f 732/737/737 647/740/740 648/741/741
f 732/737/737 648/741/741 649/742/742
f 649/742/742 650/743/743 732/737/737
f 732/737/737 650/743/743 651/744/744
f 732/737/737 651/744/744 735/708/708
f 735/708/708 651/744/744 519/622/622
f 651/744/744 652/623/623 519/622/622
f 655/627/627 656/745/745 614/625/625
f 614/625/625 656/745/745 657/746/746
f 614/625/625 657/746/746 658/747/747
f 658/747/747 659/716/716 614/625/625
f 665/581/581 752/583/583 664/748/748
f 664/748/748 752/583/583 753/749/749
f 664/748/748 753/749/749 687/750/750
f 687/750/750 753/749/749 754/751/751
f 687/750/750 754/751/751 686/542/542
f 686/542/542 754/751/751 755/540/540
f 691/492/492 692/752/752 439/485/485
f 439/485/485 692/752/752 725/484/484
f 692/752/752 693/753/753 725/484/484
f 725/484/484 693/753/753 694/754/754
f 725/484/484 694/754/754 695/755/755
f 695/755/755 696/756/756 725/484/484
f 725/484/484 696/756/756 724/721/721
f 724/721/721 696/756/756 697/757/757
f 724/721/721 697/757/757 698/725/725
f 745/724/724 699/726/726 744/758/758
f 744/758/758 699/726/726 700/759/759
f 744/758/758 700/759/759 743/760/760
f 743/760/760 700/759/759 701/761/761
f 743/760/760 701/761/761 742/762/762
f 742/762/762 701/761/761 702/763/763
f 742/762/762 702/763/763 741/764/764
f 741/764/764 702/763/763 703/765/765
f 741/764/764 703/765/765 704/766/766
f 705/507/507 460/509/509 704/766/766
f 704/766/766 460/509/509 740/767/767
f 704/766/766 740/767/767 741/764/764
f 719/692/692 716/481/481 612/700/700
f 722/462/462 723/480/480 717/460/460
f 736/577/577 737/720/720 751/582/582
f 751/582/582 737/720/720 750/768/768
f 750/768/768 737/720/720 749/769/769
f 749/769/769 737/720/720 748/770/770
f 748/770/770 737/720/720 747/722/722
f 763/528/528 764/522/522 461/521/521
f 766/524/524 767/771/771 460/509/509
f 460/509/509 767/771/771 740/767/767
f 510/772/772 70/773/773 511/774/774
f 511/774/774 70/773/773 69/775/775
f 438/776/776 142/777/777 439/778/778
f 439/778/778 142/777/777 141/779/779
f 523/780/780 57/781/781 524/782/782
f 524/782/782 57/781/781 56/783/783
f 417/784/784 163/785/785 418/786/786
f 418/786/786 163/785/785 162/787/787
f 44/788/788 536/789/789 45/790/790
f 45/790/790 536/789/789 535/791/791
f 90/792/792 490/793/793 91/794/794
f 91/794/794 490/793/793 489/795/795
f 91/794/794 489/795/795 488/796/796
f 91/794/794 488/796/796 92/797/797
f 92/797/797 488/796/796 487/798/798
f 92/797/797 487/798/798 93/799/799
f 93/799/799 487/798/798 486/800/800
f 93/799/799 486/800/800 94/801/801
f 94/801/801 486/800/800 485/802/802
f 94/801/801 485/802/802 95/803/803
f 95/803/803 485/802/802 484/804/804
f 95/803/803 484/804/804 96/805/805
f 96/805/805 484/804/804 97/806/806
f 97/806/806 484/804/804 483/807/807
f 166/808/808 414/809/809 167/810/810
f 167/810/810 414/809/809 413/811/811
f 111/812/812 469/813/813 112/814/814
f 112/814/814 469/813/813 468/815/815
f 518/816/816 62/817/817 519/818/818
f 519/818/818 62/817/817 61/819/819
f 60/820/820 520/821/821 61/822/822
f 61/822/822 520/821/821 519/823/823
f 161/824/824 419/825/825 162/826/826
f 162/826/826 419/825/825 418/827/827
f 425/828/828 155/829/829 426/830/830
f 426/830/830 155/829/829 154/831/831
f 153/832/832 427/833/833 154/834/834
f 154/834/834 427/833/833 426/835/835
f 140/836/836 440/837/837 141/838/838
f 141/838/838 440/837/837 439/839/839
f 446/840/840 134/841/841 447/842/842
f 447/842/842 134/841/841 133/843/843
f 126/844/844 454/845/845 127/846/846
f 127/846/846 454/845/845 453/847/847
f 127/846/846 453/847/847 452/848/848
f 127/846/846 452/848/848 128/849/849
f 128/849/849 452/848/848 451/850/850
f 128/849/849 451/850/850 129/851/851
f 129/851/851 451/850/850 450/852/852
f 129/851/851 450/852/852 130/853/853
f 130/853/853 450/852/852 449/854/854
f 130/853/853 449/854/854 131/855/855
f 131/855/855 449/854/854 448/856/856
f 131/855/855 448/856/856 132/857/857
f 132/857/857 448/856/856 133/858/843
f 133/858/843 448/856/856 447/859/842
f 89/860/858 491/861/859 90/862/792
f 90/862/792 491/861/859 490/863/793
f 497/864/860 83/865/861 498/866/862
f 498/866/862 83/865/861 82/867/863
f 81/868/864 499/869/865 82/870/866
f 82/870/866 499/869/865 498/871/867
f 68/872/868 512/873/869 69/874/870
f 69/874/870 512/873/869 511/875/871
f 491/876/859 89/877/858 492/878/872
f 492/878/872 89/877/858 88/879/873
f 492/878/872 88/879/873 493/880/874
f 493/880/874 88/879/873 87/881/875
f 493/880/874 87/881/875 494/882/876
f 494/882/876 87/881/875 86/883/877
f 494/882/876 86/883/877 495/884/878
f 495/884/878 86/883/877 85/885/879
f 495/884/878 85/885/879 496/886/880
f 496/886/880 85/885/879 84/887/881
f 496/886/880 84/887/881 497/888/860
f 497/888/860 84/887/881 83/889/861
f 440/890/837 140/891/836 441/892/882
f 441/892/882 140/891/836 139/893/883
f 441/892/882 139/893/883 442/894/884
f 442/894/884 139/893/883 138/895/885
f 442/894/884 138/895/885 443/896/886
f 443/896/886 138/895/885 137/897/887
f 443/896/886 137/897/887 444/898/888
f 444/898/888 137/897/887 136/899/889
f 444/898/888 136/899/889 445/900/890
f 445/900/890 136/899/889 135/901/891
f 445/900/890 135/901/891 446/902/840
f 446/902/840 135/901/891 134/903/841
f 512/904/869 68/905/868 513/906/892
f 513/906/892 68/905/868 67/907/893
f 513/906/892 67/907/893 514/908/894
f 514/908/894 67/907/893 66/909/895
f 514/908/894 66/909/895 515/910/896
f 515/910/896 66/909/895 65/911/897
f 515/910/896 65/911/897 516/912/898
f 516/912/898 65/911/897 64/913/899
f 516/912/898 64/913/899 517/914/900
f 517/914/900 64/913/899 63/915/901
f 517/914/900 63/915/901 518/916/816
f 518/916/816 63/915/901 62/917/817
f 419/918/825 161/919/824 420/920/902
f 420/920/902 161/919/824 160/921/903
f 420/920/902 160/921/903 421/922/904
f 421/922/904 160/921/903 159/923/905
f 421/922/904 159/923/905 422/924/906
f 422/924/906 159/923/905 158/925/907
f 422/924/906 158/925/907 423/926/908
f 423/926/908 158/925/907 157/927/909
f 423/926/908 157/927/909 424/928/910
f 424/928/910 157/927/909 156/929/911
f 424/928/910 156/929/911 425/930/828
f 425/930/828 156/929/911 155/931/829
f 394/932/912 16/933/913 403/934/914
f 403/934/914 16/933/913 177/935/915
f 403/936/916 177/937/917 404/938/918
f 404/938/918 177/937/917 176/939/919
f 404/940/920 176/941/921 405/942/922
f 405/942/922 176/941/921 175/943/923
f 405/944/924 175/945/925 406/946/926
f 406/946/926 175/945/925 174/947/927
f 406/948/928 174/949/929 407/950/930
f 407/950/930 174/949/929 173/951/931
f 407/952/932 173/953/933 408/954/934
f 408/954/934 173/953/933 172/955/935
f 408/956/936 172/957/937 409/958/938
f 409/958/938 172/957/937 171/959/939
f 410/960/940 170/961/941 411/962/942
f 411/962/942 170/961/941 169/963/943
f 409/964/944 171/965/945 410/966/946
f 410/966/946 171/965/945 170/967/947
f 411/968/948 169/969/949 412/970/950
f 412/970/950 169/969/949 168/971/951
f 412/972/952 168/973/953 413/974/954
f 413/974/954 168/973/953 167/975/955
f 454/976/956 126/977/957 455/978/958
f 455/978/958 126/977/957 125/979/959
f 455/980/960 125/981/961 456/982/962
f 456/982/962 125/981/961 124/983/963
f 456/984/964 124/985/965 457/986/966
f 457/986/966 124/985/965 123/987/967
f 457/988/968 123/989/969 458/990/970
f 458/990/970 123/989/969 122/991/971
f 458/992/972 122/993/973 459/994/974
f 459/994/974 122/993/973 121/995/975
f 459/996/976 121/997/977 460/998/978
f 460/998/978 121/997/977 120/999/979
f 460/1000/980 120/1001/981 461/1002/982
f 461/1002/982 120/1001/981 119/1003/983
f 461/1004/984 119/1005/985 462/1006/986
f 462/1006/986 119/1005/985 118/1007/987
f 462/1008/988 118/1009/989 463/1010/990
f 463/1010/990 118/1009/989 117/1011/991
f 463/1012/992 117/1013/993 464/1014/994
f 464/1014/994 117/1013/993 116/1015/995
f 464/1016/996 116/1017/997 465/1018/998
f 465/1018/998 116/1017/997 115/1019/999
f 465/1020/1000 115/1021/1001 466/1022/1002
f 466/1022/1002 115/1021/1001 114/1023/1003
f 466/1024/1004 114/1025/1005 467/1026/1006
f 467/1026/1006 114/1025/1005 113/1027/1007
f 467/1028/1008 113/1029/1009 468/1030/1010
f 468/1030/1010 113/1029/1009 112/1031/1011
f 469/1032/1012 111/1033/1013 470/1034/1014
f 470/1034/1014 111/1033/1013 110/1035/1015
f 470/1036/1016 110/1037/1017 471/1038/1018
f 471/1038/1018 110/1037/1017 109/1039/1019
f 471/1040/1020 109/1041/1021 472/1042/1022
f 472/1042/1022 109/1041/1021 108/1043/1023
f 472/1044/1024 108/1045/1025 473/1046/1026
f 473/1046/1026 108/1045/1025 107/1047/1027
f 473/1048/1028 107/1049/1029 474/1050/1030
f 474/1050/1030 107/1049/1029 106/1051/1031
f 474/1052/1032 106/1053/1033 475/1054/1034
f 475/1054/1034 106/1053/1033 105/1055/1035
f 475/1056/1036 105/1057/1037 476/1058/1038
f 476/1058/1038 105/1057/1037 104/1059/1039
f 476/1060/1040 104/1061/1041 477/1062/1042
f 477/1062/1042 104/1061/1041 103/1063/1043
f 477/1064/1044 103/1065/1045 478/1066/1046
f 478/1066/1046 103/1065/1045 102/1067/1047
f 478/1068/1048 102/1069/1049 479/1070/1050
f 479/1070/1050 102/1069/1049 101/1071/1051
f 479/1072/1052 101/1073/1053 480/1074/1054
f 480/1074/1054 101/1073/1053 100/1075/1055
f 480/1076/1056 100/1077/1057 481/1078/1058
f 481/1078/1058 100/1077/1057 99/1079/1059
f 482/1080/1060 98/1081/1061 483/1082/1062
f 483/1082/1062 98/1081/1061 97/1083/1063
f 481/1084/1064 99/1085/1065 482/1086/1066
f 482/1086/1066 99/1085/1065 98/1087/1067
f 526/1088/1068 54/1089/1069 527/1090/1070
f 527/1090/1070 54/1089/1069 53/1091/1071
f 524/1092/1072 56/1093/1073 525/1094/1074
f 525/1094/1074 56/1093/1073 55/1095/1075
f 525/1096/1076 55/1097/1077 526/1098/1078
f 526/1098/1078 55/1097/1077 54/1099/1079
f 527/1100/1080 53/1101/1081 528/1102/1082
f 528/1102/1082 53/1101/1081 52/1103/1083
f 528/1104/1084 52/1105/1085 529/1106/1086
f 529/1106/1086 52/1105/1085 51/1107/1087
f 529/1108/1088 51/1109/1089 530/1110/1090
f 530/1110/1090 51/1109/1089 50/1111/1091
f 530/1112/1092 50/1113/1093 531/1114/1094
f 531/1114/1094 50/1113/1093 49/1115/1095
f 531/1116/1096 49/1117/1097 532/1118/1098
f 532/1118/1098 49/1117/1097 48/1119/1099
f 532/1120/1100 48/1121/1101 533/1122/1102
f 533/1122/1102 48/1121/1101 47/1123/1103
f 533/1124/1104 47/1125/1105 534/1126/1106
f 534/1126/1106 47/1125/1105 46/1127/1107
f 534/1128/1108 46/1129/1109 535/1130/1110
f 535/1130/1110 46/1129/1109 45/1131/1111
f 163/1132/1112 417/1133/1113 164/1134/1114
f 164/1134/1114 417/1133/1113 416/1135/1115
f 165/1136/1116 415/1137/1117 166/1138/1118
f 166/1138/1118 415/1137/1117 414/1139/1119
f 164/1140/1120 416/1141/1121 165/1142/1122
f 165/1142/1122 416/1141/1121 415/1143/1123
f 57/1144/1124 523/1145/1125 58/1146/1126
f 58/1146/1126 523/1145/1125 522/1147/1127
f 59/1148/1128 521/1149/1129 60/1150/1130
f 60/1150/1130 521/1149/1129 520/1151/1131
f 58/1152/1132 522/1153/1133 59/1154/1134
f 59/1154/1134 522/1153/1133 521/1155/1135
f 711/1156/1136 275/1157/1137 688/1158/1138
f 688/1158/1138 275/1157/1137 274/1159/1139
f 688/1158/1138 274/1159/1139 689/1160/1140
f 689/1160/1140 274/1159/1139 297/1161/1141
f 689/1160/1140 297/1161/1141 690/1162/1142
f 690/1162/1142 297/1161/1141 296/1163/1143
f 690/1162/1142 296/1163/1143 691/1164/1144
f 691/1164/1144 296/1163/1143 295/1165/1145
f 691/1164/1144 295/1165/1145 692/1166/1146
f 692/1166/1146 295/1165/1145 294/1167/1147
f 692/1166/1146 294/1167/1147 693/1168/1148
f 693/1168/1148 294/1167/1147 293/1169/1149
f 693/1168/1148 293/1169/1149 694/1170/1150
f 694/1170/1150 293/1169/1149 292/1171/1151
f 694/1170/1150 292/1171/1151 695/1172/1152
f 695/1172/1152 292/1171/1151 291/1173/1153
f 695/1172/1152 291/1173/1153 696/1174/1154
f 696/1174/1154 291/1173/1153 290/1175/1155
f 696/1174/1154 290/1175/1155 697/1176/1156
f 697/1176/1156 290/1175/1155 289/1177/1157
f 697/1176/1156 289/1177/1157 698/1178/1158
f 698/1178/1158 289/1177/1157 288/1179/1159
f 698/1178/1158 288/1179/1159 699/1180/1160
f 699/1180/1160 288/1179/1159 287/1181/1161
f 699/1180/1160 287/1181/1161 700/1182/1162
f 700/1182/1162 287/1181/1161 286/1183/1163
f 700/1184/1162 286/1185/1163 701/1186/1164
f 701/1186/1164 286/1185/1163 285/1187/1165
f 701/1186/1164 285/1187/1165 702/1188/1166
f 702/1188/1166 285/1187/1165 284/1189/1167
f 702/1188/1166 284/1189/1167 703/1190/1168
f 703/1190/1168 284/1189/1167 283/1191/1169
f 703/1190/1168 283/1191/1169 704/1192/1170
f 704/1192/1170 283/1191/1169 282/1193/1171
f 704/1192/1170 282/1193/1171 705/1194/1172
f 705/1194/1172 282/1193/1171 281/1195/1173
f 705/1194/1172 281/1195/1173 706/1196/1174
f 706/1196/1174 281/1195/1173 280/1197/1175
f 706/1196/1174 280/1197/1175 707/1198/1176
f 707/1198/1176 280/1197/1175 279/1199/1177
f 707/1198/1176 279/1199/1177 708/1200/1178
f 708/1200/1178 279/1199/1177 278/1201/1179
f 708/1200/1178 278/1201/1179 709/1202/1180
f 709/1202/1180 278/1201/1179 277/1203/1181
f 709/1202/1180 277/1203/1181 710/1204/1182
f 710/1204/1182 277/1203/1181 276/1205/1183
f 710/1204/1182 276/1205/1183 711/1156/1136
f 711/1156/1136 276/1205/1183 275/1157/1137
f 687/1206/1184 251/1207/1185 664/1208/1186
f 664/1208/1186 251/1207/1185 250/1209/1187
f 664/1208/1186 250/1209/1187 665/1210/1188
f 665/1210/1188 250/1209/1187 273/1211/1189
f 665/1210/1188 273/1211/1189 666/1212/1190
f 666/1212/1190 273/1211/1189 272/1213/1191
f 666/1212/1190 272/1213/1191 667/1214/1192
f 667/1214/1192 272/1213/1191 271/1215/1193
f 667/1214/1192 271/1215/1193 668/1216/1194
f 668/1216/1194 271/1215/1193 270/1217/1195
f 668/1216/1194 270/1217/1195 669/1218/1196
f 669/1218/1196 270/1217/1195 269/1219/1197
f 669/1218/1196 269/1219/1197 670/1220/1198
f 670/1220/1198 269/1219/1197 268/1221/1199
f 670/1220/1198 268/1221/1199 671/1222/1200
f 671/1222/1200 268/1221/1199 267/1223/1201
f 671/1222/1200 267/1223/1201 672/1224/1202
f 672/1224/1202 267/1223/1201 266/1225/1203
f 672/1224/1202 266/1225/1203 673/1226/1204
f 673/1226/1204 266/1225/1203 265/1227/1205
f 673/1226/1204 265/1227/1205 674/1228/1206
f 674/1228/1206 265/1227/1205 264/1229/1207
f 674/1228/1206 264/1229/1207 675/1230/1208
f 675/1230/1208 264/1229/1207 263/1231/1209
f 675/1230/1208 263/1231/1209 676/1232/1210
f 676/1232/1210 263/1231/1209 262/1233/1211
f 676/1234/1210 262/1235/1211 677/1236/1212
f 677/1236/1212 262/1235/1211 261/1237/1213
f 677/1236/1212 261/1237/1213 678/1238/1214
f 678/1238/1214 261/1237/1213 260/1239/1215
f 678/1238/1214 260/1239/1215 679/1240/1216
f 679/1240/1216 260/1239/1215 259/1241/1217
f 679/1240/1216 259/1241/1217 680/1242/1218
f 680/1242/1218 259/1241/1217 258/1243/1219
f 680/1242/1218 258/1243/1219 681/1244/1220
f 681/1244/1220 258/1243/1219 257/1245/1221
f 681/1244/1220 257/1245/1221 682/1246/1222
f 682/1246/1222 257/1245/1221 256/1247/1223
f 682/1246/1222 256/1247/1223 683/1248/1224
f 683/1248/1224 256/1247/1223 255/1249/1225
f 683/1248/1224 255/1249/1225 684/1250/1226
f 684/1250/1226 255/1249/1225 254/1251/1227
f 684/1250/1226 254/1251/1227 685/1252/1228
f 685/1252/1228 254/1251/1227 253/1253/1229
f 685/1252/1228 253/1253/1229 686/1254/1230
f 686/1254/1230 253/1253/1229 252/1255/1231
f 686/1254/1230 252/1255/1231 687/1206/1184
f 687/1206/1184 252/1255/1231 251/1207/1185
f 663/1256/1232 227/1257/1233 640/1258/1234
f 640/1258/1234 227/1257/1233 226/1259/1235
f 640/1258/1234 226/1259/1235 641/1260/1236
f 641/1260/1236 226/1259/1235 249/1261/1237
f 641/1260/1236 249/1261/1237 642/1262/1238
f 642/1262/1238 249/1261/1237 248/1263/1239
f 642/1262/1238 248/1263/1239 643/1264/1240
f 643/1264/1240 248/1263/1239 247/1265/1241
f 643/1264/1240 247/1265/1241 644/1266/1242
f 644/1266/1242 247/1265/1241 246/1267/1243
f 644/1266/1242 246/1267/1243 645/1268/1244
f 645/1268/1244 246/1267/1243 245/1269/1245
f 645/1268/1244 245/1269/1245 646/1270/1246
f 646/1270/1246 245/1269/1245 244/1271/1247
f 646/1270/1246 244/1271/1247 647/1272/1248
f 647/1272/1248 244/1271/1247 243/1273/1249
f 647/1272/1248 243/1273/1249 648/1274/1250
f 648/1274/1250 243/1273/1249 242/1275/1251
f 648/1274/1250 242/1275/1251 649/1276/1252
f 649/1276/1252 242/1275/1251 241/1277/1253
f 649/1276/1252 241/1277/1253 650/1278/1254
f 650/1278/1254 241/1277/1253 240/1279/1255
f 650/1278/1254 240/1279/1255 651/1280/1256
f 651/1280/1256 240/1279/1255 239/1281/1257
f 651/1280/1256 239/1281/1257 652/1282/1258
f 652/1282/1258 239/1281/1257 238/1283/1259
f 652/1284/1258 238/1285/1259 653/1286/1260
f 653/1286/1260 238/1285/1259 237/1287/1261
f 653/1286/1260 237/1287/1261 654/1288/1262
f 654/1288/1262 237/1287/1261 236/1289/1263
f 654/1288/1262 236/1289/1263 655/1290/1264
f 655/1290/1264 236/1289/1263 235/1291/1265
f 655/1290/1264 235/1291/1265 656/1292/1266
f 656/1292/1266 235/1291/1265 234/1293/1267
f 656/1292/1266 234/1293/1267 657/1294/1268
f 657/1294/1268 234/1293/1267 233/1295/1269
f 657/1294/1268 233/1295/1269 658/1296/1270
f 658/1296/1270 233/1295/1269 232/1297/1271
f 658/1296/1270 232/1297/1271 659/1298/1272
f 659/1298/1272 232/1297/1271 231/1299/1273
f 659/1298/1272 231/1299/1273 660/1300/1274
f 660/1300/1274 231/1299/1273 230/1301/1275
f 660/1300/1274 230/1301/1275 661/1302/1276
f 661/1302/1276 230/1301/1275 229/1303/1277
f 661/1302/1276 229/1303/1277 662/1304/1278
f 662/1304/1278 229/1303/1277 228/1305/1279
f 662/1304/1278 228/1305/1279 663/1256/1232
f 663/1256/1232 228/1305/1279 227/1257/1233
f 639/1306/1280 203/1307/1281 616/1308/1282
f 616/1308/1282 203/1307/1281 202/1309/1283
f 616/1308/1282 202/1309/1283 617/1310/1284
f 617/1310/1284 202/1309/1283 225/1311/1285
f 617/1310/1284 225/1311/1285 618/1312/1286
f 618/1312/1286 225/1311/1285 224/1313/1287
f 618/1312/1286 224/1313/1287 619/1314/1288
f 619/1314/1288 224/1313/1287 223/1315/1289
f 619/1314/1288 223/1315/1289 620/1316/1290
f 620/1316/1290 223/1315/1289 222/1317/1291
f 620/1316/1290 222/1317/1291 621/1318/1292
f 621/1318/1292 222/1317/1291 221/1319/1293
f 621/1318/1292 221/1319/1293 622/1320/1294
f 622/1320/1294 221/1319/1293 220/1321/1295
f 622/1320/1294 220/1321/1295 623/1322/1296
f 623/1322/1296 220/1321/1295 219/1323/1297
f 623/1322/1296 219/1323/1297 624/1324/1298
f 624/1324/1298 219/1323/1297 218/1325/1299
f 624/1324/1298 218/1325/1299 625/1326/1300
f 625/1326/1300 218/1325/1299 217/1327/1301
f 625/1326/1300 217/1327/1301 626/1328/1302
f 626/1328/1302 217/1327/1301 216/1329/1303
f 626/1328/1302 216/1329/1303 627/1330/1304
f 627/1330/1304 216/1329/1303 215/1331/1305
f 627/1330/1304 215/1331/1305 628/1332/1306
f 628/1332/1306 215/1331/1305 214/1333/1307
f 628/1334/1306 214/1335/1307 629/1336/1308
f 629/1336/1308 214/1335/1307 213/1337/1309
f 629/1336/1308 213/1337/1309 630/1338/1310
f 630/1338/1310 213/1337/1309 212/1339/1311
f 630/1338/1310 212/1339/1311 631/1340/1312
f 631/1340/1312 212/1339/1311 211/1341/1313
f 631/1340/1312 211/1341/1313 632/1342/1314
f 632/1342/1314 211/1341/1313 210/1343/1315
f 632/1342/1314 210/1343/1315 633/1344/1316
f 633/1344/1316 210/1343/1315 209/1345/1317
f 633/1344/1316 209/1345/1317 634/1346/1318
f 634/1346/1318 209/1345/1317 208/1347/1319
f 634/1346/1318 208/1347/1319 635/1348/1320
f 635/1348/1320 208/1347/1319 207/1349/1321
f 635/1348/1320 207/1349/1321 636/1350/1322
f 636/1350/1322 207/1349/1321 206/1351/1323
f 636/1350/1322 206/1351/1323 637/1352/1324
f 637/1352/1324 206/1351/1323 205/1353/1325
f 637/1352/1324 205/1353/1325 638/1354/1326
f 638/1354/1326 205/1353/1325 204/1355/1327
f 638/1354/1326 204/1355/1327 639/1306/1280
f 639/1306/1280 204/1355/1327 203/1307/1281
f 199/1356/1328 613/1357/1329 200/1358/1330
f 200/1358/1330 613/1357/1329 612/1359/1331
f 198/1360/1332 614/1361/1333 199/1362/1334
f 199/1362/1334 614/1361/1333 613/1363/1335
f 201/1364/1336 615/1365/1337 198/1366/1338
f 198/1366/1338 615/1365/1337 614/1367/1339
f 200/1368/1340 612/1369/1341 201/1370/1342
f 201/1370/1342 612/1369/1341 615/1371/1343
f 194/1372/1344 714/1373/1345 195/1374/1346
f 195/1374/1346 714/1373/1345 713/1375/1347
f 195/1376/1348 713/1377/1349 196/1378/1350
f 196/1378/1350 713/1377/1349 712/1379/1351
f 196/1380/1352 712/1381/1353 197/1382/1354
f 197/1382/1354 712/1381/1353 715/1383/1355
f 197/1384/1356 715/1385/1357 194/1386/1358
f 194/1386/1358 715/1385/1357 714/1387/1359
f 298/1388/1360 718/1389/1361 299/1390/1362
f 299/1390/1362 718/1389/1361 717/1391/1363
f 299/1392/1364 717/1393/1365 300/1394/1366
f 300/1394/1366 717/1393/1365 716/1395/1367
f 300/1396/1368 716/1397/1369 301/1398/1370
f 301/1398/1370 716/1397/1369 719/1399/1371
f 301/1400/1372 719/1401/1373 298/1402/1374
f 298/1402/1374 719/1401/1373 718/1403/1375
f 190/1404/1376 722/1405/1377 191/1406/1378
f 191/1406/1378 722/1405/1377 721/1407/1379
f 191/1408/1380 721/1409/1381 192/1410/1382
f 192/1410/1382 721/1409/1381 720/1411/1383
f 192/1412/1384 720/1413/1385 193/1414/1386
f 193/1414/1386 720/1413/1385 723/1415/1387
f 193/1416/1388 723/1417/1389 190/1418/1390
f 190/1418/1390 723/1417/1389 722/1419/1391
f 302/1420/1392 726/1421/1393 303/1422/1394
f 303/1422/1394 726/1421/1393 725/1423/1395
f 303/1424/1396 725/1425/1397 304/1426/1398
f 304/1426/1398 725/1425/1397 724/1427/1399
f 304/1428/1400 724/1429/1401 305/1430/1402
f 305/1430/1402 724/1429/1401 727/1431/1403
f 305/1432/1404 727/1433/1405 302/1434/1406
f 302/1434/1406 727/1433/1405 726/1435/1407
f 186/1436/1408 730/1437/1409 187/1438/1410
f 187/1438/1410 730/1437/1409 729/1439/1411
f 187/1440/1412 729/1441/1413 188/1442/1414
f 188/1442/1414 729/1441/1413 728/1443/1415
f 188/1444/1416 728/1445/1417 189/1446/1418
f 189/1446/1418 728/1445/1417 731/1447/1419
f 189/1448/1420 731/1449/1421 186/1450/1422
f 186/1450/1422 731/1449/1421 730/1451/1423
f 306/1452/1424 734/1453/1425 307/1454/1426
f 307/1454/1426 734/1453/1425 733/1455/1427
f 307/1456/1428 733/1457/1429 308/1458/1430
f 308/1458/1430 733/1457/1429 732/1459/1431
f 308/1460/1432 732/1461/1433 309/1462/1434
f 309/1462/1434 732/1461/1433 735/1463/1435
f 309/1464/1436 735/1465/1437 306/1466/1438
f 306/1466/1438 735/1465/1437 734/1467/1439
f 182/1468/1440 738/1469/1441 183/1470/1442
f 183/1470/1442 738/1469/1441 737/1471/1443
f 183/1472/1444 737/1473/1445 184/1474/1446
f 184/1474/1446 737/1473/1445 736/1475/1447
f 184/1476/1448 736/1477/1449 185/1478/1450
f 185/1478/1450 736/1477/1449 739/1479/1451
f 185/1480/1452 739/1481/1453 182/1482/1454
f 182/1482/1454 739/1481/1453 738/1483/1455
f 747/1484/1456 318/1485/1457 748/1486/1458
f 748/1486/1458 318/1485/1457 317/1487/1459
f 754/1488/1460 311/1489/1461 755/1490/1462
f 755/1490/1462 311/1489/1461 310/1491/1463
f 740/1492/1464 325/1493/1465 741/1494/1466
f 741/1494/1466 325/1493/1465 324/1495/1467
f 331/1496/1468 762/1497/1469 332/1498/1470
f 332/1498/1470 762/1497/1469 761/1499/1471
f 762/1500/1469 331/1501/1468 763/1502/1472
f 763/1502/1472 331/1501/1468 330/1503/1473
f 763/1502/1472 330/1503/1473 764/1504/1474
f 764/1504/1474 330/1503/1473 329/1505/1475
f 764/1504/1474 329/1505/1475 765/1506/1476
f 765/1506/1476 329/1505/1475 328/1507/1477
f 765/1506/1476 328/1507/1477 766/1508/1478
f 766/1508/1478 328/1507/1477 327/1509/1479
f 766/1508/1478 327/1509/1479 767/1510/1480
f 767/1510/1480 327/1509/1479 326/1511/1481
f 767/1510/1480 326/1511/1481 740/1512/1464
f 740/1512/1464 326/1511/1481 325/1513/1465
f 741/1514/1466 324/1515/1467 742/1516/1482
f 742/1516/1482 324/1515/1467 323/1517/1483
f 742/1516/1482 323/1517/1483 743/1518/1484
f 743/1518/1484 323/1517/1483 322/1519/1485
f 743/1518/1484 322/1519/1485 744/1520/1486
f 744/1520/1486 322/1519/1485 321/1521/1487
f 744/1520/1486 321/1521/1487 745/1522/1488
f 745/1522/1488 321/1521/1487 320/1523/1489
f 745/1522/1488 320/1523/1489 746/1524/1490
f 746/1524/1490 320/1523/1489 319/1525/1491
f 746/1524/1490 319/1525/1491 747/1526/1456
f 747/1526/1456 319/1525/1491 318/1527/1457
f 748/1528/1458 317/1529/1459 749/1530/1492
f 749/1530/1492 317/1529/1459 316/1531/1493
f 749/1530/1492 316/1531/1493 750/1532/1494
f 750/1532/1494 316/1531/1493 315/1533/1495
f 750/1532/1494 315/1533/1495 751/1534/1496
f 751/1534/1496 315/1533/1495 314/1535/1497
f 751/1534/1496 314/1535/1497 752/1536/1498
f 752/1536/1498 314/1535/1497 313/1537/1499
f 752/1536/1498 313/1537/1499 753/1538/1500
f 753/1538/1500 313/1537/1499 312/1539/1501
f 753/1538/1500 312/1539/1501 754/1540/1460
f 754/1540/1460 312/1539/1501 311/1541/1461
f 755/1542/1462 310/1543/1463 756/1544/1502
f 756/1544/1502 310/1543/1463 337/1545/1503
f 756/1544/1502 337/1545/1503 757/1546/1504
f 757/1546/1504 337/1545/1503 336/1547/1505
f 757/1546/1504 336/1547/1505 758/1548/1506
f 758/1548/1506 336/1547/1505 335/1549/1507
f 758/1548/1506 335/1549/1507 759/1550/1508
f 759/1550/1508 335/1549/1507 334/1551/1509
f 759/1550/1508 334/1551/1509 760/1552/1510
f 760/1552/1510 334/1551/1509 333/1553/1511
f 760/1552/1510 333/1553/1511 761/1554/1471
f 761/1554/1471 333/1553/1511 332/1555/1470
f 427/1556/1512 153/1557/1513 428/1558/1514
f 428/1558/1514 153/1557/1513 152/1559/1515
f 428/1560/1516 152/1561/1517 429/1562/1518
f 429/1562/1518 152/1561/1517 151/1563/1519
f 430/1564/1520 150/1565/1521 431/1566/1522
f 431/1566/1522 150/1565/1521 149/1567/1523
f 429/1568/1524 151/1569/1525 430/1570/1526
f 430/1570/1526 151/1569/1525 150/1571/1527
f 431/1572/1528 149/1573/1529 432/1574/1530
f 432/1574/1530 149/1573/1529 148/1575/1531
f 432/1576/1532 148/1577/1533 433/1578/1534
f 433/1578/1534 148/1577/1533 147/1579/1535
f 433/1580/1536 147/1581/1537 434/1582/1538
f 434/1582/1538 147/1581/1537 146/1583/1539
f 434/1584/1540 146/1585/1541 435/1586/1542
f 435/1586/1542 146/1585/1541 145/1587/1543
f 435/1588/1544 145/1589/1545 436/1590/1546
f 436/1590/1546 145/1589/1545 144/1591/1547
f 436/1592/1548 144/1593/1549 437/1594/1550
f 437/1594/1550 144/1593/1549 143/1595/1551
f 437/1596/1552 143/1597/1553 438/1598/1554
f 438/1598/1554 143/1597/1553 142/1599/1555
f 499/1600/1556 81/1601/1557 500/1602/1558
f 500/1602/1558 81/1601/1557 80/1603/1559
f 500/1604/1560 80/1605/1561 501/1606/1562
f 501/1606/1562 80/1605/1561 79/1607/1563
f 501/1608/1564 79/1609/1565 502/1610/1566
f 502/1610/1566 79/1609/1565 78/1611/1567
f 502/1612/1568 78/1613/1569 503/1614/1570
f 503/1614/1570 78/1613/1569 77/1615/1571
f 503/1616/1572 77/1617/1573 504/1618/1574
f 504/1618/1574 77/1617/1573 76/1619/1575
f 506/1620/1576 74/1621/1577 507/1622/1578
f 507/1622/1578 74/1621/1577 73/1623/1579
f 504/1624/1580 76/1625/1581 505/1626/1582
f 505/1626/1582 76/1625/1581 75/1627/1583
f 505/1628/1584 75/1629/1585 506/1630/1586
f 506/1630/1586 75/1629/1585 74/1631/1587
f 507/1632/1588 73/1633/1589 508/1634/1590
f 508/1634/1590 73/1633/1589 72/1635/1591
f 508/1636/1592 72/1637/1593 509/1638/1594
f 509/1638/1594 72/1637/1593 71/1639/1595
f 509/1640/1596 71/1641/1597 510/1642/1598
f 510/1642/1598 71/1641/1597 70/1643/1599
f 345/1644/1600 592/1645/1601 346/1646/1602
f 346/1646/1602 592/1645/1601 591/1647/1603
f 598/1648/1604 339/1649/1605 599/1650/1606
f 599/1650/1606 339/1649/1605 338/1651/1607
f 605/1652/1608 360/1653/1609 606/1654/1610
f 606/1654/1610 360/1653/1609 359/1655/1611
f 584/1656/1612 353/1657/1613 585/1658/1614
f 585/1658/1614 353/1657/1613 352/1659/1615
f 592/1660/1601 345/1661/1600 593/1662/1616
f 593/1662/1616 345/1661/1600 344/1663/1617
f 593/1662/1616 344/1663/1617 594/1664/1618
f 594/1664/1618 344/1663/1617 343/1665/1619
f 594/1664/1618 343/1665/1619 595/1666/1620
f 595/1666/1620 343/1665/1619 342/1667/1621
f 595/1666/1620 342/1667/1621 596/1668/1622
f 596/1668/1622 342/1667/1621 341/1669/1623
f 596/1668/1622 341/1669/1623 597/1670/1624
f 597/1670/1624 341/1669/1623 340/1671/1625
f 597/1670/1624 340/1671/1625 598/1672/1604
f 598/1672/1604 340/1671/1625 339/1673/1605
f 599/1674/1606 338/1675/1607 600/1676/1626
f 600/1676/1626 338/1675/1607 365/1677/1627
f 600/1676/1626 365/1677/1627 601/1678/1628
f 601/1678/1628 365/1677/1627 364/1679/1629
f 601/1678/1628 364/1679/1629 602/1680/1630
f 602/1680/1630 364/1679/1629 363/1681/1631
f 602/1680/1630 363/1681/1631 603/1682/1632
f 603/1682/1632 363/1681/1631 362/1683/1633
f 603/1682/1632 362/1683/1633 604/1684/1634
f 604/1684/1634 362/1683/1633 361/1685/1635
f 604/1684/1634 361/1685/1635 605/1686/1608
f 605/1686/1608 361/1685/1635 360/1687/1609
f 606/1688/1610 359/1689/1611 607/1690/1636
f 607/1690/1636 359/1689/1611 358/1691/1637
f 607/1690/1636 358/1691/1637 608/1692/1638
f 608/1692/1638 358/1691/1637 357/1693/1639
f 608/1692/1638 357/1693/1639 609/1694/1640
f 609/1694/1640 357/1693/1639 356/1695/1641
f 609/1694/1640 356/1695/1641 610/1696/1642
f 610/1696/1642 356/1695/1641 355/1697/1643
f 610/1696/1642 355/1697/1643 611/1698/1644
f 611/1698/1644 355/1697/1643 354/1699/1645
f 611/1698/1644 354/1699/1645 584/1700/1612
f 584/1700/1612 354/1699/1645 353/1701/1613
f 585/1702/1614 352/1703/1615 586/1704/1646
f 586/1704/1646 352/1703/1615 351/1705/1647
f 586/1704/1646 351/1705/1647 587/1706/1648
f 587/1706/1648 351/1705/1647 350/1707/1649
f 587/1706/1648 350/1707/1649 588/1708/1650
f 588/1708/1650 350/1707/1649 349/1709/1651
f 588/1708/1650 349/1709/1651 589/1710/1652
f 589/1710/1652 349/1709/1651 348/1711/1653
f 589/1710/1652 348/1711/1653 590/1712/1654
f 590/1712/1654 348/1711/1653 347/1713/1655
f 590/1712/1654 347/1713/1655 591/1714/1603
f 591/1714/1603 347/1713/1655 346/1715/1602
f 563/1716/1656 374/1717/1657 564/1718/1658
f 564/1718/1658 374/1717/1657 373/1719/1659
f 366/1720/1660 571/1721/1661 367/1722/1662
f 367/1722/1662 571/1721/1661 570/1723/1663
f 387/1724/1664 578/1725/1665 388/1726/1666
f 388/1726/1666 578/1725/1665 577/1727/1667
f 380/1728/1668 557/1729/1669 381/1730/1670
f 381/1730/1670 557/1729/1669 556/1731/1671
f 557/1732/1669 380/1733/1668 558/1734/1672
f 558/1734/1672 380/1733/1668 379/1735/1673
f 558/1734/1672 379/1735/1673 559/1736/1674
f 559/1736/1674 379/1735/1673 378/1737/1675
f 559/1736/1674 378/1737/1675 560/1738/1676
f 560/1738/1676 378/1737/1675 377/1739/1677
f 560/1738/1676 377/1739/1677 561/1740/1678
f 561/1740/1678 377/1739/1677 376/1741/1679
f 561/1740/1678 376/1741/1679 562/1742/1680
f 562/1742/1680 376/1741/1679 375/1743/1681
f 562/1742/1680 375/1743/1681 563/1744/1656
f 563/1744/1656 375/1743/1681 374/1745/1657
f 578/1746/1665 387/1747/1664 579/1748/1682
f 579/1748/1682 387/1747/1664 386/1749/1683
f 579/1748/1682 386/1749/1683 580/1750/1684
f 580/1750/1684 386/1749/1683 385/1751/1685
f 580/1750/1684 385/1751/1685 581/1752/1686
f 581/1752/1686 385/1751/1685 384/1753/1687
f 581/1752/1686 384/1753/1687 582/1754/1688
f 582/1754/1688 384/1753/1687 383/1755/1689
f 582/1754/1688 383/1755/1689 583/1756/1690
f 583/1756/1690 383/1755/1689 382/1757/1691
f 583/1756/1690 382/1757/1691 556/1758/1671
f 556/1758/1671 382/1757/1691 381/1759/1670
f 571/1760/1661 366/1761/1660 572/1762/1692
f 572/1762/1692 366/1761/1660 393/1763/1693
f 572/1762/1692 393/1763/1693 573/1764/1694
f 573/1764/1694 393/1763/1693 392/1765/1695
f 573/1764/1694 392/1765/1695 574/1766/1696
f 574/1766/1696 392/1765/1695 391/1767/1697
f 574/1766/1696 391/1767/1697 575/1768/1698
f 575/1768/1698 391/1767/1697 390/1769/1699
f 575/1768/1698 390/1769/1699 576/1770/1700
f 576/1770/1700 390/1769/1699 389/1771/1701
f 576/1770/1700 389/1771/1701 577/1772/1667
f 577/1772/1667 389/1771/1701 388/1773/1666
f 564/1774/1658 373/1775/1659 565/1776/1702
f 565/1776/1702 373/1775/1659 372/1777/1703
f 565/1776/1702 372/1777/1703 566/1778/1704
f 566/1778/1704 372/1777/1703 371/1779/1705
f 566/1778/1704 371/1779/1705 567/1780/1706
f 567/1780/1706 371/1779/1705 370/1781/1707
f 567/1780/1706 370/1781/1707 568/1782/1708
f 568/1782/1708 370/1781/1707 369/1783/1709
f 568/1782/1708 369/1783/1709 569/1784/1710
f 569/1784/1710 369/1783/1709 368/1785/1711
f 569/1784/1710 368/1785/1711 570/1786/1663
f 570/1786/1663 368/1785/1711 367/1787/1662
f 30/1788/1712 550/1789/1713 31/1790/1714
f 31/1790/1714 550/1789/1713 549/1791/1715
f 542/1792/1716 38/1793/1717 543/1794/1718
f 543/1794/1718 38/1793/1717 37/1795/1719
f 23/1796/1720 397/1797/1721 24/1798/1722
f 24/1798/1722 397/1797/1721 396/1799/1723
f 17/1800/395 395/1801/394 18/1802/1724
f 18/1802/1724 395/1801/394 402/1803/1725
f 18/1802/1724 402/1803/1725 19/1804/1726
f 19/1804/1726 402/1803/1725 401/1805/1727
f 19/1804/1726 401/1805/1727 20/1806/1728
f 20/1806/1728 401/1805/1727 400/1807/1729
f 20/1806/1728 400/1807/1729 21/1808/1730
f 21/1808/1730 400/1807/1729 399/1809/1731
f 21/1808/1730 399/1809/1731 22/1810/1732
f 22/1810/1732 399/1809/1731 398/1811/1733
f 22/1810/1732 398/1811/1733 23/1812/1720
f 23/1812/1720 398/1811/1733 397/1813/1721
f 38/1814/1717 542/1815/1716 39/1816/1734
f 39/1816/1734 542/1815/1716 541/1817/1735
f 39/1816/1734 541/1817/1735 40/1818/1736
f 40/1818/1736 541/1817/1735 540/1819/1737
f 40/1818/1736 540/1819/1737 41/1820/1738
f 41/1820/1738 540/1819/1737 539/1821/1739
f 41/1820/1738 539/1821/1739 42/1822/1740
f 42/1822/1740 539/1821/1739 538/1823/1741
f 42/1822/1740 538/1823/1741 43/1824/1742
f 43/1824/1742 538/1823/1741 537/1825/1743
f 43/1824/1742 537/1825/1743 44/1826/788
f 44/1826/788 537/1825/1743 536/1827/789
f 550/1828/1713 30/1829/1712 551/1830/1744
f 551/1830/1744 30/1829/1712 29/1831/1745
f 551/1830/1744 29/1831/1745 552/1832/1746
f 552/1832/1746 29/1831/1745 28/1833/1747
f 552/1832/1746 28/1833/1747 553/1834/1748
f 553/1834/1748 28/1833/1747 27/1835/1749
f 553/1834/1748 27/1835/1749 554/1836/1750
f 554/1836/1750 27/1835/1749 26/1837/1751
f 554/1836/1750 26/1837/1751 555/1838/1752
f 555/1838/1752 26/1837/1751 25/1839/1753
f 555/1838/1752 25/1839/1753 396/1840/1723
f 396/1840/1723 25/1839/1753 24/1841/1722
f 543/1842/1718 37/1843/1719 544/1844/1754
f 544/1844/1754 37/1843/1719 36/1845/1755
f 544/1844/1754 36/1845/1755 545/1846/1756
f 545/1846/1756 36/1845/1755 35/1847/1757
f 545/1846/1756 35/1847/1757 546/1848/1758
f 546/1848/1758 35/1847/1757 34/1849/1759
f 546/1848/1758 34/1849/1759 547/1850/1760
f 547/1850/1760 34/1849/1759 33/1851/1761
f 547/1850/1760 33/1851/1761 548/1852/1762
f 548/1852/1762 33/1851/1761 32/1853/1763
f 548/1852/1762 32/1853/1763 549/1854/1715
f 549/1854/1715 32/1853/1763 31/1855/1714
f 2/1856/1764 768/1857/1765 3/1858/1766
f 3/1858/1766 768/1857/1765 769/1859/1767
f 3/1860/1768 769/1861/1769 4/1862/1770
f 4/1862/1770 769/1861/1769 770/1863/1771
f 4/1864/1772 770/1865/1773 1/1866/1774
f 1/1866/1774 770/1865/1773 771/1867/1775
f 178/1868/1776 772/1869/1777 179/1870/1778
f 179/1870/1778 772/1869/1777 773/1871/1779
f 179/1872/1780 773/1873/1781 180/1874/1782
f 180/1874/1782 773/1873/1781 774/1875/1783
f 180/1876/1784 774/1877/1785 181/1878/1786
f 181/1878/1786 774/1877/1785 775/1879/1787
f 181/1880/1788 775/1881/1789 178/1882/1790
f 178/1882/1790 775/1881/1789 772/1883/1791
f 1/1884/1792 771/1885/1793 2/1886/1794
f 2/1886/1794 771/1885/1793 768/1887/1795
f 772/1888/1796 770/1889/1797 773/1890/1798
f 773/1890/1798 770/1889/1797 769/1891/1799
f 773/1890/1798 769/1891/1799 774/1892/1800
f 774/1892/1800 769/1891/1799 775/1893/1801
f 775/1893/1801 769/1891/1799 768/1894/1802
f 775/1893/1801 768/1894/1802 771/1895/1803
f 770/1889/1797 772/1888/1796 771/1895/1803
f 771/1895/1803 772/1888/1796 775/1893/1801
f 777/1896/1804 778/1897/1805 776/1898/1806
f 776/1898/1806 778/1897/1805 779/1899/1807
f 776/1900/1808 779/1901/1809 780/1902/1810
f 780/1902/1810 779/1901/1809 781/1903/1811
f 5/1904/1812 782/1905/1813 6/1906/1814
f 6/1906/1814 782/1905/1813 783/1907/1815
f 6/1908/1816 783/1909/1817 7/1910/1818
f 7/1910/1818 783/1909/1817 784/1911/1819
f 7/1912/1820 784/1913/1821 8/1914/1822
f 8/1914/1822 784/1913/1821 785/1915/1823
f 8/1916/1824 785/1917/1825 9/1918/1826
f 9/1918/1826 785/1917/1825 786/1919/1827
f 9/1920/1828 786/1921/1829 10/1922/1830
f 10/1922/1830 786/1921/1829 787/1923/1831
f 10/1924/1832 787/1925/1833 11/1926/1834
f 11/1926/1834 787/1925/1833 788/1927/1835
f 11/1928/1836 788/1929/1837 12/1930/1838
f 12/1930/1838 788/1929/1837 789/1931/1839
f 12/1932/1840 789/1933/1841 13/1934/1842
f 13/1934/1842 789/1933/1841 790/1935/1843
f 13/1936/1844 790/1937/1845 14/1938/1846
f 14/1938/1846 790/1937/1845 791/1939/1847
f 14/1940/1848 791/1941/1849 15/1942/1850
f 15/1942/1850 791/1941/1849 792/1943/1851
f 15/1944/1852 792/1945/1853 5/1946/1854
f 5/1946/1854 792/1945/1853 782/1947/1855
f 780/1948/1856 781/1949/1857 777/1950/1858
f 777/1950/1858 781/1949/1857 778/1951/1859
f 784/1952/1860 783/1953/1861 781/1954/1862
f 781/1954/1862 783/1953/1861 782/1955/1863
f 781/1954/1862 782/1955/1863 778/1956/1864
f 778/1956/1864 782/1955/1863 790/1957/1865
f 778/1956/1864 790/1957/1865 787/1958/1866
f 787/1958/1866 790/1957/1865 789/1959/1867
f 787/1958/1866 789/1959/1867 788/1960/1868
f 792/1961/1869 791/1962/1870 782/1955/1863
f 782/1955/1863 791/1962/1870 790/1957/1865
f 778/1956/1864 787/1958/1866 779/1963/1871
f 779/1963/1871 787/1958/1866 786/1964/1872
f 779/1963/1871 786/1964/1872 785/1965/1873
f 785/1965/1873 784/1952/1860 779/1963/1871
f 779/1963/1871 784/1952/1860 781/1954/1862
f 780/1966/1874 777/1967/1875 776/1968/1876
# 792 vertices
# 1968 texture params
# 1876 normals
# 1640 facets

# 1 groups
