# WaveFront *.obj file (generated by Autodesk ATF)

mtllib Motor.mtl

g Body1

v -1.400000 -0.000000 2.500000
v -1.400000 -0.000000 -2.500000
v -1.400000 -4.800000 -2.500000
v -1.400000 -4.800000 2.500000
v -1.400000 -2.400000 -1.500000
v -1.400000 -2.088132 -1.467221
v -1.400000 -1.789895 -1.370318
v -1.400000 -1.518322 -1.213525
v -1.400000 -1.285283 -1.003696
v -1.400000 -1.100962 -0.750000
v -1.400000 -0.973415 -0.463525
v -1.400000 -0.908217 -0.156793
v -1.400000 -0.908217 0.156793
v -1.400000 -0.973415 0.463525
v -1.400000 -1.100962 0.750000
v -1.400000 -1.285283 1.003696
v -1.400000 -1.518322 1.213525
v -1.400000 -1.789895 1.370318
v -1.400000 -2.088132 1.467221
v -1.400000 -2.400000 1.500000
v -1.400000 -2.711868 1.467221
v -1.400000 -3.010105 1.370318
v -1.400000 -3.281678 1.213525
v -1.400000 -3.514717 1.003696
v -1.400000 -3.699038 0.750000
v -1.400000 -3.826585 0.463525
v -1.400000 -3.891783 0.156793
v -1.400000 -3.891783 -0.156793
v -1.400000 -3.826585 -0.463525
v -1.400000 -3.699038 -0.750000
v -1.400000 -3.514717 -1.003696
v -1.400000 -3.281678 -1.213525
v -1.400000 -3.010105 -1.370318
v -1.400000 -2.711868 -1.467221
v 1.400000 -0.000000 -2.500000
v 1.400000 -4.800000 -2.500000
v 1.400000 -0.000000 2.500000
v 1.400000 -4.800000 2.500000
v 1.400000 -2.400000 1.500000
v 1.400000 -2.088132 1.467221
v 1.400000 -1.789895 1.370318
v 1.400000 -1.518322 1.213525
v 1.400000 -1.285283 1.003696
v 1.400000 -1.100962 0.750000
v 1.400000 -0.973415 0.463525
v 1.400000 -0.908217 0.156793
v 1.400000 -0.908217 -0.156793
v 1.400000 -0.973415 -0.463525
v 1.400000 -1.100962 -0.750000
v 1.400000 -1.285283 -1.003696
v 1.400000 -1.518322 -1.213525
v 1.400000 -1.789895 -1.370318
v 1.400000 -2.088132 -1.467221
v 1.400000 -2.400000 -1.500000
v 1.400000 -2.711868 -1.467221
v 1.400000 -3.010105 -1.370318
v 1.400000 -3.281678 -1.213525
v 1.400000 -3.514717 -1.003696
v 1.400000 -3.699038 -0.750000
v 1.400000 -3.826585 -0.463525
v 1.400000 -3.891783 -0.156793
v 1.400000 -3.891783 0.156793
v 1.400000 -3.826585 0.463525
v 1.400000 -3.699038 0.750000
v 1.400000 -3.514717 1.003696
v 1.400000 -3.281678 1.213525
v 1.400000 -3.010105 1.370318
v 1.400000 -2.711868 1.467221
vt -0.500000 0.480000 0.000000
vt -0.234321 0.389178 0.000000
vt -0.000000 0.480000 0.000000
vt -0.203647 0.382658 0.000000
vt -0.175000 0.369904 0.000000
vt -0.500000 0.000000 0.000000
vt -0.400000 0.240000 0.000000
vt -0.396722 0.271187 0.000000
vt -0.387032 0.301010 0.000000
vt -0.000000 0.000000 0.000000
vt -0.265679 0.090822 0.000000
vt -0.296353 0.097342 0.000000
vt -0.325000 0.110096 0.000000
vt -0.100000 0.240000 0.000000
vt -0.103278 0.208813 0.000000
vt -0.112968 0.178990 0.000000
vt -0.371353 0.328168 0.000000
vt -0.350370 0.351472 0.000000
vt -0.325000 0.369904 0.000000
vt -0.296353 0.382658 0.000000
vt -0.265679 0.389178 0.000000
vt -0.149630 0.351472 0.000000
vt -0.128647 0.328168 0.000000
vt -0.112968 0.301010 0.000000
vt -0.103278 0.271187 0.000000
vt -0.128647 0.151832 0.000000
vt -0.149630 0.128528 0.000000
vt -0.175000 0.110096 0.000000
vt -0.203647 0.097342 0.000000
vt -0.234321 0.090822 0.000000
vt -0.350370 0.128528 0.000000
vt -0.371353 0.151832 0.000000
vt -0.387032 0.178990 0.000000
vt -0.396722 0.208813 0.000000
vt -0.000000 0.480000 0.000000
vt -0.280000 0.480000 0.000000
vt -0.000000 0.000000 0.000000
vt -0.280000 0.000000 0.000000
vt -0.500000 0.480000 0.000000
vt -0.234321 0.389178 0.000000
vt -0.000000 0.480000 0.000000
vt -0.203647 0.382658 0.000000
vt -0.175000 0.369904 0.000000
vt -0.500000 0.000000 0.000000
vt -0.400000 0.240000 0.000000
vt -0.396722 0.271187 0.000000
vt -0.387032 0.301010 0.000000
vt -0.000000 0.000000 0.000000
vt -0.265679 0.090822 0.000000
vt -0.296353 0.097342 0.000000
vt -0.325000 0.110096 0.000000
vt -0.100000 0.240000 0.000000
vt -0.103278 0.208813 0.000000
vt -0.112968 0.178990 0.000000
vt -0.371353 0.328168 0.000000
vt -0.350370 0.351472 0.000000
vt -0.325000 0.369904 0.000000
vt -0.296353 0.382658 0.000000
vt -0.265679 0.389178 0.000000
vt -0.149630 0.351472 0.000000
vt -0.128647 0.328168 0.000000
vt -0.112968 0.301010 0.000000
vt -0.103278 0.271187 0.000000
vt -0.128647 0.151832 0.000000
vt -0.149630 0.128528 0.000000
vt -0.175000 0.110096 0.000000
vt -0.203647 0.097342 0.000000
vt -0.234321 0.090822 0.000000
vt -0.350370 0.128528 0.000000
vt -0.371353 0.151832 0.000000
vt -0.387032 0.178990 0.000000
vt -0.396722 0.208813 0.000000
vt -0.000000 0.480000 0.000000
vt -0.280000 0.480000 0.000000
vt -0.000000 0.000000 0.000000
vt -0.280000 0.000000 0.000000
vt -0.250000 -0.140000 0.000000
vt 0.250000 -0.140000 0.000000
vt -0.250000 0.140000 0.000000
vt 0.250000 0.140000 0.000000
vt -0.250000 -0.140000 0.000000
vt 0.250000 -0.140000 0.000000
vt -0.250000 0.140000 0.000000
vt 0.250000 0.140000 0.000000
vt 0.300000 -0.439823 0.000000
vt 0.020000 -0.439823 0.000000
vt 0.300000 -0.471239 0.000000
vt 0.020000 -0.471239 0.000000
vt 0.300000 0.471239 0.000000
vt 0.020000 0.471239 0.000000
vt 0.300000 0.439823 0.000000
vt 0.020000 0.439823 0.000000
vt 0.300000 0.408407 0.000000
vt 0.020000 0.408407 0.000000
vt 0.300000 0.376991 0.000000
vt 0.020000 0.376991 0.000000
vt 0.300000 0.345575 0.000000
vt 0.020000 0.345575 0.000000
vt 0.300000 0.314159 0.000000
vt 0.020000 0.314159 0.000000
vt 0.300000 0.282743 0.000000
vt 0.020000 0.282743 0.000000
vt 0.300000 0.251327 0.000000
vt 0.020000 0.251327 0.000000
vt 0.300000 0.219911 0.000000
vt 0.020000 0.219911 0.000000
vt 0.300000 0.188496 0.000000
vt 0.020000 0.188496 0.000000
vt 0.300000 0.157080 0.000000
vt 0.020000 0.157080 0.000000
vt 0.300000 0.125664 0.000000
vt 0.020000 0.125664 0.000000
vt 0.300000 0.094248 0.000000
vt 0.020000 0.094248 0.000000
vt 0.300000 0.062832 0.000000
vt 0.020000 0.062832 0.000000
vt 0.300000 0.031416 0.000000
vt 0.020000 0.031416 0.000000
vt 0.300000 -0.000000 0.000000
vt 0.020000 0.000000 0.000000
vt 0.300000 -0.031416 0.000000
vt 0.020000 -0.031416 0.000000
vt 0.300000 -0.062832 0.000000
vt 0.020000 -0.062832 0.000000
vt 0.300000 -0.094248 0.000000
vt 0.020000 -0.094248 0.000000
vt 0.300000 -0.125664 0.000000
vt 0.020000 -0.125664 0.000000
vt 0.300000 -0.157080 0.000000
vt 0.020000 -0.157080 0.000000
vt 0.300000 -0.188496 0.000000
vt 0.020000 -0.188496 0.000000
vt 0.300000 -0.219911 0.000000
vt 0.020000 -0.219911 0.000000
vt 0.300000 -0.251327 0.000000
vt 0.020000 -0.251327 0.000000
vt 0.300000 -0.282743 0.000000
vt 0.020000 -0.282743 0.000000
vt 0.300000 -0.314159 0.000000
vt 0.020000 -0.314159 0.000000
vt 0.300000 -0.345575 0.000000
vt 0.020000 -0.345575 0.000000
vt 0.300000 -0.376991 0.000000
vt 0.020000 -0.376991 0.000000
vt 0.300000 -0.408407 0.000000
vt 0.020000 -0.408407 0.000000
vn -0.100000 0.000000 0.000000
vn -0.100000 0.000000 0.000000
vn -0.100000 0.000000 0.000000
vn -0.100000 0.000000 0.000000
vn -0.100000 0.000000 0.000000
vn -0.100000 0.000000 0.000000
vn -0.100000 0.000000 0.000000
vn -0.100000 0.000000 0.000000
vn -0.100000 0.000000 0.000000
vn -0.100000 0.000000 0.000000
vn -0.100000 0.000000 0.000000
vn -0.100000 0.000000 0.000000
vn -0.100000 0.000000 0.000000
vn -0.100000 0.000000 0.000000
vn -0.100000 0.000000 0.000000
vn -0.100000 0.000000 0.000000
vn -0.100000 0.000000 0.000000
vn -0.100000 0.000000 0.000000
vn -0.100000 0.000000 0.000000
vn -0.100000 0.000000 0.000000
vn -0.100000 0.000000 0.000000
vn -0.100000 0.000000 0.000000
vn -0.100000 0.000000 0.000000
vn -0.100000 0.000000 0.000000
vn -0.100000 0.000000 0.000000
vn -0.100000 0.000000 0.000000
vn -0.100000 0.000000 0.000000
vn -0.100000 0.000000 0.000000
vn -0.100000 0.000000 0.000000
vn -0.100000 0.000000 0.000000
vn -0.100000 0.000000 0.000000
vn -0.100000 0.000000 0.000000
vn -0.100000 0.000000 0.000000
vn -0.100000 0.000000 0.000000
vn 0.000000 0.000000 -0.100000
vn 0.000000 0.000000 -0.100000
vn 0.000000 0.000000 -0.100000
vn 0.000000 0.000000 -0.100000
vn 0.100000 0.000000 0.000000
vn 0.100000 0.000000 0.000000
vn 0.100000 0.000000 0.000000
vn 0.100000 0.000000 0.000000
vn 0.100000 0.000000 0.000000
vn 0.100000 0.000000 0.000000
vn 0.100000 0.000000 0.000000
vn 0.100000 0.000000 0.000000
vn 0.100000 0.000000 0.000000
vn 0.100000 0.000000 0.000000
vn 0.100000 0.000000 0.000000
vn 0.100000 0.000000 0.000000
vn 0.100000 0.000000 0.000000
vn 0.100000 0.000000 0.000000
vn 0.100000 0.000000 0.000000
vn 0.100000 0.000000 0.000000
vn 0.100000 0.000000 0.000000
vn 0.100000 0.000000 0.000000
vn 0.100000 0.000000 0.000000
vn 0.100000 0.000000 0.000000
vn 0.100000 0.000000 0.000000
vn 0.100000 0.000000 0.000000
vn 0.100000 0.000000 0.000000
vn 0.100000 0.000000 0.000000
vn 0.100000 0.000000 0.000000
vn 0.100000 0.000000 0.000000
vn 0.100000 0.000000 0.000000
vn 0.100000 0.000000 0.000000
vn 0.100000 0.000000 0.000000
vn 0.100000 0.000000 0.000000
vn 0.100000 0.000000 0.000000
vn 0.100000 0.000000 0.000000
vn 0.100000 0.000000 0.000000
vn 0.100000 0.000000 0.000000
vn 0.000000 0.000000 0.100000
vn 0.000000 0.000000 0.100000
vn 0.000000 0.000000 0.100000
vn 0.000000 0.000000 0.100000
vn 0.000000 -0.100000 0.000000
vn 0.000000 -0.100000 0.000000
vn 0.000000 -0.100000 0.000000
vn 0.000000 -0.100000 0.000000
vn -0.000000 0.100000 -0.000000
vn -0.000000 0.100000 -0.000000
vn -0.000000 0.100000 -0.000000
vn -0.000000 0.100000 -0.000000
vn 0.000000 0.020791 0.097815
vn 0.000000 0.020791 0.097815
vn 0.000000 0.000000 0.100000
vn 0.000000 0.000000 0.100000
vn 0.000000 -0.020791 0.097815
vn 0.000000 -0.020791 0.097815
vn 0.000000 -0.040674 0.091355
vn 0.000000 -0.040674 0.091355
vn 0.000000 -0.058779 0.080902
vn 0.000000 -0.058779 0.080902
vn 0.000000 -0.074314 0.066913
vn 0.000000 -0.074314 0.066913
vn 0.000000 -0.086603 0.050000
vn 0.000000 -0.086603 0.050000
vn 0.000000 -0.095106 0.030902
vn 0.000000 -0.095106 0.030902
vn 0.000000 -0.099452 0.010453
vn 0.000000 -0.099452 0.010453
vn 0.000000 -0.099452 -0.010453
vn 0.000000 -0.099452 -0.010453
vn 0.000000 -0.095106 -0.030902
vn 0.000000 -0.095106 -0.030902
vn 0.000000 -0.086603 -0.050000
vn 0.000000 -0.086603 -0.050000
vn 0.000000 -0.074314 -0.066913
vn 0.000000 -0.074314 -0.066913
vn 0.000000 -0.058779 -0.080902
vn 0.000000 -0.058779 -0.080902
vn 0.000000 -0.040674 -0.091355
vn 0.000000 -0.040674 -0.091355
vn 0.000000 -0.020791 -0.097815
vn 0.000000 -0.020791 -0.097815
vn -0.000000 0.000000 -0.100000
vn -0.000000 0.000000 -0.100000
vn -0.000000 0.020791 -0.097815
vn -0.000000 0.020791 -0.097815
vn -0.000000 0.040674 -0.091355
vn -0.000000 0.040674 -0.091355
vn -0.000000 0.058779 -0.080902
vn -0.000000 0.058779 -0.080902
vn -0.000000 0.074314 -0.066913
vn -0.000000 0.074314 -0.066913
vn -0.000000 0.086603 -0.050000
vn -0.000000 0.086603 -0.050000
vn -0.000000 0.095106 -0.030902
vn -0.000000 0.095106 -0.030902
vn -0.000000 0.099452 -0.010453
vn -0.000000 0.099452 -0.010453
vn 0.000000 0.099452 0.010453
vn 0.000000 0.099452 0.010453
vn 0.000000 0.095106 0.030902
vn 0.000000 0.095106 0.030902
vn 0.000000 0.086603 0.050000
vn 0.000000 0.086603 0.050000
vn 0.000000 0.074314 0.066913
vn 0.000000 0.074314 0.066913
vn 0.000000 0.058779 0.080902
vn 0.000000 0.058779 0.080902
vn 0.000000 0.040674 0.091355
vn 0.000000 0.040674 0.091355
usemtl Opaque(102,204,255)
f 2/1/1 13/2/2 1/3/3
f 1/3/3 13/2/2 14/4/4
f 1/3/3 14/4/4 15/5/5
f 3/6/6 5/7/7 2/1/1
f 2/1/1 5/7/7 6/8/8
f 2/1/1 6/8/8 7/9/9
f 4/10/10 28/11/11 3/6/6
f 3/6/6 28/11/11 29/12/12
f 3/6/6 29/12/12 30/13/13
f 1/3/3 20/14/14 4/10/10
f 4/10/10 20/14/14 21/15/15
f 4/10/10 21/15/15 22/16/16
f 7/9/9 8/17/17 2/1/1
f 2/1/1 8/17/17 9/18/18
f 2/1/1 9/18/18 10/19/19
f 10/19/19 11/20/20 2/1/1
f 2/1/1 11/20/20 12/21/21
f 2/1/1 12/21/21 13/2/2
f 15/5/5 16/22/22 1/3/3
f 1/3/3 16/22/22 17/23/23
f 1/3/3 17/23/23 18/24/24
f 18/24/24 19/25/25 1/3/3
f 1/3/3 19/25/25 20/14/14
f 22/16/16 23/26/26 4/10/10
f 4/10/10 23/26/26 24/27/27
f 4/10/10 24/27/27 25/28/28
f 25/28/28 26/29/29 4/10/10
f 4/10/10 26/29/29 27/30/30
f 4/10/10 27/30/30 28/11/11
f 30/13/13 31/31/31 3/6/6
f 3/6/6 31/31/31 32/32/32
f 3/6/6 32/32/32 33/33/33
f 33/33/33 34/34/34 3/6/6
f 3/6/6 34/34/34 5/7/7
f 2/35/35 35/36/36 3/37/37
f 3/37/37 35/36/36 36/38/38
f 37/39/39 47/40/40 35/41/41
f 35/41/41 47/40/40 48/42/42
f 35/41/41 48/42/42 49/43/43
f 38/44/44 39/45/45 37/39/39
f 37/39/39 39/45/45 40/46/46
f 37/39/39 40/46/46 41/47/47
f 36/48/48 62/49/49 38/44/44
f 38/44/44 62/49/49 63/50/50
f 38/44/44 63/50/50 64/51/51
f 35/41/41 54/52/52 36/48/48
f 36/48/48 54/52/52 55/53/53
f 36/48/48 55/53/53 56/54/54
f 41/47/47 42/55/55 37/39/39
f 37/39/39 42/55/55 43/56/56
f 37/39/39 43/56/56 44/57/57
f 44/57/57 45/58/58 37/39/39
f 37/39/39 45/58/58 46/59/59
f 37/39/39 46/59/59 47/40/40
f 49/43/43 50/60/60 35/41/41
f 35/41/41 50/60/60 51/61/61
f 35/41/41 51/61/61 52/62/62
f 52/62/62 53/63/63 35/41/41
f 35/41/41 53/63/63 54/52/52
f 56/54/54 57/64/64 36/48/48
f 36/48/48 57/64/64 58/65/65
f 36/48/48 58/65/65 59/66/66
f 59/66/66 60/67/67 36/48/48
f 36/48/48 60/67/67 61/68/68
f 36/48/48 61/68/68 62/49/49
f 64/51/51 65/69/69 38/44/44
f 38/44/44 65/69/69 66/70/70
f 38/44/44 66/70/70 67/71/71
f 67/71/71 68/72/72 38/44/44
f 38/44/44 68/72/72 39/45/45
f 37/73/73 1/74/74 38/75/75
f 38/75/75 1/74/74 4/76/76
f 4/77/77 3/78/78 38/79/79
f 38/79/79 3/78/78 36/80/80
f 2/81/81 1/82/82 35/83/83
f 35/83/83 1/82/82 37/84/84
f 34/85/85 55/86/86 5/87/87
f 5/87/87 55/86/86 54/88/88
f 5/89/87 54/90/88 6/91/89
f 6/91/89 54/90/88 53/92/90
f 6/91/89 53/92/90 7/93/91
f 7/93/91 53/92/90 52/94/92
f 7/93/91 52/94/92 8/95/93
f 8/95/93 52/94/92 51/96/94
f 8/95/93 51/96/94 9/97/95
f 9/97/95 51/96/94 50/98/96
f 9/97/95 50/98/96 10/99/97
f 10/99/97 50/98/96 49/100/98
f 10/99/97 49/100/98 11/101/99
f 11/101/99 49/100/98 48/102/100
f 11/101/99 48/102/100 12/103/101
f 12/103/101 48/102/100 47/104/102
f 12/103/101 47/104/102 13/105/103
f 13/105/103 47/104/102 46/106/104
f 13/105/103 46/106/104 14/107/105
f 14/107/105 46/106/104 45/108/106
f 14/107/105 45/108/106 15/109/107
f 15/109/107 45/108/106 44/110/108
f 15/109/107 44/110/108 16/111/109
f 16/111/109 44/110/108 43/112/110
f 16/111/109 43/112/110 17/113/111
f 17/113/111 43/112/110 42/114/112
f 17/113/111 42/114/112 18/115/113
f 18/115/113 42/114/112 41/116/114
f 18/115/113 41/116/114 19/117/115
f 19/117/115 41/116/114 40/118/116
f 19/117/115 40/118/116 20/119/117
f 20/119/117 40/118/116 39/120/118
f 20/119/117 39/120/118 21/121/119
f 21/121/119 39/120/118 68/122/120
f 21/121/119 68/122/120 22/123/121
f 22/123/121 68/122/120 67/124/122
f 22/123/121 67/124/122 23/125/123
f 23/125/123 67/124/122 66/126/124
f 23/125/123 66/126/124 24/127/125
f 24/127/125 66/126/124 65/128/126
f 24/127/125 65/128/126 25/129/127
f 25/129/127 65/128/126 64/130/128
f 25/129/127 64/130/128 26/131/129
f 26/131/129 64/130/128 63/132/130
f 26/131/129 63/132/130 27/133/131
f 27/133/131 63/132/130 62/134/132
f 27/133/131 62/134/132 28/135/133
f 28/135/133 62/134/132 61/136/134
f 28/135/133 61/136/134 29/137/135
f 29/137/135 61/136/134 60/138/136
f 29/137/135 60/138/136 30/139/137
f 30/139/137 60/138/136 59/140/138
f 30/139/137 59/140/138 31/141/139
f 31/141/139 59/140/138 58/142/140
f 31/141/139 58/142/140 32/143/141
f 32/143/141 58/142/140 57/144/142
f 32/143/141 57/144/142 33/145/143
f 33/145/143 57/144/142 56/146/144
f 33/145/143 56/146/144 34/85/85
f 34/85/85 56/146/144 55/86/86
g Body2

v 9.300000 9.633404 1.850000
v 9.300000 9.377536 1.533183
v 9.300000 9.172226 1.181488
v 9.300000 9.022147 0.802915
v 9.300000 8.930711 0.406077
v 9.300000 8.900000 0.000000
v 9.300000 8.930711 -0.406077
v 9.300000 9.022147 -0.802915
v 9.300000 9.172226 -1.181488
v 9.300000 9.377536 -1.533183
v 9.300000 9.633404 -1.850000
v 18.300000 9.633404 -1.850000
v 18.300000 9.377536 -1.533183
v 18.300000 9.172226 -1.181488
v 18.300000 9.022147 -0.802915
v 18.300000 8.930711 -0.406077
v 18.300000 8.900000 0.000000
v 18.300000 8.930711 0.406077
v 18.300000 9.022147 0.802915
v 18.300000 9.172226 1.181488
v 18.300000 9.377536 1.533183
v 18.300000 9.633404 1.850000
v 9.300000 13.566596 -1.850000
v 18.300000 13.566596 -1.850000
v 9.300000 13.822464 -1.533183
v 9.300000 14.027774 -1.181488
v 9.300000 14.177853 -0.802915
v 9.300000 14.269289 -0.406077
v 9.300000 14.300000 0.000000
v 9.300000 14.269289 0.406077
v 9.300000 14.177853 0.802915
v 9.300000 14.027774 1.181488
v 9.300000 13.822464 1.533183
v 9.300000 13.566596 1.850000
v 18.300000 13.566596 1.850000
v 18.300000 13.822464 1.533183
v 18.300000 14.027774 1.181488
v 18.300000 14.177853 0.802915
v 18.300000 14.269289 0.406077
v 18.300000 14.300000 0.000000
v 18.300000 14.269289 -0.406077
v 18.300000 14.177853 -0.802915
v 18.300000 14.027774 -1.181488
v 18.300000 13.822464 -1.533183
v 18.300000 10.350000 0.000000
v 18.300000 10.381340 -0.278151
v 18.300000 10.473789 -0.542355
v 18.300000 10.622711 -0.779362
v 18.300000 10.820638 -0.977289
v 18.300000 11.057645 -1.126211
v 18.300000 11.321849 -1.218660
v 18.300000 11.600000 -1.250000
v 18.300000 11.878151 -1.218660
v 18.300000 12.142355 -1.126211
v 18.300000 12.379362 -0.977289
v 18.300000 12.577289 -0.779362
v 18.300000 12.726211 -0.542355
v 18.300000 12.818660 -0.278151
v 18.300000 12.850000 0.000000
v 18.300000 12.818660 0.278151
v 18.300000 12.726211 0.542355
v 18.300000 12.577289 0.779362
v 18.300000 12.379362 0.977289
v 18.300000 12.142355 1.126211
v 18.300000 11.878151 1.218660
v 18.300000 11.600000 1.250000
v 18.300000 11.321849 1.218660
v 18.300000 11.057645 1.126211
v 18.300000 10.820638 0.977289
v 18.300000 10.622711 0.779362
v 18.300000 10.473789 0.542355
v 18.300000 10.381340 0.278151
v 9.300000 10.350000 0.000000
v 9.300000 10.381340 0.278151
v 9.300000 10.473789 0.542355
v 9.300000 10.622711 0.779362
v 9.300000 10.820638 0.977289
v 9.300000 11.057645 1.126211
v 9.300000 11.321849 1.218660
v 9.300000 11.600000 1.250000
v 9.300000 11.878151 1.218660
v 9.300000 12.142355 1.126211
v 9.300000 12.379362 0.977289
v 9.300000 12.577289 0.779362
v 9.300000 12.726211 0.542355
v 9.300000 12.818660 0.278151
v 9.300000 12.850000 0.000000
v 9.300000 12.818660 -0.278151
v 9.300000 12.726211 -0.542355
v 9.300000 12.577289 -0.779362
v 9.300000 12.379362 -0.977289
v 9.300000 12.142355 -1.126211
v 9.300000 11.878151 -1.218660
v 9.300000 11.600000 -1.250000
v 9.300000 11.321849 -1.218660
v 9.300000 11.057645 -1.126211
v 9.300000 10.820638 -0.977289
v 9.300000 10.622711 -0.779362
v 9.300000 10.473789 -0.542355
v 9.300000 10.381340 -0.278151
v 13.800000 11.600000 -1.250000
v 13.800000 10.381340 -0.278151
v 13.800000 10.350000 0.000000
v 13.800000 10.473789 -0.542355
v 13.800000 10.622711 -0.779362
v 13.800000 10.820638 -0.977289
v 13.800000 11.057645 -1.126211
v 13.800000 11.321849 -1.218660
v 13.800000 11.878151 -1.218660
v 13.800000 12.142355 -1.126211
v 13.800000 12.379362 -0.977289
v 13.800000 12.577289 -0.779362
v 13.800000 12.726211 -0.542355
v 13.800000 12.818660 -0.278151
v 13.800000 12.850000 0.000000
v 13.800000 12.818660 0.278151
v 13.800000 12.726211 0.542355
v 13.800000 12.577289 0.779362
v 13.800000 12.379362 0.977289
v 13.800000 12.142355 1.126211
v 13.800000 11.878151 1.218660
v 13.800000 11.600000 1.250000
v 13.800000 11.321849 1.218660
v 13.800000 11.057645 1.126211
v 13.800000 10.820638 0.977289
v 13.800000 10.622711 0.779362
v 13.800000 10.473789 0.542355
v 13.800000 10.381340 0.278151
vt -0.000000 -0.220303 0.000000
vt -0.900000 -0.220303 0.000000
vt -0.000000 -0.261066 0.000000
vt -0.900000 -0.261066 0.000000
vt -0.000000 -0.301828 0.000000
vt -0.900000 -0.301828 0.000000
vt -0.000000 -0.342590 0.000000
vt -0.900000 -0.342590 0.000000
vt -0.000000 -0.383353 0.000000
vt -0.900000 -0.383353 0.000000
vt -0.000000 -0.424115 0.000000
vt -0.900000 -0.424115 0.000000
vt -0.000000 -0.464877 0.000000
vt -0.900000 -0.464877 0.000000
vt -0.000000 -0.505640 0.000000
vt -0.900000 -0.505640 0.000000
vt -0.000000 -0.546402 0.000000
vt -0.900000 -0.546402 0.000000
vt -0.000000 -0.587164 0.000000
vt -0.900000 -0.587164 0.000000
vt -0.000000 -0.627927 0.000000
vt -0.900000 -0.627927 0.000000
vt 0.900000 0.393319 0.000000
vt -0.000000 0.393319 0.000000
vt 0.900000 -0.000000 0.000000
vt -0.000000 -0.000000 0.000000
vt -0.000000 0.627927 0.000000
vt -0.900000 0.627927 0.000000
vt -0.000000 0.587164 0.000000
vt -0.900000 0.587164 0.000000
vt -0.000000 0.546402 0.000000
vt -0.900000 0.546402 0.000000
vt -0.000000 0.505640 0.000000
vt -0.900000 0.505640 0.000000
vt -0.000000 0.464877 0.000000
vt -0.900000 0.464877 0.000000
vt -0.000000 0.424115 0.000000
vt -0.900000 0.424115 0.000000
vt 0.000000 0.383353 0.000000
vt -0.900000 0.383353 0.000000
vt 0.000000 0.342590 0.000000
vt -0.900000 0.342590 0.000000
vt 0.000000 0.301828 0.000000
vt -0.900000 0.301828 0.000000
vt 0.000000 0.261066 0.000000
vt -0.900000 0.261066 0.000000
vt -0.000000 0.220303 0.000000
vt -0.900000 0.220303 0.000000
vt -0.900000 -0.393319 0.000000
vt 0.000000 -0.393319 0.000000
vt -0.900000 0.000000 0.000000
vt -0.000000 0.000000 0.000000
vt 0.000000 -0.224399 0.000000
vt 0.450000 -0.224399 0.000000
vt 0.000000 -0.196350 0.000000
vt 0.450000 -0.196350 0.000000
vt 0.000000 -0.168300 0.000000
vt 0.450000 -0.168300 0.000000
vt 0.000000 -0.140250 0.000000
vt 0.450000 -0.140250 0.000000
vt 0.000000 -0.112200 0.000000
vt 0.450000 -0.112200 0.000000
vt 0.000000 -0.084150 0.000000
vt 0.450000 -0.084150 0.000000
vt 0.000000 -0.056100 0.000000
vt 0.450000 -0.056100 0.000000
vt 0.000000 -0.028050 0.000000
vt 0.450000 -0.028050 0.000000
vt -0.000000 0.000000 0.000000
vt 0.450000 0.000000 0.000000
vt -0.000000 0.028050 0.000000
vt 0.450000 0.028050 0.000000
vt -0.000000 0.056100 0.000000
vt 0.450000 0.056100 0.000000
vt -0.000000 0.084150 0.000000
vt 0.450000 0.084150 0.000000
vt 0.000000 0.112200 0.000000
vt 0.450000 0.112200 0.000000
vt -0.000000 0.140250 0.000000
vt 0.450000 0.140250 0.000000
vt 0.000000 0.168300 0.000000
vt 0.450000 0.168300 0.000000
vt 0.000000 0.196350 0.000000
vt 0.450000 0.196350 0.000000
vt 0.000000 0.224399 0.000000
vt 0.450000 0.224399 0.000000
vt 0.000000 0.252449 0.000000
vt 0.450000 0.252449 0.000000
vt 0.000000 0.280499 0.000000
vt 0.450000 0.280499 0.000000
vt 0.000000 0.308549 0.000000
vt 0.450000 0.308549 0.000000
vt 0.000000 0.336599 0.000000
vt 0.450000 0.336599 0.000000
vt 0.000000 0.364649 0.000000
vt 0.450000 0.364649 0.000000
vt 0.000000 0.392699 0.000000
vt 0.450000 0.392699 0.000000
vt 0.000000 -0.392699 0.000000
vt 0.450000 -0.392699 0.000000
vt 0.000000 -0.364649 0.000000
vt 0.450000 -0.364649 0.000000
vt 0.000000 -0.336599 0.000000
vt 0.450000 -0.336599 0.000000
vt 0.000000 -0.308549 0.000000
vt 0.450000 -0.308549 0.000000
vt 0.000000 -0.280499 0.000000
vt 0.450000 -0.280499 0.000000
vt 0.000000 -0.252449 0.000000
vt 0.450000 -0.252449 0.000000
vt 0.900000 -0.168300 0.000000
vt 0.900000 -0.196350 0.000000
vt 0.900000 -0.224399 0.000000
vt 0.900000 -0.252449 0.000000
vt 0.900000 -0.280499 0.000000
vt 0.900000 -0.308549 0.000000
vt 0.900000 -0.336599 0.000000
vt 0.900000 -0.364649 0.000000
vt 0.900000 -0.392699 0.000000
vt 0.900000 0.392699 0.000000
vt 0.900000 0.364649 0.000000
vt 0.900000 0.336599 0.000000
vt 0.900000 0.308549 0.000000
vt 0.900000 0.280499 0.000000
vt 0.900000 0.252449 0.000000
vt 0.900000 0.224399 0.000000
vt 0.900000 0.196350 0.000000
vt 0.900000 0.168300 0.000000
vt 0.900000 0.140250 0.000000
vt 0.900000 0.112200 0.000000
vt 0.900000 0.084150 0.000000
vt 0.900000 0.056100 0.000000
vt 0.900000 0.028050 0.000000
vt 0.900000 0.000000 0.000000
vt 0.900000 -0.028050 0.000000
vt 0.900000 -0.056100 0.000000
vt 0.900000 -0.084150 0.000000
vt 0.900000 -0.112200 0.000000
vt 0.900000 -0.140250 0.000000
vt -0.153318 -0.222246 0.000000
vt -0.097729 -0.077936 0.000000
vt -0.185000 -0.196660 0.000000
vt -0.112621 -0.054235 0.000000
vt -0.121866 -0.027815 0.000000
vt -0.077936 -0.097729 0.000000
vt -0.118149 -0.242777 0.000000
vt -0.054235 -0.112621 0.000000
vt -0.080292 -0.257785 0.000000
vt -0.027815 -0.121866 0.000000
vt -0.040608 -0.266929 0.000000
vt -0.000000 -0.125000 0.000000
vt -0.000000 -0.270000 0.000000
vt 0.040608 -0.266929 0.000000
vt 0.027815 -0.121866 0.000000
vt 0.080292 -0.257785 0.000000
vt 0.054235 -0.112621 0.000000
vt 0.118149 -0.242777 0.000000
vt 0.077936 -0.097729 0.000000
vt 0.153318 -0.222246 0.000000
vt 0.097729 -0.077936 0.000000
vt 0.185000 -0.196660 0.000000
vt 0.112621 -0.054235 0.000000
vt 0.121866 -0.027815 0.000000
vt 0.125000 0.000000 0.000000
vt 0.185000 0.196660 0.000000
vt 0.121866 0.027815 0.000000
vt 0.112621 0.054235 0.000000
vt 0.097729 0.077936 0.000000
vt 0.153318 0.222246 0.000000
vt 0.077936 0.097729 0.000000
vt 0.118149 0.242777 0.000000
vt 0.054235 0.112621 0.000000
vt 0.080292 0.257785 0.000000
vt 0.027815 0.121866 0.000000
vt 0.040608 0.266929 0.000000
vt 0.000000 0.125000 0.000000
vt 0.000000 0.270000 0.000000
vt -0.040608 0.266929 0.000000
vt -0.027815 0.121866 0.000000
vt -0.080292 0.257785 0.000000
vt -0.054235 0.112621 0.000000
vt -0.118149 0.242777 0.000000
vt -0.077936 0.097729 0.000000
vt -0.153318 0.222246 0.000000
vt -0.097729 0.077936 0.000000
vt -0.185000 0.196660 0.000000
vt -0.112621 0.054235 0.000000
vt -0.121866 0.027815 0.000000
vt -0.125000 0.000000 0.000000
vt -0.153318 -0.222246 0.000000
vt -0.097729 -0.077936 0.000000
vt -0.185000 -0.196660 0.000000
vt -0.112621 -0.054235 0.000000
vt -0.121866 -0.027815 0.000000
vt -0.077936 -0.097729 0.000000
vt -0.118149 -0.242777 0.000000
vt -0.054235 -0.112621 0.000000
vt -0.080292 -0.257785 0.000000
vt -0.027815 -0.121866 0.000000
vt -0.040608 -0.266929 0.000000
vt 0.000000 -0.125000 0.000000
vt 0.000000 -0.270000 0.000000
vt 0.040608 -0.266929 0.000000
vt 0.027815 -0.121866 0.000000
vt 0.080292 -0.257785 0.000000
vt 0.054235 -0.112621 0.000000
vt 0.118149 -0.242777 0.000000
vt 0.077936 -0.097729 0.000000
vt 0.153318 -0.222246 0.000000
vt 0.097729 -0.077936 0.000000
vt 0.185000 -0.196660 0.000000
vt 0.112621 -0.054235 0.000000
vt 0.121866 -0.027815 0.000000
vt 0.125000 0.000000 0.000000
vt 0.185000 0.196660 0.000000
vt 0.121866 0.027815 0.000000
vt 0.112621 0.054235 0.000000
vt 0.097729 0.077936 0.000000
vt 0.153318 0.222246 0.000000
vt 0.077936 0.097729 0.000000
vt 0.118149 0.242777 0.000000
vt 0.054235 0.112621 0.000000
vt 0.080292 0.257785 0.000000
vt 0.027815 0.121866 0.000000
vt 0.040608 0.266929 0.000000
vt -0.000000 0.125000 0.000000
vt -0.000000 0.270000 0.000000
vt -0.040608 0.266929 0.000000
vt -0.027815 0.121866 0.000000
vt -0.080292 0.257785 0.000000
vt -0.054235 0.112621 0.000000
vt -0.118149 0.242777 0.000000
vt -0.077936 0.097729 0.000000
vt -0.153318 0.222246 0.000000
vt -0.097729 0.077936 0.000000
vt -0.185000 0.196660 0.000000
vt -0.112621 0.054235 0.000000
vt -0.121866 0.027815 0.000000
vt -0.125000 0.000000 0.000000
vn 0.000000 -0.072837 0.068519
vn 0.000000 -0.072837 0.068519
vn 0.000000 -0.082313 0.056785
vn 0.000000 -0.082313 0.056785
vn 0.000000 -0.089918 0.043759
vn 0.000000 -0.089918 0.043759
vn 0.000000 -0.095476 0.029738
vn 0.000000 -0.095476 0.029738
vn 0.000000 -0.098863 0.015040
vn 0.000000 -0.098863 0.015040
vn 0.000000 -0.100000 0.000000
vn 0.000000 -0.100000 0.000000
vn 0.000000 -0.098863 -0.015040
vn 0.000000 -0.098863 -0.015040
vn 0.000000 -0.095476 -0.029738
vn 0.000000 -0.095476 -0.029738
vn 0.000000 -0.089918 -0.043759
vn 0.000000 -0.089918 -0.043759
vn 0.000000 -0.082313 -0.056785
vn 0.000000 -0.082313 -0.056785
vn 0.000000 -0.072837 -0.068519
vn 0.000000 -0.072837 -0.068519
vn 0.000000 0.000000 -0.100000
vn 0.000000 0.000000 -0.100000
vn 0.000000 0.000000 -0.100000
vn 0.000000 0.000000 -0.100000
vn 0.000000 0.072837 -0.068519
vn 0.000000 0.072837 -0.068519
vn 0.000000 0.082313 -0.056785
vn 0.000000 0.082313 -0.056785
vn 0.000000 0.089918 -0.043759
vn 0.000000 0.089918 -0.043759
vn 0.000000 0.095476 -0.029738
vn 0.000000 0.095476 -0.029738
vn 0.000000 0.098863 -0.015040
vn 0.000000 0.098863 -0.015040
vn 0.000000 0.100000 -0.000000
vn 0.000000 0.100000 -0.000000
vn 0.000000 0.098863 0.015040
vn 0.000000 0.098863 0.015040
vn 0.000000 0.095476 0.029738
vn 0.000000 0.095476 0.029738
vn 0.000000 0.089918 0.043759
vn 0.000000 0.089918 0.043759
vn 0.000000 0.082313 0.056785
vn 0.000000 0.082313 0.056785
vn 0.000000 0.072837 0.068519
vn 0.000000 0.072837 0.068519
vn 0.000000 0.000000 0.100000
vn 0.000000 0.000000 0.100000
vn 0.000000 0.000000 0.100000
vn 0.000000 0.000000 0.100000
vn 0.000000 0.097493 0.022252
vn 0.000000 0.097493 0.022252
vn -0.000000 0.100000 -0.000000
vn -0.000000 0.100000 -0.000000
vn -0.000000 0.097493 -0.022252
vn -0.000000 0.097493 -0.022252
vn -0.000000 0.090097 -0.043388
vn -0.000000 0.090097 -0.043388
vn -0.000000 0.078183 -0.062349
vn -0.000000 0.078183 -0.062349
vn -0.000000 0.062349 -0.078183
vn -0.000000 0.062349 -0.078183
vn -0.000000 0.043388 -0.090097
vn -0.000000 0.043388 -0.090097
vn -0.000000 0.022252 -0.097493
vn -0.000000 0.022252 -0.097493
vn -0.000000 0.000000 -0.100000
vn -0.000000 0.000000 -0.100000
vn 0.000000 -0.022252 -0.097493
vn 0.000000 -0.022252 -0.097493
vn 0.000000 -0.043388 -0.090097
vn 0.000000 -0.043388 -0.090097
vn 0.000000 -0.062349 -0.078183
vn 0.000000 -0.062349 -0.078183
vn 0.000000 -0.078183 -0.062349
vn 0.000000 -0.078183 -0.062349
vn 0.000000 -0.090097 -0.043388
vn 0.000000 -0.090097 -0.043388
vn 0.000000 -0.097493 -0.022252
vn 0.000000 -0.097493 -0.022252
vn 0.000000 -0.100000 0.000000
vn 0.000000 -0.100000 0.000000
vn 0.000000 -0.097493 0.022252
vn 0.000000 -0.097493 0.022252
vn 0.000000 -0.090097 0.043388
vn 0.000000 -0.090097 0.043388
vn 0.000000 -0.078183 0.062349
vn 0.000000 -0.078183 0.062349
vn 0.000000 -0.062349 0.078183
vn 0.000000 -0.062349 0.078183
vn 0.000000 -0.043388 0.090097
vn 0.000000 -0.043388 0.090097
vn 0.000000 -0.022252 0.097493
vn 0.000000 -0.022252 0.097493
vn 0.000000 -0.000000 0.100000
vn 0.000000 -0.000000 0.100000
vn 0.000000 0.022252 0.097493
vn 0.000000 0.022252 0.097493
vn 0.000000 0.043388 0.090097
vn 0.000000 0.043388 0.090097
vn 0.000000 0.062349 0.078183
vn 0.000000 0.062349 0.078183
vn 0.000000 0.078183 0.062349
vn 0.000000 0.078183 0.062349
vn 0.000000 0.090097 0.043388
vn 0.000000 0.090097 0.043388
vn -0.000000 0.097493 -0.022252
vn -0.000000 0.100000 -0.000000
vn 0.000000 0.097493 0.022252
vn 0.000000 0.090097 0.043388
vn 0.000000 0.078183 0.062349
vn 0.000000 0.062349 0.078183
vn 0.000000 0.043388 0.090097
vn 0.000000 0.022252 0.097493
vn 0.000000 0.000000 0.100000
vn 0.000000 -0.022252 0.097493
vn 0.000000 -0.043388 0.090097
vn 0.000000 -0.062349 0.078183
vn 0.000000 -0.078183 0.062349
vn 0.000000 -0.090097 0.043388
vn 0.000000 -0.097493 0.022252
vn 0.000000 -0.100000 0.000000
vn 0.000000 -0.097493 -0.022252
vn 0.000000 -0.090097 -0.043388
vn 0.000000 -0.078183 -0.062349
vn 0.000000 -0.062349 -0.078183
vn 0.000000 -0.043388 -0.090097
vn 0.000000 -0.022252 -0.097493
vn -0.000000 0.000000 -0.100000
vn -0.000000 0.022252 -0.097493
vn -0.000000 0.043388 -0.090097
vn -0.000000 0.062349 -0.078183
vn -0.000000 0.078183 -0.062349
vn -0.000000 0.090097 -0.043388
vn 0.100000 0.000000 0.000000
vn 0.100000 0.000000 0.000000
vn 0.100000 0.000000 0.000000
vn 0.100000 0.000000 0.000000
vn 0.100000 0.000000 0.000000
vn 0.100000 0.000000 0.000000
vn 0.100000 0.000000 0.000000
vn 0.100000 0.000000 0.000000
vn 0.100000 0.000000 0.000000
vn 0.100000 0.000000 0.000000
vn 0.100000 0.000000 0.000000
vn 0.100000 0.000000 0.000000
vn 0.100000 0.000000 0.000000
vn 0.100000 0.000000 0.000000
vn 0.100000 0.000000 0.000000
vn 0.100000 0.000000 0.000000
vn 0.100000 0.000000 0.000000
vn 0.100000 0.000000 0.000000
vn 0.100000 0.000000 0.000000
vn 0.100000 0.000000 0.000000
vn 0.100000 0.000000 0.000000
vn 0.100000 0.000000 0.000000
vn 0.100000 0.000000 0.000000
vn 0.100000 0.000000 0.000000
vn 0.100000 0.000000 0.000000
vn 0.100000 0.000000 0.000000
vn 0.100000 0.000000 0.000000
vn 0.100000 0.000000 0.000000
vn 0.100000 0.000000 0.000000
vn 0.100000 0.000000 0.000000
vn 0.100000 0.000000 0.000000
vn 0.100000 0.000000 0.000000
vn 0.100000 0.000000 0.000000
vn 0.100000 0.000000 0.000000
vn 0.100000 0.000000 0.000000
vn 0.100000 0.000000 0.000000
vn 0.100000 0.000000 0.000000
vn 0.100000 0.000000 0.000000
vn 0.100000 0.000000 0.000000
vn 0.100000 0.000000 0.000000
vn 0.100000 0.000000 0.000000
vn 0.100000 0.000000 0.000000
vn 0.100000 0.000000 0.000000
vn 0.100000 0.000000 0.000000
vn 0.100000 0.000000 0.000000
vn 0.100000 0.000000 0.000000
vn 0.100000 0.000000 0.000000
vn 0.100000 0.000000 0.000000
vn 0.100000 0.000000 0.000000
vn 0.100000 0.000000 0.000000
vn -0.100000 0.000000 0.000000
vn -0.100000 0.000000 0.000000
vn -0.100000 0.000000 0.000000
vn -0.100000 0.000000 0.000000
vn -0.100000 0.000000 0.000000
vn -0.100000 0.000000 0.000000
vn -0.100000 0.000000 0.000000
vn -0.100000 0.000000 0.000000
vn -0.100000 0.000000 0.000000
vn -0.100000 0.000000 0.000000
vn -0.100000 0.000000 0.000000
vn -0.100000 0.000000 0.000000
vn -0.100000 0.000000 0.000000
vn -0.100000 0.000000 0.000000
vn -0.100000 0.000000 0.000000
vn -0.100000 0.000000 0.000000
vn -0.100000 0.000000 0.000000
vn -0.100000 0.000000 0.000000
vn -0.100000 0.000000 0.000000
vn -0.100000 0.000000 0.000000
vn -0.100000 0.000000 0.000000
vn -0.100000 0.000000 0.000000
vn -0.100000 0.000000 0.000000
vn -0.100000 0.000000 0.000000
vn -0.100000 0.000000 0.000000
vn -0.100000 0.000000 0.000000
vn -0.100000 0.000000 0.000000
vn -0.100000 0.000000 0.000000
vn -0.100000 0.000000 0.000000
vn -0.100000 0.000000 0.000000
vn -0.100000 0.000000 0.000000
vn -0.100000 0.000000 0.000000
vn -0.100000 0.000000 0.000000
vn -0.100000 0.000000 0.000000
vn -0.100000 0.000000 0.000000
vn -0.100000 0.000000 0.000000
vn -0.100000 0.000000 0.000000
vn -0.100000 0.000000 0.000000
vn -0.100000 0.000000 0.000000
vn -0.100000 0.000000 0.000000
vn -0.100000 0.000000 0.000000
vn -0.100000 0.000000 0.000000
vn -0.100000 0.000000 0.000000
vn -0.100000 0.000000 0.000000
vn -0.100000 0.000000 0.000000
vn -0.100000 0.000000 0.000000
vn -0.100000 0.000000 0.000000
vn -0.100000 0.000000 0.000000
vn -0.100000 0.000000 0.000000
vn -0.100000 0.000000 0.000000
usemtl Opaque(223,223,223)
f 90/147/145 69/148/146 89/149/147
f 89/149/147 69/148/146 70/150/148
f 89/149/147 70/150/148 88/151/149
f 88/151/149 70/150/148 71/152/150
f 88/151/149 71/152/150 87/153/151
f 87/153/151 71/152/150 72/154/152
f 87/153/151 72/154/152 86/155/153
f 86/155/153 72/154/152 73/156/154
f 86/155/153 73/156/154 85/157/155
f 85/157/155 73/156/154 74/158/156
f 85/157/155 74/158/156 84/159/157
f 84/159/157 74/158/156 75/160/158
f 84/159/157 75/160/158 83/161/159
f 83/161/159 75/160/158 76/162/160
f 83/161/159 76/162/160 82/163/161
f 82/163/161 76/162/160 77/164/162
f 82/163/161 77/164/162 81/165/163
f 81/165/163 77/164/162 78/166/164
f 81/165/163 78/166/164 80/167/165
f 80/167/165 78/166/164 79/168/166
f 91/169/167 92/170/168 79/171/169
f 79/171/169 92/170/168 80/172/170
f 92/173/171 91/174/172 112/175/173
f 112/175/173 91/174/172 93/176/174
f 112/175/173 93/176/174 111/177/175
f 111/177/175 93/176/174 94/178/176
f 111/177/175 94/178/176 110/179/177
f 110/179/177 94/178/176 95/180/178
f 110/179/177 95/180/178 109/181/179
f 109/181/179 95/180/178 96/182/180
f 109/181/179 96/182/180 108/183/181
f 108/183/181 96/182/180 97/184/182
f 108/183/181 97/184/182 107/185/183
f 107/185/183 97/184/182 98/186/184
f 107/185/183 98/186/184 106/187/185
f 106/187/185 98/186/184 99/188/186
f 106/187/185 99/188/186 105/189/187
f 105/189/187 99/188/186 100/190/188
f 105/189/187 100/190/188 104/191/189
f 104/191/189 100/190/188 101/192/190
f 104/191/189 101/192/190 103/193/191
f 103/193/191 101/192/190 102/194/192
f 69/195/193 90/196/194 102/197/195
f 102/197/195 90/196/194 103/198/196
f 114/199/197 170/200/198 113/201/199
f 113/201/199 170/200/198 171/202/200
f 113/201/199 171/202/200 140/203/201
f 140/203/201 171/202/200 196/204/202
f 140/203/201 196/204/202 139/205/203
f 139/205/203 196/204/202 195/206/204
f 139/205/203 195/206/204 138/207/205
f 138/207/205 195/206/204 194/208/206
f 138/207/205 194/208/206 137/209/207
f 137/209/207 194/208/206 193/210/208
f 137/209/207 193/210/208 136/211/209
f 136/211/209 193/210/208 192/212/210
f 136/211/209 192/212/210 135/213/211
f 135/213/211 192/212/210 191/214/212
f 135/213/211 191/214/212 134/215/213
f 134/215/213 191/214/212 190/216/214
f 134/215/213 190/216/214 133/217/215
f 133/217/215 190/216/214 189/218/216
f 133/217/215 189/218/216 132/219/217
f 132/219/217 189/218/216 188/220/218
f 132/219/217 188/220/218 131/221/219
f 131/221/219 188/220/218 187/222/220
f 131/221/219 187/222/220 130/223/221
f 130/223/221 187/222/220 186/224/222
f 130/223/221 186/224/222 129/225/223
f 129/225/223 186/224/222 185/226/224
f 129/225/223 185/226/224 128/227/225
f 128/227/225 185/226/224 184/228/226
f 128/227/225 184/228/226 127/229/227
f 127/229/227 184/228/226 183/230/228
f 127/229/227 183/230/228 126/231/229
f 126/231/229 183/230/228 182/232/230
f 126/231/229 182/232/230 125/233/231
f 125/233/231 182/232/230 181/234/232
f 125/233/231 181/234/232 124/235/233
f 124/235/233 181/234/232 180/236/234
f 124/235/233 180/236/234 123/237/235
f 123/237/235 180/236/234 179/238/236
f 123/237/235 179/238/236 122/239/237
f 122/239/237 179/238/236 178/240/238
f 122/239/237 178/240/238 121/241/239
f 121/241/239 178/240/238 177/242/240
f 121/241/239 177/242/240 120/243/241
f 120/243/241 177/242/240 169/244/242
f 120/245/241 169/246/242 119/247/243
f 119/247/243 169/246/242 176/248/244
f 119/247/243 176/248/244 118/249/245
f 118/249/245 176/248/244 175/250/246
f 118/249/245 175/250/246 117/251/247
f 117/251/247 175/250/246 174/252/248
f 117/251/247 174/252/248 116/253/249
f 116/253/249 174/252/248 173/254/250
f 116/253/249 173/254/250 115/255/251
f 115/255/251 173/254/250 172/256/252
f 115/255/251 172/256/252 114/199/197
f 114/199/197 172/256/252 170/200/198
f 142/257/253 196/204/202 141/258/254
f 141/258/254 196/204/202 171/202/200
f 141/258/254 171/202/200 168/259/255
f 168/259/255 171/202/200 170/200/198
f 168/259/255 170/200/198 167/260/256
f 167/260/256 170/200/198 172/256/252
f 167/260/256 172/256/252 166/261/257
f 166/261/257 172/256/252 173/254/250
f 166/261/257 173/254/250 165/262/258
f 165/262/258 173/254/250 174/252/248
f 165/262/258 174/252/248 164/263/259
f 164/263/259 174/252/248 175/250/246
f 164/263/259 175/250/246 163/264/260
f 163/264/260 175/250/246 176/248/244
f 163/264/260 176/248/244 162/265/261
f 162/265/261 176/248/244 169/246/242
f 162/266/261 169/244/242 161/267/262
f 161/267/262 169/244/242 177/242/240
f 161/267/262 177/242/240 160/268/263
f 160/268/263 177/242/240 178/240/238
f 160/268/263 178/240/238 159/269/264
f 159/269/264 178/240/238 179/238/236
f 159/269/264 179/238/236 158/270/265
f 158/270/265 179/238/236 180/236/234
f 158/270/265 180/236/234 157/271/266
f 157/271/266 180/236/234 181/234/232
f 157/271/266 181/234/232 156/272/267
f 156/272/267 181/234/232 182/232/230
f 156/272/267 182/232/230 155/273/268
f 155/273/268 182/232/230 183/230/228
f 155/273/268 183/230/228 154/274/269
f 154/274/269 183/230/228 184/228/226
f 154/274/269 184/228/226 153/275/270
f 153/275/270 184/228/226 185/226/224
f 153/275/270 185/226/224 152/276/271
f 152/276/271 185/226/224 186/224/222
f 152/276/271 186/224/222 151/277/272
f 151/277/272 186/224/222 187/222/220
f 151/277/272 187/222/220 150/278/273
f 150/278/273 187/222/220 188/220/218
f 150/278/273 188/220/218 149/279/274
f 149/279/274 188/220/218 189/218/216
f 149/279/274 189/218/216 148/280/275
f 148/280/275 189/218/216 190/216/214
f 148/280/275 190/216/214 147/281/276
f 147/281/276 190/216/214 191/214/212
f 147/281/276 191/214/212 146/282/277
f 146/282/277 191/214/212 192/212/210
f 146/282/277 192/212/210 145/283/278
f 145/283/278 192/212/210 193/210/208
f 145/283/278 193/210/208 144/284/279
f 144/284/279 193/210/208 194/208/206
f 144/284/279 194/208/206 143/285/280
f 143/285/280 194/208/206 195/206/204
f 143/285/280 195/206/204 142/257/253
f 142/257/253 195/206/204 196/204/202
f 89/286/281 137/287/282 90/288/283
f 90/288/283 137/287/282 136/289/284
f 90/288/283 136/289/284 135/290/285
f 137/287/282 89/286/281 138/291/286
f 138/291/286 89/286/281 88/292/287
f 138/291/286 88/292/287 139/293/288
f 139/293/288 88/292/287 87/294/289
f 139/293/288 87/294/289 140/295/290
f 140/295/290 87/294/289 86/296/291
f 140/295/290 86/296/291 113/297/292
f 113/297/292 86/296/291 85/298/293
f 113/297/292 85/298/293 84/299/294
f 113/297/292 84/299/294 114/300/295
f 114/300/295 84/299/294 83/301/296
f 114/300/295 83/301/296 115/302/297
f 115/302/297 83/301/296 82/303/298
f 115/302/297 82/303/298 116/304/299
f 116/304/299 82/303/298 81/305/300
f 116/304/299 81/305/300 117/306/301
f 117/306/301 81/305/300 80/307/302
f 117/306/301 80/307/302 118/308/303
f 118/308/303 80/307/302 119/309/304
f 119/309/304 80/307/302 120/310/305
f 120/310/305 80/307/302 92/311/306
f 120/310/305 92/311/306 121/312/307
f 121/312/307 92/311/306 122/313/308
f 122/313/308 92/311/306 123/314/309
f 123/314/309 92/311/306 112/315/310
f 123/314/309 112/315/310 124/316/311
f 124/316/311 112/315/310 111/317/312
f 124/316/311 111/317/312 125/318/313
f 125/318/313 111/317/312 110/319/314
f 125/318/313 110/319/314 126/320/315
f 126/320/315 110/319/314 109/321/316
f 126/320/315 109/321/316 127/322/317
f 127/322/317 109/321/316 108/323/318
f 127/322/317 108/323/318 107/324/319
f 127/322/317 107/324/319 128/325/320
f 128/325/320 107/324/319 106/326/321
f 128/325/320 106/326/321 129/327/322
f 129/327/322 106/326/321 105/328/323
f 129/327/322 105/328/323 130/329/324
f 130/329/324 105/328/323 104/330/325
f 130/329/324 104/330/325 131/331/326
f 131/331/326 104/330/325 103/332/327
f 131/331/326 103/332/327 132/333/328
f 132/333/328 103/332/327 133/334/329
f 133/334/329 103/332/327 134/335/330
f 134/335/330 103/332/327 90/288/283
f 134/335/330 90/288/283 135/290/285
f 78/336/331 165/337/332 79/338/333
f 79/338/333 165/337/332 164/339/334
f 79/338/333 164/339/334 163/340/335
f 165/337/332 78/336/331 166/341/336
f 166/341/336 78/336/331 77/342/337
f 166/341/336 77/342/337 167/343/338
f 167/343/338 77/342/337 76/344/339
f 167/343/338 76/344/339 168/345/340
f 168/345/340 76/344/339 75/346/341
f 168/345/340 75/346/341 141/347/342
f 141/347/342 75/346/341 74/348/343
f 141/347/342 74/348/343 73/349/344
f 141/347/342 73/349/344 142/350/345
f 142/350/345 73/349/344 72/351/346
f 142/350/345 72/351/346 143/352/347
f 143/352/347 72/351/346 71/353/348
f 143/352/347 71/353/348 144/354/349
f 144/354/349 71/353/348 70/355/350
f 144/354/349 70/355/350 145/356/351
f 145/356/351 70/355/350 69/357/352
f 145/356/351 69/357/352 146/358/353
f 146/358/353 69/357/352 147/359/354
f 147/359/354 69/357/352 148/360/355
f 148/360/355 69/357/352 102/361/356
f 148/360/355 102/361/356 149/362/357
f 149/362/357 102/361/356 150/363/358
f 150/363/358 102/361/356 151/364/359
f 151/364/359 102/361/356 101/365/360
f 151/364/359 101/365/360 152/366/361
f 152/366/361 101/365/360 100/367/362
f 152/366/361 100/367/362 153/368/363
f 153/368/363 100/367/362 99/369/364
f 153/368/363 99/369/364 154/370/365
f 154/370/365 99/369/364 98/371/366
f 154/370/365 98/371/366 155/372/367
f 155/372/367 98/371/366 97/373/368
f 155/372/367 97/373/368 96/374/369
f 155/372/367 96/374/369 156/375/370
f 156/375/370 96/374/369 95/376/371
f 156/375/370 95/376/371 157/377/372
f 157/377/372 95/376/371 94/378/373
f 157/377/372 94/378/373 158/379/374
f 158/379/374 94/378/373 93/380/375
f 158/379/374 93/380/375 159/381/376
f 159/381/376 93/380/375 91/382/377
f 159/381/376 91/382/377 160/383/378
f 160/383/378 91/382/377 161/384/379
f 161/384/379 91/382/377 162/385/380
f 162/385/380 91/382/377 79/338/333
f 162/385/380 79/338/333 163/340/335
g Body3

v -17.000000 62.000000 -8.500000
v -17.000000 62.000000 8.500000
v -17.000000 75.000000 8.500000
v -17.000000 75.000000 -8.500000
v -17.000000 64.000000 7.500000
v -17.000000 64.000000 -7.500000
v -17.000000 69.000000 -7.500000
v -17.000000 69.000000 7.500000
v -9.270537 62.000000 8.500000
v -9.630452 62.000000 8.125461
v -9.973821 62.000000 7.735698
v -10.300000 62.000000 7.331439
v -10.300000 46.000000 7.331439
v -9.739318 46.000000 8.005536
v -9.130911 46.000000 8.636893
v -8.478028 46.000000 9.222141
v -7.784155 46.000000 9.758154
v -7.052996 46.000000 10.242072
v -6.288453 46.000000 10.671311
v -5.494610 46.000000 11.043579
v -4.675703 46.000000 11.356889
v -3.836106 46.000000 11.609568
v -2.980299 46.000000 11.800267
v -2.112853 46.000000 11.927968
v -1.238398 46.000000 11.991989
v -0.361602 46.000000 11.991989
v 0.512853 46.000000 11.927968
v 1.380299 46.000000 11.800267
v 2.236106 46.000000 11.609568
v 3.075703 46.000000 11.356889
v 3.894610 46.000000 11.043579
v 4.688453 46.000000 10.671311
v 5.452996 46.000000 10.242072
v 6.184155 46.000000 9.758154
v 6.878028 46.000000 9.222141
v 7.530911 46.000000 8.636893
v 8.139318 46.000000 8.005536
v 8.700000 46.000000 7.331439
v 8.700000 68.500000 7.331439
v 8.133644 68.500000 8.011867
v 7.518665 68.500000 8.648689
v 6.858410 68.500000 9.238439
v 6.156473 68.500000 9.777908
v 5.416675 68.500000 10.264159
v 4.643041 68.500000 10.694545
v 3.839783 68.500000 11.066725
v 3.011273 68.500000 11.378673
v 2.162018 68.500000 11.628691
v 1.296643 68.500000 11.815417
v 0.419856 68.500000 11.937837
v -0.463570 68.500000 11.995283
v -1.348827 68.500000 11.987443
v -2.231097 68.500000 11.914360
v -3.105578 68.500000 11.776430
v -3.967510 68.500000 11.574406
v -4.812203 68.500000 11.309387
v -5.635059 68.500000 10.982814
v -6.431599 68.500000 10.596466
v -7.197489 68.500000 10.152445
v -7.928559 68.500000 9.653168
v -8.620831 68.500000 9.101352
v -9.270537 68.500000 8.500000
v -9.739318 57.250000 8.005536
v -9.130911 57.250000 8.636893
v -8.478028 57.250000 9.222141
v -7.784155 57.250000 9.758154
v -7.052996 57.250000 10.242072
v -6.288453 57.250000 10.671311
v -5.494610 57.250000 11.043579
v -4.675703 57.250000 11.356889
v -3.836106 57.250000 11.609568
v -2.980299 57.250000 11.800267
v -2.112853 57.250000 11.927968
v -1.238398 57.250000 11.991989
v -0.361602 57.250000 11.991989
v 0.512853 57.250000 11.927968
v 1.380299 57.250000 11.800267
v 2.236106 57.250000 11.609568
v 3.075703 57.250000 11.356889
v 3.894610 57.250000 11.043579
v 4.688453 57.250000 10.671311
v 5.452996 57.250000 10.242072
v 6.184155 57.250000 9.758154
v 6.878028 57.250000 9.222141
v 7.530911 57.250000 8.636893
v 8.136481 57.250000 8.008702
v 8.700000 68.500000 -7.331439
v 8.700000 46.000000 -7.331439
v -10.300000 62.000000 -7.331439
v -9.973821 62.000000 -7.735698
v -9.630452 62.000000 -8.125461
v -9.270537 62.000000 -8.500000
v -9.270537 68.500000 -8.500000
v -8.620831 68.500000 -9.101352
v -7.928559 68.500000 -9.653168
v -7.197489 68.500000 -10.152445
v -6.431599 68.500000 -10.596466
v -5.635059 68.500000 -10.982814
v -4.812203 68.500000 -11.309387
v -3.967510 68.500000 -11.574406
v -3.105578 68.500000 -11.776430
v -2.231097 68.500000 -11.914360
v -1.348827 68.500000 -11.987443
v -0.463570 68.500000 -11.995283
v 0.419856 68.500000 -11.937837
v 1.296643 68.500000 -11.815417
v 2.162018 68.500000 -11.628691
v 3.011273 68.500000 -11.378673
v 3.839783 68.500000 -11.066725
v 4.643041 68.500000 -10.694545
v 5.416675 68.500000 -10.264159
v 6.156473 68.500000 -9.777908
v 6.858410 68.500000 -9.238439
v 7.518665 68.500000 -8.648689
v 8.133644 68.500000 -8.011867
v 8.139318 46.000000 -8.005536
v 7.530911 46.000000 -8.636893
v 6.878028 46.000000 -9.222141
v 6.184155 46.000000 -9.758154
v 5.452996 46.000000 -10.242072
v 4.688453 46.000000 -10.671311
v 3.894610 46.000000 -11.043579
v 3.075703 46.000000 -11.356889
v 2.236106 46.000000 -11.609568
v 1.380299 46.000000 -11.800267
v 0.512853 46.000000 -11.927968
v -0.361602 46.000000 -11.991989
v -1.238398 46.000000 -11.991989
v -2.112853 46.000000 -11.927968
v -2.980299 46.000000 -11.800267
v -3.836106 46.000000 -11.609568
v -4.675703 46.000000 -11.356889
v -5.494610 46.000000 -11.043579
v -6.288453 46.000000 -10.671311
v -7.052996 46.000000 -10.242072
v -7.784155 46.000000 -9.758154
v -8.478028 46.000000 -9.222141
v -9.130911 46.000000 -8.636893
v -9.739318 46.000000 -8.005536
v -10.300000 46.000000 -7.331439
v -9.739318 57.250000 -8.005536
v -9.130911 57.250000 -8.636893
v -8.478028 57.250000 -9.222141
v -7.784155 57.250000 -9.758154
v -7.052996 57.250000 -10.242072
v -6.288453 57.250000 -10.671311
v -5.494610 57.250000 -11.043579
v -4.675703 57.250000 -11.356889
v -3.836106 57.250000 -11.609568
v -2.980299 57.250000 -11.800267
v -2.112853 57.250000 -11.927968
v -1.238398 57.250000 -11.991989
v -0.361602 57.250000 -11.991989
v 0.512853 57.250000 -11.927968
v 1.380299 57.250000 -11.800267
v 2.236106 57.250000 -11.609568
v 3.075703 57.250000 -11.356889
v 3.894610 57.250000 -11.043579
v 4.688453 57.250000 -10.671311
v 5.452996 57.250000 -10.242072
v 6.184155 57.250000 -9.758154
v 6.878028 57.250000 -9.222141
v 7.530911 57.250000 -8.636893
v 8.136481 57.250000 -8.008702
v 7.700000 46.000000 -6.982120
v 7.139294 46.000000 -7.613647
v 6.531790 46.000000 -8.200296
v 5.881070 46.000000 -8.738610
v 5.190970 46.000000 -9.225415
v 4.465556 46.000000 -9.657842
v 3.709106 46.000000 -10.033343
v 2.926077 46.000000 -10.349703
v 2.121085 46.000000 -10.605058
v 1.298876 46.000000 -10.797904
v 0.464295 46.000000 -10.927102
v -0.377739 46.000000 -10.991892
v -1.222261 46.000000 -10.991892
v -2.064295 46.000000 -10.927102
v -2.898876 46.000000 -10.797904
v -3.721085 46.000000 -10.605058
v -4.526077 46.000000 -10.349703
v -5.309106 46.000000 -10.033343
v -6.065556 46.000000 -9.657842
v -6.790970 46.000000 -9.225415
v -7.481070 46.000000 -8.738610
v -8.131790 46.000000 -8.200296
v -8.739294 46.000000 -7.613647
v -9.300000 46.000000 -6.982120
v -9.300000 46.000000 6.982120
v -8.739294 46.000000 7.613647
v -8.131790 46.000000 8.200296
v -7.481070 46.000000 8.738610
v -6.790970 46.000000 9.225415
v -6.065556 46.000000 9.657842
v -5.309106 46.000000 10.033343
v -4.526077 46.000000 10.349703
v -3.721085 46.000000 10.605058
v -2.898876 46.000000 10.797904
v -2.064295 46.000000 10.927102
v -1.222261 46.000000 10.991892
v -0.377739 46.000000 10.991892
v 0.464295 46.000000 10.927102
v 1.298876 46.000000 10.797904
v 2.121085 46.000000 10.605058
v 2.926077 46.000000 10.349703
v 3.709106 46.000000 10.033343
v 4.465556 46.000000 9.657842
v 5.190970 46.000000 9.225415
v 5.881070 46.000000 8.738610
v 6.531790 46.000000 8.200296
v 7.139294 46.000000 7.613647
v 7.700000 46.000000 6.982120
v -7.782120 68.500000 -8.500000
v -7.127391 68.500000 -8.998007
v -6.437276 68.500000 -9.445693
v -5.715636 68.500000 -9.840555
v -4.966505 68.500000 -10.180385
v -4.194074 68.500000 -10.463282
v -3.402661 68.500000 -10.687664
v -2.596693 68.500000 -10.852276
v -1.780678 68.500000 -10.956198
v -0.959178 68.500000 -10.998848
v -0.136788 68.500000 -10.979989
v 0.681893 68.500000 -10.899724
v 1.492287 68.500000 -10.758505
v 2.289861 68.500000 -10.557119
v 3.070156 68.500000 -10.296693
v 3.828807 68.500000 -9.978685
v 4.561572 68.500000 -9.604871
v 5.264353 68.500000 -9.177343
v 5.933219 68.500000 -8.698492
v 6.564431 68.500000 -8.170995
v 7.154458 68.500000 -7.597802
v 7.700000 68.500000 -6.982120
v 7.700000 68.500000 6.982120
v 7.154458 68.500000 7.597802
v 6.564431 68.500000 8.170995
v 5.933219 68.500000 8.698492
v 5.264353 68.500000 9.177343
v 4.561572 68.500000 9.604871
v 3.828807 68.500000 9.978685
v 3.070156 68.500000 10.296693
v 2.289861 68.500000 10.557119
v 1.492287 68.500000 10.758505
v 0.681893 68.500000 10.899724
v -0.136788 68.500000 10.979989
v -0.959178 68.500000 10.998848
v -1.780678 68.500000 10.956198
v -2.596693 68.500000 10.852276
v -3.402661 68.500000 10.687664
v -4.194074 68.500000 10.463282
v -4.966505 68.500000 10.180385
v -5.715636 68.500000 9.840555
v -6.437276 68.500000 9.445693
v -7.127391 68.500000 8.998007
v -7.782120 68.500000 8.500000
v -7.782120 75.000000 -8.500000
v 7.700000 75.000000 -6.982120
v 7.154458 75.000000 -7.597802
v 6.564431 75.000000 -8.170995
v 5.933219 75.000000 -8.698492
v 5.264353 75.000000 -9.177343
v 4.561572 75.000000 -9.604871
v 3.828807 75.000000 -9.978685
v 3.070156 75.000000 -10.296693
v 2.289861 75.000000 -10.557119
v 1.492287 75.000000 -10.758505
v 0.681893 75.000000 -10.899724
v -0.136788 75.000000 -10.979989
v -0.959178 75.000000 -10.998848
v -1.780678 75.000000 -10.956198
v -2.596693 75.000000 -10.852276
v -3.402661 75.000000 -10.687664
v -4.194074 75.000000 -10.463282
v -4.966505 75.000000 -10.180385
v -5.715636 75.000000 -9.840555
v -6.437276 75.000000 -9.445693
v -7.127391 75.000000 -8.998007
v -7.782120 75.000000 8.500000
v -7.127391 75.000000 8.998007
v -6.437276 75.000000 9.445693
v -5.715636 75.000000 9.840555
v -4.966505 75.000000 10.180385
v -4.194074 75.000000 10.463282
v -3.402661 75.000000 10.687664
v -2.596693 75.000000 10.852276
v -1.780678 75.000000 10.956198
v -0.959178 75.000000 10.998848
v -0.136788 75.000000 10.979989
v 0.681893 75.000000 10.899724
v 1.492287 75.000000 10.758505
v 2.289861 75.000000 10.557119
v 3.070156 75.000000 10.296693
v 3.828807 75.000000 9.978685
v 4.561572 75.000000 9.604871
v 5.264353 75.000000 9.177343
v 5.933219 75.000000 8.698492
v 6.564431 75.000000 8.170995
v 7.154458 75.000000 7.597802
v 7.700000 75.000000 6.982120
v 7.700000 37.000000 6.982120
v 7.700000 37.000000 -6.982120
v -9.300000 37.000000 -6.982120
v -9.300000 37.000000 -11.000000
v -9.300000 5.000000 -11.000000
v -9.300000 4.440178 -10.968561
v -9.300000 3.887395 -10.874640
v -9.300000 3.348605 -10.719417
v -9.300000 2.830581 -10.504844
v -9.300000 2.339840 -10.233621
v -9.300000 1.882551 -9.909157
v -9.300000 1.464466 -9.535534
v -9.300000 1.090843 -9.117449
v -9.300000 0.766379 -8.660160
v -9.300000 0.495156 -8.169419
v -9.300000 0.280583 -7.651395
v -9.300000 0.125360 -7.112605
v -9.300000 0.031439 -6.559822
v -9.300000 0.000000 -6.000000
v -9.300000 0.000000 6.000000
v -9.300000 0.031439 6.559822
v -9.300000 0.125360 7.112605
v -9.300000 0.280583 7.651395
v -9.300000 0.495156 8.169419
v -9.300000 0.766379 8.660160
v -9.300000 1.090843 9.117449
v -9.300000 1.464466 9.535534
v -9.300000 1.882551 9.909157
v -9.300000 2.339840 10.233621
v -9.300000 2.830581 10.504844
v -9.300000 3.348605 10.719417
v -9.300000 3.887395 10.874640
v -9.300000 4.440178 10.968561
v -9.300000 5.000000 11.000000
v -9.300000 37.000000 11.000000
v -9.300000 37.000000 6.982120
v -9.300000 29.950000 8.800000
v -9.300000 29.982779 8.488132
v -9.300000 30.079682 8.189895
v -9.300000 30.236475 7.918322
v -9.300000 30.446304 7.685283
v -9.300000 30.700000 7.500962
v -9.300000 30.986475 7.373415
v -9.300000 31.293207 7.308217
v -9.300000 31.606793 7.308217
v -9.300000 31.913525 7.373415
v -9.300000 32.200000 7.500962
v -9.300000 32.453696 7.685283
v -9.300000 32.663525 7.918322
v -9.300000 32.820318 8.189895
v -9.300000 32.917221 8.488132
v -9.300000 32.950000 8.800000
v -9.300000 32.917221 9.111868
v -9.300000 32.820318 9.410105
v -9.300000 32.663525 9.681678
v -9.300000 32.453696 9.914717
v -9.300000 32.200000 10.099038
v -9.300000 31.913525 10.226585
v -9.300000 31.606793 10.291783
v -9.300000 31.293207 10.291783
v -9.300000 30.986475 10.226585
v -9.300000 30.700000 10.099038
v -9.300000 30.446304 9.914717
v -9.300000 30.236475 9.681678
v -9.300000 30.079682 9.410105
v -9.300000 29.982779 9.111868
v -9.300000 29.950000 -8.800000
v -9.300000 29.982779 -9.111868
v -9.300000 30.079682 -9.410105
v -9.300000 30.236475 -9.681678
v -9.300000 30.446304 -9.914717
v -9.300000 30.700000 -10.099038
v -9.300000 30.986475 -10.226585
v -9.300000 31.293207 -10.291783
v -9.300000 31.606793 -10.291783
v -9.300000 31.913525 -10.226585
v -9.300000 32.200000 -10.099038
v -9.300000 32.453696 -9.914717
v -9.300000 32.663525 -9.681678
v -9.300000 32.820318 -9.410105
v -9.300000 32.917221 -9.111868
v -9.300000 32.950000 -8.800000
v -9.300000 32.917221 -8.488132
v -9.300000 32.820318 -8.189895
v -9.300000 32.663525 -7.918322
v -9.300000 32.453696 -7.685283
v -9.300000 32.200000 -7.500962
v -9.300000 31.913525 -7.373415
v -9.300000 31.606793 -7.308217
v -9.300000 31.293207 -7.308217
v -9.300000 30.986475 -7.373415
v -9.300000 30.700000 -7.500962
v -9.300000 30.446304 -7.685283
v -9.300000 30.236475 -7.918322
v -9.300000 30.079682 -8.189895
v -9.300000 29.982779 -8.488132
v 7.163614 37.000000 -7.588204
v 6.584117 37.000000 -8.153209
v 5.964645 37.000000 -8.674075
v 5.308551 37.000000 -9.147983
v 4.619388 37.000000 -9.572368
v 3.900887 37.000000 -9.944931
v 3.156937 37.000000 -10.263657
v 2.391566 37.000000 -10.526819
v 1.608916 37.000000 -10.732992
v 0.813226 37.000000 -10.881062
v 0.008802 37.000000 -10.970225
v -0.800000 37.000000 -11.000000
v -1.608802 37.000000 -10.970225
v -2.413226 37.000000 -10.881062
v -3.208916 37.000000 -10.732992
v -3.991566 37.000000 -10.526819
v -4.756937 37.000000 -10.263657
v -5.500887 37.000000 -9.944931
v -6.219388 37.000000 -9.572368
v -6.908551 37.000000 -9.147983
v -7.564645 37.000000 -8.674075
v -8.184117 37.000000 -8.153209
v -8.763614 37.000000 -7.588204
v -8.763614 37.000000 7.588204
v -8.184117 37.000000 8.153209
v -7.564645 37.000000 8.674075
v -6.908551 37.000000 9.147983
v -6.219388 37.000000 9.572368
v -5.500887 37.000000 9.944931
v -4.756937 37.000000 10.263657
v -3.991566 37.000000 10.526819
v -3.208916 37.000000 10.732992
v -2.413226 37.000000 10.881062
v -1.608802 37.000000 10.970225
v -0.800000 37.000000 11.000000
v 0.008802 37.000000 10.970225
v 0.813226 37.000000 10.881062
v 1.608916 37.000000 10.732992
v 2.391566 37.000000 10.526819
v 3.156937 37.000000 10.263657
v 3.900887 37.000000 9.944931
v 4.619388 37.000000 9.572368
v 5.308551 37.000000 9.147983
v 5.964645 37.000000 8.674075
v 6.584117 37.000000 8.153209
v 7.163614 37.000000 7.588204
v 9.300000 37.000000 -11.000000
v 9.300000 37.000000 11.000000
v 9.300000 0.000000 6.000000
v 9.300000 0.000000 -6.000000
v 9.300000 0.031439 -6.559822
v 9.300000 0.125360 -7.112605
v 9.300000 0.280583 -7.651395
v 9.300000 0.495156 -8.169419
v 9.300000 0.766379 -8.660160
v 9.300000 1.090843 -9.117449
v 9.300000 1.464466 -9.535534
v 9.300000 1.882551 -9.909157
v 9.300000 2.339840 -10.233621
v 9.300000 2.830581 -10.504844
v 9.300000 3.348605 -10.719417
v 9.300000 3.887395 -10.874640
v 9.300000 4.440178 -10.968561
v 9.300000 5.000000 -11.000000
v 9.300000 5.000000 11.000000
v 9.300000 4.440178 10.968561
v 9.300000 3.887395 10.874640
v 9.300000 3.348605 10.719417
v 9.300000 2.830581 10.504844
v 9.300000 2.339840 10.233621
v 9.300000 1.882551 9.909157
v 9.300000 1.464466 9.535534
v 9.300000 1.090843 9.117449
v 9.300000 0.766379 8.660160
v 9.300000 0.495156 8.169419
v 9.300000 0.280583 7.651395
v 9.300000 0.125360 7.112605
v 9.300000 0.031439 6.559822
v 9.300000 29.950000 8.800000
v 9.300000 29.982779 9.111868
v 9.300000 30.079682 9.410105
v 9.300000 30.236475 9.681678
v 9.300000 30.446304 9.914717
v 9.300000 30.700000 10.099038
v 9.300000 30.986475 10.226585
v 9.300000 31.293207 10.291783
v 9.300000 31.606793 10.291783
v 9.300000 31.913525 10.226585
v 9.300000 32.200000 10.099038
v 9.300000 32.453696 9.914717
v 9.300000 32.663525 9.681678
v 9.300000 32.820318 9.410105
v 9.300000 32.917221 9.111868
v 9.300000 32.950000 8.800000
v 9.300000 32.917221 8.488132
v 9.300000 32.820318 8.189895
v 9.300000 32.663525 7.918322
v 9.300000 32.453696 7.685283
v 9.300000 32.200000 7.500962
v 9.300000 31.913525 7.373415
v 9.300000 31.606793 7.308217
v 9.300000 31.293207 7.308217
v 9.300000 30.986475 7.373415
v 9.300000 30.700000 7.500962
v 9.300000 30.446304 7.685283
v 9.300000 30.236475 7.918322
v 9.300000 30.079682 8.189895
v 9.300000 29.982779 8.488132
v 9.300000 29.950000 -8.800000
v 9.300000 29.982779 -8.488132
v 9.300000 30.079682 -8.189895
v 9.300000 30.236475 -7.918322
v 9.300000 30.446304 -7.685283
v 9.300000 30.700000 -7.500962
v 9.300000 30.986475 -7.373415
v 9.300000 31.293207 -7.308217
v 9.300000 31.606793 -7.308217
v 9.300000 31.913525 -7.373415
v 9.300000 32.200000 -7.500962
v 9.300000 32.453696 -7.685283
v 9.300000 32.663525 -7.918322
v 9.300000 32.820318 -8.189895
v 9.300000 32.917221 -8.488132
v 9.300000 32.950000 -8.800000
v 9.300000 32.917221 -9.111868
v 9.300000 32.820318 -9.410105
v 9.300000 32.663525 -9.681678
v 9.300000 32.453696 -9.914717
v 9.300000 32.200000 -10.099038
v 9.300000 31.913525 -10.226585
v 9.300000 31.606793 -10.291783
v 9.300000 31.293207 -10.291783
v 9.300000 30.986475 -10.226585
v 9.300000 30.700000 -10.099038
v 9.300000 30.446304 -9.914717
v 9.300000 30.236475 -9.681678
v 9.300000 30.079682 -9.410105
v 9.300000 29.982779 -9.111868
v 0.000000 4.440178 -10.968561
v 0.000000 3.887395 -10.874640
v 0.000000 3.348605 -10.719417
v 0.000000 2.830581 -10.504844
v 0.000000 2.339840 -10.233621
v 0.000000 1.882551 -9.909157
v 0.000000 1.464466 -9.535534
v 0.000000 1.090843 -9.117449
v 0.000000 0.766379 -8.660160
v 0.000000 0.495156 -8.169419
v 0.000000 0.280583 -7.651395
v 0.000000 0.125360 -7.112605
v 0.000000 0.031439 -6.559822
v -0.000000 0.031439 6.559822
v -0.000000 0.125360 7.112605
v -0.000000 0.280583 7.651395
v -0.000000 0.495156 8.169419
v -0.000000 0.766379 8.660160
v -0.000000 1.090843 9.117449
v -0.000000 1.464466 9.535534
v -0.000000 1.882551 9.909157
v -0.000000 2.339840 10.233621
v -0.000000 2.830581 10.504844
v -0.000000 3.348605 10.719417
v -0.000000 3.887395 10.874640
v -0.000000 4.440178 10.968561
v 3.100000 31.450000 -7.300000
v -3.100000 31.450000 -7.300000
v 3.100000 29.958217 -8.956793
v -3.100000 29.958217 -8.956793
v -3.100000 29.958217 -8.643207
v 3.100000 29.958217 -8.643207
v 3.100000 30.023415 -9.263525
v -3.100000 30.023415 -9.263525
v 3.100000 30.150962 -9.550000
v -3.100000 30.150962 -9.550000
v 3.100000 30.335283 -9.803696
v -3.100000 30.335283 -9.803696
v 3.100000 30.568322 -10.013525
v -3.100000 30.568322 -10.013525
v 3.100000 30.839895 -10.170318
v -3.100000 30.839895 -10.170318
v 3.100000 31.138132 -10.267221
v -3.100000 31.138132 -10.267221
v 3.100000 31.450000 -10.300000
v -3.100000 31.450000 -10.300000
v 3.100000 31.761868 -10.267221
v -3.100000 31.761868 -10.267221
v 3.100000 32.060105 -10.170318
v -3.100000 32.060105 -10.170318
v 3.100000 32.331678 -10.013525
v -3.100000 32.331678 -10.013525
v 3.100000 32.564717 -9.803696
v -3.100000 32.564717 -9.803696
v 3.100000 32.749038 -9.550000
v -3.100000 32.749038 -9.550000
v 3.100000 32.876585 -9.263525
v -3.100000 32.876585 -9.263525
v 3.100000 32.941783 -8.956793
v -3.100000 32.941783 -8.956793
v 3.100000 32.941783 -8.643207
v -3.100000 32.941783 -8.643207
v 3.100000 32.876585 -8.336475
v -3.100000 32.876585 -8.336475
v 3.100000 32.749038 -8.050000
v -3.100000 32.749038 -8.050000
v 3.100000 32.564717 -7.796304
v -3.100000 32.564717 -7.796304
v 3.100000 32.331678 -7.586475
v -3.100000 32.331678 -7.586475
v 3.100000 32.060105 -7.429682
v -3.100000 32.060105 -7.429682
v 3.100000 31.761868 -7.332779
v -3.100000 31.761868 -7.332779
v 3.100000 31.138132 -7.332779
v -3.100000 31.138132 -7.332779
v 3.100000 30.839895 -7.429682
v -3.100000 30.839895 -7.429682
v 3.100000 30.568322 -7.586475
v -3.100000 30.568322 -7.586475
v 3.100000 30.335283 -7.796304
v -3.100000 30.335283 -7.796304
v 3.100000 30.150962 -8.050000
v -3.100000 30.150962 -8.050000
v 3.100000 30.023415 -8.336475
v -3.100000 30.023415 -8.336475
v 3.100000 31.450000 10.300000
v -3.100000 31.450000 10.300000
v 3.100000 29.958217 8.643207
v -3.100000 29.958217 8.643207
v -3.100000 29.958217 8.956793
v 3.100000 29.958217 8.956793
v 3.100000 30.023415 8.336475
v -3.100000 30.023415 8.336475
v 3.100000 30.150962 8.050000
v -3.100000 30.150962 8.050000
v 3.100000 30.335283 7.796304
v -3.100000 30.335283 7.796304
v 3.100000 30.568322 7.586475
v -3.100000 30.568322 7.586475
v 3.100000 30.839895 7.429682
v -3.100000 30.839895 7.429682
v 3.100000 31.138132 7.332779
v -3.100000 31.138132 7.332779
v 3.100000 31.450000 7.300000
v -3.100000 31.450000 7.300000
v 3.100000 31.761868 7.332779
v -3.100000 31.761868 7.332779
v 3.100000 32.060105 7.429682
v -3.100000 32.060105 7.429682
v 3.100000 32.331678 7.586475
v -3.100000 32.331678 7.586475
v 3.100000 32.564717 7.796304
v -3.100000 32.564717 7.796304
v 3.100000 32.749038 8.050000
v -3.100000 32.749038 8.050000
v 3.100000 32.876585 8.336475
v -3.100000 32.876585 8.336475
v 3.100000 32.941783 8.643207
v -3.100000 32.941783 8.643207
v 3.100000 32.941783 8.956793
v -3.100000 32.941783 8.956793
v 3.100000 32.876585 9.263525
v -3.100000 32.876585 9.263525
v 3.100000 32.749038 9.550000
v -3.100000 32.749038 9.550000
v 3.100000 32.564717 9.803696
v -3.100000 32.564717 9.803696
v 3.100000 32.331678 10.013525
v -3.100000 32.331678 10.013525
v 3.100000 32.060105 10.170318
v -3.100000 32.060105 10.170318
v 3.100000 31.761868 10.267221
v -3.100000 31.761868 10.267221
v 3.100000 31.138132 10.267221
v -3.100000 31.138132 10.267221
v 3.100000 30.839895 10.170318
v -3.100000 30.839895 10.170318
v 3.100000 30.568322 10.013525
v -3.100000 30.568322 10.013525
v 3.100000 30.335283 9.803696
v -3.100000 30.335283 9.803696
v 3.100000 30.150962 9.550000
v -3.100000 30.150962 9.550000
v 3.100000 30.023415 9.263525
v -3.100000 30.023415 9.263525
v -13.000000 64.000000 7.500000
v -13.000000 64.000000 -7.500000
v -13.000000 69.000000 -7.500000
v -13.000000 69.000000 7.500000
vt 0.850000 6.200000 0.000000
vt -0.750000 6.400000 0.000000
vt -0.850000 6.200000 0.000000
vt -0.750000 6.900000 0.000000
vt -0.850000 7.500000 0.000000
vt 0.750000 6.900000 0.000000
vt 0.850000 7.500000 0.000000
vt 0.750000 6.400000 0.000000
vt -1.600000 -0.992343 0.000000
vt -1.125000 -1.008540 0.000000
vt -1.600000 -0.940394 0.000000
vt -1.125000 -0.920840 0.000000
vt -2.250000 -0.940394 0.000000
vt -2.250000 -0.851845 0.000000
vt -1.125000 -0.833141 0.000000
vt -2.250000 -0.763296 0.000000
vt -1.125000 -0.745442 0.000000
vt -2.250000 -0.674747 0.000000
vt -1.125000 -0.657743 0.000000
vt -2.250000 -0.586197 0.000000
vt -1.125000 -0.570044 0.000000
vt -2.250000 -0.497648 0.000000
vt -1.125000 -0.482345 0.000000
vt -2.250000 -0.409099 0.000000
vt -1.125000 -0.394646 0.000000
vt -2.250000 -0.320550 0.000000
vt -1.125000 -0.306947 0.000000
vt -2.250000 -0.232000 0.000000
vt -1.125000 -0.219248 0.000000
vt -2.250000 -0.143451 0.000000
vt -1.125000 -0.131549 0.000000
vt -2.250000 -0.054902 0.000000
vt -1.125000 -0.043850 0.000000
vt -2.250000 0.033647 0.000000
vt -1.125000 0.043850 0.000000
vt -2.250000 0.122197 0.000000
vt -1.125000 0.131549 0.000000
vt -2.250000 0.210746 0.000000
vt -1.125000 0.219248 0.000000
vt -2.250000 0.299295 0.000000
vt -1.125000 0.306947 0.000000
vt -2.250000 0.387844 0.000000
vt -1.125000 0.394646 0.000000
vt -2.250000 0.476394 0.000000
vt -1.125000 0.482345 0.000000
vt -2.250000 0.564943 0.000000
vt -1.125000 0.570044 0.000000
vt -2.250000 0.653492 0.000000
vt -1.125000 0.657743 0.000000
vt -2.250000 0.742042 0.000000
vt -1.125000 0.745442 0.000000
vt -2.250000 0.830591 0.000000
vt -1.125000 0.833141 0.000000
vt -2.250000 0.919140 0.000000
vt -1.125000 0.920840 0.000000
vt -2.250000 1.007689 0.000000
vt -1.125000 1.008114 0.000000
vt -2.250000 1.096239 0.000000
vt -0.000000 1.008540 0.000000
vt -0.000000 1.096239 0.000000
vt -1.600000 -1.044291 0.000000
vt -0.000000 -1.096239 0.000000
vt -0.000000 -1.008540 0.000000
vt -1.600000 -1.096239 0.000000
vt -0.000000 -0.920840 0.000000
vt -0.000000 -0.833141 0.000000
vt -0.000000 -0.745442 0.000000
vt -0.000000 -0.657743 0.000000
vt -0.000000 -0.570044 0.000000
vt -0.000000 -0.482345 0.000000
vt -0.000000 -0.394646 0.000000
vt -0.000000 -0.306947 0.000000
vt -0.000000 -0.219248 0.000000
vt -0.000000 -0.131549 0.000000
vt -0.000000 -0.043850 0.000000
vt -0.000000 0.043850 0.000000
vt -0.000000 0.131549 0.000000
vt -0.000000 0.219248 0.000000
vt -0.000000 0.306947 0.000000
vt -0.000000 0.394646 0.000000
vt -0.000000 0.482345 0.000000
vt -0.000000 0.570044 0.000000
vt -0.000000 0.657743 0.000000
vt -0.000000 0.745442 0.000000
vt -0.000000 0.833141 0.000000
vt -0.000000 0.920840 0.000000
vt 1.466288 2.250000 0.000000
vt 0.000000 2.250000 0.000000
vt 1.466288 0.000000 0.000000
vt 0.000000 0.000000 0.000000
vt -1.600000 -2.673673 0.000000
vt -1.600000 -2.725621 0.000000
vt -0.000000 -2.673673 0.000000
vt -1.125000 -2.761372 0.000000
vt -0.000000 -2.761372 0.000000
vt -0.000000 -2.849071 0.000000
vt -1.125000 -2.849071 0.000000
vt -0.000000 -2.936770 0.000000
vt -1.125000 -2.936770 0.000000
vt -0.000000 -3.024469 0.000000
vt -1.125000 -3.024469 0.000000
vt -0.000000 -3.112168 0.000000
vt -1.125000 -3.112168 0.000000
vt -0.000000 -3.199867 0.000000
vt -1.125000 -3.199867 0.000000
vt -0.000000 -3.287566 0.000000
vt -1.125000 -3.287566 0.000000
vt -0.000000 -3.375265 0.000000
vt -1.125000 -3.375265 0.000000
vt -0.000000 -3.462964 0.000000
vt -1.125000 -3.462964 0.000000
vt -0.000000 -3.550663 0.000000
vt -1.125000 -3.550663 0.000000
vt -0.000000 -3.638363 0.000000
vt -1.125000 -3.638363 0.000000
vt -0.000000 -3.726062 0.000000
vt -1.125000 -3.726062 0.000000
vt -0.000000 -3.813761 0.000000
vt -1.125000 -3.813761 0.000000
vt -0.000000 -3.901460 0.000000
vt -1.125000 -3.901460 0.000000
vt -0.000000 -3.989159 0.000000
vt -1.125000 -3.989159 0.000000
vt -0.000000 -4.076858 0.000000
vt -1.125000 -4.076858 0.000000
vt -0.000000 -4.164557 0.000000
vt -1.125000 -4.164557 0.000000
vt -0.000000 -4.252256 0.000000
vt -1.125000 -4.252256 0.000000
vt -0.000000 -4.339955 0.000000
vt -1.125000 -4.339955 0.000000
vt -0.000000 -4.427654 0.000000
vt -1.125000 -4.427654 0.000000
vt -0.000000 -4.515353 0.000000
vt -1.125000 -4.515353 0.000000
vt -0.000000 -4.603053 0.000000
vt -1.125000 -4.603053 0.000000
vt -0.000000 -4.690752 0.000000
vt -1.125000 -4.690752 0.000000
vt -1.125000 -4.778026 0.000000
vt -2.250000 -4.777601 0.000000
vt -2.250000 -4.866150 0.000000
vt -1.600000 -2.777569 0.000000
vt -1.600000 -2.829517 0.000000
vt -2.250000 -2.829517 0.000000
vt -2.250000 -2.918066 0.000000
vt -2.250000 -3.006615 0.000000
vt -2.250000 -3.095165 0.000000
vt -2.250000 -3.183714 0.000000
vt -2.250000 -3.272263 0.000000
vt -2.250000 -3.360812 0.000000
vt -2.250000 -3.449362 0.000000
vt -2.250000 -3.537911 0.000000
vt -2.250000 -3.626460 0.000000
vt -2.250000 -3.715009 0.000000
vt -2.250000 -3.803559 0.000000
vt -2.250000 -3.892108 0.000000
vt -2.250000 -3.980657 0.000000
vt -2.250000 -4.069206 0.000000
vt -2.250000 -4.157756 0.000000
vt -2.250000 -4.246305 0.000000
vt -2.250000 -4.334854 0.000000
vt -2.250000 -4.423403 0.000000
vt -2.250000 -4.511953 0.000000
vt -2.250000 -4.600502 0.000000
vt -2.250000 -4.689051 0.000000
vt -0.000000 -4.866150 0.000000
vt -0.000000 -4.778451 0.000000
vt 1.466288 1.600000 0.000000
vt -0.000000 1.600000 0.000000
vt 1.466288 0.000000 0.000000
vt -0.000000 0.000000 0.000000
vt -0.800554 0.893932 0.000000
vt -0.698212 0.850000 0.000000
vt -0.733144 0.950000 0.000000
vt 0.698212 0.850000 0.000000
vt 0.733144 0.950000 0.000000
vt 0.800554 0.893932 0.000000
vt 0.761365 0.793929 0.000000
vt 0.863689 0.833091 0.000000
vt 0.820030 0.733179 0.000000
vt 0.922214 0.767803 0.000000
vt 0.873861 0.668107 0.000000
vt 0.975815 0.698416 0.000000
vt 0.922542 0.599097 0.000000
vt 1.024207 0.625300 0.000000
vt 0.965784 0.526556 0.000000
vt 1.067131 0.548845 0.000000
vt 1.003334 0.450911 0.000000
vt 1.104358 0.469461 0.000000
vt 1.034970 0.372608 0.000000
vt 1.135689 0.387570 0.000000
vt 1.060506 0.292109 0.000000
vt 1.160957 0.303611 0.000000
vt 1.079790 0.209888 0.000000
vt 1.180027 0.218030 0.000000
vt 1.092710 0.126429 0.000000
vt 1.192797 0.131285 0.000000
vt 1.099189 0.042226 0.000000
vt 1.199199 0.043840 0.000000
vt 1.199199 -0.043840 0.000000
vt 1.099189 -0.042226 0.000000
vt 1.192797 -0.131285 0.000000
vt 1.092710 -0.126429 0.000000
vt 1.180027 -0.218030 0.000000
vt 1.079790 -0.209888 0.000000
vt 1.160957 -0.303611 0.000000
vt 1.060506 -0.292109 0.000000
vt 1.135689 -0.387570 0.000000
vt 1.034970 -0.372608 0.000000
vt 1.104358 -0.469461 0.000000
vt 1.003334 -0.450911 0.000000
vt 1.067131 -0.548845 0.000000
vt 0.965784 -0.526556 0.000000
vt 1.024207 -0.625300 0.000000
vt 0.922542 -0.599097 0.000000
vt 0.975815 -0.698416 0.000000
vt 0.873861 -0.668107 0.000000
vt 0.922214 -0.767803 0.000000
vt 0.820030 -0.733179 0.000000
vt 0.863689 -0.833091 0.000000
vt 0.761365 -0.793929 0.000000
vt 0.800554 -0.893932 0.000000
vt 0.698212 -0.850000 0.000000
vt 0.733144 -0.950000 0.000000
vt -0.698212 -0.850000 0.000000
vt -0.733144 -0.950000 0.000000
vt -0.800554 -0.893932 0.000000
vt -0.761365 -0.793929 0.000000
vt -0.863689 -0.833091 0.000000
vt -0.820030 -0.733179 0.000000
vt -0.922214 -0.767803 0.000000
vt -0.873861 -0.668107 0.000000
vt -0.975815 -0.698416 0.000000
vt -0.922542 -0.599097 0.000000
vt -1.024207 -0.625300 0.000000
vt -0.965784 -0.526556 0.000000
vt -1.067131 -0.548845 0.000000
vt -1.003334 -0.450911 0.000000
vt -1.104358 -0.469461 0.000000
vt -1.034970 -0.372608 0.000000
vt -1.135689 -0.387570 0.000000
vt -1.060506 -0.292109 0.000000
vt -1.160957 -0.303611 0.000000
vt -1.079790 -0.209888 0.000000
vt -1.180027 -0.218030 0.000000
vt -1.092710 -0.126429 0.000000
vt -1.192797 -0.131285 0.000000
vt -1.099189 -0.042226 0.000000
vt -1.199199 -0.043840 0.000000
vt -1.099189 0.042226 0.000000
vt -1.199199 0.043840 0.000000
vt -1.192797 0.131285 0.000000
vt -1.092710 0.126429 0.000000
vt -1.180027 0.218030 0.000000
vt -1.079790 0.209888 0.000000
vt -1.160957 0.303611 0.000000
vt -1.060506 0.292109 0.000000
vt -1.135689 0.387570 0.000000
vt -1.034970 0.372608 0.000000
vt -1.104358 0.469461 0.000000
vt -1.003334 0.450911 0.000000
vt -1.067131 0.548845 0.000000
vt -0.965784 0.526556 0.000000
vt -1.024207 0.625300 0.000000
vt -0.922542 0.599097 0.000000
vt -0.975815 0.698416 0.000000
vt -0.873861 0.668107 0.000000
vt -0.922214 0.767803 0.000000
vt -0.820030 0.733179 0.000000
vt -0.863689 0.833091 0.000000
vt -0.761365 0.793929 0.000000
vt -0.899801 -0.632739 0.000000
vt -0.965317 -0.712856 0.000000
vt -0.850000 -0.698212 0.000000
vt -0.910135 -0.782083 0.000000
vt -0.850000 -0.847054 0.000000
vt -1.015244 -0.639749 0.000000
vt -0.944569 -0.563728 0.000000
vt -1.059647 -0.563160 0.000000
vt -0.984056 -0.491564 0.000000
vt -1.098281 -0.483506 0.000000
vt -1.018038 -0.416651 0.000000
vt -1.130939 -0.401220 0.000000
vt -1.046328 -0.339407 0.000000
vt -1.157441 -0.316751 0.000000
vt -1.068766 -0.260266 0.000000
vt -1.177643 -0.230558 0.000000
vt -1.085228 -0.179669 0.000000
vt -1.191436 -0.143110 0.000000
vt -1.095620 -0.098068 0.000000
vt -1.198744 -0.054883 0.000000
vt -1.099885 -0.015918 0.000000
vt -1.199528 0.033643 0.000000
vt -1.097999 0.066321 0.000000
vt -1.193784 0.121986 0.000000
vt -1.089972 0.148189 0.000000
vt -1.181542 0.209664 0.000000
vt -1.075850 0.229229 0.000000
vt -1.162869 0.296202 0.000000
vt -1.055712 0.308986 0.000000
vt -1.137867 0.381127 0.000000
vt -1.029669 0.387016 0.000000
vt -1.106673 0.463978 0.000000
vt -0.997868 0.462881 0.000000
vt -1.069455 0.544304 0.000000
vt -0.960487 0.536157 0.000000
vt -1.026416 0.621667 0.000000
vt -0.917734 0.606435 0.000000
vt -0.977791 0.695647 0.000000
vt -0.869849 0.673322 0.000000
vt -0.923844 0.765841 0.000000
vt -0.817099 0.736443 0.000000
vt -0.864869 0.831866 0.000000
vt -0.759780 0.795446 0.000000
vt -0.801187 0.893364 0.000000
vt -0.698212 0.850000 0.000000
vt -0.733144 0.950000 0.000000
vt 0.698212 0.850000 0.000000
vt 0.733144 0.950000 0.000000
vt 0.801187 0.893364 0.000000
vt 0.759780 0.795446 0.000000
vt 0.864869 0.831866 0.000000
vt 0.817099 0.736443 0.000000
vt 0.923844 0.765841 0.000000
vt 0.869849 0.673322 0.000000
vt 0.977791 0.695647 0.000000
vt 0.917734 0.606435 0.000000
vt 1.026416 0.621667 0.000000
vt 0.960487 0.536157 0.000000
vt 1.069455 0.544304 0.000000
vt 0.997868 0.462881 0.000000
vt 1.106673 0.463978 0.000000
vt 1.029669 0.387016 0.000000
vt 1.137867 0.381127 0.000000
vt 1.055712 0.308986 0.000000
vt 1.162869 0.296202 0.000000
vt 1.075850 0.229229 0.000000
vt 1.181542 0.209664 0.000000
vt 1.089972 0.148189 0.000000
vt 1.193784 0.121986 0.000000
vt 1.097999 0.066321 0.000000
vt 1.199528 0.033643 0.000000
vt 1.099885 -0.015918 0.000000
vt 1.198744 -0.054883 0.000000
vt 1.095620 -0.098068 0.000000
vt 1.191436 -0.143110 0.000000
vt 1.085228 -0.179669 0.000000
vt 1.177643 -0.230558 0.000000
vt 1.068766 -0.260266 0.000000
vt 1.157441 -0.316751 0.000000
vt 1.046328 -0.339407 0.000000
vt 1.130939 -0.401220 0.000000
vt 1.018038 -0.416651 0.000000
vt 1.098281 -0.483506 0.000000
vt 0.984056 -0.491564 0.000000
vt 1.059647 -0.563160 0.000000
vt 0.944569 -0.563728 0.000000
vt 1.015244 -0.639749 0.000000
vt 0.899801 -0.632739 0.000000
vt 0.965317 -0.712856 0.000000
vt 0.850000 -0.698212 0.000000
vt 0.910135 -0.782083 0.000000
vt 0.850000 -0.847054 0.000000
vt 1.623570 0.702618 0.000000
vt 1.583144 0.670000 0.000000
vt 1.700000 0.000000 0.000000
vt 0.116856 0.670000 0.000000
vt 0.000000 0.000000 0.000000
vt 0.076430 0.702618 0.000000
vt 0.037454 0.736955 0.000000
vt -0.000000 0.772946 0.000000
vt 1.700000 0.772946 0.000000
vt 1.662546 0.736955 0.000000
vt -0.921788 0.650000 0.000000
vt -0.772946 0.650000 0.000000
vt -0.921788 1.300000 0.000000
vt 0.000000 1.300000 0.000000
vt 0.000000 0.000000 0.000000
vt -0.772946 -0.000000 0.000000
vt 0.090220 2.415446 0.000000
vt 1.834056 1.128436 0.000000
vt 0.151788 2.470000 0.000000
vt 1.868038 1.203349 0.000000
vt 1.896328 1.280593 0.000000
vt 0.032901 2.356443 0.000000
vt -0.019849 2.293322 0.000000
vt -0.067734 2.226435 0.000000
vt -0.110487 2.156157 0.000000
vt -0.147868 2.082881 0.000000
vt -0.179669 2.007016 0.000000
vt -0.205712 1.928986 0.000000
vt -0.225850 1.849229 0.000000
vt -0.239972 1.768189 0.000000
vt -0.247999 1.686321 0.000000
vt -0.249885 1.604082 0.000000
vt -0.245620 1.521932 0.000000
vt -0.235228 1.440331 0.000000
vt -0.218766 1.359734 0.000000
vt -0.196328 1.280593 0.000000
vt -0.168038 1.203349 0.000000
vt -0.134056 1.128436 0.000000
vt 1.794569 1.056272 0.000000
vt -0.094569 1.056272 0.000000
vt 1.749801 0.987261 0.000000
vt -0.049801 0.987261 0.000000
vt 1.700000 0.921788 0.000000
vt 0.000000 0.921788 0.000000
vt 1.700000 0.000000 0.000000
vt 0.000000 0.000000 0.000000
vt 1.918766 1.359734 0.000000
vt 1.935228 1.440331 0.000000
vt 1.945620 1.521932 0.000000
vt 1.949885 1.604082 0.000000
vt 1.947999 1.686321 0.000000
vt 1.939972 1.768189 0.000000
vt 1.925850 1.849229 0.000000
vt 1.905712 1.928986 0.000000
vt 1.879669 2.007016 0.000000
vt 1.847868 2.082881 0.000000
vt 1.810487 2.156157 0.000000
vt 1.767734 2.226435 0.000000
vt 1.719849 2.293322 0.000000
vt 1.667099 2.356443 0.000000
vt 1.609780 2.415446 0.000000
vt 1.548212 2.470000 0.000000
vt 0.921788 -0.650000 0.000000
vt 0.921788 0.000000 0.000000
vt 0.772946 -0.650000 0.000000
vt 0.000000 0.000000 0.000000
vt 0.000000 -1.300000 0.000000
vt 0.772946 -1.300000 0.000000
vt -0.000000 -2.699315 0.000000
vt -0.650000 -2.699315 0.000000
vt -0.000000 -2.781595 0.000000
vt -0.650000 -2.781595 0.000000
vt -0.000000 -2.863875 0.000000
vt -0.650000 -2.863875 0.000000
vt -0.000000 -2.946155 0.000000
vt -0.650000 -2.946155 0.000000
vt -0.000000 -3.028435 0.000000
vt -0.650000 -3.028435 0.000000
vt -0.000000 -3.110714 0.000000
vt -0.650000 -3.110714 0.000000
vt -0.000000 -3.192994 0.000000
vt -0.650000 -3.192994 0.000000
vt -0.000000 -3.275274 0.000000
vt -0.650000 -3.275274 0.000000
vt -0.000000 -3.357554 0.000000
vt -0.650000 -3.357554 0.000000
vt -0.000000 -3.439834 0.000000
vt -0.650000 -3.439834 0.000000
vt -0.000000 -3.522113 0.000000
vt -0.650000 -3.522113 0.000000
vt -0.000000 -3.604393 0.000000
vt -0.650000 -3.604393 0.000000
vt -0.000000 -3.686673 0.000000
vt -0.650000 -3.686673 0.000000
vt -0.000000 -3.768953 0.000000
vt -0.650000 -3.768953 0.000000
vt -0.000000 -3.851233 0.000000
vt -0.650000 -3.851233 0.000000
vt -0.000000 -3.933512 0.000000
vt -0.650000 -3.933512 0.000000
vt -0.000000 -4.015792 0.000000
vt -0.650000 -4.015792 0.000000
vt -0.000000 -4.098072 0.000000
vt -0.650000 -4.098072 0.000000
vt -0.000000 -4.180352 0.000000
vt -0.650000 -4.180352 0.000000
vt -0.000000 -4.262632 0.000000
vt -0.650000 -4.262632 0.000000
vt -0.000000 -4.344911 0.000000
vt -0.650000 -4.344911 0.000000
vt -0.000000 -4.427191 0.000000
vt -0.650000 -4.427191 0.000000
vt -0.000000 0.971439 0.000000
vt -0.650000 0.971439 0.000000
vt -0.000000 0.889160 0.000000
vt -0.650000 0.889160 0.000000
vt -0.000000 0.806880 0.000000
vt -0.650000 0.806880 0.000000
vt -0.000000 0.724600 0.000000
vt -0.650000 0.724600 0.000000
vt 0.000000 0.642320 0.000000
vt -0.650000 0.642320 0.000000
vt 0.000000 0.560040 0.000000
vt -0.650000 0.560040 0.000000
vt 0.000000 0.477760 0.000000
vt -0.650000 0.477760 0.000000
vt -0.000000 0.395481 0.000000
vt -0.650000 0.395481 0.000000
vt 0.000000 0.313201 0.000000
vt -0.650000 0.313201 0.000000
vt 0.000000 0.230921 0.000000
vt -0.650000 0.230921 0.000000
vt 0.000000 0.148641 0.000000
vt -0.650000 0.148641 0.000000
vt 0.000000 0.066361 0.000000
vt -0.650000 0.066361 0.000000
vt -0.000000 -0.015918 0.000000
vt -0.650000 -0.015918 0.000000
vt -0.000000 -0.098198 0.000000
vt -0.650000 -0.098198 0.000000
vt -0.000000 -0.180478 0.000000
vt -0.650000 -0.180478 0.000000
vt -0.000000 -0.262758 0.000000
vt -0.650000 -0.262758 0.000000
vt -0.000000 -0.345038 0.000000
vt -0.650000 -0.345038 0.000000
vt -0.000000 -0.427317 0.000000
vt -0.650000 -0.427317 0.000000
vt -0.000000 -0.509597 0.000000
vt -0.650000 -0.509597 0.000000
vt -0.000000 -0.591877 0.000000
vt -0.650000 -0.591877 0.000000
vt -0.000000 -0.674157 0.000000
vt -0.650000 -0.674157 0.000000
vt -0.000000 -0.756437 0.000000
vt -0.650000 -0.756437 0.000000
vt -1.396424 -0.650000 0.000000
vt -0.000000 -0.650000 0.000000
vt -1.396424 0.000000 0.000000
vt -0.000000 0.000000 0.000000
vt -0.000000 -2.900000 0.000000
vt -1.396424 -2.900000 0.000000
vt -0.000000 -3.800000 0.000000
vt -1.396424 -3.800000 0.000000
vt -0.401788 4.600000 0.000000
vt -1.798212 4.600000 0.000000
vt -0.401788 3.700000 0.000000
vt -1.798212 3.700000 0.000000
vt -0.369178 3.160679 0.000000
vt -1.830822 3.160679 0.000000
vt -0.369178 3.129321 0.000000
vt -1.830822 3.129321 0.000000
vt -0.362658 3.098647 0.000000
vt -1.837342 3.098647 0.000000
vt -0.500000 0.000000 0.000000
vt -1.700000 0.000000 0.000000
vt -1.850096 3.070000 0.000000
vt -1.868528 3.044630 0.000000
vt -2.200000 3.700000 0.000000
vt -1.980000 3.295000 0.000000
vt -1.948813 3.291722 0.000000
vt -1.918990 3.282032 0.000000
vt -2.200000 0.500000 0.000000
vt -2.129178 3.129321 0.000000
vt -2.129178 3.160679 0.000000
vt -2.122658 3.191353 0.000000
vt -2.196856 0.444018 0.000000
vt -2.187464 0.388740 0.000000
vt -2.171942 0.334860 0.000000
vt -2.150484 0.283058 0.000000
vt -2.123362 0.233984 0.000000
vt -2.090916 0.188255 0.000000
vt -2.053553 0.146447 0.000000
vt -2.011745 0.109084 0.000000
vt -1.966016 0.076638 0.000000
vt -1.916942 0.049516 0.000000
vt -1.865140 0.028058 0.000000
vt -1.811260 0.012536 0.000000
vt -1.755982 0.003144 0.000000
vt -1.891832 3.023647 0.000000
vt -1.918990 3.007968 0.000000
vt -0.444018 0.003144 0.000000
vt 0.000000 0.500000 0.000000
vt -0.308168 3.023647 0.000000
vt -0.331472 3.044630 0.000000
vt -0.388740 0.012536 0.000000
vt -0.334860 0.028058 0.000000
vt -0.283058 0.049516 0.000000
vt -0.233984 0.076638 0.000000
vt -0.188255 0.109084 0.000000
vt -0.146447 0.146447 0.000000
vt -0.109084 0.188255 0.000000
vt -0.076638 0.233984 0.000000
vt -0.049516 0.283058 0.000000
vt -0.028058 0.334860 0.000000
vt -0.012536 0.388740 0.000000
vt -0.003144 0.444018 0.000000
vt 0.000000 3.700000 0.000000
vt -0.070822 3.129321 0.000000
vt -0.077342 3.098647 0.000000
vt -0.090096 3.070000 0.000000
vt -0.220000 3.295000 0.000000
vt -0.188813 3.291722 0.000000
vt -0.158990 3.282032 0.000000
vt -0.188813 2.998278 0.000000
vt -0.220000 2.995000 0.000000
vt -0.251187 2.998278 0.000000
vt -0.281010 3.007968 0.000000
vt -0.349904 3.070000 0.000000
vt -0.362658 3.191353 0.000000
vt -0.349904 3.220000 0.000000
vt -0.331472 3.245370 0.000000
vt -0.308168 3.266353 0.000000
vt -0.281010 3.282032 0.000000
vt -0.251187 3.291722 0.000000
vt -0.131832 3.266353 0.000000
vt -0.108528 3.245370 0.000000
vt -0.090096 3.220000 0.000000
vt -0.077342 3.191353 0.000000
vt -0.070822 3.160679 0.000000
vt -0.108528 3.044630 0.000000
vt -0.131832 3.023647 0.000000
vt -0.158990 3.007968 0.000000
vt -1.948813 2.998278 0.000000
vt -1.980000 2.995000 0.000000
vt -2.011187 2.998278 0.000000
vt -2.041010 3.007968 0.000000
vt -2.068168 3.023647 0.000000
vt -2.091472 3.044630 0.000000
vt -2.109904 3.070000 0.000000
vt -2.122658 3.098647 0.000000
vt -2.109904 3.220000 0.000000
vt -2.091472 3.245370 0.000000
vt -2.068168 3.266353 0.000000
vt -2.041010 3.282032 0.000000
vt -2.011187 3.291722 0.000000
vt -1.891832 3.266353 0.000000
vt -1.868528 3.245370 0.000000
vt -1.850096 3.220000 0.000000
vt -1.837342 3.191353 0.000000
vt -3.800000 -0.971439 0.000000
vt -2.900000 -0.971439 0.000000
vt -3.800000 -0.890486 0.000000
vt -2.900000 -0.886966 0.000000
vt -3.800000 -0.809533 0.000000
vt -2.900000 -0.802493 0.000000
vt -3.800000 -0.728580 0.000000
vt -2.900000 -0.718020 0.000000
vt -3.800000 -0.647626 0.000000
vt -2.900000 -0.633547 0.000000
vt -3.800000 -0.566673 0.000000
vt -2.900000 -0.549074 0.000000
vt -3.800000 -0.485720 0.000000
vt -2.900000 -0.464601 0.000000
vt -3.800000 -0.404766 0.000000
vt -2.900000 -0.380128 0.000000
vt -3.800000 -0.323813 0.000000
vt -2.900000 -0.295655 0.000000
vt -3.800000 -0.242860 0.000000
vt -2.900000 -0.211182 0.000000
vt -3.800000 -0.161907 0.000000
vt -2.900000 -0.126709 0.000000
vt -3.800000 -0.080953 0.000000
vt -2.900000 -0.042236 0.000000
vt -3.800000 0.000000 0.000000
vt -2.900000 0.042236 0.000000
vt -3.800000 0.080953 0.000000
vt -2.900000 0.126709 0.000000
vt -3.800000 0.161907 0.000000
vt -2.900000 0.211182 0.000000
vt -3.800000 0.242860 0.000000
vt -2.900000 0.295655 0.000000
vt -3.800000 0.323813 0.000000
vt -2.900000 0.380128 0.000000
vt -3.800000 0.404766 0.000000
vt -2.900000 0.464601 0.000000
vt -3.800000 0.485720 0.000000
vt -2.900000 0.549074 0.000000
vt -3.800000 0.566673 0.000000
vt -2.900000 0.633547 0.000000
vt -3.800000 0.647626 0.000000
vt -2.900000 0.718020 0.000000
vt -3.800000 0.728580 0.000000
vt -2.900000 0.802493 0.000000
vt -3.800000 0.809533 0.000000
vt -2.900000 0.886966 0.000000
vt -3.800000 0.890486 0.000000
vt -2.900000 0.971439 0.000000
vt -3.800000 0.971439 0.000000
vt -3.800000 2.484313 0.000000
vt -2.900000 2.484313 0.000000
vt -3.800000 2.565266 0.000000
vt -2.900000 2.568786 0.000000
vt -3.800000 2.646219 0.000000
vt -2.900000 2.653259 0.000000
vt -3.800000 2.727172 0.000000
vt -2.900000 2.737732 0.000000
vt -3.800000 2.808126 0.000000
vt -2.900000 2.822205 0.000000
vt -3.800000 2.889079 0.000000
vt -2.900000 2.906678 0.000000
vt -3.800000 2.970032 0.000000
vt -2.900000 2.991150 0.000000
vt -3.800000 3.050986 0.000000
vt -2.900000 3.075623 0.000000
vt -3.800000 3.131939 0.000000
vt -2.900000 3.160096 0.000000
vt -3.800000 3.212892 0.000000
vt -2.900000 3.244569 0.000000
vt -3.800000 3.293845 0.000000
vt -2.900000 3.329042 0.000000
vt -3.800000 3.374799 0.000000
vt -2.900000 3.413515 0.000000
vt -3.800000 3.455752 0.000000
vt -2.900000 3.497988 0.000000
vt -3.800000 3.536705 0.000000
vt -2.900000 3.582461 0.000000
vt -3.800000 3.617658 0.000000
vt -2.900000 3.666934 0.000000
vt -3.800000 3.698612 0.000000
vt -2.900000 3.751407 0.000000
vt -3.800000 3.779565 0.000000
vt -2.900000 3.835880 0.000000
vt -3.800000 3.860518 0.000000
vt -2.900000 3.920353 0.000000
vt -3.800000 3.941472 0.000000
vt -2.900000 4.004826 0.000000
vt -3.800000 4.022425 0.000000
vt -2.900000 4.089299 0.000000
vt -3.800000 4.103378 0.000000
vt -2.900000 4.173772 0.000000
vt -3.800000 4.184331 0.000000
vt -2.900000 4.258245 0.000000
vt -3.800000 4.265285 0.000000
vt -2.900000 4.342718 0.000000
vt -3.800000 4.346238 0.000000
vt -2.900000 4.427191 0.000000
vt -3.800000 4.427191 0.000000
vt -1.798212 -0.000000 0.000000
vt -1.858820 0.053639 0.000000
vt -2.200000 0.000000 0.000000
vt -1.915321 0.111588 0.000000
vt -1.967408 0.173536 0.000000
vt -2.014798 0.239145 0.000000
vt -2.057237 0.308061 0.000000
vt -2.094493 0.379911 0.000000
vt -2.126366 0.454306 0.000000
vt -2.152682 0.530843 0.000000
vt -2.173299 0.609108 0.000000
vt -2.188106 0.688677 0.000000
vt -2.197023 0.769120 0.000000
vt -2.200000 0.850000 0.000000
vt -2.197023 0.930880 0.000000
vt -2.200000 1.860000 0.000000
vt -2.188106 1.011323 0.000000
vt -2.173299 1.090892 0.000000
vt -2.152682 1.169157 0.000000
vt -2.126366 1.245694 0.000000
vt -2.094493 1.320089 0.000000
vt -2.057237 1.391939 0.000000
vt -2.014798 1.460855 0.000000
vt -1.967408 1.526464 0.000000
vt -1.915321 1.588412 0.000000
vt -1.858820 1.646361 0.000000
vt -1.798212 1.700000 0.000000
vt -0.401788 1.700000 0.000000
vt 0.000000 1.860000 0.000000
vt -0.341180 1.646361 0.000000
vt -0.284679 1.588412 0.000000
vt -0.232592 1.526464 0.000000
vt -0.185202 1.460855 0.000000
vt -0.142763 1.391939 0.000000
vt -0.105507 1.320089 0.000000
vt -0.073634 1.245694 0.000000
vt -0.047318 1.169157 0.000000
vt -0.026701 1.090892 0.000000
vt -0.011894 1.011323 0.000000
vt -0.002977 0.930880 0.000000
vt 0.000000 0.850000 0.000000
vt -0.002977 0.769120 0.000000
vt 0.000000 0.000000 0.000000
vt -0.011894 0.688677 0.000000
vt -0.026701 0.609108 0.000000
vt -0.047318 0.530843 0.000000
vt -0.073634 0.454306 0.000000
vt -0.105507 0.379911 0.000000
vt -0.142763 0.308061 0.000000
vt -0.185202 0.239145 0.000000
vt -0.232592 0.173536 0.000000
vt -0.284679 0.111588 0.000000
vt -0.341180 0.053639 0.000000
vt -0.401788 0.000000 0.000000
vt 1.700000 -3.700000 0.000000
vt 0.349904 -0.630000 0.000000
vt 0.500000 -3.700000 0.000000
vt 0.331472 -0.655370 0.000000
vt 0.308168 -0.676353 0.000000
vt 1.755982 -3.696856 0.000000
vt 2.200000 -3.200000 0.000000
vt 1.891832 -0.676353 0.000000
vt 1.868528 -0.655370 0.000000
vt 1.811260 -3.687464 0.000000
vt 1.865140 -3.671942 0.000000
vt 1.916942 -3.650484 0.000000
vt 1.966016 -3.623362 0.000000
vt 2.011745 -3.590916 0.000000
vt 2.053553 -3.553553 0.000000
vt 2.090916 -3.511745 0.000000
vt 2.123362 -3.466016 0.000000
vt 2.150484 -3.416942 0.000000
vt 2.171942 -3.365140 0.000000
vt 2.187464 -3.311260 0.000000
vt 2.196856 -3.255982 0.000000
vt 2.200000 0.000000 0.000000
vt 2.129178 -0.570679 0.000000
vt 2.122658 -0.601353 0.000000
vt 2.109904 -0.630000 0.000000
vt 0.000000 0.000000 0.000000
vt 1.868528 -0.454630 0.000000
vt 1.891832 -0.433647 0.000000
vt 1.918990 -0.417968 0.000000
vt -0.000000 -3.200000 0.000000
vt 0.070822 -0.570679 0.000000
vt 0.070822 -0.539321 0.000000
vt 0.077342 -0.508647 0.000000
vt 0.003144 -3.255982 0.000000
vt 0.012536 -3.311260 0.000000
vt 0.028058 -3.365140 0.000000
vt 0.049516 -3.416942 0.000000
vt 0.076638 -3.466016 0.000000
vt 0.109084 -3.511745 0.000000
vt 0.146447 -3.553553 0.000000
vt 0.188255 -3.590916 0.000000
vt 0.233984 -3.623362 0.000000
vt 0.283058 -3.650484 0.000000
vt 0.334860 -3.671942 0.000000
vt 0.388740 -3.687464 0.000000
vt 0.444018 -3.696856 0.000000
vt 0.281010 -0.692032 0.000000
vt 0.251187 -0.701722 0.000000
vt 0.220000 -0.705000 0.000000
vt 0.188813 -0.701722 0.000000
vt 0.158990 -0.692032 0.000000
vt 0.131832 -0.676353 0.000000
vt 0.108528 -0.655370 0.000000
vt 0.090096 -0.630000 0.000000
vt 0.077342 -0.601353 0.000000
vt 0.090096 -0.480000 0.000000
vt 0.108528 -0.454630 0.000000
vt 0.131832 -0.433647 0.000000
vt 0.158990 -0.417968 0.000000
vt 0.188813 -0.408278 0.000000
vt 0.220000 -0.405000 0.000000
vt 0.251187 -0.408278 0.000000
vt 0.281010 -0.417968 0.000000
vt 0.308168 -0.433647 0.000000
vt 0.331472 -0.454630 0.000000
vt 1.850096 -0.480000 0.000000
vt 0.349904 -0.480000 0.000000
vt 1.837342 -0.508647 0.000000
vt 0.362658 -0.508647 0.000000
vt 1.830822 -0.539321 0.000000
vt 0.369178 -0.539321 0.000000
vt 1.830822 -0.570679 0.000000
vt 0.369178 -0.570679 0.000000
vt 1.837342 -0.601353 0.000000
vt 0.362658 -0.601353 0.000000
vt 1.850096 -0.630000 0.000000
vt 2.011187 -0.701722 0.000000
vt 1.980000 -0.705000 0.000000
vt 1.948813 -0.701722 0.000000
vt 1.918990 -0.692032 0.000000
vt 1.948813 -0.408278 0.000000
vt 1.980000 -0.405000 0.000000
vt 2.011187 -0.408278 0.000000
vt 2.041010 -0.417968 0.000000
vt 2.068168 -0.433647 0.000000
vt 2.091472 -0.454630 0.000000
vt 2.109904 -0.480000 0.000000
vt 2.122658 -0.508647 0.000000
vt 2.129178 -0.539321 0.000000
vt 2.091472 -0.655370 0.000000
vt 2.068168 -0.676353 0.000000
vt 2.041010 -0.692032 0.000000
vt 0.500000 -1.860000 0.000000
vt 1.700000 -1.860000 0.000000
vt 0.500000 -0.000000 0.000000
vt 1.700000 -0.000000 0.000000
vt -0.930000 3.700000 0.000000
vt -0.930000 0.500000 0.000000
vt -0.080000 3.700000 0.000000
vt 0.930000 0.500000 0.000000
vt 0.930000 3.700000 0.000000
vt -0.930000 3.700000 0.000000
vt -0.930000 0.500000 0.000000
vt 0.080000 3.700000 0.000000
vt 0.930000 0.500000 0.000000
vt 0.930000 3.700000 0.000000
vt -0.930000 -0.785398 0.000000
vt 0.930000 -0.785398 0.000000
vt 0.000000 -0.729298 0.000000
vt 0.930000 -0.729298 0.000000
vt 0.000000 -0.673198 0.000000
vt 0.930000 -0.673198 0.000000
vt 0.000000 -0.617099 0.000000
vt 0.930000 -0.617099 0.000000
vt 0.000000 -0.560999 0.000000
vt 0.930000 -0.560999 0.000000
vt 0.000000 -0.504899 0.000000
vt 0.930000 -0.504899 0.000000
vt 0.000000 -0.448799 0.000000
vt 0.930000 -0.448799 0.000000
vt 0.000000 -0.392699 0.000000
vt 0.930000 -0.392699 0.000000
vt 0.000000 -0.336599 0.000000
vt 0.930000 -0.336599 0.000000
vt 0.000000 -0.280499 0.000000
vt 0.930000 -0.280499 0.000000
vt 0.000000 -0.224399 0.000000
vt 0.930000 -0.224399 0.000000
vt 0.000000 -0.168300 0.000000
vt 0.930000 -0.168300 0.000000
vt 0.000000 -0.112200 0.000000
vt 0.930000 -0.112200 0.000000
vt 0.000000 -0.056100 0.000000
vt 0.930000 -0.056100 0.000000
vt 0.930000 0.000000 0.000000
vt -0.930000 0.000000 0.000000
vt -0.930000 -0.056100 0.000000
vt -0.930000 -0.112200 0.000000
vt -0.930000 -0.168300 0.000000
vt -0.930000 -0.224399 0.000000
vt -0.930000 -0.280499 0.000000
vt -0.930000 -0.336599 0.000000
vt -0.930000 -0.392699 0.000000
vt -0.930000 -0.448799 0.000000
vt -0.930000 -0.504899 0.000000
vt -0.930000 -0.560999 0.000000
vt -0.930000 -0.617099 0.000000
vt -0.930000 -0.673198 0.000000
vt -0.930000 -0.729298 0.000000
vt 1.860000 -1.570796 0.000000
vt -0.000000 -1.570796 0.000000
vt 0.930000 -1.626896 0.000000
vt -0.000000 -1.626896 0.000000
vt 0.930000 -1.682996 0.000000
vt -0.000000 -1.682996 0.000000
vt 0.930000 -1.739096 0.000000
vt -0.000000 -1.739096 0.000000
vt 0.930000 -1.795196 0.000000
vt -0.000000 -1.795196 0.000000
vt 0.930000 -1.851296 0.000000
vt -0.000000 -1.851296 0.000000
vt 0.930000 -1.907396 0.000000
vt -0.000000 -1.907396 0.000000
vt 0.930000 -1.963495 0.000000
vt -0.000000 -1.963495 0.000000
vt 0.930000 -2.019595 0.000000
vt -0.000000 -2.019595 0.000000
vt 0.930000 -2.075695 0.000000
vt -0.000000 -2.075695 0.000000
vt 0.930000 -2.131795 0.000000
vt -0.000000 -2.131795 0.000000
vt 0.930000 -2.187895 0.000000
vt -0.000000 -2.187895 0.000000
vt 0.930000 -2.243995 0.000000
vt -0.000000 -2.243995 0.000000
vt 0.930000 -2.300095 0.000000
vt -0.000000 -2.300095 0.000000
vt -0.000000 -2.356194 0.000000
vt 1.860000 -2.356194 0.000000
vt 1.860000 -2.300095 0.000000
vt 1.860000 -2.243995 0.000000
vt 1.860000 -2.187895 0.000000
vt 1.860000 -2.131795 0.000000
vt 1.860000 -2.075695 0.000000
vt 1.860000 -2.019595 0.000000
vt 1.860000 -1.963495 0.000000
vt 1.860000 -1.907396 0.000000
vt 1.860000 -1.851296 0.000000
vt 1.860000 -1.795196 0.000000
vt 1.860000 -1.739096 0.000000
vt 1.860000 -1.682996 0.000000
vt 1.860000 -1.626896 0.000000
vt 2.893000 -0.204204 0.000000
vt 2.273000 -0.219911 0.000000
vt 2.893000 -0.235619 0.000000
vt 2.273000 -0.251327 0.000000
vt 2.893000 -0.267035 0.000000
vt 2.273000 -0.282743 0.000000
vt 2.893000 -0.298451 0.000000
vt 2.273000 -0.314159 0.000000
vt 2.893000 -0.329867 0.000000
vt 2.273000 -0.345575 0.000000
vt 2.893000 -0.361283 0.000000
vt 2.273000 -0.376991 0.000000
vt 2.893000 -0.392699 0.000000
vt 2.273000 -0.408407 0.000000
vt 2.893000 -0.424115 0.000000
vt 2.273000 -0.439823 0.000000
vt 2.893000 -0.455531 0.000000
vt 2.273000 -0.471239 0.000000
vt 2.893000 -0.486947 0.000000
vt 2.893000 0.455531 0.000000
vt 2.273000 0.471239 0.000000
vt 2.273000 0.439823 0.000000
vt 2.893000 0.424115 0.000000
vt 2.273000 0.408407 0.000000
vt 2.893000 0.392699 0.000000
vt 2.273000 0.376991 0.000000
vt 2.893000 0.361283 0.000000
vt 2.273000 0.345575 0.000000
vt 2.893000 0.329867 0.000000
vt 2.273000 0.314159 0.000000
vt 2.893000 0.298451 0.000000
vt 2.273000 0.282743 0.000000
vt 2.893000 0.267035 0.000000
vt 2.273000 0.251327 0.000000
vt 2.893000 0.235619 0.000000
vt 2.273000 0.219911 0.000000
vt 2.893000 0.204204 0.000000
vt 2.273000 0.188496 0.000000
vt 2.893000 0.172788 0.000000
vt 2.273000 0.157080 0.000000
vt 2.893000 0.141372 0.000000
vt 2.273000 0.125664 0.000000
vt 2.893000 0.109956 0.000000
vt 2.273000 0.094248 0.000000
vt 2.893000 0.078540 0.000000
vt 2.273000 0.062832 0.000000
vt 2.893000 0.047124 0.000000
vt 2.273000 0.031416 0.000000
vt 2.893000 0.015708 0.000000
vt 2.273000 0.000000 0.000000
vt 2.893000 -0.015708 0.000000
vt 2.273000 -0.031416 0.000000
vt 2.893000 -0.047124 0.000000
vt 2.273000 -0.062832 0.000000
vt 2.893000 -0.078540 0.000000
vt 2.273000 -0.094248 0.000000
vt 2.893000 -0.109956 0.000000
vt 2.273000 -0.125664 0.000000
vt 2.893000 -0.141372 0.000000
vt 2.273000 -0.157080 0.000000
vt 2.893000 -0.172788 0.000000
vt 2.273000 -0.188496 0.000000
vt 1.033000 -0.267035 0.000000
vt 1.653000 -0.251327 0.000000
vt 1.033000 -0.235619 0.000000
vt 1.653000 -0.219911 0.000000
vt 1.033000 -0.204204 0.000000
vt 1.653000 -0.188496 0.000000
vt 1.033000 -0.172788 0.000000
vt 1.653000 -0.157080 0.000000
vt 1.033000 -0.141372 0.000000
vt 1.653000 -0.125664 0.000000
vt 1.033000 -0.109956 0.000000
vt 1.653000 -0.094248 0.000000
vt 1.033000 -0.078540 0.000000
vt 1.653000 -0.062832 0.000000
vt 1.033000 -0.047124 0.000000
vt 1.653000 -0.031416 0.000000
vt 1.033000 -0.015708 0.000000
vt 1.653000 0.000000 0.000000
vt 1.033000 0.015708 0.000000
vt 1.653000 0.031416 0.000000
vt 1.033000 0.047124 0.000000
vt 1.653000 0.062832 0.000000
vt 1.033000 0.078540 0.000000
vt 1.653000 0.094248 0.000000
vt 1.033000 0.109956 0.000000
vt 1.653000 0.125664 0.000000
vt 1.033000 0.141372 0.000000
vt 1.653000 0.157080 0.000000
vt 1.033000 0.172788 0.000000
vt 1.653000 0.188496 0.000000
vt 1.033000 0.204204 0.000000
vt 1.653000 0.219911 0.000000
vt 1.033000 0.235619 0.000000
vt 1.653000 0.251327 0.000000
vt 1.033000 0.267035 0.000000
vt 1.653000 0.282743 0.000000
vt 1.033000 0.298451 0.000000
vt 1.653000 0.314159 0.000000
vt 1.033000 0.329867 0.000000
vt 1.653000 0.345575 0.000000
vt 1.033000 0.361283 0.000000
vt 1.653000 0.376991 0.000000
vt 1.033000 0.392699 0.000000
vt 1.653000 0.408407 0.000000
vt 1.033000 0.424115 0.000000
vt 1.653000 0.439823 0.000000
vt 1.033000 0.455531 0.000000
vt 1.653000 0.471239 0.000000
vt 1.033000 0.486947 0.000000
vt 1.033000 -0.455531 0.000000
vt 1.653000 -0.471239 0.000000
vt 1.653000 -0.439823 0.000000
vt 1.033000 -0.424115 0.000000
vt 1.653000 -0.408407 0.000000
vt 1.033000 -0.392699 0.000000
vt 1.653000 -0.376991 0.000000
vt 1.033000 -0.361283 0.000000
vt 1.653000 -0.345575 0.000000
vt 1.033000 -0.329867 0.000000
vt 1.653000 -0.314159 0.000000
vt 1.033000 -0.298451 0.000000
vt 1.653000 -0.282743 0.000000
vt 2.893000 -0.204204 0.000000
vt 2.273000 -0.219911 0.000000
vt 2.893000 -0.235619 0.000000
vt 2.273000 -0.251327 0.000000
vt 2.893000 -0.267035 0.000000
vt 2.273000 -0.282743 0.000000
vt 2.893000 -0.298451 0.000000
vt 2.273000 -0.314159 0.000000
vt 2.893000 -0.329867 0.000000
vt 2.273000 -0.345575 0.000000
vt 2.893000 -0.361283 0.000000
vt 2.273000 -0.376991 0.000000
vt 2.893000 -0.392699 0.000000
vt 2.273000 -0.408407 0.000000
vt 2.893000 -0.424115 0.000000
vt 2.273000 -0.439823 0.000000
vt 2.893000 -0.455531 0.000000
vt 2.273000 -0.471239 0.000000
vt 2.893000 -0.486947 0.000000
vt 2.893000 0.455531 0.000000
vt 2.273000 0.471239 0.000000
vt 2.273000 0.439823 0.000000
vt 2.893000 0.424115 0.000000
vt 2.273000 0.408407 0.000000
vt 2.893000 0.392699 0.000000
vt 2.273000 0.376991 0.000000
vt 2.893000 0.361283 0.000000
vt 2.273000 0.345575 0.000000
vt 2.893000 0.329867 0.000000
vt 2.273000 0.314159 0.000000
vt 2.893000 0.298451 0.000000
vt 2.273000 0.282743 0.000000
vt 2.893000 0.267035 0.000000
vt 2.273000 0.251327 0.000000
vt 2.893000 0.235619 0.000000
vt 2.273000 0.219911 0.000000
vt 2.893000 0.204204 0.000000
vt 2.273000 0.188496 0.000000
vt 2.893000 0.172788 0.000000
vt 2.273000 0.157080 0.000000
vt 2.893000 0.141372 0.000000
vt 2.273000 0.125664 0.000000
vt 2.893000 0.109956 0.000000
vt 2.273000 0.094248 0.000000
vt 2.893000 0.078540 0.000000
vt 2.273000 0.062832 0.000000
vt 2.893000 0.047124 0.000000
vt 2.273000 0.031416 0.000000
vt 2.893000 0.015708 0.000000
vt 2.273000 0.000000 0.000000
vt 2.893000 -0.015708 0.000000
vt 2.273000 -0.031416 0.000000
vt 2.893000 -0.047124 0.000000
vt 2.273000 -0.062832 0.000000
vt 2.893000 -0.078540 0.000000
vt 2.273000 -0.094248 0.000000
vt 2.893000 -0.109956 0.000000
vt 2.273000 -0.125664 0.000000
vt 2.893000 -0.141372 0.000000
vt 2.273000 -0.157080 0.000000
vt 2.893000 -0.172788 0.000000
vt 2.273000 -0.188496 0.000000
vt 1.033000 -0.267035 0.000000
vt 1.653000 -0.251327 0.000000
vt 1.033000 -0.235619 0.000000
vt 1.653000 -0.219911 0.000000
vt 1.033000 -0.204204 0.000000
vt 1.653000 -0.188496 0.000000
vt 1.033000 -0.172788 0.000000
vt 1.653000 -0.157080 0.000000
vt 1.033000 -0.141372 0.000000
vt 1.653000 -0.125664 0.000000
vt 1.033000 -0.109956 0.000000
vt 1.653000 -0.094248 0.000000
vt 1.033000 -0.078540 0.000000
vt 1.653000 -0.062832 0.000000
vt 1.033000 -0.047124 0.000000
vt 1.653000 -0.031416 0.000000
vt 1.033000 -0.015708 0.000000
vt 1.653000 0.000000 0.000000
vt 1.033000 0.015708 0.000000
vt 1.653000 0.031416 0.000000
vt 1.033000 0.047124 0.000000
vt 1.653000 0.062832 0.000000
vt 1.033000 0.078540 0.000000
vt 1.653000 0.094248 0.000000
vt 1.033000 0.109956 0.000000
vt 1.653000 0.125664 0.000000
vt 1.033000 0.141372 0.000000
vt 1.653000 0.157080 0.000000
vt 1.033000 0.172788 0.000000
vt 1.653000 0.188496 0.000000
vt 1.033000 0.204204 0.000000
vt 1.653000 0.219911 0.000000
vt 1.033000 0.235619 0.000000
vt 1.653000 0.251327 0.000000
vt 1.033000 0.267035 0.000000
vt 1.653000 0.282743 0.000000
vt 1.033000 0.298451 0.000000
vt 1.653000 0.314159 0.000000
vt 1.033000 0.329867 0.000000
vt 1.653000 0.345575 0.000000
vt 1.033000 0.361283 0.000000
vt 1.653000 0.376991 0.000000
vt 1.033000 0.392699 0.000000
vt 1.653000 0.408407 0.000000
vt 1.033000 0.424115 0.000000
vt 1.653000 0.439823 0.000000
vt 1.033000 0.455531 0.000000
vt 1.653000 0.471239 0.000000
vt 1.033000 0.486947 0.000000
vt 1.033000 -0.455531 0.000000
vt 1.653000 -0.471239 0.000000
vt 1.653000 -0.439823 0.000000
vt 1.033000 -0.424115 0.000000
vt 1.653000 -0.408407 0.000000
vt 1.033000 -0.392699 0.000000
vt 1.653000 -0.376991 0.000000
vt 1.033000 -0.361283 0.000000
vt 1.653000 -0.345575 0.000000
vt 1.033000 -0.329867 0.000000
vt 1.653000 -0.314159 0.000000
vt 1.033000 -0.298451 0.000000
vt 1.653000 -0.282743 0.000000
vt -1.500000 -0.400000 0.000000
vt 0.000000 -0.400000 0.000000
vt -1.500000 0.000000 0.000000
vt 0.000000 0.000000 0.000000
vt -0.400000 0.000000 0.000000
vt 0.000000 0.000000 0.000000
vt -0.400000 0.500000 0.000000
vt 0.000000 0.500000 0.000000
vt -1.500000 -0.400000 0.000000
vt 0.000000 -0.400000 0.000000
vt -1.500000 0.000000 0.000000
vt 0.000000 0.000000 0.000000
vt 0.400000 0.000000 0.000000
vt 0.000000 0.000000 0.000000
vt 0.400000 -0.500000 0.000000
vt 0.000000 -0.500000 0.000000
vt -0.750000 6.400000 0.000000
vt 0.750000 6.400000 0.000000
vt -0.750000 6.900000 0.000000
vt 0.750000 6.900000 0.000000
vn -0.100000 0.000000 -0.000000
vn -0.100000 0.000000 -0.000000
vn -0.100000 0.000000 -0.000000
vn -0.100000 0.000000 -0.000000
vn -0.100000 0.000000 -0.000000
vn -0.100000 0.000000 -0.000000
vn -0.100000 0.000000 -0.000000
vn -0.100000 0.000000 -0.000000
vn -0.073587 0.000000 0.067712
vn -0.074494 0.000000 0.066713
vn -0.070588 0.000000 0.070833
vn -0.069424 0.000000 0.071974
vn -0.070588 0.000000 0.070833
vn -0.065174 0.000000 0.075845
vn -0.063984 0.000000 0.076851
vn -0.059405 0.000000 0.080443
vn -0.058201 0.000000 0.081318
vn -0.053312 0.000000 0.084604
vn -0.052108 0.000000 0.085351
vn -0.046930 0.000000 0.088304
vn -0.045737 0.000000 0.088928
vn -0.040292 0.000000 0.091523
vn -0.039122 0.000000 0.092030
vn -0.033435 0.000000 0.094245
vn -0.032298 0.000000 0.094641
vn -0.026396 0.000000 0.096453
vn -0.025301 0.000000 0.096746
vn -0.019213 0.000000 0.098137
vn -0.018169 0.000000 0.098336
vn -0.011926 0.000000 0.099286
vn -0.010940 0.000000 0.099400
vn -0.004574 0.000000 0.099895
vn -0.003653 0.000000 0.099933
vn 0.002804 -0.000000 0.099961
vn 0.003653 -0.000000 0.099933
vn 0.010165 -0.000000 0.099482
vn 0.010940 -0.000000 0.099400
vn 0.017472 -0.000000 0.098462
vn 0.018169 -0.000000 0.098336
vn 0.024683 -0.000000 0.096906
vn 0.025301 -0.000000 0.096746
vn 0.031761 -0.000000 0.094822
vn 0.032298 -0.000000 0.094641
vn 0.038665 -0.000000 0.092223
vn 0.039122 -0.000000 0.092030
vn 0.045359 -0.000000 0.089121
vn 0.045737 -0.000000 0.088928
vn 0.051806 -0.000000 0.085535
vn 0.052108 -0.000000 0.085351
vn 0.057971 -0.000000 0.081483
vn 0.058201 -0.000000 0.081318
vn 0.063820 -0.000000 0.076987
vn 0.063984 -0.000000 0.076851
vn 0.069322 -0.000000 0.072072
vn 0.069424 -0.000000 0.071974
vn 0.074447 -0.000000 0.066766
vn 0.074471 -0.000000 0.066739
vn 0.079167 -0.000000 0.061095
vn 0.074494 -0.000000 0.066713
vn 0.079167 -0.000000 0.061095
vn -0.076449 0.000000 0.064464
vn -0.079167 0.000000 0.061095
vn -0.074494 0.000000 0.066713
vn -0.079167 0.000000 0.061095
vn -0.069424 0.000000 0.071974
vn -0.063984 0.000000 0.076851
vn -0.058201 0.000000 0.081318
vn -0.052108 0.000000 0.085351
vn -0.045737 0.000000 0.088928
vn -0.039122 0.000000 0.092030
vn -0.032298 0.000000 0.094641
vn -0.025301 0.000000 0.096746
vn -0.018169 0.000000 0.098336
vn -0.010940 0.000000 0.099400
vn -0.003653 0.000000 0.099933
vn 0.003653 -0.000000 0.099933
vn 0.010940 -0.000000 0.099400
vn 0.018169 -0.000000 0.098336
vn 0.025301 -0.000000 0.096746
vn 0.032298 -0.000000 0.094641
vn 0.039122 -0.000000 0.092030
vn 0.045737 -0.000000 0.088928
vn 0.052108 -0.000000 0.085351
vn 0.058201 -0.000000 0.081318
vn 0.063984 -0.000000 0.076851
vn 0.069424 -0.000000 0.071974
vn 0.100000 0.000000 0.000000
vn 0.100000 0.000000 0.000000
vn 0.100000 0.000000 0.000000
vn 0.100000 0.000000 0.000000
vn -0.079167 0.000000 -0.061095
vn -0.076449 0.000000 -0.064464
vn -0.079167 0.000000 -0.061095
vn -0.074494 0.000000 -0.066713
vn -0.074494 0.000000 -0.066713
vn -0.069424 0.000000 -0.071974
vn -0.069424 0.000000 -0.071974
vn -0.063984 0.000000 -0.076851
vn -0.063984 0.000000 -0.076851
vn -0.058201 0.000000 -0.081318
vn -0.058201 0.000000 -0.081318
vn -0.052108 0.000000 -0.085351
vn -0.052108 0.000000 -0.085351
vn -0.045737 0.000000 -0.088928
vn -0.045737 0.000000 -0.088928
vn -0.039122 0.000000 -0.092030
vn -0.039122 0.000000 -0.092030
vn -0.032298 0.000000 -0.094641
vn -0.032298 0.000000 -0.094641
vn -0.025301 0.000000 -0.096746
vn -0.025301 0.000000 -0.096746
vn -0.018169 0.000000 -0.098336
vn -0.018169 0.000000 -0.098336
vn -0.010940 0.000000 -0.099400
vn -0.010940 0.000000 -0.099400
vn -0.003653 0.000000 -0.099933
vn -0.003653 0.000000 -0.099933
vn 0.003653 0.000000 -0.099933
vn 0.003653 0.000000 -0.099933
vn 0.010940 0.000000 -0.099400
vn 0.010940 0.000000 -0.099400
vn 0.018169 0.000000 -0.098336
vn 0.018169 0.000000 -0.098336
vn 0.025301 0.000000 -0.096746
vn 0.025301 0.000000 -0.096746
vn 0.032298 0.000000 -0.094641
vn 0.032298 0.000000 -0.094641
vn 0.039122 0.000000 -0.092030
vn 0.039122 0.000000 -0.092030
vn 0.045737 0.000000 -0.088928
vn 0.045737 0.000000 -0.088928
vn 0.052108 0.000000 -0.085351
vn 0.052108 0.000000 -0.085351
vn 0.058201 0.000000 -0.081318
vn 0.058201 0.000000 -0.081318
vn 0.063984 0.000000 -0.076851
vn 0.063984 0.000000 -0.076851
vn 0.069424 0.000000 -0.071974
vn 0.069424 0.000000 -0.071974
vn 0.074471 0.000000 -0.066739
vn 0.074447 0.000000 -0.066766
vn 0.079167 0.000000 -0.061095
vn -0.073587 0.000000 -0.067712
vn -0.070588 0.000000 -0.070833
vn -0.070588 0.000000 -0.070833
vn -0.065174 0.000000 -0.075845
vn -0.059405 0.000000 -0.080443
vn -0.053312 0.000000 -0.084604
vn -0.046930 0.000000 -0.088304
vn -0.040292 0.000000 -0.091523
vn -0.033435 0.000000 -0.094245
vn -0.026396 0.000000 -0.096453
vn -0.019213 0.000000 -0.098137
vn -0.011926 0.000000 -0.099286
vn -0.004574 0.000000 -0.099895
vn 0.002804 0.000000 -0.099961
vn 0.010165 0.000000 -0.099482
vn 0.017472 0.000000 -0.098462
vn 0.024683 0.000000 -0.096906
vn 0.031761 0.000000 -0.094822
vn 0.038665 0.000000 -0.092223
vn 0.045359 0.000000 -0.089121
vn 0.051806 0.000000 -0.085535
vn 0.057971 0.000000 -0.081483
vn 0.063820 0.000000 -0.076987
vn 0.069322 0.000000 -0.072072
vn 0.079167 0.000000 -0.061095
vn 0.074494 0.000000 -0.066713
vn -0.100000 0.000000 0.000000
vn -0.100000 0.000000 0.000000
vn -0.100000 0.000000 0.000000
vn -0.100000 0.000000 0.000000
vn 0.000000 -0.100000 0.000000
vn 0.000000 -0.100000 0.000000
vn 0.000000 -0.100000 0.000000
vn 0.000000 -0.100000 0.000000
vn 0.000000 -0.100000 0.000000
vn 0.000000 -0.100000 0.000000
vn 0.000000 -0.100000 0.000000
vn 0.000000 -0.100000 0.000000
vn 0.000000 -0.100000 0.000000
vn 0.000000 -0.100000 0.000000
vn 0.000000 -0.100000 0.000000
vn 0.000000 -0.100000 0.000000
vn 0.000000 -0.100000 0.000000
vn 0.000000 -0.100000 0.000000
vn 0.000000 -0.100000 0.000000
vn 0.000000 -0.100000 0.000000
vn 0.000000 -0.100000 0.000000
vn 0.000000 -0.100000 0.000000
vn 0.000000 -0.100000 0.000000
vn 0.000000 -0.100000 0.000000
vn 0.000000 -0.100000 0.000000
vn 0.000000 -0.100000 0.000000
vn 0.000000 -0.100000 0.000000
vn 0.000000 -0.100000 0.000000
vn 0.000000 -0.100000 0.000000
vn 0.000000 -0.100000 0.000000
vn 0.000000 -0.100000 0.000000
vn 0.000000 -0.100000 0.000000
vn 0.000000 -0.100000 0.000000
vn 0.000000 -0.100000 0.000000
vn 0.000000 -0.100000 0.000000
vn 0.000000 -0.100000 0.000000
vn 0.000000 -0.100000 0.000000
vn 0.000000 -0.100000 0.000000
vn 0.000000 -0.100000 0.000000
vn 0.000000 -0.100000 0.000000
vn 0.000000 -0.100000 0.000000
vn 0.000000 -0.100000 0.000000
vn 0.000000 -0.100000 0.000000
vn 0.000000 -0.100000 0.000000
vn 0.000000 -0.100000 0.000000
vn 0.000000 -0.100000 0.000000
vn 0.000000 -0.100000 0.000000
vn 0.000000 -0.100000 0.000000
vn 0.000000 -0.100000 0.000000
vn 0.000000 -0.100000 0.000000
vn 0.000000 -0.100000 0.000000
vn 0.000000 -0.100000 0.000000
vn 0.000000 -0.100000 0.000000
vn 0.000000 -0.100000 0.000000
vn 0.000000 -0.100000 0.000000
vn 0.000000 -0.100000 0.000000
vn 0.000000 -0.100000 0.000000
vn 0.000000 -0.100000 0.000000
vn 0.000000 -0.100000 0.000000
vn 0.000000 -0.100000 0.000000
vn 0.000000 -0.100000 0.000000
vn 0.000000 -0.100000 0.000000
vn 0.000000 -0.100000 0.000000
vn 0.000000 -0.100000 0.000000
vn 0.000000 -0.100000 0.000000
vn 0.000000 -0.100000 0.000000
vn 0.000000 -0.100000 0.000000
vn 0.000000 -0.100000 0.000000
vn 0.000000 -0.100000 0.000000
vn 0.000000 -0.100000 0.000000
vn 0.000000 -0.100000 0.000000
vn 0.000000 -0.100000 0.000000
vn 0.000000 -0.100000 0.000000
vn 0.000000 -0.100000 0.000000
vn 0.000000 -0.100000 0.000000
vn 0.000000 -0.100000 0.000000
vn 0.000000 -0.100000 0.000000
vn 0.000000 -0.100000 0.000000
vn 0.000000 -0.100000 0.000000
vn 0.000000 -0.100000 0.000000
vn 0.000000 -0.100000 0.000000
vn 0.000000 -0.100000 0.000000
vn 0.000000 -0.100000 0.000000
vn 0.000000 -0.100000 0.000000
vn 0.000000 -0.100000 0.000000
vn 0.000000 -0.100000 0.000000
vn 0.000000 -0.100000 0.000000
vn 0.000000 -0.100000 0.000000
vn 0.000000 -0.100000 0.000000
vn 0.000000 -0.100000 0.000000
vn 0.000000 -0.100000 0.000000
vn 0.000000 -0.100000 0.000000
vn 0.000000 -0.100000 0.000000
vn 0.000000 -0.100000 0.000000
vn 0.000000 -0.100000 0.000000
vn 0.000000 -0.100000 0.000000
vn 0.000000 -0.100000 0.000000
vn 0.000000 -0.100000 0.000000
vn 0.000000 -0.100000 0.000000
vn 0.000000 -0.100000 0.000000
vn 0.000000 -0.100000 0.000000
vn 0.000000 -0.100000 0.000000
vn 0.000000 -0.100000 0.000000
vn 0.000000 -0.100000 0.000000
vn 0.000000 0.100000 0.000000
vn 0.000000 0.100000 0.000000
vn 0.000000 0.100000 0.000000
vn 0.000000 0.100000 0.000000
vn 0.000000 0.100000 0.000000
vn 0.000000 0.100000 0.000000
vn 0.000000 0.100000 0.000000
vn 0.000000 0.100000 0.000000
vn 0.000000 0.100000 0.000000
vn 0.000000 0.100000 0.000000
vn 0.000000 0.100000 0.000000
vn 0.000000 0.100000 0.000000
vn 0.000000 0.100000 0.000000
vn 0.000000 0.100000 0.000000
vn 0.000000 0.100000 0.000000
vn 0.000000 0.100000 0.000000
vn 0.000000 0.100000 0.000000
vn 0.000000 0.100000 0.000000
vn 0.000000 0.100000 0.000000
vn 0.000000 0.100000 0.000000
vn 0.000000 0.100000 0.000000
vn 0.000000 0.100000 0.000000
vn 0.000000 0.100000 0.000000
vn 0.000000 0.100000 0.000000
vn 0.000000 0.100000 0.000000
vn 0.000000 0.100000 0.000000
vn 0.000000 0.100000 0.000000
vn 0.000000 0.100000 0.000000
vn 0.000000 0.100000 0.000000
vn 0.000000 0.100000 0.000000
vn 0.000000 0.100000 0.000000
vn 0.000000 0.100000 0.000000
vn 0.000000 0.100000 0.000000
vn 0.000000 0.100000 0.000000
vn 0.000000 0.100000 0.000000
vn 0.000000 0.100000 0.000000
vn 0.000000 0.100000 0.000000
vn 0.000000 0.100000 0.000000
vn 0.000000 0.100000 0.000000
vn 0.000000 0.100000 0.000000
vn 0.000000 0.100000 0.000000
vn 0.000000 0.100000 0.000000
vn 0.000000 0.100000 0.000000
vn 0.000000 0.100000 0.000000
vn 0.000000 0.100000 0.000000
vn 0.000000 0.100000 0.000000
vn 0.000000 0.100000 0.000000
vn 0.000000 0.100000 0.000000
vn 0.000000 0.100000 0.000000
vn 0.000000 0.100000 0.000000
vn 0.000000 0.100000 0.000000
vn 0.000000 0.100000 0.000000
vn 0.000000 0.100000 0.000000
vn 0.000000 0.100000 0.000000
vn 0.000000 0.100000 0.000000
vn 0.000000 0.100000 0.000000
vn 0.000000 0.100000 0.000000
vn 0.000000 0.100000 0.000000
vn 0.000000 0.100000 0.000000
vn 0.000000 0.100000 0.000000
vn 0.000000 0.100000 0.000000
vn 0.000000 0.100000 0.000000
vn 0.000000 0.100000 0.000000
vn 0.000000 0.100000 0.000000
vn 0.000000 0.100000 0.000000
vn 0.000000 0.100000 0.000000
vn 0.000000 0.100000 0.000000
vn 0.000000 0.100000 0.000000
vn 0.000000 0.100000 0.000000
vn 0.000000 0.100000 0.000000
vn 0.000000 0.100000 0.000000
vn 0.000000 0.100000 0.000000
vn 0.000000 0.100000 0.000000
vn 0.000000 0.100000 0.000000
vn 0.000000 0.100000 0.000000
vn 0.000000 0.100000 0.000000
vn 0.000000 0.100000 0.000000
vn 0.000000 0.100000 0.000000
vn 0.000000 0.100000 0.000000
vn 0.000000 0.100000 0.000000
vn 0.000000 0.100000 0.000000
vn 0.000000 0.100000 0.000000
vn 0.000000 0.100000 0.000000
vn 0.000000 0.100000 0.000000
vn 0.000000 0.100000 0.000000
vn 0.000000 0.100000 0.000000
vn 0.000000 0.100000 0.000000
vn 0.000000 0.100000 0.000000
vn 0.000000 0.100000 0.000000
vn 0.000000 0.100000 0.000000
vn 0.000000 0.100000 0.000000
vn 0.000000 0.100000 0.000000
vn 0.000000 -0.100000 0.000000
vn 0.000000 -0.100000 0.000000
vn 0.000000 -0.100000 0.000000
vn 0.000000 -0.100000 0.000000
vn 0.000000 -0.100000 0.000000
vn 0.000000 -0.100000 0.000000
vn 0.000000 -0.100000 0.000000
vn 0.000000 -0.100000 0.000000
vn 0.000000 -0.100000 0.000000
vn 0.000000 -0.100000 0.000000
vn 0.000000 0.000000 -0.100000
vn 0.000000 0.000000 -0.100000
vn 0.000000 0.000000 -0.100000
vn 0.000000 0.000000 -0.100000
vn 0.000000 0.000000 -0.100000
vn 0.000000 0.000000 -0.100000
vn 0.000000 0.100000 0.000000
vn 0.000000 0.100000 0.000000
vn 0.000000 0.100000 0.000000
vn 0.000000 0.100000 0.000000
vn 0.000000 0.100000 0.000000
vn 0.000000 0.100000 0.000000
vn 0.000000 0.100000 0.000000
vn 0.000000 0.100000 0.000000
vn 0.000000 0.100000 0.000000
vn 0.000000 0.100000 0.000000
vn 0.000000 0.100000 0.000000
vn 0.000000 0.100000 0.000000
vn 0.000000 0.100000 0.000000
vn 0.000000 0.100000 0.000000
vn 0.000000 0.100000 0.000000
vn 0.000000 0.100000 0.000000
vn 0.000000 0.100000 0.000000
vn 0.000000 0.100000 0.000000
vn 0.000000 0.100000 0.000000
vn 0.000000 0.100000 0.000000
vn 0.000000 0.100000 0.000000
vn 0.000000 0.100000 0.000000
vn 0.000000 0.100000 0.000000
vn 0.000000 0.100000 0.000000
vn 0.000000 0.100000 0.000000
vn 0.000000 0.100000 0.000000
vn 0.000000 0.100000 0.000000
vn 0.000000 0.100000 0.000000
vn 0.000000 0.100000 0.000000
vn 0.000000 0.100000 0.000000
vn 0.000000 0.100000 0.000000
vn 0.000000 0.100000 0.000000
vn 0.000000 0.100000 0.000000
vn 0.000000 0.100000 0.000000
vn 0.000000 0.100000 0.000000
vn 0.000000 0.100000 0.000000
vn 0.000000 0.100000 0.000000
vn 0.000000 0.100000 0.000000
vn 0.000000 0.100000 0.000000
vn 0.000000 0.100000 0.000000
vn 0.000000 0.100000 0.000000
vn 0.000000 0.100000 0.000000
vn 0.000000 0.100000 0.000000
vn 0.000000 0.100000 0.000000
vn 0.000000 0.100000 0.000000
vn 0.000000 0.100000 0.000000
vn 0.000000 0.000000 0.100000
vn 0.000000 0.000000 0.100000
vn 0.000000 0.000000 0.100000
vn 0.000000 0.000000 0.100000
vn 0.000000 0.000000 0.100000
vn 0.000000 0.000000 0.100000
vn -0.063474 0.000000 0.077273
vn -0.063474 0.000000 0.077273
vn -0.057522 0.000000 0.081800
vn -0.057522 0.000000 0.081800
vn -0.051248 0.000000 0.085870
vn -0.051248 0.000000 0.085870
vn -0.044688 0.000000 0.089460
vn -0.044688 0.000000 0.089460
vn -0.037877 0.000000 0.092549
vn -0.037877 0.000000 0.092549
vn -0.030855 0.000000 0.095121
vn -0.030855 0.000000 0.095121
vn -0.023661 0.000000 0.097161
vn -0.023661 0.000000 0.097161
vn -0.016334 0.000000 0.098657
vn -0.016334 0.000000 0.098657
vn -0.008915 0.000000 0.099602
vn -0.008915 0.000000 0.099602
vn -0.001447 0.000000 0.099990
vn -0.001447 0.000000 0.099990
vn 0.006029 0.000000 0.099818
vn 0.006029 0.000000 0.099818
vn 0.013472 0.000000 0.099088
vn 0.013472 0.000000 0.099088
vn 0.020839 0.000000 0.097805
vn 0.020839 0.000000 0.097805
vn 0.028090 0.000000 0.095974
vn 0.028090 0.000000 0.095974
vn 0.035183 0.000000 0.093606
vn 0.035183 0.000000 0.093606
vn 0.042080 0.000000 0.090715
vn 0.042080 0.000000 0.090715
vn 0.048742 0.000000 0.087317
vn 0.048742 0.000000 0.087317
vn 0.055130 0.000000 0.083430
vn 0.055130 0.000000 0.083430
vn 0.061211 0.000000 0.079077
vn 0.061211 0.000000 0.079077
vn 0.066949 0.000000 0.074282
vn 0.066949 0.000000 0.074282
vn 0.072313 0.000000 0.069071
vn 0.072313 0.000000 0.069071
vn 0.077273 0.000000 0.063474
vn 0.077273 0.000000 0.063474
vn 0.077273 0.000000 -0.063474
vn 0.077273 0.000000 -0.063474
vn 0.072313 0.000000 -0.069071
vn 0.072313 0.000000 -0.069071
vn 0.066949 0.000000 -0.074282
vn 0.066949 0.000000 -0.074282
vn 0.061211 0.000000 -0.079077
vn 0.061211 0.000000 -0.079077
vn 0.055130 0.000000 -0.083430
vn 0.055130 0.000000 -0.083430
vn 0.048742 0.000000 -0.087317
vn 0.048742 0.000000 -0.087317
vn 0.042080 0.000000 -0.090715
vn 0.042080 0.000000 -0.090715
vn 0.035183 0.000000 -0.093606
vn 0.035183 0.000000 -0.093606
vn 0.028090 0.000000 -0.095974
vn 0.028090 0.000000 -0.095974
vn 0.020839 0.000000 -0.097805
vn 0.020839 0.000000 -0.097805
vn 0.013472 0.000000 -0.099088
vn 0.013472 0.000000 -0.099088
vn 0.006029 0.000000 -0.099818
vn 0.006029 0.000000 -0.099818
vn -0.001447 0.000000 -0.099990
vn -0.001447 0.000000 -0.099990
vn -0.008915 0.000000 -0.099602
vn -0.008915 0.000000 -0.099602
vn -0.016334 0.000000 -0.098657
vn -0.016334 0.000000 -0.098657
vn -0.023661 0.000000 -0.097161
vn -0.023661 0.000000 -0.097161
vn -0.030855 0.000000 -0.095121
vn -0.030855 0.000000 -0.095121
vn -0.037877 0.000000 -0.092549
vn -0.037877 0.000000 -0.092549
vn -0.044688 0.000000 -0.089460
vn -0.044688 0.000000 -0.089460
vn -0.051248 0.000000 -0.085870
vn -0.051248 0.000000 -0.085870
vn -0.057522 0.000000 -0.081800
vn -0.057522 0.000000 -0.081800
vn -0.063474 0.000000 -0.077273
vn -0.063474 0.000000 -0.077273
vn 0.100000 -0.000000 0.000000
vn 0.100000 -0.000000 0.000000
vn 0.100000 -0.000000 0.000000
vn 0.100000 -0.000000 0.000000
vn 0.100000 -0.000000 0.000000
vn 0.100000 -0.000000 0.000000
vn 0.100000 -0.000000 0.000000
vn 0.100000 -0.000000 0.000000
vn -0.100000 0.000000 0.000000
vn -0.100000 0.000000 0.000000
vn -0.100000 0.000000 0.000000
vn -0.100000 0.000000 0.000000
vn -0.100000 0.000000 0.000000
vn -0.100000 0.000000 0.000000
vn -0.100000 0.000000 0.000000
vn -0.100000 0.000000 0.000000
vn -0.100000 0.000000 0.000000
vn -0.100000 0.000000 0.000000
vn -0.100000 0.000000 0.000000
vn -0.100000 0.000000 0.000000
vn -0.100000 0.000000 0.000000
vn -0.100000 0.000000 0.000000
vn -0.100000 0.000000 0.000000
vn -0.100000 0.000000 0.000000
vn -0.100000 0.000000 0.000000
vn -0.100000 0.000000 0.000000
vn -0.100000 0.000000 0.000000
vn -0.100000 0.000000 0.000000
vn -0.100000 0.000000 0.000000
vn -0.100000 0.000000 0.000000
vn -0.100000 0.000000 0.000000
vn -0.100000 0.000000 0.000000
vn -0.100000 0.000000 0.000000
vn -0.100000 0.000000 0.000000
vn -0.100000 0.000000 0.000000
vn -0.100000 0.000000 0.000000
vn -0.100000 0.000000 0.000000
vn -0.100000 0.000000 0.000000
vn -0.100000 0.000000 0.000000
vn -0.100000 0.000000 0.000000
vn -0.100000 0.000000 0.000000
vn -0.100000 0.000000 0.000000
vn -0.100000 0.000000 0.000000
vn -0.100000 0.000000 0.000000
vn -0.100000 0.000000 0.000000
vn -0.100000 0.000000 0.000000
vn -0.100000 0.000000 0.000000
vn -0.100000 0.000000 0.000000
vn -0.100000 0.000000 0.000000
vn -0.100000 0.000000 0.000000
vn -0.100000 0.000000 0.000000
vn -0.100000 0.000000 0.000000
vn -0.100000 0.000000 0.000000
vn -0.100000 0.000000 0.000000
vn -0.100000 0.000000 0.000000
vn -0.100000 0.000000 0.000000
vn -0.100000 0.000000 0.000000
vn -0.100000 0.000000 0.000000
vn -0.100000 0.000000 0.000000
vn -0.100000 0.000000 0.000000
vn -0.100000 0.000000 0.000000
vn -0.100000 0.000000 0.000000
vn -0.100000 0.000000 0.000000
vn -0.100000 0.000000 0.000000
vn -0.100000 0.000000 0.000000
vn -0.100000 0.000000 0.000000
vn -0.100000 0.000000 0.000000
vn -0.100000 0.000000 0.000000
vn -0.100000 0.000000 0.000000
vn -0.100000 0.000000 0.000000
vn -0.100000 0.000000 0.000000
vn -0.100000 0.000000 0.000000
vn -0.100000 0.000000 0.000000
vn -0.100000 0.000000 0.000000
vn -0.100000 0.000000 0.000000
vn -0.100000 0.000000 0.000000
vn -0.100000 0.000000 0.000000
vn -0.100000 0.000000 0.000000
vn -0.100000 0.000000 0.000000
vn -0.100000 0.000000 0.000000
vn -0.100000 0.000000 0.000000
vn -0.100000 0.000000 0.000000
vn -0.100000 0.000000 0.000000
vn -0.100000 0.000000 0.000000
vn -0.100000 0.000000 0.000000
vn -0.100000 0.000000 0.000000
vn -0.100000 0.000000 0.000000
vn -0.100000 0.000000 0.000000
vn -0.100000 0.000000 0.000000
vn -0.100000 0.000000 0.000000
vn -0.100000 0.000000 0.000000
vn -0.100000 0.000000 0.000000
vn -0.100000 0.000000 0.000000
vn -0.100000 0.000000 0.000000
vn -0.100000 0.000000 0.000000
vn -0.100000 0.000000 0.000000
vn -0.100000 0.000000 0.000000
vn -0.100000 0.000000 0.000000
vn -0.100000 0.000000 0.000000
vn -0.100000 0.000000 0.000000
vn -0.100000 0.000000 0.000000
vn -0.100000 0.000000 0.000000
vn -0.100000 0.000000 0.000000
vn -0.100000 0.000000 0.000000
vn -0.077273 0.000000 -0.063474
vn -0.077273 0.000000 -0.063474
vn -0.072396 0.000000 -0.068984
vn -0.072175 0.000000 -0.069215
vn -0.067128 0.000000 -0.074120
vn -0.066653 0.000000 -0.074548
vn -0.061497 0.000000 -0.078855
vn -0.060737 0.000000 -0.079442
vn -0.055532 0.000000 -0.083163
vn -0.054463 0.000000 -0.083867
vn -0.049267 0.000000 -0.087022
vn -0.047869 0.000000 -0.087799
vn -0.042735 0.000000 -0.090408
vn -0.040992 0.000000 -0.091212
vn -0.035972 0.000000 -0.093306
vn -0.033873 0.000000 -0.094088
vn -0.029014 0.000000 -0.095698
vn -0.026555 0.000000 -0.096410
vn -0.021899 0.000000 -0.097573
vn -0.019081 0.000000 -0.098163
vn -0.014666 0.000000 -0.098919
vn -0.011494 0.000000 -0.099337
vn -0.007353 0.000000 -0.099729
vn -0.003839 0.000000 -0.099926
vn 0.000000 0.000000 -0.100000
vn 0.003839 0.000000 -0.099926
vn 0.007353 0.000000 -0.099729
vn 0.011494 0.000000 -0.099337
vn 0.014666 0.000000 -0.098919
vn 0.019081 0.000000 -0.098163
vn 0.021899 0.000000 -0.097573
vn 0.026555 0.000000 -0.096410
vn 0.029014 0.000000 -0.095698
vn 0.033873 0.000000 -0.094088
vn 0.035972 0.000000 -0.093306
vn 0.040992 0.000000 -0.091212
vn 0.042735 0.000000 -0.090408
vn 0.047869 0.000000 -0.087799
vn 0.049267 0.000000 -0.087022
vn 0.054463 0.000000 -0.083867
vn 0.055532 0.000000 -0.083163
vn 0.060737 0.000000 -0.079442
vn 0.061497 0.000000 -0.078855
vn 0.066653 0.000000 -0.074548
vn 0.067128 0.000000 -0.074120
vn 0.072175 0.000000 -0.069215
vn 0.072396 0.000000 -0.068984
vn 0.077273 0.000000 -0.063474
vn 0.077273 0.000000 -0.063474
vn 0.077273 0.000000 0.063474
vn 0.077273 0.000000 0.063474
vn 0.072396 0.000000 0.068984
vn 0.072175 0.000000 0.069215
vn 0.067128 0.000000 0.074120
vn 0.066653 0.000000 0.074548
vn 0.061497 0.000000 0.078855
vn 0.060737 0.000000 0.079442
vn 0.055532 0.000000 0.083163
vn 0.054463 0.000000 0.083867
vn 0.049267 0.000000 0.087022
vn 0.047869 0.000000 0.087799
vn 0.042735 0.000000 0.090408
vn 0.040992 0.000000 0.091212
vn 0.035972 0.000000 0.093306
vn 0.033873 0.000000 0.094088
vn 0.029014 0.000000 0.095698
vn 0.026555 0.000000 0.096410
vn 0.021899 0.000000 0.097573
vn 0.019081 0.000000 0.098163
vn 0.014666 0.000000 0.098919
vn 0.011494 0.000000 0.099337
vn 0.007353 0.000000 0.099729
vn 0.003839 0.000000 0.099926
vn 0.000000 0.000000 0.100000
vn -0.003839 0.000000 0.099926
vn -0.007353 0.000000 0.099729
vn -0.011494 0.000000 0.099337
vn -0.014666 0.000000 0.098919
vn -0.019081 0.000000 0.098163
vn -0.021899 0.000000 0.097573
vn -0.026555 0.000000 0.096410
vn -0.029014 0.000000 0.095698
vn -0.033873 0.000000 0.094088
vn -0.035972 0.000000 0.093306
vn -0.040992 0.000000 0.091212
vn -0.042735 0.000000 0.090408
vn -0.047869 0.000000 0.087799
vn -0.049267 0.000000 0.087022
vn -0.054463 0.000000 0.083867
vn -0.055532 0.000000 0.083163
vn -0.060737 0.000000 0.079442
vn -0.061497 0.000000 0.078855
vn -0.066653 0.000000 0.074548
vn -0.067128 0.000000 0.074120
vn -0.072175 0.000000 0.069215
vn -0.072396 0.000000 0.068984
vn -0.077273 0.000000 0.063474
vn -0.077273 0.000000 0.063474
vn 0.000000 0.100000 0.000000
vn 0.000000 0.100000 0.000000
vn 0.000000 0.100000 0.000000
vn 0.000000 0.100000 0.000000
vn 0.000000 0.100000 0.000000
vn 0.000000 0.100000 0.000000
vn 0.000000 0.100000 0.000000
vn 0.000000 0.100000 0.000000
vn 0.000000 0.100000 0.000000
vn 0.000000 0.100000 0.000000
vn 0.000000 0.100000 0.000000
vn 0.000000 0.100000 0.000000
vn 0.000000 0.100000 0.000000
vn 0.000000 0.100000 0.000000
vn 0.000000 0.100000 0.000000
vn 0.000000 0.100000 0.000000
vn 0.000000 0.100000 0.000000
vn 0.000000 0.100000 0.000000
vn 0.000000 0.100000 0.000000
vn 0.000000 0.100000 0.000000
vn 0.000000 0.100000 0.000000
vn 0.000000 0.100000 0.000000
vn 0.000000 0.100000 0.000000
vn 0.000000 0.100000 0.000000
vn 0.000000 0.100000 0.000000
vn 0.000000 0.100000 0.000000
vn 0.000000 0.100000 0.000000
vn 0.000000 0.100000 0.000000
vn 0.000000 0.100000 0.000000
vn 0.000000 0.100000 0.000000
vn 0.000000 0.100000 0.000000
vn 0.000000 0.100000 0.000000
vn 0.000000 0.100000 0.000000
vn 0.000000 0.100000 0.000000
vn 0.000000 0.100000 0.000000
vn 0.000000 0.100000 0.000000
vn 0.000000 0.100000 0.000000
vn 0.000000 0.100000 0.000000
vn 0.000000 0.100000 0.000000
vn 0.000000 0.100000 0.000000
vn 0.000000 0.100000 0.000000
vn 0.000000 0.100000 0.000000
vn 0.000000 0.100000 0.000000
vn 0.000000 0.100000 0.000000
vn 0.000000 0.100000 0.000000
vn 0.000000 0.100000 0.000000
vn 0.000000 0.100000 0.000000
vn 0.000000 0.100000 0.000000
vn 0.000000 0.100000 0.000000
vn 0.000000 0.100000 0.000000
vn 0.000000 0.100000 0.000000
vn 0.000000 0.100000 0.000000
vn 0.000000 0.100000 0.000000
vn 0.000000 0.100000 0.000000
vn 0.100000 0.000000 0.000000
vn 0.100000 0.000000 0.000000
vn 0.100000 0.000000 0.000000
vn 0.100000 0.000000 0.000000
vn 0.100000 0.000000 0.000000
vn 0.100000 0.000000 0.000000
vn 0.100000 0.000000 0.000000
vn 0.100000 0.000000 0.000000
vn 0.100000 0.000000 0.000000
vn 0.100000 0.000000 0.000000
vn 0.100000 0.000000 0.000000
vn 0.100000 0.000000 0.000000
vn 0.100000 0.000000 0.000000
vn 0.100000 0.000000 0.000000
vn 0.100000 0.000000 0.000000
vn 0.100000 0.000000 0.000000
vn 0.100000 0.000000 0.000000
vn 0.100000 0.000000 0.000000
vn 0.100000 0.000000 0.000000
vn 0.100000 0.000000 0.000000
vn 0.100000 0.000000 0.000000
vn 0.100000 0.000000 0.000000
vn 0.100000 0.000000 0.000000
vn 0.100000 0.000000 0.000000
vn 0.100000 0.000000 0.000000
vn 0.100000 0.000000 0.000000
vn 0.100000 0.000000 0.000000
vn 0.100000 0.000000 0.000000
vn 0.100000 0.000000 0.000000
vn 0.100000 0.000000 0.000000
vn 0.100000 0.000000 0.000000
vn 0.100000 0.000000 0.000000
vn 0.100000 0.000000 0.000000
vn 0.100000 0.000000 0.000000
vn 0.100000 0.000000 0.000000
vn 0.100000 0.000000 0.000000
vn 0.100000 0.000000 0.000000
vn 0.100000 0.000000 0.000000
vn 0.100000 0.000000 0.000000
vn 0.100000 0.000000 0.000000
vn 0.100000 0.000000 0.000000
vn 0.100000 0.000000 0.000000
vn 0.100000 0.000000 0.000000
vn 0.100000 0.000000 0.000000
vn 0.100000 0.000000 0.000000
vn 0.100000 0.000000 0.000000
vn 0.100000 0.000000 0.000000
vn 0.100000 0.000000 0.000000
vn 0.100000 0.000000 0.000000
vn 0.100000 0.000000 0.000000
vn 0.100000 0.000000 0.000000
vn 0.100000 0.000000 0.000000
vn 0.100000 0.000000 0.000000
vn 0.100000 0.000000 0.000000
vn 0.100000 0.000000 0.000000
vn 0.100000 0.000000 0.000000
vn 0.100000 0.000000 0.000000
vn 0.100000 0.000000 0.000000
vn 0.100000 0.000000 0.000000
vn 0.100000 0.000000 0.000000
vn 0.100000 0.000000 0.000000
vn 0.100000 0.000000 0.000000
vn 0.100000 0.000000 0.000000
vn 0.100000 0.000000 0.000000
vn 0.100000 0.000000 0.000000
vn 0.100000 0.000000 0.000000
vn 0.100000 0.000000 0.000000
vn 0.100000 0.000000 0.000000
vn 0.100000 0.000000 0.000000
vn 0.100000 0.000000 0.000000
vn 0.100000 0.000000 0.000000
vn 0.100000 0.000000 0.000000
vn 0.100000 0.000000 0.000000
vn 0.100000 0.000000 0.000000
vn 0.100000 0.000000 0.000000
vn 0.100000 0.000000 0.000000
vn 0.100000 0.000000 0.000000
vn 0.100000 0.000000 0.000000
vn 0.100000 0.000000 0.000000
vn 0.100000 0.000000 0.000000
vn 0.100000 0.000000 0.000000
vn 0.100000 0.000000 0.000000
vn 0.100000 0.000000 0.000000
vn 0.100000 0.000000 0.000000
vn 0.100000 0.000000 0.000000
vn 0.100000 0.000000 0.000000
vn 0.100000 0.000000 0.000000
vn 0.100000 0.000000 0.000000
vn 0.100000 0.000000 0.000000
vn 0.100000 0.000000 0.000000
vn 0.100000 0.000000 0.000000
vn 0.100000 0.000000 0.000000
vn -0.000000 -0.100000 0.000000
vn -0.000000 -0.100000 0.000000
vn -0.000000 -0.100000 0.000000
vn -0.000000 -0.100000 0.000000
vn 0.000000 0.000000 0.100000
vn 0.000000 0.000000 0.100000
vn 0.000000 0.000000 0.100000
vn 0.000000 0.000000 0.100000
vn 0.000000 0.000000 -0.100000
vn 0.000000 0.000000 -0.100000
vn 0.000000 0.000000 -0.100000
vn 0.000000 0.000000 -0.100000
vn -0.000000 -0.011196 -0.099371
vn -0.000000 -0.011196 -0.099371
vn -0.000000 -0.022252 -0.097493
vn -0.000000 -0.022252 -0.097493
vn -0.000000 -0.033028 -0.094388
vn -0.000000 -0.033028 -0.094388
vn -0.000000 -0.043388 -0.090097
vn -0.000000 -0.043388 -0.090097
vn -0.000000 -0.053203 -0.084672
vn -0.000000 -0.053203 -0.084672
vn -0.000000 -0.062349 -0.078183
vn -0.000000 -0.062349 -0.078183
vn -0.000000 -0.070711 -0.070711
vn -0.000000 -0.070711 -0.070711
vn -0.000000 -0.078183 -0.062349
vn -0.000000 -0.078183 -0.062349
vn -0.000000 -0.084672 -0.053203
vn -0.000000 -0.084672 -0.053203
vn -0.000000 -0.090097 -0.043388
vn -0.000000 -0.090097 -0.043388
vn -0.000000 -0.094388 -0.033028
vn -0.000000 -0.094388 -0.033028
vn -0.000000 -0.097493 -0.022252
vn -0.000000 -0.097493 -0.022252
vn -0.000000 -0.099371 -0.011196
vn -0.000000 -0.099371 -0.011196
vn -0.000000 -0.099371 -0.011196
vn -0.000000 -0.097493 -0.022252
vn -0.000000 -0.094388 -0.033028
vn -0.000000 -0.090097 -0.043388
vn -0.000000 -0.084672 -0.053203
vn -0.000000 -0.078183 -0.062349
vn -0.000000 -0.070711 -0.070711
vn -0.000000 -0.062349 -0.078183
vn -0.000000 -0.053203 -0.084672
vn -0.000000 -0.043388 -0.090097
vn -0.000000 -0.033028 -0.094388
vn -0.000000 -0.022252 -0.097493
vn -0.000000 -0.011196 -0.099371
vn -0.000000 -0.099371 0.011196
vn -0.000000 -0.099371 0.011196
vn -0.000000 -0.097493 0.022252
vn -0.000000 -0.097493 0.022252
vn -0.000000 -0.094388 0.033028
vn -0.000000 -0.094388 0.033028
vn -0.000000 -0.090097 0.043388
vn -0.000000 -0.090097 0.043388
vn -0.000000 -0.084672 0.053203
vn -0.000000 -0.084672 0.053203
vn -0.000000 -0.078183 0.062349
vn -0.000000 -0.078183 0.062349
vn -0.000000 -0.070711 0.070711
vn -0.000000 -0.070711 0.070711
vn -0.000000 -0.062349 0.078183
vn -0.000000 -0.062349 0.078183
vn -0.000000 -0.053203 0.084672
vn -0.000000 -0.053203 0.084672
vn -0.000000 -0.043388 0.090097
vn -0.000000 -0.043388 0.090097
vn -0.000000 -0.033028 0.094388
vn -0.000000 -0.033028 0.094388
vn -0.000000 -0.022252 0.097493
vn -0.000000 -0.022252 0.097493
vn -0.000000 -0.011196 0.099371
vn -0.000000 -0.011196 0.099371
vn -0.000000 -0.011196 0.099371
vn -0.000000 -0.022252 0.097493
vn -0.000000 -0.033028 0.094388
vn -0.000000 -0.043388 0.090097
vn -0.000000 -0.053203 0.084672
vn -0.000000 -0.062349 0.078183
vn -0.000000 -0.070711 0.070711
vn -0.000000 -0.078183 0.062349
vn -0.000000 -0.084672 0.053203
vn -0.000000 -0.090097 0.043388
vn -0.000000 -0.094388 0.033028
vn -0.000000 -0.097493 0.022252
vn -0.000000 -0.099371 0.011196
vn 0.000000 0.097815 0.020791
vn 0.000000 0.099452 0.010453
vn 0.000000 0.100000 0.000000
vn 0.000000 0.099452 -0.010453
vn 0.000000 0.097815 -0.020791
vn 0.000000 0.095106 -0.030902
vn 0.000000 0.091355 -0.040674
vn 0.000000 0.086603 -0.050000
vn 0.000000 0.080902 -0.058779
vn 0.000000 0.074314 -0.066913
vn 0.000000 0.066913 -0.074314
vn 0.000000 0.058779 -0.080902
vn 0.000000 0.050000 -0.086603
vn 0.000000 0.040674 -0.091355
vn 0.000000 0.030902 -0.095106
vn 0.000000 0.020791 -0.097815
vn 0.000000 0.010453 -0.099452
vn 0.000000 0.000000 -0.100000
vn 0.000000 -0.010453 -0.099452
vn 0.000000 -0.020791 -0.097815
vn 0.000000 -0.030902 -0.095106
vn 0.000000 -0.040674 -0.091355
vn 0.000000 -0.050000 -0.086603
vn 0.000000 -0.058779 -0.080902
vn 0.000000 -0.066913 -0.074314
vn 0.000000 -0.074314 -0.066913
vn 0.000000 -0.080902 -0.058779
vn 0.000000 -0.086603 -0.050000
vn 0.000000 -0.091355 -0.040674
vn 0.000000 -0.095106 -0.030902
vn 0.000000 -0.097815 -0.020791
vn 0.000000 -0.099452 -0.010453
vn 0.000000 -0.100000 0.000000
vn 0.000000 -0.099452 0.010453
vn 0.000000 -0.097815 0.020791
vn 0.000000 -0.095106 0.030902
vn 0.000000 -0.091355 0.040674
vn 0.000000 -0.086603 0.050000
vn 0.000000 -0.080902 0.058779
vn 0.000000 -0.074314 0.066913
vn 0.000000 -0.066913 0.074314
vn 0.000000 -0.058779 0.080902
vn 0.000000 -0.050000 0.086603
vn 0.000000 -0.040674 0.091355
vn 0.000000 -0.030902 0.095106
vn 0.000000 -0.020791 0.097815
vn 0.000000 -0.010453 0.099452
vn 0.000000 -0.000000 0.100000
vn 0.000000 0.010453 0.099452
vn 0.000000 0.020791 0.097815
vn 0.000000 0.030902 0.095106
vn 0.000000 0.040674 0.091355
vn 0.000000 0.050000 0.086603
vn 0.000000 0.058779 0.080902
vn 0.000000 0.066913 0.074314
vn 0.000000 0.074314 0.066913
vn 0.000000 0.080902 0.058779
vn 0.000000 0.086603 0.050000
vn 0.000000 0.091355 0.040674
vn 0.000000 0.095106 0.030902
vn 0.000000 0.097815 -0.020791
vn 0.000000 0.099452 -0.010453
vn 0.000000 0.100000 0.000000
vn 0.000000 0.099452 0.010453
vn 0.000000 0.097815 0.020791
vn 0.000000 0.095106 0.030902
vn 0.000000 0.091355 0.040674
vn 0.000000 0.086603 0.050000
vn 0.000000 0.080902 0.058779
vn 0.000000 0.074314 0.066913
vn 0.000000 0.066913 0.074314
vn 0.000000 0.058779 0.080902
vn 0.000000 0.050000 0.086603
vn 0.000000 0.040674 0.091355
vn 0.000000 0.030902 0.095106
vn 0.000000 0.020791 0.097815
vn 0.000000 0.010453 0.099452
vn 0.000000 -0.000000 0.100000
vn 0.000000 -0.010453 0.099452
vn 0.000000 -0.020791 0.097815
vn 0.000000 -0.030902 0.095106
vn 0.000000 -0.040674 0.091355
vn 0.000000 -0.050000 0.086603
vn 0.000000 -0.058779 0.080902
vn 0.000000 -0.066913 0.074314
vn 0.000000 -0.074314 0.066913
vn 0.000000 -0.080902 0.058779
vn 0.000000 -0.086603 0.050000
vn 0.000000 -0.091355 0.040674
vn 0.000000 -0.095106 0.030902
vn 0.000000 -0.097815 0.020791
vn 0.000000 -0.099452 0.010453
vn 0.000000 -0.100000 0.000000
vn 0.000000 -0.099452 -0.010453
vn 0.000000 -0.097815 -0.020791
vn 0.000000 -0.095106 -0.030902
vn 0.000000 -0.091355 -0.040674
vn 0.000000 -0.086603 -0.050000
vn 0.000000 -0.080902 -0.058779
vn 0.000000 -0.074314 -0.066913
vn 0.000000 -0.066913 -0.074314
vn 0.000000 -0.058779 -0.080902
vn 0.000000 -0.050000 -0.086603
vn 0.000000 -0.040674 -0.091355
vn 0.000000 -0.030902 -0.095106
vn 0.000000 -0.020791 -0.097815
vn 0.000000 -0.010453 -0.099452
vn 0.000000 -0.000000 -0.100000
vn 0.000000 0.010453 -0.099452
vn 0.000000 0.020791 -0.097815
vn 0.000000 0.030902 -0.095106
vn 0.000000 0.040674 -0.091355
vn 0.000000 0.050000 -0.086603
vn 0.000000 0.058779 -0.080902
vn 0.000000 0.066913 -0.074314
vn 0.000000 0.074314 -0.066913
vn 0.000000 0.080902 -0.058779
vn 0.000000 0.086603 -0.050000
vn 0.000000 0.091355 -0.040674
vn 0.000000 0.095106 -0.030902
vn 0.000000 0.097815 0.020791
vn 0.000000 0.099452 0.010453
vn 0.000000 0.100000 0.000000
vn 0.000000 0.099452 -0.010453
vn 0.000000 0.097815 -0.020791
vn 0.000000 0.095106 -0.030902
vn 0.000000 0.091355 -0.040674
vn 0.000000 0.086603 -0.050000
vn 0.000000 0.080902 -0.058779
vn 0.000000 0.074314 -0.066913
vn 0.000000 0.066913 -0.074314
vn 0.000000 0.058779 -0.080902
vn 0.000000 0.050000 -0.086603
vn 0.000000 0.040674 -0.091355
vn 0.000000 0.030902 -0.095106
vn 0.000000 0.020791 -0.097815
vn 0.000000 0.010453 -0.099452
vn 0.000000 0.000000 -0.100000
vn 0.000000 -0.010453 -0.099452
vn 0.000000 -0.020791 -0.097815
vn 0.000000 -0.030902 -0.095106
vn 0.000000 -0.040674 -0.091355
vn 0.000000 -0.050000 -0.086603
vn 0.000000 -0.058779 -0.080902
vn 0.000000 -0.066913 -0.074314
vn 0.000000 -0.074314 -0.066913
vn 0.000000 -0.080902 -0.058779
vn 0.000000 -0.086603 -0.050000
vn 0.000000 -0.091355 -0.040674
vn 0.000000 -0.095106 -0.030902
vn 0.000000 -0.097815 -0.020791
vn 0.000000 -0.099452 -0.010453
vn 0.000000 -0.100000 0.000000
vn 0.000000 -0.099452 0.010453
vn 0.000000 -0.097815 0.020791
vn 0.000000 -0.095106 0.030902
vn 0.000000 -0.091355 0.040674
vn 0.000000 -0.086603 0.050000
vn 0.000000 -0.080902 0.058779
vn 0.000000 -0.074314 0.066913
vn 0.000000 -0.066913 0.074314
vn 0.000000 -0.058779 0.080902
vn 0.000000 -0.050000 0.086603
vn 0.000000 -0.040674 0.091355
vn 0.000000 -0.030902 0.095106
vn 0.000000 -0.020791 0.097815
vn 0.000000 -0.010453 0.099452
vn 0.000000 -0.000000 0.100000
vn 0.000000 0.010453 0.099452
vn 0.000000 0.020791 0.097815
vn 0.000000 0.030902 0.095106
vn 0.000000 0.040674 0.091355
vn 0.000000 0.050000 0.086603
vn 0.000000 0.058779 0.080902
vn 0.000000 0.066913 0.074314
vn 0.000000 0.074314 0.066913
vn 0.000000 0.080902 0.058779
vn 0.000000 0.086603 0.050000
vn 0.000000 0.091355 0.040674
vn 0.000000 0.095106 0.030902
vn 0.000000 0.097815 -0.020791
vn 0.000000 0.099452 -0.010453
vn 0.000000 0.100000 0.000000
vn 0.000000 0.099452 0.010453
vn 0.000000 0.097815 0.020791
vn 0.000000 0.095106 0.030902
vn 0.000000 0.091355 0.040674
vn 0.000000 0.086603 0.050000
vn 0.000000 0.080902 0.058779
vn 0.000000 0.074314 0.066913
vn 0.000000 0.066913 0.074314
vn 0.000000 0.058779 0.080902
vn 0.000000 0.050000 0.086603
vn 0.000000 0.040674 0.091355
vn 0.000000 0.030902 0.095106
vn 0.000000 0.020791 0.097815
vn 0.000000 0.010453 0.099452
vn 0.000000 -0.000000 0.100000
vn 0.000000 -0.010453 0.099452
vn 0.000000 -0.020791 0.097815
vn 0.000000 -0.030902 0.095106
vn 0.000000 -0.040674 0.091355
vn 0.000000 -0.050000 0.086603
vn 0.000000 -0.058779 0.080902
vn 0.000000 -0.066913 0.074314
vn 0.000000 -0.074314 0.066913
vn 0.000000 -0.080902 0.058779
vn 0.000000 -0.086603 0.050000
vn 0.000000 -0.091355 0.040674
vn 0.000000 -0.095106 0.030902
vn 0.000000 -0.097815 0.020791
vn 0.000000 -0.099452 0.010453
vn 0.000000 -0.100000 0.000000
vn 0.000000 -0.099452 -0.010453
vn 0.000000 -0.097815 -0.020791
vn 0.000000 -0.095106 -0.030902
vn 0.000000 -0.091355 -0.040674
vn 0.000000 -0.086603 -0.050000
vn 0.000000 -0.080902 -0.058779
vn 0.000000 -0.074314 -0.066913
vn 0.000000 -0.066913 -0.074314
vn 0.000000 -0.058779 -0.080902
vn 0.000000 -0.050000 -0.086603
vn 0.000000 -0.040674 -0.091355
vn 0.000000 -0.030902 -0.095106
vn 0.000000 -0.020791 -0.097815
vn 0.000000 -0.010453 -0.099452
vn 0.000000 -0.000000 -0.100000
vn 0.000000 0.010453 -0.099452
vn 0.000000 0.020791 -0.097815
vn 0.000000 0.030902 -0.095106
vn 0.000000 0.040674 -0.091355
vn 0.000000 0.050000 -0.086603
vn 0.000000 0.058779 -0.080902
vn 0.000000 0.066913 -0.074314
vn 0.000000 0.074314 -0.066913
vn 0.000000 0.080902 -0.058779
vn 0.000000 0.086603 -0.050000
vn 0.000000 0.091355 -0.040674
vn 0.000000 0.095106 -0.030902
vn 0.000000 0.100000 0.000000
vn 0.000000 0.100000 0.000000
vn 0.000000 0.100000 0.000000
vn 0.000000 0.100000 0.000000
vn 0.000000 -0.000000 0.100000
vn 0.000000 -0.000000 0.100000
vn 0.000000 -0.000000 0.100000
vn 0.000000 -0.000000 0.100000
vn 0.000000 -0.100000 0.000000
vn 0.000000 -0.100000 0.000000
vn 0.000000 -0.100000 0.000000
vn 0.000000 -0.100000 0.000000
vn 0.000000 0.000000 -0.100000
vn 0.000000 0.000000 -0.100000
vn 0.000000 0.000000 -0.100000
vn 0.000000 0.000000 -0.100000
vn -0.100000 0.000000 -0.000000
vn -0.100000 0.000000 -0.000000
vn -0.100000 0.000000 -0.000000
vn -0.100000 0.000000 -0.000000
usemtl Opaque(102,204,255)
f 198/386/381 202/387/382 197/388/383
f 197/388/383 202/387/382 203/389/384
f 197/388/383 203/389/384 200/390/385
f 200/390/385 203/389/384 204/391/386
f 200/390/385 204/391/386 199/392/387
f 199/392/387 204/391/386 198/386/381
f 198/386/381 204/391/386 201/393/388
f 198/386/381 201/393/388 202/387/382
f 206/394/389 259/395/390 205/396/391
f 205/396/391 259/395/390 260/397/392
f 205/396/391 260/397/392 258/398/393
f 258/398/393 260/397/392 257/399/394
f 257/399/394 260/397/392 261/400/395
f 257/399/394 261/400/395 256/401/396
f 256/401/396 261/400/395 262/402/397
f 256/401/396 262/402/397 255/403/398
f 255/403/398 262/402/397 263/404/399
f 255/403/398 263/404/399 254/405/400
f 254/405/400 263/404/399 264/406/401
f 254/405/400 264/406/401 253/407/402
f 253/407/402 264/406/401 265/408/403
f 253/407/402 265/408/403 252/409/404
f 252/409/404 265/408/403 266/410/405
f 252/409/404 266/410/405 251/411/406
f 251/411/406 266/410/405 267/412/407
f 251/411/406 267/412/407 250/413/408
f 250/413/408 267/412/407 268/414/409
f 250/413/408 268/414/409 249/415/410
f 249/415/410 268/414/409 269/416/411
f 249/415/410 269/416/411 248/417/412
f 248/417/412 269/416/411 270/418/413
f 248/417/412 270/418/413 247/419/414
f 247/419/414 270/418/413 271/420/415
f 247/419/414 271/420/415 246/421/416
f 246/421/416 271/420/415 272/422/417
f 246/421/416 272/422/417 245/423/418
f 245/423/418 272/422/417 273/424/419
f 245/423/418 273/424/419 244/425/420
f 244/425/420 273/424/419 274/426/421
f 244/425/420 274/426/421 243/427/422
f 243/427/422 274/426/421 275/428/423
f 243/427/422 275/428/423 242/429/424
f 242/429/424 275/428/423 276/430/425
f 242/429/424 276/430/425 241/431/426
f 241/431/426 276/430/425 277/432/427
f 241/431/426 277/432/427 240/433/428
f 240/433/428 277/432/427 278/434/429
f 240/433/428 278/434/429 239/435/430
f 239/435/430 278/434/429 279/436/431
f 239/435/430 279/436/431 238/437/432
f 238/437/432 279/436/431 280/438/433
f 238/437/432 280/438/433 237/439/434
f 237/439/434 280/438/433 281/440/435
f 237/439/434 281/440/435 236/441/436
f 236/441/436 281/440/435 282/442/437
f 236/441/436 282/442/437 235/443/438
f 235/443/438 282/442/437 233/444/439
f 235/443/438 233/444/439 234/445/440
f 206/394/389 207/446/441 259/395/390
f 259/395/390 207/446/441 209/447/442
f 259/395/390 209/447/442 210/448/443
f 207/446/441 208/449/444 209/447/442
f 259/395/390 210/448/443 260/397/392
f 260/397/392 210/448/443 211/450/445
f 260/397/392 211/450/445 261/400/395
f 261/400/395 211/450/445 212/451/446
f 261/400/395 212/451/446 262/402/397
f 262/402/397 212/451/446 213/452/447
f 262/402/397 213/452/447 263/404/399
f 263/404/399 213/452/447 214/453/448
f 263/404/399 214/453/448 264/406/401
f 264/406/401 214/453/448 215/454/449
f 264/406/401 215/454/449 265/408/403
f 265/408/403 215/454/449 216/455/450
f 265/408/403 216/455/450 266/410/405
f 266/410/405 216/455/450 217/456/451
f 266/410/405 217/456/451 267/412/407
f 267/412/407 217/456/451 218/457/452
f 267/412/407 218/457/452 268/414/409
f 268/414/409 218/457/452 219/458/453
f 268/414/409 219/458/453 269/416/411
f 269/416/411 219/458/453 220/459/454
f 269/416/411 220/459/454 270/418/413
f 270/418/413 220/459/454 221/460/455
f 270/418/413 221/460/455 271/420/415
f 271/420/415 221/460/455 222/461/456
f 271/420/415 222/461/456 272/422/417
f 272/422/417 222/461/456 223/462/457
f 272/422/417 223/462/457 273/424/419
f 273/424/419 223/462/457 224/463/458
f 273/424/419 224/463/458 274/426/421
f 274/426/421 224/463/458 225/464/459
f 274/426/421 225/464/459 275/428/423
f 275/428/423 225/464/459 226/465/460
f 275/428/423 226/465/460 276/430/425
f 276/430/425 226/465/460 227/466/461
f 276/430/425 227/466/461 277/432/427
f 277/432/427 227/466/461 228/467/462
f 277/432/427 228/467/462 278/434/429
f 278/434/429 228/467/462 229/468/463
f 278/434/429 229/468/463 279/436/431
f 279/436/431 229/468/463 230/469/464
f 279/436/431 230/469/464 280/438/433
f 280/438/433 230/469/464 231/470/465
f 280/438/433 231/470/465 281/440/435
f 281/440/435 231/470/465 232/471/466
f 281/440/435 232/471/466 282/442/437
f 282/442/437 232/471/466 233/444/439
f 283/472/467 235/473/468 284/474/469
f 284/474/469 235/473/468 234/475/470
f 285/476/471 286/477/472 336/478/473
f 336/478/473 286/477/472 337/479/474
f 336/478/473 337/479/474 335/480/475
f 335/480/475 337/479/474 334/481/476
f 334/481/476 337/479/474 338/482/477
f 334/481/476 338/482/477 333/483/478
f 333/483/478 338/482/477 339/484/479
f 333/483/478 339/484/479 332/485/480
f 332/485/480 339/484/479 340/486/481
f 332/485/480 340/486/481 331/487/482
f 331/487/482 340/486/481 341/488/483
f 331/487/482 341/488/483 330/489/484
f 330/489/484 341/488/483 342/490/485
f 330/489/484 342/490/485 329/491/486
f 329/491/486 342/490/485 343/492/487
f 329/491/486 343/492/487 328/493/488
f 328/493/488 343/492/487 344/494/489
f 328/493/488 344/494/489 327/495/490
f 327/495/490 344/494/489 345/496/491
f 327/495/490 345/496/491 326/497/492
f 326/497/492 345/496/491 346/498/493
f 326/497/492 346/498/493 325/499/494
f 325/499/494 346/498/493 347/500/495
f 325/499/494 347/500/495 324/501/496
f 324/501/496 347/500/495 348/502/497
f 324/501/496 348/502/497 323/503/498
f 323/503/498 348/502/497 349/504/499
f 323/503/498 349/504/499 322/505/500
f 322/505/500 349/504/499 350/506/501
f 322/505/500 350/506/501 321/507/502
f 321/507/502 350/506/501 351/508/503
f 321/507/502 351/508/503 320/509/504
f 320/509/504 351/508/503 352/510/505
f 320/509/504 352/510/505 319/511/506
f 319/511/506 352/510/505 353/512/507
f 319/511/506 353/512/507 318/513/508
f 318/513/508 353/512/507 354/514/509
f 318/513/508 354/514/509 317/515/510
f 317/515/510 354/514/509 355/516/511
f 317/515/510 355/516/511 316/517/512
f 316/517/512 355/516/511 356/518/513
f 316/517/512 356/518/513 315/519/514
f 315/519/514 356/518/513 357/520/515
f 315/519/514 357/520/515 314/521/516
f 314/521/516 357/520/515 358/522/517
f 314/521/516 358/522/517 313/523/518
f 313/523/518 358/522/517 359/524/519
f 313/523/518 359/524/519 360/525/520
f 360/525/520 359/524/519 311/526/521
f 360/525/520 311/526/521 283/527/522
f 286/477/472 287/528/523 337/479/474
f 337/479/474 287/528/523 288/529/524
f 337/479/474 288/529/524 338/482/477
f 338/482/477 288/529/524 289/530/525
f 338/482/477 289/530/525 290/531/526
f 338/482/477 290/531/526 339/484/479
f 339/484/479 290/531/526 291/532/527
f 339/484/479 291/532/527 340/486/481
f 340/486/481 291/532/527 292/533/528
f 340/486/481 292/533/528 341/488/483
f 341/488/483 292/533/528 293/534/529
f 341/488/483 293/534/529 342/490/485
f 342/490/485 293/534/529 294/535/530
f 342/490/485 294/535/530 343/492/487
f 343/492/487 294/535/530 295/536/531
f 343/492/487 295/536/531 344/494/489
f 344/494/489 295/536/531 296/537/532
f 344/494/489 296/537/532 345/496/491
f 345/496/491 296/537/532 297/538/533
f 345/496/491 297/538/533 346/498/493
f 346/498/493 297/538/533 298/539/534
f 346/498/493 298/539/534 347/500/495
f 347/500/495 298/539/534 299/540/535
f 347/500/495 299/540/535 348/502/497
f 348/502/497 299/540/535 300/541/536
f 348/502/497 300/541/536 349/504/499
f 349/504/499 300/541/536 301/542/537
f 349/504/499 301/542/537 350/506/501
f 350/506/501 301/542/537 302/543/538
f 350/506/501 302/543/538 351/508/503
f 351/508/503 302/543/538 303/544/539
f 351/508/503 303/544/539 352/510/505
f 352/510/505 303/544/539 304/545/540
f 352/510/505 304/545/540 353/512/507
f 353/512/507 304/545/540 305/546/541
f 353/512/507 305/546/541 354/514/509
f 354/514/509 305/546/541 306/547/542
f 354/514/509 306/547/542 355/516/511
f 355/516/511 306/547/542 307/548/543
f 355/516/511 307/548/543 356/518/513
f 356/518/513 307/548/543 308/549/544
f 356/518/513 308/549/544 357/520/515
f 357/520/515 308/549/544 309/550/545
f 357/520/515 309/550/545 358/522/517
f 358/522/517 309/550/545 310/551/546
f 358/522/517 310/551/546 359/524/519
f 359/524/519 310/551/546 311/526/521
f 283/527/522 284/552/547 360/525/520
f 360/525/520 284/552/547 312/553/548
f 360/525/520 312/553/548 313/523/518
f 208/554/549 285/555/550 209/556/551
f 209/556/551 285/555/550 336/557/552
f 233/558/553 408/559/554 234/560/555
f 234/560/555 408/559/554 361/561/556
f 234/560/555 361/561/556 284/562/557
f 284/562/557 361/561/556 312/563/558
f 312/563/558 361/561/556 362/564/559
f 312/563/558 362/564/559 313/565/560
f 313/565/560 362/564/559 363/566/561
f 313/565/560 363/566/561 314/567/562
f 314/567/562 363/566/561 364/568/563
f 314/567/562 364/568/563 315/569/564
f 315/569/564 364/568/563 365/570/565
f 315/569/564 365/570/565 316/571/566
f 316/571/566 365/570/565 366/572/567
f 316/571/566 366/572/567 317/573/568
f 317/573/568 366/572/567 367/574/569
f 317/573/568 367/574/569 318/575/570
f 318/575/570 367/574/569 368/576/571
f 318/575/570 368/576/571 319/577/572
f 319/577/572 368/576/571 369/578/573
f 319/577/572 369/578/573 320/579/574
f 320/579/574 369/578/573 370/580/575
f 320/579/574 370/580/575 321/581/576
f 321/581/576 370/580/575 371/582/577
f 321/581/576 371/582/577 322/583/578
f 322/583/578 371/582/577 372/584/579
f 322/583/578 372/584/579 323/585/580
f 323/585/580 372/584/579 324/586/581
f 324/586/581 372/584/579 373/587/582
f 324/586/581 373/587/582 325/588/583
f 325/588/583 373/587/582 374/589/584
f 325/588/583 374/589/584 326/590/585
f 326/590/585 374/589/584 375/591/586
f 326/590/585 375/591/586 327/592/587
f 327/592/587 375/591/586 376/593/588
f 327/592/587 376/593/588 328/594/589
f 328/594/589 376/593/588 377/595/590
f 328/594/589 377/595/590 329/596/591
f 329/596/591 377/595/590 378/597/592
f 329/596/591 378/597/592 330/598/593
f 330/598/593 378/597/592 379/599/594
f 330/598/593 379/599/594 331/600/595
f 331/600/595 379/599/594 380/601/596
f 331/600/595 380/601/596 332/602/597
f 332/602/597 380/601/596 381/603/598
f 332/602/597 381/603/598 333/604/599
f 333/604/599 381/603/598 382/605/600
f 333/604/599 382/605/600 334/606/601
f 334/606/601 382/605/600 383/607/602
f 334/606/601 383/607/602 335/608/603
f 335/608/603 383/607/602 384/609/604
f 335/608/603 384/609/604 336/610/605
f 336/610/605 384/609/604 385/611/606
f 336/610/605 385/611/606 209/612/607
f 209/612/607 385/611/606 210/613/608
f 210/613/608 385/611/606 386/614/609
f 210/613/608 386/614/609 211/615/610
f 211/615/610 386/614/609 387/616/611
f 211/615/610 387/616/611 212/617/612
f 212/617/612 387/616/611 388/618/613
f 212/617/612 388/618/613 213/619/614
f 213/619/614 388/618/613 389/620/615
f 213/619/614 389/620/615 214/621/616
f 214/621/616 389/620/615 390/622/617
f 214/621/616 390/622/617 215/623/618
f 215/623/618 390/622/617 391/624/619
f 215/623/618 391/624/619 216/625/620
f 216/625/620 391/624/619 392/626/621
f 216/625/620 392/626/621 217/627/622
f 217/627/622 392/626/621 393/628/623
f 217/627/622 393/628/623 218/629/624
f 218/629/624 393/628/623 394/630/625
f 218/629/624 394/630/625 219/631/626
f 219/631/626 394/630/625 395/632/627
f 219/631/626 395/632/627 220/633/628
f 220/633/628 395/632/627 396/634/629
f 220/633/628 396/634/629 221/635/630
f 221/635/630 396/634/629 397/636/631
f 221/635/630 397/636/631 222/637/632
f 222/637/632 397/636/631 223/638/633
f 223/638/633 397/636/631 398/639/634
f 223/638/633 398/639/634 224/640/635
f 224/640/635 398/639/634 399/641/636
f 224/640/635 399/641/636 225/642/637
f 225/642/637 399/641/636 400/643/638
f 225/642/637 400/643/638 226/644/639
f 226/644/639 400/643/638 401/645/640
f 226/644/639 401/645/640 227/646/641
f 227/646/641 401/645/640 402/647/642
f 227/646/641 402/647/642 228/648/643
f 228/648/643 402/647/642 403/649/644
f 228/648/643 403/649/644 229/650/645
f 229/650/645 403/649/644 404/651/646
f 229/650/645 404/651/646 230/652/647
f 230/652/647 404/651/646 405/653/648
f 230/652/647 405/653/648 231/654/649
f 231/654/649 405/653/648 406/655/650
f 231/654/649 406/655/650 232/656/651
f 232/656/651 406/655/650 407/657/652
f 232/656/651 407/657/652 233/558/553
f 233/558/553 407/657/652 408/559/554
f 410/658/653 291/659/654 409/660/655
f 409/660/655 291/659/654 290/661/656
f 409/660/655 290/661/656 289/662/657
f 291/659/654 410/658/653 292/663/658
f 292/663/658 410/658/653 411/664/659
f 292/663/658 411/664/659 293/665/660
f 293/665/660 411/664/659 412/666/661
f 293/665/660 412/666/661 294/667/662
f 294/667/662 412/666/661 413/668/663
f 294/667/662 413/668/663 295/669/664
f 295/669/664 413/668/663 414/670/665
f 295/669/664 414/670/665 296/671/666
f 296/671/666 414/670/665 415/672/667
f 296/671/666 415/672/667 297/673/668
f 297/673/668 415/672/667 416/674/669
f 297/673/668 416/674/669 298/675/670
f 298/675/670 416/674/669 417/676/671
f 298/675/670 417/676/671 299/677/672
f 299/677/672 417/676/671 418/678/673
f 299/677/672 418/678/673 300/679/674
f 300/679/674 418/678/673 419/680/675
f 300/679/674 419/680/675 301/681/676
f 301/681/676 419/680/675 420/682/677
f 301/681/676 420/682/677 302/683/678
f 302/683/678 420/682/677 421/684/679
f 302/683/678 421/684/679 303/685/680
f 303/685/680 421/684/679 422/686/681
f 303/685/680 422/686/681 304/687/682
f 304/687/682 422/686/681 423/688/683
f 304/687/682 423/688/683 305/689/684
f 305/689/684 423/688/683 424/690/685
f 305/689/684 424/690/685 306/691/686
f 306/691/686 424/690/685 425/692/687
f 306/691/686 425/692/687 307/693/688
f 307/693/688 425/692/687 426/694/689
f 307/693/688 426/694/689 308/695/690
f 308/695/690 426/694/689 427/696/691
f 308/695/690 427/696/691 309/697/692
f 309/697/692 427/696/691 428/698/693
f 309/697/692 428/698/693 310/699/694
f 310/699/694 428/698/693 429/700/695
f 310/699/694 429/700/695 311/701/696
f 311/701/696 429/700/695 430/702/697
f 311/701/696 430/702/697 283/703/698
f 283/703/698 430/702/697 431/704/699
f 283/703/698 431/704/699 235/705/700
f 235/705/700 431/704/699 236/706/701
f 236/706/701 431/704/699 432/707/702
f 236/706/701 432/707/702 237/708/703
f 237/708/703 432/707/702 433/709/704
f 237/708/703 433/709/704 238/710/705
f 238/710/705 433/709/704 434/711/706
f 238/710/705 434/711/706 239/712/707
f 239/712/707 434/711/706 435/713/708
f 239/712/707 435/713/708 240/714/709
f 240/714/709 435/713/708 436/715/710
f 240/714/709 436/715/710 241/716/711
f 241/716/711 436/715/710 437/717/712
f 241/716/711 437/717/712 242/718/713
f 242/718/713 437/717/712 438/719/714
f 242/718/713 438/719/714 243/720/715
f 243/720/715 438/719/714 439/721/716
f 243/720/715 439/721/716 244/722/717
f 244/722/717 439/721/716 440/723/718
f 244/722/717 440/723/718 245/724/719
f 245/724/719 440/723/718 441/725/720
f 245/724/719 441/725/720 246/726/721
f 246/726/721 441/725/720 442/727/722
f 246/726/721 442/727/722 247/728/723
f 247/728/723 442/727/722 443/729/724
f 247/728/723 443/729/724 248/730/725
f 248/730/725 443/729/724 444/731/726
f 248/730/725 444/731/726 249/732/727
f 249/732/727 444/731/726 445/733/728
f 249/732/727 445/733/728 250/734/729
f 250/734/729 445/733/728 446/735/730
f 250/734/729 446/735/730 251/736/731
f 251/736/731 446/735/730 447/737/732
f 251/736/731 447/737/732 252/738/733
f 252/738/733 447/737/732 448/739/734
f 252/738/733 448/739/734 253/740/735
f 253/740/735 448/739/734 449/741/736
f 253/740/735 449/741/736 254/742/737
f 254/742/737 449/741/736 450/743/738
f 254/742/737 450/743/738 255/744/739
f 255/744/739 450/743/738 451/745/740
f 255/744/739 451/745/740 256/746/741
f 256/746/741 451/745/740 452/747/742
f 256/746/741 452/747/742 257/748/743
f 257/748/743 452/747/742 258/749/744
f 286/750/745 285/751/746 197/752/747
f 197/752/747 285/751/746 208/753/748
f 197/752/747 208/753/748 198/754/749
f 198/754/749 208/753/748 207/755/750
f 198/754/749 207/755/750 206/756/751
f 206/756/751 205/757/752 198/754/749
f 288/758/753 287/759/754 197/752/747
f 197/752/747 287/759/754 286/750/745
f 409/760/755 289/761/756 453/762/757
f 453/762/757 289/761/756 200/763/758
f 200/763/758 289/761/756 197/764/759
f 197/764/759 289/761/756 288/765/760
f 455/766/761 478/767/762 454/768/763
f 454/768/763 478/767/762 479/769/764
f 454/768/763 479/769/764 480/770/765
f 455/766/761 456/771/766 478/767/762
f 478/767/762 456/771/766 457/772/767
f 478/767/762 457/772/767 458/773/768
f 458/773/768 459/774/769 478/767/762
f 478/767/762 459/774/769 460/775/770
f 478/767/762 460/775/770 461/776/771
f 461/776/771 462/777/772 478/767/762
f 478/767/762 462/777/772 463/778/773
f 478/767/762 463/778/773 464/779/774
f 464/779/774 465/780/775 478/767/762
f 478/767/762 465/780/775 466/781/776
f 478/767/762 466/781/776 467/782/777
f 467/782/777 468/783/778 478/767/762
f 478/767/762 468/783/778 469/784/779
f 478/767/762 469/784/779 470/785/780
f 470/785/780 471/786/781 478/767/762
f 478/767/762 471/786/781 472/787/782
f 478/767/762 472/787/782 477/788/783
f 477/788/783 472/787/782 473/789/784
f 477/788/783 473/789/784 476/790/785
f 476/790/785 473/789/784 474/791/786
f 476/790/785 474/791/786 475/792/787
f 475/792/787 474/791/786 453/793/788
f 475/792/787 453/793/788 199/794/789
f 199/794/789 453/793/788 200/795/790
f 480/770/765 481/796/791 454/768/763
f 454/768/763 481/796/791 482/797/792
f 454/768/763 482/797/792 483/798/793
f 483/798/793 484/799/794 454/768/763
f 454/768/763 484/799/794 485/800/795
f 454/768/763 485/800/795 486/801/796
f 486/801/796 487/802/797 454/768/763
f 454/768/763 487/802/797 488/803/798
f 454/768/763 488/803/798 489/804/799
f 489/804/799 490/805/800 454/768/763
f 454/768/763 490/805/800 491/806/801
f 454/768/763 491/806/801 492/807/802
f 492/807/802 493/808/803 454/768/763
f 454/768/763 493/808/803 494/809/804
f 454/768/763 494/809/804 495/810/805
f 495/810/805 496/811/806 454/768/763
f 452/812/807 475/813/808 258/814/809
f 258/814/809 475/813/808 199/815/810
f 258/814/809 199/815/810 198/816/811
f 198/816/811 205/817/812 258/814/809
f 475/818/813 452/819/814 476/820/815
f 476/820/815 452/819/814 451/821/816
f 476/820/815 451/821/816 477/822/817
f 477/822/817 451/821/816 450/823/818
f 477/822/817 450/823/818 478/824/819
f 478/824/819 450/823/818 449/825/820
f 478/824/819 449/825/820 479/826/821
f 479/826/821 449/825/820 448/827/822
f 479/826/821 448/827/822 480/828/823
f 480/828/823 448/827/822 447/829/824
f 480/828/823 447/829/824 481/830/825
f 481/830/825 447/829/824 446/831/826
f 481/830/825 446/831/826 482/832/827
f 482/832/827 446/831/826 445/833/828
f 482/832/827 445/833/828 483/834/829
f 483/834/829 445/833/828 444/835/830
f 483/834/829 444/835/830 484/836/831
f 484/836/831 444/835/830 443/837/832
f 484/836/831 443/837/832 485/838/833
f 485/838/833 443/837/832 442/839/834
f 485/838/833 442/839/834 486/840/835
f 486/840/835 442/839/834 441/841/836
f 486/840/835 441/841/836 487/842/837
f 487/842/837 441/841/836 440/843/838
f 487/842/837 440/843/838 488/844/839
f 488/844/839 440/843/838 439/845/840
f 488/844/839 439/845/840 489/846/841
f 489/846/841 439/845/840 438/847/842
f 489/846/841 438/847/842 490/848/843
f 490/848/843 438/847/842 437/849/844
f 490/848/843 437/849/844 491/850/845
f 491/850/845 437/849/844 436/851/846
f 491/850/845 436/851/846 492/852/847
f 492/852/847 436/851/846 435/853/848
f 492/852/847 435/853/848 493/854/849
f 493/854/849 435/853/848 434/855/850
f 493/854/849 434/855/850 494/856/851
f 494/856/851 434/855/850 433/857/852
f 494/856/851 433/857/852 495/858/853
f 495/858/853 433/857/852 432/859/854
f 495/858/853 432/859/854 496/860/855
f 496/860/855 432/859/854 431/861/856
f 454/862/857 430/863/858 455/864/859
f 455/864/859 430/863/858 429/865/860
f 455/864/859 429/865/860 456/866/861
f 456/866/861 429/865/860 428/867/862
f 456/866/861 428/867/862 457/868/863
f 457/868/863 428/867/862 427/869/864
f 457/868/863 427/869/864 458/870/865
f 458/870/865 427/869/864 426/871/866
f 458/870/865 426/871/866 459/872/867
f 459/872/867 426/871/866 425/873/868
f 459/872/867 425/873/868 460/874/869
f 460/874/869 425/873/868 424/875/870
f 460/874/869 424/875/870 461/876/871
f 461/876/871 424/875/870 423/877/872
f 461/876/871 423/877/872 462/878/873
f 462/878/873 423/877/872 422/879/874
f 462/878/873 422/879/874 463/880/875
f 463/880/875 422/879/874 421/881/876
f 463/880/875 421/881/876 464/882/877
f 464/882/877 421/881/876 420/883/878
f 464/882/877 420/883/878 465/884/879
f 465/884/879 420/883/878 419/885/880
f 465/884/879 419/885/880 466/886/881
f 466/886/881 419/885/880 418/887/882
f 466/886/881 418/887/882 467/888/883
f 467/888/883 418/887/882 417/889/884
f 467/888/883 417/889/884 468/890/885
f 468/890/885 417/889/884 416/891/886
f 468/890/885 416/891/886 469/892/887
f 469/892/887 416/891/886 415/893/888
f 469/892/887 415/893/888 470/894/889
f 470/894/889 415/893/888 414/895/890
f 470/894/889 414/895/890 471/896/891
f 471/896/891 414/895/890 413/897/892
f 471/896/891 413/897/892 472/898/893
f 472/898/893 413/897/892 412/899/894
f 472/898/893 412/899/894 473/900/895
f 473/900/895 412/899/894 411/901/896
f 473/900/895 411/901/896 474/902/897
f 474/902/897 411/901/896 410/903/898
f 474/902/897 410/903/898 453/904/899
f 453/904/899 410/903/898 409/905/900
f 431/906/901 430/907/902 496/908/903
f 496/908/903 430/907/902 454/909/904
f 361/910/905 408/911/906 498/912/907
f 498/912/907 408/911/906 497/913/908
f 385/914/909 384/915/910 532/916/911
f 532/916/911 384/915/910 499/917/912
f 532/916/911 499/917/912 541/918/913
f 541/918/913 499/917/912 585/919/914
f 541/918/913 585/919/914 540/920/915
f 540/920/915 585/919/914 586/921/916
f 540/920/915 586/921/916 539/922/917
f 539/922/917 586/921/916 587/923/918
f 539/922/917 587/923/918 516/924/919
f 516/924/919 587/923/918 515/925/920
f 515/925/920 587/923/918 588/926/921
f 515/925/920 588/926/921 589/927/922
f 500/928/923 578/929/924 499/917/912
f 499/917/912 578/929/924 579/930/925
f 499/917/912 579/930/925 580/931/926
f 501/932/927 570/933/928 500/928/923
f 500/928/923 570/933/928 571/934/929
f 500/928/923 571/934/929 572/935/930
f 502/936/931 503/937/932 501/932/927
f 501/932/927 503/937/932 504/938/933
f 501/932/927 504/938/933 505/939/934
f 505/939/934 506/940/935 501/932/927
f 501/932/927 506/940/935 507/941/936
f 501/932/927 507/941/936 508/942/937
f 508/942/937 509/943/938 501/932/927
f 501/932/927 509/943/938 510/944/939
f 501/932/927 510/944/939 511/945/940
f 511/945/940 512/946/941 501/932/927
f 501/932/927 512/946/941 513/947/942
f 501/932/927 513/947/942 514/948/943
f 514/948/943 515/925/920 501/932/927
f 501/932/927 515/925/920 590/949/944
f 501/932/927 590/949/944 591/950/945
f 517/951/946 530/952/947 516/924/919
f 516/924/919 530/952/947 536/953/948
f 516/924/919 536/953/948 537/954/949
f 517/951/946 518/955/950 530/952/947
f 530/952/947 518/955/950 519/956/951
f 530/952/947 519/956/951 520/957/952
f 520/957/952 521/958/953 530/952/947
f 530/952/947 521/958/953 522/959/954
f 530/952/947 522/959/954 523/960/955
f 523/960/955 524/961/956 530/952/947
f 530/952/947 524/961/956 525/962/957
f 530/952/947 525/962/957 526/963/958
f 526/963/958 527/964/959 530/952/947
f 530/952/947 527/964/959 528/965/960
f 530/952/947 528/965/960 529/966/961
f 531/967/962 556/968/963 530/952/947
f 530/952/947 556/968/963 557/969/964
f 530/952/947 557/969/964 558/970/965
f 532/916/911 548/971/966 531/967/962
f 531/967/962 548/971/966 549/972/967
f 531/967/962 549/972/967 550/973/968
f 562/974/969 533/975/970 530/952/947
f 530/952/947 533/975/970 534/976/971
f 530/952/947 534/976/971 535/977/972
f 535/977/972 536/953/948 530/952/947
f 537/954/949 538/978/973 516/924/919
f 516/924/919 538/978/973 539/922/917
f 541/918/913 542/979/974 532/916/911
f 532/916/911 542/979/974 543/980/975
f 532/916/911 543/980/975 544/981/976
f 544/981/976 545/982/977 532/916/911
f 532/916/911 545/982/977 546/983/978
f 532/916/911 546/983/978 547/984/979
f 547/984/979 548/971/966 532/916/911
f 550/973/968 551/985/980 531/967/962
f 531/967/962 551/985/980 552/986/981
f 531/967/962 552/986/981 553/987/982
f 553/987/982 554/988/983 531/967/962
f 531/967/962 554/988/983 555/989/984
f 531/967/962 555/989/984 556/968/963
f 558/970/965 559/990/985 530/952/947
f 530/952/947 559/990/985 560/991/986
f 530/952/947 560/991/986 561/992/987
f 561/992/987 562/974/969 530/952/947
f 592/993/988 563/994/989 501/932/927
f 501/932/927 563/994/989 564/995/990
f 501/932/927 564/995/990 565/996/991
f 565/996/991 566/997/992 501/932/927
f 501/932/927 566/997/992 567/998/993
f 501/932/927 567/998/993 568/999/994
f 568/999/994 569/1000/995 501/932/927
f 501/932/927 569/1000/995 570/933/928
f 572/935/930 573/1001/996 500/928/923
f 500/928/923 573/1001/996 574/1002/997
f 500/928/923 574/1002/997 575/1003/998
f 575/1003/998 576/1004/999 500/928/923
f 500/928/923 576/1004/999 577/1005/1000
f 500/928/923 577/1005/1000 578/929/924
f 580/931/926 581/1006/1001 499/917/912
f 499/917/912 581/1006/1001 582/1007/1002
f 499/917/912 582/1007/1002 583/1008/1003
f 583/1008/1003 584/1009/1004 499/917/912
f 499/917/912 584/1009/1004 585/919/914
f 589/927/922 590/949/944 515/925/920
f 591/950/945 592/993/988 501/932/927
f 499/1010/1005 384/1011/1006 615/1012/1007
f 615/1012/1007 384/1011/1006 383/1013/1008
f 615/1012/1007 383/1013/1008 614/1014/1009
f 614/1014/1009 383/1013/1008 382/1015/1010
f 614/1014/1009 382/1015/1010 613/1016/1011
f 613/1016/1011 382/1015/1010 381/1017/1012
f 613/1016/1011 381/1017/1012 612/1018/1013
f 612/1018/1013 381/1017/1012 380/1019/1014
f 612/1018/1013 380/1019/1014 611/1020/1015
f 611/1020/1015 380/1019/1014 379/1021/1016
f 611/1020/1015 379/1021/1016 610/1022/1017
f 610/1022/1017 379/1021/1016 378/1023/1018
f 610/1022/1017 378/1023/1018 609/1024/1019
f 609/1024/1019 378/1023/1018 377/1025/1020
f 609/1024/1019 377/1025/1020 608/1026/1021
f 608/1026/1021 377/1025/1020 376/1027/1022
f 608/1026/1021 376/1027/1022 607/1028/1023
f 607/1028/1023 376/1027/1022 375/1029/1024
f 607/1028/1023 375/1029/1024 606/1030/1025
f 606/1030/1025 375/1029/1024 374/1031/1026
f 606/1030/1025 374/1031/1026 605/1032/1027
f 605/1032/1027 374/1031/1026 373/1033/1028
f 605/1032/1027 373/1033/1028 604/1034/1029
f 604/1034/1029 373/1033/1028 372/1035/1030
f 604/1034/1029 372/1035/1030 603/1036/1031
f 603/1036/1031 372/1035/1030 371/1037/1032
f 603/1036/1031 371/1037/1032 602/1038/1033
f 602/1038/1033 371/1037/1032 370/1039/1034
f 602/1038/1033 370/1039/1034 601/1040/1035
f 601/1040/1035 370/1039/1034 369/1041/1036
f 601/1040/1035 369/1041/1036 600/1042/1037
f 600/1042/1037 369/1041/1036 368/1043/1038
f 600/1042/1037 368/1043/1038 599/1044/1039
f 599/1044/1039 368/1043/1038 367/1045/1040
f 599/1044/1039 367/1045/1040 598/1046/1041
f 598/1046/1041 367/1045/1040 366/1047/1042
f 598/1046/1041 366/1047/1042 597/1048/1043
f 597/1048/1043 366/1047/1042 365/1049/1044
f 597/1048/1043 365/1049/1044 596/1050/1045
f 596/1050/1045 365/1049/1044 364/1051/1046
f 596/1050/1045 364/1051/1046 595/1052/1047
f 595/1052/1047 364/1051/1046 363/1053/1048
f 595/1052/1047 363/1053/1048 594/1054/1049
f 594/1054/1049 363/1053/1048 362/1055/1050
f 594/1054/1049 362/1055/1050 593/1056/1051
f 593/1056/1051 362/1055/1050 361/1057/1052
f 593/1056/1051 361/1057/1052 498/1058/1053
f 497/1059/1054 408/1060/1055 638/1061/1056
f 638/1061/1056 408/1060/1055 407/1062/1057
f 638/1061/1056 407/1062/1057 637/1063/1058
f 637/1063/1058 407/1062/1057 406/1064/1059
f 637/1063/1058 406/1064/1059 636/1065/1060
f 636/1065/1060 406/1064/1059 405/1066/1061
f 636/1065/1060 405/1066/1061 635/1067/1062
f 635/1067/1062 405/1066/1061 404/1068/1063
f 635/1067/1062 404/1068/1063 634/1069/1064
f 634/1069/1064 404/1068/1063 403/1070/1065
f 634/1069/1064 403/1070/1065 633/1071/1066
f 633/1071/1066 403/1070/1065 402/1072/1067
f 633/1071/1066 402/1072/1067 632/1073/1068
f 632/1073/1068 402/1072/1067 401/1074/1069
f 632/1073/1068 401/1074/1069 631/1075/1070
f 631/1075/1070 401/1074/1069 400/1076/1071
f 631/1075/1070 400/1076/1071 630/1077/1072
f 630/1077/1072 400/1076/1071 399/1078/1073
f 630/1077/1072 399/1078/1073 629/1079/1074
f 629/1079/1074 399/1078/1073 398/1080/1075
f 629/1079/1074 398/1080/1075 628/1081/1076
f 628/1081/1076 398/1080/1075 397/1082/1077
f 628/1081/1076 397/1082/1077 627/1083/1078
f 627/1083/1078 397/1082/1077 396/1084/1079
f 627/1083/1078 396/1084/1079 626/1085/1080
f 626/1085/1080 396/1084/1079 395/1086/1081
f 626/1085/1080 395/1086/1081 625/1087/1082
f 625/1087/1082 395/1086/1081 394/1088/1083
f 625/1087/1082 394/1088/1083 624/1089/1084
f 624/1089/1084 394/1088/1083 393/1090/1085
f 624/1089/1084 393/1090/1085 623/1091/1086
f 623/1091/1086 393/1090/1085 392/1092/1087
f 623/1091/1086 392/1092/1087 622/1093/1088
f 622/1093/1088 392/1092/1087 391/1094/1089
f 622/1093/1088 391/1094/1089 621/1095/1090
f 621/1095/1090 391/1094/1089 390/1096/1091
f 621/1095/1090 390/1096/1091 620/1097/1092
f 620/1097/1092 390/1096/1091 389/1098/1093
f 620/1097/1092 389/1098/1093 619/1099/1094
f 619/1099/1094 389/1098/1093 388/1100/1095
f 619/1099/1094 388/1100/1095 618/1101/1096
f 618/1101/1096 388/1100/1095 387/1102/1097
f 618/1101/1096 387/1102/1097 617/1103/1098
f 617/1103/1098 387/1102/1097 386/1104/1099
f 617/1103/1098 386/1104/1099 616/1105/1100
f 616/1105/1100 386/1104/1099 385/1106/1101
f 616/1105/1100 385/1106/1101 532/1107/1102
f 499/1108/1103 615/1109/1104 500/1110/1105
f 500/1110/1105 615/1109/1104 614/1111/1106
f 500/1110/1105 614/1111/1106 613/1112/1107
f 613/1112/1107 612/1113/1108 500/1110/1105
f 500/1110/1105 612/1113/1108 611/1114/1109
f 500/1110/1105 611/1114/1109 610/1115/1110
f 610/1115/1110 609/1116/1111 500/1110/1105
f 500/1110/1105 609/1116/1111 608/1117/1112
f 500/1110/1105 608/1117/1112 607/1118/1113
f 607/1118/1113 606/1119/1114 500/1110/1105
f 500/1110/1105 606/1119/1114 605/1120/1115
f 500/1110/1105 605/1120/1115 604/1121/1116
f 604/1121/1116 603/1122/1117 639/1123/1118
f 639/1123/1118 603/1122/1117 602/1124/1119
f 639/1123/1118 602/1124/1119 601/1125/1120
f 601/1125/1120 600/1126/1121 639/1123/1118
f 639/1123/1118 600/1126/1121 599/1127/1122
f 639/1123/1118 599/1127/1122 598/1128/1123
f 598/1128/1123 597/1129/1124 639/1123/1118
f 639/1123/1118 597/1129/1124 596/1130/1125
f 639/1123/1118 596/1130/1125 595/1131/1126
f 595/1131/1126 594/1132/1127 639/1123/1118
f 639/1123/1118 594/1132/1127 593/1133/1128
f 639/1123/1118 593/1133/1128 498/1134/1129
f 498/1134/1129 497/1135/1130 639/1123/1118
f 639/1123/1118 497/1135/1130 640/1136/1131
f 640/1136/1131 497/1135/1130 638/1137/1132
f 640/1136/1131 638/1137/1132 637/1138/1133
f 637/1138/1133 636/1139/1134 640/1136/1131
f 640/1136/1131 636/1139/1134 635/1140/1135
f 640/1136/1131 635/1140/1135 634/1141/1136
f 634/1141/1136 633/1142/1137 640/1136/1131
f 640/1136/1131 633/1142/1137 632/1143/1138
f 640/1136/1131 632/1143/1138 631/1144/1139
f 631/1144/1139 630/1145/1140 640/1136/1131
f 640/1136/1131 630/1145/1140 629/1146/1141
f 640/1136/1131 629/1146/1141 628/1147/1142
f 628/1147/1142 627/1148/1143 640/1136/1131
f 627/1148/1143 626/1149/1144 531/1150/1145
f 531/1150/1145 626/1149/1144 625/1151/1146
f 531/1150/1145 625/1151/1146 624/1152/1147
f 624/1152/1147 623/1153/1148 531/1150/1145
f 531/1150/1145 623/1153/1148 622/1154/1149
f 531/1150/1145 622/1154/1149 621/1155/1150
f 621/1155/1150 620/1156/1151 531/1150/1145
f 531/1150/1145 620/1156/1151 619/1157/1152
f 531/1150/1145 619/1157/1152 618/1158/1153
f 618/1158/1153 617/1159/1154 531/1150/1145
f 531/1150/1145 617/1159/1154 616/1160/1155
f 531/1150/1145 616/1160/1155 532/1161/1156
f 642/1162/1157 696/1163/1158 641/1164/1159
f 641/1164/1159 696/1163/1158 697/1165/1160
f 641/1164/1159 697/1165/1160 698/1166/1161
f 643/1167/1162 656/1168/1163 642/1162/1157
f 642/1162/1157 656/1168/1163 704/1169/1164
f 642/1162/1157 704/1169/1164 705/1170/1165
f 643/1167/1162 644/1171/1166 656/1168/1163
f 656/1168/1163 644/1171/1166 645/1172/1167
f 656/1168/1163 645/1172/1167 646/1173/1168
f 646/1173/1168 647/1174/1169 656/1168/1163
f 656/1168/1163 647/1174/1169 648/1175/1170
f 656/1168/1163 648/1175/1170 649/1176/1171
f 649/1176/1171 650/1177/1172 656/1168/1163
f 656/1168/1163 650/1177/1172 651/1178/1173
f 656/1168/1163 651/1178/1173 652/1179/1174
f 652/1179/1174 653/1180/1175 656/1168/1163
f 656/1168/1163 653/1180/1175 654/1181/1176
f 656/1168/1163 654/1181/1176 655/1182/1177
f 639/1183/1178 724/1184/1179 656/1168/1163
f 656/1168/1163 724/1184/1179 725/1185/1180
f 656/1168/1163 725/1185/1180 726/1186/1181
f 640/1187/1182 712/1188/1183 639/1183/1178
f 639/1183/1178 712/1188/1183 713/1189/1184
f 639/1183/1178 713/1189/1184 714/1190/1185
f 657/1191/1186 678/1192/1187 640/1187/1182
f 640/1187/1182 678/1192/1187 679/1193/1188
f 640/1187/1182 679/1193/1188 680/1194/1189
f 658/1195/1190 659/1196/1191 657/1191/1186
f 657/1191/1186 659/1196/1191 660/1197/1192
f 657/1191/1186 660/1197/1192 661/1198/1193
f 661/1198/1193 662/1199/1194 657/1191/1186
f 657/1191/1186 662/1199/1194 663/1200/1195
f 657/1191/1186 663/1200/1195 664/1201/1196
f 664/1201/1196 665/1202/1197 657/1191/1186
f 657/1191/1186 665/1202/1197 666/1203/1198
f 657/1191/1186 666/1203/1198 667/1204/1199
f 667/1204/1199 668/1205/1200 657/1191/1186
f 657/1191/1186 668/1205/1200 669/1206/1201
f 657/1191/1186 669/1206/1201 670/1207/1202
f 670/1207/1202 641/1164/1159 657/1191/1186
f 657/1191/1186 641/1164/1159 698/1166/1161
f 657/1191/1186 698/1166/1161 699/1208/1203
f 700/1209/1204 671/1210/1205 657/1191/1186
f 657/1191/1186 671/1210/1205 672/1211/1206
f 657/1191/1186 672/1211/1206 673/1212/1207
f 673/1212/1207 674/1213/1208 657/1191/1186
f 657/1191/1186 674/1213/1208 675/1214/1209
f 657/1191/1186 675/1214/1209 676/1215/1210
f 676/1215/1210 677/1216/1211 657/1191/1186
f 657/1191/1186 677/1216/1211 678/1192/1187
f 680/1194/1189 681/1217/1212 640/1187/1182
f 640/1187/1182 681/1217/1212 682/1218/1213
f 640/1187/1182 682/1218/1213 683/1219/1214
f 683/1219/1214 684/1220/1215 640/1187/1182
f 640/1187/1182 684/1220/1215 685/1221/1216
f 640/1187/1182 685/1221/1216 686/1222/1217
f 686/1222/1217 687/1223/1218 640/1187/1182
f 640/1187/1182 687/1223/1218 688/1224/1219
f 640/1187/1182 688/1224/1219 689/1225/1220
f 689/1225/1220 690/1226/1221 640/1187/1182
f 640/1187/1182 690/1226/1221 712/1188/1183
f 712/1188/1183 690/1226/1221 711/1227/1222
f 711/1227/1222 690/1226/1221 691/1228/1223
f 711/1227/1222 691/1228/1223 710/1229/1224
f 710/1229/1224 691/1228/1223 692/1230/1225
f 710/1229/1224 692/1230/1225 709/1231/1226
f 709/1231/1226 692/1230/1225 693/1232/1227
f 709/1231/1226 693/1232/1227 708/1233/1228
f 708/1233/1228 693/1232/1227 694/1234/1229
f 708/1233/1228 694/1234/1229 707/1235/1230
f 707/1235/1230 694/1234/1229 695/1236/1231
f 707/1235/1230 695/1236/1231 706/1237/1232
f 706/1237/1232 695/1236/1231 696/1163/1158
f 706/1237/1232 696/1163/1158 642/1162/1157
f 699/1208/1203 700/1209/1204 657/1191/1186
f 730/1238/1233 701/1239/1234 656/1168/1163
f 656/1168/1163 701/1239/1234 702/1240/1235
f 656/1168/1163 702/1240/1235 703/1241/1236
f 703/1241/1236 704/1169/1164 656/1168/1163
f 705/1170/1165 706/1237/1232 642/1162/1157
f 714/1190/1185 715/1242/1237 639/1183/1178
f 639/1183/1178 715/1242/1237 716/1243/1238
f 639/1183/1178 716/1243/1238 717/1244/1239
f 717/1244/1239 718/1245/1240 639/1183/1178
f 639/1183/1178 718/1245/1240 719/1246/1241
f 639/1183/1178 719/1246/1241 720/1247/1242
f 720/1247/1242 721/1248/1243 639/1183/1178
f 639/1183/1178 721/1248/1243 722/1249/1244
f 639/1183/1178 722/1249/1244 723/1250/1245
f 723/1250/1245 724/1184/1179 639/1183/1178
f 726/1186/1181 727/1251/1246 656/1168/1163
f 656/1168/1163 727/1251/1246 728/1252/1247
f 656/1168/1163 728/1252/1247 729/1253/1248
f 729/1253/1248 730/1238/1233 656/1168/1163
f 516/1254/1249 515/1255/1250 641/1256/1251
f 641/1256/1251 515/1255/1250 642/1257/1252
f 531/1258/1253 530/1259/1254 627/1260/1078
f 627/1260/1078 530/1259/1254 657/1261/1255
f 627/1260/1078 657/1261/1255 640/1262/1256
f 639/1263/1257 656/1264/1258 604/1265/1029
f 604/1265/1029 656/1264/1258 501/1266/1259
f 604/1265/1029 501/1266/1259 500/1267/1260
f 501/1268/1259 656/1269/1258 731/1270/1261
f 731/1270/1261 656/1269/1258 655/1271/1262
f 731/1270/1261 655/1271/1262 732/1272/1263
f 732/1272/1263 655/1271/1262 654/1273/1264
f 732/1272/1263 654/1273/1264 733/1274/1265
f 733/1274/1265 654/1273/1264 653/1275/1266
f 733/1274/1265 653/1275/1266 734/1276/1267
f 734/1276/1267 653/1275/1266 652/1277/1268
f 734/1276/1267 652/1277/1268 735/1278/1269
f 735/1278/1269 652/1277/1268 651/1279/1270
f 735/1278/1269 651/1279/1270 736/1280/1271
f 736/1280/1271 651/1279/1270 650/1281/1272
f 736/1280/1271 650/1281/1272 737/1282/1273
f 737/1282/1273 650/1281/1272 649/1283/1274
f 737/1282/1273 649/1283/1274 738/1284/1275
f 738/1284/1275 649/1283/1274 648/1285/1276
f 738/1284/1275 648/1285/1276 739/1286/1277
f 739/1286/1277 648/1285/1276 647/1287/1278
f 739/1286/1277 647/1287/1278 740/1288/1279
f 740/1288/1279 647/1287/1278 646/1289/1280
f 740/1288/1279 646/1289/1280 741/1290/1281
f 741/1290/1281 646/1289/1280 645/1291/1282
f 741/1290/1281 645/1291/1282 742/1292/1283
f 742/1292/1283 645/1291/1282 644/1293/1284
f 742/1292/1283 644/1293/1284 743/1294/1285
f 743/1294/1285 644/1293/1284 643/1295/1286
f 743/1294/1285 643/1295/1286 642/1296/1252
f 642/1296/1252 515/1297/1250 743/1294/1285
f 743/1294/1285 515/1297/1250 514/1298/1287
f 743/1294/1285 514/1298/1287 742/1292/1283
f 742/1292/1283 514/1298/1287 513/1299/1288
f 742/1292/1283 513/1299/1288 741/1290/1281
f 741/1290/1281 513/1299/1288 512/1300/1289
f 741/1290/1281 512/1300/1289 740/1288/1279
f 740/1288/1279 512/1300/1289 511/1301/1290
f 740/1288/1279 511/1301/1290 739/1286/1277
f 739/1286/1277 511/1301/1290 510/1302/1291
f 739/1286/1277 510/1302/1291 738/1284/1275
f 738/1284/1275 510/1302/1291 509/1303/1292
f 738/1284/1275 509/1303/1292 737/1282/1273
f 737/1282/1273 509/1303/1292 508/1304/1293
f 737/1282/1273 508/1304/1293 736/1280/1271
f 736/1280/1271 508/1304/1293 507/1305/1294
f 736/1280/1271 507/1305/1294 735/1278/1269
f 735/1278/1269 507/1305/1294 506/1306/1295
f 735/1278/1269 506/1306/1295 734/1276/1267
f 734/1276/1267 506/1306/1295 505/1307/1296
f 734/1276/1267 505/1307/1296 733/1274/1265
f 733/1274/1265 505/1307/1296 504/1308/1297
f 733/1274/1265 504/1308/1297 732/1272/1263
f 732/1272/1263 504/1308/1297 503/1309/1298
f 732/1272/1263 503/1309/1298 731/1270/1261
f 731/1270/1261 503/1309/1298 502/1310/1299
f 731/1270/1261 502/1310/1299 501/1268/1259
f 516/1311/1249 641/1312/1251 744/1313/1300
f 744/1313/1300 641/1312/1251 670/1314/1301
f 744/1313/1300 670/1314/1301 745/1315/1302
f 745/1315/1302 670/1314/1301 669/1316/1303
f 745/1315/1302 669/1316/1303 746/1317/1304
f 746/1317/1304 669/1316/1303 668/1318/1305
f 746/1317/1304 668/1318/1305 747/1319/1306
f 747/1319/1306 668/1318/1305 667/1320/1307
f 747/1319/1306 667/1320/1307 748/1321/1308
f 748/1321/1308 667/1320/1307 666/1322/1309
f 748/1321/1308 666/1322/1309 749/1323/1310
f 749/1323/1310 666/1322/1309 665/1324/1311
f 749/1323/1310 665/1324/1311 750/1325/1312
f 750/1325/1312 665/1324/1311 664/1326/1313
f 750/1325/1312 664/1326/1313 751/1327/1314
f 751/1327/1314 664/1326/1313 663/1328/1315
f 751/1327/1314 663/1328/1315 752/1329/1316
f 752/1329/1316 663/1328/1315 662/1330/1317
f 752/1329/1316 662/1330/1317 753/1331/1318
f 753/1331/1318 662/1330/1317 661/1332/1319
f 753/1331/1318 661/1332/1319 754/1333/1320
f 754/1333/1320 661/1332/1319 660/1334/1321
f 754/1333/1320 660/1334/1321 755/1335/1322
f 755/1335/1322 660/1334/1321 659/1336/1323
f 755/1335/1322 659/1336/1323 756/1337/1324
f 756/1337/1324 659/1336/1323 658/1338/1325
f 756/1337/1324 658/1338/1325 657/1339/1255
f 657/1339/1255 530/1340/1254 756/1337/1324
f 756/1337/1324 530/1340/1254 529/1341/1326
f 756/1337/1324 529/1341/1326 755/1335/1322
f 755/1335/1322 529/1341/1326 528/1342/1327
f 755/1335/1322 528/1342/1327 754/1333/1320
f 754/1333/1320 528/1342/1327 527/1343/1328
f 754/1333/1320 527/1343/1328 753/1331/1318
f 753/1331/1318 527/1343/1328 526/1344/1329
f 753/1331/1318 526/1344/1329 752/1329/1316
f 752/1329/1316 526/1344/1329 525/1345/1330
f 752/1329/1316 525/1345/1330 751/1327/1314
f 751/1327/1314 525/1345/1330 524/1346/1331
f 751/1327/1314 524/1346/1331 750/1325/1312
f 750/1325/1312 524/1346/1331 523/1347/1332
f 750/1325/1312 523/1347/1332 749/1323/1310
f 749/1323/1310 523/1347/1332 522/1348/1333
f 749/1323/1310 522/1348/1333 748/1321/1308
f 748/1321/1308 522/1348/1333 521/1349/1334
f 748/1321/1308 521/1349/1334 747/1319/1306
f 747/1319/1306 521/1349/1334 520/1350/1335
f 747/1319/1306 520/1350/1335 746/1317/1304
f 746/1317/1304 520/1350/1335 519/1351/1336
f 746/1317/1304 519/1351/1336 745/1315/1302
f 745/1315/1302 519/1351/1336 518/1352/1337
f 745/1315/1302 518/1352/1337 744/1313/1300
f 744/1313/1300 518/1352/1337 517/1353/1338
f 744/1313/1300 517/1353/1338 516/1311/1249
f 730/1354/1339 759/1355/1340 701/1356/1341
f 701/1356/1341 759/1355/1340 762/1357/1342
f 701/1356/1341 762/1357/1342 702/1358/1343
f 702/1358/1343 762/1357/1342 815/1359/1344
f 702/1358/1343 815/1359/1344 703/1360/1345
f 703/1360/1345 815/1359/1344 813/1361/1346
f 703/1360/1345 813/1361/1346 704/1362/1347
f 704/1362/1347 813/1361/1346 811/1363/1348
f 704/1362/1347 811/1363/1348 705/1364/1349
f 705/1364/1349 811/1363/1348 809/1365/1350
f 705/1364/1349 809/1365/1350 706/1366/1351
f 706/1366/1351 809/1365/1350 807/1367/1352
f 706/1366/1351 807/1367/1352 707/1368/1353
f 707/1368/1353 807/1367/1352 805/1369/1354
f 707/1368/1353 805/1369/1354 708/1370/1355
f 708/1370/1355 805/1369/1354 757/1371/1356
f 708/1370/1355 757/1371/1356 709/1372/1357
f 709/1373/1357 757/1374/1356 803/1375/1358
f 709/1373/1357 803/1375/1358 710/1376/1359
f 710/1376/1359 803/1375/1358 801/1377/1360
f 710/1376/1359 801/1377/1360 711/1378/1361
f 711/1378/1361 801/1377/1360 799/1379/1362
f 711/1378/1361 799/1379/1362 712/1380/1363
f 712/1380/1363 799/1379/1362 797/1381/1364
f 712/1380/1363 797/1381/1364 713/1382/1365
f 713/1382/1365 797/1381/1364 795/1383/1366
f 713/1382/1365 795/1383/1366 714/1384/1367
f 714/1384/1367 795/1383/1366 793/1385/1368
f 714/1384/1367 793/1385/1368 715/1386/1369
f 715/1386/1369 793/1385/1368 791/1387/1370
f 715/1386/1369 791/1387/1370 716/1388/1371
f 716/1388/1371 791/1387/1370 789/1389/1372
f 716/1388/1371 789/1389/1372 717/1390/1373
f 717/1390/1373 789/1389/1372 787/1391/1374
f 717/1390/1373 787/1391/1374 718/1392/1375
f 718/1392/1375 787/1391/1374 785/1393/1376
f 718/1392/1375 785/1393/1376 719/1394/1377
f 719/1394/1377 785/1393/1376 783/1395/1378
f 719/1394/1377 783/1395/1378 720/1396/1379
f 720/1396/1379 783/1395/1378 781/1397/1380
f 720/1396/1379 781/1397/1380 721/1398/1381
f 721/1398/1381 781/1397/1380 779/1399/1382
f 721/1398/1381 779/1399/1382 722/1400/1383
f 722/1400/1383 779/1399/1382 777/1401/1384
f 722/1400/1383 777/1401/1384 723/1402/1385
f 723/1402/1385 777/1401/1384 775/1403/1386
f 723/1402/1385 775/1403/1386 724/1404/1387
f 724/1404/1387 775/1403/1386 773/1405/1388
f 724/1404/1387 773/1405/1388 725/1406/1389
f 725/1406/1389 773/1405/1388 771/1407/1390
f 725/1406/1389 771/1407/1390 726/1408/1391
f 726/1408/1391 771/1407/1390 769/1409/1392
f 726/1408/1391 769/1409/1392 727/1410/1393
f 727/1410/1393 769/1409/1392 767/1411/1394
f 727/1410/1393 767/1411/1394 728/1412/1395
f 728/1412/1395 767/1411/1394 765/1413/1396
f 728/1412/1395 765/1413/1396 729/1414/1397
f 729/1414/1397 765/1413/1396 763/1415/1398
f 729/1414/1397 763/1415/1398 730/1354/1339
f 730/1354/1339 763/1415/1398 759/1355/1340
f 592/1416/1399 761/1417/1400 563/1418/1401
f 563/1418/1401 761/1417/1400 760/1419/1402
f 563/1418/1401 760/1419/1402 564/1420/1403
f 564/1420/1403 760/1419/1402 764/1421/1404
f 564/1420/1403 764/1421/1404 565/1422/1405
f 565/1422/1405 764/1421/1404 766/1423/1406
f 565/1422/1405 766/1423/1406 566/1424/1407
f 566/1424/1407 766/1423/1406 768/1425/1408
f 566/1424/1407 768/1425/1408 567/1426/1409
f 567/1426/1409 768/1425/1408 770/1427/1410
f 567/1426/1409 770/1427/1410 568/1428/1411
f 568/1428/1411 770/1427/1410 772/1429/1412
f 568/1428/1411 772/1429/1412 569/1430/1413
f 569/1430/1413 772/1429/1412 774/1431/1414
f 569/1430/1413 774/1431/1414 570/1432/1415
f 570/1432/1415 774/1431/1414 776/1433/1416
f 570/1432/1415 776/1433/1416 571/1434/1417
f 571/1434/1417 776/1433/1416 778/1435/1418
f 571/1434/1417 778/1435/1418 572/1436/1419
f 572/1436/1419 778/1435/1418 780/1437/1420
f 572/1436/1419 780/1437/1420 573/1438/1421
f 573/1438/1421 780/1437/1420 782/1439/1422
f 573/1438/1421 782/1439/1422 574/1440/1423
f 574/1440/1423 782/1439/1422 784/1441/1424
f 574/1440/1423 784/1441/1424 575/1442/1425
f 575/1442/1425 784/1441/1424 786/1443/1426
f 575/1442/1425 786/1443/1426 576/1444/1427
f 576/1444/1427 786/1443/1426 788/1445/1428
f 576/1444/1427 788/1445/1428 577/1446/1429
f 577/1446/1429 788/1445/1428 790/1447/1430
f 577/1446/1429 790/1447/1430 578/1448/1431
f 578/1448/1431 790/1447/1430 792/1449/1432
f 578/1448/1431 792/1449/1432 579/1450/1433
f 579/1450/1433 792/1449/1432 794/1451/1434
f 579/1450/1433 794/1451/1434 580/1452/1435
f 580/1452/1435 794/1451/1434 796/1453/1436
f 580/1452/1435 796/1453/1436 581/1454/1437
f 581/1454/1437 796/1453/1436 798/1455/1438
f 581/1454/1437 798/1455/1438 582/1456/1439
f 582/1456/1439 798/1455/1438 800/1457/1440
f 582/1456/1439 800/1457/1440 583/1458/1441
f 583/1458/1441 800/1457/1440 802/1459/1442
f 583/1458/1441 802/1459/1442 584/1460/1443
f 584/1460/1443 802/1459/1442 804/1461/1444
f 584/1460/1443 804/1461/1444 585/1462/1445
f 585/1462/1445 804/1461/1444 758/1463/1446
f 585/1462/1445 758/1463/1446 586/1464/1447
f 586/1465/1447 758/1466/1446 806/1467/1448
f 586/1465/1447 806/1467/1448 587/1468/1449
f 587/1468/1449 806/1467/1448 808/1469/1450
f 587/1468/1449 808/1469/1450 588/1470/1451
f 588/1470/1451 808/1469/1450 810/1471/1452
f 588/1470/1451 810/1471/1452 589/1472/1453
f 589/1472/1453 810/1471/1452 812/1473/1454
f 589/1472/1453 812/1473/1454 590/1474/1455
f 590/1474/1455 812/1473/1454 814/1475/1456
f 590/1474/1455 814/1475/1456 591/1476/1457
f 591/1476/1457 814/1475/1456 816/1477/1458
f 591/1476/1457 816/1477/1458 592/1416/1399
f 592/1416/1399 816/1477/1458 761/1417/1400
f 757/1374/1356 758/1463/1446 803/1375/1358
f 803/1375/1358 758/1463/1446 804/1461/1444
f 803/1375/1358 804/1461/1444 801/1377/1360
f 801/1377/1360 804/1461/1444 802/1459/1442
f 801/1377/1360 802/1459/1442 799/1379/1362
f 799/1379/1362 802/1459/1442 800/1457/1440
f 799/1379/1362 800/1457/1440 797/1381/1364
f 797/1381/1364 800/1457/1440 798/1455/1438
f 797/1381/1364 798/1455/1438 795/1383/1366
f 795/1383/1366 798/1455/1438 796/1453/1436
f 795/1383/1366 796/1453/1436 793/1385/1368
f 793/1385/1368 796/1453/1436 794/1451/1434
f 793/1385/1368 794/1451/1434 791/1387/1370
f 791/1387/1370 794/1451/1434 792/1449/1432
f 791/1387/1370 792/1449/1432 789/1389/1372
f 789/1389/1372 792/1449/1432 790/1447/1430
f 789/1389/1372 790/1447/1430 787/1391/1374
f 787/1391/1374 790/1447/1430 788/1445/1428
f 787/1391/1374 788/1445/1428 785/1393/1376
f 785/1393/1376 788/1445/1428 786/1443/1426
f 785/1393/1376 786/1443/1426 783/1395/1378
f 783/1395/1378 786/1443/1426 784/1441/1424
f 783/1395/1378 784/1441/1424 781/1397/1380
f 781/1397/1380 784/1441/1424 782/1439/1422
f 781/1397/1380 782/1439/1422 779/1399/1382
f 779/1399/1382 782/1439/1422 780/1437/1420
f 779/1399/1382 780/1437/1420 777/1401/1384
f 777/1401/1384 780/1437/1420 778/1435/1418
f 777/1401/1384 778/1435/1418 775/1403/1386
f 775/1403/1386 778/1435/1418 776/1433/1416
f 775/1403/1386 776/1433/1416 773/1405/1388
f 773/1405/1388 776/1433/1416 774/1431/1414
f 773/1405/1388 774/1431/1414 771/1407/1390
f 771/1407/1390 774/1431/1414 772/1429/1412
f 771/1407/1390 772/1429/1412 769/1409/1392
f 769/1409/1392 772/1429/1412 770/1427/1410
f 769/1409/1392 770/1427/1410 767/1411/1394
f 767/1411/1394 770/1427/1410 768/1425/1408
f 767/1411/1394 768/1425/1408 765/1413/1396
f 765/1413/1396 768/1425/1408 766/1423/1406
f 765/1413/1396 766/1423/1406 763/1415/1398
f 763/1415/1398 766/1423/1406 764/1421/1404
f 763/1415/1398 764/1421/1404 759/1355/1340
f 759/1355/1340 764/1421/1404 760/1419/1402
f 759/1355/1340 760/1419/1402 762/1357/1342
f 762/1357/1342 760/1419/1402 761/1417/1400
f 762/1357/1342 761/1417/1400 815/1359/1344
f 815/1359/1344 761/1417/1400 816/1477/1458
f 815/1359/1344 816/1477/1458 813/1361/1346
f 813/1361/1346 816/1477/1458 814/1475/1456
f 813/1361/1346 814/1475/1456 811/1363/1348
f 811/1363/1348 814/1475/1456 812/1473/1454
f 811/1363/1348 812/1473/1454 809/1365/1350
f 809/1365/1350 812/1473/1454 810/1471/1452
f 809/1365/1350 810/1471/1452 807/1367/1352
f 807/1367/1352 810/1471/1452 808/1469/1450
f 807/1367/1352 808/1469/1450 805/1369/1354
f 805/1369/1354 808/1469/1450 806/1467/1448
f 805/1369/1354 806/1467/1448 757/1371/1356
f 757/1371/1356 806/1467/1448 758/1466/1446
f 700/1478/1459 819/1479/1460 671/1480/1461
f 671/1480/1461 819/1479/1460 822/1481/1462
f 671/1480/1461 822/1481/1462 672/1482/1463
f 672/1482/1463 822/1481/1462 875/1483/1464
f 672/1482/1463 875/1483/1464 673/1484/1465
f 673/1484/1465 875/1483/1464 873/1485/1466
f 673/1484/1465 873/1485/1466 674/1486/1467
f 674/1486/1467 873/1485/1466 871/1487/1468
f 674/1486/1467 871/1487/1468 675/1488/1469
f 675/1488/1469 871/1487/1468 869/1489/1470
f 675/1488/1469 869/1489/1470 676/1490/1471
f 676/1490/1471 869/1489/1470 867/1491/1472
f 676/1490/1471 867/1491/1472 677/1492/1473
f 677/1492/1473 867/1491/1472 865/1493/1474
f 677/1492/1473 865/1493/1474 678/1494/1475
f 678/1494/1475 865/1493/1474 817/1495/1476
f 678/1494/1475 817/1495/1476 679/1496/1477
f 679/1497/1477 817/1498/1476 863/1499/1478
f 679/1497/1477 863/1499/1478 680/1500/1479
f 680/1500/1479 863/1499/1478 861/1501/1480
f 680/1500/1479 861/1501/1480 681/1502/1481
f 681/1502/1481 861/1501/1480 859/1503/1482
f 681/1502/1481 859/1503/1482 682/1504/1483
f 682/1504/1483 859/1503/1482 857/1505/1484
f 682/1504/1483 857/1505/1484 683/1506/1485
f 683/1506/1485 857/1505/1484 855/1507/1486
f 683/1506/1485 855/1507/1486 684/1508/1487
f 684/1508/1487 855/1507/1486 853/1509/1488
f 684/1508/1487 853/1509/1488 685/1510/1489
f 685/1510/1489 853/1509/1488 851/1511/1490
f 685/1510/1489 851/1511/1490 686/1512/1491
f 686/1512/1491 851/1511/1490 849/1513/1492
f 686/1512/1491 849/1513/1492 687/1514/1493
f 687/1514/1493 849/1513/1492 847/1515/1494
f 687/1514/1493 847/1515/1494 688/1516/1495
f 688/1516/1495 847/1515/1494 845/1517/1496
f 688/1516/1495 845/1517/1496 689/1518/1497
f 689/1518/1497 845/1517/1496 843/1519/1498
f 689/1518/1497 843/1519/1498 690/1520/1499
f 690/1520/1499 843/1519/1498 841/1521/1500
f 690/1520/1499 841/1521/1500 691/1522/1501
f 691/1522/1501 841/1521/1500 839/1523/1502
f 691/1522/1501 839/1523/1502 692/1524/1503
f 692/1524/1503 839/1523/1502 837/1525/1504
f 692/1524/1503 837/1525/1504 693/1526/1505
f 693/1526/1505 837/1525/1504 835/1527/1506
f 693/1526/1505 835/1527/1506 694/1528/1507
f 694/1528/1507 835/1527/1506 833/1529/1508
f 694/1528/1507 833/1529/1508 695/1530/1509
f 695/1530/1509 833/1529/1508 831/1531/1510
f 695/1530/1509 831/1531/1510 696/1532/1511
f 696/1532/1511 831/1531/1510 829/1533/1512
f 696/1532/1511 829/1533/1512 697/1534/1513
f 697/1534/1513 829/1533/1512 827/1535/1514
f 697/1534/1513 827/1535/1514 698/1536/1515
f 698/1536/1515 827/1535/1514 825/1537/1516
f 698/1536/1515 825/1537/1516 699/1538/1517
f 699/1538/1517 825/1537/1516 823/1539/1518
f 699/1538/1517 823/1539/1518 700/1478/1459
f 700/1478/1459 823/1539/1518 819/1479/1460
f 562/1540/1519 821/1541/1520 533/1542/1521
f 533/1542/1521 821/1541/1520 820/1543/1522
f 533/1542/1521 820/1543/1522 534/1544/1523
f 534/1544/1523 820/1543/1522 824/1545/1524
f 534/1544/1523 824/1545/1524 535/1546/1525
f 535/1546/1525 824/1545/1524 826/1547/1526
f 535/1546/1525 826/1547/1526 536/1548/1527
f 536/1548/1527 826/1547/1526 828/1549/1528
f 536/1548/1527 828/1549/1528 537/1550/1529
f 537/1550/1529 828/1549/1528 830/1551/1530
f 537/1550/1529 830/1551/1530 538/1552/1531
f 538/1552/1531 830/1551/1530 832/1553/1532
f 538/1552/1531 832/1553/1532 539/1554/1533
f 539/1554/1533 832/1553/1532 834/1555/1534
f 539/1554/1533 834/1555/1534 540/1556/1535
f 540/1556/1535 834/1555/1534 836/1557/1536
f 540/1556/1535 836/1557/1536 541/1558/1537
f 541/1558/1537 836/1557/1536 838/1559/1538
f 541/1558/1537 838/1559/1538 542/1560/1539
f 542/1560/1539 838/1559/1538 840/1561/1540
f 542/1560/1539 840/1561/1540 543/1562/1541
f 543/1562/1541 840/1561/1540 842/1563/1542
f 543/1562/1541 842/1563/1542 544/1564/1543
f 544/1564/1543 842/1563/1542 844/1565/1544
f 544/1564/1543 844/1565/1544 545/1566/1545
f 545/1566/1545 844/1565/1544 846/1567/1546
f 545/1566/1545 846/1567/1546 546/1568/1547
f 546/1568/1547 846/1567/1546 848/1569/1548
f 546/1568/1547 848/1569/1548 547/1570/1549
f 547/1570/1549 848/1569/1548 850/1571/1550
f 547/1570/1549 850/1571/1550 548/1572/1551
f 548/1572/1551 850/1571/1550 852/1573/1552
f 548/1572/1551 852/1573/1552 549/1574/1553
f 549/1574/1553 852/1573/1552 854/1575/1554
f 549/1574/1553 854/1575/1554 550/1576/1555
f 550/1576/1555 854/1575/1554 856/1577/1556
f 550/1576/1555 856/1577/1556 551/1578/1557
f 551/1578/1557 856/1577/1556 858/1579/1558
f 551/1578/1557 858/1579/1558 552/1580/1559
f 552/1580/1559 858/1579/1558 860/1581/1560
f 552/1580/1559 860/1581/1560 553/1582/1561
f 553/1582/1561 860/1581/1560 862/1583/1562
f 553/1582/1561 862/1583/1562 554/1584/1563
f 554/1584/1563 862/1583/1562 864/1585/1564
f 554/1584/1563 864/1585/1564 555/1586/1565
f 555/1586/1565 864/1585/1564 818/1587/1566
f 555/1586/1565 818/1587/1566 556/1588/1567
f 556/1589/1567 818/1590/1566 866/1591/1568
f 556/1589/1567 866/1591/1568 557/1592/1569
f 557/1592/1569 866/1591/1568 868/1593/1570
f 557/1592/1569 868/1593/1570 558/1594/1571
f 558/1594/1571 868/1593/1570 870/1595/1572
f 558/1594/1571 870/1595/1572 559/1596/1573
f 559/1596/1573 870/1595/1572 872/1597/1574
f 559/1596/1573 872/1597/1574 560/1598/1575
f 560/1598/1575 872/1597/1574 874/1599/1576
f 560/1598/1575 874/1599/1576 561/1600/1577
f 561/1600/1577 874/1599/1576 876/1601/1578
f 561/1600/1577 876/1601/1578 562/1540/1519
f 562/1540/1519 876/1601/1578 821/1541/1520
f 817/1498/1476 818/1587/1566 863/1499/1478
f 863/1499/1478 818/1587/1566 864/1585/1564
f 863/1499/1478 864/1585/1564 861/1501/1480
f 861/1501/1480 864/1585/1564 862/1583/1562
f 861/1501/1480 862/1583/1562 859/1503/1482
f 859/1503/1482 862/1583/1562 860/1581/1560
f 859/1503/1482 860/1581/1560 857/1505/1484
f 857/1505/1484 860/1581/1560 858/1579/1558
f 857/1505/1484 858/1579/1558 855/1507/1486
f 855/1507/1486 858/1579/1558 856/1577/1556
f 855/1507/1486 856/1577/1556 853/1509/1488
f 853/1509/1488 856/1577/1556 854/1575/1554
f 853/1509/1488 854/1575/1554 851/1511/1490
f 851/1511/1490 854/1575/1554 852/1573/1552
f 851/1511/1490 852/1573/1552 849/1513/1492
f 849/1513/1492 852/1573/1552 850/1571/1550
f 849/1513/1492 850/1571/1550 847/1515/1494
f 847/1515/1494 850/1571/1550 848/1569/1548
f 847/1515/1494 848/1569/1548 845/1517/1496
f 845/1517/1496 848/1569/1548 846/1567/1546
f 845/1517/1496 846/1567/1546 843/1519/1498
f 843/1519/1498 846/1567/1546 844/1565/1544
f 843/1519/1498 844/1565/1544 841/1521/1500
f 841/1521/1500 844/1565/1544 842/1563/1542
f 841/1521/1500 842/1563/1542 839/1523/1502
f 839/1523/1502 842/1563/1542 840/1561/1540
f 839/1523/1502 840/1561/1540 837/1525/1504
f 837/1525/1504 840/1561/1540 838/1559/1538
f 837/1525/1504 838/1559/1538 835/1527/1506
f 835/1527/1506 838/1559/1538 836/1557/1536
f 835/1527/1506 836/1557/1536 833/1529/1508
f 833/1529/1508 836/1557/1536 834/1555/1534
f 833/1529/1508 834/1555/1534 831/1531/1510
f 831/1531/1510 834/1555/1534 832/1553/1532
f 831/1531/1510 832/1553/1532 829/1533/1512
f 829/1533/1512 832/1553/1532 830/1551/1530
f 829/1533/1512 830/1551/1530 827/1535/1514
f 827/1535/1514 830/1551/1530 828/1549/1528
f 827/1535/1514 828/1549/1528 825/1537/1516
f 825/1537/1516 828/1549/1528 826/1547/1526
f 825/1537/1516 826/1547/1526 823/1539/1518
f 823/1539/1518 826/1547/1526 824/1545/1524
f 823/1539/1518 824/1545/1524 819/1479/1460
f 819/1479/1460 824/1545/1524 820/1543/1522
f 819/1479/1460 820/1543/1522 822/1481/1462
f 822/1481/1462 820/1543/1522 821/1541/1520
f 822/1481/1462 821/1541/1520 875/1483/1464
f 875/1483/1464 821/1541/1520 876/1601/1578
f 875/1483/1464 876/1601/1578 873/1485/1466
f 873/1485/1466 876/1601/1578 874/1599/1576
f 873/1485/1466 874/1599/1576 871/1487/1468
f 871/1487/1468 874/1599/1576 872/1597/1574
f 871/1487/1468 872/1597/1574 869/1489/1470
f 869/1489/1470 872/1597/1574 870/1595/1572
f 869/1489/1470 870/1595/1572 867/1491/1472
f 867/1491/1472 870/1595/1572 868/1593/1570
f 867/1491/1472 868/1593/1570 865/1493/1474
f 865/1493/1474 868/1593/1570 866/1591/1568
f 865/1493/1474 866/1591/1568 817/1495/1476
f 817/1495/1476 866/1591/1568 818/1590/1566
f 202/1602/1579 201/1603/1580 878/1604/1581
f 878/1604/1581 201/1603/1580 877/1605/1582
f 202/1606/1583 878/1607/1584 203/1608/1585
f 203/1608/1585 878/1607/1584 879/1609/1586
f 204/1610/1587 203/1611/1588 880/1612/1589
f 880/1612/1589 203/1611/1588 879/1613/1590
f 204/1614/1591 880/1615/1592 201/1616/1593
f 201/1616/1593 880/1615/1592 877/1617/1594
f 878/1618/1595 877/1619/1596 879/1620/1597
f 879/1620/1597 877/1619/1596 880/1621/1598
g Body4

v 10.300000 22.600000 -2.000000
v 10.300000 22.242886 -1.967859
v 10.300000 21.897250 -1.872470
v 10.300000 21.574201 -1.716898
v 10.300000 21.284123 -1.506143
v 10.300000 21.036337 -1.246980
v 10.300000 20.838809 -0.947737
v 10.300000 20.697887 -0.618034
v 10.300000 20.618100 -0.268467
v 10.300000 20.602014 0.089730
v 10.300000 20.650144 0.445042
v 10.300000 20.760944 0.786050
v 10.300000 20.930853 1.101794
v 10.300000 21.154410 1.382125
v 10.300000 21.424429 1.618034
v 10.300000 21.732233 1.801938
v 10.300000 22.067926 1.927926
v 10.300000 22.420721 1.991949
v 10.300000 22.779279 1.991949
v 10.300000 23.132074 1.927926
v 10.300000 23.467767 1.801938
v 10.300000 23.775571 1.618034
v 10.300000 24.045590 1.382125
v 10.300000 24.269147 1.101794
v 10.300000 24.439056 0.786050
v 10.300000 24.549856 0.445042
v 10.300000 24.597986 0.089730
v 10.300000 24.581900 -0.268467
v 10.300000 24.502113 -0.618034
v 10.300000 24.361191 -0.947737
v 10.300000 24.163663 -1.246980
v 10.300000 23.915877 -1.506143
v 10.300000 23.625799 -1.716898
v 10.300000 23.302750 -1.872470
v 10.300000 22.957114 -1.967859
v 9.300000 24.600000 0.000000
v 9.300000 24.567859 0.357114
v 9.300000 24.472470 0.702750
v 9.300000 24.316898 1.025799
v 9.300000 24.106143 1.315877
v 9.300000 23.846980 1.563663
v 9.300000 23.547737 1.761191
v 9.300000 23.218034 1.902113
v 9.300000 22.868467 1.981900
v 9.300000 22.510270 1.997986
v 9.300000 22.154958 1.949856
v 9.300000 21.813950 1.839056
v 9.300000 21.498206 1.669147
v 9.300000 21.217875 1.445590
v 9.300000 20.981966 1.175571
v 9.300000 20.798062 0.867767
v 9.300000 20.672074 0.532074
v 9.300000 20.608051 0.179279
v 9.300000 20.608051 -0.179279
v 9.300000 20.672074 -0.532074
v 9.300000 20.798062 -0.867767
v 9.300000 20.981966 -1.175571
v 9.300000 21.217875 -1.445590
v 9.300000 21.498206 -1.669147
v 9.300000 21.813950 -1.839056
v 9.300000 22.154958 -1.949856
v 9.300000 22.510270 -1.997986
v 9.300000 22.868467 -1.981900
v 9.300000 23.218034 -1.902113
v 9.300000 23.547737 -1.761191
v 9.300000 23.846980 -1.563663
v 9.300000 24.106143 -1.315877
v 9.300000 24.316898 -1.025799
v 9.300000 24.472470 -0.702750
v 9.300000 24.567859 -0.357114
v 10.800000 22.600000 -1.500000
v 10.800000 22.911868 -1.467221
v 10.800000 23.210105 -1.370318
v 10.800000 23.481678 -1.213525
v 10.800000 23.714717 -1.003696
v 10.800000 23.899038 -0.750000
v 10.800000 24.026585 -0.463525
v 10.800000 24.091783 -0.156793
v 10.800000 24.091783 0.156793
v 10.800000 24.026585 0.463525
v 10.800000 23.899038 0.750000
v 10.800000 23.714717 1.003696
v 10.800000 23.481678 1.213525
v 10.800000 23.210105 1.370318
v 10.800000 22.911868 1.467221
v 10.800000 22.600000 1.500000
v 10.800000 22.288132 1.467221
v 10.800000 21.989895 1.370318
v 10.800000 21.718322 1.213525
v 10.800000 21.485283 1.003696
v 10.800000 21.300962 0.750000
v 10.800000 21.173415 0.463525
v 10.800000 21.108217 0.156793
v 10.800000 21.108217 -0.156793
v 10.800000 21.173415 -0.463525
v 10.800000 21.300962 -0.750000
v 10.800000 21.485283 -1.003696
v 10.800000 21.718322 -1.213525
v 10.800000 21.989895 -1.370318
v 10.800000 22.288132 -1.467221
v 10.429410 22.600000 1.982963
v 10.550000 22.600000 1.933013
v 10.653553 22.600000 1.853553
v 10.733013 22.600000 1.750000
v 10.782963 22.600000 1.629410
v 10.429410 22.777751 -1.974980
v 10.550000 22.773274 -1.925231
v 10.653553 22.766151 -1.846092
v 10.733013 22.756869 -1.742955
v 10.782963 22.746059 -1.622850
v 10.782963 22.453941 -1.622850
v 10.733013 22.443131 -1.742955
v 10.653553 22.433849 -1.846092
v 10.550000 22.426726 -1.925231
v 10.429410 22.422249 -1.974980
v 10.429410 23.127541 -1.911503
v 10.550000 23.114253 -1.863352
v 10.653553 23.093113 -1.786757
v 10.733013 23.065564 -1.686935
v 10.782963 23.033483 -1.570690
v 10.429410 23.460375 -1.786588
v 10.550000 23.438703 -1.741584
v 10.653553 23.404227 -1.669994
v 10.733013 23.359297 -1.576696
v 10.782963 23.306974 -1.468047
v 10.429410 23.765556 -1.604251
v 10.550000 23.736196 -1.563840
v 10.653553 23.689491 -1.499556
v 10.733013 23.628624 -1.415780
v 10.782963 23.557743 -1.318220
v 10.429410 24.033275 -1.370352
v 10.550000 23.997172 -1.335833
v 10.653553 23.939739 -1.280922
v 10.733013 23.864891 -1.209360
v 10.782963 23.777729 -1.126024
v 10.429410 24.254928 -1.092408
v 10.550000 24.213241 -1.064891
v 10.653553 24.146926 -1.021117
v 10.733013 24.060503 -0.964070
v 10.782963 23.959862 -0.897637
v 10.429410 24.423389 -0.779354
v 10.550000 24.377459 -0.759722
v 10.653553 24.304394 -0.728493
v 10.733013 24.209174 -0.687794
v 10.782963 24.098287 -0.640399
v 10.429410 24.533246 -0.441251
v 10.550000 24.484548 -0.430136
v 10.653553 24.407081 -0.412454
v 10.733013 24.306124 -0.389412
v 10.782963 24.188557 -0.362578
v 10.429410 24.580966 -0.088965
v 10.550000 24.531066 -0.086724
v 10.653553 24.451687 -0.083159
v 10.733013 24.348238 -0.078513
v 10.782963 24.227769 -0.073103
v 10.429410 24.565017 0.266180
v 10.550000 24.515518 0.259475
v 10.653553 24.436778 0.248809
v 10.733013 24.334162 0.234908
v 10.782963 24.214663 0.218721
v 10.429410 24.485910 0.612769
v 10.550000 24.438404 0.597334
v 10.653553 24.362834 0.572779
v 10.733013 24.264349 0.540780
v 10.782963 24.149661 0.503515
v 10.429410 24.346188 0.939664
v 10.550000 24.302202 0.915994
v 10.653553 24.232231 0.878341
v 10.733013 24.141042 0.829270
v 10.782963 24.034851 0.772126
v 10.429410 24.150343 1.236357
v 10.550000 24.111290 1.205214
v 10.653553 24.049166 1.155672
v 10.733013 23.968205 1.091107
v 10.782963 23.873924 1.015920
v 10.429410 23.904668 1.493313
v 10.550000 23.871804 1.455697
v 10.653553 23.819525 1.395858
v 10.733013 23.751393 1.317875
v 10.782963 23.672052 1.227062
v 10.429410 23.617060 1.702272
v 10.550000 23.591441 1.659392
v 10.653553 23.550686 1.591181
v 10.733013 23.497574 1.502285
v 10.782963 23.435723 1.398765
v 10.429410 23.296763 1.856519
v 10.550000 23.279212 1.809754
v 10.653553 23.251292 1.735361
v 10.733013 23.214906 1.638411
v 10.782963 23.172533 1.525510
v 10.429410 22.954072 1.951096
v 10.550000 22.945153 1.901948
v 10.653553 22.930965 1.823766
v 10.733013 22.912475 1.721877
v 10.782963 22.890942 1.603224
v 10.429410 22.245928 1.951096
v 10.550000 22.254847 1.901948
v 10.653553 22.269035 1.823766
v 10.733013 22.287525 1.721877
v 10.782963 22.309058 1.603224
v 10.429410 21.903237 1.856519
v 10.550000 21.920788 1.809754
v 10.653553 21.948708 1.735361
v 10.733013 21.985094 1.638411
v 10.782963 22.027467 1.525510
v 10.429410 21.582940 1.702272
v 10.550000 21.608559 1.659392
v 10.653553 21.649314 1.591181
v 10.733013 21.702426 1.502285
v 10.782963 21.764277 1.398765
v 10.429410 21.295332 1.493313
v 10.550000 21.328196 1.455697
v 10.653553 21.380475 1.395858
v 10.733013 21.448607 1.317875
v 10.782963 21.527948 1.227062
v 10.429410 21.049657 1.236357
v 10.550000 21.088710 1.205214
v 10.653553 21.150834 1.155672
v 10.733013 21.231795 1.091107
v 10.782963 21.326076 1.015920
v 10.429410 20.853812 0.939664
v 10.550000 20.897798 0.915994
v 10.653553 20.967769 0.878341
v 10.733013 21.058958 0.829270
v 10.782963 21.165149 0.772126
v 10.429410 20.714090 0.612769
v 10.550000 20.761596 0.597334
v 10.653553 20.837166 0.572779
v 10.733013 20.935651 0.540780
v 10.782963 21.050339 0.503515
v 10.429410 20.634983 0.266180
v 10.550000 20.684482 0.259475
v 10.653553 20.763222 0.248809
v 10.733013 20.865838 0.234908
v 10.782963 20.985337 0.218721
v 10.429410 20.619034 -0.088965
v 10.550000 20.668934 -0.086724
v 10.653553 20.748313 -0.083159
v 10.733013 20.851762 -0.078513
v 10.782963 20.972231 -0.073103
v 10.429410 20.666754 -0.441251
v 10.550000 20.715452 -0.430136
v 10.653553 20.792919 -0.412454
v 10.733013 20.893876 -0.389412
v 10.782963 21.011443 -0.362578
v 10.429410 20.776611 -0.779354
v 10.550000 20.822541 -0.759722
v 10.653553 20.895606 -0.728493
v 10.733013 20.990826 -0.687794
v 10.782963 21.101713 -0.640399
v 10.429410 20.945072 -1.092408
v 10.550000 20.986759 -1.064891
v 10.653553 21.053074 -1.021117
v 10.733013 21.139497 -0.964070
v 10.782963 21.240138 -0.897637
v 10.429410 21.166725 -1.370352
v 10.550000 21.202828 -1.335833
v 10.653553 21.260261 -1.280922
v 10.733013 21.335109 -1.209360
v 10.782963 21.422271 -1.126024
v 10.429410 21.434444 -1.604251
v 10.550000 21.463804 -1.563840
v 10.653553 21.510509 -1.499556
v 10.733013 21.571376 -1.415780
v 10.782963 21.642257 -1.318220
v 10.429410 21.739625 -1.786588
v 10.550000 21.761297 -1.741584
v 10.653553 21.795773 -1.669994
v 10.733013 21.840703 -1.576696
v 10.782963 21.893026 -1.468047
v 10.429410 22.072459 -1.911503
v 10.550000 22.085747 -1.863352
v 10.653553 22.106887 -1.786757
v 10.733013 22.134436 -1.686935
v 10.782963 22.166517 -1.570690
vt -0.050000 -0.592415 0.000000
vt -0.150000 -0.619343 0.000000
vt -0.050000 -0.628319 0.000000
vt -0.050000 0.628319 0.000000
vt -0.150000 0.637295 0.000000
vt -0.150000 0.601391 0.000000
vt -0.050000 0.592415 0.000000
vt -0.150000 0.565487 0.000000
vt -0.050000 0.556511 0.000000
vt -0.150000 0.529583 0.000000
vt -0.050000 0.520607 0.000000
vt -0.150000 0.493679 0.000000
vt -0.050000 0.484703 0.000000
vt -0.150000 0.457775 0.000000
vt -0.050000 0.448799 0.000000
vt -0.150000 0.421871 0.000000
vt -0.050000 0.412895 0.000000
vt -0.150000 0.385967 0.000000
vt -0.050000 0.376991 0.000000
vt -0.150000 0.350063 0.000000
vt -0.050000 0.341087 0.000000
vt -0.150000 0.314159 0.000000
vt -0.050000 0.305183 0.000000
vt -0.150000 0.278255 0.000000
vt -0.050000 0.269279 0.000000
vt -0.150000 0.242351 0.000000
vt -0.050000 0.233375 0.000000
vt -0.150000 0.206448 0.000000
vt -0.050000 0.197472 0.000000
vt -0.150000 0.170544 0.000000
vt -0.050000 0.161568 0.000000
vt -0.150000 0.134640 0.000000
vt -0.050000 0.125664 0.000000
vt -0.150000 0.098736 0.000000
vt -0.050000 0.089760 0.000000
vt -0.150000 0.062832 0.000000
vt -0.050000 0.053856 0.000000
vt -0.150000 0.026928 0.000000
vt -0.050000 0.017952 0.000000
vt -0.150000 -0.008976 0.000000
vt -0.050000 -0.017952 0.000000
vt -0.150000 -0.044880 0.000000
vt -0.050000 -0.053856 0.000000
vt -0.150000 -0.080784 0.000000
vt -0.050000 -0.089760 0.000000
vt -0.150000 -0.116688 0.000000
vt -0.050000 -0.125664 0.000000
vt -0.150000 -0.152592 0.000000
vt -0.050000 -0.161568 0.000000
vt -0.150000 -0.188496 0.000000
vt -0.050000 -0.197472 0.000000
vt -0.150000 -0.224399 0.000000
vt -0.050000 -0.233375 0.000000
vt -0.150000 -0.260303 0.000000
vt -0.050000 -0.269279 0.000000
vt -0.150000 -0.296207 0.000000
vt -0.050000 -0.305183 0.000000
vt -0.150000 -0.332111 0.000000
vt -0.050000 -0.341087 0.000000
vt -0.150000 -0.368015 0.000000
vt -0.050000 -0.376991 0.000000
vt -0.150000 -0.403919 0.000000
vt -0.050000 -0.412895 0.000000
vt -0.150000 -0.439823 0.000000
vt -0.050000 -0.448799 0.000000
vt -0.150000 -0.475727 0.000000
vt -0.050000 -0.484703 0.000000
vt -0.150000 -0.511631 0.000000
vt -0.050000 -0.520607 0.000000
vt -0.150000 -0.547535 0.000000
vt -0.050000 -0.556511 0.000000
vt -0.150000 -0.583439 0.000000
vt 0.146722 0.031187 0.000000
vt -0.146722 0.031187 0.000000
vt 0.150000 0.000000 0.000000
vt -0.150000 0.000000 0.000000
vt 0.146722 -0.031187 0.000000
vt -0.146722 -0.031187 0.000000
vt 0.137032 -0.061010 0.000000
vt -0.137032 -0.061010 0.000000
vt 0.121353 -0.088168 0.000000
vt -0.121353 -0.088168 0.000000
vt 0.100370 -0.111472 0.000000
vt -0.100370 -0.111472 0.000000
vt 0.075000 -0.129904 0.000000
vt -0.075000 -0.129904 0.000000
vt 0.046353 -0.142658 0.000000
vt -0.046353 -0.142658 0.000000
vt 0.015679 -0.149178 0.000000
vt -0.015679 -0.149178 0.000000
vt -0.137032 0.061010 0.000000
vt 0.137032 0.061010 0.000000
vt -0.121353 0.088168 0.000000
vt 0.121353 0.088168 0.000000
vt -0.100370 0.111472 0.000000
vt 0.100370 0.111472 0.000000
vt -0.075000 0.129904 0.000000
vt 0.075000 0.129904 0.000000
vt -0.046353 0.142658 0.000000
vt 0.046353 0.142658 0.000000
vt -0.015679 0.149178 0.000000
vt 0.015679 0.149178 0.000000
vt -0.000000 0.200000 0.000000
vt -0.035711 0.196786 0.000000
vt 0.035711 0.196786 0.000000
vt 0.070275 0.187247 0.000000
vt -0.070275 0.187247 0.000000
vt 0.102580 0.171690 0.000000
vt -0.102580 0.171690 0.000000
vt 0.131588 0.150614 0.000000
vt -0.131588 0.150614 0.000000
vt 0.156366 0.124698 0.000000
vt -0.156366 0.124698 0.000000
vt 0.176119 0.094774 0.000000
vt -0.176119 0.094774 0.000000
vt 0.190211 0.061803 0.000000
vt -0.190211 0.061803 0.000000
vt 0.198190 0.026847 0.000000
vt -0.198190 0.026847 0.000000
vt 0.199799 -0.008973 0.000000
vt -0.199799 -0.008973 0.000000
vt 0.194986 -0.044504 0.000000
vt -0.194986 -0.044504 0.000000
vt 0.183906 -0.078605 0.000000
vt -0.183906 -0.078605 0.000000
vt 0.166915 -0.110179 0.000000
vt -0.166915 -0.110179 0.000000
vt 0.144559 -0.138213 0.000000
vt -0.144559 -0.138213 0.000000
vt 0.117557 -0.161803 0.000000
vt -0.117557 -0.161803 0.000000
vt 0.086777 -0.180194 0.000000
vt -0.086777 -0.180194 0.000000
vt 0.053207 -0.192793 0.000000
vt -0.053207 -0.192793 0.000000
vt 0.017928 -0.199195 0.000000
vt -0.017928 -0.199195 0.000000
vt -0.000000 0.033275 0.000000
vt -0.013090 0.016637 0.000000
vt -0.000000 0.000000 0.000000
vt -0.013090 -0.016637 0.000000
vt -0.000000 -0.033275 0.000000
vt -0.013090 -0.049912 0.000000
vt -0.000000 -0.066550 0.000000
vt -0.013090 -0.083187 0.000000
vt -0.000000 -0.099825 0.000000
vt -0.013090 -0.116462 0.000000
vt -0.000000 -0.133100 0.000000
vt -0.013090 -0.149737 0.000000
vt -0.000000 -0.166375 0.000000
vt -0.013090 -0.183012 0.000000
vt -0.000000 -0.199649 0.000000
vt -0.013090 -0.216287 0.000000
vt -0.000000 -0.232924 0.000000
vt -0.013090 -0.249562 0.000000
vt -0.000000 -0.266199 0.000000
vt -0.013090 -0.282837 0.000000
vt -0.000000 -0.299474 0.000000
vt -0.013090 -0.316112 0.000000
vt -0.000000 -0.332749 0.000000
vt -0.013090 -0.349387 0.000000
vt -0.000000 -0.366024 0.000000
vt -0.013090 -0.382661 0.000000
vt -0.000000 -0.399299 0.000000
vt -0.013090 -0.415936 0.000000
vt -0.000000 -0.432574 0.000000
vt -0.013090 -0.449211 0.000000
vt -0.000000 -0.465849 0.000000
vt -0.013090 -0.482486 0.000000
vt -0.000000 -0.499124 0.000000
vt -0.013090 -0.515761 0.000000
vt -0.000000 -0.532399 0.000000
vt -0.013090 -0.549036 0.000000
vt -0.000000 -0.565674 0.000000
vt -0.013090 -0.582311 0.000000
vt 0.000000 -0.598948 0.000000
vt -0.000000 0.565674 0.000000
vt -0.013090 0.582311 0.000000
vt -0.013090 0.549036 0.000000
vt -0.000000 0.532399 0.000000
vt -0.013090 0.515761 0.000000
vt -0.000000 0.499124 0.000000
vt -0.013090 0.482486 0.000000
vt -0.000000 0.465849 0.000000
vt -0.013090 0.449211 0.000000
vt -0.000000 0.432574 0.000000
vt -0.013090 0.415936 0.000000
vt -0.000000 0.399299 0.000000
vt -0.013090 0.382661 0.000000
vt -0.000000 0.366024 0.000000
vt -0.013090 0.349387 0.000000
vt -0.000000 0.332749 0.000000
vt -0.013090 0.316112 0.000000
vt -0.000000 0.299474 0.000000
vt -0.013090 0.282837 0.000000
vt -0.000000 0.266199 0.000000
vt -0.013090 0.249562 0.000000
vt -0.000000 0.232924 0.000000
vt -0.013090 0.216287 0.000000
vt -0.000000 0.199649 0.000000
vt -0.013090 0.183012 0.000000
vt -0.000000 0.166375 0.000000
vt -0.013090 0.149737 0.000000
vt -0.000000 0.133100 0.000000
vt -0.013090 0.116462 0.000000
vt -0.000000 0.099825 0.000000
vt -0.013090 0.083187 0.000000
vt -0.000000 0.066550 0.000000
vt -0.013090 0.049912 0.000000
vt -0.078540 -0.038821 0.000000
vt -0.065450 -0.016637 0.000000
vt -0.078540 0.000000 0.000000
vt -0.065450 0.016637 0.000000
vt -0.078540 0.038821 0.000000
vt -0.065450 0.049912 0.000000
vt -0.078540 0.077641 0.000000
vt -0.065450 0.083187 0.000000
vt -0.078540 0.116462 0.000000
vt -0.065450 0.116462 0.000000
vt -0.065450 0.149737 0.000000
vt -0.052360 0.116462 0.000000
vt -0.052360 0.149737 0.000000
vt -0.039270 0.116462 0.000000
vt -0.039270 0.149737 0.000000
vt -0.026180 0.116462 0.000000
vt -0.026180 0.149737 0.000000
vt -0.065450 -0.049912 0.000000
vt -0.078540 -0.077641 0.000000
vt -0.065450 -0.083187 0.000000
vt -0.078540 -0.116462 0.000000
vt -0.065450 -0.116462 0.000000
vt -0.065450 -0.149737 0.000000
vt -0.052360 -0.149737 0.000000
vt -0.052360 -0.183012 0.000000
vt -0.039270 -0.183012 0.000000
vt -0.039270 -0.216287 0.000000
vt -0.026180 -0.216287 0.000000
vt -0.026180 -0.249562 0.000000
vt -0.078540 -0.155283 0.000000
vt -0.065450 -0.183012 0.000000
vt -0.052360 -0.216287 0.000000
vt -0.039270 -0.249562 0.000000
vt -0.026180 -0.282837 0.000000
vt -0.078540 -0.194104 0.000000
vt -0.065450 -0.216287 0.000000
vt -0.052360 -0.249562 0.000000
vt -0.039270 -0.282837 0.000000
vt -0.026180 -0.316112 0.000000
vt -0.078540 -0.232924 0.000000
vt -0.065450 -0.249562 0.000000
vt -0.052360 -0.282837 0.000000
vt -0.039270 -0.316112 0.000000
vt -0.026180 -0.349387 0.000000
vt -0.078540 -0.271745 0.000000
vt -0.065450 -0.282837 0.000000
vt -0.052360 -0.316112 0.000000
vt -0.039270 -0.349387 0.000000
vt -0.026180 -0.382661 0.000000
vt -0.078540 -0.310566 0.000000
vt -0.065450 -0.316112 0.000000
vt -0.052360 -0.349387 0.000000
vt -0.039270 -0.382661 0.000000
vt -0.026180 -0.415936 0.000000
vt -0.078540 -0.349387 0.000000
vt -0.065450 -0.349387 0.000000
vt -0.052360 -0.382661 0.000000
vt -0.039270 -0.415936 0.000000
vt -0.026180 -0.449211 0.000000
vt -0.065450 -0.382661 0.000000
vt -0.078540 -0.388207 0.000000
vt -0.065450 -0.415936 0.000000
vt -0.078540 -0.427028 0.000000
vt -0.065450 -0.449211 0.000000
vt -0.078540 -0.465849 0.000000
vt -0.065450 -0.482486 0.000000
vt -0.078540 -0.504670 0.000000
vt -0.065450 -0.515761 0.000000
vt -0.078540 -0.543490 0.000000
vt -0.065450 -0.549036 0.000000
vt -0.078540 -0.582311 0.000000
vt -0.065450 -0.582311 0.000000
vt -0.065450 0.582311 0.000000
vt -0.078540 0.582311 0.000000
vt -0.065450 0.549036 0.000000
vt -0.052360 0.549036 0.000000
vt -0.052360 0.515761 0.000000
vt -0.039270 0.515761 0.000000
vt -0.039270 0.482486 0.000000
vt -0.026180 0.482486 0.000000
vt -0.026180 0.449211 0.000000
vt -0.078540 0.543490 0.000000
vt -0.065450 0.515761 0.000000
vt -0.052360 0.482486 0.000000
vt -0.039270 0.449211 0.000000
vt -0.026180 0.415936 0.000000
vt -0.078540 0.504670 0.000000
vt -0.065450 0.482486 0.000000
vt -0.052360 0.449211 0.000000
vt -0.039270 0.415936 0.000000
vt -0.026180 0.382661 0.000000
vt -0.078540 0.465849 0.000000
vt -0.065450 0.449211 0.000000
vt -0.052360 0.415936 0.000000
vt -0.039270 0.382661 0.000000
vt -0.026180 0.349387 0.000000
vt -0.078540 0.427028 0.000000
vt -0.065450 0.415936 0.000000
vt -0.052360 0.382661 0.000000
vt -0.039270 0.349387 0.000000
vt -0.026180 0.316112 0.000000
vt -0.078540 0.388207 0.000000
vt -0.065450 0.382661 0.000000
vt -0.052360 0.349387 0.000000
vt -0.039270 0.316112 0.000000
vt -0.026180 0.282837 0.000000
vt -0.078540 0.349387 0.000000
vt -0.065450 0.349387 0.000000
vt -0.052360 0.316112 0.000000
vt -0.039270 0.282837 0.000000
vt -0.026180 0.249562 0.000000
vt -0.065450 0.316112 0.000000
vt -0.078540 0.310566 0.000000
vt -0.065450 0.282837 0.000000
vt -0.078540 0.271745 0.000000
vt -0.065450 0.249562 0.000000
vt -0.078540 0.232924 0.000000
vt -0.065450 0.216287 0.000000
vt -0.078540 0.194104 0.000000
vt -0.065450 0.183012 0.000000
vt -0.078540 0.155283 0.000000
vt -0.026180 0.582311 0.000000
vt -0.026180 0.549036 0.000000
vt -0.026180 0.515761 0.000000
vt -0.039270 0.582311 0.000000
vt -0.039270 0.549036 0.000000
vt -0.026180 -0.582311 0.000000
vt -0.026180 -0.549036 0.000000
vt -0.026180 -0.515761 0.000000
vt -0.026180 -0.482486 0.000000
vt -0.052360 0.582311 0.000000
vt -0.039270 -0.582311 0.000000
vt -0.039270 -0.549036 0.000000
vt -0.039270 -0.515761 0.000000
vt -0.039270 -0.482486 0.000000
vt -0.039270 -0.449211 0.000000
vt -0.052360 -0.582311 0.000000
vt -0.052360 -0.549036 0.000000
vt -0.052360 -0.515761 0.000000
vt -0.052360 -0.482486 0.000000
vt -0.052360 -0.449211 0.000000
vt -0.052360 -0.415936 0.000000
vt -0.026180 0.016637 0.000000
vt -0.026180 -0.016637 0.000000
vt -0.026180 -0.049912 0.000000
vt -0.026180 -0.083187 0.000000
vt -0.026180 -0.116462 0.000000
vt -0.026180 -0.149737 0.000000
vt -0.026180 -0.183012 0.000000
vt -0.039270 0.016637 0.000000
vt -0.039270 -0.016637 0.000000
vt -0.039270 -0.049912 0.000000
vt -0.039270 -0.083187 0.000000
vt -0.039270 -0.116462 0.000000
vt -0.039270 -0.149737 0.000000
vt -0.026180 0.049912 0.000000
vt -0.026180 0.083187 0.000000
vt -0.052360 0.016637 0.000000
vt -0.052360 -0.016637 0.000000
vt -0.052360 -0.049912 0.000000
vt -0.052360 -0.083187 0.000000
vt -0.052360 -0.116462 0.000000
vt -0.039270 0.049912 0.000000
vt -0.039270 0.083187 0.000000
vt -0.052360 0.049912 0.000000
vt -0.052360 0.083187 0.000000
vt -0.026180 0.183012 0.000000
vt -0.026180 0.216287 0.000000
vt -0.039270 0.183012 0.000000
vt -0.039270 0.216287 0.000000
vt -0.039270 0.249562 0.000000
vt -0.052360 0.183012 0.000000
vt -0.052360 0.216287 0.000000
vt -0.052360 0.249562 0.000000
vt -0.052360 0.282837 0.000000
vn 0.000000 -0.017856 -0.098393
vn 0.000000 -0.004486 -0.099899
vn 0.000000 -0.000000 -0.100000
vn 0.000000 0.013423 -0.099095
vn 0.000000 0.017856 -0.098393
vn 0.000000 0.030902 -0.095106
vn 0.000000 0.035137 -0.093623
vn 0.000000 0.047387 -0.088060
vn 0.000000 0.051290 -0.085845
vn 0.000000 0.062349 -0.078183
vn 0.000000 0.065794 -0.075307
vn 0.000000 0.075307 -0.065794
vn 0.000000 0.078183 -0.062349
vn 0.000000 0.085845 -0.051290
vn 0.000000 0.088060 -0.047387
vn 0.000000 0.093623 -0.035137
vn 0.000000 0.095106 -0.030902
vn 0.000000 0.098393 -0.017856
vn 0.000000 0.099095 -0.013423
vn 0.000000 0.100000 0.000000
vn 0.000000 0.099899 0.004486
vn 0.000000 0.098393 0.017856
vn 0.000000 0.097493 0.022252
vn 0.000000 0.093623 0.035137
vn 0.000000 0.091953 0.039303
vn 0.000000 0.085845 0.051290
vn 0.000000 0.083457 0.055090
vn 0.000000 0.075307 0.065794
vn 0.000000 0.072279 0.069106
vn 0.000000 0.062349 0.078183
vn 0.000000 0.058779 0.080902
vn 0.000000 0.047387 0.088060
vn 0.000000 0.043388 0.090097
vn 0.000000 0.030902 0.095106
vn 0.000000 0.026604 0.096396
vn 0.000000 0.013423 0.099095
vn 0.000000 0.008964 0.099597
vn 0.000000 -0.004486 0.099899
vn 0.000000 -0.008964 0.099597
vn 0.000000 -0.022252 0.097493
vn 0.000000 -0.026604 0.096396
vn 0.000000 -0.039303 0.091953
vn 0.000000 -0.043388 0.090097
vn 0.000000 -0.055090 0.083457
vn 0.000000 -0.058779 0.080902
vn 0.000000 -0.069106 0.072279
vn 0.000000 -0.072279 0.069106
vn 0.000000 -0.080902 0.058779
vn 0.000000 -0.083457 0.055090
vn 0.000000 -0.090097 0.043388
vn 0.000000 -0.091953 0.039303
vn 0.000000 -0.096396 0.026604
vn 0.000000 -0.097493 0.022252
vn 0.000000 -0.099597 0.008964
vn 0.000000 -0.099899 0.004486
vn 0.000000 -0.099597 -0.008964
vn 0.000000 -0.099095 -0.013423
vn 0.000000 -0.096396 -0.026604
vn 0.000000 -0.095106 -0.030902
vn 0.000000 -0.090097 -0.043388
vn 0.000000 -0.088060 -0.047387
vn 0.000000 -0.080902 -0.058779
vn 0.000000 -0.078183 -0.062349
vn 0.000000 -0.069106 -0.072279
vn 0.000000 -0.065794 -0.075307
vn 0.000000 -0.055090 -0.083457
vn 0.000000 -0.051290 -0.085845
vn 0.000000 -0.039303 -0.091953
vn 0.000000 -0.035137 -0.093623
vn 0.000000 -0.022252 -0.097493
vn 0.100000 0.000000 0.000000
vn 0.100000 0.000000 0.000000
vn 0.100000 0.000000 0.000000
vn 0.100000 0.000000 0.000000
vn 0.100000 0.000000 0.000000
vn 0.100000 0.000000 0.000000
vn 0.100000 0.000000 0.000000
vn 0.100000 0.000000 0.000000
vn 0.100000 0.000000 0.000000
vn 0.100000 0.000000 0.000000
vn 0.100000 0.000000 0.000000
vn 0.100000 0.000000 0.000000
vn 0.100000 0.000000 0.000000
vn 0.100000 0.000000 0.000000
vn 0.100000 0.000000 0.000000
vn 0.100000 0.000000 0.000000
vn 0.100000 0.000000 0.000000
vn 0.100000 0.000000 0.000000
vn 0.100000 0.000000 0.000000
vn 0.100000 0.000000 0.000000
vn 0.100000 0.000000 0.000000
vn 0.100000 0.000000 0.000000
vn 0.100000 0.000000 0.000000
vn 0.100000 0.000000 0.000000
vn 0.100000 0.000000 0.000000
vn 0.100000 0.000000 0.000000
vn 0.100000 0.000000 0.000000
vn 0.100000 0.000000 0.000000
vn 0.100000 0.000000 0.000000
vn 0.100000 0.000000 0.000000
vn -0.100000 0.000000 0.000000
vn -0.100000 0.000000 0.000000
vn -0.100000 0.000000 0.000000
vn -0.100000 0.000000 0.000000
vn -0.100000 0.000000 0.000000
vn -0.100000 0.000000 0.000000
vn -0.100000 0.000000 0.000000
vn -0.100000 0.000000 0.000000
vn -0.100000 0.000000 0.000000
vn -0.100000 0.000000 0.000000
vn -0.100000 0.000000 0.000000
vn -0.100000 0.000000 0.000000
vn -0.100000 0.000000 0.000000
vn -0.100000 0.000000 0.000000
vn -0.100000 0.000000 0.000000
vn -0.100000 0.000000 0.000000
vn -0.100000 0.000000 0.000000
vn -0.100000 0.000000 0.000000
vn -0.100000 0.000000 0.000000
vn -0.100000 0.000000 0.000000
vn -0.100000 0.000000 0.000000
vn -0.100000 0.000000 0.000000
vn -0.100000 0.000000 0.000000
vn -0.100000 0.000000 0.000000
vn -0.100000 0.000000 0.000000
vn -0.100000 0.000000 0.000000
vn -0.100000 0.000000 0.000000
vn -0.100000 0.000000 0.000000
vn -0.100000 0.000000 0.000000
vn -0.100000 0.000000 0.000000
vn -0.100000 0.000000 0.000000
vn -0.100000 0.000000 0.000000
vn -0.100000 0.000000 0.000000
vn -0.100000 0.000000 0.000000
vn -0.100000 0.000000 0.000000
vn 0.025882 0.008658 -0.096204
vn 0.025882 -0.008658 -0.096204
vn 0.025882 -0.025697 -0.093112
vn 0.025882 -0.041910 -0.087027
vn 0.025882 -0.056776 -0.078145
vn 0.025882 -0.069817 -0.066752
vn 0.025882 -0.080614 -0.053213
vn 0.025882 -0.088820 -0.037963
vn 0.025882 -0.094171 -0.021494
vn 0.025882 -0.096495 -0.004334
vn 0.025882 -0.095718 0.012966
vn 0.025882 -0.091865 0.029849
vn 0.025882 -0.085059 0.045772
vn 0.025882 -0.075519 0.060224
vn 0.025882 -0.063552 0.072741
vn 0.025882 -0.049542 0.082920
vn 0.025882 -0.033940 0.090433
vn 0.025882 -0.017247 0.095040
vn 0.025882 -0.000000 0.096593
vn 0.025882 0.017247 0.095040
vn 0.025882 0.033940 0.090433
vn 0.025882 0.049542 0.082920
vn 0.025882 0.063552 0.072741
vn 0.025882 0.075519 0.060224
vn 0.025882 0.085059 0.045772
vn 0.025882 0.091865 0.029849
vn 0.025882 0.095718 0.012966
vn 0.025882 0.096495 -0.004334
vn 0.025882 0.094171 -0.021494
vn 0.025882 0.088820 -0.037963
vn 0.025882 0.080614 -0.053213
vn 0.025882 0.069817 -0.066752
vn 0.025882 0.056776 -0.078145
vn 0.025882 0.041910 -0.087027
vn 0.025882 0.025697 -0.093112
vn 0.096593 -0.002320 -0.025778
vn 0.096593 0.002320 -0.025778
vn 0.096593 0.006886 -0.024949
vn 0.096593 0.011230 -0.023319
vn 0.096593 0.015213 -0.020939
vn 0.096593 0.018707 -0.017886
vn 0.086603 0.029389 -0.040451
vn 0.086603 0.036140 -0.034553
vn 0.070711 0.041563 -0.057206
vn 0.070711 0.051109 -0.048866
vn 0.050000 0.050904 -0.070063
vn 0.050000 0.062596 -0.059848
vn 0.096593 -0.006886 -0.024949
vn 0.096593 -0.011230 -0.023319
vn 0.096593 -0.015213 -0.020939
vn 0.096593 -0.018707 -0.017886
vn 0.086603 -0.036140 -0.034553
vn 0.086603 -0.041729 -0.027545
vn 0.070711 -0.059013 -0.038954
vn 0.070711 -0.065020 -0.027791
vn 0.050000 -0.079633 -0.034037
vn 0.050000 -0.084431 -0.019271
vn 0.096593 -0.021600 -0.014258
vn 0.086603 -0.045976 -0.019651
vn 0.070711 -0.068938 -0.015735
vn 0.050000 -0.086515 -0.003885
vn 0.096593 -0.023799 -0.010172
vn 0.086603 -0.048746 -0.011126
vn 0.070711 -0.070639 -0.003172
vn 0.050000 -0.085819 0.011625
vn 0.096593 -0.025233 -0.005759
vn 0.086603 -0.049950 -0.002243
vn 0.070711 -0.070071 0.009492
vn 0.050000 -0.082364 0.026762
vn 0.096593 -0.025856 -0.001161
vn 0.086603 -0.049547 0.006712
vn 0.070711 -0.067250 0.021851
vn 0.050000 -0.076262 0.041038
vn 0.096593 -0.025648 0.003474
vn 0.086603 -0.047553 0.015451
vn 0.070711 -0.062268 0.033508
vn 0.050000 -0.067709 0.053996
vn 0.096593 -0.024615 0.007998
vn 0.086603 -0.044030 0.023693
vn 0.070711 -0.055284 0.044087
vn 0.050000 -0.056979 0.065218
vn 0.096593 -0.022791 0.012265
vn 0.096593 -0.020235 0.016137
vn 0.096593 -0.017029 0.019491
vn 0.096593 -0.013275 0.022218
vn 0.096593 -0.009094 0.024232
vn 0.096593 -0.004621 0.025466
vn 0.096593 -0.000000 0.025882
vn 0.096593 0.004621 0.025466
vn 0.086603 0.008928 0.049196
vn 0.086603 0.017569 0.046812
vn 0.070711 0.024846 0.066202
vn 0.070711 0.036267 0.060701
vn 0.050000 0.044418 0.074344
vn 0.050000 0.056979 0.065218
vn 0.096593 0.009094 0.024232
vn 0.086603 0.025645 0.042922
vn 0.070711 0.046523 0.053250
vn 0.050000 0.067709 0.053996
vn 0.096593 0.013275 0.022218
vn 0.086603 0.032897 0.037654
vn 0.070711 0.055284 0.044087
vn 0.050000 0.076262 0.041038
vn 0.096593 0.017029 0.019491
vn 0.086603 0.039092 0.031174
vn 0.070711 0.062268 0.033508
vn 0.050000 0.082364 0.026762
vn 0.096593 0.020235 0.016137
vn 0.086603 0.044030 0.023693
vn 0.070711 0.067250 0.021851
vn 0.050000 0.085819 0.011625
vn 0.096593 0.022791 0.012265
vn 0.086603 0.047553 0.015451
vn 0.070711 0.070071 0.009492
vn 0.050000 0.086515 -0.003885
vn 0.096593 0.024615 0.007998
vn 0.086603 0.049547 0.006712
vn 0.070711 0.070639 -0.003172
vn 0.050000 0.084431 -0.019271
vn 0.096593 0.025648 0.003474
vn 0.096593 0.025856 -0.001161
vn 0.096593 0.025233 -0.005759
vn 0.096593 0.023799 -0.010172
vn 0.096593 0.021600 -0.014258
vn 0.050000 0.000000 0.086603
vn 0.050000 0.015463 0.085211
vn 0.050000 0.030430 0.081080
vn 0.070711 0.000000 0.070711
vn 0.070711 0.012626 0.069574
vn 0.050000 -0.015463 0.085211
vn 0.050000 -0.030430 0.081080
vn 0.050000 -0.044418 0.074344
vn 0.086603 0.000000 0.050000
vn 0.070711 -0.012626 0.069574
vn 0.070711 -0.024846 0.066202
vn 0.070711 -0.036267 0.060701
vn 0.070711 -0.046523 0.053250
vn 0.086603 -0.008928 0.049196
vn 0.086603 -0.017569 0.046812
vn 0.086603 -0.025645 0.042922
vn 0.086603 -0.032897 0.037654
vn 0.086603 -0.039092 0.031174
vn 0.050000 0.007763 -0.086254
vn 0.050000 -0.007763 -0.086254
vn 0.050000 -0.023039 -0.083482
vn 0.050000 -0.037575 -0.078026
vn 0.050000 -0.050904 -0.070063
vn 0.050000 -0.062596 -0.059848
vn 0.050000 -0.072276 -0.047709
vn 0.070711 0.006338 -0.070426
vn 0.070711 -0.006338 -0.070426
vn 0.070711 -0.018812 -0.068162
vn 0.070711 -0.030680 -0.063708
vn 0.070711 -0.041563 -0.057206
vn 0.070711 -0.051109 -0.048866
vn 0.050000 0.023039 -0.083482
vn 0.050000 0.037575 -0.078026
vn 0.086603 0.004482 -0.049799
vn 0.086603 -0.004482 -0.049799
vn 0.086603 -0.013302 -0.048198
vn 0.086603 -0.021694 -0.045048
vn 0.086603 -0.029389 -0.040451
vn 0.070711 0.018812 -0.068162
vn 0.070711 0.030680 -0.063708
vn 0.086603 0.013302 -0.048198
vn 0.086603 0.021694 -0.045048
vn 0.050000 0.072276 -0.047709
vn 0.050000 0.079633 -0.034037
vn 0.070711 0.059013 -0.038954
vn 0.070711 0.065020 -0.027791
vn 0.070711 0.068938 -0.015735
vn 0.086603 0.041729 -0.027545
vn 0.086603 0.045976 -0.019651
vn 0.086603 0.048746 -0.011126
vn 0.086603 0.049950 -0.002243
f 882/1622/1599 942/1623/1600 881/1624/1601
f 881/1625/1601 942/1626/1600 943/1627/1602
f 881/1625/1601 943/1627/1602 915/1628/1603
f 915/1628/1603 943/1627/1602 944/1629/1604
f 915/1628/1603 944/1629/1604 914/1630/1605
f 914/1630/1605 944/1629/1604 945/1631/1606
f 914/1630/1605 945/1631/1606 913/1632/1607
f 913/1632/1607 945/1631/1606 946/1633/1608
f 913/1632/1607 946/1633/1608 912/1634/1609
f 912/1634/1609 946/1633/1608 947/1635/1610
f 912/1634/1609 947/1635/1610 911/1636/1611
f 911/1636/1611 947/1635/1610 948/1637/1612
f 911/1636/1611 948/1637/1612 910/1638/1613
f 910/1638/1613 948/1637/1612 949/1639/1614
f 910/1638/1613 949/1639/1614 909/1640/1615
f 909/1640/1615 949/1639/1614 950/1641/1616
f 909/1640/1615 950/1641/1616 908/1642/1617
f 908/1642/1617 950/1641/1616 916/1643/1618
f 908/1642/1617 916/1643/1618 907/1644/1619
f 907/1644/1619 916/1643/1618 917/1645/1620
f 907/1644/1619 917/1645/1620 906/1646/1621
f 906/1646/1621 917/1645/1620 918/1647/1622
f 906/1646/1621 918/1647/1622 905/1648/1623
f 905/1648/1623 918/1647/1622 919/1649/1624
f 905/1648/1623 919/1649/1624 904/1650/1625
f 904/1650/1625 919/1649/1624 920/1651/1626
f 904/1650/1625 920/1651/1626 903/1652/1627
f 903/1652/1627 920/1651/1626 921/1653/1628
f 903/1652/1627 921/1653/1628 902/1654/1629
f 902/1654/1629 921/1653/1628 922/1655/1630
f 902/1654/1629 922/1655/1630 901/1656/1631
f 901/1656/1631 922/1655/1630 923/1657/1632
f 901/1656/1631 923/1657/1632 900/1658/1633
f 900/1658/1633 923/1657/1632 924/1659/1634
f 900/1658/1633 924/1659/1634 899/1660/1635
f 899/1660/1635 924/1659/1634 925/1661/1636
f 899/1660/1635 925/1661/1636 898/1662/1637
f 898/1662/1637 925/1661/1636 926/1663/1638
f 898/1662/1637 926/1663/1638 897/1664/1639
f 897/1664/1639 926/1663/1638 927/1665/1640
f 897/1664/1639 927/1665/1640 896/1666/1641
f 896/1666/1641 927/1665/1640 928/1667/1642
f 896/1666/1641 928/1667/1642 895/1668/1643
f 895/1668/1643 928/1667/1642 929/1669/1644
f 895/1668/1643 929/1669/1644 894/1670/1645
f 894/1670/1645 929/1669/1644 930/1671/1646
f 894/1670/1645 930/1671/1646 893/1672/1647
f 893/1672/1647 930/1671/1646 931/1673/1648
f 893/1672/1647 931/1673/1648 892/1674/1649
f 892/1674/1649 931/1673/1648 932/1675/1650
f 892/1674/1649 932/1675/1650 891/1676/1651
f 891/1676/1651 932/1675/1650 933/1677/1652
f 891/1676/1651 933/1677/1652 890/1678/1653
f 890/1678/1653 933/1677/1652 934/1679/1654
f 890/1678/1653 934/1679/1654 889/1680/1655
f 889/1680/1655 934/1679/1654 935/1681/1656
f 889/1680/1655 935/1681/1656 888/1682/1657
f 888/1682/1657 935/1681/1656 936/1683/1658
f 888/1682/1657 936/1683/1658 887/1684/1659
f 887/1684/1659 936/1683/1658 937/1685/1660
f 887/1684/1659 937/1685/1660 886/1686/1661
f 886/1686/1661 937/1685/1660 938/1687/1662
f 886/1686/1661 938/1687/1662 885/1688/1663
f 885/1688/1663 938/1687/1662 939/1689/1664
f 885/1688/1663 939/1689/1664 884/1690/1665
f 884/1690/1665 939/1689/1664 940/1691/1666
f 884/1690/1665 940/1691/1666 883/1692/1667
f 883/1692/1667 940/1691/1666 941/1693/1668
f 883/1692/1667 941/1693/1668 882/1622/1599
f 882/1622/1599 941/1693/1668 942/1623/1600
f 952/1694/1669 965/1695/1670 951/1696/1671
f 951/1696/1671 965/1695/1670 966/1697/1672
f 951/1696/1671 966/1697/1672 980/1698/1673
f 980/1698/1673 966/1697/1672 967/1699/1674
f 980/1698/1673 967/1699/1674 979/1700/1675
f 979/1700/1675 967/1699/1674 968/1701/1676
f 979/1700/1675 968/1701/1676 978/1702/1677
f 978/1702/1677 968/1701/1676 969/1703/1678
f 978/1702/1677 969/1703/1678 977/1704/1679
f 977/1704/1679 969/1703/1678 970/1705/1680
f 977/1704/1679 970/1705/1680 976/1706/1681
f 976/1706/1681 970/1705/1680 971/1707/1682
f 976/1706/1681 971/1707/1682 975/1708/1683
f 975/1708/1683 971/1707/1682 972/1709/1684
f 975/1708/1683 972/1709/1684 974/1710/1685
f 974/1710/1685 972/1709/1684 973/1711/1686
f 965/1695/1670 952/1694/1669 964/1712/1687
f 964/1712/1687 952/1694/1669 953/1713/1688
f 964/1712/1687 953/1713/1688 963/1714/1689
f 963/1714/1689 953/1713/1688 954/1715/1690
f 963/1714/1689 954/1715/1690 962/1716/1691
f 962/1716/1691 954/1715/1690 955/1717/1692
f 962/1716/1691 955/1717/1692 961/1718/1693
f 961/1718/1693 955/1717/1692 956/1719/1694
f 961/1718/1693 956/1719/1694 960/1720/1695
f 960/1720/1695 956/1719/1694 957/1721/1696
f 960/1720/1695 957/1721/1696 959/1722/1697
f 959/1722/1697 957/1721/1696 958/1723/1698
f 916/1724/1699 950/1725/1700 917/1726/1701
f 917/1726/1701 950/1725/1700 918/1727/1702
f 918/1727/1702 950/1725/1700 949/1728/1703
f 918/1727/1702 949/1728/1703 919/1729/1704
f 919/1729/1704 949/1728/1703 948/1730/1705
f 919/1729/1704 948/1730/1705 920/1731/1706
f 920/1731/1706 948/1730/1705 947/1732/1707
f 920/1731/1706 947/1732/1707 921/1733/1708
f 921/1733/1708 947/1732/1707 946/1734/1709
f 921/1733/1708 946/1734/1709 922/1735/1710
f 922/1735/1710 946/1734/1709 945/1736/1711
f 922/1735/1710 945/1736/1711 923/1737/1712
f 923/1737/1712 945/1736/1711 944/1738/1713
f 923/1737/1712 944/1738/1713 924/1739/1714
f 924/1739/1714 944/1738/1713 943/1740/1715
f 924/1739/1714 943/1740/1715 925/1741/1716
f 925/1741/1716 943/1740/1715 942/1742/1717
f 925/1741/1716 942/1742/1717 926/1743/1718
f 926/1743/1718 942/1742/1717 941/1744/1719
f 926/1743/1718 941/1744/1719 927/1745/1720
f 927/1745/1720 941/1744/1719 940/1746/1721
f 927/1745/1720 940/1746/1721 928/1747/1722
f 928/1747/1722 940/1746/1721 939/1748/1723
f 928/1747/1722 939/1748/1723 929/1749/1724
f 929/1749/1724 939/1748/1723 938/1750/1725
f 929/1749/1724 938/1750/1725 930/1751/1726
f 930/1751/1726 938/1750/1725 937/1752/1727
f 930/1751/1726 937/1752/1727 931/1753/1728
f 931/1753/1728 937/1752/1727 936/1754/1729
f 931/1753/1728 936/1754/1729 932/1755/1730
f 932/1755/1730 936/1754/1729 935/1756/1731
f 932/1755/1730 935/1756/1731 933/1757/1732
f 933/1757/1732 935/1756/1731 934/1758/1733
f 915/1759/1603 986/1760/1734 881/1761/1601
f 881/1761/1601 986/1760/1734 995/1762/1735
f 881/1761/1601 995/1762/1735 882/1763/1599
f 882/1763/1599 995/1762/1735 1151/1764/1736
f 882/1763/1599 1151/1764/1736 883/1765/1667
f 883/1765/1667 1151/1764/1736 1146/1766/1737
f 883/1765/1667 1146/1766/1737 884/1767/1665
f 884/1767/1665 1146/1766/1737 1141/1768/1738
f 884/1767/1665 1141/1768/1738 885/1769/1663
f 885/1769/1663 1141/1768/1738 1136/1770/1739
f 885/1769/1663 1136/1770/1739 886/1771/1661
f 886/1771/1661 1136/1770/1739 1131/1772/1740
f 886/1771/1661 1131/1772/1740 887/1773/1659
f 887/1773/1659 1131/1772/1740 1126/1774/1741
f 887/1773/1659 1126/1774/1741 888/1775/1657
f 888/1775/1657 1126/1774/1741 1121/1776/1742
f 888/1775/1657 1121/1776/1742 889/1777/1655
f 889/1777/1655 1121/1776/1742 1116/1778/1743
f 889/1777/1655 1116/1778/1743 890/1779/1653
f 890/1779/1653 1116/1778/1743 1111/1780/1744
f 890/1779/1653 1111/1780/1744 891/1781/1651
f 891/1781/1651 1111/1780/1744 1106/1782/1745
f 891/1781/1651 1106/1782/1745 892/1783/1649
f 892/1783/1649 1106/1782/1745 1101/1784/1746
f 892/1783/1649 1101/1784/1746 893/1785/1647
f 893/1785/1647 1101/1784/1746 1096/1786/1747
f 893/1785/1647 1096/1786/1747 894/1787/1645
f 894/1787/1645 1096/1786/1747 1091/1788/1748
f 894/1787/1645 1091/1788/1748 895/1789/1643
f 895/1789/1643 1091/1788/1748 1086/1790/1749
f 895/1789/1643 1086/1790/1749 896/1791/1641
f 896/1791/1641 1086/1790/1749 1081/1792/1750
f 896/1791/1641 1081/1792/1750 897/1793/1639
f 897/1793/1639 1081/1792/1750 1076/1794/1751
f 897/1793/1639 1076/1794/1751 898/1795/1637
f 898/1795/1637 1076/1794/1751 981/1796/1752
f 898/1795/1637 981/1796/1752 899/1797/1635
f 899/1798/1635 981/1799/1752 1071/1800/1753
f 899/1798/1635 1071/1800/1753 900/1801/1633
f 900/1801/1633 1071/1800/1753 1066/1802/1754
f 900/1801/1633 1066/1802/1754 901/1803/1631
f 901/1803/1631 1066/1802/1754 1061/1804/1755
f 901/1803/1631 1061/1804/1755 902/1805/1629
f 902/1805/1629 1061/1804/1755 1056/1806/1756
f 902/1805/1629 1056/1806/1756 903/1807/1627
f 903/1807/1627 1056/1806/1756 1051/1808/1757
f 903/1807/1627 1051/1808/1757 904/1809/1625
f 904/1809/1625 1051/1808/1757 1046/1810/1758
f 904/1809/1625 1046/1810/1758 905/1811/1623
f 905/1811/1623 1046/1810/1758 1041/1812/1759
f 905/1811/1623 1041/1812/1759 906/1813/1621
f 906/1813/1621 1041/1812/1759 1036/1814/1760
f 906/1813/1621 1036/1814/1760 907/1815/1619
f 907/1815/1619 1036/1814/1760 1031/1816/1761
f 907/1815/1619 1031/1816/1761 908/1817/1617
f 908/1817/1617 1031/1816/1761 1026/1818/1762
f 908/1817/1617 1026/1818/1762 909/1819/1615
f 909/1819/1615 1026/1818/1762 1021/1820/1763
f 909/1819/1615 1021/1820/1763 910/1821/1613
f 910/1821/1613 1021/1820/1763 1016/1822/1764
f 910/1821/1613 1016/1822/1764 911/1823/1611
f 911/1823/1611 1016/1822/1764 1011/1824/1765
f 911/1823/1611 1011/1824/1765 912/1825/1609
f 912/1825/1609 1011/1824/1765 1006/1826/1766
f 912/1825/1609 1006/1826/1766 913/1827/1607
f 913/1827/1607 1006/1826/1766 1001/1828/1767
f 913/1827/1607 1001/1828/1767 914/1829/1605
f 914/1829/1605 1001/1828/1767 996/1830/1768
f 914/1829/1605 996/1830/1768 915/1759/1603
f 915/1759/1603 996/1830/1768 986/1760/1734
f 980/1831/1673 991/1832/1769 951/1833/1671
f 951/1833/1671 991/1832/1769 990/1834/1770
f 951/1833/1671 990/1834/1770 952/1835/1669
f 952/1835/1669 990/1834/1770 1000/1836/1771
f 952/1835/1669 1000/1836/1771 953/1837/1688
f 953/1837/1688 1000/1836/1771 1005/1838/1772
f 953/1837/1688 1005/1838/1772 954/1839/1690
f 954/1839/1690 1005/1838/1772 1010/1840/1773
f 954/1839/1690 1010/1840/1773 1015/1841/1774
f 1015/1841/1774 1010/1840/1773 1009/1842/1775
f 1015/1841/1774 1009/1842/1775 1014/1843/1776
f 1014/1843/1776 1009/1842/1775 1008/1844/1777
f 1014/1843/1776 1008/1844/1777 1013/1845/1778
f 1013/1845/1778 1008/1844/1777 1007/1846/1779
f 1013/1845/1778 1007/1846/1779 1012/1847/1780
f 1012/1847/1780 1007/1846/1779 1006/1826/1766
f 1012/1847/1780 1006/1826/1766 1011/1824/1765
f 991/1832/1769 980/1831/1673 1155/1848/1781
f 1155/1848/1781 980/1831/1673 979/1849/1675
f 1155/1848/1781 979/1849/1675 1150/1850/1782
f 1150/1850/1782 979/1849/1675 978/1851/1677
f 1150/1850/1782 978/1851/1677 1145/1852/1783
f 1145/1852/1783 978/1851/1677 1140/1853/1784
f 1145/1852/1783 1140/1853/1784 1139/1854/1785
f 1139/1854/1785 1140/1853/1784 1134/1855/1786
f 1139/1854/1785 1134/1855/1786 1133/1856/1787
f 1133/1856/1787 1134/1855/1786 1128/1857/1788
f 1133/1856/1787 1128/1857/1788 1127/1858/1789
f 1127/1858/1789 1128/1857/1788 1122/1859/1790
f 1127/1858/1789 1122/1859/1790 1121/1776/1742
f 1121/1776/1742 1122/1859/1790 1116/1778/1743
f 978/1851/1677 977/1860/1679 1140/1853/1784
f 1140/1853/1784 977/1860/1679 1135/1861/1791
f 1140/1853/1784 1135/1861/1791 1134/1855/1786
f 1134/1855/1786 1135/1861/1791 1129/1862/1792
f 1134/1855/1786 1129/1862/1792 1128/1857/1788
f 1128/1857/1788 1129/1862/1792 1123/1863/1793
f 1128/1857/1788 1123/1863/1793 1122/1859/1790
f 1122/1859/1790 1123/1863/1793 1117/1864/1794
f 1122/1859/1790 1117/1864/1794 1116/1778/1743
f 1116/1778/1743 1117/1864/1794 1111/1780/1744
f 977/1860/1679 976/1865/1681 1135/1861/1791
f 1135/1861/1791 976/1865/1681 1130/1866/1795
f 1135/1861/1791 1130/1866/1795 1129/1862/1792
f 1129/1862/1792 1130/1866/1795 1124/1867/1796
f 1129/1862/1792 1124/1867/1796 1123/1863/1793
f 1123/1863/1793 1124/1867/1796 1118/1868/1797
f 1123/1863/1793 1118/1868/1797 1117/1864/1794
f 1117/1864/1794 1118/1868/1797 1112/1869/1798
f 1117/1864/1794 1112/1869/1798 1111/1780/1744
f 1111/1780/1744 1112/1869/1798 1106/1782/1745
f 976/1865/1681 975/1870/1683 1130/1866/1795
f 1130/1866/1795 975/1870/1683 1125/1871/1799
f 1130/1866/1795 1125/1871/1799 1124/1867/1796
f 1124/1867/1796 1125/1871/1799 1119/1872/1800
f 1124/1867/1796 1119/1872/1800 1118/1868/1797
f 1118/1868/1797 1119/1872/1800 1113/1873/1801
f 1118/1868/1797 1113/1873/1801 1112/1869/1798
f 1112/1869/1798 1113/1873/1801 1107/1874/1802
f 1112/1869/1798 1107/1874/1802 1106/1782/1745
f 1106/1782/1745 1107/1874/1802 1101/1784/1746
f 975/1870/1683 974/1875/1685 1125/1871/1799
f 1125/1871/1799 974/1875/1685 1120/1876/1803
f 1125/1871/1799 1120/1876/1803 1119/1872/1800
f 1119/1872/1800 1120/1876/1803 1114/1877/1804
f 1119/1872/1800 1114/1877/1804 1113/1873/1801
f 1113/1873/1801 1114/1877/1804 1108/1878/1805
f 1113/1873/1801 1108/1878/1805 1107/1874/1802
f 1107/1874/1802 1108/1878/1805 1102/1879/1806
f 1107/1874/1802 1102/1879/1806 1101/1784/1746
f 1101/1784/1746 1102/1879/1806 1096/1786/1747
f 974/1875/1685 973/1880/1686 1120/1876/1803
f 1120/1876/1803 973/1880/1686 1115/1881/1807
f 1120/1876/1803 1115/1881/1807 1114/1877/1804
f 1114/1877/1804 1115/1881/1807 1109/1882/1808
f 1114/1877/1804 1109/1882/1808 1108/1878/1805
f 1108/1878/1805 1109/1882/1808 1103/1883/1809
f 1108/1878/1805 1103/1883/1809 1102/1879/1806
f 1102/1879/1806 1103/1883/1809 1097/1884/1810
f 1102/1879/1806 1097/1884/1810 1096/1786/1747
f 1096/1786/1747 1097/1884/1810 1091/1788/1748
f 973/1880/1686 972/1885/1684 1115/1881/1807
f 1115/1881/1807 972/1885/1684 1110/1886/1811
f 1115/1881/1807 1110/1886/1811 1109/1882/1808
f 1109/1882/1808 1110/1886/1811 1104/1887/1812
f 1109/1882/1808 1104/1887/1812 1103/1883/1809
f 1103/1883/1809 1104/1887/1812 1098/1888/1813
f 1103/1883/1809 1098/1888/1813 1097/1884/1810
f 1097/1884/1810 1098/1888/1813 1092/1889/1814
f 1097/1884/1810 1092/1889/1814 1091/1788/1748
f 1091/1788/1748 1092/1889/1814 1086/1790/1749
f 1110/1886/1811 972/1885/1684 1105/1890/1815
f 1105/1890/1815 972/1885/1684 971/1891/1682
f 1105/1890/1815 971/1891/1682 1100/1892/1816
f 1100/1892/1816 971/1891/1682 970/1893/1680
f 1100/1892/1816 970/1893/1680 1095/1894/1817
f 1095/1894/1817 970/1893/1680 969/1895/1678
f 1095/1894/1817 969/1895/1678 1090/1896/1818
f 1090/1896/1818 969/1895/1678 968/1897/1676
f 1090/1896/1818 968/1897/1676 1085/1898/1819
f 1085/1898/1819 968/1897/1676 967/1899/1674
f 1085/1898/1819 967/1899/1674 1080/1900/1820
f 1080/1900/1820 967/1899/1674 966/1901/1672
f 1080/1900/1820 966/1901/1672 985/1902/1821
f 985/1903/1821 966/1904/1672 1075/1905/1822
f 985/1903/1821 1075/1905/1822 1074/1906/1823
f 1074/1906/1823 1075/1905/1822 1069/1907/1824
f 1074/1906/1823 1069/1907/1824 1068/1908/1825
f 1068/1908/1825 1069/1907/1824 1063/1909/1826
f 1068/1908/1825 1063/1909/1826 1062/1910/1827
f 1062/1910/1827 1063/1909/1826 1057/1911/1828
f 1062/1910/1827 1057/1911/1828 1056/1806/1756
f 1056/1806/1756 1057/1911/1828 1051/1808/1757
f 966/1904/1672 965/1912/1670 1075/1905/1822
f 1075/1905/1822 965/1912/1670 1070/1913/1829
f 1075/1905/1822 1070/1913/1829 1069/1907/1824
f 1069/1907/1824 1070/1913/1829 1064/1914/1830
f 1069/1907/1824 1064/1914/1830 1063/1909/1826
f 1063/1909/1826 1064/1914/1830 1058/1915/1831
f 1063/1909/1826 1058/1915/1831 1057/1911/1828
f 1057/1911/1828 1058/1915/1831 1052/1916/1832
f 1057/1911/1828 1052/1916/1832 1051/1808/1757
f 1051/1808/1757 1052/1916/1832 1046/1810/1758
f 965/1912/1670 964/1917/1687 1070/1913/1829
f 1070/1913/1829 964/1917/1687 1065/1918/1833
f 1070/1913/1829 1065/1918/1833 1064/1914/1830
f 1064/1914/1830 1065/1918/1833 1059/1919/1834
f 1064/1914/1830 1059/1919/1834 1058/1915/1831
f 1058/1915/1831 1059/1919/1834 1053/1920/1835
f 1058/1915/1831 1053/1920/1835 1052/1916/1832
f 1052/1916/1832 1053/1920/1835 1047/1921/1836
f 1052/1916/1832 1047/1921/1836 1046/1810/1758
f 1046/1810/1758 1047/1921/1836 1041/1812/1759
f 964/1917/1687 963/1922/1689 1065/1918/1833
f 1065/1918/1833 963/1922/1689 1060/1923/1837
f 1065/1918/1833 1060/1923/1837 1059/1919/1834
f 1059/1919/1834 1060/1923/1837 1054/1924/1838
f 1059/1919/1834 1054/1924/1838 1053/1920/1835
f 1053/1920/1835 1054/1924/1838 1048/1925/1839
f 1053/1920/1835 1048/1925/1839 1047/1921/1836
f 1047/1921/1836 1048/1925/1839 1042/1926/1840
f 1047/1921/1836 1042/1926/1840 1041/1812/1759
f 1041/1812/1759 1042/1926/1840 1036/1814/1760
f 963/1922/1689 962/1927/1691 1060/1923/1837
f 1060/1923/1837 962/1927/1691 1055/1928/1841
f 1060/1923/1837 1055/1928/1841 1054/1924/1838
f 1054/1924/1838 1055/1928/1841 1049/1929/1842
f 1054/1924/1838 1049/1929/1842 1048/1925/1839
f 1048/1925/1839 1049/1929/1842 1043/1930/1843
f 1048/1925/1839 1043/1930/1843 1042/1926/1840
f 1042/1926/1840 1043/1930/1843 1037/1931/1844
f 1042/1926/1840 1037/1931/1844 1036/1814/1760
f 1036/1814/1760 1037/1931/1844 1031/1816/1761
f 962/1927/1691 961/1932/1693 1055/1928/1841
f 1055/1928/1841 961/1932/1693 1050/1933/1845
f 1055/1928/1841 1050/1933/1845 1049/1929/1842
f 1049/1929/1842 1050/1933/1845 1044/1934/1846
f 1049/1929/1842 1044/1934/1846 1043/1930/1843
f 1043/1930/1843 1044/1934/1846 1038/1935/1847
f 1043/1930/1843 1038/1935/1847 1037/1931/1844
f 1037/1931/1844 1038/1935/1847 1032/1936/1848
f 1037/1931/1844 1032/1936/1848 1031/1816/1761
f 1031/1816/1761 1032/1936/1848 1026/1818/1762
f 961/1932/1693 960/1937/1695 1050/1933/1845
f 1050/1933/1845 960/1937/1695 1045/1938/1849
f 1050/1933/1845 1045/1938/1849 1044/1934/1846
f 1044/1934/1846 1045/1938/1849 1039/1939/1850
f 1044/1934/1846 1039/1939/1850 1038/1935/1847
f 1038/1935/1847 1039/1939/1850 1033/1940/1851
f 1038/1935/1847 1033/1940/1851 1032/1936/1848
f 1032/1936/1848 1033/1940/1851 1027/1941/1852
f 1032/1936/1848 1027/1941/1852 1026/1818/1762
f 1026/1818/1762 1027/1941/1852 1021/1820/1763
f 1045/1938/1849 960/1937/1695 1040/1942/1853
f 1040/1942/1853 960/1937/1695 959/1943/1697
f 1040/1942/1853 959/1943/1697 1035/1944/1854
f 1035/1944/1854 959/1943/1697 958/1945/1698
f 1035/1944/1854 958/1945/1698 1030/1946/1855
f 1030/1946/1855 958/1945/1698 957/1947/1696
f 1030/1946/1855 957/1947/1696 1025/1948/1856
f 1025/1948/1856 957/1947/1696 956/1949/1694
f 1025/1948/1856 956/1949/1694 1020/1950/1857
f 1020/1950/1857 956/1949/1694 955/1951/1692
f 1020/1950/1857 955/1951/1692 1015/1841/1774
f 1015/1841/1774 955/1951/1692 954/1839/1690
f 981/1799/1752 982/1952/1858 1071/1800/1753
f 1071/1800/1753 982/1952/1858 1072/1953/1859
f 1071/1800/1753 1072/1953/1859 1066/1802/1754
f 1066/1802/1754 1072/1953/1859 1067/1954/1860
f 1066/1802/1754 1067/1954/1860 1061/1804/1755
f 1061/1804/1755 1067/1954/1860 1062/1910/1827
f 1061/1804/1755 1062/1910/1827 1056/1806/1756
f 982/1952/1858 983/1955/1861 1072/1953/1859
f 1072/1953/1859 983/1955/1861 1073/1956/1862
f 1072/1953/1859 1073/1956/1862 1067/1954/1860
f 1067/1954/1860 1073/1956/1862 1068/1908/1825
f 1067/1954/1860 1068/1908/1825 1062/1910/1827
f 982/1957/1858 981/1796/1752 1077/1958/1863
f 1077/1958/1863 981/1796/1752 1076/1794/1751
f 1077/1958/1863 1076/1794/1751 1082/1959/1864
f 1082/1959/1864 1076/1794/1751 1081/1792/1750
f 1082/1959/1864 1081/1792/1750 1087/1960/1865
f 1087/1960/1865 1081/1792/1750 1086/1790/1749
f 1087/1960/1865 1086/1790/1749 1092/1889/1814
f 983/1955/1861 984/1961/1866 1073/1956/1862
f 1073/1956/1862 984/1961/1866 1074/1906/1823
f 1073/1956/1862 1074/1906/1823 1068/1908/1825
f 983/1962/1861 982/1957/1858 1078/1963/1867
f 1078/1963/1867 982/1957/1858 1077/1958/1863
f 1078/1963/1867 1077/1958/1863 1083/1964/1868
f 1083/1964/1868 1077/1958/1863 1082/1959/1864
f 1083/1964/1868 1082/1959/1864 1088/1965/1869
f 1088/1965/1869 1082/1959/1864 1087/1960/1865
f 1088/1965/1869 1087/1960/1865 1093/1966/1870
f 1093/1966/1870 1087/1960/1865 1092/1889/1814
f 1093/1966/1870 1092/1889/1814 1098/1888/1813
f 1080/1900/1820 985/1902/1821 984/1967/1866
f 984/1961/1866 985/1903/1821 1074/1906/1823
f 984/1967/1866 983/1962/1861 1079/1968/1871
f 1079/1968/1871 983/1962/1861 1078/1963/1867
f 1079/1968/1871 1078/1963/1867 1084/1969/1872
f 1084/1969/1872 1078/1963/1867 1083/1964/1868
f 1084/1969/1872 1083/1964/1868 1089/1970/1873
f 1089/1970/1873 1083/1964/1868 1088/1965/1869
f 1089/1970/1873 1088/1965/1869 1094/1971/1874
f 1094/1971/1874 1088/1965/1869 1093/1966/1870
f 1094/1971/1874 1093/1966/1870 1099/1972/1875
f 1099/1972/1875 1093/1966/1870 1098/1888/1813
f 1099/1972/1875 1098/1888/1813 1104/1887/1812
f 986/1760/1734 987/1973/1876 995/1762/1735
f 995/1762/1735 987/1973/1876 994/1974/1877
f 995/1762/1735 994/1974/1877 1151/1764/1736
f 1151/1764/1736 994/1974/1877 1152/1975/1878
f 1151/1764/1736 1152/1975/1878 1146/1766/1737
f 1146/1766/1737 1152/1975/1878 1147/1976/1879
f 1146/1766/1737 1147/1976/1879 1141/1768/1738
f 1141/1768/1738 1147/1976/1879 1142/1977/1880
f 1141/1768/1738 1142/1977/1880 1136/1770/1739
f 1136/1770/1739 1142/1977/1880 1137/1978/1881
f 1136/1770/1739 1137/1978/1881 1131/1772/1740
f 1131/1772/1740 1137/1978/1881 1132/1979/1882
f 1131/1772/1740 1132/1979/1882 1126/1774/1741
f 1126/1774/1741 1132/1979/1882 1127/1858/1789
f 1126/1774/1741 1127/1858/1789 1121/1776/1742
f 987/1973/1876 988/1980/1883 994/1974/1877
f 994/1974/1877 988/1980/1883 993/1981/1884
f 994/1974/1877 993/1981/1884 1152/1975/1878
f 1152/1975/1878 993/1981/1884 1153/1982/1885
f 1152/1975/1878 1153/1982/1885 1147/1976/1879
f 1147/1976/1879 1153/1982/1885 1148/1983/1886
f 1147/1976/1879 1148/1983/1886 1142/1977/1880
f 1142/1977/1880 1148/1983/1886 1143/1984/1887
f 1142/1977/1880 1143/1984/1887 1137/1978/1881
f 1137/1978/1881 1143/1984/1887 1138/1985/1888
f 1137/1978/1881 1138/1985/1888 1132/1979/1882
f 1132/1979/1882 1138/1985/1888 1133/1856/1787
f 1132/1979/1882 1133/1856/1787 1127/1858/1789
f 987/1973/1876 986/1760/1734 997/1986/1889
f 997/1986/1889 986/1760/1734 996/1830/1768
f 997/1986/1889 996/1830/1768 1002/1987/1890
f 1002/1987/1890 996/1830/1768 1001/1828/1767
f 1002/1987/1890 1001/1828/1767 1007/1846/1779
f 1007/1846/1779 1001/1828/1767 1006/1826/1766
f 988/1980/1883 989/1988/1891 993/1981/1884
f 993/1981/1884 989/1988/1891 992/1989/1892
f 993/1981/1884 992/1989/1892 1153/1982/1885
f 1153/1982/1885 992/1989/1892 1154/1990/1893
f 1153/1982/1885 1154/1990/1893 1148/1983/1886
f 1148/1983/1886 1154/1990/1893 1149/1991/1894
f 1148/1983/1886 1149/1991/1894 1143/1984/1887
f 1143/1984/1887 1149/1991/1894 1144/1992/1895
f 1143/1984/1887 1144/1992/1895 1138/1985/1888
f 1138/1985/1888 1144/1992/1895 1139/1854/1785
f 1138/1985/1888 1139/1854/1785 1133/1856/1787
f 988/1980/1883 987/1973/1876 998/1993/1896
f 998/1993/1896 987/1973/1876 997/1986/1889
f 998/1993/1896 997/1986/1889 1003/1994/1897
f 1003/1994/1897 997/1986/1889 1002/1987/1890
f 1003/1994/1897 1002/1987/1890 1008/1844/1777
f 1008/1844/1777 1002/1987/1890 1007/1846/1779
f 989/1988/1891 990/1834/1770 992/1989/1892
f 992/1989/1892 990/1834/1770 991/1832/1769
f 992/1989/1892 991/1832/1769 1154/1990/1893
f 1154/1990/1893 991/1832/1769 1155/1848/1781
f 1154/1990/1893 1155/1848/1781 1149/1991/1894
f 1149/1991/1894 1155/1848/1781 1150/1850/1782
f 1149/1991/1894 1150/1850/1782 1144/1992/1895
f 1144/1992/1895 1150/1850/1782 1145/1852/1783
f 1144/1992/1895 1145/1852/1783 1139/1854/1785
f 989/1988/1891 988/1980/1883 999/1995/1898
f 999/1995/1898 988/1980/1883 998/1993/1896
f 999/1995/1898 998/1993/1896 1004/1996/1899
f 1004/1996/1899 998/1993/1896 1003/1994/1897
f 1004/1996/1899 1003/1994/1897 1009/1842/1775
f 1009/1842/1775 1003/1994/1897 1008/1844/1777
f 990/1834/1770 989/1988/1891 1000/1836/1771
f 1000/1836/1771 989/1988/1891 999/1995/1898
f 1000/1836/1771 999/1995/1898 1005/1838/1772
f 1005/1838/1772 999/1995/1898 1004/1996/1899
f 1005/1838/1772 1004/1996/1899 1010/1840/1773
f 1010/1840/1773 1004/1996/1899 1009/1842/1775
f 1012/1847/1780 1011/1824/1765 1017/1997/1900
f 1017/1997/1900 1011/1824/1765 1016/1822/1764
f 1017/1997/1900 1016/1822/1764 1022/1998/1901
f 1022/1998/1901 1016/1822/1764 1021/1820/1763
f 1022/1998/1901 1021/1820/1763 1027/1941/1852
f 1013/1845/1778 1012/1847/1780 1018/1999/1902
f 1018/1999/1902 1012/1847/1780 1017/1997/1900
f 1018/1999/1902 1017/1997/1900 1023/2000/1903
f 1023/2000/1903 1017/1997/1900 1022/1998/1901
f 1023/2000/1903 1022/1998/1901 1028/2001/1904
f 1028/2001/1904 1022/1998/1901 1027/1941/1852
f 1028/2001/1904 1027/1941/1852 1033/1940/1851
f 1020/1950/1857 1015/1841/1774 1014/1843/1776
f 1014/1843/1776 1013/1845/1778 1019/2002/1905
f 1019/2002/1905 1013/1845/1778 1018/1999/1902
f 1019/2002/1905 1018/1999/1902 1024/2003/1906
f 1024/2003/1906 1018/1999/1902 1023/2000/1903
f 1024/2003/1906 1023/2000/1903 1029/2004/1907
f 1029/2004/1907 1023/2000/1903 1028/2001/1904
f 1029/2004/1907 1028/2001/1904 1034/2005/1908
f 1034/2005/1908 1028/2001/1904 1033/1940/1851
f 1034/2005/1908 1033/1940/1851 1039/1939/1850
f 1025/1948/1856 1020/1950/1857 1019/2002/1905
f 1019/2002/1905 1020/1950/1857 1014/1843/1776
f 1025/1948/1856 1019/2002/1905 1024/2003/1906
f 1030/1946/1855 1025/1948/1856 1024/2003/1906
f 1030/1946/1855 1024/2003/1906 1029/2004/1907
f 1035/1944/1854 1030/1946/1855 1029/2004/1907
f 1035/1944/1854 1029/2004/1907 1034/2005/1908
f 1040/1942/1853 1035/1944/1854 1034/2005/1908
f 1040/1942/1853 1034/2005/1908 1039/1939/1850
f 1045/1938/1849 1040/1942/1853 1039/1939/1850
f 1085/1898/1819 1080/1900/1820 1079/1968/1871
f 1079/1968/1871 1080/1900/1820 984/1967/1866
f 1085/1898/1819 1079/1968/1871 1084/1969/1872
f 1090/1896/1818 1085/1898/1819 1084/1969/1872
f 1090/1896/1818 1084/1969/1872 1089/1970/1873
f 1095/1894/1817 1090/1896/1818 1089/1970/1873
f 1095/1894/1817 1089/1970/1873 1094/1971/1874
f 1100/1892/1816 1095/1894/1817 1094/1971/1874
f 1100/1892/1816 1094/1971/1874 1099/1972/1875
f 1105/1890/1815 1100/1892/1816 1099/1972/1875
f 1105/1890/1815 1099/1972/1875 1104/1887/1812
f 1110/1886/1811 1105/1890/1815 1104/1887/1812
g Body5

v -12.000000 65.000000 6.500000
v -12.000000 65.000000 -6.500000
v -17.000000 65.000000 -6.500000
v -17.000000 65.000000 6.500000
v -12.000000 68.000000 6.500000
v -17.000000 68.000000 6.500000
v -12.000000 68.000000 3.500000
v -17.000000 68.000000 3.500000
v -12.000000 68.500000 3.500000
v -17.000000 68.500000 3.500000
v -12.000000 68.500000 -3.500000
v -17.000000 68.500000 -3.500000
v -12.000000 68.000000 -3.500000
v -17.000000 68.000000 -3.500000
v -12.000000 68.000000 -6.500000
v -17.000000 68.000000 -6.500000
v -12.000000 64.000000 -7.500000
v -12.000000 64.000000 7.500000
v -17.000000 64.000000 7.500000
v -17.000000 64.000000 -7.500000
v -12.000000 69.000000 -7.500000
v -17.000000 69.000000 -7.500000
v -12.000000 69.000000 7.500000
v -17.000000 69.000000 7.500000
vt -0.000000 0.500000 0.000000
vt -1.300000 0.500000 0.000000
vt -0.000000 0.000000 0.000000
vt -1.300000 0.000000 0.000000
vt -0.500000 -0.300000 0.000000
vt -0.000000 -0.300000 0.000000
vt -0.500000 0.000000 0.000000
vt -0.000000 0.000000 0.000000
vt -0.000000 0.500000 0.000000
vt -0.300000 0.500000 0.000000
vt -0.000000 0.000000 0.000000
vt -0.300000 0.000000 0.000000
vt -0.500000 -0.050000 0.000000
vt -0.000000 -0.050000 0.000000
vt -0.500000 0.000000 0.000000
vt -0.000000 0.000000 0.000000
vt -0.000000 0.500000 0.000000
vt -0.700000 0.500000 0.000000
vt -0.000000 0.000000 0.000000
vt -0.700000 0.000000 0.000000
vt 0.500000 0.050000 0.000000
vt -0.000000 0.050000 0.000000
vt 0.500000 0.000000 0.000000
vt -0.000000 0.000000 0.000000
vt -0.000000 0.500000 0.000000
vt -0.300000 0.500000 0.000000
vt -0.000000 0.000000 0.000000
vt -0.300000 0.000000 0.000000
vt 1.500000 0.500000 0.000000
vt 0.000000 0.500000 0.000000
vt 1.500000 0.000000 0.000000
vt 0.000000 0.000000 0.000000
vt -0.500000 0.000000 0.000000
vt 0.000000 0.000000 0.000000
vt -0.500000 0.500000 0.000000
vt 0.000000 0.500000 0.000000
vt 1.500000 0.500000 0.000000
vt 0.000000 0.500000 0.000000
vt 1.500000 0.000000 0.000000
vt 0.000000 0.000000 0.000000
vt 0.500000 0.000000 0.000000
vt 0.000000 0.000000 0.000000
vt 0.500000 -0.500000 0.000000
vt 0.000000 -0.500000 0.000000
vt 0.500000 0.300000 0.000000
vt -0.000000 0.300000 0.000000
vt 0.500000 0.000000 0.000000
vt -0.000000 0.000000 0.000000
vt 0.750000 6.400000 0.000000
vt -0.650000 6.500000 0.000000
vt -0.750000 6.400000 0.000000
vt -0.650000 6.800000 0.000000
vt -0.750000 6.900000 0.000000
vt -0.350000 6.850000 0.000000
vt 0.350000 6.850000 0.000000
vt 0.750000 6.900000 0.000000
vt 0.650000 6.800000 0.000000
vt 0.650000 6.500000 0.000000
vt -0.350000 6.800000 0.000000
vt 0.350000 6.800000 0.000000
vt 0.750000 6.400000 0.000000
vt -0.650000 6.500000 0.000000
vt -0.750000 6.400000 0.000000
vt -0.650000 6.800000 0.000000
vt -0.750000 6.900000 0.000000
vt -0.350000 6.850000 0.000000
vt 0.350000 6.850000 0.000000
vt 0.750000 6.900000 0.000000
vt 0.650000 6.800000 0.000000
vt 0.650000 6.500000 0.000000
vt -0.350000 6.800000 0.000000
vt 0.350000 6.800000 0.000000
vn 0.000000 0.100000 0.000000
vn 0.000000 0.100000 0.000000
vn 0.000000 0.100000 0.000000
vn 0.000000 0.100000 0.000000
vn 0.000000 -0.000000 -0.100000
vn 0.000000 -0.000000 -0.100000
vn 0.000000 -0.000000 -0.100000
vn 0.000000 -0.000000 -0.100000
vn 0.000000 -0.100000 0.000000
vn 0.000000 -0.100000 0.000000
vn 0.000000 -0.100000 0.000000
vn 0.000000 -0.100000 0.000000
vn 0.000000 0.000000 -0.100000
vn 0.000000 0.000000 -0.100000
vn 0.000000 0.000000 -0.100000
vn 0.000000 0.000000 -0.100000
vn 0.000000 -0.100000 0.000000
vn 0.000000 -0.100000 0.000000
vn 0.000000 -0.100000 0.000000
vn 0.000000 -0.100000 0.000000
vn 0.000000 0.000000 0.100000
vn 0.000000 0.000000 0.100000
vn 0.000000 0.000000 0.100000
vn 0.000000 0.000000 0.100000
vn 0.000000 -0.100000 0.000000
vn 0.000000 -0.100000 0.000000
vn 0.000000 -0.100000 0.000000
vn 0.000000 -0.100000 0.000000
vn 0.000000 -0.100000 0.000000
vn 0.000000 -0.100000 0.000000
vn 0.000000 -0.100000 0.000000
vn 0.000000 -0.100000 0.000000
vn 0.000000 0.000000 -0.100000
vn 0.000000 0.000000 -0.100000
vn 0.000000 0.000000 -0.100000
vn 0.000000 0.000000 -0.100000
vn 0.000000 0.100000 0.000000
vn 0.000000 0.100000 0.000000
vn 0.000000 0.100000 0.000000
vn 0.000000 0.100000 0.000000
vn 0.000000 0.000000 0.100000
vn 0.000000 0.000000 0.100000
vn 0.000000 0.000000 0.100000
vn 0.000000 0.000000 0.100000
vn 0.000000 0.000000 0.100000
vn 0.000000 0.000000 0.100000
vn 0.000000 0.000000 0.100000
vn 0.000000 0.000000 0.100000
vn -0.100000 0.000000 -0.000000
vn -0.100000 0.000000 -0.000000
vn -0.100000 0.000000 -0.000000
vn -0.100000 0.000000 -0.000000
vn -0.100000 0.000000 -0.000000
vn -0.100000 0.000000 -0.000000
vn -0.100000 0.000000 -0.000000
vn -0.100000 0.000000 -0.000000
vn -0.100000 0.000000 -0.000000
vn -0.100000 0.000000 -0.000000
vn -0.100000 0.000000 -0.000000
vn -0.100000 0.000000 -0.000000
vn 0.100000 -0.000000 0.000000
vn 0.100000 -0.000000 0.000000
vn 0.100000 -0.000000 0.000000
vn 0.100000 -0.000000 0.000000
vn 0.100000 -0.000000 0.000000
vn 0.100000 -0.000000 0.000000
vn 0.100000 -0.000000 0.000000
vn 0.100000 -0.000000 0.000000
vn 0.100000 -0.000000 0.000000
vn 0.100000 -0.000000 0.000000
vn 0.100000 -0.000000 0.000000
vn 0.100000 -0.000000 0.000000
usemtl Opaque(255,255,255)
f 1156/2006/1909 1157/2007/1910 1159/2008/1911
f 1159/2008/1911 1157/2007/1910 1158/2009/1912
f 1156/2010/1913 1159/2011/1914 1160/2012/1915
f 1160/2012/1915 1159/2011/1914 1161/2013/1916
f 1162/2014/1917 1160/2015/1918 1163/2016/1919
f 1163/2016/1919 1160/2015/1918 1161/2017/1920
f 1162/2018/1921 1163/2019/1922 1164/2020/1923
f 1164/2020/1923 1163/2019/1922 1165/2021/1924
f 1166/2022/1925 1164/2023/1926 1167/2024/1927
f 1167/2024/1927 1164/2023/1926 1165/2025/1928
f 1166/2026/1929 1167/2027/1930 1168/2028/1931
f 1168/2028/1931 1167/2027/1930 1169/2029/1932
f 1170/2030/1933 1168/2031/1934 1171/2032/1935
f 1171/2032/1935 1168/2031/1934 1169/2033/1936
f 1172/2034/1937 1173/2035/1938 1175/2036/1939
f 1175/2036/1939 1173/2035/1938 1174/2037/1940
f 1172/2038/1941 1175/2039/1942 1176/2040/1943
f 1176/2040/1943 1175/2039/1942 1177/2041/1944
f 1178/2042/1945 1176/2043/1946 1179/2044/1947
f 1179/2044/1947 1176/2043/1946 1177/2045/1948
f 1178/2046/1949 1179/2047/1950 1173/2048/1951
f 1173/2048/1951 1179/2047/1950 1174/2049/1952
f 1170/2050/1953 1171/2051/1954 1157/2052/1955
f 1157/2052/1955 1171/2051/1954 1158/2053/1956
f 1174/2054/1957 1158/2055/1958 1175/2056/1959
f 1175/2056/1959 1158/2055/1958 1171/2057/1960
f 1175/2056/1959 1171/2057/1960 1177/2058/1961
f 1177/2058/1961 1171/2057/1960 1167/2059/1962
f 1177/2058/1961 1167/2059/1962 1165/2060/1963
f 1179/2061/1964 1161/2062/1965 1174/2054/1957
f 1174/2054/1957 1161/2062/1965 1159/2063/1966
f 1174/2054/1957 1159/2063/1966 1158/2055/1958
f 1161/2062/1965 1179/2061/1964 1165/2060/1963
f 1165/2060/1963 1179/2061/1964 1177/2058/1961
f 1171/2057/1960 1169/2064/1967 1167/2059/1962
f 1165/2060/1963 1163/2065/1968 1161/2062/1965
f 1172/2066/1969 1156/2067/1970 1173/2068/1971
f 1173/2068/1971 1156/2067/1970 1160/2069/1972
f 1173/2068/1971 1160/2069/1972 1178/2070/1973
f 1178/2070/1973 1160/2069/1972 1164/2071/1974
f 1178/2070/1973 1164/2071/1974 1166/2072/1975
f 1176/2073/1976 1170/2074/1977 1172/2066/1969
f 1172/2066/1969 1170/2074/1977 1157/2075/1978
f 1172/2066/1969 1157/2075/1978 1156/2067/1970
f 1170/2074/1977 1176/2073/1976 1166/2072/1975
f 1166/2072/1975 1176/2073/1976 1178/2070/1973
f 1160/2069/1972 1162/2076/1979 1164/2071/1974
f 1166/2072/1975 1168/2077/1980 1170/2074/1977
# 1179 vertices
# 2077 texture params
# 1980 normals
# 2358 facets

# 5 groups
