# WaveFront *.obj file (generated by Autodesk ATF)

mtllib Side_wall.mtl

g Body1

v -10.750000 0.600000 0.300000
v -9.450000 0.600000 0.300000
v -9.450000 0.600000 -0.000000
v -10.750000 0.600000 -0.000000
v -9.294709 0.620445 0.300000
v -9.150000 0.680385 0.300000
v -9.025736 0.775736 0.300000
v -8.930385 0.900000 0.300000
v -8.870445 1.044709 0.300000
v -8.850000 1.200000 0.300000
v -8.870445 1.355291 0.300000
v -8.930385 1.500000 0.300000
v -9.025736 1.624264 0.300000
v -9.150000 1.719615 0.300000
v -9.294709 1.779555 0.300000
v -9.450000 1.800000 0.300000
v -9.450000 1.800000 -0.000000
v -9.294709 1.779555 0.000000
v -9.150000 1.719615 0.000000
v -9.025736 1.624264 0.000000
v -8.930385 1.500000 0.000000
v -8.870445 1.355291 0.000000
v -8.850000 1.200000 0.000000
v -8.870445 1.044709 0.000000
v -8.930385 0.900000 0.000000
v -9.025736 0.775736 0.000000
v -9.150000 0.680385 0.000000
v -9.294709 0.620445 0.000000
v -10.750000 1.800000 0.300000
v -10.750000 1.800000 -0.000000
v -10.905291 1.779555 0.300000
v -11.050000 1.719615 0.300000
v -11.174264 1.624264 0.300000
v -11.269615 1.500000 0.300000
v -11.329555 1.355291 0.300000
v -11.350000 1.200000 0.300000
v -11.329555 1.044709 0.300000
v -11.269615 0.900000 0.300000
v -11.174264 0.775736 0.300000
v -11.050000 0.680385 0.300000
v -10.905291 0.620445 0.300000
v -10.905291 0.620445 0.000000
v -11.050000 0.680385 0.000000
v -11.174264 0.775736 0.000000
v -11.269615 0.900000 0.000000
v -11.329555 1.044709 0.000000
v -11.350000 1.200000 0.000000
v -11.329555 1.355291 0.000000
v -11.269615 1.500000 0.000000
v -11.174264 1.624264 0.000000
v -11.050000 1.719615 0.000000
v -10.905291 1.779555 0.000000
v -1.050000 1.050000 0.000000
v -0.350000 1.050000 0.000000
v -0.350000 0.350000 0.000000
v -1.050000 0.350000 0.000000
v -0.865257 0.400000 0.000000
v -0.475196 0.400000 -0.000000
v -0.476970 0.425874 -0.000000
v -0.483649 0.450267 -0.000000
v -0.497206 0.479711 -0.000000
v -0.515687 0.508825 -0.000000
v -0.570249 0.569250 -0.000000
v -0.722142 0.703942 -0.000000
v -0.762820 0.752507 -0.000000
v -0.775364 0.773969 -0.000000
v -0.784080 0.794830 -0.000000
v -0.788955 0.815103 -0.000000
v -0.789996 0.834777 -0.000000
v -0.787706 0.853276 -0.000000
v -0.782254 0.870395 -0.000000
v -0.773655 0.886102 -0.000000
v -0.761883 0.900414 -0.000000
v -0.747331 0.912812 -0.000000
v -0.730817 0.922238 -0.000000
v -0.712385 0.928645 -0.000000
v -0.692055 0.932010 -0.000000
v -0.670156 0.932331 -0.000000
v -0.649520 0.929756 -0.000000
v -0.630819 0.924329 -0.000000
v -0.614041 0.916053 -0.000000
v -0.599109 0.904886 -0.000000
v -0.586433 0.891141 -0.000000
v -0.576468 0.875157 -0.000000
v -0.569303 0.857007 -0.000000
v -0.564934 0.836693 -0.000000
v -0.563352 0.814214 -0.000000
v -0.488932 0.821762 -0.000000
v -0.501949 0.882511 -0.000000
v -0.513572 0.908069 -0.000000
v -0.528647 0.930400 -0.000000
v -0.547147 0.949473 -0.000000
v -0.568723 0.965139 -0.000000
v -0.593037 0.977264 -0.000000
v -0.620092 0.985858 -0.000000
v -0.682418 0.992483 -0.000000
v -0.744022 0.984616 -0.000000
v -0.770638 0.975101 -0.000000
v -0.794463 0.961865 -0.000000
v -0.815481 0.944936 -0.000000
v -0.833140 0.925248 -0.000000
v -0.846878 0.903762 -0.000000
v -0.856649 0.880590 -0.000000
v -0.862529 0.855606 -0.000000
v -0.864502 0.828862 -0.000000
v -0.862338 0.801433 -0.000000
v -0.855797 0.774414 -0.000000
v -0.844750 0.747678 -0.000000
v -0.828139 0.720120 -0.000000
v -0.774837 0.658842 -0.000000
v -0.673703 0.569209 -0.000000
v -0.604002 0.506158 -0.000000
v -0.575881 0.469589 -0.000000
v -0.865257 0.469589 -0.000000
v -7.700000 2.800000 0.000000
v -7.700000 2.800000 0.300000
v -6.300000 2.800000 0.300000
v -6.300000 2.800000 0.000000
v -8.200000 2.300000 0.300000
v -8.225882 2.303407 0.300000
v -8.250000 2.313397 0.300000
v -8.270711 2.329289 0.300000
v -8.286603 2.350000 0.300000
v -8.296593 2.374118 0.300000
v -8.300000 2.400000 0.300000
v -8.300000 2.800000 0.300000
v -8.750000 2.800000 0.300000
v -8.750000 3.100000 0.300000
v -9.750000 3.100000 0.300000
v -9.750000 2.800000 0.300000
v -11.800000 2.800000 0.300000
v -11.800000 1.200000 0.300000
v -11.810222 1.122354 0.300000
v -11.840192 1.050000 0.300000
v -11.887868 0.987868 0.300000
v -11.950000 0.940192 0.300000
v -12.022354 0.910222 0.300000
v -12.100000 0.900000 0.300000
v -13.350000 0.900000 0.300000
v -13.350000 -0.000000 0.300000
v -13.050000 -0.000000 0.300000
v -13.050000 -0.300000 0.300000
v -13.043185 -0.351764 0.300000
v -13.023205 -0.400000 0.300000
v -12.991421 -0.441421 0.300000
v -12.950000 -0.473205 0.300000
v -12.901764 -0.493185 0.300000
v -12.850000 -0.500000 0.300000
v -12.450000 -0.500000 0.300000
v -12.398236 -0.493185 0.300000
v -12.350000 -0.473205 0.300000
v -12.308579 -0.441421 0.300000
v -12.276795 -0.400000 0.300000
v -12.256815 -0.351764 0.300000
v -12.250000 -0.300000 0.300000
v -12.250000 -0.000000 0.300000
v -5.000000 0.000000 0.300000
v -5.000000 -2.600000 0.300000
v -4.989778 -2.677646 0.300000
v -4.959808 -2.750000 0.300000
v -4.912132 -2.812132 0.300000
v -4.850000 -2.859808 0.300000
v -4.777646 -2.889778 0.300000
v -4.700000 -2.900000 0.300000
v -3.800000 -2.900000 0.300000
v -3.722354 -2.889778 0.300000
v -3.650000 -2.859808 0.300000
v -3.587868 -2.812132 0.300000
v -3.540192 -2.750000 0.300000
v -3.510222 -2.677646 0.300000
v -3.500000 -2.600000 0.300000
v -3.500000 0.000000 0.300000
v -2.100000 0.000000 0.300000
v -2.100000 -0.300000 0.300000
v -2.093185 -0.351764 0.300000
v -2.073205 -0.400000 0.300000
v -2.041421 -0.441421 0.300000
v -2.000000 -0.473205 0.300000
v -1.951764 -0.493185 0.300000
v -1.900000 -0.500000 0.300000
v -1.300000 -0.500000 0.300000
v -1.248236 -0.493185 0.300000
v -1.200000 -0.473205 0.300000
v -1.158579 -0.441421 0.300000
v -1.126795 -0.400000 0.300000
v -1.106815 -0.351764 0.300000
v -1.100000 -0.300000 0.300000
v -1.100000 -0.000000 0.300000
v 0.000000 0.000000 0.300000
v -0.000000 2.800000 0.300000
v -1.450000 2.800000 0.300000
v -1.450000 1.400000 0.300000
v -1.750000 1.400000 0.300000
v -1.750000 2.800000 0.300000
v -1.996891 2.800000 0.300000
v -2.300000 2.625000 0.300000
v -2.603109 2.800000 0.300000
v -2.900000 2.800000 0.300000
v -2.900000 3.100000 0.300000
v -3.500000 3.100000 0.300000
v -3.500000 2.800000 0.300000
v -5.300000 2.800000 0.300000
v -5.300000 3.100000 0.300000
v -6.300000 3.100000 0.300000
v -7.700000 2.400000 0.300000
v -7.703407 2.374118 0.300000
v -7.713397 2.350000 0.300000
v -7.729289 2.329289 0.300000
v -7.750000 2.313397 0.300000
v -7.774118 2.303407 0.300000
v -7.800000 2.300000 0.300000
v -1.450000 -0.150000 0.300000
v -1.455111 -0.188823 0.300000
v -1.470096 -0.225000 0.300000
v -1.493934 -0.256066 0.300000
v -1.525000 -0.279904 0.300000
v -1.561177 -0.294889 0.300000
v -1.600000 -0.300000 0.300000
v -1.638823 -0.294889 0.300000
v -1.675000 -0.279904 0.300000
v -1.706066 -0.256066 0.300000
v -1.729904 -0.225000 0.300000
v -1.744889 -0.188823 0.300000
v -1.750000 -0.150000 0.300000
v -1.744889 -0.111177 0.300000
v -1.729904 -0.075000 0.300000
v -1.706066 -0.043934 0.300000
v -1.675000 -0.020096 0.300000
v -1.638823 -0.005111 0.300000
v -1.600000 -0.000000 0.300000
v -1.561177 -0.005111 0.300000
v -1.525000 -0.020096 0.300000
v -1.493934 -0.043934 0.300000
v -1.470096 -0.075000 0.300000
v -1.455111 -0.111177 0.300000
v -12.500000 -0.150000 0.300000
v -12.505111 -0.188823 0.300000
v -12.520096 -0.225000 0.300000
v -12.543934 -0.256066 0.300000
v -12.575000 -0.279904 0.300000
v -12.611177 -0.294889 0.300000
v -12.650000 -0.300000 0.300000
v -12.688823 -0.294889 0.300000
v -12.725000 -0.279904 0.300000
v -12.756066 -0.256066 0.300000
v -12.779904 -0.225000 0.300000
v -12.794889 -0.188823 0.300000
v -12.800000 -0.150000 0.300000
v -12.794889 -0.111177 0.300000
v -12.779904 -0.075000 0.300000
v -12.756066 -0.043934 0.300000
v -12.725000 -0.020096 0.300000
v -12.688823 -0.005111 0.300000
v -12.650000 -0.000000 0.300000
v -12.611177 -0.005111 0.300000
v -12.575000 -0.020096 0.300000
v -12.543934 -0.043934 0.300000
v -12.520096 -0.075000 0.300000
v -12.505111 -0.111177 0.300000
v -4.100000 -0.580000 0.300000
v -4.100000 -0.780000 0.300000
v -4.105111 -0.818823 0.300000
v -4.120096 -0.855000 0.300000
v -4.143934 -0.886066 0.300000
v -4.175000 -0.909904 0.300000
v -4.211177 -0.924889 0.300000
v -4.250000 -0.930000 0.300000
v -4.288823 -0.924889 0.300000
v -4.325000 -0.909904 0.300000
v -4.356066 -0.886066 0.300000
v -4.379904 -0.855000 0.300000
v -4.394889 -0.818823 0.300000
v -4.400000 -0.780000 0.300000
v -4.400000 -0.580000 0.300000
v -4.394889 -0.541177 0.300000
v -4.379904 -0.505000 0.300000
v -4.356066 -0.473934 0.300000
v -4.325000 -0.450096 0.300000
v -4.288823 -0.435111 0.300000
v -4.250000 -0.430000 0.300000
v -4.211177 -0.435111 0.300000
v -4.175000 -0.450096 0.300000
v -4.143934 -0.473934 0.300000
v -4.120096 -0.505000 0.300000
v -4.105111 -0.541177 0.300000
v -4.100000 -2.400000 0.300000
v -4.105111 -2.438823 0.300000
v -4.120096 -2.475000 0.300000
v -4.143934 -2.506066 0.300000
v -4.175000 -2.529904 0.300000
v -4.211177 -2.544889 0.300000
v -4.250000 -2.550000 0.300000
v -4.288823 -2.544889 0.300000
v -4.325000 -2.529904 0.300000
v -4.356066 -2.506066 0.300000
v -4.379904 -2.475000 0.300000
v -4.394889 -2.438823 0.300000
v -4.400000 -2.400000 0.300000
v -4.394889 -2.361177 0.300000
v -4.379904 -2.325000 0.300000
v -4.356066 -2.293934 0.300000
v -4.325000 -2.270096 0.300000
v -4.288823 -2.255111 0.300000
v -4.250000 -2.250000 0.300000
v -4.211177 -2.255111 0.300000
v -4.175000 -2.270096 0.300000
v -4.143934 -2.293934 0.300000
v -4.120096 -2.325000 0.300000
v -4.105111 -2.361177 0.300000
v -6.675000 1.369076 0.300000
v -6.675000 2.442708 0.300000
v -8.300000 2.800000 0.000000
v -8.300000 2.400000 0.000000
v -8.296593 2.374118 0.000000
v -8.286603 2.350000 0.000000
v -8.270711 2.329289 0.000000
v -8.250000 2.313397 0.000000
v -8.225882 2.303407 0.000000
v -8.200000 2.300000 0.000000
v -7.800000 2.300000 0.000000
v -7.774118 2.303407 0.000000
v -7.750000 2.313397 0.000000
v -7.729289 2.329289 0.000000
v -7.713397 2.350000 0.000000
v -7.703407 2.374118 0.000000
v -7.700000 2.400000 0.000000
v -6.300000 3.100000 0.000000
v -5.300000 3.100000 0.000000
v -5.300000 2.800000 0.000000
v -3.500000 2.800000 0.000000
v -3.500000 3.100000 0.000000
v -2.900000 3.100000 0.000000
v -2.900000 2.800000 0.000000
v -2.603109 2.800000 0.000000
v -2.300000 2.625000 0.000000
v -1.996891 2.800000 0.000000
v -1.750000 2.800000 0.000000
v -1.750000 1.400000 0.000000
v -1.450000 1.400000 0.000000
v -1.450000 2.800000 0.000000
v -0.000000 2.800000 0.000000
v 0.000000 0.000000 0.000000
v -1.100000 0.000000 0.000000
v -1.100000 -0.300000 0.000000
v -1.106815 -0.351764 0.000000
v -1.126795 -0.400000 0.000000
v -1.158579 -0.441421 0.000000
v -1.200000 -0.473205 0.000000
v -1.248236 -0.493185 0.000000
v -1.300000 -0.500000 0.000000
v -1.900000 -0.500000 0.000000
v -1.951764 -0.493185 0.000000
v -2.000000 -0.473205 0.000000
v -2.041421 -0.441421 0.000000
v -2.073205 -0.400000 0.000000
v -2.093185 -0.351764 0.000000
v -2.100000 -0.300000 0.000000
v -2.100000 0.000000 0.000000
v -3.500000 0.000000 0.000000
v -3.500000 -2.600000 0.000000
v -3.510222 -2.677646 0.000000
v -3.540192 -2.750000 0.000000
v -3.587868 -2.812132 0.000000
v -3.650000 -2.859808 0.000000
v -3.722354 -2.889778 0.000000
v -3.800000 -2.900000 0.000000
v -4.700000 -2.900000 0.000000
v -4.777646 -2.889778 0.000000
v -4.850000 -2.859808 0.000000
v -4.912132 -2.812132 0.000000
v -4.959808 -2.750000 0.000000
v -4.989778 -2.677646 0.000000
v -5.000000 -2.600000 0.000000
v -5.000000 0.000000 0.000000
v -12.250000 -0.000000 0.000000
v -12.250000 -0.300000 0.000000
v -12.256815 -0.351764 0.000000
v -12.276795 -0.400000 0.000000
v -12.308579 -0.441421 0.000000
v -12.350000 -0.473205 0.000000
v -12.398236 -0.493185 0.000000
v -12.450000 -0.500000 0.000000
v -12.850000 -0.500000 0.000000
v -12.901764 -0.493185 0.000000
v -12.950000 -0.473205 0.000000
v -12.991421 -0.441421 0.000000
v -13.023205 -0.400000 0.000000
v -13.043185 -0.351764 0.000000
v -13.050000 -0.300000 0.000000
v -13.050000 -0.000000 0.000000
v -13.350000 -0.000000 0.000000
v -13.350000 0.900000 0.000000
v -12.100000 0.900000 0.000000
v -12.022354 0.910222 0.000000
v -11.950000 0.940192 0.000000
v -11.887868 0.987868 0.000000
v -11.840192 1.050000 0.000000
v -11.810222 1.122354 0.000000
v -11.800000 1.200000 0.000000
v -11.800000 2.800000 0.000000
v -9.750000 2.800000 0.000000
v -9.750000 3.100000 0.000000
v -8.750000 3.100000 0.000000
v -8.750000 2.800000 0.000000
v -0.300000 0.300000 0.000000
v -0.300000 1.100000 0.000000
v -1.100000 1.100000 0.000000
v -1.100000 0.300000 0.000000
v -4.400000 -2.400000 0.000000
v -4.394889 -2.438823 0.000000
v -4.379904 -2.475000 0.000000
v -4.356066 -2.506066 0.000000
v -4.325000 -2.529904 0.000000
v -4.288823 -2.544889 0.000000
v -4.250000 -2.550000 0.000000
v -4.211177 -2.544889 0.000000
v -4.175000 -2.529904 0.000000
v -4.143934 -2.506066 0.000000
v -4.120096 -2.475000 0.000000
v -4.105111 -2.438823 0.000000
v -4.100000 -2.400000 0.000000
v -4.105111 -2.361177 0.000000
v -4.120096 -2.325000 0.000000
v -4.143934 -2.293934 0.000000
v -4.175000 -2.270096 0.000000
v -4.211177 -2.255111 0.000000
v -4.250000 -2.250000 0.000000
v -4.288823 -2.255111 0.000000
v -4.325000 -2.270096 0.000000
v -4.356066 -2.293934 0.000000
v -4.379904 -2.325000 0.000000
v -4.394889 -2.361177 0.000000
v -1.450000 -0.150000 0.000000
v -1.455111 -0.111177 0.000000
v -1.470096 -0.075000 0.000000
v -1.493934 -0.043934 0.000000
v -1.525000 -0.020096 0.000000
v -1.561177 -0.005111 0.000000
v -1.600000 -0.000000 0.000000
v -1.638823 -0.005111 0.000000
v -1.675000 -0.020096 0.000000
v -1.706066 -0.043934 0.000000
v -1.729904 -0.075000 0.000000
v -1.744889 -0.111177 0.000000
v -1.750000 -0.150000 0.000000
v -1.744889 -0.188823 0.000000
v -1.729904 -0.225000 0.000000
v -1.706066 -0.256066 0.000000
v -1.675000 -0.279904 0.000000
v -1.638823 -0.294889 0.000000
v -1.600000 -0.300000 0.000000
v -1.561177 -0.294889 0.000000
v -1.525000 -0.279904 0.000000
v -1.493934 -0.256066 0.000000
v -1.470096 -0.225000 0.000000
v -1.455111 -0.188823 0.000000
v -12.500000 -0.150000 0.000000
v -12.505111 -0.111177 0.000000
v -12.520096 -0.075000 0.000000
v -12.543934 -0.043934 0.000000
v -12.575000 -0.020096 0.000000
v -12.611177 -0.005111 0.000000
v -12.650000 -0.000000 0.000000
v -12.688823 -0.005111 0.000000
v -12.725000 -0.020096 0.000000
v -12.756066 -0.043934 0.000000
v -12.779904 -0.075000 0.000000
v -12.794889 -0.111177 0.000000
v -12.800000 -0.150000 0.000000
v -12.794889 -0.188823 0.000000
v -12.779904 -0.225000 0.000000
v -12.756066 -0.256066 0.000000
v -12.725000 -0.279904 0.000000
v -12.688823 -0.294889 0.000000
v -12.650000 -0.300000 0.000000
v -12.611177 -0.294889 0.000000
v -12.575000 -0.279904 0.000000
v -12.543934 -0.256066 0.000000
v -12.520096 -0.225000 0.000000
v -12.505111 -0.188823 0.000000
v -4.400000 -0.780000 0.000000
v -4.394889 -0.818823 0.000000
v -4.379904 -0.855000 0.000000
v -4.356066 -0.886066 0.000000
v -4.325000 -0.909904 0.000000
v -4.288823 -0.924889 0.000000
v -4.250000 -0.930000 0.000000
v -4.211177 -0.924889 0.000000
v -4.175000 -0.909904 0.000000
v -4.143934 -0.886066 0.000000
v -4.120096 -0.855000 0.000000
v -4.105111 -0.818823 0.000000
v -4.100000 -0.780000 0.000000
v -4.100000 -0.580000 0.000000
v -4.105111 -0.541177 0.000000
v -4.120096 -0.505000 0.000000
v -4.143934 -0.473934 0.000000
v -4.175000 -0.450096 0.000000
v -4.211177 -0.435111 0.000000
v -4.250000 -0.430000 0.000000
v -4.288823 -0.435111 0.000000
v -4.325000 -0.450096 0.000000
v -4.356066 -0.473934 0.000000
v -4.379904 -0.505000 0.000000
v -4.394889 -0.541177 0.000000
v -4.400000 -0.580000 0.000000
v -6.675000 0.500299 0.000000
v -6.675000 1.368519 0.000000
v -6.675000 2.442708 0.000000
v -1.050000 1.050000 0.050000
v -0.350000 1.050000 0.050000
v -1.050000 0.350000 0.050000
v -0.350000 0.350000 0.050000
v -0.300000 1.100000 0.050000
v -1.100000 1.100000 0.050000
v -0.300000 0.300000 0.050000
v -1.100000 0.300000 0.050000
v -0.865257 0.400000 0.050000
v -0.475196 0.400000 0.050000
v -0.476970 0.425874 0.050000
v -0.483649 0.450267 0.050000
v -0.497206 0.479711 0.050000
v -0.515687 0.508825 0.050000
v -0.570249 0.569250 0.050000
v -0.722142 0.703942 0.050000
v -0.762820 0.752507 0.050000
v -0.775364 0.773969 0.050000
v -0.784080 0.794830 0.050000
v -0.788955 0.815103 0.050000
v -0.789996 0.834777 0.050000
v -0.787706 0.853276 0.050000
v -0.782254 0.870395 0.050000
v -0.773655 0.886102 0.050000
v -0.761883 0.900414 0.050000
v -0.747331 0.912812 0.050000
v -0.730817 0.922238 0.050000
v -0.712385 0.928645 0.050000
v -0.692055 0.932010 0.050000
v -0.670156 0.932331 0.050000
v -0.649520 0.929756 0.050000
v -0.630819 0.924329 0.050000
v -0.614041 0.916053 0.050000
v -0.599109 0.904886 0.050000
v -0.586433 0.891141 0.050000
v -0.576468 0.875157 0.050000
v -0.569303 0.857007 0.050000
v -0.564934 0.836693 0.050000
v -0.563352 0.814214 0.050000
v -0.488932 0.821762 0.050000
v -0.501949 0.882511 0.050000
v -0.513572 0.908069 0.050000
v -0.528647 0.930400 0.050000
v -0.547147 0.949473 0.050000
v -0.568723 0.965139 0.050000
v -0.593037 0.977264 0.050000
v -0.620092 0.985858 0.050000
v -0.682418 0.992483 0.050000
v -0.744022 0.984616 0.050000
v -0.770638 0.975101 0.050000
v -0.794463 0.961865 0.050000
v -0.815481 0.944936 0.050000
v -0.833140 0.925248 0.050000
v -0.846878 0.903762 0.050000
v -0.856649 0.880590 0.050000
v -0.862529 0.855606 0.050000
v -0.864502 0.828862 0.050000
v -0.862338 0.801433 0.050000
v -0.855797 0.774414 0.050000
v -0.844750 0.747678 0.050000
v -0.828139 0.720120 0.050000
v -0.774837 0.658842 0.050000
v -0.673703 0.569209 0.050000
v -0.604002 0.506158 0.050000
v -0.575881 0.469589 0.050000
v -0.865257 0.469589 0.050000
vt -1.300000 0.000000 0.000000
vt 0.000000 0.000000 0.000000
vt -1.300000 0.300000 0.000000
vt -0.000000 0.300000 0.000000
vt 0.300000 0.000000 0.000000
vt 0.000000 0.000000 0.000000
vt 0.300000 -0.157080 0.000000
vt 0.000000 -0.157080 0.000000
vt 0.300000 -0.314159 0.000000
vt 0.000000 -0.314159 0.000000
vt 0.300000 -0.471239 0.000000
vt 0.000000 -0.471239 0.000000
vt 0.300000 -0.628319 0.000000
vt 0.000000 -0.628319 0.000000
vt 0.300000 -0.785398 0.000000
vt 0.000000 -0.785398 0.000000
vt 0.300000 -0.942478 0.000000
vt 0.000000 -0.942478 0.000000
vt 0.300000 -1.099557 0.000000
vt 0.000000 -1.099557 0.000000
vt 0.300000 -1.256637 0.000000
vt 0.000000 -1.256637 0.000000
vt 0.300000 -1.413717 0.000000
vt 0.000000 -1.413717 0.000000
vt 0.300000 -1.570796 0.000000
vt 0.000000 -1.570796 0.000000
vt 0.300000 -1.727876 0.000000
vt 0.000000 -1.727876 0.000000
vt 0.300000 -1.884956 0.000000
vt 0.000000 -1.884956 0.000000
vt -1.300000 0.000000 0.000000
vt -0.000000 0.000000 0.000000
vt -1.300000 0.300000 0.000000
vt -0.000000 0.300000 0.000000
vt 0.300000 0.000000 0.000000
vt 0.000000 0.000000 0.000000
vt 0.300000 -0.157080 0.000000
vt 0.000000 -0.157080 0.000000
vt 0.300000 -0.314159 0.000000
vt 0.000000 -0.314159 0.000000
vt 0.300000 -0.471239 0.000000
vt 0.000000 -0.471239 0.000000
vt 0.300000 -0.628319 0.000000
vt 0.000000 -0.628319 0.000000
vt 0.300000 -0.785398 0.000000
vt 0.000000 -0.785398 0.000000
vt 0.300000 -0.942478 0.000000
vt 0.000000 -0.942478 0.000000
vt 0.300000 -1.099557 0.000000
vt -0.000000 -1.099557 0.000000
vt 0.300000 -1.256637 0.000000
vt 0.000000 -1.256637 0.000000
vt 0.300000 -1.413717 0.000000
vt 0.000000 -1.413717 0.000000
vt 0.300000 -1.570796 0.000000
vt 0.000000 -1.570796 0.000000
vt 0.300000 -1.727876 0.000000
vt 0.000000 -1.727876 0.000000
vt 0.300000 -1.884956 0.000000
vt 0.000000 -1.884956 0.000000
vt 0.350000 1.050000 0.000000
vt 0.682418 0.992483 0.000000
vt 1.050000 1.050000 0.000000
vt 0.744022 0.984616 0.000000
vt 0.770638 0.975101 0.000000
vt 0.350000 0.350000 0.000000
vt 0.488932 0.821762 0.000000
vt 0.501949 0.882511 0.000000
vt 0.513572 0.908069 0.000000
vt 1.050000 0.350000 0.000000
vt 0.865257 0.400000 0.000000
vt 0.475196 0.400000 0.000000
vt 0.476970 0.425874 0.000000
vt 0.862338 0.801433 0.000000
vt 0.855797 0.774414 0.000000
vt 0.844750 0.747678 0.000000
vt 0.483649 0.450267 0.000000
vt 0.497206 0.479711 0.000000
vt 0.515687 0.508825 0.000000
vt 0.570249 0.569250 0.000000
vt 0.563352 0.814214 0.000000
vt 0.722142 0.703942 0.000000
vt 0.762820 0.752507 0.000000
vt 0.564934 0.836693 0.000000
vt 0.775364 0.773969 0.000000
vt 0.569303 0.857007 0.000000
vt 0.784080 0.794830 0.000000
vt 0.788955 0.815103 0.000000
vt 0.789996 0.834777 0.000000
vt 0.787706 0.853276 0.000000
vt 0.782254 0.870395 0.000000
vt 0.773655 0.886102 0.000000
vt 0.761883 0.900414 0.000000
vt 0.576468 0.875157 0.000000
vt 0.586433 0.891141 0.000000
vt 0.599109 0.904886 0.000000
vt 0.614041 0.916053 0.000000
vt 0.630819 0.924329 0.000000
vt 0.649520 0.929756 0.000000
vt 0.670156 0.932331 0.000000
vt 0.692055 0.932010 0.000000
vt 0.712385 0.928645 0.000000
vt 0.730817 0.922238 0.000000
vt 0.747331 0.912812 0.000000
vt 0.528647 0.930400 0.000000
vt 0.547147 0.949473 0.000000
vt 0.568723 0.965139 0.000000
vt 0.593037 0.977264 0.000000
vt 0.620092 0.985858 0.000000
vt 0.794463 0.961865 0.000000
vt 0.815481 0.944936 0.000000
vt 0.833140 0.925248 0.000000
vt 0.846878 0.903762 0.000000
vt 0.856649 0.880590 0.000000
vt 0.862529 0.855606 0.000000
vt 0.864502 0.828862 0.000000
vt 0.865257 0.469589 0.000000
vt 0.828139 0.720120 0.000000
vt 0.774837 0.658842 0.000000
vt 0.673703 0.569209 0.000000
vt 0.604002 0.506158 0.000000
vt 0.575881 0.469589 0.000000
vt -0.300000 -1.400000 0.000000
vt 0.000000 -1.400000 0.000000
vt -0.300000 0.000000 0.000000
vt -0.000000 0.000000 0.000000
vt -10.750000 0.600000 0.000000
vt -12.250000 -0.000000 0.000000
vt -9.450000 0.600000 0.000000
vt -5.000000 0.000000 0.000000
vt -9.294709 0.620445 0.000000
vt -9.150000 0.680385 0.000000
vt -9.025736 0.775736 0.000000
vt -6.675000 1.369076 0.000000
vt -8.930385 0.900000 0.000000
vt -8.870445 1.044709 0.000000
vt -8.850000 1.200000 0.000000
vt -7.800000 2.300000 0.000000
vt -8.870445 1.355291 0.000000
vt -8.200000 2.300000 0.000000
vt -8.930385 1.500000 0.000000
vt -8.225882 2.303407 0.000000
vt -8.250000 2.313397 0.000000
vt -10.905291 0.620445 0.000000
vt -11.050000 0.680385 0.000000
vt -11.174264 0.775736 0.000000
vt -11.950000 0.940192 0.000000
vt -11.269615 0.900000 0.000000
vt -11.887868 0.987868 0.000000
vt -11.840192 1.050000 0.000000
vt -11.329555 1.044709 0.000000
vt -11.810222 1.122354 0.000000
vt -11.350000 1.200000 0.000000
vt -11.800000 1.200000 0.000000
vt -11.329555 1.355291 0.000000
vt -11.269615 1.500000 0.000000
vt -11.800000 2.800000 0.000000
vt -11.174264 1.624264 0.000000
vt -11.050000 1.719615 0.000000
vt -10.905291 1.779555 0.000000
vt -10.750000 1.800000 0.000000
vt -9.750000 2.800000 0.000000
vt -9.450000 1.800000 0.000000
vt -9.294709 1.779555 0.000000
vt -8.750000 2.800000 0.000000
vt -9.150000 1.719615 0.000000
vt -8.296593 2.374118 0.000000
vt -8.286603 2.350000 0.000000
vt -8.270711 2.329289 0.000000
vt -9.025736 1.624264 0.000000
vt -8.300000 2.400000 0.000000
vt -8.300000 2.800000 0.000000
vt -8.750000 3.100000 0.000000
vt -9.750000 3.100000 0.000000
vt -12.022354 0.910222 0.000000
vt -12.100000 0.900000 0.000000
vt -12.611177 -0.005111 0.000000
vt -12.650000 -0.000000 0.000000
vt -13.350000 0.900000 0.000000
vt -12.688823 -0.005111 0.000000
vt -13.050000 -0.000000 0.000000
vt -12.725000 -0.020096 0.000000
vt -12.756066 -0.043934 0.000000
vt -12.779904 -0.075000 0.000000
vt -12.794889 -0.111177 0.000000
vt -12.800000 -0.150000 0.000000
vt -13.050000 -0.300000 0.000000
vt -12.794889 -0.188823 0.000000
vt -12.779904 -0.225000 0.000000
vt -13.043185 -0.351764 0.000000
vt -12.756066 -0.256066 0.000000
vt -13.023205 -0.400000 0.000000
vt -12.991421 -0.441421 0.000000
vt -13.350000 -0.000000 0.000000
vt -12.950000 -0.473205 0.000000
vt -12.901764 -0.493185 0.000000
vt -12.850000 -0.500000 0.000000
vt -12.450000 -0.500000 0.000000
vt -12.650000 -0.300000 0.000000
vt -12.688823 -0.294889 0.000000
vt -12.725000 -0.279904 0.000000
vt -12.398236 -0.493185 0.000000
vt -12.543934 -0.256066 0.000000
vt -12.575000 -0.279904 0.000000
vt -12.611177 -0.294889 0.000000
vt -12.350000 -0.473205 0.000000
vt -12.308579 -0.441421 0.000000
vt -12.276795 -0.400000 0.000000
vt -12.256815 -0.351764 0.000000
vt -12.520096 -0.225000 0.000000
vt -12.250000 -0.300000 0.000000
vt -12.505111 -0.188823 0.000000
vt -12.500000 -0.150000 0.000000
vt -12.505111 -0.111177 0.000000
vt -12.520096 -0.075000 0.000000
vt -12.543934 -0.043934 0.000000
vt -12.575000 -0.020096 0.000000
vt -5.000000 -2.600000 0.000000
vt -4.394889 -0.818823 0.000000
vt -4.400000 -0.780000 0.000000
vt -4.400000 -0.580000 0.000000
vt -4.989778 -2.677646 0.000000
vt -4.379904 -2.475000 0.000000
vt -4.394889 -2.438823 0.000000
vt -4.400000 -2.400000 0.000000
vt -4.959808 -2.750000 0.000000
vt -4.912132 -2.812132 0.000000
vt -4.850000 -2.859808 0.000000
vt -4.777646 -2.889778 0.000000
vt -4.700000 -2.900000 0.000000
vt -4.356066 -2.506066 0.000000
vt -4.325000 -2.529904 0.000000
vt -4.288823 -2.544889 0.000000
vt -4.250000 -2.550000 0.000000
vt -3.800000 -2.900000 0.000000
vt -4.211177 -2.544889 0.000000
vt -4.175000 -2.529904 0.000000
vt -4.143934 -2.506066 0.000000
vt -4.120096 -2.475000 0.000000
vt -3.540192 -2.750000 0.000000
vt -3.510222 -2.677646 0.000000
vt -3.722354 -2.889778 0.000000
vt -3.650000 -2.859808 0.000000
vt -3.587868 -2.812132 0.000000
vt -3.500000 -2.600000 0.000000
vt -4.105111 -2.438823 0.000000
vt -4.100000 -2.400000 0.000000
vt -4.105111 -2.361177 0.000000
vt -4.120096 -2.325000 0.000000
vt -4.143934 -2.293934 0.000000
vt -4.143934 -0.886066 0.000000
vt -4.175000 -2.270096 0.000000
vt -4.175000 -0.909904 0.000000
vt -4.211177 -0.924889 0.000000
vt -3.500000 0.000000 0.000000
vt -4.105111 -0.818823 0.000000
vt -4.120096 -0.855000 0.000000
vt -2.100000 0.000000 0.000000
vt -1.750000 1.400000 0.000000
vt -3.500000 2.800000 0.000000
vt -5.300000 2.800000 0.000000
vt -6.675000 2.442708 0.000000
vt -7.729289 2.329289 0.000000
vt -7.713397 2.350000 0.000000
vt -7.703407 2.374118 0.000000
vt -7.700000 2.400000 0.000000
vt -7.700000 2.800000 0.000000
vt -6.300000 2.800000 0.000000
vt -6.300000 3.100000 0.000000
vt -5.300000 3.100000 0.000000
vt -2.100000 -0.300000 0.000000
vt -1.750000 -0.150000 0.000000
vt -1.744889 -0.111177 0.000000
vt -1.729904 -0.075000 0.000000
vt -2.093185 -0.351764 0.000000
vt -1.729904 -0.225000 0.000000
vt -1.744889 -0.188823 0.000000
vt -2.073205 -0.400000 0.000000
vt -2.041421 -0.441421 0.000000
vt -2.000000 -0.473205 0.000000
vt -1.951764 -0.493185 0.000000
vt -1.900000 -0.500000 0.000000
vt -1.706066 -0.256066 0.000000
vt -1.675000 -0.279904 0.000000
vt -1.638823 -0.294889 0.000000
vt -1.600000 -0.300000 0.000000
vt -1.300000 -0.500000 0.000000
vt -1.561177 -0.294889 0.000000
vt -1.525000 -0.279904 0.000000
vt -1.493934 -0.256066 0.000000
vt -1.470096 -0.225000 0.000000
vt -1.248236 -0.493185 0.000000
vt -1.200000 -0.473205 0.000000
vt -1.158579 -0.441421 0.000000
vt -1.126795 -0.400000 0.000000
vt -1.106815 -0.351764 0.000000
vt -1.100000 -0.300000 0.000000
vt -1.455111 -0.188823 0.000000
vt -1.450000 -0.150000 0.000000
vt -1.100000 -0.000000 0.000000
vt -1.455111 -0.111177 0.000000
vt -1.470096 -0.075000 0.000000
vt -1.493934 -0.043934 0.000000
vt -1.525000 -0.020096 0.000000
vt -1.561177 -0.005111 0.000000
vt -1.450000 1.400000 0.000000
vt -1.600000 -0.000000 0.000000
vt -1.638823 -0.005111 0.000000
vt -1.675000 -0.020096 0.000000
vt -1.706066 -0.043934 0.000000
vt 0.000000 0.000000 0.000000
vt -0.000000 2.800000 0.000000
vt -1.450000 2.800000 0.000000
vt -1.750000 2.800000 0.000000
vt -2.300000 2.625000 0.000000
vt -2.900000 2.800000 0.000000
vt -3.500000 3.100000 0.000000
vt -2.900000 3.100000 0.000000
vt -1.996891 2.800000 0.000000
vt -2.603109 2.800000 0.000000
vt -7.750000 2.313397 0.000000
vt -7.774118 2.303407 0.000000
vt -4.105111 -0.541177 0.000000
vt -4.100000 -0.580000 0.000000
vt -4.100000 -0.780000 0.000000
vt -4.211177 -2.255111 0.000000
vt -4.250000 -0.930000 0.000000
vt -4.250000 -2.250000 0.000000
vt -4.288823 -2.255111 0.000000
vt -4.288823 -0.924889 0.000000
vt -4.325000 -2.270096 0.000000
vt -4.325000 -0.909904 0.000000
vt -4.356066 -0.886066 0.000000
vt -4.379904 -0.855000 0.000000
vt -4.356066 -2.293934 0.000000
vt -4.394889 -0.541177 0.000000
vt -4.379904 -0.505000 0.000000
vt -4.356066 -0.473934 0.000000
vt -4.325000 -0.450096 0.000000
vt -4.288823 -0.435111 0.000000
vt -4.250000 -0.430000 0.000000
vt -4.211177 -0.435111 0.000000
vt -4.175000 -0.450096 0.000000
vt -4.143934 -0.473934 0.000000
vt -4.120096 -0.505000 0.000000
vt -4.394889 -2.361177 0.000000
vt -4.379904 -2.325000 0.000000
vt 10.905291 0.620445 0.000000
vt 10.750000 0.600000 0.000000
vt 12.250000 -0.000000 0.000000
vt 9.450000 0.600000 0.000000
vt 6.675000 0.500299 0.000000
vt 9.294709 0.620445 0.000000
vt 9.150000 0.680385 0.000000
vt 9.025736 0.775736 0.000000
vt 8.930385 0.900000 0.000000
vt 8.870445 1.044709 0.000000
vt 6.675000 1.368519 0.000000
vt 8.850000 1.200000 0.000000
vt 7.800000 2.300000 0.000000
vt 8.870445 1.355291 0.000000
vt 8.200000 2.300000 0.000000
vt 8.930385 1.500000 0.000000
vt 8.225882 2.303407 0.000000
vt 8.250000 2.313397 0.000000
vt 9.025736 1.624264 0.000000
vt 8.270711 2.329289 0.000000
vt 9.150000 1.719615 0.000000
vt 8.286603 2.350000 0.000000
vt 8.296593 2.374118 0.000000
vt 8.750000 2.800000 0.000000
vt 8.300000 2.400000 0.000000
vt 8.300000 2.800000 0.000000
vt 9.294709 1.779555 0.000000
vt 9.750000 2.800000 0.000000
vt 8.750000 3.100000 0.000000
vt 9.750000 3.100000 0.000000
vt 9.450000 1.800000 0.000000
vt 10.750000 1.800000 0.000000
vt 11.800000 2.800000 0.000000
vt 10.905291 1.779555 0.000000
vt 11.050000 1.719615 0.000000
vt 11.174264 1.624264 0.000000
vt 11.269615 1.500000 0.000000
vt 11.800000 1.200000 0.000000
vt 11.329555 1.355291 0.000000
vt 11.350000 1.200000 0.000000
vt 11.810222 1.122354 0.000000
vt 11.329555 1.044709 0.000000
vt 11.840192 1.050000 0.000000
vt 11.269615 0.900000 0.000000
vt 11.887868 0.987868 0.000000
vt 11.950000 0.940192 0.000000
vt 11.174264 0.775736 0.000000
vt 11.050000 0.680385 0.000000
vt 7.774118 2.303407 0.000000
vt 7.750000 2.313397 0.000000
vt 7.729289 2.329289 0.000000
vt 6.675000 2.442708 0.000000
vt 7.713397 2.350000 0.000000
vt 7.703407 2.374118 0.000000
vt 7.700000 2.400000 0.000000
vt 7.700000 2.800000 0.000000
vt 6.300000 2.800000 0.000000
vt 6.300000 3.100000 0.000000
vt 5.300000 3.100000 0.000000
vt 5.300000 2.800000 0.000000
vt 5.000000 0.000000 0.000000
vt 3.500000 2.800000 0.000000
vt 3.500000 0.000000 0.000000
vt 1.750000 1.400000 0.000000
vt 2.100000 0.000000 0.000000
vt 1.638823 -0.005111 0.000000
vt 1.675000 -0.020096 0.000000
vt 3.500000 3.100000 0.000000
vt 2.900000 3.100000 0.000000
vt 2.900000 2.800000 0.000000
vt 2.300000 2.625000 0.000000
vt 1.750000 2.800000 0.000000
vt 1.996891 2.800000 0.000000
vt 2.603109 2.800000 0.000000
vt 1.450000 1.400000 0.000000
vt 1.100000 1.100000 0.000000
vt 1.100000 0.300000 0.000000
vt 1.600000 -0.000000 0.000000
vt 1.561177 -0.005111 0.000000
vt 1.525000 -0.020096 0.000000
vt 1.493934 -0.043934 0.000000
vt 1.100000 0.000000 0.000000
vt 1.470096 -0.075000 0.000000
vt 1.455111 -0.111177 0.000000
vt 1.450000 -0.150000 0.000000
vt 1.100000 -0.300000 0.000000
vt 1.455111 -0.188823 0.000000
vt 1.470096 -0.225000 0.000000
vt 1.106815 -0.351764 0.000000
vt 1.126795 -0.400000 0.000000
vt 1.450000 2.800000 0.000000
vt 0.000000 2.800000 0.000000
vt 0.300000 1.100000 0.000000
vt -0.000000 0.000000 0.000000
vt 0.300000 0.300000 0.000000
vt 1.158579 -0.441421 0.000000
vt 1.200000 -0.473205 0.000000
vt 1.248236 -0.493185 0.000000
vt 1.300000 -0.500000 0.000000
vt 1.493934 -0.256066 0.000000
vt 1.525000 -0.279904 0.000000
vt 1.561177 -0.294889 0.000000
vt 1.600000 -0.300000 0.000000
vt 1.900000 -0.500000 0.000000
vt 1.638823 -0.294889 0.000000
vt 1.675000 -0.279904 0.000000
vt 1.706066 -0.256066 0.000000
vt 1.729904 -0.225000 0.000000
vt 1.951764 -0.493185 0.000000
vt 2.000000 -0.473205 0.000000
vt 2.041421 -0.441421 0.000000
vt 2.073205 -0.400000 0.000000
vt 2.093185 -0.351764 0.000000
vt 2.100000 -0.300000 0.000000
vt 1.744889 -0.188823 0.000000
vt 1.750000 -0.150000 0.000000
vt 1.744889 -0.111177 0.000000
vt 1.729904 -0.075000 0.000000
vt 1.706066 -0.043934 0.000000
vt 3.500000 -2.600000 0.000000
vt 4.105111 -0.818823 0.000000
vt 4.100000 -0.780000 0.000000
vt 4.100000 -0.580000 0.000000
vt 3.510222 -2.677646 0.000000
vt 4.120096 -2.475000 0.000000
vt 4.105111 -2.438823 0.000000
vt 4.100000 -2.400000 0.000000
vt 3.540192 -2.750000 0.000000
vt 3.587868 -2.812132 0.000000
vt 3.650000 -2.859808 0.000000
vt 3.722354 -2.889778 0.000000
vt 3.800000 -2.900000 0.000000
vt 4.143934 -2.506066 0.000000
vt 4.175000 -2.529904 0.000000
vt 4.211177 -2.544889 0.000000
vt 4.250000 -2.550000 0.000000
vt 4.700000 -2.900000 0.000000
vt 4.288823 -2.544889 0.000000
vt 4.325000 -2.529904 0.000000
vt 4.356066 -2.506066 0.000000
vt 4.379904 -2.475000 0.000000
vt 4.959808 -2.750000 0.000000
vt 4.989778 -2.677646 0.000000
vt 4.777646 -2.889778 0.000000
vt 4.850000 -2.859808 0.000000
vt 4.912132 -2.812132 0.000000
vt 5.000000 -2.600000 0.000000
vt 4.394889 -2.438823 0.000000
vt 4.400000 -2.400000 0.000000
vt 4.394889 -2.361177 0.000000
vt 4.379904 -2.325000 0.000000
vt 4.356066 -2.293934 0.000000
vt 4.356066 -0.886066 0.000000
vt 4.325000 -2.270096 0.000000
vt 4.325000 -0.909904 0.000000
vt 4.288823 -0.924889 0.000000
vt 4.394889 -0.818823 0.000000
vt 4.379904 -0.855000 0.000000
vt 12.250000 -0.300000 0.000000
vt 12.500000 -0.150000 0.000000
vt 12.505111 -0.111177 0.000000
vt 12.520096 -0.075000 0.000000
vt 12.256815 -0.351764 0.000000
vt 12.520096 -0.225000 0.000000
vt 12.505111 -0.188823 0.000000
vt 12.543934 -0.256066 0.000000
vt 12.276795 -0.400000 0.000000
vt 12.308579 -0.441421 0.000000
vt 12.350000 -0.473205 0.000000
vt 12.398236 -0.493185 0.000000
vt 12.450000 -0.500000 0.000000
vt 12.850000 -0.500000 0.000000
vt 12.650000 -0.300000 0.000000
vt 12.611177 -0.294889 0.000000
vt 12.575000 -0.279904 0.000000
vt 12.901764 -0.493185 0.000000
vt 12.756066 -0.256066 0.000000
vt 12.725000 -0.279904 0.000000
vt 12.688823 -0.294889 0.000000
vt 12.950000 -0.473205 0.000000
vt 12.991421 -0.441421 0.000000
vt 13.023205 -0.400000 0.000000
vt 13.043185 -0.351764 0.000000
vt 12.779904 -0.225000 0.000000
vt 13.050000 -0.300000 0.000000
vt 12.794889 -0.188823 0.000000
vt 12.800000 -0.150000 0.000000
vt 13.050000 -0.000000 0.000000
vt 12.794889 -0.111177 0.000000
vt 12.779904 -0.075000 0.000000
vt 12.756066 -0.043934 0.000000
vt 12.725000 -0.020096 0.000000
vt 12.688823 -0.005111 0.000000
vt 13.350000 0.900000 0.000000
vt 12.650000 -0.000000 0.000000
vt 12.100000 0.900000 0.000000
vt 12.611177 -0.005111 0.000000
vt 12.575000 -0.020096 0.000000
vt 12.543934 -0.043934 0.000000
vt 13.350000 -0.000000 0.000000
vt 12.022354 0.910222 0.000000
vt 4.105111 -2.361177 0.000000
vt 4.120096 -2.325000 0.000000
vt 4.143934 -2.293934 0.000000
vt 4.143934 -0.886066 0.000000
vt 4.175000 -2.270096 0.000000
vt 4.175000 -0.909904 0.000000
vt 4.211177 -0.924889 0.000000
vt 4.211177 -2.255111 0.000000
vt 4.250000 -0.930000 0.000000
vt 4.250000 -2.250000 0.000000
vt 4.288823 -2.255111 0.000000
vt 4.400000 -0.580000 0.000000
vt 4.400000 -0.780000 0.000000
vt 4.120096 -0.855000 0.000000
vt 4.105111 -0.541177 0.000000
vt 4.120096 -0.505000 0.000000
vt 4.143934 -0.473934 0.000000
vt 4.175000 -0.450096 0.000000
vt 4.211177 -0.435111 0.000000
vt 4.250000 -0.430000 0.000000
vt 4.288823 -0.435111 0.000000
vt 4.325000 -0.450096 0.000000
vt 4.356066 -0.473934 0.000000
vt 4.379904 -0.505000 0.000000
vt 4.394889 -0.541177 0.000000
vt -0.300000 -1.996891 0.000000
vt -0.000000 -1.996891 0.000000
vt -0.300000 -1.750000 0.000000
vt 0.000000 -1.750000 0.000000
vt 0.300000 1.400000 0.000000
vt -0.000000 1.400000 0.000000
vt 0.300000 0.000000 0.000000
vt -0.000000 0.000000 0.000000
vt 0.300000 0.300000 0.000000
vt -0.000000 0.300000 0.000000
vt 0.300000 0.000000 0.000000
vt -0.000000 0.000000 0.000000
vt -0.000000 -2.603109 0.000000
vt -0.300000 -2.603109 0.000000
vt 0.000000 -2.900000 0.000000
vt -0.300000 -2.900000 0.000000
vt -0.300000 -0.900000 0.000000
vt 0.000000 -0.900000 0.000000
vt -0.300000 0.000000 0.000000
vt -0.000000 0.000000 0.000000
vt -0.000000 1.100000 0.000000
vt 0.300000 1.100000 0.000000
vt -0.000000 8.350000 0.000000
vt 0.300000 8.350000 0.000000
vt -0.300000 -2.600000 0.000000
vt 0.000000 -2.600000 0.000000
vt -0.300000 0.000000 0.000000
vt -0.000000 0.000000 0.000000
vt -0.000000 0.300000 0.000000
vt 0.300000 0.300000 0.000000
vt -0.000000 1.200000 0.000000
vt 0.300000 1.200000 0.000000
vt -0.000000 0.300000 0.000000
vt 0.300000 0.300000 0.000000
vt -0.000000 2.900000 0.000000
vt 0.300000 2.900000 0.000000
vt -0.000000 2.400000 0.000000
vt 0.300000 2.400000 0.000000
vt -0.000000 3.500000 0.000000
vt 0.300000 3.500000 0.000000
vt 0.300000 2.800000 0.000000
vt -0.000000 2.800000 0.000000
vt 0.300000 0.000000 0.000000
vt -0.000000 0.000000 0.000000
vt -0.300000 -1.450000 0.000000
vt 0.000000 -1.450000 0.000000
vt -0.300000 0.000000 0.000000
vt -0.000000 0.000000 0.000000
vt 0.300000 0.300000 0.000000
vt -0.000000 0.300000 0.000000
vt 0.300000 0.000000 0.000000
vt -0.000000 0.000000 0.000000
vt -0.300000 -0.600000 0.000000
vt 0.000000 -0.600000 0.000000
vt -0.300000 0.000000 0.000000
vt -0.000000 0.000000 0.000000
vt -0.300000 -0.300000 0.000000
vt 0.000000 -0.300000 0.000000
vt -0.300000 0.000000 0.000000
vt -0.000000 0.000000 0.000000
vt -0.300000 -1.800000 0.000000
vt 0.000000 -1.800000 0.000000
vt -0.300000 0.000000 0.000000
vt -0.000000 0.000000 0.000000
vt 0.300000 0.300000 0.000000
vt -0.000000 0.300000 0.000000
vt 0.300000 0.000000 0.000000
vt -0.000000 0.000000 0.000000
vt -0.300000 -1.000000 0.000000
vt 0.000000 -1.000000 0.000000
vt -0.300000 0.000000 0.000000
vt -0.000000 0.000000 0.000000
vt -0.300000 -0.300000 0.000000
vt 0.000000 -0.300000 0.000000
vt -0.300000 0.000000 0.000000
vt -0.000000 0.000000 0.000000
vt 0.000000 -2.000000 0.000000
vt -0.300000 -2.000000 0.000000
vt 0.000000 -2.450000 0.000000
vt -0.300000 -2.450000 0.000000
vt 0.300000 0.300000 0.000000
vt -0.000000 0.300000 0.000000
vt 0.300000 0.000000 0.000000
vt -0.000000 0.000000 0.000000
vt -0.300000 -1.000000 0.000000
vt -0.000000 -1.000000 0.000000
vt -0.300000 0.000000 0.000000
vt -0.000000 0.000000 0.000000
vt -0.300000 -0.300000 0.000000
vt 0.000000 -0.300000 0.000000
vt -0.300000 0.000000 0.000000
vt -0.000000 0.000000 0.000000
vt -0.300000 -2.050000 0.000000
vt 0.000000 -2.050000 0.000000
vt -0.300000 0.000000 0.000000
vt -0.000000 0.000000 0.000000
vt -0.300000 -1.600000 0.000000
vt 0.000000 -1.600000 0.000000
vt -0.300000 0.000000 0.000000
vt -0.000000 0.000000 0.000000
vt -0.000000 -0.300000 0.000000
vt -0.300000 -0.300000 0.000000
vt 0.000000 -1.550000 0.000000
vt -0.300000 -1.550000 0.000000
vt -2.670000 1.400000 0.000000
vt -2.970000 1.400000 0.000000
vt -2.670000 0.000000 0.000000
vt -2.970000 0.000000 0.000000
vt 2.670000 -0.300000 0.000000
vt 2.970000 -0.300000 0.000000
vt 2.670000 0.000000 0.000000
vt 2.970000 0.000000 0.000000
vt 2.670000 -1.400000 0.000000
vt 2.970000 -1.400000 0.000000
vt 2.670000 0.000000 0.000000
vt 2.970000 0.000000 0.000000
vt 0.000000 -0.300000 0.000000
vt 0.300000 -0.300000 0.000000
vt 0.000000 -0.000000 0.000000
vt 0.300000 -0.000000 0.000000
vt 0.000000 -0.600000 0.000000
vt 0.300000 -0.600000 0.000000
vt 0.000000 -0.200000 0.000000
vt 0.300000 -0.200000 0.000000
vt -0.300000 0.200000 0.000000
vt 0.000000 0.200000 0.000000
vt -0.300000 0.500000 0.000000
vt 0.000000 0.500000 0.000000
vt 0.000000 -0.800000 0.000000
vt 0.300000 -0.800000 0.000000
vt 0.000000 -0.200000 0.000000
vt 0.300000 -0.200000 0.000000
vt -0.300000 0.200000 0.000000
vt 0.000000 0.200000 0.000000
vt -0.300000 0.500000 0.000000
vt 0.000000 0.500000 0.000000
vt -0.000000 -0.300000 0.000000
vt 0.300000 -0.300000 0.000000
vt 0.000000 0.000000 0.000000
vt 0.300000 0.000000 0.000000
vt 0.300000 0.039270 0.000000
vt 0.000000 0.039270 0.000000
vt 0.300000 0.000000 0.000000
vt 0.000000 0.000000 0.000000
vt 0.300000 -0.039270 0.000000
vt 0.000000 -0.039270 0.000000
vt 0.300000 -0.078540 0.000000
vt 0.000000 -0.078540 0.000000
vt 0.300000 -0.117810 0.000000
vt 0.000000 -0.117810 0.000000
vt 0.300000 -0.157080 0.000000
vt 0.000000 -0.157080 0.000000
vt 0.300000 -0.196350 0.000000
vt 0.000000 -0.196350 0.000000
vt 0.300000 -0.235619 0.000000
vt 0.000000 -0.235619 0.000000
vt 0.300000 -0.274889 0.000000
vt 0.000000 -0.274889 0.000000
vt 0.300000 -0.314159 0.000000
vt 0.000000 -0.314159 0.000000
vt 0.300000 -0.353429 0.000000
vt 0.000000 -0.353429 0.000000
vt 0.300000 -0.392699 0.000000
vt 0.000000 -0.392699 0.000000
vt 0.300000 -0.431969 0.000000
vt 0.000000 -0.431969 0.000000
vt 0.300000 -0.471239 0.000000
vt 0.000000 -0.471239 0.000000
vt 0.300000 0.471239 0.000000
vt 0.000000 0.471239 0.000000
vt 0.300000 0.431969 0.000000
vt 0.000000 0.431969 0.000000
vt 0.300000 0.392699 0.000000
vt 0.000000 0.392699 0.000000
vt 0.300000 0.353429 0.000000
vt 0.000000 0.353429 0.000000
vt 0.300000 0.314159 0.000000
vt 0.000000 0.314159 0.000000
vt 0.300000 0.274889 0.000000
vt 0.000000 0.274889 0.000000
vt 0.300000 0.235619 0.000000
vt 0.000000 0.235619 0.000000
vt 0.300000 0.196350 0.000000
vt 0.000000 0.196350 0.000000
vt 0.300000 0.157080 0.000000
vt 0.000000 0.157080 0.000000
vt 0.300000 0.117810 0.000000
vt 0.000000 0.117810 0.000000
vt 0.300000 0.078540 0.000000
vt 0.000000 0.078540 0.000000
vt 0.300000 0.039270 0.000000
vt 0.000000 0.039270 0.000000
vt 0.300000 0.000000 0.000000
vt 0.000000 0.000000 0.000000
vt 0.300000 -0.039270 0.000000
vt 0.000000 -0.039270 0.000000
vt 0.300000 -0.078540 0.000000
vt 0.000000 -0.078540 0.000000
vt 0.300000 -0.117810 0.000000
vt 0.000000 -0.117810 0.000000
vt 0.300000 -0.157080 0.000000
vt 0.000000 -0.157080 0.000000
vt 0.300000 -0.196350 0.000000
vt 0.000000 -0.196350 0.000000
vt 0.300000 -0.235619 0.000000
vt 0.000000 -0.235619 0.000000
vt 0.300000 -0.274889 0.000000
vt 0.000000 -0.274889 0.000000
vt 0.300000 -0.314159 0.000000
vt 0.000000 -0.314159 0.000000
vt 0.300000 -0.353429 0.000000
vt 0.000000 -0.353429 0.000000
vt 0.300000 -0.392699 0.000000
vt 0.000000 -0.392699 0.000000
vt 0.300000 -0.431969 0.000000
vt 0.000000 -0.431969 0.000000
vt 0.300000 -0.471239 0.000000
vt 0.000000 -0.471239 0.000000
vt 0.300000 0.471239 0.000000
vt 0.000000 0.471239 0.000000
vt 0.300000 0.431969 0.000000
vt 0.000000 0.431969 0.000000
vt 0.300000 0.392699 0.000000
vt 0.000000 0.392699 0.000000
vt 0.300000 0.353429 0.000000
vt 0.000000 0.353429 0.000000
vt 0.300000 0.314159 0.000000
vt 0.000000 0.314159 0.000000
vt 0.300000 0.274889 0.000000
vt 0.000000 0.274889 0.000000
vt 0.300000 0.235619 0.000000
vt 0.000000 0.235619 0.000000
vt 0.300000 0.196350 0.000000
vt 0.000000 0.196350 0.000000
vt 0.300000 0.157080 0.000000
vt 0.000000 0.157080 0.000000
vt 0.300000 0.117810 0.000000
vt 0.000000 0.117810 0.000000
vt 0.300000 0.078540 0.000000
vt 0.000000 0.078540 0.000000
vt -0.300000 -0.471239 0.000000
vt 0.000000 -0.471239 0.000000
vt -0.300000 -0.392699 0.000000
vt 0.000000 -0.392699 0.000000
vt -0.300000 -0.314159 0.000000
vt 0.000000 -0.314159 0.000000
vt -0.300000 -0.235619 0.000000
vt 0.000000 -0.235619 0.000000
vt -0.300000 -0.157080 0.000000
vt 0.000000 -0.157080 0.000000
vt -0.300000 -0.078540 0.000000
vt 0.000000 -0.078540 0.000000
vt -0.300000 0.000000 0.000000
vt 0.000000 0.000000 0.000000
vt -0.030000 0.350000 0.000000
vt -0.330000 0.350000 0.000000
vt -0.030000 0.000000 0.000000
vt -0.330000 0.000000 0.000000
vt -0.030000 0.350000 0.000000
vt -0.330000 0.350000 0.000000
vt -0.030000 0.000000 0.000000
vt -0.330000 0.000000 0.000000
vt -0.300000 -0.314159 0.000000
vt -0.000000 -0.314159 0.000000
vt -0.300000 -0.261799 0.000000
vt 0.000000 -0.261799 0.000000
vt -0.300000 -0.209440 0.000000
vt 0.000000 -0.209440 0.000000
vt -0.300000 -0.157080 0.000000
vt 0.000000 -0.157080 0.000000
vt -0.300000 -0.104720 0.000000
vt -0.000000 -0.104720 0.000000
vt -0.300000 -0.052360 0.000000
vt -0.000000 -0.052360 0.000000
vt -0.300000 0.000000 0.000000
vt -0.000000 0.000000 0.000000
vt -0.300000 -0.628319 0.000000
vt -0.000000 -0.628319 0.000000
vt -0.300000 -0.575959 0.000000
vt -0.000000 -0.575959 0.000000
vt -0.300000 -0.523599 0.000000
vt -0.000000 -0.523599 0.000000
vt -0.300000 -0.471239 0.000000
vt -0.000000 -0.471239 0.000000
vt -0.300000 -0.418879 0.000000
vt -0.000000 -0.418879 0.000000
vt -0.300000 -0.366519 0.000000
vt -0.000000 -0.366519 0.000000
vt -0.300000 -0.314159 0.000000
vt -0.000000 -0.314159 0.000000
vt -0.300000 -0.314159 0.000000
vt -0.000000 -0.314159 0.000000
vt -0.300000 -0.261799 0.000000
vt 0.000000 -0.261799 0.000000
vt -0.300000 -0.209440 0.000000
vt 0.000000 -0.209440 0.000000
vt -0.300000 -0.157080 0.000000
vt 0.000000 -0.157080 0.000000
vt -0.300000 -0.104720 0.000000
vt -0.000000 -0.104720 0.000000
vt -0.300000 -0.052360 0.000000
vt 0.000000 -0.052360 0.000000
vt -0.300000 0.000000 0.000000
vt -0.000000 0.000000 0.000000
vt -0.300000 -0.628319 0.000000
vt -0.000000 -0.628319 0.000000
vt -0.300000 -0.575959 0.000000
vt -0.000000 -0.575959 0.000000
vt -0.300000 -0.523599 0.000000
vt -0.000000 -0.523599 0.000000
vt -0.300000 -0.471239 0.000000
vt -0.000000 -0.471239 0.000000
vt -0.300000 -0.418879 0.000000
vt -0.000000 -0.418879 0.000000
vt -0.300000 -0.366519 0.000000
vt -0.000000 -0.366519 0.000000
vt -0.300000 -0.314159 0.000000
vt -0.000000 -0.314159 0.000000
vt -0.300000 -0.471239 0.000000
vt -0.000000 -0.471239 0.000000
vt -0.300000 -0.392699 0.000000
vt -0.000000 -0.392699 0.000000
vt -0.300000 -0.314159 0.000000
vt -0.000000 -0.314159 0.000000
vt -0.300000 -0.235619 0.000000
vt -0.000000 -0.235619 0.000000
vt -0.300000 -0.157080 0.000000
vt -0.000000 -0.157080 0.000000
vt -0.300000 -0.078540 0.000000
vt -0.000000 -0.078540 0.000000
vt -0.300000 0.000000 0.000000
vt -0.000000 0.000000 0.000000
vt -0.300000 -0.942478 0.000000
vt -0.000000 -0.942478 0.000000
vt -0.300000 -0.863938 0.000000
vt -0.000000 -0.863938 0.000000
vt -0.300000 -0.785398 0.000000
vt -0.000000 -0.785398 0.000000
vt -0.300000 -0.706858 0.000000
vt -0.000000 -0.706858 0.000000
vt -0.300000 -0.628319 0.000000
vt -0.000000 -0.628319 0.000000
vt -0.300000 -0.549779 0.000000
vt -0.000000 -0.549779 0.000000
vt -0.300000 -0.471239 0.000000
vt -0.000000 -0.471239 0.000000
vt -0.030000 0.000000 0.000000
vt -0.330000 0.000000 0.000000
vt -0.030000 -0.200000 0.000000
vt -0.330000 -0.200000 0.000000
vt 0.030000 0.000000 0.000000
vt 0.330000 0.000000 0.000000
vt 0.030000 0.039270 0.000000
vt 0.330000 0.039270 0.000000
vt 0.030000 0.078540 0.000000
vt 0.330000 0.078540 0.000000
vt 0.030000 0.117810 0.000000
vt 0.330000 0.117810 0.000000
vt 0.030000 0.157080 0.000000
vt 0.330000 0.157080 0.000000
vt 0.030000 0.196350 0.000000
vt 0.330000 0.196350 0.000000
vt 0.030000 0.235619 0.000000
vt 0.330000 0.235619 0.000000
vt 0.030000 0.274889 0.000000
vt 0.330000 0.274889 0.000000
vt 0.030000 0.314159 0.000000
vt 0.330000 0.314159 0.000000
vt 0.030000 0.353429 0.000000
vt 0.330000 0.353429 0.000000
vt 0.030000 0.392699 0.000000
vt 0.330000 0.392699 0.000000
vt 0.030000 0.431969 0.000000
vt 0.330000 0.431969 0.000000
vt 0.030000 0.471239 0.000000
vt 0.330000 0.471239 0.000000
vt 0.030000 -0.471239 0.000000
vt 0.330000 -0.471239 0.000000
vt 0.030000 -0.431969 0.000000
vt 0.330000 -0.431969 0.000000
vt 0.030000 -0.392699 0.000000
vt 0.330000 -0.392699 0.000000
vt 0.030000 -0.353429 0.000000
vt 0.330000 -0.353429 0.000000
vt 0.030000 -0.314159 0.000000
vt 0.330000 -0.314159 0.000000
vt 0.030000 -0.274889 0.000000
vt 0.330000 -0.274889 0.000000
vt 0.030000 -0.235619 0.000000
vt 0.330000 -0.235619 0.000000
vt 0.030000 -0.196350 0.000000
vt 0.330000 -0.196350 0.000000
vt 0.030000 -0.157080 0.000000
vt 0.330000 -0.157080 0.000000
vt 0.030000 -0.117810 0.000000
vt 0.330000 -0.117810 0.000000
vt 0.030000 -0.078540 0.000000
vt 0.330000 -0.078540 0.000000
vt 0.030000 -0.039270 0.000000
vt 0.330000 -0.039270 0.000000
vt 0.030000 0.000000 0.000000
vt 0.330000 0.000000 0.000000
vt 0.030000 0.000000 0.000000
vt 0.330000 0.000000 0.000000
vt 0.030000 0.200000 0.000000
vt 0.330000 0.200000 0.000000
vt 0.330000 0.039270 0.000000
vt 0.030000 0.039270 0.000000
vt 0.330000 0.000000 0.000000
vt 0.030000 0.000000 0.000000
vt 0.330000 -0.039270 0.000000
vt 0.030000 -0.039270 0.000000
vt 0.330000 -0.078540 0.000000
vt 0.030000 -0.078540 0.000000
vt 0.330000 -0.117810 0.000000
vt 0.030000 -0.117810 0.000000
vt 0.330000 -0.157080 0.000000
vt 0.030000 -0.157080 0.000000
vt 0.330000 -0.196350 0.000000
vt 0.030000 -0.196350 0.000000
vt 0.330000 -0.235619 0.000000
vt 0.030000 -0.235619 0.000000
vt 0.330000 -0.274889 0.000000
vt 0.030000 -0.274889 0.000000
vt 0.330000 -0.314159 0.000000
vt 0.030000 -0.314159 0.000000
vt 0.330000 -0.353429 0.000000
vt 0.030000 -0.353429 0.000000
vt 0.330000 -0.392699 0.000000
vt 0.030000 -0.392699 0.000000
vt 0.330000 -0.431969 0.000000
vt 0.030000 -0.431969 0.000000
vt 0.330000 -0.471239 0.000000
vt 0.030000 -0.471239 0.000000
vt 0.330000 0.471239 0.000000
vt 0.030000 0.471239 0.000000
vt 0.330000 0.431969 0.000000
vt 0.030000 0.431969 0.000000
vt 0.330000 0.392699 0.000000
vt 0.030000 0.392699 0.000000
vt 0.330000 0.353429 0.000000
vt 0.030000 0.353429 0.000000
vt 0.330000 0.314159 0.000000
vt 0.030000 0.314159 0.000000
vt 0.330000 0.274889 0.000000
vt 0.030000 0.274889 0.000000
vt 0.330000 0.235619 0.000000
vt 0.030000 0.235619 0.000000
vt 0.330000 0.196350 0.000000
vt 0.030000 0.196350 0.000000
vt 0.330000 0.157080 0.000000
vt 0.030000 0.157080 0.000000
vt 0.330000 0.117810 0.000000
vt 0.030000 0.117810 0.000000
vt 0.330000 0.078540 0.000000
vt 0.030000 0.078540 0.000000
vt 0.300000 0.400000 0.000000
vt -0.000000 0.400000 0.000000
vt 0.300000 0.000000 0.000000
vt -0.000000 0.000000 0.000000
vt -0.300000 -0.400000 0.000000
vt 0.000000 -0.400000 0.000000
vt -0.300000 0.000000 0.000000
vt -0.000000 0.000000 0.000000
vt 0.000000 -0.314159 0.000000
vt 0.300000 -0.314159 0.000000
vt 0.000000 -0.287979 0.000000
vt 0.300000 -0.287979 0.000000
vt 0.000000 -0.261799 0.000000
vt 0.300000 -0.261799 0.000000
vt 0.000000 -0.235619 0.000000
vt 0.300000 -0.235619 0.000000
vt 0.000000 -0.209440 0.000000
vt 0.300000 -0.209440 0.000000
vt 0.000000 -0.183260 0.000000
vt 0.300000 -0.183260 0.000000
vt 0.000000 -0.157080 0.000000
vt 0.300000 -0.157080 0.000000
vt -0.300000 -0.400000 0.000000
vt -0.000000 -0.400000 0.000000
vt -0.300000 0.000000 0.000000
vt -0.000000 0.000000 0.000000
vt 0.000000 -0.157080 0.000000
vt 0.300000 -0.157080 0.000000
vt 0.000000 -0.130900 0.000000
vt 0.300000 -0.130900 0.000000
vt 0.000000 -0.104720 0.000000
vt 0.300000 -0.104720 0.000000
vt 0.000000 -0.078540 0.000000
vt 0.300000 -0.078540 0.000000
vt 0.000000 -0.052360 0.000000
vt 0.300000 -0.052360 0.000000
vt 0.000000 -0.026180 0.000000
vt 0.300000 -0.026180 0.000000
vt 0.000000 -0.000000 0.000000
vt 0.300000 -0.000000 0.000000
vt -0.050000 0.000000 0.000000
vt 0.000000 0.000000 0.000000
vt -0.050000 0.700000 0.000000
vt 0.000000 0.700000 0.000000
vt -0.050000 -0.000000 0.000000
vt 0.000000 -0.000000 0.000000
vt -0.050000 0.700000 0.000000
vt 0.000000 0.700000 0.000000
vt 0.050000 0.000000 0.000000
vt 0.000000 0.000000 0.000000
vt 0.050000 -0.700000 0.000000
vt 0.000000 -0.700000 0.000000
vt 0.050000 0.800000 0.000000
vt -0.000000 0.800000 0.000000
vt 0.050000 0.000000 0.000000
vt -0.000000 0.000000 0.000000
vt -0.050000 -0.800000 0.000000
vt 0.000000 -0.800000 0.000000
vt -0.050000 -0.000000 0.000000
vt -0.000000 -0.000000 0.000000
vt -0.050000 -0.800000 0.000000
vt -0.000000 -0.800000 0.000000
vt -0.050000 0.000000 0.000000
vt -0.000000 0.000000 0.000000
vt 0.050000 0.800000 0.000000
vt -0.000000 0.800000 0.000000
vt 0.050000 -0.000000 0.000000
vt -0.000000 -0.000000 0.000000
vt 0.050000 0.000000 0.000000
vt 0.000000 0.000000 0.000000
vt 0.050000 -0.700000 0.000000
vt -0.000000 -0.700000 0.000000
vt 1.100000 0.300000 0.000000
vt 1.100000 1.100000 0.000000
vt 1.050000 1.050000 0.000000
vt 0.300000 1.100000 0.000000
vt 0.350000 1.050000 0.000000
vt 0.300000 0.300000 0.000000
vt 0.350000 0.350000 0.000000
vt 1.050000 0.350000 0.000000
vt -0.050000 0.000000 0.000000
vt 0.000000 0.000000 0.000000
vt -0.050000 0.390062 0.000000
vt 0.000000 0.390062 0.000000
vt 0.439314 0.050000 0.000000
vt 0.414013 0.050000 0.000000
vt 0.439314 0.000000 0.000000
vt 0.414013 0.000000 0.000000
vt 0.388244 0.050000 0.000000
vt 0.388244 0.000000 0.000000
vt 0.926096 0.050000 0.000000
vt 0.908252 0.050000 0.000000
vt 0.926096 0.000000 0.000000
vt 0.908252 0.000000 0.000000
vt 0.890408 0.050000 0.000000
vt 0.890408 0.000000 0.000000
vt 0.872564 0.050000 0.000000
vt 0.872564 0.000000 0.000000
vt 0.854720 0.050000 0.000000
vt 0.854720 0.000000 0.000000
vt 0.836876 0.050000 0.000000
vt 0.836876 0.000000 0.000000
vt 0.819032 0.050000 0.000000
vt 0.819032 0.000000 0.000000
vt 0.801188 0.050000 0.000000
vt 0.801188 0.000000 0.000000
vt 0.783344 0.050000 0.000000
vt 0.783344 0.000000 0.000000
vt 0.765500 0.050000 0.000000
vt 0.765500 0.000000 0.000000
vt 0.747656 0.050000 0.000000
vt 0.747656 0.000000 0.000000
vt 0.729812 0.050000 0.000000
vt 0.729812 0.000000 0.000000
vt 0.711968 0.050000 0.000000
vt 0.711968 0.000000 0.000000
vt 0.694124 0.050000 0.000000
vt 0.694124 0.000000 0.000000
vt 0.676280 0.050000 0.000000
vt 0.676280 0.000000 0.000000
vt 0.658436 0.050000 0.000000
vt 0.658436 0.000000 0.000000
vt 0.640592 0.050000 0.000000
vt 0.640592 0.000000 0.000000
vt 0.622748 0.050000 0.000000
vt 0.622748 0.000000 0.000000
vt 0.604904 0.050000 0.000000
vt 0.604904 0.000000 0.000000
vt 0.587060 0.050000 0.000000
vt 0.587060 0.000000 0.000000
vt 0.569216 0.050000 0.000000
vt 0.569216 0.000000 0.000000
vt 0.551372 0.050000 0.000000
vt 0.551372 0.000000 0.000000
vt 0.533528 0.050000 0.000000
vt 0.533528 0.000000 0.000000
vt 0.497840 0.050000 0.000000
vt 0.497840 0.000000 0.000000
vt 0.426464 0.050000 0.000000
vt 0.426464 0.000000 0.000000
vt 0.390776 0.050000 0.000000
vt 0.390776 0.000000 0.000000
vt 0.372932 0.050000 0.000000
vt 0.372932 0.000000 0.000000
vt 0.355088 0.050000 0.000000
vt 0.355088 0.000000 0.000000
vt -0.050000 0.000000 0.000000
vt 0.000000 0.000000 0.000000
vt -0.050000 0.074801 0.000000
vt 0.000000 0.074801 0.000000
vt 1.823251 0.050000 0.000000
vt 1.771279 0.050000 0.000000
vt 1.823251 0.000000 0.000000
vt 1.771279 0.000000 0.000000
vt 1.719307 0.050000 0.000000
vt 1.719307 0.000000 0.000000
vt 1.667335 0.050000 0.000000
vt 1.667335 0.000000 0.000000
vt 1.615364 0.050000 0.000000
vt 1.615364 0.000000 0.000000
vt 1.589378 0.050000 0.000000
vt 1.589378 0.000000 0.000000
vt 1.563392 0.050000 0.000000
vt 1.563392 0.000000 0.000000
vt 1.537406 0.050000 0.000000
vt 1.537406 0.000000 0.000000
vt 1.511420 0.050000 0.000000
vt 1.511420 0.000000 0.000000
vt 1.485434 0.050000 0.000000
vt 1.485434 0.000000 0.000000
vt 1.459448 0.050000 0.000000
vt 1.459448 0.000000 0.000000
vt 1.433462 0.050000 0.000000
vt 1.433462 0.000000 0.000000
vt 1.407476 0.050000 0.000000
vt 1.407476 0.000000 0.000000
vt 1.381490 0.050000 0.000000
vt 1.381490 0.000000 0.000000
vt 1.355504 0.050000 0.000000
vt 1.355504 0.000000 0.000000
vt 1.329518 0.050000 0.000000
vt 1.329518 0.000000 0.000000
vt 1.303532 0.050000 0.000000
vt 1.303532 0.000000 0.000000
vt 1.251561 0.050000 0.000000
vt 1.251561 0.000000 0.000000
vt 1.199589 0.050000 0.000000
vt 1.199589 0.000000 0.000000
vt 1.173603 0.050000 0.000000
vt 1.173603 0.000000 0.000000
vt 1.147617 0.050000 0.000000
vt 1.147617 0.000000 0.000000
vt 1.121631 0.050000 0.000000
vt 1.121631 0.000000 0.000000
vt 1.095645 0.050000 0.000000
vt 1.095645 0.000000 0.000000
vt 1.069659 0.050000 0.000000
vt 1.069659 0.000000 0.000000
vt 1.043673 0.050000 0.000000
vt 1.043673 0.000000 0.000000
vt 0.991701 0.050000 0.000000
vt 0.991701 0.000000 0.000000
vt 0.050000 0.000000 0.000000
vt 0.000000 0.000000 0.000000
vt 0.050000 -0.289376 0.000000
vt 0.000000 -0.289376 0.000000
vt 0.050000 0.000000 0.000000
vt 0.000000 0.000000 0.000000
vt 0.050000 -0.069589 0.000000
vt -0.000000 -0.069589 0.000000
vt 0.000039 0.000231 0.000000
vt -0.001736 -0.025643 0.000000
vt 0.098949 0.043946 0.000000
vt 0.388326 -0.025643 0.000000
vt 0.388326 0.043946 0.000000
vt 0.127071 0.080515 0.000000
vt 0.093318 0.143607 0.000000
vt 0.038756 0.083182 0.000000
vt 0.020274 0.054068 0.000000
vt 0.196771 0.143566 0.000000
vt 0.245210 0.278298 0.000000
vt 0.297906 0.233199 0.000000
vt 0.285888 0.326864 0.000000
vt 0.351207 0.294476 0.000000
vt 0.298433 0.348326 0.000000
vt 0.307148 0.369187 0.000000
vt 0.367818 0.322035 0.000000
vt 0.312023 0.389460 0.000000
vt 0.378865 0.348771 0.000000
vt 0.385407 0.375790 0.000000
vt 0.313065 0.409134 0.000000
vt 0.387571 0.403219 0.000000
vt 0.385598 0.429963 0.000000
vt 0.379718 0.454947 0.000000
vt 0.310775 0.427633 0.000000
vt 0.369946 0.478119 0.000000
vt 0.356209 0.499605 0.000000
vt 0.305322 0.444751 0.000000
vt 0.338550 0.519293 0.000000
vt 0.296723 0.460459 0.000000
vt 0.317531 0.536222 0.000000
vt 0.284951 0.474771 0.000000
vt 0.293706 0.549458 0.000000
vt 0.270400 0.487169 0.000000
vt 0.267090 0.558973 0.000000
vt 0.253886 0.496595 0.000000
vt 0.235454 0.503002 0.000000
vt 0.205487 0.566840 0.000000
vt 0.215124 0.506367 0.000000
vt 0.193225 0.506688 0.000000
vt 0.172588 0.504113 0.000000
vt 0.143161 0.560215 0.000000
vt 0.153888 0.498686 0.000000
vt 0.137110 0.490410 0.000000
vt 0.116105 0.551621 0.000000
vt 0.122177 0.479243 0.000000
vt 0.091791 0.539496 0.000000
vt 0.109501 0.465498 0.000000
vt 0.070215 0.523830 0.000000
vt 0.099536 0.449514 0.000000
vt 0.051716 0.504757 0.000000
vt 0.092371 0.431364 0.000000
vt 0.036641 0.482426 0.000000
vt 0.025018 0.456868 0.000000
vt 0.088003 0.411050 0.000000
vt 0.012001 0.396119 0.000000
vt 0.086420 0.388571 0.000000
vt 0.006717 0.024624 0.000000
vn -0.000000 1.000000 -0.000000
vn -0.000000 1.000000 -0.000000
vn -0.000000 1.000000 -0.000000
vn -0.000000 1.000000 -0.000000
vn -0.258819 0.965926 0.000000
vn -0.258819 0.965926 0.000000
vn -0.500000 0.866025 0.000000
vn -0.500000 0.866025 0.000000
vn -0.707107 0.707107 0.000000
vn -0.707107 0.707107 0.000000
vn -0.866025 0.500000 0.000000
vn -0.866025 0.500000 0.000000
vn -0.965926 0.258819 0.000000
vn -0.965926 0.258819 0.000000
vn -1.000000 -0.000000 -0.000000
vn -1.000000 -0.000000 -0.000000
vn -0.965926 -0.258819 -0.000000
vn -0.965926 -0.258819 -0.000000
vn -0.866025 -0.500000 -0.000000
vn -0.866025 -0.500000 -0.000000
vn -0.707107 -0.707107 -0.000000
vn -0.707107 -0.707107 -0.000000
vn -0.500000 -0.866025 -0.000000
vn -0.500000 -0.866025 -0.000000
vn -0.258819 -0.965926 -0.000000
vn -0.258819 -0.965926 -0.000000
vn 0.000000 -1.000000 0.000000
vn 0.000000 -1.000000 0.000000
vn -0.000000 -1.000000 -0.000000
vn -0.000000 -1.000000 -0.000000
vn 0.258819 -0.965926 0.000000
vn 0.258819 -0.965926 0.000000
vn 0.500000 -0.866025 0.000000
vn 0.500000 -0.866025 0.000000
vn 0.707107 -0.707107 0.000000
vn 0.707107 -0.707107 0.000000
vn 0.866025 -0.500000 0.000000
vn 0.866025 -0.500000 0.000000
vn 0.965926 -0.258819 0.000000
vn 0.965926 -0.258819 0.000000
vn 1.000000 -0.000000 0.000000
vn 1.000000 -0.000000 0.000000
vn 0.965926 0.258819 0.000000
vn 0.965926 0.258819 0.000000
vn 0.866025 0.500000 0.000000
vn 0.866025 0.500000 0.000000
vn 0.707107 0.707107 0.000000
vn 0.707107 0.707107 0.000000
vn 0.500000 0.866025 0.000000
vn 0.500000 0.866025 0.000000
vn 0.258819 0.965926 0.000000
vn 0.258819 0.965926 0.000000
vn 0.000000 -0.000000 -1.000000
vn 0.000000 -0.000000 -1.000000
vn 0.000000 -0.000000 -1.000000
vn 0.000000 -0.000000 -1.000000
vn 0.000000 -0.000000 -1.000000
vn 0.000000 -0.000000 -1.000000
vn 0.000000 -0.000000 -1.000000
vn 0.000000 -0.000000 -1.000000
vn 0.000000 -0.000000 -1.000000
vn 0.000000 -0.000000 -1.000000
vn 0.000000 -0.000000 -1.000000
vn 0.000000 -0.000000 -1.000000
vn 0.000000 -0.000000 -1.000000
vn 0.000000 -0.000000 -1.000000
vn 0.000000 -0.000000 -1.000000
vn 0.000000 -0.000000 -1.000000
vn 0.000000 -0.000000 -1.000000
vn 0.000000 -0.000000 -1.000000
vn 0.000000 -0.000000 -1.000000
vn 0.000000 -0.000000 -1.000000
vn 0.000000 -0.000000 -1.000000
vn 0.000000 -0.000000 -1.000000
vn 0.000000 -0.000000 -1.000000
vn 0.000000 -0.000000 -1.000000
vn 0.000000 -0.000000 -1.000000
vn 0.000000 -0.000000 -1.000000
vn 0.000000 -0.000000 -1.000000
vn 0.000000 -0.000000 -1.000000
vn 0.000000 -0.000000 -1.000000
vn 0.000000 -0.000000 -1.000000
vn 0.000000 -0.000000 -1.000000
vn 0.000000 -0.000000 -1.000000
vn 0.000000 -0.000000 -1.000000
vn 0.000000 -0.000000 -1.000000
vn 0.000000 -0.000000 -1.000000
vn 0.000000 -0.000000 -1.000000
vn 0.000000 -0.000000 -1.000000
vn 0.000000 -0.000000 -1.000000
vn 0.000000 -0.000000 -1.000000
vn 0.000000 -0.000000 -1.000000
vn 0.000000 -0.000000 -1.000000
vn 0.000000 -0.000000 -1.000000
vn 0.000000 -0.000000 -1.000000
vn 0.000000 -0.000000 -1.000000
vn 0.000000 -0.000000 -1.000000
vn 0.000000 -0.000000 -1.000000
vn 0.000000 -0.000000 -1.000000
vn 0.000000 -0.000000 -1.000000
vn 0.000000 -0.000000 -1.000000
vn 0.000000 -0.000000 -1.000000
vn 0.000000 -0.000000 -1.000000
vn 0.000000 -0.000000 -1.000000
vn 0.000000 -0.000000 -1.000000
vn 0.000000 -0.000000 -1.000000
vn 0.000000 -0.000000 -1.000000
vn 0.000000 -0.000000 -1.000000
vn 0.000000 -0.000000 -1.000000
vn 0.000000 -0.000000 -1.000000
vn 0.000000 -0.000000 -1.000000
vn 0.000000 -0.000000 -1.000000
vn 0.000000 -0.000000 -1.000000
vn 0.000000 -0.000000 -1.000000
vn 0.000000 1.000000 -0.000000
vn 0.000000 1.000000 -0.000000
vn 0.000000 1.000000 -0.000000
vn 0.000000 1.000000 -0.000000
vn -0.000000 0.000000 1.000000
vn -0.000000 0.000000 1.000000
vn -0.000000 0.000000 1.000000
vn -0.000000 0.000000 1.000000
vn -0.000000 0.000000 1.000000
vn -0.000000 0.000000 1.000000
vn -0.000000 0.000000 1.000000
vn -0.000000 0.000000 1.000000
vn -0.000000 0.000000 1.000000
vn -0.000000 0.000000 1.000000
vn -0.000000 0.000000 1.000000
vn -0.000000 0.000000 1.000000
vn -0.000000 0.000000 1.000000
vn -0.000000 0.000000 1.000000
vn -0.000000 0.000000 1.000000
vn -0.000000 0.000000 1.000000
vn -0.000000 0.000000 1.000000
vn -0.000000 0.000000 1.000000
vn -0.000000 0.000000 1.000000
vn -0.000000 0.000000 1.000000
vn -0.000000 0.000000 1.000000
vn -0.000000 0.000000 1.000000
vn -0.000000 0.000000 1.000000
vn -0.000000 0.000000 1.000000
vn -0.000000 0.000000 1.000000
vn -0.000000 0.000000 1.000000
vn -0.000000 0.000000 1.000000
vn -0.000000 0.000000 1.000000
vn -0.000000 0.000000 1.000000
vn -0.000000 0.000000 1.000000
vn -0.000000 0.000000 1.000000
vn -0.000000 0.000000 1.000000
vn -0.000000 0.000000 1.000000
vn -0.000000 0.000000 1.000000
vn -0.000000 0.000000 1.000000
vn -0.000000 0.000000 1.000000
vn -0.000000 0.000000 1.000000
vn -0.000000 0.000000 1.000000
vn -0.000000 0.000000 1.000000
vn -0.000000 0.000000 1.000000
vn -0.000000 0.000000 1.000000
vn -0.000000 0.000000 1.000000
vn -0.000000 0.000000 1.000000
vn -0.000000 0.000000 1.000000
vn -0.000000 0.000000 1.000000
vn -0.000000 0.000000 1.000000
vn -0.000000 0.000000 1.000000
vn -0.000000 0.000000 1.000000
vn -0.000000 0.000000 1.000000
vn -0.000000 0.000000 1.000000
vn -0.000000 0.000000 1.000000
vn -0.000000 0.000000 1.000000
vn -0.000000 0.000000 1.000000
vn -0.000000 0.000000 1.000000
vn -0.000000 0.000000 1.000000
vn -0.000000 0.000000 1.000000
vn -0.000000 0.000000 1.000000
vn -0.000000 0.000000 1.000000
vn -0.000000 0.000000 1.000000
vn -0.000000 0.000000 1.000000
vn -0.000000 0.000000 1.000000
vn -0.000000 0.000000 1.000000
vn -0.000000 0.000000 1.000000
vn -0.000000 0.000000 1.000000
vn -0.000000 0.000000 1.000000
vn -0.000000 0.000000 1.000000
vn -0.000000 0.000000 1.000000
vn -0.000000 0.000000 1.000000
vn -0.000000 0.000000 1.000000
vn -0.000000 0.000000 1.000000
vn -0.000000 0.000000 1.000000
vn -0.000000 0.000000 1.000000
vn -0.000000 0.000000 1.000000
vn -0.000000 0.000000 1.000000
vn -0.000000 0.000000 1.000000
vn -0.000000 0.000000 1.000000
vn -0.000000 0.000000 1.000000
vn -0.000000 0.000000 1.000000
vn -0.000000 0.000000 1.000000
vn -0.000000 0.000000 1.000000
vn -0.000000 0.000000 1.000000
vn -0.000000 0.000000 1.000000
vn -0.000000 0.000000 1.000000
vn -0.000000 0.000000 1.000000
vn -0.000000 0.000000 1.000000
vn -0.000000 0.000000 1.000000
vn -0.000000 0.000000 1.000000
vn -0.000000 0.000000 1.000000
vn -0.000000 0.000000 1.000000
vn -0.000000 0.000000 1.000000
vn -0.000000 0.000000 1.000000
vn -0.000000 0.000000 1.000000
vn -0.000000 0.000000 1.000000
vn -0.000000 0.000000 1.000000
vn -0.000000 0.000000 1.000000
vn -0.000000 0.000000 1.000000
vn -0.000000 0.000000 1.000000
vn -0.000000 0.000000 1.000000
vn -0.000000 0.000000 1.000000
vn -0.000000 0.000000 1.000000
vn -0.000000 0.000000 1.000000
vn -0.000000 0.000000 1.000000
vn -0.000000 0.000000 1.000000
vn -0.000000 0.000000 1.000000
vn -0.000000 0.000000 1.000000
vn -0.000000 0.000000 1.000000
vn -0.000000 0.000000 1.000000
vn -0.000000 0.000000 1.000000
vn -0.000000 0.000000 1.000000
vn -0.000000 0.000000 1.000000
vn -0.000000 0.000000 1.000000
vn -0.000000 0.000000 1.000000
vn -0.000000 0.000000 1.000000
vn -0.000000 0.000000 1.000000
vn -0.000000 0.000000 1.000000
vn -0.000000 0.000000 1.000000
vn -0.000000 0.000000 1.000000
vn -0.000000 0.000000 1.000000
vn -0.000000 0.000000 1.000000
vn -0.000000 0.000000 1.000000
vn -0.000000 0.000000 1.000000
vn -0.000000 0.000000 1.000000
vn -0.000000 0.000000 1.000000
vn -0.000000 0.000000 1.000000
vn -0.000000 0.000000 1.000000
vn -0.000000 0.000000 1.000000
vn -0.000000 0.000000 1.000000
vn -0.000000 0.000000 1.000000
vn -0.000000 0.000000 1.000000
vn -0.000000 0.000000 1.000000
vn -0.000000 0.000000 1.000000
vn -0.000000 0.000000 1.000000
vn -0.000000 0.000000 1.000000
vn -0.000000 0.000000 1.000000
vn -0.000000 0.000000 1.000000
vn -0.000000 0.000000 1.000000
vn -0.000000 0.000000 1.000000
vn -0.000000 0.000000 1.000000
vn -0.000000 0.000000 1.000000
vn -0.000000 0.000000 1.000000
vn -0.000000 0.000000 1.000000
vn -0.000000 0.000000 1.000000
vn -0.000000 0.000000 1.000000
vn -0.000000 0.000000 1.000000
vn -0.000000 0.000000 1.000000
vn -0.000000 0.000000 1.000000
vn -0.000000 0.000000 1.000000
vn -0.000000 0.000000 1.000000
vn -0.000000 0.000000 1.000000
vn -0.000000 0.000000 1.000000
vn -0.000000 0.000000 1.000000
vn -0.000000 0.000000 1.000000
vn -0.000000 0.000000 1.000000
vn -0.000000 0.000000 1.000000
vn -0.000000 0.000000 1.000000
vn -0.000000 0.000000 1.000000
vn -0.000000 0.000000 1.000000
vn -0.000000 0.000000 1.000000
vn -0.000000 0.000000 1.000000
vn -0.000000 0.000000 1.000000
vn -0.000000 0.000000 1.000000
vn -0.000000 0.000000 1.000000
vn -0.000000 0.000000 1.000000
vn -0.000000 0.000000 1.000000
vn -0.000000 0.000000 1.000000
vn -0.000000 0.000000 1.000000
vn -0.000000 0.000000 1.000000
vn -0.000000 0.000000 1.000000
vn -0.000000 0.000000 1.000000
vn -0.000000 0.000000 1.000000
vn -0.000000 0.000000 1.000000
vn -0.000000 0.000000 1.000000
vn -0.000000 0.000000 1.000000
vn -0.000000 0.000000 1.000000
vn -0.000000 0.000000 1.000000
vn -0.000000 0.000000 1.000000
vn -0.000000 0.000000 1.000000
vn -0.000000 0.000000 1.000000
vn -0.000000 0.000000 1.000000
vn -0.000000 0.000000 1.000000
vn -0.000000 0.000000 1.000000
vn -0.000000 0.000000 1.000000
vn -0.000000 0.000000 1.000000
vn -0.000000 0.000000 1.000000
vn -0.000000 0.000000 1.000000
vn -0.000000 0.000000 1.000000
vn -0.000000 0.000000 1.000000
vn -0.000000 0.000000 1.000000
vn -0.000000 0.000000 1.000000
vn -0.000000 0.000000 1.000000
vn -0.000000 0.000000 1.000000
vn -0.000000 0.000000 1.000000
vn -0.000000 0.000000 1.000000
vn -0.000000 0.000000 1.000000
vn -0.000000 0.000000 1.000000
vn -0.000000 0.000000 1.000000
vn -0.000000 0.000000 1.000000
vn -0.000000 0.000000 1.000000
vn -0.000000 0.000000 1.000000
vn -0.000000 0.000000 1.000000
vn -0.000000 0.000000 1.000000
vn -0.000000 0.000000 1.000000
vn -0.000000 0.000000 1.000000
vn -0.000000 0.000000 1.000000
vn -0.000000 0.000000 1.000000
vn -0.000000 0.000000 1.000000
vn -0.000000 0.000000 1.000000
vn -0.000000 0.000000 1.000000
vn -0.000000 0.000000 1.000000
vn -0.000000 0.000000 1.000000
vn -0.000000 0.000000 1.000000
vn -0.000000 0.000000 1.000000
vn -0.000000 0.000000 1.000000
vn -0.000000 0.000000 1.000000
vn -0.000000 0.000000 1.000000
vn -0.000000 0.000000 1.000000
vn -0.000000 0.000000 1.000000
vn -0.000000 0.000000 1.000000
vn -0.000000 0.000000 1.000000
vn -0.000000 0.000000 1.000000
vn -0.000000 0.000000 1.000000
vn 0.000000 -0.000000 -1.000000
vn 0.000000 -0.000000 -1.000000
vn 0.000000 -0.000000 -1.000000
vn 0.000000 -0.000000 -1.000000
vn 0.000000 -0.000000 -1.000000
vn 0.000000 -0.000000 -1.000000
vn 0.000000 -0.000000 -1.000000
vn 0.000000 -0.000000 -1.000000
vn 0.000000 -0.000000 -1.000000
vn 0.000000 -0.000000 -1.000000
vn 0.000000 -0.000000 -1.000000
vn 0.000000 -0.000000 -1.000000
vn 0.000000 -0.000000 -1.000000
vn 0.000000 -0.000000 -1.000000
vn 0.000000 -0.000000 -1.000000
vn 0.000000 -0.000000 -1.000000
vn 0.000000 -0.000000 -1.000000
vn 0.000000 -0.000000 -1.000000
vn 0.000000 -0.000000 -1.000000
vn 0.000000 -0.000000 -1.000000
vn 0.000000 -0.000000 -1.000000
vn 0.000000 -0.000000 -1.000000
vn 0.000000 -0.000000 -1.000000
vn 0.000000 -0.000000 -1.000000
vn 0.000000 -0.000000 -1.000000
vn 0.000000 -0.000000 -1.000000
vn 0.000000 -0.000000 -1.000000
vn 0.000000 -0.000000 -1.000000
vn 0.000000 -0.000000 -1.000000
vn 0.000000 -0.000000 -1.000000
vn 0.000000 -0.000000 -1.000000
vn 0.000000 -0.000000 -1.000000
vn 0.000000 -0.000000 -1.000000
vn 0.000000 -0.000000 -1.000000
vn 0.000000 -0.000000 -1.000000
vn 0.000000 -0.000000 -1.000000
vn 0.000000 -0.000000 -1.000000
vn 0.000000 -0.000000 -1.000000
vn 0.000000 -0.000000 -1.000000
vn 0.000000 -0.000000 -1.000000
vn 0.000000 -0.000000 -1.000000
vn 0.000000 -0.000000 -1.000000
vn 0.000000 -0.000000 -1.000000
vn 0.000000 -0.000000 -1.000000
vn 0.000000 -0.000000 -1.000000
vn 0.000000 -0.000000 -1.000000
vn 0.000000 -0.000000 -1.000000
vn 0.000000 -0.000000 -1.000000
vn 0.000000 -0.000000 -1.000000
vn 0.000000 -0.000000 -1.000000
vn 0.000000 -0.000000 -1.000000
vn 0.000000 -0.000000 -1.000000
vn 0.000000 -0.000000 -1.000000
vn 0.000000 -0.000000 -1.000000
vn 0.000000 -0.000000 -1.000000
vn 0.000000 -0.000000 -1.000000
vn 0.000000 -0.000000 -1.000000
vn 0.000000 -0.000000 -1.000000
vn 0.000000 -0.000000 -1.000000
vn 0.000000 -0.000000 -1.000000
vn 0.000000 -0.000000 -1.000000
vn 0.000000 -0.000000 -1.000000
vn 0.000000 -0.000000 -1.000000
vn 0.000000 -0.000000 -1.000000
vn 0.000000 -0.000000 -1.000000
vn 0.000000 -0.000000 -1.000000
vn 0.000000 -0.000000 -1.000000
vn 0.000000 -0.000000 -1.000000
vn 0.000000 -0.000000 -1.000000
vn 0.000000 -0.000000 -1.000000
vn 0.000000 -0.000000 -1.000000
vn 0.000000 -0.000000 -1.000000
vn 0.000000 -0.000000 -1.000000
vn 0.000000 -0.000000 -1.000000
vn 0.000000 -0.000000 -1.000000
vn 0.000000 -0.000000 -1.000000
vn 0.000000 -0.000000 -1.000000
vn 0.000000 -0.000000 -1.000000
vn 0.000000 -0.000000 -1.000000
vn 0.000000 -0.000000 -1.000000
vn 0.000000 -0.000000 -1.000000
vn 0.000000 -0.000000 -1.000000
vn 0.000000 -0.000000 -1.000000
vn 0.000000 -0.000000 -1.000000
vn 0.000000 -0.000000 -1.000000
vn 0.000000 -0.000000 -1.000000
vn 0.000000 -0.000000 -1.000000
vn 0.000000 -0.000000 -1.000000
vn 0.000000 -0.000000 -1.000000
vn 0.000000 -0.000000 -1.000000
vn 0.000000 -0.000000 -1.000000
vn 0.000000 -0.000000 -1.000000
vn 0.000000 -0.000000 -1.000000
vn 0.000000 -0.000000 -1.000000
vn 0.000000 -0.000000 -1.000000
vn 0.000000 -0.000000 -1.000000
vn 0.000000 -0.000000 -1.000000
vn 0.000000 -0.000000 -1.000000
vn 0.000000 -0.000000 -1.000000
vn 0.000000 -0.000000 -1.000000
vn 0.000000 -0.000000 -1.000000
vn 0.000000 -0.000000 -1.000000
vn 0.000000 -0.000000 -1.000000
vn 0.000000 -0.000000 -1.000000
vn 0.000000 -0.000000 -1.000000
vn 0.000000 -0.000000 -1.000000
vn 0.000000 -0.000000 -1.000000
vn 0.000000 -0.000000 -1.000000
vn 0.000000 -0.000000 -1.000000
vn 0.000000 -0.000000 -1.000000
vn 0.000000 -0.000000 -1.000000
vn 0.000000 -0.000000 -1.000000
vn 0.000000 -0.000000 -1.000000
vn 0.000000 -0.000000 -1.000000
vn 0.000000 -0.000000 -1.000000
vn 0.000000 -0.000000 -1.000000
vn 0.000000 -0.000000 -1.000000
vn 0.000000 -0.000000 -1.000000
vn 0.000000 -0.000000 -1.000000
vn 0.000000 -0.000000 -1.000000
vn 0.000000 -0.000000 -1.000000
vn 0.000000 -0.000000 -1.000000
vn 0.000000 -0.000000 -1.000000
vn 0.000000 -0.000000 -1.000000
vn 0.000000 -0.000000 -1.000000
vn 0.000000 -0.000000 -1.000000
vn 0.000000 -0.000000 -1.000000
vn 0.000000 -0.000000 -1.000000
vn 0.000000 -0.000000 -1.000000
vn 0.000000 -0.000000 -1.000000
vn 0.000000 -0.000000 -1.000000
vn 0.000000 -0.000000 -1.000000
vn 0.000000 -0.000000 -1.000000
vn 0.000000 -0.000000 -1.000000
vn 0.000000 -0.000000 -1.000000
vn 0.000000 -0.000000 -1.000000
vn 0.000000 -0.000000 -1.000000
vn 0.000000 -0.000000 -1.000000
vn 0.000000 -0.000000 -1.000000
vn 0.000000 -0.000000 -1.000000
vn 0.000000 -0.000000 -1.000000
vn 0.000000 -0.000000 -1.000000
vn 0.000000 -0.000000 -1.000000
vn 0.000000 -0.000000 -1.000000
vn 0.000000 -0.000000 -1.000000
vn 0.000000 -0.000000 -1.000000
vn 0.000000 -0.000000 -1.000000
vn 0.000000 -0.000000 -1.000000
vn 0.000000 -0.000000 -1.000000
vn 0.000000 -0.000000 -1.000000
vn 0.000000 -0.000000 -1.000000
vn 0.000000 -0.000000 -1.000000
vn 0.000000 -0.000000 -1.000000
vn 0.000000 -0.000000 -1.000000
vn 0.000000 -0.000000 -1.000000
vn 0.000000 -0.000000 -1.000000
vn 0.000000 -0.000000 -1.000000
vn 0.000000 -0.000000 -1.000000
vn 0.000000 -0.000000 -1.000000
vn 0.000000 -0.000000 -1.000000
vn 0.000000 -0.000000 -1.000000
vn 0.000000 -0.000000 -1.000000
vn 0.000000 -0.000000 -1.000000
vn 0.000000 -0.000000 -1.000000
vn 0.000000 -0.000000 -1.000000
vn 0.000000 -0.000000 -1.000000
vn 0.000000 -0.000000 -1.000000
vn 0.000000 -0.000000 -1.000000
vn 0.000000 -0.000000 -1.000000
vn 0.000000 -0.000000 -1.000000
vn 0.000000 -0.000000 -1.000000
vn 0.000000 -0.000000 -1.000000
vn 0.000000 -0.000000 -1.000000
vn 0.000000 -0.000000 -1.000000
vn 0.000000 -0.000000 -1.000000
vn 0.000000 -0.000000 -1.000000
vn 0.000000 -0.000000 -1.000000
vn 0.000000 -0.000000 -1.000000
vn 0.000000 -0.000000 -1.000000
vn 0.000000 -0.000000 -1.000000
vn 0.000000 -0.000000 -1.000000
vn 0.000000 -0.000000 -1.000000
vn 0.000000 -0.000000 -1.000000
vn 0.000000 -0.000000 -1.000000
vn 0.000000 -0.000000 -1.000000
vn 0.000000 -0.000000 -1.000000
vn 0.000000 -0.000000 -1.000000
vn 0.000000 -0.000000 -1.000000
vn 0.000000 -0.000000 -1.000000
vn 0.000000 -0.000000 -1.000000
vn 0.000000 -0.000000 -1.000000
vn 0.000000 -0.000000 -1.000000
vn 0.000000 -0.000000 -1.000000
vn 0.000000 -0.000000 -1.000000
vn 0.000000 -0.000000 -1.000000
vn 0.000000 -0.000000 -1.000000
vn 0.000000 -0.000000 -1.000000
vn 0.000000 -0.000000 -1.000000
vn 0.000000 -0.000000 -1.000000
vn 0.000000 -0.000000 -1.000000
vn 0.000000 -0.000000 -1.000000
vn 0.000000 -0.000000 -1.000000
vn 0.000000 -0.000000 -1.000000
vn 0.000000 -0.000000 -1.000000
vn 0.000000 -0.000000 -1.000000
vn 0.000000 -0.000000 -1.000000
vn 0.000000 -0.000000 -1.000000
vn 0.000000 -0.000000 -1.000000
vn 0.000000 -0.000000 -1.000000
vn 0.000000 -0.000000 -1.000000
vn 0.000000 -0.000000 -1.000000
vn 0.000000 -0.000000 -1.000000
vn 0.000000 -0.000000 -1.000000
vn 0.000000 -0.000000 -1.000000
vn 0.000000 -0.000000 -1.000000
vn 0.000000 -0.000000 -1.000000
vn 0.000000 -0.000000 -1.000000
vn 0.000000 -0.000000 -1.000000
vn 0.000000 -0.000000 -1.000000
vn 0.000000 -0.000000 -1.000000
vn 0.000000 -0.000000 -1.000000
vn 0.000000 -0.000000 -1.000000
vn 0.000000 -0.000000 -1.000000
vn 0.000000 -0.000000 -1.000000
vn 0.000000 -0.000000 -1.000000
vn 0.000000 -0.000000 -1.000000
vn -0.000000 1.000000 -0.000000
vn -0.000000 1.000000 -0.000000
vn -0.000000 1.000000 -0.000000
vn -0.000000 1.000000 -0.000000
vn -0.000000 -1.000000 -0.000000
vn -0.000000 -1.000000 -0.000000
vn -0.000000 -1.000000 -0.000000
vn -0.000000 -1.000000 -0.000000
vn 0.000000 -1.000000 -0.000000
vn 0.000000 -1.000000 -0.000000
vn 0.000000 -1.000000 -0.000000
vn 0.000000 -1.000000 -0.000000
vn -0.000000 1.000000 -0.000000
vn -0.000000 1.000000 -0.000000
vn -0.000000 1.000000 -0.000000
vn -0.000000 1.000000 -0.000000
vn -1.000000 -0.000000 0.000000
vn -1.000000 -0.000000 0.000000
vn -1.000000 -0.000000 0.000000
vn -1.000000 -0.000000 0.000000
vn 0.000000 -1.000000 -0.000000
vn 0.000000 -1.000000 -0.000000
vn 0.000000 -1.000000 -0.000000
vn 0.000000 -1.000000 -0.000000
vn -1.000000 -0.000000 0.000000
vn -1.000000 -0.000000 0.000000
vn -1.000000 -0.000000 0.000000
vn -1.000000 -0.000000 0.000000
vn -0.000000 -1.000000 -0.000000
vn -0.000000 -1.000000 -0.000000
vn -0.000000 -1.000000 -0.000000
vn -0.000000 -1.000000 -0.000000
vn 1.000000 -0.000000 -0.000000
vn 1.000000 -0.000000 -0.000000
vn 1.000000 -0.000000 -0.000000
vn 1.000000 -0.000000 -0.000000
vn -0.000000 -1.000000 -0.000000
vn -0.000000 -1.000000 -0.000000
vn -0.000000 -1.000000 -0.000000
vn -0.000000 -1.000000 -0.000000
vn 1.000000 0.000000 -0.000000
vn 1.000000 0.000000 -0.000000
vn 1.000000 0.000000 -0.000000
vn 1.000000 0.000000 -0.000000
vn -0.000000 1.000000 -0.000000
vn -0.000000 1.000000 -0.000000
vn -0.000000 1.000000 -0.000000
vn -0.000000 1.000000 -0.000000
vn 1.000000 0.000000 -0.000000
vn 1.000000 0.000000 -0.000000
vn 1.000000 0.000000 -0.000000
vn 1.000000 0.000000 -0.000000
vn -0.000000 1.000000 -0.000000
vn -0.000000 1.000000 -0.000000
vn -0.000000 1.000000 -0.000000
vn -0.000000 1.000000 -0.000000
vn -1.000000 0.000000 -0.000000
vn -1.000000 0.000000 -0.000000
vn -1.000000 0.000000 -0.000000
vn -1.000000 0.000000 -0.000000
vn -0.000000 1.000000 -0.000000
vn -0.000000 1.000000 -0.000000
vn -0.000000 1.000000 -0.000000
vn -0.000000 1.000000 -0.000000
vn 1.000000 0.000000 -0.000000
vn 1.000000 0.000000 -0.000000
vn 1.000000 0.000000 -0.000000
vn 1.000000 0.000000 -0.000000
vn -0.000000 1.000000 -0.000000
vn -0.000000 1.000000 -0.000000
vn -0.000000 1.000000 -0.000000
vn -0.000000 1.000000 -0.000000
vn -1.000000 -0.000000 0.000000
vn -1.000000 -0.000000 0.000000
vn -1.000000 -0.000000 0.000000
vn -1.000000 -0.000000 0.000000
vn 0.000000 1.000000 -0.000000
vn 0.000000 1.000000 -0.000000
vn 0.000000 1.000000 -0.000000
vn 0.000000 1.000000 -0.000000
vn 1.000000 -0.000000 -0.000000
vn 1.000000 -0.000000 -0.000000
vn 1.000000 -0.000000 -0.000000
vn 1.000000 -0.000000 -0.000000
vn -0.000000 1.000000 -0.000000
vn -0.000000 1.000000 -0.000000
vn -0.000000 1.000000 -0.000000
vn -0.000000 1.000000 -0.000000
vn -1.000000 -0.000000 0.000000
vn -1.000000 -0.000000 0.000000
vn -1.000000 -0.000000 0.000000
vn -1.000000 -0.000000 0.000000
vn -0.000000 1.000000 -0.000000
vn -0.000000 1.000000 -0.000000
vn -0.000000 1.000000 -0.000000
vn -0.000000 1.000000 -0.000000
vn -1.000000 -0.000000 0.000000
vn -1.000000 -0.000000 0.000000
vn -1.000000 -0.000000 0.000000
vn -1.000000 -0.000000 0.000000
vn -0.000000 1.000000 -0.000000
vn -0.000000 1.000000 -0.000000
vn -0.000000 1.000000 -0.000000
vn -0.000000 1.000000 -0.000000
vn 1.000000 0.000000 0.000000
vn 1.000000 0.000000 0.000000
vn 1.000000 0.000000 0.000000
vn 1.000000 0.000000 0.000000
vn 0.000000 1.000000 -0.000000
vn 0.000000 1.000000 -0.000000
vn 0.000000 1.000000 -0.000000
vn 0.000000 1.000000 -0.000000
vn -1.000000 0.000000 0.000000
vn -1.000000 0.000000 0.000000
vn -1.000000 0.000000 0.000000
vn -1.000000 0.000000 0.000000
vn 1.000000 0.000000 0.000000
vn 1.000000 0.000000 0.000000
vn 1.000000 0.000000 0.000000
vn 1.000000 0.000000 0.000000
vn -0.000000 -1.000000 -0.000000
vn -0.000000 -1.000000 -0.000000
vn -0.000000 -1.000000 -0.000000
vn -0.000000 -1.000000 -0.000000
vn -1.000000 0.000000 0.000000
vn -1.000000 0.000000 0.000000
vn -1.000000 0.000000 0.000000
vn -1.000000 0.000000 0.000000
vn -0.000000 -1.000000 -0.000000
vn -0.000000 -1.000000 -0.000000
vn -0.000000 -1.000000 -0.000000
vn -0.000000 -1.000000 -0.000000
vn -1.000000 0.000000 0.000000
vn -1.000000 0.000000 0.000000
vn -1.000000 0.000000 0.000000
vn -1.000000 0.000000 0.000000
vn 1.000000 -0.000000 0.000000
vn 1.000000 -0.000000 0.000000
vn 1.000000 -0.000000 0.000000
vn 1.000000 -0.000000 0.000000
vn -0.965926 -0.258819 0.000000
vn -0.965926 -0.258819 0.000000
vn -1.000000 -0.000000 0.000000
vn -1.000000 -0.000000 0.000000
vn -0.965926 0.258819 0.000000
vn -0.965926 0.258819 0.000000
vn -0.866025 0.500000 0.000000
vn -0.866025 0.500000 0.000000
vn -0.707107 0.707107 0.000000
vn -0.707107 0.707107 0.000000
vn -0.500000 0.866025 0.000000
vn -0.500000 0.866025 0.000000
vn -0.258819 0.965926 0.000000
vn -0.258819 0.965926 0.000000
vn -0.000000 1.000000 0.000000
vn -0.000000 1.000000 0.000000
vn 0.258819 0.965926 -0.000000
vn 0.258819 0.965926 -0.000000
vn 0.500000 0.866025 -0.000000
vn 0.500000 0.866025 -0.000000
vn 0.707107 0.707107 -0.000000
vn 0.707107 0.707107 -0.000000
vn 0.866025 0.500000 -0.000000
vn 0.866025 0.500000 -0.000000
vn 0.965926 0.258819 -0.000000
vn 0.965926 0.258819 -0.000000
vn 1.000000 0.000000 -0.000000
vn 1.000000 0.000000 -0.000000
vn 0.965926 -0.258819 0.000000
vn 0.965926 -0.258819 0.000000
vn 0.866025 -0.500000 0.000000
vn 0.866025 -0.500000 0.000000
vn 0.707107 -0.707107 0.000000
vn 0.707107 -0.707107 0.000000
vn 0.500000 -0.866025 0.000000
vn 0.500000 -0.866025 0.000000
vn 0.258819 -0.965926 0.000000
vn 0.258819 -0.965926 0.000000
vn -0.000000 -1.000000 0.000000
vn -0.000000 -1.000000 0.000000
vn -0.258819 -0.965926 0.000000
vn -0.258819 -0.965926 0.000000
vn -0.500000 -0.866025 0.000000
vn -0.500000 -0.866025 0.000000
vn -0.707107 -0.707107 0.000000
vn -0.707107 -0.707107 0.000000
vn -0.866025 -0.500000 0.000000
vn -0.866025 -0.500000 0.000000
vn -0.965926 -0.258819 0.000000
vn -0.965926 -0.258819 0.000000
vn -1.000000 -0.000000 0.000000
vn -1.000000 -0.000000 0.000000
vn -0.965926 0.258819 0.000000
vn -0.965926 0.258819 0.000000
vn -0.866025 0.500000 0.000000
vn -0.866025 0.500000 0.000000
vn -0.707107 0.707107 0.000000
vn -0.707107 0.707107 0.000000
vn -0.500000 0.866025 0.000000
vn -0.500000 0.866025 0.000000
vn -0.258819 0.965926 0.000000
vn -0.258819 0.965926 0.000000
vn -0.000000 1.000000 0.000000
vn -0.000000 1.000000 0.000000
vn 0.258819 0.965926 -0.000000
vn 0.258819 0.965926 -0.000000
vn 0.500000 0.866025 -0.000000
vn 0.500000 0.866025 -0.000000
vn 0.707107 0.707107 -0.000000
vn 0.707107 0.707107 -0.000000
vn 0.866025 0.500000 -0.000000
vn 0.866025 0.500000 -0.000000
vn 0.965926 0.258819 -0.000000
vn 0.965926 0.258819 -0.000000
vn 1.000000 0.000000 -0.000000
vn 1.000000 0.000000 -0.000000
vn 0.965926 -0.258819 0.000000
vn 0.965926 -0.258819 0.000000
vn 0.866025 -0.500000 0.000000
vn 0.866025 -0.500000 0.000000
vn 0.707107 -0.707107 0.000000
vn 0.707107 -0.707107 0.000000
vn 0.500000 -0.866025 0.000000
vn 0.500000 -0.866025 0.000000
vn 0.258819 -0.965926 0.000000
vn 0.258819 -0.965926 0.000000
vn -0.000000 -1.000000 0.000000
vn -0.000000 -1.000000 0.000000
vn -0.258819 -0.965926 0.000000
vn -0.258819 -0.965926 0.000000
vn -0.500000 -0.866025 0.000000
vn -0.500000 -0.866025 0.000000
vn -0.707107 -0.707107 0.000000
vn -0.707107 -0.707107 0.000000
vn -0.866025 -0.500000 0.000000
vn -0.866025 -0.500000 0.000000
vn -0.258819 0.965926 0.000000
vn -0.258819 0.965926 0.000000
vn -0.500000 0.866025 0.000000
vn -0.500000 0.866025 0.000000
vn -0.707107 0.707107 0.000000
vn -0.707107 0.707107 0.000000
vn -0.866025 0.500000 0.000000
vn -0.866025 0.500000 0.000000
vn -0.965926 0.258819 0.000000
vn -0.965926 0.258819 0.000000
vn -0.500000 0.866025 0.000000
vn -0.500000 0.866025 0.000000
vn -0.500000 0.866025 0.000000
vn -0.500000 0.866025 0.000000
vn 0.500000 0.866025 0.000000
vn 0.500000 0.866025 0.000000
vn 0.500000 0.866025 0.000000
vn 0.500000 0.866025 0.000000
vn -0.258819 -0.965926 -0.000000
vn -0.258819 -0.965926 -0.000000
vn -0.500000 -0.866025 -0.000000
vn -0.500000 -0.866025 -0.000000
vn -0.707107 -0.707107 -0.000000
vn -0.707107 -0.707107 -0.000000
vn -0.866025 -0.500000 -0.000000
vn -0.866025 -0.500000 -0.000000
vn -0.965926 -0.258819 -0.000000
vn -0.965926 -0.258819 -0.000000
vn 0.965926 -0.258819 -0.000000
vn 0.965926 -0.258819 -0.000000
vn 0.866025 -0.500000 -0.000000
vn 0.866025 -0.500000 -0.000000
vn 0.707107 -0.707107 -0.000000
vn 0.707107 -0.707107 -0.000000
vn 0.500000 -0.866025 -0.000000
vn 0.500000 -0.866025 -0.000000
vn 0.258819 -0.965926 -0.000000
vn 0.258819 -0.965926 -0.000000
vn -0.258819 -0.965926 -0.000000
vn -0.258819 -0.965926 -0.000000
vn -0.500000 -0.866025 -0.000000
vn -0.500000 -0.866025 -0.000000
vn -0.707107 -0.707107 -0.000000
vn -0.707107 -0.707107 -0.000000
vn -0.866025 -0.500000 -0.000000
vn -0.866025 -0.500000 -0.000000
vn -0.965926 -0.258819 -0.000000
vn -0.965926 -0.258819 -0.000000
vn 0.965926 -0.258819 -0.000000
vn 0.965926 -0.258819 -0.000000
vn 0.866025 -0.500000 -0.000000
vn 0.866025 -0.500000 -0.000000
vn 0.707107 -0.707107 -0.000000
vn 0.707107 -0.707107 -0.000000
vn 0.500000 -0.866025 -0.000000
vn 0.500000 -0.866025 -0.000000
vn 0.258819 -0.965926 -0.000000
vn 0.258819 -0.965926 -0.000000
vn -0.258819 -0.965926 -0.000000
vn -0.258819 -0.965926 -0.000000
vn -0.500000 -0.866025 -0.000000
vn -0.500000 -0.866025 -0.000000
vn -0.707107 -0.707107 -0.000000
vn -0.707107 -0.707107 -0.000000
vn -0.866025 -0.500000 -0.000000
vn -0.866025 -0.500000 -0.000000
vn -0.965926 -0.258819 -0.000000
vn -0.965926 -0.258819 -0.000000
vn 0.965926 -0.258819 -0.000000
vn 0.965926 -0.258819 -0.000000
vn 0.866025 -0.500000 -0.000000
vn 0.866025 -0.500000 -0.000000
vn 0.707107 -0.707107 -0.000000
vn 0.707107 -0.707107 -0.000000
vn 0.500000 -0.866025 -0.000000
vn 0.500000 -0.866025 -0.000000
vn 0.258819 -0.965926 -0.000000
vn 0.258819 -0.965926 -0.000000
vn -1.000000 -0.000000 -0.000000
vn -1.000000 -0.000000 -0.000000
vn -1.000000 -0.000000 -0.000000
vn -1.000000 -0.000000 -0.000000
vn 1.000000 -0.000000 0.000000
vn 1.000000 -0.000000 0.000000
vn 0.965926 -0.258819 0.000000
vn 0.965926 -0.258819 0.000000
vn 0.866025 -0.500000 0.000000
vn 0.866025 -0.500000 0.000000
vn 0.707107 -0.707107 0.000000
vn 0.707107 -0.707107 0.000000
vn 0.500000 -0.866025 0.000000
vn 0.500000 -0.866025 0.000000
vn 0.258819 -0.965926 0.000000
vn 0.258819 -0.965926 0.000000
vn 0.000000 -1.000000 0.000000
vn 0.000000 -1.000000 0.000000
vn -0.258819 -0.965926 -0.000000
vn -0.258819 -0.965926 -0.000000
vn -0.500000 -0.866025 -0.000000
vn -0.500000 -0.866025 -0.000000
vn -0.707107 -0.707107 -0.000000
vn -0.707107 -0.707107 -0.000000
vn -0.866025 -0.500000 -0.000000
vn -0.866025 -0.500000 -0.000000
vn -0.965926 -0.258819 -0.000000
vn -0.965926 -0.258819 -0.000000
vn -0.965926 0.258819 0.000000
vn -0.965926 0.258819 0.000000
vn -0.866025 0.500000 0.000000
vn -0.866025 0.500000 0.000000
vn -0.707107 0.707107 0.000000
vn -0.707107 0.707107 0.000000
vn -0.500000 0.866025 0.000000
vn -0.500000 0.866025 0.000000
vn -0.258819 0.965926 0.000000
vn -0.258819 0.965926 0.000000
vn 0.000000 1.000000 0.000000
vn 0.000000 1.000000 0.000000
vn 0.258819 0.965926 0.000000
vn 0.258819 0.965926 0.000000
vn 0.500000 0.866025 0.000000
vn 0.500000 0.866025 0.000000
vn 0.707107 0.707107 0.000000
vn 0.707107 0.707107 0.000000
vn 0.866025 0.500000 0.000000
vn 0.866025 0.500000 0.000000
vn 0.965926 0.258819 0.000000
vn 0.965926 0.258819 0.000000
vn 1.000000 -0.000000 0.000000
vn 1.000000 -0.000000 0.000000
vn 0.965926 -0.258819 0.000000
vn 0.965926 -0.258819 0.000000
vn 1.000000 -0.000000 0.000000
vn 1.000000 -0.000000 0.000000
vn 0.965926 0.258819 0.000000
vn 0.965926 0.258819 0.000000
vn 0.866025 0.500000 0.000000
vn 0.866025 0.500000 0.000000
vn 0.707107 0.707107 0.000000
vn 0.707107 0.707107 0.000000
vn 0.500000 0.866025 0.000000
vn 0.500000 0.866025 0.000000
vn 0.258819 0.965926 0.000000
vn 0.258819 0.965926 0.000000
vn 0.000000 1.000000 0.000000
vn 0.000000 1.000000 0.000000
vn -0.258819 0.965926 0.000000
vn -0.258819 0.965926 0.000000
vn -0.500000 0.866025 0.000000
vn -0.500000 0.866025 0.000000
vn -0.707107 0.707107 0.000000
vn -0.707107 0.707107 0.000000
vn -0.866025 0.500000 0.000000
vn -0.866025 0.500000 0.000000
vn -0.965926 0.258819 0.000000
vn -0.965926 0.258819 0.000000
vn -1.000000 0.000000 0.000000
vn -1.000000 0.000000 0.000000
vn -0.965926 -0.258819 -0.000000
vn -0.965926 -0.258819 -0.000000
vn -0.866025 -0.500000 -0.000000
vn -0.866025 -0.500000 -0.000000
vn -0.707107 -0.707107 -0.000000
vn -0.707107 -0.707107 -0.000000
vn -0.500000 -0.866025 -0.000000
vn -0.500000 -0.866025 -0.000000
vn -0.258819 -0.965926 -0.000000
vn -0.258819 -0.965926 -0.000000
vn 0.000000 -1.000000 0.000000
vn 0.000000 -1.000000 0.000000
vn 0.258819 -0.965926 0.000000
vn 0.258819 -0.965926 0.000000
vn 0.500000 -0.866025 0.000000
vn 0.500000 -0.866025 0.000000
vn 0.707107 -0.707107 0.000000
vn 0.707107 -0.707107 0.000000
vn 0.866025 -0.500000 0.000000
vn 0.866025 -0.500000 0.000000
vn 1.000000 -0.000000 -0.000000
vn 1.000000 -0.000000 -0.000000
vn 1.000000 -0.000000 -0.000000
vn 1.000000 -0.000000 -0.000000
vn -1.000000 -0.000000 0.000000
vn -1.000000 -0.000000 0.000000
vn -1.000000 -0.000000 0.000000
vn -1.000000 -0.000000 0.000000
vn -0.965926 0.258819 -0.000000
vn -0.965926 0.258819 -0.000000
vn -0.866025 0.500000 -0.000000
vn -0.866025 0.500000 -0.000000
vn -0.707107 0.707107 -0.000000
vn -0.707107 0.707107 -0.000000
vn -0.500000 0.866025 -0.000000
vn -0.500000 0.866025 -0.000000
vn -0.258819 0.965926 -0.000000
vn -0.258819 0.965926 -0.000000
vn 0.000000 1.000000 -0.000000
vn 0.000000 1.000000 -0.000000
vn -0.000000 1.000000 -0.000000
vn -0.000000 1.000000 -0.000000
vn 0.258819 0.965926 -0.000000
vn 0.258819 0.965926 -0.000000
vn 0.500000 0.866025 -0.000000
vn 0.500000 0.866025 -0.000000
vn 0.707107 0.707107 -0.000000
vn 0.707107 0.707107 -0.000000
vn 0.866025 0.500000 -0.000000
vn 0.866025 0.500000 -0.000000
vn 0.965926 0.258819 -0.000000
vn 0.965926 0.258819 -0.000000
vn 0.000000 1.000000 0.000000
vn 0.000000 1.000000 0.000000
vn 0.000000 1.000000 0.000000
vn 0.000000 1.000000 0.000000
vn -1.000000 0.000000 0.000000
vn -1.000000 0.000000 0.000000
vn -1.000000 0.000000 0.000000
vn -1.000000 0.000000 0.000000
vn -0.000000 -1.000000 -0.000000
vn -0.000000 -1.000000 -0.000000
vn -0.000000 -1.000000 -0.000000
vn -0.000000 -1.000000 -0.000000
vn -0.000000 -1.000000 -0.000000
vn -0.000000 -1.000000 -0.000000
vn -0.000000 -1.000000 -0.000000
vn -0.000000 -1.000000 -0.000000
vn -1.000000 0.000000 -0.000000
vn -1.000000 0.000000 -0.000000
vn -1.000000 0.000000 -0.000000
vn -1.000000 0.000000 -0.000000
vn 0.000000 1.000000 0.000000
vn 0.000000 1.000000 0.000000
vn 0.000000 1.000000 0.000000
vn 0.000000 1.000000 0.000000
vn 1.000000 -0.000000 -0.000000
vn 1.000000 -0.000000 -0.000000
vn 1.000000 -0.000000 -0.000000
vn 1.000000 -0.000000 -0.000000
vn 1.000000 -0.000000 0.000000
vn 1.000000 -0.000000 0.000000
vn 1.000000 -0.000000 0.000000
vn 1.000000 -0.000000 0.000000
vn 0.000000 -0.000000 -1.000000
vn 0.000000 -0.000000 -1.000000
vn 0.000000 -0.000000 -1.000000
vn 0.000000 -0.000000 -1.000000
vn 0.000000 -0.000000 -1.000000
vn 0.000000 -0.000000 -1.000000
vn 0.000000 -0.000000 -1.000000
vn 0.000000 -0.000000 -1.000000
vn 0.000000 1.000000 0.000000
vn 0.000000 1.000000 0.000000
vn 0.000000 1.000000 0.000000
vn 0.000000 1.000000 0.000000
vn -0.932664 -0.360747 -0.000000
vn -0.986153 -0.165837 -0.000000
vn -0.932664 -0.360747 -0.000000
vn -0.986153 -0.165837 -0.000000
vn -0.999660 0.026078 0.000000
vn -0.999660 0.026078 0.000000
vn 0.999967 0.008163 0.000000
vn 0.990479 0.137661 0.000000
vn 0.999967 0.008163 0.000000
vn 0.990479 0.137661 0.000000
vn 0.957880 0.287168 0.000000
vn 0.957880 0.287168 0.000000
vn 0.893782 0.448502 0.000000
vn 0.893782 0.448502 0.000000
vn 0.795062 0.606528 0.000000
vn 0.795062 0.606528 0.000000
vn 0.669505 0.742808 0.000000
vn 0.669505 0.742808 0.000000
vn 0.522906 0.852390 0.000000
vn 0.522906 0.852390 0.000000
vn 0.360121 0.932906 0.000000
vn 0.360121 0.932906 0.000000
vn 0.199557 0.979886 0.000000
vn 0.199557 0.979886 0.000000
vn 0.052908 0.998599 0.000000
vn 0.052908 0.998599 0.000000
vn -0.084927 0.996387 0.000000
vn -0.084927 0.996387 0.000000
vn -0.245429 0.969415 0.000000
vn -0.245429 0.969415 0.000000
vn -0.411902 0.911228 0.000000
vn -0.411902 0.911228 0.000000
vn -0.576528 0.817078 0.000000
vn -0.576528 0.817078 0.000000
vn -0.713157 0.701005 0.000000
vn -0.713157 0.701005 0.000000
vn -0.827482 0.561492 0.000000
vn -0.827482 0.561492 0.000000
vn -0.919399 0.393326 0.000000
vn -0.919399 0.393326 0.000000
vn -0.977121 0.212686 0.000000
vn -0.977121 0.212686 0.000000
vn -0.999345 0.036180 0.000000
vn -0.999345 0.036180 0.000000
vn -0.989616 -0.143738 -0.000000
vn -0.989616 -0.143738 -0.000000
vn -0.949298 -0.314377 -0.000000
vn -0.949298 -0.314377 -0.000000
vn -0.893523 -0.449018 -0.000000
vn -0.893523 -0.449018 -0.000000
vn -0.833281 -0.552850 -0.000000
vn -0.833281 -0.552850 -0.000000
vn -0.713567 -0.700587 -0.000000
vn -0.713567 -0.700587 -0.000000
vn -0.687053 -0.726608 -0.000000
vn -0.687053 -0.726608 -0.000000
vn -0.810148 -0.586225 -0.000000
vn -0.810148 -0.586225 -0.000000
vn -0.877319 -0.479908 -0.000000
vn -0.877319 -0.479908 -0.000000
vn -0.936329 -0.351123 -0.000000
vn -0.936329 -0.351123 -0.000000
vn -0.100902 0.994896 0.000000
vn -0.100902 0.994896 0.000000
vn -0.100902 0.994896 0.000000
vn -0.100902 0.994896 0.000000
vn 0.854009 0.520258 0.000000
vn 0.733221 0.679990 0.000000
vn 0.854009 0.520258 0.000000
vn 0.733221 0.679990 0.000000
vn 0.647209 0.762312 0.000000
vn 0.647209 0.762312 0.000000
vn 0.699561 0.714573 0.000000
vn 0.699561 0.714573 0.000000
vn 0.821604 0.570059 0.000000
vn 0.821604 0.570059 0.000000
vn 0.891884 0.452265 0.000000
vn 0.891884 0.452265 0.000000
vn 0.951115 0.308838 0.000000
vn 0.951115 0.308838 0.000000
vn 0.987573 0.157163 0.000000
vn 0.987573 0.157163 0.000000
vn 0.999999 0.001562 0.000000
vn 0.999999 0.001562 0.000000
vn 0.988639 -0.150308 0.000000
vn 0.988639 -0.150308 0.000000
vn 0.951027 -0.309107 0.000000
vn 0.951027 -0.309107 0.000000
vn 0.884968 -0.465653 0.000000
vn 0.884968 -0.465653 0.000000
vn 0.795510 -0.605940 0.000000
vn 0.795510 -0.605940 0.000000
vn 0.689190 -0.724581 0.000000
vn 0.689190 -0.724581 0.000000
vn 0.559285 -0.828976 0.000000
vn 0.559285 -0.828976 0.000000
vn 0.410817 -0.911718 0.000000
vn 0.410817 -0.911718 0.000000
vn 0.263655 -0.964617 0.000000
vn 0.263655 -0.964617 0.000000
vn 0.006678 -0.999978 0.000000
vn 0.006678 -0.999978 0.000000
vn -0.233589 -0.972335 -0.000000
vn -0.233589 -0.972335 -0.000000
vn -0.374046 -0.927410 -0.000000
vn -0.374046 -0.927410 -0.000000
vn -0.517834 -0.855481 -0.000000
vn -0.517834 -0.855481 -0.000000
vn -0.654302 -0.756233 -0.000000
vn -0.654302 -0.756233 -0.000000
vn -0.776365 -0.630284 -0.000000
vn -0.776365 -0.630284 -0.000000
vn -0.873575 -0.486690 -0.000000
vn -0.873575 -0.486690 -0.000000
vn -0.939420 -0.342769 -0.000000
vn -0.939420 -0.342769 -0.000000
vn -0.995759 -0.091999 -0.000000
vn -0.995759 -0.091999 -0.000000
vn 0.000000 -1.000000 0.000000
vn 0.000000 -1.000000 0.000000
vn 0.000000 -1.000000 0.000000
vn 0.000000 -1.000000 0.000000
vn 1.000000 0.000000 -0.000000
vn 1.000000 0.000000 -0.000000
vn 1.000000 0.000000 -0.000000
vn 1.000000 0.000000 -0.000000
vn 0.000000 0.000000 -1.000000
vn 0.000000 0.000000 -1.000000
vn 0.000000 0.000000 -1.000000
vn 0.000000 0.000000 -1.000000
vn 0.000000 0.000000 -1.000000
vn 0.000000 0.000000 -1.000000
vn 0.000000 0.000000 -1.000000
vn 0.000000 0.000000 -1.000000
vn 0.000000 0.000000 -1.000000
vn 0.000000 0.000000 -1.000000
vn 0.000000 0.000000 -1.000000
vn 0.000000 0.000000 -1.000000
vn 0.000000 0.000000 -1.000000
vn 0.000000 0.000000 -1.000000
vn 0.000000 0.000000 -1.000000
vn 0.000000 0.000000 -1.000000
vn 0.000000 0.000000 -1.000000
vn 0.000000 0.000000 -1.000000
vn 0.000000 0.000000 -1.000000
vn 0.000000 0.000000 -1.000000
vn 0.000000 0.000000 -1.000000
vn 0.000000 0.000000 -1.000000
vn 0.000000 0.000000 -1.000000
vn 0.000000 0.000000 -1.000000
vn 0.000000 0.000000 -1.000000
vn 0.000000 0.000000 -1.000000
vn 0.000000 0.000000 -1.000000
vn 0.000000 0.000000 -1.000000
vn 0.000000 0.000000 -1.000000
vn 0.000000 0.000000 -1.000000
vn 0.000000 0.000000 -1.000000
vn 0.000000 0.000000 -1.000000
vn 0.000000 0.000000 -1.000000
vn 0.000000 0.000000 -1.000000
vn 0.000000 0.000000 -1.000000
vn 0.000000 0.000000 -1.000000
vn 0.000000 0.000000 -1.000000
vn 0.000000 0.000000 -1.000000
vn 0.000000 0.000000 -1.000000
vn 0.000000 0.000000 -1.000000
vn 0.000000 0.000000 -1.000000
vn 0.000000 0.000000 -1.000000
vn 0.000000 0.000000 -1.000000
vn 0.000000 0.000000 -1.000000
vn 0.000000 0.000000 -1.000000
vn 0.000000 0.000000 -1.000000
vn 0.000000 0.000000 -1.000000
vn 0.000000 0.000000 -1.000000
vn 0.000000 0.000000 -1.000000
vn 0.000000 0.000000 -1.000000
vn 0.000000 0.000000 -1.000000
vn 0.000000 0.000000 -1.000000
vn 0.000000 0.000000 -1.000000
vn 0.000000 0.000000 -1.000000
vn 0.000000 0.000000 -1.000000
vn 0.000000 0.000000 -1.000000
vn 0.000000 0.000000 -1.000000
vn 0.000000 0.000000 -1.000000
usemtl Opaque(152,170,175)
f 1/1/1 2/2/2 4/3/3
f 4/3/3 2/2/2 3/4/4
f 3/5/4 2/6/2 28/7/5
f 28/7/5 2/6/2 5/8/6
f 28/7/5 5/8/6 27/9/7
f 27/9/7 5/8/6 6/10/8
f 27/9/7 6/10/8 26/11/9
f 26/11/9 6/10/8 7/12/10
f 26/11/9 7/12/10 25/13/11
f 25/13/11 7/12/10 8/14/12
f 25/13/11 8/14/12 24/15/13
f 24/15/13 8/14/12 9/16/14
f 24/15/13 9/16/14 23/17/15
f 23/17/15 9/16/14 10/18/16
f 23/17/15 10/18/16 22/19/17
f 22/19/17 10/18/16 11/20/18
f 22/19/17 11/20/18 21/21/19
f 21/21/19 11/20/18 12/22/20
f 21/21/19 12/22/20 20/23/21
f 20/23/21 12/22/20 13/24/22
f 20/23/21 13/24/22 19/25/23
f 19/25/23 13/24/22 14/26/24
f 19/25/23 14/26/24 18/27/25
f 18/27/25 14/26/24 15/28/26
f 18/27/25 15/28/26 17/29/27
f 17/29/27 15/28/26 16/30/28
f 16/31/28 29/32/29 17/33/27
f 17/33/27 29/32/29 30/34/30
f 30/35/30 29/36/29 52/37/31
f 52/37/31 29/36/29 31/38/32
f 52/37/31 31/38/32 51/39/33
f 51/39/33 31/38/32 32/40/34
f 51/39/33 32/40/34 50/41/35
f 50/41/35 32/40/34 33/42/36
f 50/41/35 33/42/36 49/43/37
f 49/43/37 33/42/36 34/44/38
f 49/43/37 34/44/38 48/45/39
f 48/45/39 34/44/38 35/46/40
f 48/45/39 35/46/40 47/47/41
f 47/47/41 35/46/40 36/48/42
f 47/47/41 36/48/42 46/49/43
f 46/49/43 36/48/42 37/50/44
f 46/49/43 37/50/44 45/51/45
f 45/51/45 37/50/44 38/52/46
f 45/51/45 38/52/46 44/53/47
f 44/53/47 38/52/46 39/54/48
f 44/53/47 39/54/48 43/55/49
f 43/55/49 39/54/48 40/56/50
f 43/55/49 40/56/50 42/57/51
f 42/57/51 40/56/50 41/58/52
f 42/57/51 41/58/52 4/59/3
f 4/59/3 41/58/52 1/60/1
usemtl Opaque(65,96,255)
f 54/61/53 96/62/54 53/63/55
f 53/63/55 96/62/54 97/64/56
f 53/63/55 97/64/56 98/65/57
f 55/66/58 88/67/59 54/61/53
f 54/61/53 88/67/59 89/68/60
f 54/61/53 89/68/60 90/69/61
f 56/70/62 57/71/63 55/66/58
f 55/66/58 57/71/63 58/72/64
f 55/66/58 58/72/64 59/73/65
f 53/63/55 106/74/66 56/70/62
f 56/70/62 106/74/66 107/75/67
f 56/70/62 107/75/67 108/76/68
f 59/73/65 60/77/69 55/66/58
f 55/66/58 60/77/69 61/78/70
f 55/66/58 61/78/70 88/67/59
f 88/67/59 61/78/70 62/79/71
f 88/67/59 62/79/71 63/80/72
f 88/67/59 63/80/72 87/81/73
f 87/81/73 63/80/72 64/82/74
f 87/81/73 64/82/74 65/83/75
f 87/81/73 65/83/75 86/84/76
f 86/84/76 65/83/75 66/85/77
f 86/84/76 66/85/77 85/86/78
f 85/86/78 66/85/77 67/87/79
f 85/86/78 67/87/79 68/88/80
f 68/88/80 69/89/81 85/86/78
f 85/86/78 69/89/81 70/90/82
f 85/86/78 70/90/82 71/91/83
f 71/91/83 72/92/84 85/86/78
f 85/86/78 72/92/84 73/93/85
f 85/86/78 73/93/85 84/94/86
f 84/94/86 73/93/85 83/95/87
f 83/95/87 73/93/85 82/96/88
f 82/96/88 73/93/85 81/97/89
f 81/97/89 73/93/85 80/98/90
f 80/98/90 73/93/85 79/99/91
f 79/99/91 73/93/85 78/100/92
f 78/100/92 73/93/85 77/101/93
f 77/101/93 73/93/85 76/102/94
f 76/102/94 73/93/85 75/103/95
f 75/103/95 73/93/85 74/104/96
f 90/69/61 91/105/97 54/61/53
f 54/61/53 91/105/97 92/106/98
f 54/61/53 92/106/98 93/107/99
f 93/107/99 94/108/100 54/61/53
f 54/61/53 94/108/100 95/109/101
f 54/61/53 95/109/101 96/62/54
f 98/65/57 99/110/102 53/63/55
f 53/63/55 99/110/102 100/111/103
f 53/63/55 100/111/103 101/112/104
f 101/112/104 102/113/105 53/63/55
f 53/63/55 102/113/105 103/114/106
f 53/63/55 103/114/106 104/115/107
f 104/115/107 105/116/108 53/63/55
f 53/63/55 105/116/108 106/74/66
f 56/70/62 108/76/68 114/117/109
f 114/117/109 108/76/68 109/118/110
f 114/117/109 109/118/110 110/119/111
f 110/119/111 111/120/112 114/117/109
f 114/117/109 111/120/112 112/121/113
f 114/117/109 112/121/113 113/122/114
f 114/117/109 57/71/63 56/70/62
f 115/123/115 116/124/116 118/125/117
f 118/125/117 116/124/116 117/126/118
f 1/127/119 156/128/120 2/129/121
f 2/129/121 156/128/120 157/130/122
f 2/129/121 157/130/122 5/131/123
f 5/131/123 157/130/122 6/132/124
f 6/132/124 157/130/122 7/133/125
f 7/133/125 157/130/122 310/134/126
f 7/133/125 310/134/126 8/135/127
f 8/135/127 310/134/126 9/136/128
f 9/136/128 310/134/126 10/137/129
f 10/137/129 310/134/126 211/138/130
f 10/137/129 211/138/130 11/139/131
f 11/139/131 211/138/130 119/140/132
f 11/139/131 119/140/132 12/141/133
f 12/141/133 119/140/132 120/142/134
f 12/141/133 120/142/134 121/143/135
f 1/127/119 41/144/136 156/128/120
f 156/128/120 41/144/136 40/145/137
f 156/128/120 40/145/137 39/146/138
f 156/128/120 39/146/138 136/147/139
f 136/147/139 39/146/138 38/148/140
f 136/147/139 38/148/140 135/149/141
f 135/149/141 38/148/140 134/150/142
f 134/150/142 38/148/140 37/151/143
f 134/150/142 37/151/143 133/152/144
f 133/152/144 37/151/143 36/153/145
f 133/152/144 36/153/145 132/154/146
f 132/154/146 36/153/145 35/155/147
f 132/154/146 35/155/147 34/156/148
f 132/154/146 34/156/148 131/157/149
f 131/157/149 34/156/148 33/158/150
f 131/157/149 33/158/150 32/159/151
f 32/159/151 31/160/152 131/157/149
f 131/157/149 31/160/152 29/161/153
f 131/157/149 29/161/153 130/162/154
f 130/162/154 29/161/153 16/163/155
f 130/162/154 16/163/155 15/164/156
f 130/162/154 15/164/156 127/165/157
f 127/165/157 15/164/156 14/166/158
f 127/165/157 14/166/158 124/167/159
f 124/167/159 14/166/158 123/168/160
f 123/168/160 14/166/158 122/169/161
f 122/169/161 14/166/158 13/170/162
f 122/169/161 13/170/162 121/143/135
f 121/143/135 13/170/162 12/141/133
f 124/167/159 125/171/163 127/165/157
f 127/165/157 125/171/163 126/172/164
f 128/173/165 129/174/166 127/165/157
f 127/165/157 129/174/166 130/162/154
f 136/147/139 137/175/167 156/128/120
f 156/128/120 137/175/167 138/176/168
f 156/128/120 138/176/168 255/177/169
f 255/177/169 138/176/168 254/178/170
f 254/178/170 138/176/168 139/179/171
f 254/178/170 139/179/171 253/180/172
f 253/180/172 139/179/171 141/181/173
f 253/180/172 141/181/173 252/182/174
f 252/182/174 141/181/173 251/183/175
f 251/183/175 141/181/173 250/184/176
f 250/184/176 141/181/173 249/185/177
f 249/185/177 141/181/173 248/186/178
f 248/186/178 141/181/173 142/187/179
f 248/186/178 142/187/179 247/188/180
f 247/188/180 142/187/179 246/189/181
f 246/189/181 142/187/179 143/190/182
f 246/189/181 143/190/182 245/191/183
f 245/191/183 143/190/182 144/192/184
f 245/191/183 144/192/184 145/193/185
f 139/179/171 140/194/186 141/181/173
f 145/193/185 146/195/187 245/191/183
f 245/191/183 146/195/187 147/196/188
f 245/191/183 147/196/188 148/197/189
f 149/198/190 242/199/191 148/197/189
f 148/197/189 242/199/191 243/200/192
f 148/197/189 243/200/192 244/201/193
f 150/202/194 239/203/195 149/198/190
f 149/198/190 239/203/195 240/204/196
f 149/198/190 240/204/196 241/205/197
f 150/202/194 151/206/198 239/203/195
f 239/203/195 151/206/198 152/207/199
f 239/203/195 152/207/199 153/208/200
f 153/208/200 154/209/201 239/203/195
f 239/203/195 154/209/201 238/210/202
f 238/210/202 154/209/201 155/211/203
f 238/210/202 155/211/203 237/212/204
f 237/212/204 155/211/203 236/213/205
f 236/213/205 155/211/203 156/128/120
f 236/213/205 156/128/120 259/214/206
f 259/214/206 156/128/120 258/215/207
f 258/215/207 156/128/120 257/216/208
f 257/216/208 156/128/120 256/217/209
f 256/217/209 156/128/120 255/177/169
f 158/218/210 272/219/211 157/130/122
f 157/130/122 272/219/211 273/220/212
f 157/130/122 273/220/212 274/221/213
f 159/222/214 296/223/215 158/218/210
f 158/218/210 296/223/215 297/224/216
f 158/218/210 297/224/216 298/225/217
f 159/222/214 160/226/218 296/223/215
f 296/223/215 160/226/218 161/227/219
f 296/223/215 161/227/219 162/228/220
f 162/228/220 163/229/221 296/223/215
f 296/223/215 163/229/221 164/230/222
f 296/223/215 164/230/222 295/231/223
f 295/231/223 164/230/222 294/232/224
f 294/232/224 164/230/222 293/233/225
f 293/233/225 164/230/222 292/234/226
f 292/234/226 164/230/222 165/235/227
f 292/234/226 165/235/227 291/236/228
f 291/236/228 165/235/227 290/237/229
f 290/237/229 165/235/227 289/238/230
f 289/238/230 165/235/227 288/239/231
f 288/239/231 165/235/227 169/240/232
f 288/239/231 169/240/232 170/241/233
f 166/242/234 167/243/235 165/235/227
f 165/235/227 167/243/235 168/244/236
f 165/235/227 168/244/236 169/240/232
f 170/241/233 171/245/237 288/239/231
f 288/239/231 171/245/237 287/246/238
f 287/246/238 171/245/237 286/247/239
f 286/247/239 171/245/237 309/248/240
f 309/248/240 171/245/237 308/249/241
f 308/249/241 171/245/237 307/250/242
f 307/250/242 171/245/237 264/251/243
f 307/250/242 264/251/243 306/252/244
f 306/252/244 264/251/243 265/253/245
f 306/252/244 265/253/245 266/254/246
f 172/255/247 262/256/248 171/245/237
f 171/245/237 262/256/248 263/257/249
f 171/245/237 263/257/249 264/251/243
f 173/258/250 193/259/251 172/255/247
f 172/255/247 193/259/251 201/260/252
f 172/255/247 201/260/252 157/130/122
f 157/130/122 201/260/252 202/261/253
f 157/130/122 202/261/253 310/134/126
f 310/134/126 202/261/253 311/262/254
f 310/134/126 311/262/254 208/263/255
f 208/263/255 311/262/254 207/264/256
f 207/264/256 311/262/254 206/265/257
f 206/265/257 311/262/254 205/266/258
f 205/266/258 311/262/254 116/267/259
f 116/267/259 311/262/254 117/268/260
f 117/268/260 311/262/254 202/261/253
f 117/268/260 202/261/253 204/269/261
f 204/269/261 202/261/253 203/270/262
f 174/271/263 224/272/264 173/258/250
f 173/258/250 224/272/264 225/273/265
f 173/258/250 225/273/265 226/274/266
f 175/275/267 222/276/268 174/271/263
f 174/271/263 222/276/268 223/277/269
f 174/271/263 223/277/269 224/272/264
f 175/275/267 176/278/270 222/276/268
f 222/276/268 176/278/270 177/279/271
f 222/276/268 177/279/271 178/280/272
f 178/280/272 179/281/273 222/276/268
f 222/276/268 179/281/273 180/282/274
f 222/276/268 180/282/274 221/283/275
f 221/283/275 180/282/274 220/284/276
f 220/284/276 180/282/274 219/285/277
f 219/285/277 180/282/274 218/286/278
f 218/286/278 180/282/274 181/287/279
f 218/286/278 181/287/279 217/288/280
f 217/288/280 181/287/279 216/289/281
f 216/289/281 181/287/279 215/290/282
f 215/290/282 181/287/279 214/291/283
f 214/291/283 181/287/279 182/292/284
f 214/291/283 182/292/284 183/293/285
f 183/293/285 184/294/286 214/291/283
f 214/291/283 184/294/286 185/295/287
f 214/291/283 185/295/287 186/296/288
f 186/296/288 187/297/289 214/291/283
f 214/291/283 187/297/289 213/298/290
f 213/298/290 187/297/289 212/299/291
f 212/299/291 187/297/289 188/300/292
f 212/299/291 188/300/292 235/301/293
f 235/301/293 188/300/292 234/302/294
f 234/302/294 188/300/292 233/303/295
f 233/303/295 188/300/292 232/304/296
f 232/304/296 188/300/292 231/305/297
f 231/305/297 188/300/292 192/306/298
f 231/305/297 192/306/298 230/307/299
f 230/307/299 192/306/298 193/259/251
f 230/307/299 193/259/251 229/308/300
f 229/308/300 193/259/251 173/258/250
f 229/308/300 173/258/250 228/309/301
f 228/309/301 173/258/250 227/310/302
f 227/310/302 173/258/250 226/274/266
f 188/300/292 189/311/303 192/306/298
f 192/306/298 189/311/303 190/312/304
f 192/306/298 190/312/304 191/313/305
f 194/314/306 196/315/307 193/259/251
f 193/259/251 196/315/307 198/316/308
f 193/259/251 198/316/308 201/260/252
f 201/260/252 198/316/308 200/317/309
f 200/317/309 198/316/308 199/318/310
f 194/314/306 195/319/311 196/315/307
f 196/315/307 197/320/312 198/316/308
f 208/263/255 209/321/313 310/134/126
f 310/134/126 209/321/313 210/322/314
f 310/134/126 210/322/314 211/138/130
f 241/205/197 242/199/191 149/198/190
f 244/201/193 245/191/183 148/197/189
f 285/323/315 260/324/316 172/255/247
f 172/255/247 260/324/316 261/325/317
f 172/255/247 261/325/317 262/256/248
f 306/252/244 266/254/246 305/326/318
f 305/326/318 266/254/246 267/327/319
f 305/326/318 267/327/319 304/328/320
f 304/328/320 267/327/319 303/329/321
f 303/329/321 267/327/319 268/330/322
f 303/329/321 268/330/322 302/331/323
f 302/331/323 268/330/322 269/332/324
f 302/331/323 269/332/324 270/333/325
f 271/334/326 158/218/210 270/333/325
f 270/333/325 158/218/210 301/335/327
f 270/333/325 301/335/327 302/331/323
f 271/334/326 272/219/211 158/218/210
f 274/221/213 275/336/328 157/130/122
f 157/130/122 275/336/328 276/337/329
f 157/130/122 276/337/329 277/338/330
f 277/338/330 278/339/331 157/130/122
f 157/130/122 278/339/331 279/340/332
f 157/130/122 279/340/332 280/341/333
f 157/130/122 280/341/333 172/255/247
f 172/255/247 280/341/333 281/342/334
f 172/255/247 281/342/334 282/343/335
f 282/343/335 283/344/336 172/255/247
f 172/255/247 283/344/336 284/345/337
f 172/255/247 284/345/337 285/323/315
f 298/225/217 299/346/338 158/218/210
f 158/218/210 299/346/338 300/347/339
f 158/218/210 300/347/339 301/335/327
f 42/348/340 4/349/341 375/350/342
f 375/350/342 4/349/341 3/351/343
f 375/350/342 3/351/343 507/352/344
f 507/352/344 3/351/343 28/353/345
f 507/352/344 28/353/345 27/354/346
f 27/354/346 26/355/347 507/352/344
f 507/352/344 26/355/347 25/356/348
f 507/352/344 25/356/348 24/357/349
f 507/352/344 24/357/349 508/358/350
f 508/358/350 24/357/349 23/359/351
f 508/358/350 23/359/351 320/360/352
f 320/360/352 23/359/351 22/361/353
f 320/360/352 22/361/353 319/362/354
f 319/362/354 22/361/353 21/363/355
f 319/362/354 21/363/355 318/364/356
f 318/364/356 21/363/355 317/365/357
f 317/365/357 21/363/355 20/366/358
f 317/365/357 20/366/358 316/367/359
f 316/367/359 20/366/358 19/368/360
f 316/367/359 19/368/360 315/369/361
f 315/369/361 19/368/360 314/370/362
f 314/370/362 19/368/360 404/371/363
f 314/370/362 404/371/363 313/372/364
f 313/372/364 404/371/363 312/373/365
f 19/368/360 18/374/366 404/371/363
f 404/371/363 18/374/366 401/375/367
f 404/371/363 401/375/367 403/376/368
f 403/376/368 401/375/367 402/377/369
f 18/374/366 17/378/370 401/375/367
f 401/375/367 17/378/370 30/379/371
f 401/375/367 30/379/371 400/380/372
f 400/380/372 30/379/371 52/381/373
f 400/380/372 52/381/373 51/382/374
f 51/382/374 50/383/375 400/380/372
f 400/380/372 50/383/375 49/384/376
f 400/380/372 49/384/376 399/385/377
f 399/385/377 49/384/376 48/386/378
f 399/385/377 48/386/378 47/387/379
f 399/385/377 47/387/379 398/388/380
f 398/388/380 47/387/379 46/389/381
f 398/388/380 46/389/381 397/390/382
f 397/390/382 46/389/381 45/391/383
f 397/390/382 45/391/383 396/392/384
f 396/392/384 45/391/383 395/393/385
f 395/393/385 45/391/383 44/394/386
f 395/393/385 44/394/386 375/350/342
f 375/350/342 44/394/386 43/395/387
f 375/350/342 43/395/387 42/348/340
f 320/360/352 321/396/388 508/358/350
f 508/358/350 321/396/388 322/397/389
f 508/358/350 322/397/389 323/398/390
f 508/358/350 323/398/390 509/399/391
f 509/399/391 323/398/390 324/400/392
f 509/399/391 324/400/392 325/401/393
f 325/401/393 326/402/394 509/399/391
f 509/399/391 326/402/394 115/403/395
f 509/399/391 115/403/395 118/404/396
f 327/405/397 328/406/398 118/404/396
f 118/404/396 328/406/398 329/407/399
f 118/404/396 329/407/399 509/399/391
f 509/399/391 329/407/399 508/358/350
f 508/358/350 329/407/399 374/408/400
f 374/408/400 329/407/399 330/409/401
f 374/408/400 330/409/401 359/410/402
f 359/410/402 330/409/401 338/411/403
f 359/410/402 338/411/403 358/412/404
f 358/412/404 338/411/403 440/413/405
f 358/412/404 440/413/405 441/414/406
f 331/415/407 332/416/408 330/409/401
f 330/409/401 332/416/408 333/417/409
f 330/409/401 333/417/409 338/411/403
f 338/411/403 333/417/409 335/418/410
f 338/411/403 335/418/410 337/419/411
f 337/419/411 335/418/410 336/420/412
f 333/417/409 334/421/413 335/418/410
f 339/422/414 407/423/415 338/411/403
f 338/411/403 407/423/415 408/424/416
f 338/411/403 408/424/416 440/413/405
f 440/413/405 408/424/416 439/425/417
f 439/425/417 408/424/416 438/426/418
f 438/426/418 408/424/416 437/427/419
f 437/427/419 408/424/416 436/428/420
f 436/428/420 408/424/416 343/429/421
f 436/428/420 343/429/421 435/430/422
f 435/430/422 343/429/421 434/431/423
f 434/431/423 343/429/421 433/432/424
f 433/432/424 343/429/421 344/433/425
f 433/432/424 344/433/425 456/434/426
f 456/434/426 344/433/425 455/435/427
f 455/435/427 344/433/425 345/436/428
f 455/435/427 345/436/428 346/437/429
f 340/438/430 341/439/431 339/422/414
f 339/422/414 341/439/431 406/440/432
f 339/422/414 406/440/432 407/423/415
f 341/439/431 342/441/433 406/440/432
f 406/440/432 342/441/433 405/442/434
f 405/442/434 342/441/433 343/429/421
f 405/442/434 343/429/421 408/424/416
f 346/437/429 347/443/435 455/435/427
f 455/435/427 347/443/435 348/444/436
f 455/435/427 348/444/436 349/445/437
f 349/445/437 350/446/438 455/435/427
f 455/435/427 350/446/438 454/447/439
f 454/447/439 350/446/438 453/448/440
f 453/448/440 350/446/438 452/449/441
f 452/449/441 350/446/438 451/450/442
f 451/450/442 350/446/438 351/451/443
f 451/450/442 351/451/443 450/452/444
f 450/452/444 351/451/443 449/453/445
f 449/453/445 351/451/443 448/454/446
f 448/454/446 351/451/443 447/455/447
f 447/455/447 351/451/443 352/456/448
f 447/455/447 352/456/448 353/457/449
f 353/457/449 354/458/450 447/455/447
f 447/455/447 354/458/450 355/459/451
f 447/455/447 355/459/451 356/460/452
f 356/460/452 357/461/453 447/455/447
f 447/455/447 357/461/453 446/462/454
f 446/462/454 357/461/453 445/463/455
f 445/463/455 357/461/453 358/412/404
f 445/463/455 358/412/404 444/464/456
f 444/464/456 358/412/404 443/465/457
f 443/465/457 358/412/404 442/466/458
f 442/466/458 358/412/404 441/414/406
f 360/467/459 492/468/460 359/410/402
f 359/410/402 492/468/460 493/469/461
f 359/410/402 493/469/461 494/470/462
f 361/471/463 419/472/464 360/467/459
f 360/467/459 419/472/464 420/473/465
f 360/467/459 420/473/465 421/474/466
f 361/471/463 362/475/467 419/472/464
f 419/472/464 362/475/467 363/476/468
f 419/472/464 363/476/468 364/477/469
f 364/477/469 365/478/470 419/472/464
f 419/472/464 365/478/470 366/479/471
f 419/472/464 366/479/471 418/480/472
f 418/480/472 366/479/471 417/481/473
f 417/481/473 366/479/471 416/482/474
f 416/482/474 366/479/471 415/483/475
f 415/483/475 366/479/471 367/484/476
f 415/483/475 367/484/476 414/485/477
f 414/485/477 367/484/476 413/486/478
f 413/486/478 367/484/476 412/487/479
f 412/487/479 367/484/476 411/488/480
f 411/488/480 367/484/476 371/489/481
f 411/488/480 371/489/481 372/490/482
f 368/491/483 369/492/484 367/484/476
f 367/484/476 369/492/484 370/493/485
f 367/484/476 370/493/485 371/489/481
f 372/490/482 373/494/486 411/488/480
f 411/488/480 373/494/486 410/495/487
f 410/495/487 373/494/486 409/496/488
f 409/496/488 373/494/486 432/497/489
f 432/497/489 373/494/486 431/498/490
f 431/498/490 373/494/486 430/499/491
f 430/499/491 373/494/486 484/500/492
f 430/499/491 484/500/492 429/501/493
f 429/501/493 484/500/492 485/502/494
f 429/501/493 485/502/494 486/503/495
f 374/408/400 482/504/496 373/494/486
f 373/494/486 482/504/496 483/505/497
f 373/494/486 483/505/497 484/500/492
f 508/358/350 374/408/400 507/352/344
f 507/352/344 374/408/400 375/350/342
f 376/506/498 457/507/499 375/350/342
f 375/350/342 457/507/499 458/508/500
f 375/350/342 458/508/500 459/509/501
f 377/510/502 479/511/503 376/506/498
f 376/506/498 479/511/503 480/512/504
f 376/506/498 480/512/504 457/507/499
f 479/511/503 377/510/502 478/513/505
f 478/513/505 377/510/502 378/514/506
f 478/513/505 378/514/506 379/515/507
f 379/515/507 380/516/508 478/513/505
f 478/513/505 380/516/508 381/517/509
f 478/513/505 381/517/509 382/518/510
f 383/519/511 475/520/512 382/518/510
f 382/518/510 475/520/512 476/521/513
f 382/518/510 476/521/513 477/522/514
f 384/523/515 472/524/516 383/519/511
f 383/519/511 472/524/516 473/525/517
f 383/519/511 473/525/517 474/526/518
f 384/523/515 385/527/519 472/524/516
f 472/524/516 385/527/519 386/528/520
f 472/524/516 386/528/520 387/529/521
f 387/529/521 388/530/522 472/524/516
f 472/524/516 388/530/522 471/531/523
f 471/531/523 388/530/522 389/532/524
f 471/531/523 389/532/524 470/533/525
f 470/533/525 389/532/524 469/534/526
f 469/534/526 389/532/524 390/535/527
f 469/534/526 390/535/527 468/536/528
f 468/536/528 390/535/527 467/537/529
f 467/537/529 390/535/527 466/538/530
f 466/538/530 390/535/527 465/539/531
f 465/539/531 390/535/527 464/540/532
f 464/540/532 390/535/527 392/541/533
f 464/540/532 392/541/533 463/542/534
f 463/542/534 392/541/533 393/543/535
f 463/542/534 393/543/535 462/544/536
f 462/544/536 393/543/535 375/350/342
f 462/544/536 375/350/342 461/545/537
f 461/545/537 375/350/342 460/546/538
f 460/546/538 375/350/342 459/509/501
f 390/535/527 391/547/539 392/541/533
f 393/543/535 394/548/540 375/350/342
f 375/350/342 394/548/540 395/393/385
f 421/474/466 422/549/541 360/467/459
f 360/467/459 422/549/541 423/550/542
f 360/467/459 423/550/542 424/551/543
f 360/467/459 424/551/543 490/552/544
f 490/552/544 424/551/543 425/553/545
f 490/552/544 425/553/545 489/554/546
f 489/554/546 425/553/545 488/555/547
f 488/555/547 425/553/545 426/556/548
f 488/555/547 426/556/548 487/557/549
f 487/557/549 426/556/548 427/558/550
f 487/557/549 427/558/550 428/559/551
f 487/557/549 428/559/551 486/503/495
f 486/503/495 428/559/551 429/501/493
f 474/526/518 475/520/512 383/519/511
f 477/522/514 478/513/505 382/518/510
f 506/560/552 481/561/553 374/408/400
f 374/408/400 481/561/553 482/504/496
f 490/552/544 491/562/554 360/467/459
f 360/467/459 491/562/554 492/468/460
f 494/470/462 495/563/555 359/410/402
f 359/410/402 495/563/555 496/564/556
f 359/410/402 496/564/556 497/565/557
f 497/565/557 498/566/558 359/410/402
f 359/410/402 498/566/558 499/567/559
f 359/410/402 499/567/559 500/568/560
f 359/410/402 500/568/560 374/408/400
f 374/408/400 500/568/560 501/569/561
f 374/408/400 501/569/561 502/570/562
f 502/570/562 503/571/563 374/408/400
f 374/408/400 503/571/563 504/572/564
f 374/408/400 504/572/564 505/573/565
f 505/573/565 506/560/552 374/408/400
f 336/574/566 195/575/567 337/576/568
f 337/576/568 195/575/567 194/577/569
f 358/578/570 173/579/571 359/580/572
f 359/580/572 173/579/571 172/581/573
f 390/582/574 141/583/575 391/584/576
f 391/584/576 141/583/575 140/585/577
f 197/586/578 334/587/579 198/588/580
f 198/588/580 334/587/579 333/589/581
f 391/590/582 140/591/583 392/592/584
f 392/592/584 140/591/583 139/593/585
f 156/594/586 375/595/587 157/596/588
f 157/596/588 375/595/587 374/597/589
f 373/598/590 158/599/591 374/600/592
f 374/600/592 158/599/591 157/601/593
f 164/602/594 367/603/595 165/604/596
f 165/604/596 367/603/595 366/605/597
f 171/606/598 360/607/599 172/608/600
f 172/608/600 360/607/599 359/609/601
f 188/610/602 343/611/603 189/612/604
f 189/612/604 343/611/603 342/613/605
f 341/614/606 190/615/607 342/616/608
f 342/616/608 190/615/607 189/617/609
f 340/618/610 191/619/611 341/620/612
f 341/620/612 191/619/611 190/621/613
f 332/622/614 199/623/615 333/624/616
f 333/624/616 199/623/615 198/625/617
f 331/626/618 200/627/619 332/628/620
f 332/628/620 200/627/619 199/629/621
f 330/630/622 201/631/623 331/632/624
f 331/632/624 201/631/623 200/633/625
f 329/634/626 202/635/627 330/636/628
f 330/636/628 202/635/627 201/637/629
f 328/638/630 203/639/631 329/640/632
f 329/640/632 203/639/631 202/641/633
f 327/642/634 204/643/635 328/644/636
f 328/644/636 204/643/635 203/645/637
f 118/646/638 117/647/639 327/648/640
f 327/648/640 117/647/639 204/649/641
f 126/650/642 312/651/643 127/652/644
f 127/652/644 312/651/643 404/653/645
f 403/654/646 128/655/647 404/656/648
f 404/656/648 128/655/647 127/657/649
f 402/658/650 129/659/651 403/660/652
f 403/660/652 129/659/651 128/661/653
f 401/662/654 130/663/655 402/664/656
f 402/664/656 130/663/655 129/665/657
f 400/666/658 131/667/659 401/668/660
f 401/668/660 131/667/659 130/669/661
f 399/670/662 132/671/663 400/672/664
f 400/672/664 132/671/663 131/673/665
f 138/674/666 393/675/667 139/676/668
f 139/676/668 393/675/667 392/677/669
f 337/678/670 194/679/671 338/680/672
f 338/680/672 194/679/671 193/681/673
f 338/682/674 193/683/675 339/684/676
f 339/684/676 193/683/675 192/685/677
f 339/686/678 192/687/679 340/688/680
f 340/688/680 192/687/679 191/689/681
f 155/690/682 376/691/683 156/692/684
f 156/692/684 376/691/683 375/693/685
f 148/694/686 383/695/687 149/696/688
f 149/696/688 383/695/687 382/697/689
f 389/698/690 142/699/691 390/700/692
f 390/700/692 142/699/691 141/701/693
f 180/702/694 351/703/695 181/704/696
f 181/704/696 351/703/695 350/705/697
f 357/706/698 174/707/699 358/708/700
f 358/708/700 174/707/699 173/709/701
f 187/710/702 344/711/703 188/712/704
f 188/712/704 344/711/703 343/713/705
f 235/714/706 434/715/707 212/716/708
f 212/716/708 434/715/707 433/717/709
f 212/716/708 433/717/709 213/718/710
f 213/718/710 433/717/709 456/719/711
f 213/718/710 456/719/711 214/720/712
f 214/720/712 456/719/711 455/721/713
f 214/720/712 455/721/713 215/722/714
f 215/722/714 455/721/713 454/723/715
f 215/722/714 454/723/715 216/724/716
f 216/724/716 454/723/715 453/725/717
f 216/724/716 453/725/717 217/726/718
f 217/726/718 453/725/717 452/727/719
f 217/726/718 452/727/719 218/728/720
f 218/728/720 452/727/719 451/729/721
f 218/728/720 451/729/721 219/730/722
f 219/730/722 451/729/721 450/731/723
f 219/730/722 450/731/723 220/732/724
f 220/732/724 450/731/723 449/733/725
f 220/732/724 449/733/725 221/734/726
f 221/734/726 449/733/725 448/735/727
f 221/734/726 448/735/727 222/736/728
f 222/736/728 448/735/727 447/737/729
f 222/736/728 447/737/729 223/738/730
f 223/738/730 447/737/729 446/739/731
f 223/738/730 446/739/731 224/740/732
f 224/740/732 446/739/731 445/741/733
f 224/742/732 445/743/733 225/744/734
f 225/744/734 445/743/733 444/745/735
f 225/744/734 444/745/735 226/746/736
f 226/746/736 444/745/735 443/747/737
f 226/746/736 443/747/737 227/748/738
f 227/748/738 443/747/737 442/749/739
f 227/748/738 442/749/739 228/750/740
f 228/750/740 442/749/739 441/751/741
f 228/750/740 441/751/741 229/752/742
f 229/752/742 441/751/741 440/753/743
f 229/752/742 440/753/743 230/754/744
f 230/754/744 440/753/743 439/755/745
f 230/754/744 439/755/745 231/756/746
f 231/756/746 439/755/745 438/757/747
f 231/756/746 438/757/747 232/758/748
f 232/758/748 438/757/747 437/759/749
f 232/758/748 437/759/749 233/760/750
f 233/760/750 437/759/749 436/761/751
f 233/760/750 436/761/751 234/762/752
f 234/762/752 436/761/751 435/763/753
f 234/762/752 435/763/753 235/714/706
f 235/714/706 435/763/753 434/715/707
f 259/764/754 458/765/755 236/766/756
f 236/766/756 458/765/755 457/767/757
f 236/766/756 457/767/757 237/768/758
f 237/768/758 457/767/757 480/769/759
f 237/768/758 480/769/759 238/770/760
f 238/770/760 480/769/759 479/771/761
f 238/770/760 479/771/761 239/772/762
f 239/772/762 479/771/761 478/773/763
f 239/772/762 478/773/763 240/774/764
f 240/774/764 478/773/763 477/775/765
f 240/774/764 477/775/765 241/776/766
f 241/776/766 477/775/765 476/777/767
f 241/776/766 476/777/767 242/778/768
f 242/778/768 476/777/767 475/779/769
f 242/778/768 475/779/769 243/780/770
f 243/780/770 475/779/769 474/781/771
f 243/780/770 474/781/771 244/782/772
f 244/782/772 474/781/771 473/783/773
f 244/782/772 473/783/773 245/784/774
f 245/784/774 473/783/773 472/785/775
f 245/784/774 472/785/775 246/786/776
f 246/786/776 472/785/775 471/787/777
f 246/786/776 471/787/777 247/788/778
f 247/788/778 471/787/777 470/789/779
f 247/788/778 470/789/779 248/790/780
f 248/790/780 470/789/779 469/791/781
f 248/792/780 469/793/781 249/794/782
f 249/794/782 469/793/781 468/795/783
f 249/794/782 468/795/783 250/796/784
f 250/796/784 468/795/783 467/797/785
f 250/796/784 467/797/785 251/798/786
f 251/798/786 467/797/785 466/799/787
f 251/798/786 466/799/787 252/800/788
f 252/800/788 466/799/787 465/801/789
f 252/800/788 465/801/789 253/802/790
f 253/802/790 465/801/789 464/803/791
f 253/802/790 464/803/791 254/804/792
f 254/804/792 464/803/791 463/805/793
f 254/804/792 463/805/793 255/806/794
f 255/806/794 463/805/793 462/807/795
f 255/806/794 462/807/795 256/808/796
f 256/808/796 462/807/795 461/809/797
f 256/808/796 461/809/797 257/810/798
f 257/810/798 461/809/797 460/811/799
f 257/810/798 460/811/799 258/812/800
f 258/812/800 460/811/799 459/813/801
f 258/812/800 459/813/801 259/764/754
f 259/764/754 459/813/801 458/765/755
f 393/814/667 138/815/666 394/816/802
f 394/816/802 138/815/666 137/817/803
f 394/816/802 137/817/803 395/818/804
f 395/818/804 137/817/803 136/819/805
f 395/818/804 136/819/805 396/820/806
f 396/820/806 136/819/805 135/821/807
f 396/820/806 135/821/807 397/822/808
f 397/822/808 135/821/807 134/823/809
f 397/822/808 134/823/809 398/824/810
f 398/824/810 134/823/809 133/825/811
f 398/824/810 133/825/811 399/826/662
f 399/826/662 133/825/811 132/827/663
f 195/828/812 336/829/813 196/830/814
f 196/830/814 336/829/813 335/831/815
f 196/832/816 335/833/817 197/834/818
f 197/834/818 335/833/817 334/835/819
f 383/836/687 148/837/686 384/838/820
f 384/838/820 148/837/686 147/839/821
f 384/838/820 147/839/821 385/840/822
f 385/840/822 147/839/821 146/841/823
f 385/840/822 146/841/823 386/842/824
f 386/842/824 146/841/823 145/843/825
f 386/842/824 145/843/825 387/844/826
f 387/844/826 145/843/825 144/845/827
f 387/844/826 144/845/827 388/846/828
f 388/846/828 144/845/827 143/847/829
f 388/846/828 143/847/829 389/848/690
f 389/848/690 143/847/829 142/849/691
f 376/850/683 155/851/682 377/852/830
f 377/852/830 155/851/682 154/853/831
f 377/852/830 154/853/831 378/854/832
f 378/854/832 154/853/831 153/855/833
f 378/854/832 153/855/833 379/856/834
f 379/856/834 153/855/833 152/857/835
f 379/856/834 152/857/835 380/858/836
f 380/858/836 152/857/835 151/859/837
f 380/858/836 151/859/837 381/860/838
f 381/860/838 151/859/837 150/861/839
f 381/860/838 150/861/839 382/862/689
f 382/862/689 150/861/839 149/863/688
f 351/864/695 180/865/694 352/866/840
f 352/866/840 180/865/694 179/867/841
f 352/866/840 179/867/841 353/868/842
f 353/868/842 179/867/841 178/869/843
f 353/868/842 178/869/843 354/870/844
f 354/870/844 178/869/843 177/871/845
f 354/870/844 177/871/845 355/872/846
f 355/872/846 177/871/845 176/873/847
f 355/872/846 176/873/847 356/874/848
f 356/874/848 176/873/847 175/875/849
f 356/874/848 175/875/849 357/876/698
f 357/876/698 175/875/849 174/877/699
f 344/878/703 187/879/702 345/880/850
f 345/880/850 187/879/702 186/881/851
f 345/880/850 186/881/851 346/882/852
f 346/882/852 186/881/851 185/883/853
f 346/882/852 185/883/853 347/884/854
f 347/884/854 185/883/853 184/885/855
f 347/884/854 184/885/855 348/886/856
f 348/886/856 184/885/855 183/887/857
f 348/886/856 183/887/857 349/888/858
f 349/888/858 183/887/857 182/889/859
f 349/888/858 182/889/859 350/890/697
f 350/890/697 182/889/859 181/891/696
f 367/892/595 164/893/594 368/894/860
f 368/894/860 164/893/594 163/895/861
f 368/894/860 163/895/861 369/896/862
f 369/896/862 163/895/861 162/897/863
f 369/896/862 162/897/863 370/898/864
f 370/898/864 162/897/863 161/899/865
f 370/898/864 161/899/865 371/900/866
f 371/900/866 161/899/865 160/901/867
f 371/900/866 160/901/867 372/902/868
f 372/902/868 160/901/867 159/903/869
f 372/902/868 159/903/869 373/904/590
f 373/904/590 159/903/869 158/905/591
f 360/906/599 171/907/598 361/908/870
f 361/908/870 171/907/598 170/909/871
f 361/908/870 170/909/871 362/910/872
f 362/910/872 170/909/871 169/911/873
f 362/910/872 169/911/873 363/912/874
f 363/912/874 169/911/873 168/913/875
f 363/912/874 168/913/875 364/914/876
f 364/914/876 168/913/875 167/915/877
f 364/914/876 167/915/877 365/916/878
f 365/916/878 167/915/877 166/917/879
f 365/916/878 166/917/879 366/918/597
f 366/918/597 166/917/879 165/919/596
f 260/920/880 494/921/881 261/922/882
f 261/922/882 494/921/881 493/923/883
f 274/924/884 506/925/885 275/926/886
f 275/926/886 506/925/885 505/927/887
f 275/926/886 505/927/887 276/928/888
f 276/928/888 505/927/887 504/929/889
f 276/928/888 504/929/889 277/930/890
f 277/930/890 504/929/889 503/931/891
f 277/930/890 503/931/891 278/932/892
f 278/932/892 503/931/891 502/933/893
f 278/932/892 502/933/893 279/934/894
f 279/934/894 502/933/893 501/935/895
f 279/934/894 501/935/895 280/936/896
f 280/936/896 501/935/895 500/937/897
f 280/936/896 500/937/897 281/938/898
f 281/938/898 500/937/897 499/939/899
f 281/938/898 499/939/899 282/940/900
f 282/940/900 499/939/899 498/941/901
f 282/940/900 498/941/901 283/942/902
f 283/942/902 498/941/901 497/943/903
f 283/942/902 497/943/903 284/944/904
f 284/944/904 497/943/903 496/945/905
f 284/944/904 496/945/905 285/946/906
f 285/946/906 496/945/905 495/947/907
f 285/946/906 495/947/907 260/948/880
f 260/948/880 495/947/907 494/949/881
f 261/950/882 493/951/883 262/952/908
f 262/952/908 493/951/883 492/953/909
f 262/952/908 492/953/909 263/954/910
f 263/954/910 492/953/909 491/955/911
f 263/954/910 491/955/911 264/956/912
f 264/956/912 491/955/911 490/957/913
f 264/956/912 490/957/913 265/958/914
f 265/958/914 490/957/913 489/959/915
f 265/958/914 489/959/915 266/960/916
f 266/960/916 489/959/915 488/961/917
f 266/960/916 488/961/917 267/962/918
f 267/962/918 488/961/917 487/963/919
f 267/962/918 487/963/919 268/964/920
f 268/964/920 487/963/919 486/965/921
f 268/964/920 486/965/921 269/966/922
f 269/966/922 486/965/921 485/967/923
f 269/966/922 485/967/923 270/968/924
f 270/968/924 485/967/923 484/969/925
f 270/968/924 484/969/925 271/970/926
f 271/970/926 484/969/925 483/971/927
f 271/970/926 483/971/927 272/972/928
f 272/972/928 483/971/927 482/973/929
f 272/972/928 482/973/929 273/974/930
f 273/974/930 482/973/929 481/975/931
f 273/976/930 481/977/931 274/978/884
f 274/978/884 481/977/931 506/979/885
f 432/980/932 299/981/933 409/982/934
f 409/982/934 299/981/933 298/983/935
f 409/982/934 298/983/935 410/984/936
f 410/984/936 298/983/935 297/985/937
f 410/984/936 297/985/937 411/986/938
f 411/986/938 297/985/937 296/987/939
f 411/986/938 296/987/939 412/988/940
f 412/988/940 296/987/939 295/989/941
f 412/988/940 295/989/941 413/990/942
f 413/990/942 295/989/941 294/991/943
f 413/990/942 294/991/943 414/992/944
f 414/992/944 294/991/943 293/993/945
f 414/992/944 293/993/945 415/994/946
f 415/994/946 293/993/945 292/995/947
f 415/994/946 292/995/947 416/996/948
f 416/996/948 292/995/947 291/997/949
f 416/996/948 291/997/949 417/998/950
f 417/998/950 291/997/949 290/999/951
f 417/998/950 290/999/951 418/1000/952
f 418/1000/952 290/999/951 289/1001/953
f 418/1000/952 289/1001/953 419/1002/954
f 419/1002/954 289/1001/953 288/1003/955
f 419/1002/954 288/1003/955 420/1004/956
f 420/1004/956 288/1003/955 287/1005/957
f 420/1004/956 287/1005/957 421/1006/958
f 421/1006/958 287/1005/957 286/1007/959
f 421/1008/958 286/1009/959 422/1010/960
f 422/1010/960 286/1009/959 309/1011/961
f 422/1010/960 309/1011/961 423/1012/962
f 423/1012/962 309/1011/961 308/1013/963
f 423/1012/962 308/1013/963 424/1014/964
f 424/1014/964 308/1013/963 307/1015/965
f 424/1014/964 307/1015/965 425/1016/966
f 425/1016/966 307/1015/965 306/1017/967
f 425/1016/966 306/1017/967 426/1018/968
f 426/1018/968 306/1017/967 305/1019/969
f 426/1018/968 305/1019/969 427/1020/970
f 427/1020/970 305/1019/969 304/1021/971
f 427/1020/970 304/1021/971 428/1022/972
f 428/1022/972 304/1021/971 303/1023/973
f 428/1022/972 303/1023/973 429/1024/974
f 429/1024/974 303/1023/973 302/1025/975
f 429/1024/974 302/1025/975 430/1026/976
f 430/1026/976 302/1025/975 301/1027/977
f 430/1026/976 301/1027/977 431/1028/978
f 431/1028/978 301/1027/977 300/1029/979
f 431/1028/978 300/1029/979 432/980/932
f 432/980/932 300/1029/979 299/981/933
f 312/1030/980 126/1031/981 313/1032/982
f 313/1032/982 126/1031/981 125/1033/983
f 326/1034/984 205/1035/985 115/1036/986
f 115/1036/986 205/1035/985 116/1037/987
f 205/1038/985 326/1039/984 206/1040/988
f 206/1040/988 326/1039/984 325/1041/989
f 206/1040/988 325/1041/989 207/1042/990
f 207/1042/990 325/1041/989 324/1043/991
f 207/1042/990 324/1043/991 208/1044/992
f 208/1044/992 324/1043/991 323/1045/993
f 208/1044/992 323/1045/993 209/1046/994
f 209/1046/994 323/1045/993 322/1047/995
f 209/1046/994 322/1047/995 210/1048/996
f 210/1048/996 322/1047/995 321/1049/997
f 210/1048/996 321/1049/997 211/1050/998
f 211/1050/998 321/1049/997 320/1051/999
f 319/1052/1000 119/1053/1001 320/1054/999
f 320/1054/999 119/1053/1001 211/1055/998
f 119/1056/1001 319/1057/1000 120/1058/1002
f 120/1058/1002 319/1057/1000 318/1059/1003
f 120/1058/1002 318/1059/1003 121/1060/1004
f 121/1060/1004 318/1059/1003 317/1061/1005
f 121/1060/1004 317/1061/1005 122/1062/1006
f 122/1062/1006 317/1061/1005 316/1063/1007
f 122/1062/1006 316/1063/1007 123/1064/1008
f 123/1064/1008 316/1063/1007 315/1065/1009
f 123/1064/1008 315/1065/1009 124/1066/1010
f 124/1066/1010 315/1065/1009 314/1067/1011
f 124/1066/1010 314/1067/1011 125/1068/983
f 125/1068/983 314/1067/1011 313/1069/982
f 53/1070/1012 510/1071/1013 54/1072/1014
f 54/1072/1014 510/1071/1013 511/1073/1015
f 56/1074/1016 512/1075/1017 53/1076/1018
f 53/1076/1018 512/1075/1017 510/1077/1019
f 55/1078/1020 513/1079/1021 56/1080/1022
f 56/1080/1022 513/1079/1021 512/1081/1023
f 406/1082/1024 514/1083/1025 407/1084/1026
f 407/1084/1026 514/1083/1025 515/1085/1027
f 405/1086/1028 516/1087/1029 406/1088/1030
f 406/1088/1030 516/1087/1029 514/1089/1031
f 408/1090/1032 517/1091/1033 405/1092/1034
f 405/1092/1034 517/1091/1033 516/1093/1035
f 407/1094/1036 515/1095/1037 408/1096/1038
f 408/1096/1038 515/1095/1037 517/1097/1039
f 54/1098/1040 511/1099/1041 55/1100/1042
f 55/1100/1042 511/1099/1041 513/1101/1043
f 517/1102/1044 515/1103/1045 510/1104/1046
f 510/1104/1046 515/1103/1045 514/1105/1047
f 510/1104/1046 514/1105/1047 511/1106/1048
f 511/1106/1048 514/1105/1047 516/1107/1049
f 511/1106/1048 516/1107/1049 513/1108/1050
f 513/1108/1050 516/1107/1049 517/1102/1044
f 513/1108/1050 517/1102/1044 512/1109/1051
f 512/1109/1051 517/1102/1044 510/1104/1046
f 57/1110/1052 518/1111/1053 58/1112/1054
f 58/1112/1054 518/1111/1053 519/1113/1055
f 60/1114/1056 59/1115/1057 521/1116/1058
f 521/1116/1058 59/1115/1057 520/1117/1059
f 520/1117/1059 59/1115/1057 58/1118/1060
f 520/1117/1059 58/1118/1060 519/1119/1061
f 87/1120/1062 86/1121/1063 548/1122/1064
f 548/1122/1064 86/1121/1063 547/1123/1065
f 547/1123/1065 86/1121/1063 85/1124/1066
f 547/1123/1065 85/1124/1066 546/1125/1067
f 546/1125/1067 85/1124/1066 84/1126/1068
f 546/1125/1067 84/1126/1068 545/1127/1069
f 545/1127/1069 84/1126/1068 83/1128/1070
f 545/1127/1069 83/1128/1070 544/1129/1071
f 544/1129/1071 83/1128/1070 82/1130/1072
f 544/1129/1071 82/1130/1072 543/1131/1073
f 543/1131/1073 82/1130/1072 81/1132/1074
f 543/1131/1073 81/1132/1074 542/1133/1075
f 542/1133/1075 81/1132/1074 80/1134/1076
f 542/1133/1075 80/1134/1076 541/1135/1077
f 541/1135/1077 80/1134/1076 79/1136/1078
f 541/1135/1077 79/1136/1078 540/1137/1079
f 540/1137/1079 79/1136/1078 78/1138/1080
f 540/1137/1079 78/1138/1080 539/1139/1081
f 539/1139/1081 78/1138/1080 77/1140/1082
f 539/1139/1081 77/1140/1082 538/1141/1083
f 538/1141/1083 77/1140/1082 76/1142/1084
f 538/1141/1083 76/1142/1084 537/1143/1085
f 537/1143/1085 76/1142/1084 75/1144/1086
f 537/1143/1085 75/1144/1086 536/1145/1087
f 536/1145/1087 75/1144/1086 74/1146/1088
f 536/1145/1087 74/1146/1088 535/1147/1089
f 535/1147/1089 74/1146/1088 73/1148/1090
f 535/1147/1089 73/1148/1090 534/1149/1091
f 534/1149/1091 73/1148/1090 72/1150/1092
f 534/1149/1091 72/1150/1092 533/1151/1093
f 533/1151/1093 72/1150/1092 71/1152/1094
f 533/1151/1093 71/1152/1094 532/1153/1095
f 532/1153/1095 71/1152/1094 70/1154/1096
f 532/1153/1095 70/1154/1096 531/1155/1097
f 531/1155/1097 70/1154/1096 69/1156/1098
f 531/1155/1097 69/1156/1098 530/1157/1099
f 530/1157/1099 69/1156/1098 68/1158/1100
f 530/1157/1099 68/1158/1100 529/1159/1101
f 529/1159/1101 68/1158/1100 67/1160/1102
f 529/1159/1101 67/1160/1102 528/1161/1103
f 528/1161/1103 67/1160/1102 66/1162/1104
f 528/1161/1103 66/1162/1104 527/1163/1105
f 527/1163/1105 66/1162/1104 65/1164/1106
f 527/1163/1105 65/1164/1106 526/1165/1107
f 526/1165/1107 65/1164/1106 64/1166/1108
f 526/1165/1107 64/1166/1108 525/1167/1109
f 525/1167/1109 64/1166/1108 63/1168/1110
f 525/1167/1109 63/1168/1110 524/1169/1111
f 524/1169/1111 63/1168/1110 62/1170/1112
f 524/1169/1111 62/1170/1112 523/1171/1113
f 523/1171/1113 62/1170/1112 61/1172/1114
f 523/1171/1113 61/1172/1114 522/1173/1115
f 522/1173/1115 61/1172/1114 60/1174/1116
f 522/1173/1115 60/1174/1116 521/1175/1117
f 87/1176/1118 548/1177/1119 88/1178/1120
f 88/1178/1120 548/1177/1119 549/1179/1121
f 113/1180/1122 112/1181/1123 574/1182/1124
f 574/1182/1124 112/1181/1123 573/1183/1125
f 573/1183/1125 112/1181/1123 111/1184/1126
f 573/1183/1125 111/1184/1126 572/1185/1127
f 572/1185/1127 111/1184/1126 110/1186/1128
f 572/1185/1127 110/1186/1128 571/1187/1129
f 571/1187/1129 110/1186/1128 109/1188/1130
f 571/1187/1129 109/1188/1130 570/1189/1131
f 570/1189/1131 109/1188/1130 108/1190/1132
f 570/1189/1131 108/1190/1132 569/1191/1133
f 569/1191/1133 108/1190/1132 107/1192/1134
f 569/1191/1133 107/1192/1134 568/1193/1135
f 568/1193/1135 107/1192/1134 106/1194/1136
f 568/1193/1135 106/1194/1136 567/1195/1137
f 567/1195/1137 106/1194/1136 105/1196/1138
f 567/1195/1137 105/1196/1138 566/1197/1139
f 566/1197/1139 105/1196/1138 104/1198/1140
f 566/1197/1139 104/1198/1140 565/1199/1141
f 565/1199/1141 104/1198/1140 103/1200/1142
f 565/1199/1141 103/1200/1142 564/1201/1143
f 564/1201/1143 103/1200/1142 102/1202/1144
f 564/1201/1143 102/1202/1144 563/1203/1145
f 563/1203/1145 102/1202/1144 101/1204/1146
f 563/1203/1145 101/1204/1146 562/1205/1147
f 562/1205/1147 101/1204/1146 100/1206/1148
f 562/1205/1147 100/1206/1148 561/1207/1149
f 561/1207/1149 100/1206/1148 99/1208/1150
f 561/1207/1149 99/1208/1150 560/1209/1151
f 560/1209/1151 99/1208/1150 98/1210/1152
f 560/1209/1151 98/1210/1152 559/1211/1153
f 559/1211/1153 98/1210/1152 97/1212/1154
f 559/1211/1153 97/1212/1154 558/1213/1155
f 558/1213/1155 97/1212/1154 96/1214/1156
f 558/1213/1155 96/1214/1156 557/1215/1157
f 557/1215/1157 96/1214/1156 95/1216/1158
f 557/1215/1157 95/1216/1158 556/1217/1159
f 556/1217/1159 95/1216/1158 94/1218/1160
f 556/1217/1159 94/1218/1160 555/1219/1161
f 555/1219/1161 94/1218/1160 93/1220/1162
f 555/1219/1161 93/1220/1162 554/1221/1163
f 554/1221/1163 93/1220/1162 92/1222/1164
f 554/1221/1163 92/1222/1164 553/1223/1165
f 553/1223/1165 92/1222/1164 91/1224/1166
f 553/1223/1165 91/1224/1166 552/1225/1167
f 552/1225/1167 91/1224/1166 90/1226/1168
f 552/1225/1167 90/1226/1168 551/1227/1169
f 551/1227/1169 90/1226/1168 89/1228/1170
f 551/1227/1169 89/1228/1170 550/1229/1171
f 550/1229/1171 89/1228/1170 88/1230/1172
f 550/1229/1171 88/1230/1172 549/1231/1173
f 113/1232/1174 574/1233/1175 114/1234/1176
f 114/1234/1176 574/1233/1175 575/1235/1177
f 114/1236/1178 575/1237/1179 57/1238/1180
f 57/1238/1180 575/1237/1179 518/1239/1181
f 520/1240/1182 519/1241/1183 574/1242/1184
f 574/1242/1184 519/1241/1183 518/1243/1185
f 574/1242/1184 518/1243/1185 575/1244/1186
f 573/1245/1187 524/1246/1188 574/1242/1184
f 574/1242/1184 524/1246/1188 523/1247/1189
f 574/1242/1184 523/1247/1189 522/1248/1190
f 573/1245/1187 572/1249/1191 524/1246/1188
f 524/1246/1188 572/1249/1191 525/1250/1192
f 525/1250/1192 572/1249/1191 571/1251/1193
f 525/1250/1192 571/1251/1193 526/1252/1194
f 526/1252/1194 571/1251/1193 570/1253/1195
f 526/1252/1194 570/1253/1195 527/1254/1196
f 527/1254/1196 570/1253/1195 528/1255/1197
f 528/1255/1197 570/1253/1195 569/1256/1198
f 528/1255/1197 569/1256/1198 529/1257/1199
f 529/1257/1199 569/1256/1198 568/1258/1200
f 529/1257/1199 568/1258/1200 567/1259/1201
f 529/1257/1199 567/1259/1201 530/1260/1202
f 530/1260/1202 567/1259/1201 566/1261/1203
f 530/1260/1202 566/1261/1203 565/1262/1204
f 565/1262/1204 564/1263/1205 530/1260/1202
f 530/1260/1202 564/1263/1205 531/1264/1206
f 531/1264/1206 564/1263/1205 563/1265/1207
f 531/1264/1206 563/1265/1207 562/1266/1208
f 531/1264/1206 562/1266/1208 532/1267/1209
f 532/1267/1209 562/1266/1208 561/1268/1210
f 532/1267/1209 561/1268/1210 533/1269/1211
f 533/1269/1211 561/1268/1210 560/1270/1212
f 533/1269/1211 560/1270/1212 534/1271/1213
f 534/1271/1213 560/1270/1212 559/1272/1214
f 534/1271/1213 559/1272/1214 535/1273/1215
f 535/1273/1215 559/1272/1214 558/1274/1216
f 535/1273/1215 558/1274/1216 536/1275/1217
f 536/1275/1217 558/1274/1216 537/1276/1218
f 537/1276/1218 558/1274/1216 557/1277/1219
f 537/1276/1218 557/1277/1219 538/1278/1220
f 538/1278/1220 557/1277/1219 539/1279/1221
f 539/1279/1221 557/1277/1219 540/1280/1222
f 540/1280/1222 557/1277/1219 556/1281/1223
f 540/1280/1222 556/1281/1223 541/1282/1224
f 541/1282/1224 556/1281/1223 542/1283/1225
f 542/1283/1225 556/1281/1223 555/1284/1226
f 542/1283/1225 555/1284/1226 543/1285/1227
f 543/1285/1227 555/1284/1226 554/1286/1228
f 543/1285/1227 554/1286/1228 544/1287/1229
f 544/1287/1229 554/1286/1228 553/1288/1230
f 544/1287/1229 553/1288/1230 545/1289/1231
f 545/1289/1231 553/1288/1230 552/1290/1232
f 545/1289/1231 552/1290/1232 546/1291/1233
f 546/1291/1233 552/1290/1232 551/1292/1234
f 546/1291/1233 551/1292/1234 550/1293/1235
f 546/1291/1233 550/1293/1235 547/1294/1236
f 547/1294/1236 550/1293/1235 549/1295/1237
f 547/1294/1236 549/1295/1237 548/1296/1238
f 522/1248/1190 521/1297/1239 574/1242/1184
f 574/1242/1184 521/1297/1239 520/1240/1182
# 575 vertices
# 1297 texture params
# 1239 normals
# 1166 facets

# 1 groups
