# WaveFront *.obj file (generated by Autodesk ATF)

mtllib Side_plate_left.mtl

g Body1

v 0.400000 2.000000 0.000000
v 0.374118 1.996593 0.000000
v 0.350000 1.986603 0.000000
v 0.329289 1.970711 0.000000
v 0.313397 1.950000 0.000000
v 0.303407 1.925882 0.000000
v 0.300000 1.900000 0.000000
v 0.300000 1.900000 -0.300000
v 0.303407 1.925882 -0.300000
v 0.313397 1.950000 -0.300000
v 0.329289 1.970711 -0.300000
v 0.350000 1.986603 -0.300000
v 0.374118 1.996593 -0.300000
v 0.400000 2.000000 -0.300000
v 0.300000 0.250000 0.000000
v 0.300000 0.250000 -0.300000
v 1.600000 2.000000 -0.300000
v 1.625882 2.003407 -0.300000
v 1.650000 2.013397 -0.300000
v 1.670711 2.029289 -0.300000
v 1.686603 2.050000 -0.300000
v 1.696593 2.074118 -0.300000
v 1.700000 2.100000 -0.300000
v 1.700000 2.100000 0.000000
v 1.696593 2.074118 0.000000
v 1.686603 2.050000 0.000000
v 1.670711 2.029289 0.000000
v 1.650000 2.013397 0.000000
v 1.625882 2.003407 0.000000
v 1.600000 2.000000 0.000000
v 3.500000 -0.150000 0.000000
v 3.505111 -0.111177 0.000000
v 3.520096 -0.075000 0.000000
v 3.543934 -0.043934 0.000000
v 3.575000 -0.020096 0.000000
v 3.611177 -0.005111 0.000000
v 3.650000 0.000000 0.000000
v 3.688823 -0.005111 0.000000
v 3.725000 -0.020096 0.000000
v 3.756066 -0.043934 0.000000
v 3.779904 -0.075000 0.000000
v 3.794889 -0.111177 0.000000
v 3.800000 -0.150000 0.000000
v 3.794889 -0.188823 0.000000
v 3.779904 -0.225000 0.000000
v 3.756066 -0.256066 0.000000
v 3.725000 -0.279904 0.000000
v 3.688823 -0.294889 0.000000
v 3.650000 -0.300000 0.000000
v 3.611177 -0.294889 0.000000
v 3.575000 -0.279904 0.000000
v 3.543934 -0.256066 0.000000
v 3.520096 -0.225000 0.000000
v 3.505111 -0.188823 0.000000
v 11.000000 1.000000 0.000000
v 11.000000 1.600000 0.000000
v 11.001704 1.612941 0.000000
v 11.006699 1.625000 0.000000
v 11.014645 1.635355 0.000000
v 11.025000 1.643301 0.000000
v 11.037059 1.648296 0.000000
v 11.050000 1.650000 0.000000
v 12.750000 1.650000 0.000000
v 12.762941 1.648296 0.000000
v 12.775000 1.643301 0.000000
v 12.785355 1.635355 0.000000
v 12.793301 1.625000 0.000000
v 12.798296 1.612941 0.000000
v 12.800000 1.600000 0.000000
v 12.800000 1.000000 0.000000
v 12.798296 0.987059 0.000000
v 12.793301 0.975000 0.000000
v 12.785355 0.964645 0.000000
v 12.775000 0.956699 0.000000
v 12.762941 0.951704 0.000000
v 12.750000 0.950000 0.000000
v 11.050000 0.950000 0.000000
v 11.037059 0.951704 0.000000
v 11.025000 0.956699 0.000000
v 11.014645 0.964645 0.000000
v 11.006699 0.975000 0.000000
v 11.001704 0.987059 0.000000
v 6.470000 4.350000 0.000000
v 6.470000 3.850000 0.000000
v 6.580000 3.850000 0.000000
v 6.580000 3.600000 0.000000
v 6.470000 3.600000 0.000000
v 6.470000 3.400000 0.000000
v 6.170000 3.400000 0.000000
v 6.170000 3.600000 0.000000
v 6.060000 3.600000 0.000000
v 6.060000 3.850000 0.000000
v 6.170000 3.850000 0.000000
v 6.170000 4.350000 0.000000
v 1.700000 4.350000 0.000000
v 1.700000 4.650000 0.000000
v 0.700000 4.650000 0.000000
v 0.700000 4.350000 0.000000
v -0.000000 4.350000 0.000000
v 0.000000 0.000000 0.000000
v 2.450000 0.000000 0.000000
v 2.450000 -0.300000 0.000000
v 2.460222 -0.377646 0.000000
v 2.490192 -0.450000 0.000000
v 2.537868 -0.512132 0.000000
v 2.600000 -0.559808 0.000000
v 2.672354 -0.589778 0.000000
v 2.750000 -0.600000 0.000000
v 4.550000 -0.600000 0.000000
v 4.627646 -0.589778 0.000000
v 4.700000 -0.559808 0.000000
v 4.762132 -0.512132 0.000000
v 4.809808 -0.450000 0.000000
v 4.839778 -0.377646 0.000000
v 4.850000 -0.300000 0.000000
v 4.850000 0.000000 0.000000
v 14.400000 0.000000 -0.000000
v 14.400000 0.500000 -0.000000
v 14.100000 0.500000 -0.000000
v 14.100000 0.860000 0.000000
v 13.600000 0.860000 0.000000
v 13.600000 0.750000 0.000000
v 13.350000 0.750000 0.000000
v 13.350000 0.860000 0.000000
v 13.150000 0.860000 0.000000
v 13.150000 1.160000 0.000000
v 13.350000 1.160000 0.000000
v 13.350000 1.270000 0.000000
v 13.600000 1.270000 0.000000
v 13.600000 1.160000 0.000000
v 14.100000 1.160000 0.000000
v 14.100000 1.520000 0.000000
v 14.400000 1.520000 -0.000000
v 14.400000 2.020000 -0.000000
v 9.600000 2.020000 0.000000
v 9.522354 2.030222 0.000000
v 9.450000 2.060192 0.000000
v 9.387868 2.107868 0.000000
v 9.340192 2.170000 0.000000
v 9.310222 2.242354 0.000000
v 9.300000 2.320000 0.000000
v 9.300000 4.650000 0.000000
v 8.300000 4.650000 0.000000
v 8.300000 4.350000 0.000000
v 1.700000 2.650000 0.000000
v 1.703407 2.675882 0.000000
v 1.713397 2.700000 0.000000
v 1.729289 2.720711 0.000000
v 1.750000 2.736603 0.000000
v 1.774118 2.746593 0.000000
v 1.800000 2.750000 0.000000
v 3.500000 2.750000 0.000000
v 3.525882 2.746593 0.000000
v 3.550000 2.736603 0.000000
v 3.570711 2.720711 0.000000
v 3.586603 2.700000 0.000000
v 3.596593 2.675882 0.000000
v 3.600000 2.650000 0.000000
v 3.600000 2.600000 0.000000
v 3.603407 2.574118 0.000000
v 3.613397 2.550000 0.000000
v 3.629289 2.529289 0.000000
v 3.650000 2.513397 0.000000
v 3.674118 2.503407 0.000000
v 3.700000 2.500000 0.000000
v 7.100000 2.500000 0.000000
v 7.125882 2.496593 0.000000
v 7.150000 2.486603 0.000000
v 7.170711 2.470711 0.000000
v 7.186603 2.450000 0.000000
v 7.196593 2.425882 0.000000
v 7.200000 2.400000 0.000000
v 7.200000 2.350000 0.000000
v 7.203407 2.324118 0.000000
v 7.213397 2.300000 0.000000
v 7.229289 2.279289 0.000000
v 7.250000 2.263397 0.000000
v 7.274118 2.253407 0.000000
v 7.300000 2.250000 0.000000
v 8.750000 2.250000 0.000000
v 8.775882 2.246593 0.000000
v 8.800000 2.236603 0.000000
v 8.820711 2.220711 0.000000
v 8.836603 2.200000 0.000000
v 8.846593 2.175882 0.000000
v 8.850000 2.150000 0.000000
v 8.850000 1.550000 0.000000
v 8.853407 1.524118 0.000000
v 8.863397 1.500000 0.000000
v 8.879289 1.479289 0.000000
v 8.900000 1.463397 0.000000
v 8.924118 1.453407 0.000000
v 8.950000 1.450000 0.000000
v 9.950000 1.450000 0.000000
v 9.975882 1.446593 0.000000
v 10.000000 1.436603 0.000000
v 10.020711 1.420711 0.000000
v 10.036603 1.400000 0.000000
v 10.046593 1.375882 0.000000
v 10.050000 1.350000 0.000000
v 10.050000 0.700000 0.000000
v 10.053407 0.674118 0.000000
v 10.063397 0.650000 0.000000
v 10.079289 0.629289 0.000000
v 10.100000 0.613397 0.000000
v 10.124118 0.603407 0.000000
v 10.150000 0.600000 0.000000
v 10.300000 0.600000 0.000000
v 10.325882 0.596593 0.000000
v 10.350000 0.586603 0.000000
v 10.370711 0.570711 0.000000
v 10.386603 0.550000 0.000000
v 10.396593 0.525882 0.000000
v 10.400000 0.500000 0.000000
v 10.400000 0.250000 0.000000
v 1.700000 2.650000 -0.300000
v 1.703407 2.675882 -0.300000
v 1.713397 2.700000 -0.300000
v 1.729289 2.720711 -0.300000
v 1.750000 2.736603 -0.300000
v 1.774118 2.746593 -0.300000
v 1.800000 2.750000 -0.300000
v 3.500000 2.750000 -0.300000
v 3.525882 2.746593 -0.300000
v 3.550000 2.736603 -0.300000
v 3.570711 2.720711 -0.300000
v 3.586603 2.700000 -0.300000
v 3.596593 2.675882 -0.300000
v 3.600000 2.650000 -0.300000
v 3.600000 2.600000 -0.300000
v 3.603407 2.574118 -0.300000
v 3.613397 2.550000 -0.300000
v 3.629289 2.529289 -0.300000
v 3.650000 2.513397 -0.300000
v 3.674118 2.503407 -0.300000
v 3.700000 2.500000 -0.300000
v 7.100000 2.500000 -0.300000
v 7.125882 2.496593 -0.300000
v 7.150000 2.486603 -0.300000
v 7.170711 2.470711 -0.300000
v 7.186603 2.450000 -0.300000
v 7.196593 2.425882 -0.300000
v 7.200000 2.400000 -0.300000
v 7.200000 2.350000 -0.300000
v 7.203407 2.324118 -0.300000
v 7.213397 2.300000 -0.300000
v 7.229289 2.279289 -0.300000
v 7.250000 2.263397 -0.300000
v 7.274118 2.253407 -0.300000
v 7.300000 2.250000 -0.300000
v 8.750000 2.250000 -0.300000
v 8.775882 2.246593 -0.300000
v 8.800000 2.236603 -0.300000
v 8.820711 2.220711 -0.300000
v 8.836603 2.200000 -0.300000
v 8.846593 2.175882 -0.300000
v 8.850000 2.150000 -0.300000
v 8.850000 1.550000 -0.300000
v 8.853407 1.524118 -0.300000
v 8.863397 1.500000 -0.300000
v 8.879289 1.479289 -0.300000
v 8.900000 1.463397 -0.300000
v 8.924118 1.453407 -0.300000
v 8.950000 1.450000 -0.300000
v 9.950000 1.450000 -0.300000
v 9.975882 1.446593 -0.300000
v 10.000000 1.436603 -0.300000
v 10.020711 1.420711 -0.300000
v 10.036603 1.400000 -0.300000
v 10.046593 1.375882 -0.300000
v 10.050000 1.350000 -0.300000
v 10.300000 0.600000 -0.300000
v 10.325882 0.596593 -0.300000
v 10.350000 0.586603 -0.300000
v 10.370711 0.570711 -0.300000
v 10.386603 0.550000 -0.300000
v 10.396593 0.525882 -0.300000
v 10.400000 0.500000 -0.300000
v 10.150000 0.600000 -0.300000
v 10.050000 0.700000 -0.300000
v 10.053407 0.674118 -0.300000
v 10.063397 0.650000 -0.300000
v 10.079289 0.629289 -0.300000
v 10.100000 0.613397 -0.300000
v 10.124118 0.603407 -0.300000
v 10.400000 0.250000 -0.300000
v 3.500000 -0.150000 -0.300000
v 3.505111 -0.188823 -0.300000
v 3.520096 -0.225000 -0.300000
v 3.543934 -0.256066 -0.300000
v 3.575000 -0.279904 -0.300000
v 3.611177 -0.294889 -0.300000
v 3.650000 -0.300000 -0.300000
v 3.688823 -0.294889 -0.300000
v 3.725000 -0.279904 -0.300000
v 3.756066 -0.256066 -0.300000
v 3.779904 -0.225000 -0.300000
v 3.794889 -0.188823 -0.300000
v 3.800000 -0.150000 -0.300000
v 3.794889 -0.111177 -0.300000
v 3.779904 -0.075000 -0.300000
v 3.756066 -0.043934 -0.300000
v 3.725000 -0.020096 -0.300000
v 3.688823 -0.005111 -0.300000
v 3.650000 0.000000 -0.300000
v 3.611177 -0.005111 -0.300000
v 3.575000 -0.020096 -0.300000
v 3.543934 -0.043934 -0.300000
v 3.520096 -0.075000 -0.300000
v 3.505111 -0.111177 -0.300000
v 12.800000 1.000000 -0.300000
v 12.800000 1.600000 -0.300000
v 12.798296 1.612941 -0.300000
v 12.793301 1.625000 -0.300000
v 12.785355 1.635355 -0.300000
v 12.775000 1.643301 -0.300000
v 12.762941 1.648296 -0.300000
v 12.750000 1.650000 -0.300000
v 11.050000 1.650000 -0.300000
v 11.037059 1.648296 -0.300000
v 11.025000 1.643301 -0.300000
v 11.014645 1.635355 -0.300000
v 11.006699 1.625000 -0.300000
v 11.001704 1.612941 -0.300000
v 11.000000 1.600000 -0.300000
v 11.000000 1.000000 -0.300000
v 11.001704 0.987059 -0.300000
v 11.006699 0.975000 -0.300000
v 11.014645 0.964645 -0.300000
v 11.025000 0.956699 -0.300000
v 11.037059 0.951704 -0.300000
v 11.050000 0.950000 -0.300000
v 12.750000 0.950000 -0.300000
v 12.762941 0.951704 -0.300000
v 12.775000 0.956699 -0.300000
v 12.785355 0.964645 -0.300000
v 12.793301 0.975000 -0.300000
v 12.798296 0.987059 -0.300000
v 13.600000 0.860000 -0.300000
v 14.100000 0.860000 -0.300000
v 14.100000 0.500000 -0.300000
v 14.400000 0.500000 -0.300000
v 14.400000 0.000000 -0.300000
v 4.850000 0.000000 -0.300000
v 4.850000 -0.300000 -0.300000
v 4.839778 -0.377646 -0.300000
v 4.809808 -0.450000 -0.300000
v 4.762132 -0.512132 -0.300000
v 4.700000 -0.559808 -0.300000
v 4.627646 -0.589778 -0.300000
v 4.550000 -0.600000 -0.300000
v 2.750000 -0.600000 -0.300000
v 2.672354 -0.589778 -0.300000
v 2.600000 -0.559808 -0.300000
v 2.537868 -0.512132 -0.300000
v 2.490192 -0.450000 -0.300000
v 2.460222 -0.377646 -0.300000
v 2.450000 -0.300000 -0.300000
v 2.450000 0.000000 -0.300000
v 0.000000 0.000000 -0.300000
v -0.000000 4.350000 -0.300000
v 0.700000 4.350000 -0.300000
v 0.700000 4.650000 -0.300000
v 1.700000 4.650000 -0.300000
v 1.700000 4.350000 -0.300000
v 6.170000 4.350000 -0.300000
v 6.170000 3.850000 -0.300000
v 6.060000 3.850000 -0.300000
v 6.060000 3.600000 -0.300000
v 6.170000 3.600000 -0.300000
v 6.170000 3.400000 -0.300000
v 6.470000 3.400000 -0.300000
v 6.470000 3.600000 -0.300000
v 6.580000 3.600000 -0.300000
v 6.580000 3.850000 -0.300000
v 6.470000 3.850000 -0.300000
v 6.470000 4.350000 -0.300000
v 8.300000 4.350000 -0.300000
v 8.300000 4.650000 -0.300000
v 9.300000 4.650000 -0.300000
v 9.300000 2.320000 -0.300000
v 9.310222 2.242354 -0.300000
v 9.340192 2.170000 -0.300000
v 9.387868 2.107868 -0.300000
v 9.450000 2.060192 -0.300000
v 9.522354 2.030222 -0.300000
v 9.600000 2.020000 -0.300000
v 14.400000 2.020000 -0.300000
v 14.400000 1.520000 -0.300000
v 14.100000 1.520000 -0.300000
v 14.100000 1.160000 -0.300000
v 13.600000 1.160000 -0.300000
v 13.600000 1.270000 -0.300000
v 13.350000 1.270000 -0.300000
v 13.350000 1.160000 -0.300000
v 13.150000 1.160000 -0.300000
v 13.150000 0.860000 -0.300000
v 13.350000 0.860000 -0.300000
v 13.350000 0.750000 -0.300000
v 13.600000 0.750000 -0.300000
v 0.550615 3.998174 -0.300000
v 0.550615 3.198174 -0.300000
v 1.350615 3.198174 -0.300000
v 1.350615 3.998174 -0.300000
v 7.200000 4.049454 -0.300000
v 0.550615 3.198174 -0.250000
v 0.550615 3.998174 -0.250000
v 1.350615 3.998174 -0.250000
v 1.350615 3.198174 -0.250000
v 0.600615 3.248174 -0.250000
v 1.300615 3.248174 -0.250000
v 1.300615 3.948174 -0.250000
v 0.600615 3.948174 -0.250000
v 0.600615 3.248174 -0.300000
v 1.300615 3.248174 -0.300000
v 1.300615 3.948174 -0.300000
v 0.600615 3.948174 -0.300000
v 1.199046 3.421912 -0.250000
v 1.178789 3.408456 -0.250000
v 1.157375 3.398283 -0.250000
v 1.134127 3.393320 -0.250000
v 1.109824 3.391352 -0.250000
v 1.079509 3.394843 -0.250000
v 1.051372 3.402983 -0.250000
v 1.038730 3.410097 -0.250000
v 1.026939 3.419028 -0.250000
v 1.004776 3.439920 -0.250000
v 0.991187 3.461450 -0.250000
v 0.980738 3.484051 -0.250000
v 0.975420 3.508400 -0.250000
v 0.973125 3.533781 -0.250000
v 0.975610 3.559673 -0.250000
v 0.981574 3.584197 -0.250000
v 0.993508 3.606374 -0.250000
v 1.009142 3.627096 -0.250000
v 1.028632 3.642503 -0.250000
v 1.049553 3.654437 -0.250000
v 1.072843 3.660624 -0.250000
v 1.097545 3.663385 -0.250000
v 1.117785 3.661217 -0.250000
v 1.137276 3.656762 -0.250000
v 1.155554 3.648604 -0.250000
v 1.173125 3.638283 -0.250000
v 1.151570 3.745786 -0.250000
v 0.991952 3.745786 -0.250000
v 0.991952 3.792717 -0.250000
v 1.190861 3.792717 -0.250000
v 1.229605 3.587260 -0.250000
v 1.183494 3.581257 -0.250000
v 1.177211 3.589525 -0.250000
v 1.170254 3.597069 -0.250000
v 1.162192 3.603427 -0.250000
v 1.153480 3.609088 -0.250000
v 1.143276 3.613778 -0.250000
v 1.132792 3.617383 -0.250000
v 1.121852 3.619214 -0.250000
v 1.110642 3.620002 -0.250000
v 1.093445 3.618357 -0.250000
v 1.077196 3.614357 -0.250000
v 1.062579 3.606300 -0.250000
v 1.048978 3.595718 -0.250000
v 1.038391 3.580871 -0.250000
v 1.030458 3.565038 -0.250000
v 1.026670 3.547665 -0.250000
v 1.025240 3.529415 -0.250000
v 1.026756 3.510025 -0.250000
v 1.030701 3.491504 -0.250000
v 1.038895 3.474504 -0.250000
v 1.049796 3.458474 -0.250000
v 1.062795 3.447262 -0.250000
v 1.076883 3.438507 -0.250000
v 1.092801 3.433876 -0.250000
v 1.109824 3.431734 -0.250000
v 1.123684 3.433138 -0.250000
v 1.136873 3.436327 -0.250000
v 1.148931 3.442529 -0.250000
v 1.160301 3.450561 -0.250000
v 1.170330 3.463100 -0.250000
v 1.178378 3.476596 -0.250000
v 1.183416 3.491548 -0.250000
v 1.186768 3.507314 -0.250000
v 1.238337 3.502949 -0.250000
v 1.233908 3.480039 -0.250000
v 1.226594 3.458547 -0.250000
v 1.214343 3.439481 -0.250000
v 1.199046 3.421912 -0.300000
v 1.178789 3.408456 -0.300000
v 1.157375 3.398283 -0.300000
v 1.134127 3.393320 -0.300000
v 1.109824 3.391352 -0.300000
v 1.079509 3.394843 -0.300000
v 1.051372 3.402983 -0.300000
v 1.038730 3.410097 -0.300000
v 1.026939 3.419028 -0.300000
v 1.004776 3.439920 -0.300000
v 0.991187 3.461450 -0.300000
v 0.980738 3.484051 -0.300000
v 0.975420 3.508400 -0.300000
v 0.973125 3.533781 -0.300000
v 0.975610 3.559673 -0.300000
v 0.981574 3.584197 -0.300000
v 0.993508 3.606374 -0.300000
v 1.009142 3.627096 -0.300000
v 1.028632 3.642503 -0.300000
v 1.049553 3.654437 -0.300000
v 1.072843 3.660624 -0.300000
v 1.097545 3.663385 -0.300000
v 1.117785 3.661217 -0.300000
v 1.137276 3.656762 -0.300000
v 1.155554 3.648604 -0.300000
v 1.173125 3.638283 -0.300000
v 1.151570 3.745786 -0.300000
v 0.991952 3.745786 -0.300000
v 0.991952 3.792717 -0.300000
v 1.190861 3.792717 -0.300000
v 1.229605 3.587260 -0.300000
v 1.183494 3.581257 -0.300000
v 1.177211 3.589525 -0.300000
v 1.170254 3.597069 -0.300000
v 1.162192 3.603427 -0.300000
v 1.153480 3.609088 -0.300000
v 1.143276 3.613778 -0.300000
v 1.132792 3.617383 -0.300000
v 1.121852 3.619214 -0.300000
v 1.110642 3.620002 -0.300000
v 1.093445 3.618357 -0.300000
v 1.077196 3.614357 -0.300000
v 1.062579 3.606300 -0.300000
v 1.048978 3.595718 -0.300000
v 1.038391 3.580871 -0.300000
v 1.030458 3.565038 -0.300000
v 1.026670 3.547665 -0.300000
v 1.025240 3.529415 -0.300000
v 1.026756 3.510025 -0.300000
v 1.030701 3.491504 -0.300000
v 1.038895 3.474504 -0.300000
v 1.049796 3.458474 -0.300000
v 1.062795 3.447262 -0.300000
v 1.076883 3.438507 -0.300000
v 1.092801 3.433876 -0.300000
v 1.109824 3.431734 -0.300000
v 1.123684 3.433138 -0.300000
v 1.136873 3.436327 -0.300000
v 1.148931 3.442529 -0.300000
v 1.160301 3.450561 -0.300000
v 1.170330 3.463100 -0.300000
v 1.178378 3.476596 -0.300000
v 1.183416 3.491548 -0.300000
v 1.186768 3.507314 -0.300000
v 1.238337 3.502949 -0.300000
v 1.233908 3.480039 -0.300000
v 1.226594 3.458547 -0.300000
v 1.214343 3.439481 -0.300000
v 0.868623 3.434463 -0.250000
v 0.852383 3.416443 -0.250000
v 0.843603 3.408677 -0.250000
v 0.834030 3.402402 -0.250000
v 0.823486 3.397956 -0.250000
v 0.812144 3.395012 -0.250000
v 0.788132 3.391625 -0.250000
v 0.762947 3.395013 -0.250000
v 0.739467 3.402146 -0.250000
v 0.718775 3.415406 -0.250000
v 0.699728 3.432280 -0.250000
v 0.682909 3.458497 -0.250000
v 0.670516 3.486209 -0.250000
v 0.664831 3.516184 -0.250000
v 0.662893 3.547423 -0.250000
v 0.663521 3.562390 -0.250000
v 0.664985 3.577232 -0.250000
v 0.667869 3.591861 -0.250000
v 0.671625 3.606359 -0.250000
v 0.676213 3.618866 -0.250000
v 0.681588 3.630961 -0.250000
v 0.688323 3.642347 -0.250000
v 0.695908 3.653290 -0.250000
v 0.704415 3.662562 -0.250000
v 0.713647 3.670897 -0.250000
v 0.724070 3.677692 -0.250000
v 0.735199 3.683576 -0.250000
v 0.747406 3.688206 -0.250000
v 0.759839 3.691794 -0.250000
v 0.772646 3.693657 -0.250000
v 0.785676 3.694490 -0.250000
v 0.808749 3.691332 -0.250000
v 0.819732 3.688621 -0.250000
v 0.830051 3.684551 -0.250000
v 0.839567 3.678836 -0.250000
v 0.848432 3.671789 -0.250000
v 0.865076 3.655472 -0.250000
v 0.865076 3.798174 -0.250000
v 0.914189 3.798174 -0.250000
v 0.914189 3.398174 -0.250000
v 0.868623 3.398174 -0.250000
v 0.845704 3.626004 -0.250000
v 0.833978 3.637463 -0.250000
v 0.821089 3.646566 -0.250000
v 0.813876 3.649561 -0.250000
v 0.806192 3.651605 -0.250000
v 0.790042 3.654108 -0.250000
v 0.774301 3.651781 -0.250000
v 0.766807 3.649847 -0.250000
v 0.759766 3.646990 -0.250000
v 0.747184 3.638209 -0.250000
v 0.735745 3.627096 -0.250000
v 0.724952 3.607664 -0.250000
v 0.717249 3.587324 -0.250000
v 0.713972 3.565681 -0.250000
v 0.713098 3.543330 -0.250000
v 0.714127 3.520995 -0.250000
v 0.717607 3.499401 -0.250000
v 0.725557 3.479158 -0.250000
v 0.736563 3.459838 -0.250000
v 0.748320 3.448473 -0.250000
v 0.761225 3.439453 -0.250000
v 0.768436 3.436491 -0.250000
v 0.776109 3.434472 -0.250000
v 0.792225 3.432007 -0.250000
v 0.811531 3.435367 -0.250000
v 0.820551 3.438118 -0.250000
v 0.828811 3.442155 -0.250000
v 0.836180 3.447702 -0.250000
v 0.842840 3.454447 -0.250000
v 0.854981 3.469934 -0.250000
v 0.862006 3.488027 -0.250000
v 0.866873 3.506576 -0.250000
v 0.868802 3.525744 -0.250000
v 0.869169 3.545240 -0.250000
v 0.868063 3.566908 -0.250000
v 0.864530 3.587822 -0.250000
v 0.856600 3.607373 -0.250000
v 0.868623 3.434463 -0.300000
v 0.852383 3.416443 -0.300000
v 0.843603 3.408677 -0.300000
v 0.834030 3.402402 -0.300000
v 0.823486 3.397956 -0.300000
v 0.812144 3.395012 -0.300000
v 0.788132 3.391625 -0.300000
v 0.762947 3.395013 -0.300000
v 0.739467 3.402146 -0.300000
v 0.718775 3.415406 -0.300000
v 0.699728 3.432280 -0.300000
v 0.682909 3.458497 -0.300000
v 0.670516 3.486209 -0.300000
v 0.664831 3.516184 -0.300000
v 0.662893 3.547423 -0.300000
v 0.663521 3.562390 -0.300000
v 0.664985 3.577232 -0.300000
v 0.667869 3.591861 -0.300000
v 0.671625 3.606359 -0.300000
v 0.676213 3.618866 -0.300000
v 0.681588 3.630961 -0.300000
v 0.688323 3.642347 -0.300000
v 0.695908 3.653290 -0.300000
v 0.704415 3.662562 -0.300000
v 0.713647 3.670897 -0.300000
v 0.724070 3.677692 -0.300000
v 0.735199 3.683576 -0.300000
v 0.747406 3.688206 -0.300000
v 0.759839 3.691794 -0.300000
v 0.772646 3.693657 -0.300000
v 0.785676 3.694490 -0.300000
v 0.808749 3.691332 -0.300000
v 0.819732 3.688621 -0.300000
v 0.830051 3.684551 -0.300000
v 0.839567 3.678836 -0.300000
v 0.848432 3.671789 -0.300000
v 0.865076 3.655472 -0.300000
v 0.865076 3.798174 -0.300000
v 0.914189 3.798174 -0.300000
v 0.914189 3.398174 -0.300000
v 0.868623 3.398174 -0.300000
v 0.845704 3.626004 -0.300000
v 0.833978 3.637463 -0.300000
v 0.821089 3.646566 -0.300000
v 0.813876 3.649561 -0.300000
v 0.806192 3.651605 -0.300000
v 0.790042 3.654108 -0.300000
v 0.774301 3.651781 -0.300000
v 0.766807 3.649847 -0.300000
v 0.759766 3.646990 -0.300000
v 0.747184 3.638209 -0.300000
v 0.735745 3.627096 -0.300000
v 0.724952 3.607664 -0.300000
v 0.717249 3.587324 -0.300000
v 0.713972 3.565681 -0.300000
v 0.713098 3.543330 -0.300000
v 0.714127 3.520995 -0.300000
v 0.717607 3.499401 -0.300000
v 0.725557 3.479158 -0.300000
v 0.736563 3.459838 -0.300000
v 0.748320 3.448473 -0.300000
v 0.761225 3.439453 -0.300000
v 0.768436 3.436491 -0.300000
v 0.776109 3.434472 -0.300000
v 0.792225 3.432007 -0.300000
v 0.811531 3.435367 -0.300000
v 0.820551 3.438118 -0.300000
v 0.828811 3.442155 -0.300000
v 0.836180 3.447702 -0.300000
v 0.842840 3.454447 -0.300000
v 0.854981 3.469934 -0.300000
v 0.862006 3.488027 -0.300000
v 0.866873 3.506576 -0.300000
v 0.868802 3.525744 -0.300000
v 0.869169 3.545240 -0.300000
v 0.868063 3.566908 -0.300000
v 0.864530 3.587822 -0.300000
v 0.856600 3.607373 -0.300000
vt 0.135000 0.078540 0.000000
vt -0.165000 0.078540 0.000000
vt 0.135000 0.052360 0.000000
vt -0.165000 0.052360 0.000000
vt 0.135000 0.026180 0.000000
vt -0.165000 0.026180 0.000000
vt 0.135000 0.000000 0.000000
vt -0.165000 0.000000 0.000000
vt 0.135000 -0.026180 0.000000
vt -0.165000 -0.026180 0.000000
vt 0.135000 -0.052360 0.000000
vt -0.165000 -0.052360 0.000000
vt 0.135000 -0.078540 0.000000
vt -0.165000 -0.078540 0.000000
vt -0.030000 1.650000 0.000000
vt -0.330000 1.650000 0.000000
vt -0.030000 0.000000 0.000000
vt -0.330000 0.000000 0.000000
vt 0.150000 0.078540 0.000000
vt -0.150000 0.078540 0.000000
vt 0.150000 0.052360 0.000000
vt -0.150000 0.052360 0.000000
vt 0.150000 0.026180 0.000000
vt -0.150000 0.026180 0.000000
vt 0.150000 -0.000000 0.000000
vt -0.150000 -0.000000 0.000000
vt 0.150000 -0.026180 0.000000
vt -0.150000 -0.026180 0.000000
vt 0.150000 -0.052360 0.000000
vt -0.150000 -0.052360 0.000000
vt 0.150000 -0.078540 0.000000
vt -0.150000 -0.078540 0.000000
vt 3.505111 -0.111177 0.000000
vt 2.450000 0.000000 0.000000
vt 3.500000 -0.150000 0.000000
vt 2.450000 -0.300000 0.000000
vt 3.505111 -0.188823 0.000000
vt 2.750000 -0.600000 0.000000
vt 3.520096 -0.225000 0.000000
vt 3.543934 -0.256066 0.000000
vt 3.575000 -0.279904 0.000000
vt 3.611177 -0.294889 0.000000
vt 3.650000 -0.300000 0.000000
vt 4.550000 -0.600000 0.000000
vt 3.688823 -0.294889 0.000000
vt 3.725000 -0.279904 0.000000
vt 3.756066 -0.256066 0.000000
vt 3.779904 -0.225000 0.000000
vt 3.794889 -0.188823 0.000000
vt 4.850000 -0.300000 0.000000
vt 3.800000 -0.150000 0.000000
vt 4.850000 0.000000 0.000000
vt 3.794889 -0.111177 0.000000
vt 3.779904 -0.075000 0.000000
vt 3.756066 -0.043934 0.000000
vt 3.725000 -0.020096 0.000000
vt 3.688823 -0.005111 0.000000
vt 3.650000 0.000000 0.000000
vt 0.300000 0.250000 0.000000
vt 0.000000 0.000000 0.000000
vt 0.300000 1.900000 0.000000
vt -0.000000 4.350000 0.000000
vt 0.303407 1.925882 0.000000
vt 0.313397 1.950000 0.000000
vt 3.520096 -0.075000 0.000000
vt 3.543934 -0.043934 0.000000
vt 3.575000 -0.020096 0.000000
vt 3.611177 -0.005111 0.000000
vt 11.000000 1.600000 0.000000
vt 10.050000 1.350000 0.000000
vt 11.000000 1.000000 0.000000
vt 10.050000 0.700000 0.000000
vt 10.325882 0.596593 0.000000
vt 10.300000 0.600000 0.000000
vt 10.150000 0.600000 0.000000
vt 10.053407 0.674118 0.000000
vt 10.063397 0.650000 0.000000
vt 11.001704 1.612941 0.000000
vt 10.020711 1.420711 0.000000
vt 10.036603 1.400000 0.000000
vt 10.046593 1.375882 0.000000
vt 10.000000 1.436603 0.000000
vt 11.006699 1.625000 0.000000
vt 11.014645 1.635355 0.000000
vt 11.025000 1.643301 0.000000
vt 9.600000 2.020000 0.000000
vt 9.975882 1.446593 0.000000
vt 11.037059 1.648296 0.000000
vt 11.050000 1.650000 0.000000
vt 12.750000 1.650000 0.000000
vt 14.400000 2.020000 0.000000
vt 12.762941 1.648296 0.000000
vt 12.775000 1.643301 0.000000
vt 12.785355 1.635355 0.000000
vt 14.100000 1.520000 0.000000
vt 14.400000 1.520000 0.000000
vt 12.793301 1.625000 0.000000
vt 13.600000 1.270000 0.000000
vt 14.100000 1.160000 0.000000
vt 13.600000 1.160000 0.000000
vt 13.350000 1.270000 0.000000
vt 12.798296 1.612941 0.000000
vt 12.800000 1.600000 0.000000
vt 13.150000 1.160000 0.000000
vt 12.800000 1.000000 0.000000
vt 13.150000 0.860000 0.000000
vt 12.798296 0.987059 0.000000
vt 12.793301 0.975000 0.000000
vt 12.785355 0.964645 0.000000
vt 12.775000 0.956699 0.000000
vt 12.762941 0.951704 0.000000
vt 12.750000 0.950000 0.000000
vt 13.350000 0.750000 0.000000
vt 13.350000 0.860000 0.000000
vt 10.400000 0.250000 0.000000
vt 11.050000 0.950000 0.000000
vt 10.400000 0.500000 0.000000
vt 10.396593 0.525882 0.000000
vt 11.037059 0.951704 0.000000
vt 10.386603 0.550000 0.000000
vt 11.025000 0.956699 0.000000
vt 10.370711 0.570711 0.000000
vt 11.014645 0.964645 0.000000
vt 10.350000 0.586603 0.000000
vt 11.006699 0.975000 0.000000
vt 11.001704 0.987059 0.000000
vt 6.470000 3.850000 0.000000
vt 6.580000 3.850000 0.000000
vt 6.470000 4.350000 0.000000
vt 8.300000 4.350000 0.000000
vt 6.580000 3.600000 0.000000
vt 7.150000 2.486603 0.000000
vt 7.125882 2.496593 0.000000
vt 6.470000 3.400000 0.000000
vt 7.100000 2.500000 0.000000
vt 6.170000 3.400000 0.000000
vt 3.700000 2.500000 0.000000
vt 3.586603 2.700000 0.000000
vt 3.596593 2.675882 0.000000
vt 6.470000 3.600000 0.000000
vt 6.170000 3.600000 0.000000
vt 6.060000 3.600000 0.000000
vt 6.060000 3.850000 0.000000
vt 3.550000 2.736603 0.000000
vt 3.570711 2.720711 0.000000
vt 6.170000 3.850000 0.000000
vt 6.170000 4.350000 0.000000
vt 1.700000 4.350000 0.000000
vt 3.525882 2.746593 0.000000
vt 3.500000 2.750000 0.000000
vt 1.800000 2.750000 0.000000
vt 1.774118 2.746593 0.000000
vt 0.700000 4.350000 0.000000
vt 1.750000 2.736603 0.000000
vt 1.729289 2.720711 0.000000
vt 1.713397 2.700000 0.000000
vt 0.400000 2.000000 0.000000
vt 0.374118 1.996593 0.000000
vt 0.350000 1.986603 0.000000
vt 0.329289 1.970711 0.000000
vt 1.700000 4.650000 0.000000
vt 0.700000 4.650000 0.000000
vt 2.460222 -0.377646 0.000000
vt 2.490192 -0.450000 0.000000
vt 2.537868 -0.512132 0.000000
vt 2.600000 -0.559808 0.000000
vt 2.672354 -0.589778 0.000000
vt 4.627646 -0.589778 0.000000
vt 4.700000 -0.559808 0.000000
vt 4.762132 -0.512132 0.000000
vt 4.809808 -0.450000 0.000000
vt 4.839778 -0.377646 0.000000
vt 14.400000 0.000000 0.000000
vt 14.100000 0.500000 0.000000
vt 13.600000 0.750000 0.000000
vt 14.100000 0.860000 0.000000
vt 13.600000 0.860000 0.000000
vt 14.400000 0.500000 0.000000
vt 13.350000 1.160000 0.000000
vt 9.950000 1.450000 0.000000
vt 9.522354 2.030222 0.000000
vt 8.950000 1.450000 0.000000
vt 8.850000 1.550000 0.000000
vt 8.853407 1.524118 0.000000
vt 9.450000 2.060192 0.000000
vt 9.387868 2.107868 0.000000
vt 8.850000 2.150000 0.000000
vt 9.340192 2.170000 0.000000
vt 9.310222 2.242354 0.000000
vt 9.300000 2.320000 0.000000
vt 8.836603 2.200000 0.000000
vt 8.846593 2.175882 0.000000
vt 9.300000 4.650000 0.000000
vt 8.750000 2.250000 0.000000
vt 8.775882 2.246593 0.000000
vt 8.300000 4.650000 0.000000
vt 1.625882 2.003407 0.000000
vt 1.650000 2.013397 0.000000
vt 1.600000 2.000000 0.000000
vt 1.670711 2.029289 0.000000
vt 1.686603 2.050000 0.000000
vt 1.696593 2.074118 0.000000
vt 1.700000 2.100000 0.000000
vt 1.700000 2.650000 0.000000
vt 1.703407 2.675882 0.000000
vt 3.600000 2.650000 0.000000
vt 3.600000 2.600000 0.000000
vt 3.603407 2.574118 0.000000
vt 3.613397 2.550000 0.000000
vt 3.629289 2.529289 0.000000
vt 3.650000 2.513397 0.000000
vt 3.674118 2.503407 0.000000
vt 7.170711 2.470711 0.000000
vt 7.186603 2.450000 0.000000
vt 7.196593 2.425882 0.000000
vt 7.300000 2.250000 0.000000
vt 7.200000 2.400000 0.000000
vt 7.200000 2.350000 0.000000
vt 7.203407 2.324118 0.000000
vt 7.213397 2.300000 0.000000
vt 7.229289 2.279289 0.000000
vt 7.250000 2.263397 0.000000
vt 7.274118 2.253407 0.000000
vt 8.800000 2.236603 0.000000
vt 8.820711 2.220711 0.000000
vt 8.863397 1.500000 0.000000
vt 8.879289 1.479289 0.000000
vt 8.900000 1.463397 0.000000
vt 8.924118 1.453407 0.000000
vt 10.079289 0.629289 0.000000
vt 10.100000 0.613397 0.000000
vt 10.124118 0.603407 0.000000
vt -0.300000 -0.100000 0.000000
vt -0.000000 -0.100000 0.000000
vt -0.300000 0.450000 0.000000
vt -0.000000 0.450000 0.000000
vt 0.150000 0.078540 0.000000
vt -0.150000 0.078540 0.000000
vt 0.150000 0.052360 0.000000
vt -0.150000 0.052360 0.000000
vt 0.150000 0.026180 0.000000
vt -0.150000 0.026180 0.000000
vt 0.150000 0.000000 0.000000
vt -0.150000 0.000000 0.000000
vt 0.150000 -0.026180 0.000000
vt -0.150000 -0.026180 0.000000
vt 0.150000 -0.052360 0.000000
vt -0.150000 -0.052360 0.000000
vt 0.150000 -0.078540 0.000000
vt -0.150000 -0.078540 0.000000
vt 0.300000 0.078540 0.000000
vt -0.000000 0.078540 0.000000
vt 0.300000 0.052360 0.000000
vt 0.000000 0.052360 0.000000
vt 0.300000 0.026180 0.000000
vt -0.000000 0.026180 0.000000
vt 0.300000 0.000000 0.000000
vt 0.000000 0.000000 0.000000
vt 0.300000 -0.026180 0.000000
vt -0.000000 -0.026180 0.000000
vt 0.300000 -0.052360 0.000000
vt 0.000000 -0.052360 0.000000
vt 0.300000 -0.078540 0.000000
vt -0.000000 -0.078540 0.000000
vt -0.100000 0.300000 0.000000
vt -1.800000 0.300000 0.000000
vt -0.100000 0.000000 0.000000
vt -1.800000 0.000000 0.000000
vt 0.300000 0.078540 0.000000
vt -0.000000 0.078540 0.000000
vt 0.300000 0.052360 0.000000
vt -0.000000 0.052360 0.000000
vt 0.300000 0.026180 0.000000
vt -0.000000 0.026180 0.000000
vt 0.300000 -0.000000 0.000000
vt -0.000000 -0.000000 0.000000
vt 0.300000 -0.026180 0.000000
vt -0.000000 -0.026180 0.000000
vt 0.300000 -0.052360 0.000000
vt -0.000000 -0.052360 0.000000
vt 0.300000 -0.078540 0.000000
vt -0.000000 -0.078540 0.000000
vt -0.100000 0.300000 0.000000
vt -3.500000 0.300000 0.000000
vt -0.100000 0.000000 0.000000
vt -3.500000 0.000000 0.000000
vt 0.300000 0.078540 0.000000
vt 0.000000 0.078540 0.000000
vt 0.300000 0.052360 0.000000
vt -0.000000 0.052360 0.000000
vt 0.300000 0.026180 0.000000
vt 0.000000 0.026180 0.000000
vt 0.300000 0.000000 0.000000
vt 0.000000 0.000000 0.000000
vt 0.300000 -0.026180 0.000000
vt -0.000000 -0.026180 0.000000
vt 0.300000 -0.052360 0.000000
vt 0.000000 -0.052360 0.000000
vt 0.300000 -0.078540 0.000000
vt -0.000000 -0.078540 0.000000
vt 0.300000 0.078540 0.000000
vt -0.000000 0.078540 0.000000
vt 0.300000 0.052360 0.000000
vt -0.000000 0.052360 0.000000
vt 0.300000 0.026180 0.000000
vt -0.000000 0.026180 0.000000
vt 0.300000 0.000000 0.000000
vt -0.000000 0.000000 0.000000
vt 0.300000 -0.026180 0.000000
vt -0.000000 -0.026180 0.000000
vt 0.300000 -0.052360 0.000000
vt -0.000000 -0.052360 0.000000
vt 0.300000 -0.078540 0.000000
vt -0.000000 -0.078540 0.000000
vt -0.100000 0.300000 0.000000
vt -1.550000 0.300000 0.000000
vt -0.100000 0.000000 0.000000
vt -1.550000 0.000000 0.000000
vt 0.135000 0.078540 0.000000
vt -0.165000 0.078540 0.000000
vt 0.135000 0.052360 0.000000
vt -0.165000 0.052360 0.000000
vt 0.135000 0.026180 0.000000
vt -0.165000 0.026180 0.000000
vt 0.135000 0.000000 0.000000
vt -0.165000 0.000000 0.000000
vt 0.135000 -0.026180 0.000000
vt -0.165000 -0.026180 0.000000
vt 0.135000 -0.052360 0.000000
vt -0.165000 -0.052360 0.000000
vt 0.135000 -0.078540 0.000000
vt -0.165000 -0.078540 0.000000
vt 0.135000 0.078540 0.000000
vt -0.165000 0.078540 0.000000
vt 0.135000 0.052360 0.000000
vt -0.165000 0.052360 0.000000
vt 0.135000 0.026180 0.000000
vt -0.165000 0.026180 0.000000
vt 0.135000 0.000000 0.000000
vt -0.165000 0.000000 0.000000
vt 0.135000 -0.026180 0.000000
vt -0.165000 -0.026180 0.000000
vt 0.135000 -0.052360 0.000000
vt -0.165000 -0.052360 0.000000
vt 0.135000 -0.078540 0.000000
vt -0.165000 -0.078540 0.000000
vt -0.100000 0.300000 0.000000
vt -1.100000 0.300000 0.000000
vt -0.100000 0.000000 0.000000
vt -1.100000 0.000000 0.000000
vt 0.135000 0.078540 0.000000
vt -0.165000 0.078540 0.000000
vt 0.135000 0.052360 0.000000
vt -0.165000 0.052360 0.000000
vt 0.135000 0.026180 0.000000
vt -0.165000 0.026180 0.000000
vt 0.135000 -0.000000 0.000000
vt -0.165000 -0.000000 0.000000
vt 0.135000 -0.026180 0.000000
vt -0.165000 -0.026180 0.000000
vt 0.135000 -0.052360 0.000000
vt -0.165000 -0.052360 0.000000
vt 0.135000 -0.078540 0.000000
vt -0.165000 -0.078540 0.000000
vt 0.135000 0.078540 0.000000
vt -0.165000 0.078540 0.000000
vt 0.135000 0.052360 0.000000
vt -0.165000 0.052360 0.000000
vt 0.135000 0.026180 0.000000
vt -0.165000 0.026180 0.000000
vt 0.135000 0.000000 0.000000
vt -0.165000 0.000000 0.000000
vt 0.135000 -0.026180 0.000000
vt -0.165000 -0.026180 0.000000
vt 0.135000 -0.052360 0.000000
vt -0.165000 -0.052360 0.000000
vt 0.135000 -0.078540 0.000000
vt -0.165000 -0.078540 0.000000
vt -0.250000 0.000000 0.000000
vt -0.100000 0.000000 0.000000
vt -0.250000 0.300000 0.000000
vt -0.100000 0.300000 0.000000
vt 0.135000 0.078540 0.000000
vt -0.165000 0.078540 0.000000
vt 0.135000 0.052360 0.000000
vt -0.165000 0.052360 0.000000
vt 0.135000 0.026180 0.000000
vt -0.165000 0.026180 0.000000
vt 0.135000 0.000000 0.000000
vt -0.165000 0.000000 0.000000
vt 0.135000 -0.026180 0.000000
vt -0.165000 -0.026180 0.000000
vt 0.135000 -0.052360 0.000000
vt -0.165000 -0.052360 0.000000
vt 0.135000 -0.078540 0.000000
vt -0.165000 -0.078540 0.000000
vt -0.100000 0.300000 0.000000
vt -1.300000 0.300000 0.000000
vt -0.100000 0.000000 0.000000
vt -1.300000 0.000000 0.000000
vt -1.700000 2.650000 0.000000
vt -1.700000 2.100000 0.000000
vt -1.600000 2.000000 0.000000
vt -1.696593 2.074118 0.000000
vt -1.686603 2.050000 0.000000
vt -1.670711 2.029289 0.000000
vt -1.650000 2.013397 0.000000
vt -1.625882 2.003407 0.000000
vt -0.400000 2.000000 0.000000
vt -0.550615 3.198174 0.000000
vt -1.703407 2.675882 0.000000
vt -1.350615 3.198174 0.000000
vt -1.713397 2.700000 0.000000
vt -1.729289 2.720711 0.000000
vt -1.750000 2.736603 0.000000
vt -1.774118 2.746593 0.000000
vt -1.800000 2.750000 0.000000
vt -3.500000 2.750000 0.000000
vt -1.350615 3.998174 0.000000
vt -1.700000 4.350000 0.000000
vt -0.700000 4.350000 0.000000
vt -1.700000 4.650000 0.000000
vt -0.700000 4.650000 0.000000
vt -0.374118 1.996593 0.000000
vt -0.350000 1.986603 0.000000
vt -0.329289 1.970711 0.000000
vt -0.313397 1.950000 0.000000
vt 0.000000 4.350000 0.000000
vt -0.550615 3.998174 0.000000
vt -0.303407 1.925882 0.000000
vt -0.300000 1.900000 0.000000
vt -0.000000 0.000000 0.000000
vt -0.300000 0.250000 0.000000
vt -2.450000 0.000000 0.000000
vt -3.650000 0.000000 0.000000
vt -3.611177 -0.005111 0.000000
vt -4.850000 0.000000 0.000000
vt -10.400000 0.250000 0.000000
vt -14.400000 0.000000 0.000000
vt -13.350000 0.750000 0.000000
vt -14.100000 0.500000 0.000000
vt -13.600000 0.750000 0.000000
vt -14.100000 0.860000 0.000000
vt -13.600000 0.860000 0.000000
vt -10.400000 0.500000 0.000000
vt -11.050000 0.950000 0.000000
vt -12.750000 0.950000 0.000000
vt -13.150000 0.860000 0.000000
vt -13.350000 0.860000 0.000000
vt -10.396593 0.525882 0.000000
vt -11.037059 0.951704 0.000000
vt -10.386603 0.550000 0.000000
vt -11.025000 0.956699 0.000000
vt -10.370711 0.570711 0.000000
vt -11.014645 0.964645 0.000000
vt -10.350000 0.586603 0.000000
vt -11.006699 0.975000 0.000000
vt -10.325882 0.596593 0.000000
vt -11.001704 0.987059 0.000000
vt -11.000000 1.000000 0.000000
vt -10.050000 0.700000 0.000000
vt -10.050000 1.350000 0.000000
vt -10.300000 0.600000 0.000000
vt -10.150000 0.600000 0.000000
vt -10.053407 0.674118 0.000000
vt -10.063397 0.650000 0.000000
vt -10.079289 0.629289 0.000000
vt -10.100000 0.613397 0.000000
vt -10.124118 0.603407 0.000000
vt -11.000000 1.600000 0.000000
vt -10.046593 1.375882 0.000000
vt -10.036603 1.400000 0.000000
vt -10.020711 1.420711 0.000000
vt -11.001704 1.612941 0.000000
vt -10.000000 1.436603 0.000000
vt -11.006699 1.625000 0.000000
vt -11.014645 1.635355 0.000000
vt -9.975882 1.446593 0.000000
vt -9.600000 2.020000 0.000000
vt -9.950000 1.450000 0.000000
vt -9.522354 2.030222 0.000000
vt -8.950000 1.450000 0.000000
vt -8.850000 1.550000 0.000000
vt -8.853407 1.524118 0.000000
vt -8.863397 1.500000 0.000000
vt -8.879289 1.479289 0.000000
vt -8.900000 1.463397 0.000000
vt -8.924118 1.453407 0.000000
vt -8.850000 2.150000 0.000000
vt -9.387868 2.107868 0.000000
vt -9.450000 2.060192 0.000000
vt -8.846593 2.175882 0.000000
vt -9.310222 2.242354 0.000000
vt -9.340192 2.170000 0.000000
vt -8.836603 2.200000 0.000000
vt -9.300000 2.320000 0.000000
vt -8.820711 2.220711 0.000000
vt -8.800000 2.236603 0.000000
vt -8.775882 2.246593 0.000000
vt -8.750000 2.250000 0.000000
vt -8.300000 4.350000 0.000000
vt -7.200000 4.049454 0.000000
vt -6.470000 4.350000 0.000000
vt -6.580000 3.850000 0.000000
vt -6.470000 3.850000 0.000000
vt -7.300000 2.250000 0.000000
vt -7.196593 2.425882 0.000000
vt -7.186603 2.450000 0.000000
vt -7.170711 2.470711 0.000000
vt -7.274118 2.253407 0.000000
vt -7.250000 2.263397 0.000000
vt -7.229289 2.279289 0.000000
vt -7.213397 2.300000 0.000000
vt -7.203407 2.324118 0.000000
vt -7.200000 2.350000 0.000000
vt -7.200000 2.400000 0.000000
vt -7.150000 2.486603 0.000000
vt -7.125882 2.496593 0.000000
vt -6.580000 3.600000 0.000000
vt -6.470000 3.400000 0.000000
vt -7.100000 2.500000 0.000000
vt -6.170000 3.400000 0.000000
vt -3.700000 2.500000 0.000000
vt -3.586603 2.700000 0.000000
vt -3.596593 2.675882 0.000000
vt -3.600000 2.650000 0.000000
vt -3.600000 2.600000 0.000000
vt -3.603407 2.574118 0.000000
vt -3.613397 2.550000 0.000000
vt -3.629289 2.529289 0.000000
vt -3.650000 2.513397 0.000000
vt -3.674118 2.503407 0.000000
vt -6.060000 3.600000 0.000000
vt -3.570711 2.720711 0.000000
vt -3.550000 2.736603 0.000000
vt -6.060000 3.850000 0.000000
vt -3.525882 2.746593 0.000000
vt -3.505111 -0.188823 0.000000
vt -2.450000 -0.300000 0.000000
vt -3.500000 -0.150000 0.000000
vt -3.505111 -0.111177 0.000000
vt -3.520096 -0.075000 0.000000
vt -3.543934 -0.043934 0.000000
vt -3.575000 -0.020096 0.000000
vt -2.750000 -0.600000 0.000000
vt -3.520096 -0.225000 0.000000
vt -3.543934 -0.256066 0.000000
vt -3.575000 -0.279904 0.000000
vt -3.611177 -0.294889 0.000000
vt -3.650000 -0.300000 0.000000
vt -4.550000 -0.600000 0.000000
vt -3.688823 -0.294889 0.000000
vt -3.725000 -0.279904 0.000000
vt -3.756066 -0.256066 0.000000
vt -3.779904 -0.225000 0.000000
vt -3.794889 -0.188823 0.000000
vt -4.850000 -0.300000 0.000000
vt -3.800000 -0.150000 0.000000
vt -3.794889 -0.111177 0.000000
vt -3.779904 -0.075000 0.000000
vt -3.756066 -0.043934 0.000000
vt -3.725000 -0.020096 0.000000
vt -3.688823 -0.005111 0.000000
vt -12.800000 1.600000 0.000000
vt -13.150000 1.160000 0.000000
vt -12.800000 1.000000 0.000000
vt -12.798296 0.987059 0.000000
vt -12.793301 0.975000 0.000000
vt -12.785355 0.964645 0.000000
vt -12.775000 0.956699 0.000000
vt -12.762941 0.951704 0.000000
vt -13.350000 1.270000 0.000000
vt -12.798296 1.612941 0.000000
vt -12.793301 1.625000 0.000000
vt -12.785355 1.635355 0.000000
vt -14.100000 1.520000 0.000000
vt -13.600000 1.270000 0.000000
vt -14.400000 2.020000 0.000000
vt -12.775000 1.643301 0.000000
vt -12.762941 1.648296 0.000000
vt -12.750000 1.650000 0.000000
vt -11.050000 1.650000 0.000000
vt -11.037059 1.648296 0.000000
vt -11.025000 1.643301 0.000000
vt -14.400000 0.500000 0.000000
vt -4.839778 -0.377646 0.000000
vt -4.809808 -0.450000 0.000000
vt -4.762132 -0.512132 0.000000
vt -4.700000 -0.559808 0.000000
vt -4.627646 -0.589778 0.000000
vt -2.672354 -0.589778 0.000000
vt -2.600000 -0.559808 0.000000
vt -2.537868 -0.512132 0.000000
vt -2.490192 -0.450000 0.000000
vt -2.460222 -0.377646 0.000000
vt -6.170000 4.350000 0.000000
vt -6.170000 3.850000 0.000000
vt -6.170000 3.600000 0.000000
vt -6.470000 3.600000 0.000000
vt -8.300000 4.650000 0.000000
vt -9.300000 4.650000 0.000000
vt -14.400000 1.520000 0.000000
vt -14.100000 1.160000 0.000000
vt -13.600000 1.160000 0.000000
vt -13.350000 1.160000 0.000000
vt 0.330000 0.300000 0.000000
vt 0.030000 0.300000 0.000000
vt 0.330000 -0.350000 0.000000
vt 0.030000 -0.350000 0.000000
vt 0.330000 0.300000 0.000000
vt 0.030000 0.300000 0.000000
vt 0.330000 -0.300000 0.000000
vt 0.030000 -0.300000 0.000000
vt 0.000000 0.300000 0.000000
vt -0.050000 0.300000 0.000000
vt 0.000000 0.000000 0.000000
vt -0.050000 0.000000 0.000000
vt -0.000000 0.300000 0.000000
vt -0.050000 0.300000 0.000000
vt -0.000000 0.000000 0.000000
vt -0.050000 0.000000 0.000000
vt -0.550615 3.998174 0.000000
vt -0.600615 3.948174 0.000000
vt -0.550615 3.198174 0.000000
vt -0.600615 3.248174 0.000000
vt -1.300615 3.248174 0.000000
vt -1.350615 3.998174 0.000000
vt -1.300615 3.948174 0.000000
vt -1.350615 3.198174 0.000000
vt -0.050000 -0.400000 0.000000
vt -0.000000 -0.400000 0.000000
vt -0.050000 0.400000 0.000000
vt 0.000000 0.400000 0.000000
vt -0.050000 -0.400000 0.000000
vt 0.000000 -0.400000 0.000000
vt -0.050000 0.400000 0.000000
vt 0.000000 0.400000 0.000000
vt 0.050000 0.400000 0.000000
vt 0.000000 0.400000 0.000000
vt 0.050000 -0.400000 0.000000
vt 0.000000 -0.400000 0.000000
vt 0.050000 0.400000 0.000000
vt 0.000000 0.400000 0.000000
vt 0.050000 -0.400000 0.000000
vt 0.000000 -0.400000 0.000000
vt -0.050000 -0.350000 0.000000
vt 0.000000 -0.350000 0.000000
vt -0.050000 0.350000 0.000000
vt 0.000000 0.350000 0.000000
vt -0.050000 -0.350000 0.000000
vt 0.000000 -0.350000 0.000000
vt -0.050000 0.350000 0.000000
vt 0.000000 0.350000 0.000000
vt 0.050000 0.350000 0.000000
vt 0.000000 0.350000 0.000000
vt 0.050000 -0.350000 0.000000
vt 0.000000 -0.350000 0.000000
vt 0.050000 0.350000 0.000000
vt 0.000000 0.350000 0.000000
vt 0.050000 -0.350000 0.000000
vt 0.000000 -0.350000 0.000000
vt -1.178789 3.408456 0.000000
vt -1.170330 3.463100 0.000000
vt -1.199046 3.421912 0.000000
vt -1.178378 3.476596 0.000000
vt -1.214343 3.439481 0.000000
vt -1.183416 3.491548 0.000000
vt -1.226594 3.458547 0.000000
vt -1.233908 3.480039 0.000000
vt -1.186768 3.507314 0.000000
vt -1.238337 3.502949 0.000000
vt -1.160301 3.450561 0.000000
vt -1.157375 3.398283 0.000000
vt -1.148931 3.442529 0.000000
vt -1.136873 3.436327 0.000000
vt -1.134127 3.393320 0.000000
vt -1.123684 3.433138 0.000000
vt -1.109824 3.391352 0.000000
vt -1.109824 3.431734 0.000000
vt -1.092801 3.433876 0.000000
vt -1.079509 3.394843 0.000000
vt -1.076883 3.438507 0.000000
vt -1.051372 3.402983 0.000000
vt -1.062795 3.447262 0.000000
vt -1.038730 3.410097 0.000000
vt -1.049796 3.458474 0.000000
vt -1.026939 3.419028 0.000000
vt -1.038895 3.474504 0.000000
vt -1.004776 3.439920 0.000000
vt -1.030701 3.491504 0.000000
vt -0.991187 3.461450 0.000000
vt -1.026756 3.510025 0.000000
vt -0.980738 3.484051 0.000000
vt -0.975420 3.508400 0.000000
vt -1.025240 3.529415 0.000000
vt -0.973125 3.533781 0.000000
vt -0.975610 3.559673 0.000000
vt -1.026670 3.547665 0.000000
vt -0.981574 3.584197 0.000000
vt -1.030458 3.565038 0.000000
vt -0.993508 3.606374 0.000000
vt -1.009142 3.627096 0.000000
vt -1.038391 3.580871 0.000000
vt -1.028632 3.642503 0.000000
vt -1.048978 3.595718 0.000000
vt -1.049553 3.654437 0.000000
vt -1.062579 3.606300 0.000000
vt -1.077196 3.614357 0.000000
vt -1.072843 3.660624 0.000000
vt -1.093445 3.618357 0.000000
vt -1.097545 3.663385 0.000000
vt -1.110642 3.620002 0.000000
vt -1.117785 3.661217 0.000000
vt -1.121852 3.619214 0.000000
vt -1.137276 3.656762 0.000000
vt -1.132792 3.617383 0.000000
vt -1.143276 3.613778 0.000000
vt -1.155554 3.648604 0.000000
vt -1.153480 3.609088 0.000000
vt -1.173125 3.638283 0.000000
vt -1.162192 3.603427 0.000000
vt -1.170254 3.597069 0.000000
vt -1.177211 3.589525 0.000000
vt -1.183494 3.581257 0.000000
vt -1.229605 3.587260 0.000000
vt -1.190861 3.792717 0.000000
vt -1.151570 3.745786 0.000000
vt -0.991952 3.792717 0.000000
vt -0.991952 3.745786 0.000000
vt 0.000000 -0.050000 0.000000
vt 0.023580 -0.050000 0.000000
vt 0.000000 -0.000000 0.000000
vt 0.023580 0.000000 0.000000
vt 0.047160 -0.050000 0.000000
vt 0.047160 0.000000 0.000000
vt 0.070740 -0.050000 0.000000
vt 0.070740 0.000000 0.000000
vt 0.094319 -0.050000 0.000000
vt 0.094319 0.000000 0.000000
vt 0.000000 -0.050000 0.000000
vt 0.028934 -0.050000 0.000000
vt 0.000000 -0.000000 0.000000
vt 0.028934 -0.000000 0.000000
vt 0.043401 -0.050000 0.000000
vt 0.043401 -0.000000 0.000000
vt 0.057868 -0.050000 0.000000
vt 0.057868 -0.000000 0.000000
vt 0.086803 -0.050000 0.000000
vt 0.086803 -0.000000 0.000000
vt 0.115737 -0.050000 0.000000
vt 0.115737 -0.000000 0.000000
vt 0.000000 -0.050000 0.000000
vt 0.024764 -0.050000 0.000000
vt 0.000000 -0.000000 0.000000
vt 0.024764 -0.000000 0.000000
vt 0.049527 -0.050000 0.000000
vt 0.049527 -0.000000 0.000000
vt 0.074291 -0.050000 0.000000
vt 0.074291 -0.000000 0.000000
vt 0.099055 -0.050000 0.000000
vt 0.099055 -0.000000 0.000000
vt 0.000000 -0.050000 0.000000
vt 0.025008 -0.050000 0.000000
vt 0.000000 -0.000000 0.000000
vt 0.025008 -0.000000 0.000000
vt 0.050015 -0.050000 0.000000
vt 0.050015 -0.000000 0.000000
vt 0.075023 -0.050000 0.000000
vt 0.075023 -0.000000 0.000000
vt 0.100031 -0.050000 0.000000
vt 0.100031 -0.000000 0.000000
vt 0.000000 -0.050000 0.000000
vt 0.023891 -0.050000 0.000000
vt 0.000000 -0.000000 0.000000
vt 0.023891 -0.000000 0.000000
vt 0.047781 -0.050000 0.000000
vt 0.047781 -0.000000 0.000000
vt 0.071672 -0.050000 0.000000
vt 0.071672 -0.000000 0.000000
vt 0.095562 -0.050000 0.000000
vt 0.095562 -0.000000 0.000000
vt 0.000000 -0.050000 0.000000
vt 0.019910 -0.050000 0.000000
vt 0.000000 -0.000000 0.000000
vt 0.019910 -0.000000 0.000000
vt 0.039821 -0.050000 0.000000
vt 0.039821 -0.000000 0.000000
vt 0.059731 -0.050000 0.000000
vt 0.059731 -0.000000 0.000000
vt 0.079641 -0.050000 0.000000
vt 0.079641 -0.000000 0.000000
vt -0.050000 -0.054822 0.000000
vt -0.000000 -0.054822 0.000000
vt -0.050000 0.054822 0.000000
vt 0.000000 0.054822 0.000000
vt 0.050000 0.079809 0.000000
vt 0.000000 0.079809 0.000000
vt 0.050000 -0.079809 0.000000
vt 0.000000 -0.079809 0.000000
vt -0.050000 -0.023465 0.000000
vt -0.000000 -0.023465 0.000000
vt -0.050000 0.023465 0.000000
vt 0.000000 0.023465 0.000000
vt -0.050000 -0.099454 0.000000
vt 0.000000 -0.099454 0.000000
vt -0.050000 0.099454 0.000000
vt 0.000000 0.099454 0.000000
vt 0.050000 0.104539 0.000000
vt 0.000000 0.104539 0.000000
vt 0.050000 -0.104539 0.000000
vt 0.000000 -0.104539 0.000000
vt 0.050000 0.023250 0.000000
vt 0.000000 0.023250 0.000000
vt 0.050000 -0.023250 0.000000
vt 0.000000 -0.023250 0.000000
vt 0.000000 -0.050000 0.000000
vt 0.010233 -0.050000 0.000000
vt 0.000000 -0.000000 0.000000
vt 0.010233 -0.000000 0.000000
vt 0.020466 -0.050000 0.000000
vt 0.020466 -0.000000 0.000000
vt 0.030699 -0.050000 0.000000
vt 0.030699 -0.000000 0.000000
vt 0.040932 -0.050000 0.000000
vt 0.040932 0.000000 0.000000
vt 0.000000 -0.050000 0.000000
vt 0.011052 -0.050000 0.000000
vt 0.000000 -0.000000 0.000000
vt 0.011052 -0.000000 0.000000
vt 0.022103 -0.050000 0.000000
vt 0.022103 -0.000000 0.000000
vt 0.033155 -0.050000 0.000000
vt 0.033155 -0.000000 0.000000
vt 0.044206 -0.050000 0.000000
vt 0.044206 0.000000 0.000000
vt 0.000000 -0.050000 0.000000
vt 0.016570 -0.050000 0.000000
vt 0.000000 -0.000000 0.000000
vt 0.016570 -0.000000 0.000000
vt 0.033140 -0.050000 0.000000
vt 0.033140 -0.000000 0.000000
vt 0.049710 -0.050000 0.000000
vt 0.049710 -0.000000 0.000000
vt 0.066280 -0.050000 0.000000
vt 0.066280 -0.000000 0.000000
vt 0.000000 -0.050000 0.000000
vt 0.017609 -0.050000 0.000000
vt 0.000000 -0.000000 0.000000
vt 0.017609 -0.000000 0.000000
vt 0.035218 -0.050000 0.000000
vt 0.035218 -0.000000 0.000000
vt 0.052827 -0.050000 0.000000
vt 0.052827 -0.000000 0.000000
vt 0.070436 -0.050000 0.000000
vt 0.070436 -0.000000 0.000000
vt 0.000000 -0.050000 0.000000
vt 0.018771 -0.050000 0.000000
vt 0.000000 -0.000000 0.000000
vt 0.018771 -0.000000 0.000000
vt 0.037542 -0.050000 0.000000
vt 0.037542 -0.000000 0.000000
vt 0.056313 -0.050000 0.000000
vt 0.056313 -0.000000 0.000000
vt 0.075084 -0.050000 0.000000
vt 0.075084 0.000000 0.000000
vt 0.000000 -0.050000 0.000000
vt 0.016428 -0.050000 0.000000
vt 0.000000 -0.000000 0.000000
vt 0.016428 -0.000000 0.000000
vt 0.032857 -0.050000 0.000000
vt 0.032857 -0.000000 0.000000
vt 0.049285 -0.050000 0.000000
vt 0.049285 -0.000000 0.000000
vt 0.065714 -0.050000 0.000000
vt 0.065714 -0.000000 0.000000
vt 0.000000 -0.050000 0.000000
vt 0.013469 -0.050000 0.000000
vt 0.000000 -0.000000 0.000000
vt 0.013469 -0.000000 0.000000
vt 0.026937 -0.050000 0.000000
vt 0.026937 -0.000000 0.000000
vt 0.040406 -0.050000 0.000000
vt 0.040406 -0.000000 0.000000
vt 0.053875 -0.050000 0.000000
vt 0.053875 -0.000000 0.000000
vt 0.000000 -0.050000 0.000000
vt 0.015659 -0.050000 0.000000
vt 0.000000 -0.000000 0.000000
vt 0.015659 -0.000000 0.000000
vt 0.031318 -0.050000 0.000000
vt 0.031318 -0.000000 0.000000
vt 0.046977 -0.050000 0.000000
vt 0.046977 -0.000000 0.000000
vt 0.062635 -0.050000 0.000000
vt 0.062635 -0.000000 0.000000
vt -0.050000 -0.025877 0.000000
vt -0.000000 -0.025877 0.000000
vt -0.050000 0.025877 0.000000
vt 0.000000 0.025877 0.000000
vt 0.000000 -0.050000 0.000000
vt 0.022516 -0.050000 0.000000
vt 0.000000 -0.000000 0.000000
vt 0.022516 -0.000000 0.000000
vt 0.045032 -0.050000 0.000000
vt 0.045032 -0.000000 0.000000
vt 0.067548 -0.050000 0.000000
vt 0.067548 -0.000000 0.000000
vt 0.090064 -0.050000 0.000000
vt 0.090064 -0.000000 0.000000
vt -0.852383 3.416443 0.000000
vt -0.842840 3.454447 0.000000
vt -0.868623 3.434463 0.000000
vt -0.854981 3.469934 0.000000
vt -0.862006 3.488027 0.000000
vt -0.836180 3.447702 0.000000
vt -0.843603 3.408677 0.000000
vt -0.828811 3.442155 0.000000
vt -0.834030 3.402402 0.000000
vt -0.820551 3.438118 0.000000
vt -0.823486 3.397956 0.000000
vt -0.811531 3.435367 0.000000
vt -0.812144 3.395012 0.000000
vt -0.792225 3.432007 0.000000
vt -0.788132 3.391625 0.000000
vt -0.776109 3.434472 0.000000
vt -0.762947 3.395013 0.000000
vt -0.768436 3.436491 0.000000
vt -0.761225 3.439453 0.000000
vt -0.739467 3.402146 0.000000
vt -0.748320 3.448473 0.000000
vt -0.718775 3.415406 0.000000
vt -0.736563 3.459838 0.000000
vt -0.699728 3.432280 0.000000
vt -0.725557 3.479158 0.000000
vt -0.682909 3.458497 0.000000
vt -0.717607 3.499401 0.000000
vt -0.670516 3.486209 0.000000
vt -0.714127 3.520995 0.000000
vt -0.664831 3.516184 0.000000
vt -0.713098 3.543330 0.000000
vt -0.662893 3.547423 0.000000
vt -0.663521 3.562390 0.000000
vt -0.713972 3.565681 0.000000
vt -0.664985 3.577232 0.000000
vt -0.667869 3.591861 0.000000
vt -0.671625 3.606359 0.000000
vt -0.717249 3.587324 0.000000
vt -0.676213 3.618866 0.000000
vt -0.681588 3.630961 0.000000
vt -0.688323 3.642347 0.000000
vt -0.724952 3.607664 0.000000
vt -0.695908 3.653290 0.000000
vt -0.704415 3.662562 0.000000
vt -0.735745 3.627096 0.000000
vt -0.713647 3.670897 0.000000
vt -0.724070 3.677692 0.000000
vt -0.747184 3.638209 0.000000
vt -0.735199 3.683576 0.000000
vt -0.747406 3.688206 0.000000
vt -0.759766 3.646990 0.000000
vt -0.759839 3.691794 0.000000
vt -0.766807 3.649847 0.000000
vt -0.772646 3.693657 0.000000
vt -0.774301 3.651781 0.000000
vt -0.785676 3.694490 0.000000
vt -0.790042 3.654108 0.000000
vt -0.808749 3.691332 0.000000
vt -0.806192 3.651605 0.000000
vt -0.813876 3.649561 0.000000
vt -0.819732 3.688621 0.000000
vt -0.821089 3.646566 0.000000
vt -0.830051 3.684551 0.000000
vt -0.839567 3.678836 0.000000
vt -0.833978 3.637463 0.000000
vt -0.848432 3.671789 0.000000
vt -0.845704 3.626004 0.000000
vt -0.865076 3.655472 0.000000
vt -0.856600 3.607373 0.000000
vt -0.864530 3.587822 0.000000
vt -0.868063 3.566908 0.000000
vt -0.914189 3.798174 0.000000
vt -0.914189 3.398174 0.000000
vt -0.865076 3.798174 0.000000
vt -0.868623 3.398174 0.000000
vt -0.866873 3.506576 0.000000
vt -0.868802 3.525744 0.000000
vt -0.869169 3.545240 0.000000
vt 0.000000 -0.050000 0.000000
vt 0.022795 -0.050000 0.000000
vt 0.000000 -0.000000 0.000000
vt 0.022795 -0.000000 0.000000
vt 0.034193 -0.050000 0.000000
vt 0.034193 -0.000000 0.000000
vt 0.045590 -0.050000 0.000000
vt 0.045590 -0.000000 0.000000
vt 0.056988 -0.050000 0.000000
vt 0.056988 -0.000000 0.000000
vt 0.068386 -0.050000 0.000000
vt 0.068386 -0.000000 0.000000
vt 0.091181 -0.050000 0.000000
vt 0.091181 -0.000000 0.000000
vt 0.000000 -0.050000 0.000000
vt 0.024326 -0.050000 0.000000
vt 0.000000 -0.000000 0.000000
vt 0.024326 -0.000000 0.000000
vt 0.048653 -0.050000 0.000000
vt 0.048653 -0.000000 0.000000
vt 0.072979 -0.050000 0.000000
vt 0.072979 -0.000000 0.000000
vt 0.097306 -0.050000 0.000000
vt 0.097306 0.000000 0.000000
vt 0.000000 -0.050000 0.000000
vt 0.030232 -0.050000 0.000000
vt 0.000000 -0.000000 0.000000
vt 0.030232 -0.000000 0.000000
vt 0.060464 -0.050000 0.000000
vt 0.060464 -0.000000 0.000000
vt 0.090697 -0.050000 0.000000
vt 0.090697 -0.000000 0.000000
vt 0.120929 -0.050000 0.000000
vt 0.120929 0.000000 0.000000
vt 0.000000 -0.050000 0.000000
vt 0.014895 -0.050000 0.000000
vt 0.000000 -0.000000 0.000000
vt 0.014895 -0.000000 0.000000
vt 0.029790 -0.050000 0.000000
vt 0.029790 -0.000000 0.000000
vt 0.044685 -0.050000 0.000000
vt 0.044685 -0.000000 0.000000
vt 0.059579 -0.050000 0.000000
vt 0.059579 0.000000 0.000000
vt 0.000000 -0.050000 0.000000
vt 0.013211 -0.050000 0.000000
vt 0.000000 -0.000000 0.000000
vt 0.013211 -0.000000 0.000000
vt 0.026421 -0.050000 0.000000
vt 0.026421 -0.000000 0.000000
vt 0.039632 -0.050000 0.000000
vt 0.039632 -0.000000 0.000000
vt 0.052842 -0.050000 0.000000
vt 0.052842 -0.000000 0.000000
vt 0.000000 -0.050000 0.000000
vt 0.012402 -0.050000 0.000000
vt 0.000000 -0.000000 0.000000
vt 0.012402 0.000000 0.000000
vt 0.024804 -0.050000 0.000000
vt 0.024804 0.000000 0.000000
vt 0.037207 -0.050000 0.000000
vt 0.037207 0.000000 0.000000
vt 0.049609 -0.050000 0.000000
vt 0.049609 0.000000 0.000000
vt 0.000000 -0.050000 0.000000
vt 0.012911 -0.050000 0.000000
vt 0.000000 -0.000000 0.000000
vt 0.012911 -0.000000 0.000000
vt 0.025822 -0.050000 0.000000
vt 0.025822 -0.000000 0.000000
vt 0.038733 -0.050000 0.000000
vt 0.038733 -0.000000 0.000000
vt 0.051644 -0.050000 0.000000
vt 0.051644 0.000000 0.000000
vt 0.000000 -0.050000 0.000000
vt 0.022117 -0.050000 0.000000
vt 0.000000 -0.000000 0.000000
vt 0.022117 0.000000 0.000000
vt 0.033176 -0.050000 0.000000
vt 0.033176 0.000000 0.000000
vt 0.044235 -0.050000 0.000000
vt 0.044235 0.000000 0.000000
vt 0.055293 -0.050000 0.000000
vt 0.055293 0.000000 0.000000
vt 0.066352 -0.050000 0.000000
vt 0.066352 0.000000 0.000000
vt 0.088469 -0.050000 0.000000
vt 0.088469 0.000000 0.000000
vt -0.050000 -0.071351 0.000000
vt -0.000000 -0.071351 0.000000
vt -0.050000 0.071351 0.000000
vt 0.000000 0.071351 0.000000
vt -0.050000 -0.024557 0.000000
vt 0.000000 -0.024557 0.000000
vt -0.050000 0.024557 0.000000
vt 0.000000 0.024557 0.000000
vt 0.050000 0.200000 0.000000
vt 0.000000 0.200000 0.000000
vt 0.050000 -0.200000 0.000000
vt 0.000000 -0.200000 0.000000
vt 0.050000 0.022783 0.000000
vt 0.000000 0.022783 0.000000
vt 0.050000 -0.022783 0.000000
vt 0.000000 -0.022783 0.000000
vt -0.050000 -0.018145 0.000000
vt -0.000000 -0.018145 0.000000
vt -0.050000 0.018145 0.000000
vt 0.000000 0.018145 0.000000
vt 0.000000 -0.050000 0.000000
vt 0.015590 -0.050000 0.000000
vt 0.000000 -0.000000 0.000000
vt 0.015590 -0.000000 0.000000
vt 0.023386 -0.050000 0.000000
vt 0.023386 -0.000000 0.000000
vt 0.031181 -0.050000 0.000000
vt 0.031181 -0.000000 0.000000
vt 0.046771 -0.050000 0.000000
vt 0.046771 -0.000000 0.000000
vt 0.062362 -0.050000 0.000000
vt 0.062362 -0.000000 0.000000
vt 0.000000 -0.050000 0.000000
vt 0.015162 -0.050000 0.000000
vt 0.000000 -0.000000 0.000000
vt 0.015162 -0.000000 0.000000
vt 0.030324 -0.050000 0.000000
vt 0.030324 -0.000000 0.000000
vt 0.037905 -0.050000 0.000000
vt 0.037905 -0.000000 0.000000
vt 0.045486 -0.050000 0.000000
vt 0.045486 -0.000000 0.000000
vt 0.060648 -0.050000 0.000000
vt 0.060648 -0.000000 0.000000
vt 0.000000 -0.050000 0.000000
vt 0.021705 -0.050000 0.000000
vt 0.000000 -0.000000 0.000000
vt 0.021705 -0.000000 0.000000
vt 0.043410 -0.050000 0.000000
vt 0.043410 -0.000000 0.000000
vt 0.065116 -0.050000 0.000000
vt 0.065116 -0.000000 0.000000
vt 0.086821 -0.050000 0.000000
vt 0.086821 -0.000000 0.000000
vt 0.000000 -0.050000 0.000000
vt 0.021692 -0.050000 0.000000
vt 0.000000 -0.000000 0.000000
vt 0.021692 -0.000000 0.000000
vt 0.043384 -0.050000 0.000000
vt 0.043384 -0.000000 0.000000
vt 0.065077 -0.050000 0.000000
vt 0.065077 -0.000000 0.000000
vt 0.086769 -0.050000 0.000000
vt 0.086769 -0.000000 0.000000
vt 0.000000 -0.050000 0.000000
vt 0.015560 -0.050000 0.000000
vt 0.000000 -0.000000 0.000000
vt 0.015560 -0.000000 0.000000
vt 0.023339 -0.050000 0.000000
vt 0.023339 -0.000000 0.000000
vt 0.031119 -0.050000 0.000000
vt 0.031119 -0.000000 0.000000
vt 0.046679 -0.050000 0.000000
vt 0.046679 -0.000000 0.000000
vt 0.062239 -0.050000 0.000000
vt 0.062239 -0.000000 0.000000
vt 0.000000 -0.050000 0.000000
vt 0.018334 -0.050000 0.000000
vt 0.000000 -0.000000 0.000000
vt 0.018334 -0.000000 0.000000
vt 0.027500 -0.050000 0.000000
vt 0.027500 -0.000000 0.000000
vt 0.036667 -0.050000 0.000000
vt 0.036667 -0.000000 0.000000
vt 0.045834 -0.050000 0.000000
vt 0.045834 -0.000000 0.000000
vt 0.055001 -0.050000 0.000000
vt 0.055001 -0.000000 0.000000
vt 0.073335 -0.050000 0.000000
vt 0.073335 -0.000000 0.000000
vt 0.000000 -0.050000 0.000000
vt 0.019167 -0.050000 0.000000
vt 0.000000 -0.000000 0.000000
vt 0.019167 -0.000000 0.000000
vt 0.038335 -0.050000 0.000000
vt 0.038335 -0.000000 0.000000
vt 0.057502 -0.050000 0.000000
vt 0.057502 -0.000000 0.000000
vt 0.076669 -0.050000 0.000000
vt 0.076669 0.000000 0.000000
vt 0.000000 -0.050000 0.000000
vt 0.021035 -0.050000 0.000000
vt 0.000000 -0.000000 0.000000
vt 0.021035 -0.000000 0.000000
vt 0.042069 -0.050000 0.000000
vt 0.042069 -0.000000 0.000000
vt 0.063104 -0.050000 0.000000
vt 0.063104 -0.000000 0.000000
vt 0.084139 -0.050000 0.000000
vt 0.084139 -0.000000 0.000000
vt -0.774301 3.651781 0.000000
vt -0.790042 3.654108 0.000000
vt -0.713972 3.565681 0.000000
vt -0.806192 3.651605 0.000000
vt -0.833978 3.637463 0.000000
vt -0.813876 3.649561 0.000000
vt -0.821089 3.646566 0.000000
vt -0.845704 3.626004 0.000000
vt -0.856600 3.607373 0.000000
vt -0.864530 3.587822 0.000000
vt -0.868063 3.566908 0.000000
vt -0.713098 3.543330 0.000000
vt -0.869169 3.545240 0.000000
vt -0.714127 3.520995 0.000000
vt -0.868802 3.525744 0.000000
vt -0.717607 3.499401 0.000000
vt -0.725557 3.479158 0.000000
vt -0.748320 3.448473 0.000000
vt -0.736563 3.459838 0.000000
vt -0.866873 3.506576 0.000000
vt -0.842840 3.454447 0.000000
vt -0.836180 3.447702 0.000000
vt -0.828811 3.442155 0.000000
vt -0.862006 3.488027 0.000000
vt -0.854981 3.469934 0.000000
vt -0.820551 3.438118 0.000000
vt -0.811531 3.435367 0.000000
vt -0.792225 3.432007 0.000000
vt -0.776109 3.434472 0.000000
vt -0.768436 3.436491 0.000000
vt -0.761225 3.439453 0.000000
vt -0.717249 3.587324 0.000000
vt -0.724952 3.607664 0.000000
vt -0.766807 3.649847 0.000000
vt -0.759766 3.646990 0.000000
vt -0.747184 3.638209 0.000000
vt -0.735745 3.627096 0.000000
vt -0.762947 3.395013 0.000000
vt -0.788132 3.391625 0.000000
vt -0.600615 3.248174 0.000000
vt -0.812144 3.395012 0.000000
vt -0.868623 3.398174 0.000000
vt -0.823486 3.397956 0.000000
vt -0.834030 3.402402 0.000000
vt -0.843603 3.408677 0.000000
vt -0.852383 3.416443 0.000000
vt -0.868623 3.434463 0.000000
vt -0.914189 3.398174 0.000000
vt -1.300615 3.248174 0.000000
vt -1.079509 3.394843 0.000000
vt -1.109824 3.391352 0.000000
vt -0.914189 3.798174 0.000000
vt -0.975610 3.559673 0.000000
vt -0.973125 3.533781 0.000000
vt -0.975420 3.508400 0.000000
vt -0.865076 3.798174 0.000000
vt -0.600615 3.948174 0.000000
vt -1.300615 3.948174 0.000000
vt -0.991952 3.792717 0.000000
vt -1.190861 3.792717 0.000000
vt -1.229605 3.587260 0.000000
vt -1.238337 3.502949 0.000000
vt -1.186768 3.507314 0.000000
vt -0.865076 3.655472 0.000000
vt -0.848432 3.671789 0.000000
vt -0.839567 3.678836 0.000000
vt -0.830051 3.684551 0.000000
vt -0.819732 3.688621 0.000000
vt -0.808749 3.691332 0.000000
vt -0.785676 3.694490 0.000000
vt -0.772646 3.693657 0.000000
vt -0.759839 3.691794 0.000000
vt -0.747406 3.688206 0.000000
vt -0.735199 3.683576 0.000000
vt -0.724070 3.677692 0.000000
vt -0.713647 3.670897 0.000000
vt -0.704415 3.662562 0.000000
vt -0.695908 3.653290 0.000000
vt -0.688323 3.642347 0.000000
vt -0.681588 3.630961 0.000000
vt -0.676213 3.618866 0.000000
vt -0.671625 3.606359 0.000000
vt -0.667869 3.591861 0.000000
vt -0.664985 3.577232 0.000000
vt -0.663521 3.562390 0.000000
vt -0.662893 3.547423 0.000000
vt -0.664831 3.516184 0.000000
vt -0.670516 3.486209 0.000000
vt -0.682909 3.458497 0.000000
vt -0.699728 3.432280 0.000000
vt -0.718775 3.415406 0.000000
vt -0.739467 3.402146 0.000000
vt -1.134127 3.393320 0.000000
vt -1.157375 3.398283 0.000000
vt -1.178789 3.408456 0.000000
vt -1.199046 3.421912 0.000000
vt -1.214343 3.439481 0.000000
vt -1.226594 3.458547 0.000000
vt -1.233908 3.480039 0.000000
vt -1.183416 3.491548 0.000000
vt -1.038895 3.474504 0.000000
vt -1.030701 3.491504 0.000000
vt -1.026756 3.510025 0.000000
vt -1.178378 3.476596 0.000000
vt -1.170330 3.463100 0.000000
vt -1.049796 3.458474 0.000000
vt -1.062795 3.447262 0.000000
vt -1.076883 3.438507 0.000000
vt -1.092801 3.433876 0.000000
vt -1.109824 3.431734 0.000000
vt -1.123684 3.433138 0.000000
vt -1.136873 3.436327 0.000000
vt -1.148931 3.442529 0.000000
vt -1.160301 3.450561 0.000000
vt -1.025240 3.529415 0.000000
vt -1.026670 3.547665 0.000000
vt -1.030458 3.565038 0.000000
vt -1.038391 3.580871 0.000000
vt -1.048978 3.595718 0.000000
vt -1.062579 3.606300 0.000000
vt -1.077196 3.614357 0.000000
vt -1.093445 3.618357 0.000000
vt -1.110642 3.620002 0.000000
vt -1.121852 3.619214 0.000000
vt -1.132792 3.617383 0.000000
vt -1.143276 3.613778 0.000000
vt -1.153480 3.609088 0.000000
vt -1.162192 3.603427 0.000000
vt -1.170254 3.597069 0.000000
vt -1.177211 3.589525 0.000000
vt -1.183494 3.581257 0.000000
vt -0.991952 3.745786 0.000000
vt -0.993508 3.606374 0.000000
vt -0.981574 3.584197 0.000000
vt -1.151570 3.745786 0.000000
vt -1.072843 3.660624 0.000000
vt -1.049553 3.654437 0.000000
vt -1.028632 3.642503 0.000000
vt -1.173125 3.638283 0.000000
vt -1.155554 3.648604 0.000000
vt -1.137276 3.656762 0.000000
vt -1.117785 3.661217 0.000000
vt -1.097545 3.663385 0.000000
vt -1.009142 3.627096 0.000000
vt -0.980738 3.484051 0.000000
vt -0.991187 3.461450 0.000000
vt -1.004776 3.439920 0.000000
vt -1.026939 3.419028 0.000000
vt -1.038730 3.410097 0.000000
vt -1.051372 3.402983 0.000000
vt -0.300000 -1.520000 0.000000
vt -0.000000 -1.520000 0.000000
vt -0.300000 -1.160000 0.000000
vt -0.000000 -1.160000 0.000000
vt 0.300000 6.170000 0.000000
vt 0.000000 6.170000 0.000000
vt 0.300000 1.700000 0.000000
vt -0.000000 1.700000 0.000000
vt 0.000000 -0.500000 0.000000
vt -0.300000 -0.500000 0.000000
vt -0.000000 -0.860000 0.000000
vt -0.300000 -0.860000 0.000000
vt 0.300000 0.000000 0.000000
vt 0.000000 0.000000 0.000000
vt 0.300000 -1.000000 0.000000
vt 0.000000 -1.000000 0.000000
vt 0.300000 0.000000 0.000000
vt 0.000000 0.000000 0.000000
vt 0.300000 -0.300000 0.000000
vt 0.000000 -0.300000 0.000000
vt -0.300000 0.000000 0.000000
vt 0.000000 0.000000 0.000000
vt -0.300000 0.300000 0.000000
vt 0.000000 0.300000 0.000000
vt 0.000000 6.470000 0.000000
vt 0.300000 6.470000 0.000000
vt -0.000000 8.300000 0.000000
vt 0.300000 8.300000 0.000000
vt 0.300000 0.700000 0.000000
vt -0.000000 0.700000 0.000000
vt 0.300000 -0.000000 0.000000
vt -0.000000 -0.000000 0.000000
vt 0.300000 4.350000 0.000000
vt -0.000000 4.350000 0.000000
vt 0.300000 0.000000 0.000000
vt -0.000000 0.000000 0.000000
vt -0.300000 -2.030000 0.000000
vt -0.000000 -2.030000 0.000000
vt -0.300000 0.300000 0.000000
vt -0.000000 0.300000 0.000000
vt -0.000000 0.300000 0.000000
vt 0.300000 0.300000 0.000000
vt -0.000000 5.100000 0.000000
vt 0.300000 5.100000 0.000000
vt -0.300000 -9.250000 0.000000
vt -0.000000 -9.250000 0.000000
vt -0.300000 0.300000 0.000000
vt 0.000000 0.300000 0.000000
vt -0.300000 -0.300000 0.000000
vt -0.000000 -0.300000 0.000000
vt -0.300000 -0.000000 0.000000
vt -0.000000 -0.000000 0.000000
vt -0.300000 -2.100000 0.000000
vt -0.000000 -2.100000 0.000000
vt -0.300000 -0.300000 0.000000
vt -0.000000 -0.300000 0.000000
vt -0.000000 0.300000 0.000000
vt 0.300000 0.300000 0.000000
vt -0.000000 0.600000 0.000000
vt 0.300000 0.600000 0.000000
vt -0.300000 -2.450000 0.000000
vt -0.000000 -2.450000 0.000000
vt -0.300000 -0.000000 0.000000
vt -0.000000 -0.000000 0.000000
vt 0.000000 -0.942478 0.000000
vt 0.300000 -0.942478 0.000000
vt 0.000000 -0.863938 0.000000
vt 0.300000 -0.863938 0.000000
vt 0.000000 -0.785398 0.000000
vt 0.300000 -0.785398 0.000000
vt 0.000000 -0.706858 0.000000
vt 0.300000 -0.706858 0.000000
vt 0.000000 -0.628319 0.000000
vt 0.300000 -0.628319 0.000000
vt 0.000000 -0.549779 0.000000
vt 0.300000 -0.549779 0.000000
vt 0.000000 -0.471239 0.000000
vt 0.300000 -0.471239 0.000000
vt 0.030000 -10.100000 0.000000
vt 0.330000 -10.100000 0.000000
vt 0.030000 0.000000 0.000000
vt 0.330000 0.000000 0.000000
vt 0.330000 0.000000 0.000000
vt 0.030000 0.000000 0.000000
vt 0.330000 -0.250000 0.000000
vt 0.030000 -0.250000 0.000000
vt -0.300000 -0.942478 0.000000
vt -0.000000 -0.942478 0.000000
vt -0.300000 -0.863938 0.000000
vt -0.000000 -0.863938 0.000000
vt -0.300000 -0.785398 0.000000
vt -0.000000 -0.785398 0.000000
vt -0.300000 -0.706858 0.000000
vt -0.000000 -0.706858 0.000000
vt -0.300000 -0.628319 0.000000
vt -0.000000 -0.628319 0.000000
vt -0.300000 -0.549779 0.000000
vt -0.000000 -0.549779 0.000000
vt -0.300000 -0.471239 0.000000
vt -0.000000 -0.471239 0.000000
vt -0.300000 -0.471239 0.000000
vt -0.000000 -0.471239 0.000000
vt -0.300000 -0.392699 0.000000
vt -0.000000 -0.392699 0.000000
vt -0.300000 -0.314159 0.000000
vt -0.000000 -0.314159 0.000000
vt -0.300000 -0.235619 0.000000
vt -0.000000 -0.235619 0.000000
vt -0.300000 -0.157080 0.000000
vt -0.000000 -0.157080 0.000000
vt -0.300000 -0.078540 0.000000
vt -0.000000 -0.078540 0.000000
vt -0.300000 -0.000000 0.000000
vt -0.000000 -0.000000 0.000000
vt 0.300000 0.039270 0.000000
vt 0.000000 0.039270 0.000000
vt 0.300000 0.000000 0.000000
vt 0.000000 0.000000 0.000000
vt 0.300000 -0.039270 0.000000
vt 0.000000 -0.039270 0.000000
vt 0.300000 -0.078540 0.000000
vt -0.000000 -0.078540 0.000000
vt 0.300000 -0.117810 0.000000
vt -0.000000 -0.117810 0.000000
vt 0.300000 -0.157080 0.000000
vt -0.000000 -0.157080 0.000000
vt 0.300000 -0.196350 0.000000
vt -0.000000 -0.196350 0.000000
vt 0.300000 -0.235619 0.000000
vt 0.000000 -0.235619 0.000000
vt 0.300000 -0.274889 0.000000
vt 0.000000 -0.274889 0.000000
vt 0.300000 -0.314159 0.000000
vt 0.000000 -0.314159 0.000000
vt 0.300000 -0.353429 0.000000
vt 0.000000 -0.353429 0.000000
vt 0.300000 -0.392699 0.000000
vt 0.000000 -0.392699 0.000000
vt 0.300000 -0.431969 0.000000
vt 0.000000 -0.431969 0.000000
vt 0.300000 -0.471239 0.000000
vt 0.000000 -0.471239 0.000000
vt 0.300000 0.471239 0.000000
vt 0.000000 0.471239 0.000000
vt 0.300000 0.431969 0.000000
vt 0.000000 0.431969 0.000000
vt 0.300000 0.392699 0.000000
vt 0.000000 0.392699 0.000000
vt 0.300000 0.353429 0.000000
vt 0.000000 0.353429 0.000000
vt 0.300000 0.314159 0.000000
vt 0.000000 0.314159 0.000000
vt 0.300000 0.274889 0.000000
vt 0.000000 0.274889 0.000000
vt 0.300000 0.235619 0.000000
vt 0.000000 0.235619 0.000000
vt 0.300000 0.196350 0.000000
vt 0.000000 0.196350 0.000000
vt 0.300000 0.157080 0.000000
vt 0.000000 0.157080 0.000000
vt 0.300000 0.117810 0.000000
vt 0.000000 0.117810 0.000000
vt 0.300000 0.078540 0.000000
vt 0.000000 0.078540 0.000000
vt 0.300000 0.000000 0.000000
vt 0.000000 0.000000 0.000000
vt 0.300000 -0.300000 0.000000
vt 0.000000 -0.300000 0.000000
vt 0.300000 0.000000 0.000000
vt 0.000000 0.000000 0.000000
vt 0.300000 -1.000000 0.000000
vt 0.000000 -1.000000 0.000000
vt -0.300000 -0.650000 0.000000
vt -0.000000 -0.650000 0.000000
vt -0.300000 -0.050000 0.000000
vt -0.000000 -0.050000 0.000000
vt -0.000000 0.050000 0.000000
vt 0.300000 0.050000 0.000000
vt -0.000000 1.750000 0.000000
vt 0.300000 1.750000 0.000000
vt -0.000000 0.050000 0.000000
vt 0.300000 0.050000 0.000000
vt -0.000000 0.650000 0.000000
vt 0.300000 0.650000 0.000000
vt -0.000000 -0.050000 0.000000
vt -0.300000 -0.050000 0.000000
vt -0.000000 -1.750000 0.000000
vt -0.300000 -1.750000 0.000000
vt 0.000000 -0.157080 0.000000
vt 0.300000 -0.157080 0.000000
vt 0.000000 -0.143990 0.000000
vt 0.300000 -0.143990 0.000000
vt 0.000000 -0.130900 0.000000
vt 0.300000 -0.130900 0.000000
vt 0.000000 -0.117810 0.000000
vt 0.300000 -0.117810 0.000000
vt 0.000000 -0.104720 0.000000
vt 0.300000 -0.104720 0.000000
vt 0.000000 -0.091630 0.000000
vt 0.300000 -0.091630 0.000000
vt 0.000000 -0.078540 0.000000
vt 0.300000 -0.078540 0.000000
vt 0.000000 -0.078540 0.000000
vt 0.300000 -0.078540 0.000000
vt 0.000000 -0.065450 0.000000
vt 0.300000 -0.065450 0.000000
vt 0.000000 -0.052360 0.000000
vt 0.300000 -0.052360 0.000000
vt 0.000000 -0.039270 0.000000
vt 0.300000 -0.039270 0.000000
vt 0.000000 -0.026180 0.000000
vt 0.300000 -0.026180 0.000000
vt 0.000000 -0.013090 0.000000
vt 0.300000 -0.013090 0.000000
vt 0.000000 0.000000 0.000000
vt 0.300000 0.000000 0.000000
vt 0.000000 0.000000 0.000000
vt 0.300000 0.000000 0.000000
vt 0.000000 0.013090 0.000000
vt 0.300000 0.013090 0.000000
vt 0.000000 0.026180 0.000000
vt 0.300000 0.026180 0.000000
vt 0.000000 0.039270 0.000000
vt 0.300000 0.039270 0.000000
vt 0.000000 0.052360 0.000000
vt 0.300000 0.052360 0.000000
vt 0.000000 0.065450 0.000000
vt 0.300000 0.065450 0.000000
vt 0.000000 0.078540 0.000000
vt 0.300000 0.078540 0.000000
vt 0.000000 0.078540 0.000000
vt 0.300000 0.078540 0.000000
vt 0.000000 0.091630 0.000000
vt 0.300000 0.091630 0.000000
vt 0.000000 0.104720 0.000000
vt 0.300000 0.104720 0.000000
vt 0.000000 0.117810 0.000000
vt 0.300000 0.117810 0.000000
vt 0.000000 0.130900 0.000000
vt 0.300000 0.130900 0.000000
vt 0.000000 0.143990 0.000000
vt 0.300000 0.143990 0.000000
vt 0.000000 0.157080 0.000000
vt 0.300000 0.157080 0.000000
vt -2.670000 0.000000 0.000000
vt -2.970000 0.000000 0.000000
vt -2.670000 -0.500000 0.000000
vt -2.970000 -0.500000 0.000000
vt -2.670000 0.000000 0.000000
vt -2.970000 0.000000 0.000000
vt -2.670000 -0.110000 0.000000
vt -2.970000 -0.110000 0.000000
vt -2.670000 0.000000 0.000000
vt -2.970000 0.000000 0.000000
vt -2.670000 -0.250000 0.000000
vt -2.970000 -0.250000 0.000000
vt 2.670000 0.000000 0.000000
vt 2.970000 0.000000 0.000000
vt 2.670000 0.110000 0.000000
vt 2.970000 0.110000 0.000000
vt -2.670000 0.000000 0.000000
vt -2.970000 0.000000 0.000000
vt -2.670000 -0.200000 0.000000
vt -2.970000 -0.200000 0.000000
vt 2.670000 0.000000 0.000000
vt 2.970000 0.000000 0.000000
vt 2.670000 0.300000 0.000000
vt 2.970000 0.300000 0.000000
vt 2.670000 0.000000 0.000000
vt 2.970000 0.000000 0.000000
vt 2.670000 0.200000 0.000000
vt 2.970000 0.200000 0.000000
vt 2.670000 0.000000 0.000000
vt 2.970000 0.000000 0.000000
vt 2.670000 0.110000 0.000000
vt 2.970000 0.110000 0.000000
vt 2.670000 0.000000 0.000000
vt 2.970000 0.000000 0.000000
vt 2.670000 0.250000 0.000000
vt 2.970000 0.250000 0.000000
vt 2.670000 0.000000 0.000000
vt 2.970000 0.000000 0.000000
vt 2.670000 0.500000 0.000000
vt 2.970000 0.500000 0.000000
vt -2.670000 0.000000 0.000000
vt -2.970000 0.000000 0.000000
vt -2.670000 -0.110000 0.000000
vt -2.970000 -0.110000 0.000000
vt -2.670000 0.000000 0.000000
vt -2.970000 0.000000 0.000000
vt -2.670000 -0.500000 0.000000
vt -2.970000 -0.500000 0.000000
vt 2.670000 0.000000 0.000000
vt 2.970000 0.000000 0.000000
vt 2.670000 0.110000 0.000000
vt 2.970000 0.110000 0.000000
vt -2.670000 0.000000 0.000000
vt -2.970000 0.000000 0.000000
vt -2.670000 -0.250000 0.000000
vt -2.970000 -0.250000 0.000000
vt -2.670000 0.000000 0.000000
vt -2.970000 0.000000 0.000000
vt -2.670000 -0.110000 0.000000
vt -2.970000 -0.110000 0.000000
vt -2.670000 0.000000 0.000000
vt -2.970000 0.000000 0.000000
vt -2.670000 -0.300000 0.000000
vt -2.970000 -0.300000 0.000000
vt -2.670000 0.000000 0.000000
vt -2.970000 0.000000 0.000000
vt -2.670000 -0.200000 0.000000
vt -2.970000 -0.200000 0.000000
vt 2.670000 0.000000 0.000000
vt 2.970000 0.000000 0.000000
vt 2.670000 0.200000 0.000000
vt 2.970000 0.200000 0.000000
vt -2.670000 0.000000 0.000000
vt -2.970000 0.000000 0.000000
vt -2.670000 -0.110000 0.000000
vt -2.970000 -0.110000 0.000000
vt 2.670000 0.000000 0.000000
vt 2.970000 0.000000 0.000000
vt 2.670000 0.250000 0.000000
vt 2.970000 0.250000 0.000000
vt 2.670000 0.000000 0.000000
vt 2.970000 0.000000 0.000000
vt 2.670000 0.110000 0.000000
vt 2.970000 0.110000 0.000000
vt 2.670000 0.000000 0.000000
vt 2.970000 0.000000 0.000000
vt 2.670000 0.500000 0.000000
vt 2.970000 0.500000 0.000000
vt -0.300000 0.000000 0.000000
vt 0.000000 0.000000 0.000000
vt -0.300000 0.500000 0.000000
vt 0.000000 0.500000 0.000000
vt 0.300000 0.000000 0.000000
vt 0.000000 0.000000 0.000000
vt 0.300000 -0.300000 0.000000
vt 0.000000 -0.300000 0.000000
vt -0.300000 -0.500000 0.000000
vt -0.000000 -0.500000 0.000000
vt -0.300000 0.000000 0.000000
vt -0.000000 0.000000 0.000000
vt -0.300000 -0.300000 0.000000
vt -0.000000 -0.300000 0.000000
vt -0.300000 0.000000 0.000000
vt -0.000000 0.000000 0.000000
vn 0.000000 -1.000000 0.000000
vn 0.000000 -1.000000 0.000000
vn 0.258819 -0.965926 0.000000
vn 0.258819 -0.965926 0.000000
vn 0.500000 -0.866025 0.000000
vn 0.500000 -0.866025 0.000000
vn 0.707107 -0.707107 0.000000
vn 0.707107 -0.707107 0.000000
vn 0.866025 -0.500000 0.000000
vn 0.866025 -0.500000 0.000000
vn 0.965926 -0.258819 0.000000
vn 0.965926 -0.258819 0.000000
vn 1.000000 -0.000000 0.000000
vn 1.000000 -0.000000 0.000000
vn 1.000000 0.000000 -0.000000
vn 1.000000 0.000000 -0.000000
vn -0.000000 -1.000000 -0.000000
vn -0.000000 -1.000000 -0.000000
vn 0.258819 -0.965926 -0.000000
vn 0.258819 -0.965926 -0.000000
vn 0.500000 -0.866025 -0.000000
vn 0.500000 -0.866025 -0.000000
vn 0.707107 -0.707107 -0.000000
vn 0.707107 -0.707107 -0.000000
vn 0.866025 -0.500000 -0.000000
vn 0.866025 -0.500000 -0.000000
vn 0.965926 -0.258819 -0.000000
vn 0.965926 -0.258819 -0.000000
vn 1.000000 -0.000000 -0.000000
vn 1.000000 -0.000000 -0.000000
vn 0.000000 0.000000 1.000000
vn 0.000000 0.000000 1.000000
vn 0.000000 0.000000 1.000000
vn 0.000000 0.000000 1.000000
vn 0.000000 0.000000 1.000000
vn 0.000000 0.000000 1.000000
vn 0.000000 0.000000 1.000000
vn 0.000000 0.000000 1.000000
vn 0.000000 0.000000 1.000000
vn 0.000000 0.000000 1.000000
vn 0.000000 0.000000 1.000000
vn 0.000000 0.000000 1.000000
vn 0.000000 0.000000 1.000000
vn 0.000000 0.000000 1.000000
vn 0.000000 0.000000 1.000000
vn 0.000000 0.000000 1.000000
vn 0.000000 0.000000 1.000000
vn 0.000000 0.000000 1.000000
vn 0.000000 0.000000 1.000000
vn 0.000000 0.000000 1.000000
vn 0.000000 0.000000 1.000000
vn 0.000000 0.000000 1.000000
vn 0.000000 0.000000 1.000000
vn 0.000000 0.000000 1.000000
vn 0.000000 0.000000 1.000000
vn 0.000000 0.000000 1.000000
vn 0.000000 0.000000 1.000000
vn 0.000000 0.000000 1.000000
vn 0.000000 0.000000 1.000000
vn 0.000000 0.000000 1.000000
vn 0.000000 0.000000 1.000000
vn 0.000000 0.000000 1.000000
vn 0.000000 0.000000 1.000000
vn 0.000000 0.000000 1.000000
vn 0.000000 0.000000 1.000000
vn 0.000000 0.000000 1.000000
vn 0.000000 0.000000 1.000000
vn 0.000000 0.000000 1.000000
vn 0.000000 0.000000 1.000000
vn 0.000000 0.000000 1.000000
vn 0.000000 0.000000 1.000000
vn 0.000000 0.000000 1.000000
vn 0.000000 0.000000 1.000000
vn 0.000000 0.000000 1.000000
vn 0.000000 0.000000 1.000000
vn 0.000000 0.000000 1.000000
vn 0.000000 0.000000 1.000000
vn 0.000000 0.000000 1.000000
vn 0.000000 0.000000 1.000000
vn 0.000000 0.000000 1.000000
vn 0.000000 0.000000 1.000000
vn 0.000000 0.000000 1.000000
vn 0.000000 0.000000 1.000000
vn 0.000000 0.000000 1.000000
vn 0.000000 0.000000 1.000000
vn 0.000000 0.000000 1.000000
vn 0.000000 0.000000 1.000000
vn 0.000000 0.000000 1.000000
vn 0.000000 0.000000 1.000000
vn 0.000000 0.000000 1.000000
vn 0.000000 0.000000 1.000000
vn 0.000000 0.000000 1.000000
vn 0.000000 0.000000 1.000000
vn 0.000000 0.000000 1.000000
vn 0.000000 0.000000 1.000000
vn 0.000000 0.000000 1.000000
vn 0.000000 0.000000 1.000000
vn 0.000000 0.000000 1.000000
vn 0.000000 0.000000 1.000000
vn 0.000000 0.000000 1.000000
vn 0.000000 0.000000 1.000000
vn 0.000000 0.000000 1.000000
vn 0.000000 0.000000 1.000000
vn 0.000000 0.000000 1.000000
vn 0.000000 0.000000 1.000000
vn 0.000000 0.000000 1.000000
vn 0.000000 0.000000 1.000000
vn 0.000000 0.000000 1.000000
vn 0.000000 0.000000 1.000000
vn 0.000000 0.000000 1.000000
vn 0.000000 0.000000 1.000000
vn 0.000000 0.000000 1.000000
vn 0.000000 0.000000 1.000000
vn 0.000000 0.000000 1.000000
vn 0.000000 0.000000 1.000000
vn 0.000000 0.000000 1.000000
vn 0.000000 0.000000 1.000000
vn 0.000000 0.000000 1.000000
vn 0.000000 0.000000 1.000000
vn 0.000000 0.000000 1.000000
vn 0.000000 0.000000 1.000000
vn 0.000000 0.000000 1.000000
vn 0.000000 0.000000 1.000000
vn 0.000000 0.000000 1.000000
vn 0.000000 0.000000 1.000000
vn 0.000000 0.000000 1.000000
vn 0.000000 0.000000 1.000000
vn 0.000000 0.000000 1.000000
vn 0.000000 0.000000 1.000000
vn 0.000000 0.000000 1.000000
vn 0.000000 0.000000 1.000000
vn 0.000000 0.000000 1.000000
vn 0.000000 0.000000 1.000000
vn 0.000000 0.000000 1.000000
vn 0.000000 0.000000 1.000000
vn 0.000000 0.000000 1.000000
vn 0.000000 0.000000 1.000000
vn 0.000000 0.000000 1.000000
vn 0.000000 0.000000 1.000000
vn 0.000000 0.000000 1.000000
vn 0.000000 0.000000 1.000000
vn 0.000000 0.000000 1.000000
vn 0.000000 0.000000 1.000000
vn 0.000000 0.000000 1.000000
vn 0.000000 0.000000 1.000000
vn 0.000000 0.000000 1.000000
vn 0.000000 0.000000 1.000000
vn 0.000000 0.000000 1.000000
vn 0.000000 0.000000 1.000000
vn 0.000000 0.000000 1.000000
vn 0.000000 0.000000 1.000000
vn 0.000000 0.000000 1.000000
vn 0.000000 0.000000 1.000000
vn 0.000000 0.000000 1.000000
vn 0.000000 0.000000 1.000000
vn 0.000000 0.000000 1.000000
vn 0.000000 0.000000 1.000000
vn 0.000000 0.000000 1.000000
vn 0.000000 0.000000 1.000000
vn 0.000000 0.000000 1.000000
vn 0.000000 0.000000 1.000000
vn 0.000000 0.000000 1.000000
vn 0.000000 0.000000 1.000000
vn 0.000000 0.000000 1.000000
vn 0.000000 0.000000 1.000000
vn 0.000000 0.000000 1.000000
vn 0.000000 0.000000 1.000000
vn 0.000000 0.000000 1.000000
vn 0.000000 0.000000 1.000000
vn 0.000000 0.000000 1.000000
vn 0.000000 0.000000 1.000000
vn 0.000000 0.000000 1.000000
vn 0.000000 0.000000 1.000000
vn 0.000000 0.000000 1.000000
vn 0.000000 0.000000 1.000000
vn 0.000000 0.000000 1.000000
vn 0.000000 0.000000 1.000000
vn 0.000000 0.000000 1.000000
vn 0.000000 0.000000 1.000000
vn 0.000000 0.000000 1.000000
vn 0.000000 0.000000 1.000000
vn 0.000000 0.000000 1.000000
vn 0.000000 0.000000 1.000000
vn 0.000000 0.000000 1.000000
vn 0.000000 0.000000 1.000000
vn 0.000000 0.000000 1.000000
vn 0.000000 0.000000 1.000000
vn 0.000000 0.000000 1.000000
vn 0.000000 0.000000 1.000000
vn 0.000000 0.000000 1.000000
vn 0.000000 0.000000 1.000000
vn 0.000000 0.000000 1.000000
vn 0.000000 0.000000 1.000000
vn 0.000000 0.000000 1.000000
vn 0.000000 0.000000 1.000000
vn 0.000000 0.000000 1.000000
vn 0.000000 0.000000 1.000000
vn 0.000000 0.000000 1.000000
vn 0.000000 0.000000 1.000000
vn 0.000000 0.000000 1.000000
vn 0.000000 0.000000 1.000000
vn 0.000000 0.000000 1.000000
vn 0.000000 0.000000 1.000000
vn 0.000000 0.000000 1.000000
vn 0.000000 0.000000 1.000000
vn 0.000000 0.000000 1.000000
vn 0.000000 0.000000 1.000000
vn 0.000000 0.000000 1.000000
vn 0.000000 0.000000 1.000000
vn 0.000000 0.000000 1.000000
vn 0.000000 0.000000 1.000000
vn 0.000000 0.000000 1.000000
vn 0.000000 0.000000 1.000000
vn 0.000000 0.000000 1.000000
vn 0.000000 0.000000 1.000000
vn 0.000000 0.000000 1.000000
vn 0.000000 0.000000 1.000000
vn 0.000000 0.000000 1.000000
vn 0.000000 0.000000 1.000000
vn 0.000000 0.000000 1.000000
vn 0.000000 0.000000 1.000000
vn 0.000000 0.000000 1.000000
vn 0.000000 0.000000 1.000000
vn 0.000000 0.000000 1.000000
vn 0.000000 0.000000 1.000000
vn 0.000000 0.000000 1.000000
vn 0.000000 0.000000 1.000000
vn 0.000000 0.000000 1.000000
vn 0.000000 0.000000 1.000000
vn 0.000000 0.000000 1.000000
vn 1.000000 -0.000000 -0.000000
vn 1.000000 -0.000000 -0.000000
vn 0.000000 -1.000000 0.000000
vn 0.000000 -1.000000 0.000000
vn 0.258819 -0.965926 0.000000
vn 0.258819 -0.965926 0.000000
vn 0.500000 -0.866025 0.000000
vn 0.500000 -0.866025 0.000000
vn 0.707107 -0.707107 0.000000
vn 0.707107 -0.707107 0.000000
vn 0.866025 -0.500000 0.000000
vn 0.866025 -0.500000 0.000000
vn 0.965926 -0.258819 0.000000
vn 0.965926 -0.258819 0.000000
vn -1.000000 -0.000000 0.000000
vn -1.000000 -0.000000 0.000000
vn -0.965926 -0.258819 0.000000
vn -0.965926 -0.258819 0.000000
vn -0.866025 -0.500000 0.000000
vn -0.866025 -0.500000 0.000000
vn -0.707107 -0.707107 0.000000
vn -0.707107 -0.707107 0.000000
vn -0.500000 -0.866025 0.000000
vn -0.500000 -0.866025 0.000000
vn -0.258819 -0.965926 0.000000
vn -0.258819 -0.965926 0.000000
vn -0.000000 -1.000000 0.000000
vn -0.000000 -1.000000 0.000000
vn 0.000000 -1.000000 -0.000000
vn 0.000000 -1.000000 -0.000000
vn -0.258819 -0.965926 -0.000000
vn -0.258819 -0.965926 -0.000000
vn -0.500000 -0.866025 -0.000000
vn -0.500000 -0.866025 -0.000000
vn -0.707107 -0.707107 -0.000000
vn -0.707107 -0.707107 -0.000000
vn -0.866025 -0.500000 -0.000000
vn -0.866025 -0.500000 -0.000000
vn -0.965926 -0.258819 -0.000000
vn -0.965926 -0.258819 -0.000000
vn -1.000000 -0.000000 -0.000000
vn -1.000000 -0.000000 -0.000000
vn 0.000000 -1.000000 -0.000000
vn 0.000000 -1.000000 -0.000000
vn -1.000000 0.000000 0.000000
vn -1.000000 0.000000 0.000000
vn -0.965926 -0.258819 0.000000
vn -0.965926 -0.258819 0.000000
vn -0.866025 -0.500000 0.000000
vn -0.866025 -0.500000 0.000000
vn -0.707107 -0.707107 0.000000
vn -0.707107 -0.707107 0.000000
vn -0.500000 -0.866025 0.000000
vn -0.500000 -0.866025 0.000000
vn -0.258819 -0.965926 0.000000
vn -0.258819 -0.965926 0.000000
vn -0.000000 -1.000000 -0.000000
vn -0.000000 -1.000000 -0.000000
vn -0.258819 -0.965926 -0.000000
vn -0.258819 -0.965926 -0.000000
vn -0.500000 -0.866025 -0.000000
vn -0.500000 -0.866025 -0.000000
vn -0.707107 -0.707107 -0.000000
vn -0.707107 -0.707107 -0.000000
vn -0.866025 -0.500000 -0.000000
vn -0.866025 -0.500000 -0.000000
vn -0.965926 -0.258819 -0.000000
vn -0.965926 -0.258819 -0.000000
vn -1.000000 -0.000000 -0.000000
vn -1.000000 -0.000000 -0.000000
vn 0.000000 -1.000000 -0.000000
vn 0.000000 -1.000000 -0.000000
vn -1.000000 -0.000000 0.000000
vn -1.000000 -0.000000 0.000000
vn -0.965926 -0.258819 0.000000
vn -0.965926 -0.258819 0.000000
vn -0.866025 -0.500000 0.000000
vn -0.866025 -0.500000 0.000000
vn -0.707107 -0.707107 0.000000
vn -0.707107 -0.707107 0.000000
vn -0.500000 -0.866025 0.000000
vn -0.500000 -0.866025 0.000000
vn -0.258819 -0.965926 0.000000
vn -0.258819 -0.965926 0.000000
vn -0.000000 -1.000000 0.000000
vn -0.000000 -1.000000 0.000000
vn -0.258819 -0.965926 0.000000
vn -0.258819 -0.965926 0.000000
vn -0.500000 -0.866025 0.000000
vn -0.500000 -0.866025 0.000000
vn -0.707107 -0.707107 0.000000
vn -0.707107 -0.707107 0.000000
vn -0.866025 -0.500000 0.000000
vn -0.866025 -0.500000 0.000000
vn -0.965926 -0.258819 0.000000
vn -0.965926 -0.258819 0.000000
vn -1.000000 0.000000 -0.000000
vn -1.000000 0.000000 -0.000000
vn 0.000000 -1.000000 -0.000000
vn 0.000000 -1.000000 -0.000000
vn -1.000000 0.000000 0.000000
vn -1.000000 0.000000 0.000000
vn -0.965926 -0.258819 0.000000
vn -0.965926 -0.258819 0.000000
vn -0.866025 -0.500000 0.000000
vn -0.866025 -0.500000 0.000000
vn -0.707107 -0.707107 0.000000
vn -0.707107 -0.707107 0.000000
vn -0.500000 -0.866025 0.000000
vn -0.500000 -0.866025 0.000000
vn -0.258819 -0.965926 0.000000
vn -0.258819 -0.965926 0.000000
vn -1.000000 0.000000 0.000000
vn -1.000000 0.000000 0.000000
vn -0.965926 -0.258819 0.000000
vn -0.965926 -0.258819 0.000000
vn -0.866025 -0.500000 0.000000
vn -0.866025 -0.500000 0.000000
vn -0.707107 -0.707107 0.000000
vn -0.707107 -0.707107 0.000000
vn -0.500000 -0.866025 0.000000
vn -0.500000 -0.866025 0.000000
vn -0.258819 -0.965926 0.000000
vn -0.258819 -0.965926 0.000000
vn -0.000000 -1.000000 0.000000
vn -0.000000 -1.000000 0.000000
vn 0.000000 -1.000000 -0.000000
vn 0.000000 -1.000000 -0.000000
vn -0.258819 -0.965926 0.000000
vn -0.258819 -0.965926 0.000000
vn -0.500000 -0.866025 0.000000
vn -0.500000 -0.866025 0.000000
vn -0.707107 -0.707107 0.000000
vn -0.707107 -0.707107 0.000000
vn -0.866025 -0.500000 0.000000
vn -0.866025 -0.500000 0.000000
vn -0.965926 -0.258819 0.000000
vn -0.965926 -0.258819 0.000000
vn -1.000000 0.000000 -0.000000
vn -1.000000 0.000000 -0.000000
vn -0.000000 -0.000000 -1.000000
vn -0.000000 -0.000000 -1.000000
vn -0.000000 -0.000000 -1.000000
vn -0.000000 -0.000000 -1.000000
vn -0.000000 -0.000000 -1.000000
vn -0.000000 -0.000000 -1.000000
vn -0.000000 -0.000000 -1.000000
vn -0.000000 -0.000000 -1.000000
vn -0.000000 -0.000000 -1.000000
vn -0.000000 -0.000000 -1.000000
vn -0.000000 -0.000000 -1.000000
vn -0.000000 -0.000000 -1.000000
vn -0.000000 -0.000000 -1.000000
vn -0.000000 -0.000000 -1.000000
vn -0.000000 -0.000000 -1.000000
vn -0.000000 -0.000000 -1.000000
vn -0.000000 -0.000000 -1.000000
vn -0.000000 -0.000000 -1.000000
vn -0.000000 -0.000000 -1.000000
vn -0.000000 -0.000000 -1.000000
vn -0.000000 -0.000000 -1.000000
vn -0.000000 -0.000000 -1.000000
vn -0.000000 -0.000000 -1.000000
vn -0.000000 -0.000000 -1.000000
vn -0.000000 -0.000000 -1.000000
vn -0.000000 -0.000000 -1.000000
vn -0.000000 -0.000000 -1.000000
vn -0.000000 -0.000000 -1.000000
vn -0.000000 -0.000000 -1.000000
vn -0.000000 -0.000000 -1.000000
vn -0.000000 -0.000000 -1.000000
vn -0.000000 -0.000000 -1.000000
vn -0.000000 -0.000000 -1.000000
vn -0.000000 -0.000000 -1.000000
vn -0.000000 -0.000000 -1.000000
vn -0.000000 -0.000000 -1.000000
vn -0.000000 -0.000000 -1.000000
vn -0.000000 -0.000000 -1.000000
vn -0.000000 -0.000000 -1.000000
vn -0.000000 -0.000000 -1.000000
vn -0.000000 -0.000000 -1.000000
vn -0.000000 -0.000000 -1.000000
vn -0.000000 -0.000000 -1.000000
vn -0.000000 -0.000000 -1.000000
vn -0.000000 -0.000000 -1.000000
vn -0.000000 -0.000000 -1.000000
vn -0.000000 -0.000000 -1.000000
vn -0.000000 -0.000000 -1.000000
vn -0.000000 -0.000000 -1.000000
vn -0.000000 -0.000000 -1.000000
vn -0.000000 -0.000000 -1.000000
vn -0.000000 -0.000000 -1.000000
vn -0.000000 -0.000000 -1.000000
vn -0.000000 -0.000000 -1.000000
vn -0.000000 -0.000000 -1.000000
vn -0.000000 -0.000000 -1.000000
vn -0.000000 -0.000000 -1.000000
vn -0.000000 -0.000000 -1.000000
vn -0.000000 -0.000000 -1.000000
vn -0.000000 -0.000000 -1.000000
vn -0.000000 -0.000000 -1.000000
vn -0.000000 -0.000000 -1.000000
vn -0.000000 -0.000000 -1.000000
vn -0.000000 -0.000000 -1.000000
vn -0.000000 -0.000000 -1.000000
vn -0.000000 -0.000000 -1.000000
vn -0.000000 -0.000000 -1.000000
vn -0.000000 -0.000000 -1.000000
vn -0.000000 -0.000000 -1.000000
vn -0.000000 -0.000000 -1.000000
vn -0.000000 -0.000000 -1.000000
vn -0.000000 -0.000000 -1.000000
vn -0.000000 -0.000000 -1.000000
vn -0.000000 -0.000000 -1.000000
vn -0.000000 -0.000000 -1.000000
vn -0.000000 -0.000000 -1.000000
vn -0.000000 -0.000000 -1.000000
vn -0.000000 -0.000000 -1.000000
vn -0.000000 -0.000000 -1.000000
vn -0.000000 -0.000000 -1.000000
vn -0.000000 -0.000000 -1.000000
vn -0.000000 -0.000000 -1.000000
vn -0.000000 -0.000000 -1.000000
vn -0.000000 -0.000000 -1.000000
vn -0.000000 -0.000000 -1.000000
vn -0.000000 -0.000000 -1.000000
vn -0.000000 -0.000000 -1.000000
vn -0.000000 -0.000000 -1.000000
vn -0.000000 -0.000000 -1.000000
vn -0.000000 -0.000000 -1.000000
vn -0.000000 -0.000000 -1.000000
vn -0.000000 -0.000000 -1.000000
vn -0.000000 -0.000000 -1.000000
vn -0.000000 -0.000000 -1.000000
vn -0.000000 -0.000000 -1.000000
vn -0.000000 -0.000000 -1.000000
vn -0.000000 -0.000000 -1.000000
vn -0.000000 -0.000000 -1.000000
vn -0.000000 -0.000000 -1.000000
vn -0.000000 -0.000000 -1.000000
vn -0.000000 -0.000000 -1.000000
vn -0.000000 -0.000000 -1.000000
vn -0.000000 -0.000000 -1.000000
vn -0.000000 -0.000000 -1.000000
vn -0.000000 -0.000000 -1.000000
vn -0.000000 -0.000000 -1.000000
vn -0.000000 -0.000000 -1.000000
vn -0.000000 -0.000000 -1.000000
vn -0.000000 -0.000000 -1.000000
vn -0.000000 -0.000000 -1.000000
vn -0.000000 -0.000000 -1.000000
vn -0.000000 -0.000000 -1.000000
vn -0.000000 -0.000000 -1.000000
vn -0.000000 -0.000000 -1.000000
vn -0.000000 -0.000000 -1.000000
vn -0.000000 -0.000000 -1.000000
vn -0.000000 -0.000000 -1.000000
vn -0.000000 -0.000000 -1.000000
vn -0.000000 -0.000000 -1.000000
vn -0.000000 -0.000000 -1.000000
vn -0.000000 -0.000000 -1.000000
vn -0.000000 -0.000000 -1.000000
vn -0.000000 -0.000000 -1.000000
vn -0.000000 -0.000000 -1.000000
vn -0.000000 -0.000000 -1.000000
vn -0.000000 -0.000000 -1.000000
vn -0.000000 -0.000000 -1.000000
vn -0.000000 -0.000000 -1.000000
vn -0.000000 -0.000000 -1.000000
vn -0.000000 -0.000000 -1.000000
vn -0.000000 -0.000000 -1.000000
vn -0.000000 -0.000000 -1.000000
vn -0.000000 -0.000000 -1.000000
vn -0.000000 -0.000000 -1.000000
vn -0.000000 -0.000000 -1.000000
vn -0.000000 -0.000000 -1.000000
vn -0.000000 -0.000000 -1.000000
vn -0.000000 -0.000000 -1.000000
vn -0.000000 -0.000000 -1.000000
vn -0.000000 -0.000000 -1.000000
vn -0.000000 -0.000000 -1.000000
vn -0.000000 -0.000000 -1.000000
vn -0.000000 -0.000000 -1.000000
vn -0.000000 -0.000000 -1.000000
vn -0.000000 -0.000000 -1.000000
vn -0.000000 -0.000000 -1.000000
vn -0.000000 -0.000000 -1.000000
vn -0.000000 -0.000000 -1.000000
vn -0.000000 -0.000000 -1.000000
vn -0.000000 -0.000000 -1.000000
vn -0.000000 -0.000000 -1.000000
vn -0.000000 -0.000000 -1.000000
vn -0.000000 -0.000000 -1.000000
vn -0.000000 -0.000000 -1.000000
vn -0.000000 -0.000000 -1.000000
vn -0.000000 -0.000000 -1.000000
vn -0.000000 -0.000000 -1.000000
vn -0.000000 -0.000000 -1.000000
vn -0.000000 -0.000000 -1.000000
vn -0.000000 -0.000000 -1.000000
vn -0.000000 -0.000000 -1.000000
vn -0.000000 -0.000000 -1.000000
vn -0.000000 -0.000000 -1.000000
vn -0.000000 -0.000000 -1.000000
vn -0.000000 -0.000000 -1.000000
vn -0.000000 -0.000000 -1.000000
vn -0.000000 -0.000000 -1.000000
vn -0.000000 -0.000000 -1.000000
vn -0.000000 -0.000000 -1.000000
vn -0.000000 -0.000000 -1.000000
vn -0.000000 -0.000000 -1.000000
vn -0.000000 -0.000000 -1.000000
vn -0.000000 -0.000000 -1.000000
vn -0.000000 -0.000000 -1.000000
vn -0.000000 -0.000000 -1.000000
vn -0.000000 -0.000000 -1.000000
vn -0.000000 -0.000000 -1.000000
vn -0.000000 -0.000000 -1.000000
vn -0.000000 -0.000000 -1.000000
vn -0.000000 -0.000000 -1.000000
vn -0.000000 -0.000000 -1.000000
vn -0.000000 -0.000000 -1.000000
vn -0.000000 -0.000000 -1.000000
vn -0.000000 -0.000000 -1.000000
vn -0.000000 -0.000000 -1.000000
vn -0.000000 -0.000000 -1.000000
vn -0.000000 -0.000000 -1.000000
vn -0.000000 -0.000000 -1.000000
vn -0.000000 -0.000000 -1.000000
vn -0.000000 -0.000000 -1.000000
vn -0.000000 -0.000000 -1.000000
vn -0.000000 -0.000000 -1.000000
vn -0.000000 -0.000000 -1.000000
vn -0.000000 -0.000000 -1.000000
vn -0.000000 -0.000000 -1.000000
vn -0.000000 -0.000000 -1.000000
vn -0.000000 -0.000000 -1.000000
vn -0.000000 -0.000000 -1.000000
vn -0.000000 -0.000000 -1.000000
vn -0.000000 -0.000000 -1.000000
vn -0.000000 -0.000000 -1.000000
vn -0.000000 -0.000000 -1.000000
vn -0.000000 -0.000000 -1.000000
vn -0.000000 -0.000000 -1.000000
vn -0.000000 -0.000000 -1.000000
vn -0.000000 -0.000000 -1.000000
vn -0.000000 -0.000000 -1.000000
vn -0.000000 -0.000000 -1.000000
vn -0.000000 -0.000000 -1.000000
vn -0.000000 -0.000000 -1.000000
vn -0.000000 -0.000000 -1.000000
vn -0.000000 -0.000000 -1.000000
vn -0.000000 -0.000000 -1.000000
vn 1.000000 0.000000 -0.000000
vn 1.000000 0.000000 -0.000000
vn 1.000000 0.000000 -0.000000
vn 1.000000 0.000000 -0.000000
vn 0.000000 -1.000000 0.000000
vn 0.000000 -1.000000 0.000000
vn 0.000000 -1.000000 0.000000
vn 0.000000 -1.000000 0.000000
vn -1.000000 0.000000 0.000000
vn -1.000000 0.000000 0.000000
vn -1.000000 0.000000 0.000000
vn -1.000000 0.000000 0.000000
vn 0.000000 1.000000 0.000000
vn 0.000000 1.000000 0.000000
vn 0.000000 1.000000 0.000000
vn 0.000000 1.000000 0.000000
vn 0.000000 -1.000000 0.000000
vn 0.000000 -1.000000 0.000000
vn 0.000000 -1.000000 0.000000
vn 0.000000 -1.000000 0.000000
vn 1.000000 0.000000 0.000000
vn 1.000000 0.000000 0.000000
vn 1.000000 0.000000 0.000000
vn 1.000000 0.000000 0.000000
vn 0.000000 1.000000 -0.000000
vn 0.000000 1.000000 -0.000000
vn 0.000000 1.000000 -0.000000
vn 0.000000 1.000000 -0.000000
vn -1.000000 0.000000 0.000000
vn -1.000000 0.000000 0.000000
vn -1.000000 0.000000 0.000000
vn -1.000000 0.000000 0.000000
vn -0.000000 -0.000000 -1.000000
vn -0.000000 -0.000000 -1.000000
vn -0.000000 -0.000000 -1.000000
vn -0.000000 -0.000000 -1.000000
vn -0.000000 -0.000000 -1.000000
vn -0.000000 -0.000000 -1.000000
vn -0.000000 -0.000000 -1.000000
vn -0.000000 -0.000000 -1.000000
vn -0.000000 -0.000000 -1.000000
vn -0.000000 -0.000000 -1.000000
vn -0.000000 -0.000000 -1.000000
vn -0.000000 -0.000000 -1.000000
vn -0.000000 -0.000000 -1.000000
vn -0.000000 -0.000000 -1.000000
vn -0.000000 -0.000000 -1.000000
vn -0.000000 -0.000000 -1.000000
vn -0.000000 -0.000000 -1.000000
vn -0.000000 -0.000000 -1.000000
vn -0.000000 -0.000000 -1.000000
vn -0.000000 -0.000000 -1.000000
vn -0.000000 -0.000000 -1.000000
vn -0.000000 -0.000000 -1.000000
vn -0.000000 -0.000000 -1.000000
vn -0.000000 -0.000000 -1.000000
vn -0.000000 -0.000000 -1.000000
vn -0.000000 -0.000000 -1.000000
vn -0.000000 -0.000000 -1.000000
vn -0.000000 -0.000000 -1.000000
vn -0.000000 -0.000000 -1.000000
vn -0.000000 -0.000000 -1.000000
vn -0.000000 -0.000000 -1.000000
vn -0.000000 -0.000000 -1.000000
vn -0.000000 -0.000000 -1.000000
vn -0.000000 -0.000000 -1.000000
vn -0.000000 -0.000000 -1.000000
vn -0.000000 -0.000000 -1.000000
vn -0.000000 -0.000000 -1.000000
vn -0.000000 -0.000000 -1.000000
vn -0.000000 -0.000000 -1.000000
vn -0.000000 -0.000000 -1.000000
vn -0.000000 -0.000000 -1.000000
vn -0.000000 -0.000000 -1.000000
vn -0.000000 -0.000000 -1.000000
vn -0.000000 -0.000000 -1.000000
vn -0.000000 -0.000000 -1.000000
vn -0.000000 -0.000000 -1.000000
vn -0.000000 -0.000000 -1.000000
vn -0.000000 -0.000000 -1.000000
vn -0.000000 -0.000000 -1.000000
vn -0.000000 -0.000000 -1.000000
vn -0.000000 -0.000000 -1.000000
vn -0.000000 -0.000000 -1.000000
vn -0.000000 -0.000000 -1.000000
vn -0.000000 -0.000000 -1.000000
vn -0.000000 -0.000000 -1.000000
vn -0.000000 -0.000000 -1.000000
vn -0.000000 -0.000000 -1.000000
vn -0.000000 -0.000000 -1.000000
vn -0.000000 -0.000000 -1.000000
vn -0.000000 -0.000000 -1.000000
vn -0.000000 -0.000000 -1.000000
vn -0.000000 -0.000000 -1.000000
vn -0.000000 -0.000000 -1.000000
vn -0.000000 -0.000000 -1.000000
vn -0.000000 -0.000000 -1.000000
vn -0.000000 -0.000000 -1.000000
vn -0.000000 -0.000000 -1.000000
vn -0.000000 -0.000000 -1.000000
vn -0.059851 0.998207 0.000000
vn -0.122897 0.992419 0.000000
vn -0.059851 0.998207 0.000000
vn -0.122897 0.992419 0.000000
vn -0.316414 0.948621 0.000000
vn -0.316414 0.948621 0.000000
vn -0.513743 0.857944 0.000000
vn -0.513743 0.857944 0.000000
vn -0.572310 0.820038 0.000000
vn -0.572310 0.820038 0.000000
vn 0.705736 0.708474 0.000000
vn 0.643658 0.765313 0.000000
vn 0.705736 0.708474 0.000000
vn 0.643658 0.765313 0.000000
vn 0.555190 0.831724 0.000000
vn 0.555190 0.831724 0.000000
vn 0.415204 0.909728 0.000000
vn 0.415204 0.909728 0.000000
vn 0.167936 0.985798 0.000000
vn 0.167936 0.985798 0.000000
vn 0.088198 0.996103 0.000000
vn 0.088198 0.996103 0.000000
vn 0.997553 0.069921 0.000000
vn 0.991412 0.130778 0.000000
vn 0.997553 0.069921 0.000000
vn 0.991412 0.130778 0.000000
vn 0.948597 0.316487 0.000000
vn 0.948597 0.316487 0.000000
vn 0.867642 0.497190 0.000000
vn 0.867642 0.497190 0.000000
vn 0.834260 0.551372 0.000000
vn 0.834260 0.551372 0.000000
vn 0.783355 -0.621575 0.000000
vn 0.827297 -0.561766 0.000000
vn 0.783355 -0.621575 0.000000
vn 0.827297 -0.561766 0.000000
vn 0.935069 -0.354467 0.000000
vn 0.935069 -0.354467 0.000000
vn 0.989892 -0.141825 0.000000
vn 0.989892 -0.141825 0.000000
vn 0.997353 -0.072712 0.000000
vn 0.997353 -0.072712 0.000000
vn 0.087499 -0.996165 0.000000
vn 0.159025 -0.987275 0.000000
vn 0.087499 -0.996165 0.000000
vn 0.159025 -0.987275 0.000000
vn 0.378440 -0.925626 0.000000
vn 0.378440 -0.925626 0.000000
vn 0.580891 -0.813982 0.000000
vn 0.580891 -0.813982 0.000000
vn 0.638833 -0.769346 0.000000
vn 0.638833 -0.769346 0.000000
vn -0.522041 -0.852920 -0.000000
vn -0.474562 -0.880222 -0.000000
vn -0.522041 -0.852920 -0.000000
vn -0.474562 -0.880222 -0.000000
vn -0.319171 -0.947697 -0.000000
vn -0.319171 -0.947697 -0.000000
vn -0.145035 -0.989426 -0.000000
vn -0.145035 -0.989426 -0.000000
vn -0.087386 -0.996175 -0.000000
vn -0.087386 -0.996175 -0.000000
vn 0.980485 0.196595 -0.000000
vn 0.980485 0.196595 -0.000000
vn 0.980485 0.196595 -0.000000
vn 0.980485 0.196595 -0.000000
vn 0.000000 1.000000 0.000000
vn 0.000000 1.000000 0.000000
vn 0.000000 1.000000 0.000000
vn 0.000000 1.000000 0.000000
vn 1.000000 0.000000 -0.000000
vn 1.000000 0.000000 -0.000000
vn 1.000000 0.000000 -0.000000
vn 1.000000 0.000000 -0.000000
vn 0.000000 -1.000000 0.000000
vn 0.000000 -1.000000 0.000000
vn 0.000000 -1.000000 0.000000
vn 0.000000 -1.000000 0.000000
vn -0.982680 -0.185313 0.000000
vn -0.982680 -0.185313 0.000000
vn -0.982680 -0.185313 0.000000
vn -0.982680 -0.185313 0.000000
vn -0.129089 0.991633 0.000000
vn -0.129089 0.991633 0.000000
vn -0.129089 0.991633 0.000000
vn -0.129089 0.991633 0.000000
vn 0.532125 0.846666 0.000000
vn 0.569964 0.821670 0.000000
vn 0.532125 0.846666 0.000000
vn 0.569964 0.821670 0.000000
vn 0.678255 0.734827 0.000000
vn 0.678255 0.734827 0.000000
vn 0.776801 0.629746 0.000000
vn 0.776801 0.629746 0.000000
vn 0.805605 0.592454 0.000000
vn 0.805605 0.592454 0.000000
vn 0.054440 0.998517 0.000000
vn 0.101580 0.994827 0.000000
vn 0.054440 0.998517 0.000000
vn 0.101580 0.994827 0.000000
vn 0.244393 0.969676 0.000000
vn 0.244393 0.969676 0.000000
vn 0.387527 0.921858 0.000000
vn 0.387527 0.921858 0.000000
vn 0.432468 0.901649 0.000000
vn 0.432468 0.901649 0.000000
vn -0.633693 0.773585 0.000000
vn -0.572761 0.819722 0.000000
vn -0.633693 0.773585 0.000000
vn -0.572761 0.819722 0.000000
vn -0.359916 0.932985 0.000000
vn -0.359916 0.932985 0.000000
vn -0.142472 0.989799 0.000000
vn -0.142472 0.989799 0.000000
vn -0.071949 0.997408 0.000000
vn -0.071949 0.997408 0.000000
vn -0.998416 0.056267 0.000000
vn -0.992472 0.122468 0.000000
vn -0.998416 0.056267 0.000000
vn -0.992472 0.122468 0.000000
vn -0.945119 0.326728 0.000000
vn -0.945119 0.326728 0.000000
vn -0.842535 0.538642 0.000000
vn -0.842535 0.538642 0.000000
vn -0.799523 0.600636 0.000000
vn -0.799523 0.600636 0.000000
vn -0.813318 -0.581819 -0.000000
vn -0.853175 -0.521625 -0.000000
vn -0.813318 -0.581819 -0.000000
vn -0.853175 -0.521625 -0.000000
vn -0.948112 -0.317937 -0.000000
vn -0.948112 -0.317937 -0.000000
vn -0.992668 -0.120870 -0.000000
vn -0.992668 -0.120870 -0.000000
vn -0.998385 -0.056814 -0.000000
vn -0.998385 -0.056814 -0.000000
vn -0.099829 -0.995005 -0.000000
vn -0.175647 -0.984453 -0.000000
vn -0.099829 -0.995005 -0.000000
vn -0.175647 -0.984453 -0.000000
vn -0.408222 -0.912883 -0.000000
vn -0.408222 -0.912883 -0.000000
vn -0.613956 -0.789340 -0.000000
vn -0.613956 -0.789340 -0.000000
vn -0.671732 -0.740794 -0.000000
vn -0.671732 -0.740794 -0.000000
vn 0.595189 -0.803586 0.000000
vn 0.538962 -0.842330 0.000000
vn 0.595189 -0.803586 0.000000
vn 0.538962 -0.842330 0.000000
vn 0.347338 -0.937740 0.000000
vn 0.347338 -0.937740 0.000000
vn 0.145023 -0.989428 0.000000
vn 0.145023 -0.989428 0.000000
vn 0.078882 -0.996884 0.000000
vn 0.078882 -0.996884 0.000000
vn 0.981855 -0.189632 0.000000
vn 0.969549 -0.244898 0.000000
vn 0.981855 -0.189632 0.000000
vn 0.969549 -0.244898 0.000000
vn 0.911473 -0.411360 0.000000
vn 0.911473 -0.411360 0.000000
vn 0.808246 -0.588846 0.000000
vn 0.808246 -0.588846 0.000000
vn 0.766888 -0.641780 0.000000
vn 0.766888 -0.641780 0.000000
vn -0.084354 -0.996436 0.000000
vn -0.084354 -0.996436 0.000000
vn -0.084354 -0.996436 0.000000
vn -0.084354 -0.996436 0.000000
vn -0.738664 0.674074 0.000000
vn -0.784519 0.620105 0.000000
vn -0.738664 0.674074 0.000000
vn -0.784519 0.620105 0.000000
vn -0.902023 0.431688 0.000000
vn -0.902023 0.431688 0.000000
vn -0.972332 0.233601 0.000000
vn -0.972332 0.233601 0.000000
vn -0.985768 0.168114 0.000000
vn -0.985768 0.168114 0.000000
vn -0.000000 -0.000000 -1.000000
vn -0.000000 -0.000000 -1.000000
vn -0.000000 -0.000000 -1.000000
vn -0.000000 -0.000000 -1.000000
vn -0.000000 -0.000000 -1.000000
vn -0.000000 -0.000000 -1.000000
vn -0.000000 -0.000000 -1.000000
vn -0.000000 -0.000000 -1.000000
vn -0.000000 -0.000000 -1.000000
vn -0.000000 -0.000000 -1.000000
vn -0.000000 -0.000000 -1.000000
vn -0.000000 -0.000000 -1.000000
vn -0.000000 -0.000000 -1.000000
vn -0.000000 -0.000000 -1.000000
vn -0.000000 -0.000000 -1.000000
vn -0.000000 -0.000000 -1.000000
vn -0.000000 -0.000000 -1.000000
vn -0.000000 -0.000000 -1.000000
vn -0.000000 -0.000000 -1.000000
vn -0.000000 -0.000000 -1.000000
vn -0.000000 -0.000000 -1.000000
vn -0.000000 -0.000000 -1.000000
vn -0.000000 -0.000000 -1.000000
vn -0.000000 -0.000000 -1.000000
vn -0.000000 -0.000000 -1.000000
vn -0.000000 -0.000000 -1.000000
vn -0.000000 -0.000000 -1.000000
vn -0.000000 -0.000000 -1.000000
vn -0.000000 -0.000000 -1.000000
vn -0.000000 -0.000000 -1.000000
vn -0.000000 -0.000000 -1.000000
vn -0.000000 -0.000000 -1.000000
vn -0.000000 -0.000000 -1.000000
vn -0.000000 -0.000000 -1.000000
vn -0.000000 -0.000000 -1.000000
vn -0.000000 -0.000000 -1.000000
vn -0.000000 -0.000000 -1.000000
vn -0.000000 -0.000000 -1.000000
vn -0.000000 -0.000000 -1.000000
vn -0.000000 -0.000000 -1.000000
vn -0.000000 -0.000000 -1.000000
vn -0.000000 -0.000000 -1.000000
vn -0.000000 -0.000000 -1.000000
vn -0.000000 -0.000000 -1.000000
vn -0.000000 -0.000000 -1.000000
vn -0.000000 -0.000000 -1.000000
vn -0.000000 -0.000000 -1.000000
vn -0.000000 -0.000000 -1.000000
vn -0.000000 -0.000000 -1.000000
vn -0.000000 -0.000000 -1.000000
vn -0.000000 -0.000000 -1.000000
vn -0.000000 -0.000000 -1.000000
vn -0.000000 -0.000000 -1.000000
vn -0.000000 -0.000000 -1.000000
vn -0.000000 -0.000000 -1.000000
vn -0.000000 -0.000000 -1.000000
vn -0.000000 -0.000000 -1.000000
vn -0.000000 -0.000000 -1.000000
vn -0.000000 -0.000000 -1.000000
vn -0.000000 -0.000000 -1.000000
vn -0.000000 -0.000000 -1.000000
vn -0.000000 -0.000000 -1.000000
vn -0.000000 -0.000000 -1.000000
vn -0.000000 -0.000000 -1.000000
vn -0.000000 -0.000000 -1.000000
vn -0.000000 -0.000000 -1.000000
vn -0.000000 -0.000000 -1.000000
vn -0.000000 -0.000000 -1.000000
vn -0.000000 -0.000000 -1.000000
vn -0.000000 -0.000000 -1.000000
vn -0.000000 -0.000000 -1.000000
vn -0.000000 -0.000000 -1.000000
vn -0.000000 -0.000000 -1.000000
vn -0.000000 -0.000000 -1.000000
vn -0.000000 -0.000000 -1.000000
vn -0.000000 -0.000000 -1.000000
vn -0.000000 -0.000000 -1.000000
vn -0.000000 -0.000000 -1.000000
vn -0.110923 0.993829 0.000000
vn -0.198566 0.980088 0.000000
vn -0.110923 0.993829 0.000000
vn -0.198566 0.980088 0.000000
vn -0.312278 0.949991 0.000000
vn -0.312278 0.949991 0.000000
vn -0.470544 0.882377 0.000000
vn -0.470544 0.882377 0.000000
vn -0.613963 0.789335 0.000000
vn -0.613963 0.789335 0.000000
vn -0.701808 0.712366 0.000000
vn -0.701808 0.712366 0.000000
vn -0.761779 0.647837 0.000000
vn -0.761779 0.647837 0.000000
vn 0.681398 0.731914 0.000000
vn 0.624539 0.780994 0.000000
vn 0.681398 0.731914 0.000000
vn 0.624539 0.780994 0.000000
vn 0.421266 0.906937 0.000000
vn 0.421266 0.906937 0.000000
vn 0.185084 0.982723 0.000000
vn 0.185084 0.982723 0.000000
vn 0.107899 0.994162 0.000000
vn 0.107899 0.994162 0.000000
vn 0.999129 0.041727 0.000000
vn 0.994696 0.102862 0.000000
vn 0.999129 0.041727 0.000000
vn 0.994696 0.102862 0.000000
vn 0.956627 0.291316 0.000000
vn 0.956627 0.291316 0.000000
vn 0.867187 0.497983 0.000000
vn 0.867187 0.497983 0.000000
vn 0.828407 0.560126 0.000000
vn 0.828407 0.560126 0.000000
vn 0.965562 -0.260173 0.000000
vn 0.972764 -0.231798 0.000000
vn 0.965562 -0.260173 0.000000
vn 0.972764 -0.231798 0.000000
vn 0.989431 -0.145005 0.000000
vn 0.989431 -0.145005 0.000000
vn 0.998161 -0.060617 0.000000
vn 0.998161 -0.060617 0.000000
vn 0.999469 -0.032581 0.000000
vn 0.999469 -0.032581 0.000000
vn 0.815015 -0.579440 0.000000
vn 0.835227 -0.549905 0.000000
vn 0.815015 -0.579440 0.000000
vn 0.835227 -0.549905 0.000000
vn 0.889706 -0.456534 0.000000
vn 0.889706 -0.456534 0.000000
vn 0.930974 -0.365085 0.000000
vn 0.930974 -0.365085 0.000000
vn 0.942540 -0.334095 0.000000
vn 0.942540 -0.334095 0.000000
vn 0.454100 -0.890951 0.000000
vn 0.493895 -0.869522 0.000000
vn 0.454100 -0.890951 0.000000
vn 0.493895 -0.869522 0.000000
vn 0.609136 -0.793065 0.000000
vn 0.609136 -0.793065 0.000000
vn 0.715503 -0.698610 0.000000
vn 0.715503 -0.698610 0.000000
vn 0.747221 -0.664575 0.000000
vn 0.747221 -0.664575 0.000000
vn 0.050568 -0.998721 0.000000
vn 0.090421 -0.995904 0.000000
vn 0.050568 -0.998721 0.000000
vn 0.090421 -0.995904 0.000000
vn 0.210697 -0.977551 0.000000
vn 0.210697 -0.977551 0.000000
vn 0.329254 -0.944241 0.000000
vn 0.329254 -0.944241 0.000000
vn 0.367166 -0.930155 0.000000
vn 0.367166 -0.930155 0.000000
vn -0.718795 -0.695222 -0.000000
vn -0.660024 -0.751244 -0.000000
vn -0.718795 -0.695222 -0.000000
vn -0.660024 -0.751244 -0.000000
vn -0.576274 -0.817257 -0.000000
vn -0.576274 -0.817257 -0.000000
vn -0.443060 -0.896492 -0.000000
vn -0.443060 -0.896492 -0.000000
vn -0.296251 -0.955110 -0.000000
vn -0.296251 -0.955110 -0.000000
vn -0.190630 -0.981662 -0.000000
vn -0.190630 -0.981662 -0.000000
vn -0.108665 -0.994078 -0.000000
vn -0.108665 -0.994078 -0.000000
vn 1.000000 0.000000 -0.000000
vn 1.000000 0.000000 -0.000000
vn 1.000000 0.000000 -0.000000
vn 1.000000 0.000000 -0.000000
vn 0.000000 -1.000000 0.000000
vn 0.000000 -1.000000 0.000000
vn 0.000000 -1.000000 0.000000
vn 0.000000 -1.000000 0.000000
vn -1.000000 0.000000 0.000000
vn -1.000000 0.000000 0.000000
vn -1.000000 0.000000 0.000000
vn -1.000000 0.000000 0.000000
vn 0.000000 1.000000 0.000000
vn 0.000000 1.000000 0.000000
vn 0.000000 1.000000 0.000000
vn 0.000000 1.000000 0.000000
vn 1.000000 0.000000 -0.000000
vn 1.000000 0.000000 -0.000000
vn 1.000000 0.000000 -0.000000
vn 1.000000 0.000000 -0.000000
vn 0.126130 0.992014 0.000000
vn 0.208171 0.978092 0.000000
vn 0.126130 0.992014 0.000000
vn 0.208171 0.978092 0.000000
vn 0.313418 0.949615 0.000000
vn 0.313418 0.949615 0.000000
vn 0.457992 0.888956 0.000000
vn 0.457992 0.888956 0.000000
vn 0.661109 0.750290 0.000000
vn 0.661109 0.750290 0.000000
vn 0.716714 0.697368 0.000000
vn 0.716714 0.697368 0.000000
vn -0.714925 0.699201 0.000000
vn -0.658254 0.752796 0.000000
vn -0.714925 0.699201 0.000000
vn -0.658254 0.752796 0.000000
vn -0.450892 0.892578 0.000000
vn -0.450892 0.892578 0.000000
vn -0.306013 0.952027 0.000000
vn -0.306013 0.952027 0.000000
vn -0.201073 0.979576 0.000000
vn -0.201073 0.979576 0.000000
vn -0.119380 0.992849 0.000000
vn -0.119380 0.992849 0.000000
vn -0.999777 0.021095 0.000000
vn -0.997143 0.075539 0.000000
vn -0.999777 0.021095 0.000000
vn -0.997143 0.075539 0.000000
vn -0.969974 0.243209 0.000000
vn -0.969974 0.243209 0.000000
vn -0.896426 0.443194 0.000000
vn -0.896426 0.443194 0.000000
vn -0.862531 0.506005 0.000000
vn -0.862531 0.506005 0.000000
vn -0.857142 -0.515081 -0.000000
vn -0.891323 -0.453370 -0.000000
vn -0.857142 -0.515081 -0.000000
vn -0.891323 -0.453370 -0.000000
vn -0.967051 -0.254583 -0.000000
vn -0.967051 -0.254583 -0.000000
vn -0.996526 -0.083282 -0.000000
vn -0.996526 -0.083282 -0.000000
vn -0.999619 -0.027617 -0.000000
vn -0.999619 -0.027617 -0.000000
vn -0.124332 -0.992241 -0.000000
vn -0.205838 -0.978586 -0.000000
vn -0.124332 -0.992241 -0.000000
vn -0.205838 -0.978586 -0.000000
vn -0.310385 -0.950611 -0.000000
vn -0.310385 -0.950611 -0.000000
vn -0.454151 -0.890925 -0.000000
vn -0.454151 -0.890925 -0.000000
vn -0.657144 -0.753765 -0.000000
vn -0.657144 -0.753765 -0.000000
vn -0.712859 -0.701307 -0.000000
vn -0.712859 -0.701307 -0.000000
vn 0.804502 -0.593949 0.000000
vn 0.748672 -0.662940 0.000000
vn 0.804502 -0.593949 0.000000
vn 0.748672 -0.662940 0.000000
vn 0.665118 -0.746738 0.000000
vn 0.665118 -0.746738 0.000000
vn 0.525249 -0.850949 0.000000
vn 0.525249 -0.850949 0.000000
vn 0.357451 -0.933932 0.000000
vn 0.357451 -0.933932 0.000000
vn 0.234920 -0.972015 0.000000
vn 0.234920 -0.972015 0.000000
vn 0.140528 -0.990077 0.000000
vn 0.140528 -0.990077 0.000000
vn 0.999985 -0.005462 0.000000
vn 0.998953 -0.045744 0.000000
vn 0.999985 -0.005462 0.000000
vn 0.998953 -0.045744 0.000000
vn 0.985693 -0.168552 0.000000
vn 0.985693 -0.168552 0.000000
vn 0.945272 -0.326282 0.000000
vn 0.945272 -0.326282 0.000000
vn 0.925210 -0.379456 0.000000
vn 0.925210 -0.379456 0.000000
vn 0.851220 0.524808 0.000000
vn 0.886120 0.463455 0.000000
vn 0.851220 0.524808 0.000000
vn 0.886120 0.463455 0.000000
vn 0.964493 0.264107 0.000000
vn 0.964493 0.264107 0.000000
vn 0.996027 0.089056 0.000000
vn 0.996027 0.089056 0.000000
vn 0.999482 0.032168 0.000000
vn 0.999482 0.032168 0.000000
vn -0.000000 -0.000000 -1.000000
vn -0.000000 -0.000000 -1.000000
vn -0.000000 -0.000000 -1.000000
vn -0.000000 -0.000000 -1.000000
vn -0.000000 -0.000000 -1.000000
vn -0.000000 -0.000000 -1.000000
vn -0.000000 -0.000000 -1.000000
vn -0.000000 -0.000000 -1.000000
vn -0.000000 -0.000000 -1.000000
vn -0.000000 -0.000000 -1.000000
vn -0.000000 -0.000000 -1.000000
vn -0.000000 -0.000000 -1.000000
vn -0.000000 -0.000000 -1.000000
vn -0.000000 -0.000000 -1.000000
vn -0.000000 -0.000000 -1.000000
vn -0.000000 -0.000000 -1.000000
vn -0.000000 -0.000000 -1.000000
vn -0.000000 -0.000000 -1.000000
vn -0.000000 -0.000000 -1.000000
vn -0.000000 -0.000000 -1.000000
vn -0.000000 -0.000000 -1.000000
vn -0.000000 -0.000000 -1.000000
vn -0.000000 -0.000000 -1.000000
vn -0.000000 -0.000000 -1.000000
vn -0.000000 -0.000000 -1.000000
vn -0.000000 -0.000000 -1.000000
vn -0.000000 -0.000000 -1.000000
vn -0.000000 -0.000000 -1.000000
vn -0.000000 -0.000000 -1.000000
vn -0.000000 -0.000000 -1.000000
vn -0.000000 -0.000000 -1.000000
vn -0.000000 -0.000000 -1.000000
vn -0.000000 -0.000000 -1.000000
vn -0.000000 -0.000000 -1.000000
vn -0.000000 -0.000000 -1.000000
vn -0.000000 -0.000000 -1.000000
vn -0.000000 -0.000000 -1.000000
vn -0.000000 -0.000000 -1.000000
vn -0.000000 -0.000000 -1.000000
vn -0.000000 -0.000000 -1.000000
vn -0.000000 -0.000000 -1.000000
vn -0.000000 -0.000000 -1.000000
vn -0.000000 -0.000000 -1.000000
vn -0.000000 -0.000000 -1.000000
vn -0.000000 -0.000000 -1.000000
vn -0.000000 -0.000000 -1.000000
vn -0.000000 -0.000000 -1.000000
vn -0.000000 -0.000000 -1.000000
vn -0.000000 -0.000000 -1.000000
vn -0.000000 -0.000000 -1.000000
vn -0.000000 -0.000000 -1.000000
vn -0.000000 -0.000000 -1.000000
vn -0.000000 -0.000000 -1.000000
vn -0.000000 -0.000000 -1.000000
vn -0.000000 -0.000000 -1.000000
vn -0.000000 -0.000000 -1.000000
vn -0.000000 -0.000000 -1.000000
vn -0.000000 -0.000000 -1.000000
vn -0.000000 -0.000000 -1.000000
vn -0.000000 -0.000000 -1.000000
vn -0.000000 -0.000000 -1.000000
vn -0.000000 -0.000000 -1.000000
vn -0.000000 -0.000000 -1.000000
vn -0.000000 -0.000000 -1.000000
vn -0.000000 -0.000000 -1.000000
vn -0.000000 -0.000000 -1.000000
vn -0.000000 -0.000000 -1.000000
vn -0.000000 -0.000000 -1.000000
vn -0.000000 -0.000000 -1.000000
vn -0.000000 -0.000000 -1.000000
vn -0.000000 -0.000000 -1.000000
vn -0.000000 -0.000000 -1.000000
vn -0.000000 -0.000000 -1.000000
vn -0.000000 -0.000000 -1.000000
vn -0.000000 -0.000000 -1.000000
vn -0.000000 -0.000000 -1.000000
vn -0.000000 -0.000000 -1.000000
vn -0.000000 -0.000000 -1.000000
vn -0.000000 -0.000000 -1.000000
vn -0.000000 -0.000000 -1.000000
vn -0.000000 -0.000000 -1.000000
vn -0.000000 -0.000000 -1.000000
vn -0.000000 -0.000000 -1.000000
vn -0.000000 -0.000000 -1.000000
vn -0.000000 -0.000000 -1.000000
vn -0.000000 -0.000000 -1.000000
vn -0.000000 -0.000000 -1.000000
vn -0.000000 -0.000000 -1.000000
vn -0.000000 -0.000000 -1.000000
vn -0.000000 -0.000000 -1.000000
vn -0.000000 -0.000000 -1.000000
vn -0.000000 -0.000000 -1.000000
vn -0.000000 -0.000000 -1.000000
vn -0.000000 -0.000000 -1.000000
vn -0.000000 -0.000000 -1.000000
vn -0.000000 -0.000000 -1.000000
vn -0.000000 -0.000000 -1.000000
vn -0.000000 -0.000000 -1.000000
vn -0.000000 -0.000000 -1.000000
vn -0.000000 -0.000000 -1.000000
vn -0.000000 -0.000000 -1.000000
vn -0.000000 -0.000000 -1.000000
vn -0.000000 -0.000000 -1.000000
vn -0.000000 -0.000000 -1.000000
vn -0.000000 -0.000000 -1.000000
vn -0.000000 -0.000000 -1.000000
vn -0.000000 -0.000000 -1.000000
vn -0.000000 -0.000000 -1.000000
vn -0.000000 -0.000000 -1.000000
vn -0.000000 -0.000000 -1.000000
vn -0.000000 -0.000000 -1.000000
vn -0.000000 -0.000000 -1.000000
vn -0.000000 -0.000000 -1.000000
vn -0.000000 -0.000000 -1.000000
vn -0.000000 -0.000000 -1.000000
vn -0.000000 -0.000000 -1.000000
vn -0.000000 -0.000000 -1.000000
vn -0.000000 -0.000000 -1.000000
vn -0.000000 -0.000000 -1.000000
vn -0.000000 -0.000000 -1.000000
vn -0.000000 -0.000000 -1.000000
vn -0.000000 -0.000000 -1.000000
vn -0.000000 -0.000000 -1.000000
vn -0.000000 -0.000000 -1.000000
vn -0.000000 -0.000000 -1.000000
vn -0.000000 -0.000000 -1.000000
vn -0.000000 -0.000000 -1.000000
vn -0.000000 -0.000000 -1.000000
vn -0.000000 -0.000000 -1.000000
vn -0.000000 -0.000000 -1.000000
vn -0.000000 -0.000000 -1.000000
vn -0.000000 -0.000000 -1.000000
vn -0.000000 -0.000000 -1.000000
vn -0.000000 -0.000000 -1.000000
vn -0.000000 -0.000000 -1.000000
vn -0.000000 -0.000000 -1.000000
vn -0.000000 -0.000000 -1.000000
vn -0.000000 -0.000000 -1.000000
vn -0.000000 -0.000000 -1.000000
vn -0.000000 -0.000000 -1.000000
vn -0.000000 -0.000000 -1.000000
vn -0.000000 -0.000000 -1.000000
vn -0.000000 -0.000000 -1.000000
vn -0.000000 -0.000000 -1.000000
vn -0.000000 -0.000000 -1.000000
vn -0.000000 -0.000000 -1.000000
vn -0.000000 -0.000000 -1.000000
vn -0.000000 -0.000000 -1.000000
vn -0.000000 -0.000000 -1.000000
vn -0.000000 -0.000000 -1.000000
vn 1.000000 -0.000000 -0.000000
vn 1.000000 -0.000000 -0.000000
vn 1.000000 -0.000000 -0.000000
vn 1.000000 -0.000000 -0.000000
vn -0.000000 1.000000 -0.000000
vn -0.000000 1.000000 -0.000000
vn -0.000000 1.000000 -0.000000
vn -0.000000 1.000000 -0.000000
vn 1.000000 -0.000000 -0.000000
vn 1.000000 -0.000000 -0.000000
vn 1.000000 -0.000000 -0.000000
vn 1.000000 -0.000000 -0.000000
vn 0.000000 1.000000 -0.000000
vn 0.000000 1.000000 -0.000000
vn 0.000000 1.000000 -0.000000
vn 0.000000 1.000000 -0.000000
vn -1.000000 -0.000000 0.000000
vn -1.000000 -0.000000 0.000000
vn -1.000000 -0.000000 0.000000
vn -1.000000 -0.000000 0.000000
vn 1.000000 0.000000 0.000000
vn 1.000000 0.000000 0.000000
vn 1.000000 0.000000 0.000000
vn 1.000000 0.000000 0.000000
vn -0.000000 1.000000 -0.000000
vn -0.000000 1.000000 -0.000000
vn -0.000000 1.000000 -0.000000
vn -0.000000 1.000000 -0.000000
vn -0.000000 1.000000 -0.000000
vn -0.000000 1.000000 -0.000000
vn -0.000000 1.000000 -0.000000
vn -0.000000 1.000000 -0.000000
vn -1.000000 -0.000000 0.000000
vn -1.000000 -0.000000 0.000000
vn -1.000000 -0.000000 0.000000
vn -1.000000 -0.000000 0.000000
vn 1.000000 -0.000000 -0.000000
vn 1.000000 -0.000000 -0.000000
vn 1.000000 -0.000000 -0.000000
vn 1.000000 -0.000000 -0.000000
vn -0.000000 1.000000 -0.000000
vn -0.000000 1.000000 -0.000000
vn -0.000000 1.000000 -0.000000
vn -0.000000 1.000000 -0.000000
vn 0.000000 -1.000000 -0.000000
vn 0.000000 -1.000000 -0.000000
vn 0.000000 -1.000000 -0.000000
vn 0.000000 -1.000000 -0.000000
vn 1.000000 -0.000000 -0.000000
vn 1.000000 -0.000000 -0.000000
vn 1.000000 -0.000000 -0.000000
vn 1.000000 -0.000000 -0.000000
vn -0.000000 -1.000000 0.000000
vn -0.000000 -1.000000 0.000000
vn -0.000000 -1.000000 0.000000
vn -0.000000 -1.000000 0.000000
vn -1.000000 -0.000000 0.000000
vn -1.000000 -0.000000 0.000000
vn -1.000000 -0.000000 0.000000
vn -1.000000 -0.000000 0.000000
vn 0.000000 -1.000000 -0.000000
vn 0.000000 -1.000000 -0.000000
vn 0.000000 -1.000000 -0.000000
vn 0.000000 -1.000000 -0.000000
vn 0.965926 0.258819 -0.000000
vn 0.965926 0.258819 -0.000000
vn 0.866025 0.500000 -0.000000
vn 0.866025 0.500000 -0.000000
vn 0.707107 0.707107 -0.000000
vn 0.707107 0.707107 -0.000000
vn 0.500000 0.866025 -0.000000
vn 0.500000 0.866025 -0.000000
vn 0.258819 0.965926 -0.000000
vn 0.258819 0.965926 -0.000000
vn -0.000000 1.000000 0.000000
vn -0.000000 1.000000 0.000000
vn -0.000000 1.000000 0.000000
vn -0.000000 1.000000 0.000000
vn -1.000000 0.000000 0.000000
vn -1.000000 0.000000 0.000000
vn -0.965926 -0.258819 0.000000
vn -0.965926 -0.258819 0.000000
vn -0.866025 -0.500000 0.000000
vn -0.866025 -0.500000 0.000000
vn -0.707107 -0.707107 0.000000
vn -0.707107 -0.707107 0.000000
vn -0.500000 -0.866025 0.000000
vn -0.500000 -0.866025 0.000000
vn -0.258819 -0.965926 0.000000
vn -0.258819 -0.965926 0.000000
vn 0.258819 -0.965926 -0.000000
vn 0.258819 -0.965926 -0.000000
vn 0.500000 -0.866025 -0.000000
vn 0.500000 -0.866025 -0.000000
vn 0.707107 -0.707107 -0.000000
vn 0.707107 -0.707107 -0.000000
vn 0.866025 -0.500000 -0.000000
vn 0.866025 -0.500000 -0.000000
vn 0.965926 -0.258819 -0.000000
vn 0.965926 -0.258819 -0.000000
vn 0.965926 -0.258819 0.000000
vn 0.965926 -0.258819 0.000000
vn 1.000000 -0.000000 0.000000
vn 1.000000 -0.000000 0.000000
vn 0.965926 0.258819 0.000000
vn 0.965926 0.258819 0.000000
vn 0.866025 0.500000 0.000000
vn 0.866025 0.500000 0.000000
vn 0.707107 0.707107 0.000000
vn 0.707107 0.707107 0.000000
vn 0.500000 0.866025 0.000000
vn 0.500000 0.866025 0.000000
vn 0.258819 0.965926 0.000000
vn 0.258819 0.965926 0.000000
vn 0.000000 1.000000 0.000000
vn 0.000000 1.000000 0.000000
vn -0.258819 0.965926 0.000000
vn -0.258819 0.965926 0.000000
vn -0.500000 0.866025 0.000000
vn -0.500000 0.866025 0.000000
vn -0.707107 0.707107 0.000000
vn -0.707107 0.707107 0.000000
vn -0.866025 0.500000 0.000000
vn -0.866025 0.500000 0.000000
vn -0.965926 0.258819 0.000000
vn -0.965926 0.258819 0.000000
vn -1.000000 0.000000 0.000000
vn -1.000000 0.000000 0.000000
vn -0.965926 -0.258819 -0.000000
vn -0.965926 -0.258819 -0.000000
vn -0.866025 -0.500000 -0.000000
vn -0.866025 -0.500000 -0.000000
vn -0.707107 -0.707107 -0.000000
vn -0.707107 -0.707107 -0.000000
vn -0.500000 -0.866025 -0.000000
vn -0.500000 -0.866025 -0.000000
vn -0.258819 -0.965926 -0.000000
vn -0.258819 -0.965926 -0.000000
vn 0.000000 -1.000000 0.000000
vn 0.000000 -1.000000 0.000000
vn 0.258819 -0.965926 0.000000
vn 0.258819 -0.965926 0.000000
vn 0.500000 -0.866025 0.000000
vn 0.500000 -0.866025 0.000000
vn 0.707107 -0.707107 0.000000
vn 0.707107 -0.707107 0.000000
vn 0.866025 -0.500000 0.000000
vn 0.866025 -0.500000 0.000000
vn -1.000000 0.000000 0.000000
vn -1.000000 0.000000 0.000000
vn -1.000000 0.000000 0.000000
vn -1.000000 0.000000 0.000000
vn 0.000000 1.000000 -0.000000
vn 0.000000 1.000000 -0.000000
vn 0.000000 1.000000 -0.000000
vn 0.000000 1.000000 -0.000000
vn 1.000000 -0.000000 -0.000000
vn 1.000000 -0.000000 -0.000000
vn 1.000000 -0.000000 -0.000000
vn 1.000000 -0.000000 -0.000000
vn -0.000000 1.000000 -0.000000
vn -0.000000 1.000000 -0.000000
vn -0.000000 1.000000 -0.000000
vn -0.000000 1.000000 -0.000000
vn -1.000000 -0.000000 -0.000000
vn -1.000000 -0.000000 -0.000000
vn -1.000000 -0.000000 -0.000000
vn -1.000000 -0.000000 -0.000000
vn 0.000000 -1.000000 -0.000000
vn 0.000000 -1.000000 -0.000000
vn 0.000000 -1.000000 -0.000000
vn 0.000000 -1.000000 -0.000000
vn 0.965926 0.258819 -0.000000
vn 0.965926 0.258819 -0.000000
vn 0.866025 0.500000 -0.000000
vn 0.866025 0.500000 -0.000000
vn 0.707107 0.707107 -0.000000
vn 0.707107 0.707107 -0.000000
vn 0.500000 0.866025 -0.000000
vn 0.500000 0.866025 -0.000000
vn 0.258819 0.965926 -0.000000
vn 0.258819 0.965926 -0.000000
vn -0.258819 0.965926 0.000000
vn -0.258819 0.965926 0.000000
vn -0.500000 0.866025 0.000000
vn -0.500000 0.866025 0.000000
vn -0.707107 0.707107 0.000000
vn -0.707107 0.707107 0.000000
vn -0.866025 0.500000 0.000000
vn -0.866025 0.500000 0.000000
vn -0.965926 0.258819 0.000000
vn -0.965926 0.258819 0.000000
vn -0.965926 -0.258819 0.000000
vn -0.965926 -0.258819 0.000000
vn -0.866025 -0.500000 0.000000
vn -0.866025 -0.500000 0.000000
vn -0.707107 -0.707107 0.000000
vn -0.707107 -0.707107 0.000000
vn -0.500000 -0.866025 0.000000
vn -0.500000 -0.866025 0.000000
vn -0.258819 -0.965926 0.000000
vn -0.258819 -0.965926 0.000000
vn 0.258819 -0.965926 0.000000
vn 0.258819 -0.965926 0.000000
vn 0.500000 -0.866025 0.000000
vn 0.500000 -0.866025 0.000000
vn 0.707107 -0.707107 0.000000
vn 0.707107 -0.707107 0.000000
vn 0.866025 -0.500000 0.000000
vn 0.866025 -0.500000 0.000000
vn 0.965926 -0.258819 0.000000
vn 0.965926 -0.258819 0.000000
vn 1.000000 -0.000000 -0.000000
vn 1.000000 -0.000000 -0.000000
vn 1.000000 -0.000000 -0.000000
vn 1.000000 -0.000000 -0.000000
vn 0.000000 -1.000000 -0.000000
vn 0.000000 -1.000000 -0.000000
vn 0.000000 -1.000000 -0.000000
vn 0.000000 -1.000000 -0.000000
vn 1.000000 0.000000 -0.000000
vn 1.000000 0.000000 -0.000000
vn 1.000000 0.000000 -0.000000
vn 1.000000 0.000000 -0.000000
vn 0.000000 1.000000 -0.000000
vn 0.000000 1.000000 -0.000000
vn 0.000000 1.000000 -0.000000
vn 0.000000 1.000000 -0.000000
vn 1.000000 -0.000000 -0.000000
vn 1.000000 -0.000000 -0.000000
vn 1.000000 -0.000000 -0.000000
vn 1.000000 -0.000000 -0.000000
vn -0.000000 1.000000 -0.000000
vn -0.000000 1.000000 -0.000000
vn -0.000000 1.000000 -0.000000
vn -0.000000 1.000000 -0.000000
vn -1.000000 -0.000000 -0.000000
vn -1.000000 -0.000000 -0.000000
vn -1.000000 -0.000000 -0.000000
vn -1.000000 -0.000000 -0.000000
vn -0.000000 1.000000 -0.000000
vn -0.000000 1.000000 -0.000000
vn -0.000000 1.000000 -0.000000
vn -0.000000 1.000000 -0.000000
vn -1.000000 -0.000000 -0.000000
vn -1.000000 -0.000000 -0.000000
vn -1.000000 -0.000000 -0.000000
vn -1.000000 -0.000000 -0.000000
vn -1.000000 -0.000000 -0.000000
vn -1.000000 -0.000000 -0.000000
vn -1.000000 -0.000000 -0.000000
vn -1.000000 -0.000000 -0.000000
vn -0.000000 -1.000000 0.000000
vn -0.000000 -1.000000 0.000000
vn -0.000000 -1.000000 0.000000
vn -0.000000 -1.000000 0.000000
vn 0.000000 -1.000000 -0.000000
vn 0.000000 -1.000000 -0.000000
vn 0.000000 -1.000000 -0.000000
vn 0.000000 -1.000000 -0.000000
vn -1.000000 -0.000000 -0.000000
vn -1.000000 -0.000000 -0.000000
vn -1.000000 -0.000000 -0.000000
vn -1.000000 -0.000000 -0.000000
vn -0.000000 -1.000000 0.000000
vn -0.000000 -1.000000 0.000000
vn -0.000000 -1.000000 0.000000
vn -0.000000 -1.000000 0.000000
vn 1.000000 -0.000000 -0.000000
vn 1.000000 -0.000000 -0.000000
vn 1.000000 -0.000000 -0.000000
vn 1.000000 -0.000000 -0.000000
vn 1.000000 -0.000000 -0.000000
vn 1.000000 -0.000000 -0.000000
vn 1.000000 -0.000000 -0.000000
vn 1.000000 -0.000000 -0.000000
vn -0.000000 -1.000000 0.000000
vn -0.000000 -1.000000 0.000000
vn -0.000000 -1.000000 0.000000
vn -0.000000 -1.000000 0.000000
vn -0.000000 1.000000 -0.000000
vn -0.000000 1.000000 -0.000000
vn -0.000000 1.000000 -0.000000
vn -0.000000 1.000000 -0.000000
vn 1.000000 -0.000000 -0.000000
vn 1.000000 -0.000000 -0.000000
vn 1.000000 -0.000000 -0.000000
vn 1.000000 -0.000000 -0.000000
vn -0.000000 1.000000 -0.000000
vn -0.000000 1.000000 -0.000000
vn -0.000000 1.000000 -0.000000
vn -0.000000 1.000000 -0.000000
vn -1.000000 -0.000000 -0.000000
vn -1.000000 -0.000000 -0.000000
vn -1.000000 -0.000000 -0.000000
vn -1.000000 -0.000000 -0.000000
vn 0.000000 1.000000 -0.000000
vn 0.000000 1.000000 -0.000000
vn 0.000000 1.000000 -0.000000
vn 0.000000 1.000000 -0.000000
vn 1.000000 -0.000000 0.000000
vn 1.000000 -0.000000 0.000000
vn 1.000000 -0.000000 0.000000
vn 1.000000 -0.000000 0.000000
vn 0.000000 1.000000 -0.000000
vn 0.000000 1.000000 -0.000000
vn 0.000000 1.000000 -0.000000
vn 0.000000 1.000000 -0.000000
vn 1.000000 -0.000000 -0.000000
vn 1.000000 -0.000000 -0.000000
vn 1.000000 -0.000000 -0.000000
vn 1.000000 -0.000000 -0.000000
vn -0.000000 -1.000000 0.000000
vn -0.000000 -1.000000 0.000000
vn -0.000000 -1.000000 0.000000
vn -0.000000 -1.000000 0.000000
usemtl Opaque(65,96,255)
f 14/1/1 1/2/2 13/3/3
f 13/3/3 1/2/2 2/4/4
f 13/3/3 2/4/4 12/5/5
f 12/5/5 2/4/4 3/6/6
f 12/5/5 3/6/6 11/7/7
f 11/7/7 3/6/6 4/8/8
f 11/7/7 4/8/8 10/9/9
f 10/9/9 4/8/8 5/10/10
f 10/9/9 5/10/10 9/11/11
f 9/11/11 5/10/10 6/12/12
f 9/11/11 6/12/12 8/13/13
f 8/13/13 6/12/12 7/14/14
f 8/15/13 7/16/14 16/17/15
f 16/17/15 7/16/14 15/18/16
f 30/19/17 17/20/18 29/21/19
f 29/21/19 17/20/18 18/22/20
f 29/21/19 18/22/20 28/23/21
f 28/23/21 18/22/20 19/24/22
f 28/23/21 19/24/22 27/25/23
f 27/25/23 19/24/22 20/26/24
f 27/25/23 20/26/24 26/27/25
f 26/27/25 20/26/24 21/28/26
f 26/27/25 21/28/26 25/29/27
f 25/29/27 21/28/26 22/30/28
f 25/29/27 22/30/28 24/31/29
f 24/31/29 22/30/28 23/32/30
f 32/33/31 101/34/32 31/35/33
f 31/35/33 101/34/32 102/36/34
f 31/35/33 102/36/34 54/37/35
f 54/37/35 102/36/34 108/38/36
f 54/37/35 108/38/36 53/39/37
f 53/39/37 108/38/36 52/40/38
f 52/40/38 108/38/36 51/41/39
f 51/41/39 108/38/36 50/42/40
f 50/42/40 108/38/36 49/43/41
f 49/43/41 108/38/36 109/44/42
f 49/43/41 109/44/42 48/45/43
f 48/45/43 109/44/42 47/46/44
f 47/46/44 109/44/42 46/47/45
f 46/47/45 109/44/42 45/48/46
f 45/48/46 109/44/42 44/49/47
f 44/49/47 109/44/42 115/50/48
f 44/49/47 115/50/48 43/51/49
f 43/51/49 115/50/48 116/52/50
f 43/51/49 116/52/50 42/53/51
f 42/53/51 116/52/50 41/54/52
f 41/54/52 116/52/50 40/55/53
f 40/55/53 116/52/50 39/56/54
f 39/56/54 116/52/50 38/57/55
f 38/57/55 116/52/50 37/58/56
f 37/58/56 116/52/50 15/59/57
f 37/58/56 15/59/57 101/34/32
f 101/34/32 15/59/57 100/60/58
f 100/60/58 15/59/57 7/61/59
f 100/60/58 7/61/59 99/62/60
f 99/62/60 7/61/59 6/63/61
f 99/62/60 6/63/61 5/64/62
f 32/33/31 33/65/63 101/34/32
f 101/34/32 33/65/63 34/66/64
f 101/34/32 34/66/64 35/67/65
f 35/67/65 36/68/66 101/34/32
f 101/34/32 36/68/66 37/58/56
f 56/69/67 200/70/68 55/71/69
f 55/71/69 200/70/68 201/72/70
f 55/71/69 201/72/70 209/73/71
f 209/73/71 201/72/70 208/74/72
f 208/74/72 201/72/70 207/75/73
f 207/75/73 201/72/70 202/76/74
f 207/75/73 202/76/74 203/77/75
f 57/78/76 197/79/77 56/69/67
f 56/69/67 197/79/77 198/80/78
f 56/69/67 198/80/78 199/81/79
f 197/79/77 57/78/76 196/82/80
f 196/82/80 57/78/76 58/83/81
f 196/82/80 58/83/81 59/84/82
f 60/85/83 135/86/84 59/84/82
f 59/84/82 135/86/84 195/87/85
f 59/84/82 195/87/85 196/82/80
f 60/85/83 61/88/86 135/86/84
f 135/86/84 61/88/86 62/89/87
f 135/86/84 62/89/87 63/90/88
f 135/86/84 63/90/88 134/91/89
f 134/91/89 63/90/88 64/92/90
f 134/91/89 64/92/90 65/93/91
f 65/93/91 66/94/92 134/91/89
f 134/91/89 66/94/92 132/95/93
f 134/91/89 132/95/93 133/96/94
f 66/94/92 67/97/95 132/95/93
f 132/95/93 67/97/95 129/98/96
f 132/95/93 129/98/96 131/99/97
f 131/99/97 129/98/96 130/100/98
f 129/98/96 67/97/95 128/101/99
f 128/101/99 67/97/95 68/102/100
f 128/101/99 68/102/100 69/103/101
f 128/101/99 69/103/101 126/104/102
f 126/104/102 69/103/101 70/105/103
f 126/104/102 70/105/103 125/106/104
f 125/106/104 70/105/103 71/107/105
f 125/106/104 71/107/105 72/108/106
f 72/108/106 73/109/107 125/106/104
f 125/106/104 73/109/107 74/110/108
f 125/106/104 74/110/108 75/111/109
f 75/111/109 76/112/110 125/106/104
f 125/106/104 76/112/110 123/113/111
f 125/106/104 123/113/111 124/114/112
f 123/113/111 76/112/110 215/115/113
f 215/115/113 76/112/110 77/116/114
f 215/115/113 77/116/114 214/117/115
f 214/117/115 77/116/114 213/118/116
f 213/118/116 77/116/114 78/119/117
f 213/118/116 78/119/117 212/120/118
f 212/120/118 78/119/117 79/121/119
f 212/120/118 79/121/119 211/122/120
f 211/122/120 79/121/119 80/123/121
f 211/122/120 80/123/121 210/124/122
f 210/124/122 80/123/121 81/125/123
f 210/124/122 81/125/123 209/73/71
f 209/73/71 81/125/123 82/126/124
f 209/73/71 82/126/124 55/71/69
f 84/127/125 85/128/126 83/129/127
f 83/129/127 85/128/126 144/130/128
f 144/130/128 85/128/126 86/131/129
f 144/130/128 86/131/129 168/132/130
f 168/132/130 86/131/129 167/133/131
f 167/133/131 86/131/129 88/134/132
f 167/133/131 88/134/132 166/135/133
f 166/135/133 88/134/132 89/136/134
f 166/135/133 89/136/134 165/137/135
f 165/137/135 89/136/134 156/138/136
f 165/137/135 156/138/136 157/139/137
f 86/131/129 87/140/138 88/134/132
f 90/141/139 91/142/140 89/136/134
f 89/136/134 91/142/140 156/138/136
f 92/143/141 154/144/142 91/142/140
f 91/142/140 154/144/142 155/145/143
f 91/142/140 155/145/143 156/138/136
f 93/146/144 94/147/145 92/143/141
f 92/143/141 94/147/145 95/148/146
f 92/143/141 95/148/146 153/149/147
f 153/149/147 95/148/146 152/150/148
f 152/150/148 95/148/146 151/151/149
f 151/151/149 95/148/146 150/152/150
f 150/152/150 95/148/146 98/153/151
f 150/152/150 98/153/151 149/154/152
f 149/154/152 98/153/151 148/155/153
f 148/155/153 98/153/151 147/156/154
f 147/156/154 98/153/151 99/62/60
f 147/156/154 99/62/60 1/157/155
f 1/157/155 99/62/60 2/158/156
f 2/158/156 99/62/60 3/159/157
f 3/159/157 99/62/60 4/160/158
f 4/160/158 99/62/60 5/64/62
f 96/161/159 97/162/160 95/148/146
f 95/148/146 97/162/160 98/153/151
f 102/36/34 103/163/161 108/38/36
f 108/38/36 103/163/161 104/164/162
f 108/38/36 104/164/162 105/165/163
f 105/165/163 106/166/164 108/38/36
f 108/38/36 106/166/164 107/167/165
f 110/168/166 111/169/167 109/44/42
f 109/44/42 111/169/167 112/170/168
f 109/44/42 112/170/168 113/171/169
f 113/171/169 114/172/170 109/44/42
f 109/44/42 114/172/170 115/50/48
f 15/59/57 116/52/50 215/115/113
f 215/115/113 116/52/50 117/173/171
f 215/115/113 117/173/171 123/113/111
f 123/113/111 117/173/171 119/174/172
f 123/113/111 119/174/172 122/175/173
f 122/175/173 119/174/172 120/176/174
f 122/175/173 120/176/174 121/177/175
f 117/173/171 118/178/176 119/174/172
f 126/104/102 127/179/177 128/101/99
f 195/87/85 135/86/84 194/180/178
f 194/180/178 135/86/84 136/181/179
f 194/180/178 136/181/179 193/182/180
f 193/182/180 136/181/179 187/183/181
f 193/182/180 187/183/181 188/184/182
f 136/181/179 137/185/183 187/183/181
f 187/183/181 137/185/183 138/186/184
f 187/183/181 138/186/184 186/187/185
f 186/187/185 138/186/184 139/188/186
f 186/187/185 139/188/186 140/189/187
f 141/190/188 184/191/189 140/189/187
f 140/189/187 184/191/189 185/192/190
f 140/189/187 185/192/190 186/187/185
f 142/193/191 144/130/128 141/190/188
f 141/190/188 144/130/128 180/194/192
f 141/190/188 180/194/192 181/195/193
f 142/193/191 143/196/194 144/130/128
f 29/197/195 28/198/196 30/199/197
f 30/199/197 28/198/196 27/200/198
f 30/199/197 27/200/198 26/201/199
f 26/201/199 25/202/200 30/199/197
f 30/199/197 25/202/200 24/203/201
f 30/199/197 24/203/201 145/204/202
f 30/199/197 145/204/202 1/157/155
f 1/157/155 145/204/202 146/205/203
f 1/157/155 146/205/203 147/156/154
f 153/149/147 154/144/142 92/143/141
f 157/139/137 158/206/204 165/137/135
f 165/137/135 158/206/204 159/207/205
f 165/137/135 159/207/205 160/208/206
f 160/208/206 161/209/207 165/137/135
f 165/137/135 161/209/207 162/210/208
f 165/137/135 162/210/208 163/211/209
f 163/211/209 164/212/210 165/137/135
f 144/130/128 168/132/130 180/194/192
f 180/194/192 168/132/130 169/213/211
f 180/194/192 169/213/211 170/214/212
f 170/214/212 171/215/213 180/194/192
f 180/194/192 171/215/213 179/216/214
f 179/216/214 171/215/213 172/217/215
f 179/216/214 172/217/215 173/218/216
f 173/218/216 174/219/217 179/216/214
f 179/216/214 174/219/217 175/220/218
f 179/216/214 175/220/218 176/221/219
f 176/221/219 177/222/220 179/216/214
f 179/216/214 177/222/220 178/223/221
f 181/195/193 182/224/222 141/190/188
f 141/190/188 182/224/222 183/225/223
f 141/190/188 183/225/223 184/191/189
f 188/184/182 189/226/224 193/182/180
f 193/182/180 189/226/224 190/227/225
f 193/182/180 190/227/225 191/228/226
f 191/228/226 192/229/227 193/182/180
f 199/81/79 200/70/68 56/69/67
f 203/77/75 204/230/228 207/75/73
f 207/75/73 204/230/228 205/231/229
f 207/75/73 205/231/229 206/232/230
f 24/233/29 23/234/30 145/235/231
f 145/235/231 23/234/30 216/236/232
f 222/237/233 151/238/234 221/239/235
f 221/239/235 151/238/234 150/240/236
f 221/239/235 150/240/236 220/241/237
f 220/241/237 150/240/236 149/242/238
f 220/241/237 149/242/238 219/243/239
f 219/243/239 149/242/238 148/244/240
f 219/243/239 148/244/240 218/245/241
f 218/245/241 148/244/240 147/246/242
f 218/245/241 147/246/242 217/247/243
f 217/247/243 147/246/242 146/248/244
f 217/247/243 146/248/244 216/249/232
f 216/249/232 146/248/244 145/250/231
f 229/251/245 158/252/246 228/253/247
f 228/253/247 158/252/246 157/254/248
f 228/253/247 157/254/248 227/255/249
f 227/255/249 157/254/248 156/256/250
f 227/255/249 156/256/250 226/257/251
f 226/257/251 156/256/250 155/258/252
f 226/257/251 155/258/252 225/259/253
f 225/259/253 155/258/252 154/260/254
f 225/259/253 154/260/254 224/261/255
f 224/261/255 154/260/254 153/262/256
f 224/261/255 153/262/256 223/263/257
f 223/263/257 153/262/256 152/264/258
f 222/265/233 223/266/257 151/267/234
f 151/267/234 223/266/257 152/268/258
f 236/269/259 165/270/260 235/271/261
f 235/271/261 165/270/260 164/272/262
f 235/271/261 164/272/262 234/273/263
f 234/273/263 164/272/262 163/274/264
f 234/273/263 163/274/264 233/275/265
f 233/275/265 163/274/264 162/276/266
f 233/275/265 162/276/266 232/277/267
f 232/277/267 162/276/266 161/278/268
f 232/277/267 161/278/268 231/279/269
f 231/279/269 161/278/268 160/280/270
f 231/279/269 160/280/270 230/281/271
f 230/281/271 160/280/270 159/282/272
f 236/283/259 237/284/273 165/285/260
f 165/285/260 237/284/273 166/286/274
f 243/287/275 172/288/276 242/289/277
f 242/289/277 172/288/276 171/290/278
f 242/289/277 171/290/278 241/291/279
f 241/291/279 171/290/278 170/292/280
f 241/291/279 170/292/280 240/293/281
f 240/293/281 170/292/280 169/294/282
f 240/293/281 169/294/282 239/295/283
f 239/295/283 169/294/282 168/296/284
f 239/295/283 168/296/284 238/297/285
f 238/297/285 168/296/284 167/298/286
f 238/297/285 167/298/286 237/299/273
f 237/299/273 167/298/286 166/300/274
f 250/301/287 179/302/288 249/303/289
f 249/303/289 179/302/288 178/304/290
f 249/303/289 178/304/290 248/305/291
f 248/305/291 178/304/290 177/306/292
f 248/305/291 177/306/292 247/307/293
f 247/307/293 177/306/292 176/308/294
f 247/307/293 176/308/294 246/309/295
f 246/309/295 176/308/294 175/310/296
f 246/309/295 175/310/296 245/311/297
f 245/311/297 175/310/296 174/312/298
f 245/311/297 174/312/298 244/313/299
f 244/313/299 174/312/298 173/314/300
f 250/315/287 251/316/301 179/317/288
f 179/317/288 251/316/301 180/318/302
f 257/319/303 186/320/304 256/321/305
f 256/321/305 186/320/304 185/322/306
f 256/321/305 185/322/306 255/323/307
f 255/323/307 185/322/306 184/324/308
f 255/323/307 184/324/308 254/325/309
f 254/325/309 184/324/308 183/326/310
f 254/325/309 183/326/310 253/327/311
f 253/327/311 183/326/310 182/328/312
f 253/327/311 182/328/312 252/329/313
f 252/329/313 182/328/312 181/330/314
f 252/329/313 181/330/314 251/331/301
f 251/331/301 181/330/314 180/332/302
f 264/333/315 193/334/316 263/335/317
f 263/335/317 193/334/316 192/336/318
f 263/335/317 192/336/318 262/337/319
f 262/337/319 192/336/318 191/338/320
f 262/337/319 191/338/320 261/339/321
f 261/339/321 191/338/320 190/340/322
f 261/339/321 190/340/322 260/341/323
f 260/341/323 190/340/322 189/342/324
f 260/341/323 189/342/324 259/343/325
f 259/343/325 189/342/324 188/344/326
f 259/343/325 188/344/326 258/345/327
f 258/345/327 188/344/326 187/346/328
f 264/347/315 265/348/329 193/349/316
f 193/349/316 265/348/329 194/350/330
f 271/351/331 200/352/332 270/353/333
f 270/353/333 200/352/332 199/354/334
f 270/353/333 199/354/334 269/355/335
f 269/355/335 199/354/334 198/356/336
f 269/355/335 198/356/336 268/357/337
f 268/357/337 198/356/336 197/358/338
f 268/357/337 197/358/338 267/359/339
f 267/359/339 197/358/338 196/360/340
f 267/359/339 196/360/340 266/361/341
f 266/361/341 196/360/340 195/362/342
f 266/361/341 195/362/342 265/363/329
f 265/363/329 195/362/342 194/364/330
f 278/365/343 214/366/344 277/367/345
f 277/367/345 214/366/344 213/368/346
f 277/367/345 213/368/346 276/369/347
f 276/369/347 213/368/346 212/370/348
f 276/369/347 212/370/348 275/371/349
f 275/371/349 212/370/348 211/372/350
f 275/371/349 211/372/350 274/373/351
f 274/373/351 211/372/350 210/374/352
f 274/373/351 210/374/352 273/375/353
f 273/375/353 210/374/352 209/376/354
f 273/375/353 209/376/354 272/377/355
f 272/377/355 209/376/354 208/378/356
f 208/379/356 207/380/357 272/381/355
f 272/381/355 207/380/357 279/382/358
f 279/383/358 207/384/357 285/385/359
f 285/385/359 207/384/357 206/386/360
f 285/385/359 206/386/360 284/387/361
f 284/387/361 206/386/360 205/388/362
f 284/387/361 205/388/362 283/389/363
f 283/389/363 205/388/362 204/390/364
f 283/389/363 204/390/364 282/391/365
f 282/391/365 204/390/364 203/392/366
f 282/391/365 203/392/366 281/393/367
f 281/393/367 203/392/366 202/394/368
f 281/393/367 202/394/368 280/395/369
f 280/395/369 202/394/368 201/396/370
f 14/397/1 17/398/18 1/399/2
f 1/399/2 17/398/18 30/400/17
f 216/401/371 23/402/372 17/403/373
f 17/403/373 23/402/372 22/404/374
f 17/403/373 22/404/374 21/405/375
f 21/405/375 20/406/376 17/403/373
f 17/403/373 20/406/376 19/407/377
f 17/403/373 19/407/377 18/408/378
f 17/403/373 14/409/379 216/401/371
f 216/401/371 14/409/379 402/410/380
f 216/401/371 402/410/380 217/411/381
f 217/411/381 402/410/380 403/412/382
f 217/411/381 403/412/382 218/413/383
f 218/413/383 403/412/382 219/414/384
f 219/414/384 403/412/382 220/415/385
f 220/415/385 403/412/382 221/416/386
f 221/416/386 403/412/382 222/417/387
f 222/417/387 403/412/382 223/418/388
f 223/418/388 403/412/382 404/419/389
f 223/418/388 404/419/389 365/420/390
f 365/420/390 404/419/389 362/421/391
f 365/420/390 362/421/391 364/422/392
f 364/422/392 362/421/391 363/423/393
f 14/409/379 13/424/394 402/410/380
f 402/410/380 13/424/394 12/425/395
f 402/410/380 12/425/395 11/426/396
f 11/426/396 10/427/397 402/410/380
f 402/410/380 10/427/397 361/428/398
f 402/410/380 361/428/398 401/429/399
f 401/429/399 361/428/398 362/421/391
f 401/429/399 362/421/391 404/419/389
f 10/427/397 9/430/400 361/428/398
f 361/428/398 9/430/400 8/431/401
f 361/428/398 8/431/401 360/432/402
f 360/432/402 8/431/401 16/433/403
f 360/432/402 16/433/403 359/434/404
f 359/434/404 16/433/403 305/435/405
f 359/434/404 305/435/405 306/436/406
f 305/435/405 16/433/403 344/437/407
f 344/437/407 16/433/403 286/438/408
f 344/437/407 286/438/408 343/439/409
f 343/439/409 286/438/408 399/440/410
f 343/439/409 399/440/410 341/441/411
f 341/441/411 399/440/410 400/442/412
f 341/441/411 400/442/412 340/443/413
f 340/443/413 400/442/412 339/444/414
f 278/445/415 332/446/416 286/438/408
f 286/438/408 332/446/416 333/447/417
f 286/438/408 333/447/417 399/440/410
f 399/440/410 333/447/417 397/448/418
f 399/440/410 397/448/418 398/449/419
f 278/445/415 277/450/420 332/446/416
f 332/446/416 277/450/420 331/451/421
f 331/451/421 277/450/420 276/452/422
f 331/451/421 276/452/422 330/453/423
f 330/453/423 276/452/422 275/454/424
f 330/453/423 275/454/424 329/455/425
f 329/455/425 275/454/424 274/456/426
f 329/455/425 274/456/426 328/457/427
f 328/457/427 274/456/426 273/458/428
f 328/457/427 273/458/428 327/459/429
f 327/459/429 273/458/428 326/460/430
f 326/460/430 273/458/428 280/461/431
f 326/460/430 280/461/431 271/462/432
f 273/458/428 272/463/433 280/461/431
f 280/461/431 272/463/433 279/464/434
f 280/461/431 279/464/434 281/465/435
f 281/465/435 279/464/434 282/466/436
f 282/466/436 279/464/434 283/467/437
f 283/467/437 279/464/434 284/468/438
f 284/468/438 279/464/434 285/469/439
f 326/460/430 271/462/432 325/470/440
f 325/470/440 271/462/432 270/471/441
f 325/470/440 270/471/441 269/472/442
f 269/472/442 268/473/443 325/470/440
f 325/470/440 268/473/443 324/474/444
f 324/474/444 268/473/443 267/475/445
f 324/474/444 267/475/445 323/476/446
f 323/476/446 267/475/445 322/477/447
f 322/477/447 267/475/445 266/478/448
f 322/477/447 266/478/448 387/479/449
f 387/479/449 266/478/448 265/480/450
f 387/479/449 265/480/450 386/481/451
f 386/481/451 265/480/450 264/482/452
f 386/481/451 264/482/452 258/483/453
f 258/483/453 264/482/452 259/484/454
f 259/484/454 264/482/452 260/485/455
f 260/485/455 264/482/452 261/486/456
f 261/486/456 264/482/452 262/487/457
f 262/487/457 264/482/452 263/488/458
f 257/489/459 384/490/460 258/483/453
f 258/483/453 384/490/460 385/491/461
f 258/483/453 385/491/461 386/481/451
f 256/492/462 382/493/463 257/489/459
f 257/489/459 382/493/463 383/494/464
f 257/489/459 383/494/464 384/490/460
f 256/492/462 255/495/465 382/493/463
f 382/493/463 255/495/465 381/496/466
f 381/496/466 255/495/465 254/497/467
f 381/496/466 254/497/467 253/498/468
f 253/498/468 252/499/469 381/496/466
f 381/496/466 252/499/469 251/500/470
f 381/496/466 251/500/470 378/501/471
f 378/501/471 251/500/470 405/502/472
f 378/501/471 405/502/472 377/503/473
f 377/503/473 405/502/472 375/504/474
f 377/503/473 375/504/474 376/505/475
f 250/506/476 242/507/477 251/500/470
f 251/500/470 242/507/477 241/508/478
f 251/500/470 241/508/478 240/509/479
f 249/510/480 248/511/481 250/506/476
f 250/506/476 248/511/481 247/512/482
f 250/506/476 247/512/482 246/513/483
f 246/513/483 245/514/484 250/506/476
f 250/506/476 245/514/484 244/515/485
f 250/506/476 244/515/485 243/516/486
f 243/516/486 242/507/477 250/506/476
f 240/509/479 239/517/487 251/500/470
f 251/500/470 239/517/487 405/502/472
f 239/517/487 238/518/488 405/502/472
f 405/502/472 238/518/488 374/519/489
f 405/502/472 374/519/489 375/504/474
f 374/519/489 238/518/488 372/520/490
f 372/520/490 238/518/488 237/521/491
f 372/520/490 237/521/491 371/522/492
f 371/522/492 237/521/491 236/523/493
f 371/522/492 236/523/493 227/524/494
f 227/524/494 236/523/493 228/525/495
f 228/525/495 236/523/493 229/526/496
f 229/526/496 236/523/493 230/527/497
f 230/527/497 236/523/493 231/528/498
f 231/528/498 236/523/493 232/529/499
f 232/529/499 236/523/493 233/530/500
f 233/530/500 236/523/493 234/531/501
f 234/531/501 236/523/493 235/532/502
f 371/522/492 227/524/494 369/533/503
f 369/533/503 227/524/494 226/534/504
f 369/533/503 226/534/504 225/535/505
f 369/533/503 225/535/505 368/536/506
f 368/536/506 225/535/505 224/537/507
f 368/536/506 224/537/507 365/420/390
f 365/420/390 224/537/507 223/418/388
f 288/538/508 358/539/509 287/540/510
f 287/540/510 358/539/509 359/434/404
f 287/540/510 359/434/404 310/541/511
f 310/541/511 359/434/404 309/542/512
f 309/542/512 359/434/404 308/543/513
f 308/543/513 359/434/404 307/544/514
f 307/544/514 359/434/404 306/436/406
f 358/539/509 288/538/508 352/545/515
f 352/545/515 288/538/508 289/546/516
f 352/545/515 289/546/516 290/547/517
f 290/547/517 291/548/518 352/545/515
f 352/545/515 291/548/518 292/549/519
f 352/545/515 292/549/519 293/550/520
f 352/545/515 293/550/520 351/551/521
f 351/551/521 293/550/520 294/552/522
f 351/551/521 294/552/522 295/553/523
f 295/553/523 296/554/524 351/551/521
f 351/551/521 296/554/524 297/555/525
f 351/551/521 297/555/525 298/556/526
f 351/551/521 298/556/526 345/557/527
f 345/557/527 298/556/526 299/558/528
f 345/557/527 299/558/528 344/437/407
f 344/437/407 299/558/528 300/559/529
f 344/437/407 300/559/529 301/560/530
f 301/560/530 302/561/531 344/437/407
f 344/437/407 302/561/531 303/562/532
f 344/437/407 303/562/532 304/563/533
f 304/563/533 305/435/405 344/437/407
f 312/564/534 396/565/535 311/566/536
f 311/566/536 396/565/535 397/448/418
f 311/566/536 397/448/418 338/567/537
f 338/567/537 397/448/418 337/568/538
f 337/568/538 397/448/418 336/569/539
f 336/569/539 397/448/418 335/570/540
f 335/570/540 397/448/418 334/571/541
f 334/571/541 397/448/418 333/447/417
f 396/565/535 312/564/534 394/572/542
f 394/572/542 312/564/534 313/573/543
f 394/572/542 313/573/543 314/574/544
f 315/575/545 390/576/546 314/574/544
f 314/574/544 390/576/546 393/577/547
f 314/574/544 393/577/547 394/572/542
f 390/576/546 315/575/545 388/578/548
f 388/578/548 315/575/545 316/579/549
f 388/578/548 316/579/549 317/580/550
f 317/580/550 318/581/551 388/578/548
f 388/578/548 318/581/551 387/479/449
f 387/479/449 318/581/551 319/582/552
f 387/479/449 319/582/552 320/583/553
f 320/583/553 321/584/554 387/479/449
f 387/479/449 321/584/554 322/477/447
f 341/441/411 342/585/555 343/439/409
f 345/557/527 346/586/556 351/551/521
f 351/551/521 346/586/556 347/587/557
f 351/551/521 347/587/557 348/588/558
f 348/588/558 349/589/559 351/551/521
f 351/551/521 349/589/559 350/590/560
f 353/591/561 354/592/562 352/545/515
f 352/545/515 354/592/562 355/593/563
f 352/545/515 355/593/563 356/594/564
f 356/594/564 357/595/565 352/545/515
f 352/545/515 357/595/565 358/539/509
f 365/420/390 366/596/566 368/536/506
f 368/536/506 366/596/566 367/597/567
f 369/533/503 370/598/568 371/522/492
f 372/520/490 373/599/569 374/519/489
f 379/600/570 380/601/571 378/501/471
f 378/501/471 380/601/571 381/496/466
f 388/578/548 389/602/572 390/576/546
f 390/576/546 391/603/573 393/577/547
f 393/577/547 391/603/573 392/604/574
f 394/572/542 395/605/575 396/565/535
f 200/606/332 271/607/331 201/608/370
f 201/608/370 271/607/331 280/609/369
f 186/610/304 257/611/303 187/612/328
f 187/612/328 257/611/303 258/613/327
f 243/614/275 244/615/299 172/616/276
f 172/616/276 244/615/299 173/617/300
f 229/618/245 230/619/271 158/620/246
f 158/620/246 230/619/271 159/621/272
f 407/622/576 413/623/577 406/624/578
f 406/624/578 413/623/577 410/625/579
f 406/624/578 410/625/579 411/626/580
f 407/622/576 408/627/581 413/623/577
f 413/623/577 408/627/581 412/628/582
f 412/628/582 408/627/581 409/629/583
f 412/628/582 409/629/583 411/626/580
f 411/626/580 409/629/583 406/624/578
f 406/630/584 402/631/585 407/632/586
f 407/632/586 402/631/585 401/633/587
f 407/634/588 401/635/589 408/636/590
f 408/636/590 401/635/589 404/637/591
f 408/638/592 404/639/593 409/640/594
f 409/640/594 404/639/593 403/641/595
f 409/642/596 403/643/597 406/644/598
f 406/644/598 403/643/597 402/645/599
f 410/646/600 414/647/601 411/648/602
f 411/648/602 414/647/601 415/649/603
f 411/650/604 415/651/605 412/652/606
f 412/652/606 415/651/605 416/653/607
f 412/654/608 416/655/609 413/656/610
f 413/656/610 416/655/609 417/657/611
f 413/658/612 417/659/613 410/660/614
f 410/660/614 417/659/613 414/661/615
f 419/662/616 478/663/617 418/664/618
f 418/664/618 478/663/617 479/665/619
f 418/664/618 479/665/619 485/666/620
f 485/666/620 479/665/619 480/667/621
f 485/666/620 480/667/621 484/668/622
f 484/668/622 480/667/621 483/669/623
f 483/669/623 480/667/621 481/670/624
f 483/669/623 481/670/624 482/671/625
f 478/663/617 419/662/616 477/672/626
f 477/672/626 419/662/616 420/673/627
f 477/672/626 420/673/627 476/674/628
f 476/674/628 420/673/627 475/675/629
f 475/675/629 420/673/627 421/676/630
f 475/675/629 421/676/630 474/677/631
f 474/677/631 421/676/630 422/678/632
f 474/677/631 422/678/632 473/679/633
f 473/679/633 422/678/632 472/680/634
f 472/680/634 422/678/632 423/681/635
f 472/680/634 423/681/635 471/682/636
f 471/682/636 423/681/635 424/683/637
f 471/682/636 424/683/637 470/684/638
f 470/684/638 424/683/637 425/685/639
f 470/684/638 425/685/639 469/686/640
f 469/686/640 425/685/639 426/687/641
f 469/686/640 426/687/641 468/688/642
f 468/688/642 426/687/641 427/689/643
f 468/688/642 427/689/643 467/690/644
f 467/690/644 427/689/643 428/691/645
f 467/690/644 428/691/645 466/692/646
f 466/692/646 428/691/645 429/693/647
f 466/692/646 429/693/647 430/694/648
f 466/692/646 430/694/648 465/695/649
f 465/695/649 430/694/648 431/696/650
f 465/695/649 431/696/650 432/697/651
f 465/695/649 432/697/651 464/698/652
f 464/698/652 432/697/651 433/699/653
f 464/698/652 433/699/653 463/700/654
f 463/700/654 433/699/653 434/701/655
f 463/700/654 434/701/655 435/702/656
f 463/700/654 435/702/656 462/703/657
f 462/703/657 435/702/656 436/704/658
f 462/703/657 436/704/658 461/705/659
f 461/705/659 436/704/658 437/706/660
f 461/705/659 437/706/660 460/707/661
f 460/707/661 437/706/660 459/708/662
f 459/708/662 437/706/660 438/709/663
f 459/708/662 438/709/663 458/710/664
f 458/710/664 438/709/663 439/711/665
f 458/710/664 439/711/665 457/712/666
f 457/712/666 439/711/665 440/713/667
f 457/712/666 440/713/667 456/714/668
f 456/714/668 440/713/667 441/715/669
f 456/714/668 441/715/669 455/716/670
f 455/716/670 441/715/669 454/717/671
f 454/717/671 441/715/669 442/718/672
f 454/717/671 442/718/672 453/719/673
f 453/719/673 442/718/672 443/720/674
f 453/719/673 443/720/674 452/721/675
f 452/721/675 443/720/674 451/722/676
f 451/722/676 443/720/674 450/723/677
f 450/723/677 443/720/674 449/724/678
f 449/724/678 443/720/674 448/725/679
f 448/725/679 443/720/674 447/726/680
f 447/726/680 443/720/674 444/727/681
f 447/726/680 444/727/681 446/728/682
f 446/728/682 444/727/681 445/729/683
f 422/730/684 421/731/685 490/732/686
f 490/732/686 421/731/685 489/733/687
f 489/733/687 421/731/685 420/734/688
f 489/733/687 420/734/688 488/735/689
f 488/735/689 420/734/688 419/736/690
f 488/735/689 419/736/690 487/737/691
f 487/737/691 419/736/690 418/738/692
f 487/737/691 418/738/692 486/739/693
f 427/740/694 426/741/695 495/742/696
f 495/742/696 426/741/695 494/743/697
f 494/743/697 426/741/695 425/744/698
f 494/743/697 425/744/698 493/745/699
f 493/745/699 425/744/698 424/746/700
f 493/745/699 424/746/700 492/747/701
f 492/747/701 424/746/700 423/748/702
f 492/747/701 423/748/702 491/749/703
f 491/749/703 423/748/702 422/750/704
f 491/749/703 422/750/704 490/751/705
f 431/752/706 430/753/707 499/754/708
f 499/754/708 430/753/707 498/755/709
f 498/755/709 430/753/707 429/756/710
f 498/755/709 429/756/710 497/757/711
f 497/757/711 429/756/710 428/758/712
f 497/757/711 428/758/712 496/759/713
f 496/759/713 428/758/712 427/760/714
f 496/759/713 427/760/714 495/761/715
f 435/762/716 434/763/717 503/764/718
f 503/764/718 434/763/717 502/765/719
f 502/765/719 434/763/717 433/766/720
f 502/765/719 433/766/720 501/767/721
f 501/767/721 433/766/720 432/768/722
f 501/767/721 432/768/722 500/769/723
f 500/769/723 432/768/722 431/770/724
f 500/769/723 431/770/724 499/771/725
f 439/772/726 438/773/727 507/774/728
f 507/774/728 438/773/727 506/775/729
f 506/775/729 438/773/727 437/776/730
f 506/775/729 437/776/730 505/777/731
f 505/777/731 437/776/730 436/778/732
f 505/777/731 436/778/732 504/779/733
f 504/779/733 436/778/732 435/780/734
f 504/779/733 435/780/734 503/781/735
f 443/782/736 442/783/737 511/784/738
f 511/784/738 442/783/737 510/785/739
f 510/785/739 442/783/737 441/786/740
f 510/785/739 441/786/740 509/787/741
f 509/787/741 441/786/740 440/788/742
f 509/787/741 440/788/742 508/789/743
f 508/789/743 440/788/742 439/790/744
f 508/789/743 439/790/744 507/791/745
f 443/792/746 511/793/747 444/794/748
f 444/794/748 511/793/747 512/795/749
f 444/796/750 512/797/751 445/798/752
f 445/798/752 512/797/751 513/799/753
f 445/800/754 513/801/755 446/802/756
f 446/802/756 513/801/755 514/803/757
f 446/804/758 514/805/759 447/806/760
f 447/806/760 514/805/759 515/807/761
f 447/808/762 515/809/763 448/810/764
f 448/810/764 515/809/763 516/811/765
f 448/812/766 516/813/767 449/814/768
f 449/814/768 516/813/767 517/815/769
f 453/816/770 452/817/771 521/818/772
f 521/818/772 452/817/771 520/819/773
f 520/819/773 452/817/771 451/820/774
f 520/819/773 451/820/774 519/821/775
f 519/821/775 451/820/774 450/822/776
f 519/821/775 450/822/776 518/823/777
f 518/823/777 450/822/776 449/824/778
f 518/823/777 449/824/778 517/825/779
f 457/826/780 456/827/781 525/828/782
f 525/828/782 456/827/781 524/829/783
f 524/829/783 456/827/781 455/830/784
f 524/829/783 455/830/784 523/831/785
f 523/831/785 455/830/784 454/832/786
f 523/831/785 454/832/786 522/833/787
f 522/833/787 454/832/786 453/834/788
f 522/833/787 453/834/788 521/835/789
f 461/836/790 460/837/791 529/838/792
f 529/838/792 460/837/791 528/839/793
f 528/839/793 460/837/791 459/840/794
f 528/839/793 459/840/794 527/841/795
f 527/841/795 459/840/794 458/842/796
f 527/841/795 458/842/796 526/843/797
f 526/843/797 458/842/796 457/844/798
f 526/843/797 457/844/798 525/845/799
f 465/846/800 464/847/801 533/848/802
f 533/848/802 464/847/801 532/849/803
f 532/849/803 464/847/801 463/850/804
f 532/849/803 463/850/804 531/851/805
f 531/851/805 463/850/804 462/852/806
f 531/851/805 462/852/806 530/853/807
f 530/853/807 462/852/806 461/854/808
f 530/853/807 461/854/808 529/855/809
f 469/856/810 468/857/811 537/858/812
f 537/858/812 468/857/811 536/859/813
f 536/859/813 468/857/811 467/860/814
f 536/859/813 467/860/814 535/861/815
f 535/861/815 467/860/814 466/862/816
f 535/861/815 466/862/816 534/863/817
f 534/863/817 466/862/816 465/864/818
f 534/863/817 465/864/818 533/865/819
f 473/866/820 472/867/821 541/868/822
f 541/868/822 472/867/821 540/869/823
f 540/869/823 472/867/821 471/870/824
f 540/869/823 471/870/824 539/871/825
f 539/871/825 471/870/824 470/872/826
f 539/871/825 470/872/826 538/873/827
f 538/873/827 470/872/826 469/874/828
f 538/873/827 469/874/828 537/875/829
f 477/876/830 476/877/831 545/878/832
f 545/878/832 476/877/831 544/879/833
f 544/879/833 476/877/831 475/880/834
f 544/879/833 475/880/834 543/881/835
f 543/881/835 475/880/834 474/882/836
f 543/881/835 474/882/836 542/883/837
f 542/883/837 474/882/836 473/884/838
f 542/883/837 473/884/838 541/885/839
f 481/886/840 480/887/841 549/888/842
f 549/888/842 480/887/841 548/889/843
f 548/889/843 480/887/841 479/890/844
f 548/889/843 479/890/844 547/891/845
f 547/891/845 479/890/844 478/892/846
f 547/891/845 478/892/846 546/893/847
f 546/893/847 478/892/846 477/894/848
f 546/893/847 477/894/848 545/895/849
f 481/896/850 549/897/851 482/898/852
f 482/898/852 549/897/851 550/899/853
f 418/900/854 485/901/855 486/902/856
f 486/902/856 485/901/855 553/903/857
f 553/903/857 485/901/855 484/904/858
f 553/903/857 484/904/858 552/905/859
f 552/905/859 484/904/858 483/906/860
f 552/905/859 483/906/860 551/907/861
f 551/907/861 483/906/860 482/908/862
f 551/907/861 482/908/862 550/909/863
f 555/910/864 623/911/865 554/912/866
f 554/912/866 623/911/865 624/913/867
f 554/912/866 624/913/867 625/914/868
f 623/911/865 555/910/864 622/915/869
f 622/915/869 555/910/864 556/916/870
f 622/915/869 556/916/870 621/917/871
f 621/917/871 556/916/870 557/918/872
f 621/917/871 557/918/872 620/919/873
f 620/919/873 557/918/872 558/920/874
f 620/919/873 558/920/874 619/921/875
f 619/921/875 558/920/874 559/922/876
f 619/921/875 559/922/876 618/923/877
f 618/923/877 559/922/876 560/924/878
f 618/923/877 560/924/878 617/925/879
f 617/925/879 560/924/878 561/926/880
f 617/925/879 561/926/880 616/927/881
f 616/927/881 561/926/880 615/928/882
f 615/928/882 561/926/880 562/929/883
f 615/928/882 562/929/883 614/930/884
f 614/930/884 562/929/883 563/931/885
f 614/930/884 563/931/885 613/932/886
f 613/932/886 563/931/885 564/933/887
f 613/932/886 564/933/887 612/934/888
f 612/934/888 564/933/887 565/935/889
f 612/934/888 565/935/889 611/936/890
f 611/936/890 565/935/889 566/937/891
f 611/936/890 566/937/891 610/938/892
f 610/938/892 566/937/891 567/939/893
f 610/938/892 567/939/893 609/940/894
f 609/940/894 567/939/893 568/941/895
f 609/940/894 568/941/895 569/942/896
f 609/940/894 569/942/896 608/943/897
f 608/943/897 569/942/896 570/944/898
f 608/943/897 570/944/898 571/945/899
f 571/945/899 572/946/900 608/943/897
f 608/943/897 572/946/900 607/947/901
f 607/947/901 572/946/900 573/948/902
f 607/947/901 573/948/902 574/949/903
f 574/949/903 575/950/904 607/947/901
f 607/947/901 575/950/904 606/951/905
f 606/951/905 575/950/904 576/952/906
f 606/951/905 576/952/906 577/953/907
f 606/951/905 577/953/907 605/954/908
f 605/954/908 577/953/907 578/955/909
f 605/954/908 578/955/909 579/956/910
f 605/954/908 579/956/910 604/957/911
f 604/957/911 579/956/910 580/958/912
f 604/957/911 580/958/912 581/959/913
f 604/957/911 581/959/913 603/960/914
f 603/960/914 581/959/913 582/961/915
f 603/960/914 582/961/915 602/962/916
f 602/962/916 582/961/915 583/963/917
f 602/962/916 583/963/917 601/964/918
f 601/964/918 583/963/917 584/965/919
f 601/964/918 584/965/919 600/966/920
f 600/966/920 584/965/919 585/967/921
f 600/966/920 585/967/921 599/968/922
f 599/968/922 585/967/921 598/969/923
f 598/969/923 585/967/921 586/970/924
f 598/969/923 586/970/924 597/971/925
f 597/971/925 586/970/924 587/972/926
f 597/971/925 587/972/926 588/973/927
f 597/971/925 588/973/927 596/974/928
f 596/974/928 588/973/927 589/975/929
f 596/974/928 589/975/929 595/976/930
f 595/976/930 589/975/929 590/977/931
f 595/976/930 590/977/931 631/978/932
f 631/978/932 590/977/931 630/979/933
f 630/979/933 590/977/931 629/980/934
f 629/980/934 590/977/931 592/981/935
f 629/980/934 592/981/935 593/982/936
f 590/977/931 591/983/937 592/981/935
f 594/984/938 554/912/866 593/982/936
f 593/982/936 554/912/866 626/985/939
f 593/982/936 626/985/939 627/986/940
f 625/914/868 626/985/939 554/912/866
f 627/986/940 628/987/941 593/982/936
f 593/982/936 628/987/941 629/980/934
f 560/988/942 559/989/943 638/990/944
f 638/990/944 559/989/943 637/991/945
f 637/991/945 559/989/943 558/992/946
f 637/991/945 558/992/946 636/993/947
f 636/993/947 558/992/946 557/994/948
f 636/993/947 557/994/948 635/995/949
f 635/995/949 557/994/948 556/996/950
f 635/995/949 556/996/950 634/997/951
f 634/997/951 556/996/950 555/998/952
f 634/997/951 555/998/952 633/999/953
f 633/999/953 555/998/952 554/1000/954
f 633/999/953 554/1000/954 632/1001/955
f 564/1002/956 563/1003/957 642/1004/958
f 642/1004/958 563/1003/957 641/1005/959
f 641/1005/959 563/1003/957 562/1006/960
f 641/1005/959 562/1006/960 640/1007/961
f 640/1007/961 562/1006/960 561/1008/962
f 640/1007/961 561/1008/962 639/1009/963
f 639/1009/963 561/1008/962 560/1010/964
f 639/1009/963 560/1010/964 638/1011/965
f 568/1012/966 567/1013/967 646/1014/968
f 646/1014/968 567/1013/967 645/1015/969
f 645/1015/969 567/1013/967 566/1016/970
f 645/1015/969 566/1016/970 644/1017/971
f 644/1017/971 566/1016/970 565/1018/972
f 644/1017/971 565/1018/972 643/1019/973
f 643/1019/973 565/1018/972 564/1020/974
f 643/1019/973 564/1020/974 642/1021/975
f 572/1022/976 571/1023/977 650/1024/978
f 650/1024/978 571/1023/977 649/1025/979
f 649/1025/979 571/1023/977 570/1026/980
f 649/1025/979 570/1026/980 648/1027/981
f 648/1027/981 570/1026/980 569/1028/982
f 648/1027/981 569/1028/982 647/1029/983
f 647/1029/983 569/1028/982 568/1030/984
f 647/1029/983 568/1030/984 646/1031/985
f 576/1032/986 575/1033/987 654/1034/988
f 654/1034/988 575/1033/987 653/1035/989
f 653/1035/989 575/1033/987 574/1036/990
f 653/1035/989 574/1036/990 652/1037/991
f 652/1037/991 574/1036/990 573/1038/992
f 652/1037/991 573/1038/992 651/1039/993
f 651/1039/993 573/1038/992 572/1040/994
f 651/1039/993 572/1040/994 650/1041/995
f 580/1042/996 579/1043/997 658/1044/998
f 658/1044/998 579/1043/997 657/1045/999
f 657/1045/999 579/1043/997 578/1046/1000
f 657/1045/999 578/1046/1000 656/1047/1001
f 656/1047/1001 578/1046/1000 577/1048/1002
f 656/1047/1001 577/1048/1002 655/1049/1003
f 655/1049/1003 577/1048/1002 576/1050/1004
f 655/1049/1003 576/1050/1004 654/1051/1005
f 584/1052/1006 583/1053/1007 662/1054/1008
f 662/1054/1008 583/1053/1007 661/1055/1009
f 661/1055/1009 583/1053/1007 582/1056/1010
f 661/1055/1009 582/1056/1010 660/1057/1011
f 660/1057/1011 582/1056/1010 581/1058/1012
f 660/1057/1011 581/1058/1012 659/1059/1013
f 659/1059/1013 581/1058/1012 580/1060/1014
f 659/1059/1013 580/1060/1014 658/1061/1015
f 590/1062/1016 589/1063/1017 668/1064/1018
f 668/1064/1018 589/1063/1017 667/1065/1019
f 667/1065/1019 589/1063/1017 588/1066/1020
f 667/1065/1019 588/1066/1020 666/1067/1021
f 666/1067/1021 588/1066/1020 587/1068/1022
f 666/1067/1021 587/1068/1022 665/1069/1023
f 665/1069/1023 587/1068/1022 586/1070/1024
f 665/1069/1023 586/1070/1024 664/1071/1025
f 664/1071/1025 586/1070/1024 585/1072/1026
f 664/1071/1025 585/1072/1026 663/1073/1027
f 663/1073/1027 585/1072/1026 584/1074/1028
f 663/1073/1027 584/1074/1028 662/1075/1029
f 590/1076/1030 668/1077/1031 591/1078/1032
f 591/1078/1032 668/1077/1031 669/1079/1033
f 591/1080/1034 669/1081/1035 592/1082/1036
f 592/1082/1036 669/1081/1035 670/1083/1037
f 592/1084/1038 670/1085/1039 593/1086/1040
f 593/1086/1040 670/1085/1039 671/1087/1041
f 593/1088/1042 671/1089/1043 594/1090/1044
f 594/1090/1044 671/1089/1043 672/1091/1045
f 594/1092/1046 672/1093/1047 554/1094/1048
f 554/1094/1048 672/1093/1047 632/1095/1049
f 600/1096/1050 599/1097/1051 678/1098/1052
f 678/1098/1052 599/1097/1051 677/1099/1053
f 677/1099/1053 599/1097/1051 598/1100/1054
f 677/1099/1053 598/1100/1054 676/1101/1055
f 676/1101/1055 598/1100/1054 597/1102/1056
f 676/1101/1055 597/1102/1056 675/1103/1057
f 675/1103/1057 597/1102/1056 596/1104/1058
f 675/1103/1057 596/1104/1058 674/1105/1059
f 674/1105/1059 596/1104/1058 595/1106/1060
f 674/1105/1059 595/1106/1060 673/1107/1061
f 605/1108/1062 604/1109/1063 683/1110/1064
f 683/1110/1064 604/1109/1063 682/1111/1065
f 682/1111/1065 604/1109/1063 603/1112/1066
f 682/1111/1065 603/1112/1066 681/1113/1067
f 681/1113/1067 603/1112/1066 602/1114/1068
f 681/1113/1067 602/1114/1068 680/1115/1069
f 680/1115/1069 602/1114/1068 601/1116/1070
f 680/1115/1069 601/1116/1070 679/1117/1071
f 679/1117/1071 601/1116/1070 600/1118/1072
f 679/1117/1071 600/1118/1072 678/1119/1073
f 609/1120/1074 608/1121/1075 687/1122/1076
f 687/1122/1076 608/1121/1075 686/1123/1077
f 686/1123/1077 608/1121/1075 607/1124/1078
f 686/1123/1077 607/1124/1078 685/1125/1079
f 685/1125/1079 607/1124/1078 606/1126/1080
f 685/1125/1079 606/1126/1080 684/1127/1081
f 684/1127/1081 606/1126/1080 605/1128/1082
f 684/1127/1081 605/1128/1082 683/1129/1083
f 613/1130/1084 612/1131/1085 691/1132/1086
f 691/1132/1086 612/1131/1085 690/1133/1087
f 690/1133/1087 612/1131/1085 611/1134/1088
f 690/1133/1087 611/1134/1088 689/1135/1089
f 689/1135/1089 611/1134/1088 610/1136/1090
f 689/1135/1089 610/1136/1090 688/1137/1091
f 688/1137/1091 610/1136/1090 609/1138/1092
f 688/1137/1091 609/1138/1092 687/1139/1093
f 618/1140/1094 617/1141/1095 696/1142/1096
f 696/1142/1096 617/1141/1095 695/1143/1097
f 695/1143/1097 617/1141/1095 616/1144/1098
f 695/1143/1097 616/1144/1098 694/1145/1099
f 694/1145/1099 616/1144/1098 615/1146/1100
f 694/1145/1099 615/1146/1100 693/1147/1101
f 693/1147/1101 615/1146/1100 614/1148/1102
f 693/1147/1101 614/1148/1102 692/1149/1103
f 692/1149/1103 614/1148/1102 613/1150/1104
f 692/1149/1103 613/1150/1104 691/1151/1105
f 624/1152/1106 623/1153/1107 702/1154/1108
f 702/1154/1108 623/1153/1107 701/1155/1109
f 701/1155/1109 623/1153/1107 622/1156/1110
f 701/1155/1109 622/1156/1110 700/1157/1111
f 700/1157/1111 622/1156/1110 621/1158/1112
f 700/1157/1111 621/1158/1112 699/1159/1113
f 699/1159/1113 621/1158/1112 620/1160/1114
f 699/1159/1113 620/1160/1114 698/1161/1115
f 698/1161/1115 620/1160/1114 619/1162/1116
f 698/1161/1115 619/1162/1116 697/1163/1117
f 697/1163/1117 619/1162/1116 618/1164/1118
f 697/1163/1117 618/1164/1118 696/1165/1119
f 628/1166/1120 627/1167/1121 706/1168/1122
f 706/1168/1122 627/1167/1121 705/1169/1123
f 705/1169/1123 627/1167/1121 626/1170/1124
f 705/1169/1123 626/1170/1124 704/1171/1125
f 704/1171/1125 626/1170/1124 625/1172/1126
f 704/1171/1125 625/1172/1126 703/1173/1127
f 703/1173/1127 625/1172/1126 624/1174/1128
f 703/1173/1127 624/1174/1128 702/1175/1129
f 595/1176/1130 631/1177/1131 673/1178/1132
f 673/1178/1132 631/1177/1131 709/1179/1133
f 709/1179/1133 631/1177/1131 630/1180/1134
f 709/1179/1133 630/1180/1134 708/1181/1135
f 708/1181/1135 630/1180/1134 629/1182/1136
f 708/1181/1135 629/1182/1136 707/1183/1137
f 707/1183/1137 629/1182/1136 628/1184/1138
f 707/1183/1137 628/1184/1138 706/1185/1139
f 679/1186/1140 678/1187/1141 686/1188/1142
f 686/1188/1142 678/1187/1141 677/1189/1143
f 686/1188/1142 677/1189/1143 674/1190/1144
f 674/1190/1144 677/1189/1143 676/1191/1145
f 674/1190/1144 676/1191/1145 675/1192/1146
f 673/1193/1147 709/1194/1148 674/1190/1144
f 674/1190/1144 709/1194/1148 686/1188/1142
f 709/1194/1148 708/1195/1149 686/1188/1142
f 686/1188/1142 708/1195/1149 707/1196/1150
f 686/1188/1142 707/1196/1150 687/1197/1151
f 687/1197/1151 707/1196/1150 706/1198/1152
f 687/1197/1151 706/1198/1152 688/1199/1153
f 688/1199/1153 706/1198/1152 705/1200/1154
f 688/1199/1153 705/1200/1154 689/1201/1155
f 689/1201/1155 705/1200/1154 690/1202/1156
f 690/1202/1156 705/1200/1154 692/1203/1157
f 690/1202/1156 692/1203/1157 691/1204/1158
f 704/1205/1159 701/1206/1160 705/1200/1154
f 705/1200/1154 701/1206/1160 700/1207/1161
f 705/1200/1154 700/1207/1161 699/1208/1162
f 704/1205/1159 703/1209/1163 701/1206/1160
f 701/1206/1160 703/1209/1163 702/1210/1164
f 699/1208/1162 698/1211/1165 705/1200/1154
f 705/1200/1154 698/1211/1165 697/1212/1166
f 705/1200/1154 697/1212/1166 696/1213/1167
f 696/1213/1167 695/1214/1168 705/1200/1154
f 705/1200/1154 695/1214/1168 692/1203/1157
f 695/1214/1168 694/1215/1169 692/1203/1157
f 692/1203/1157 694/1215/1169 693/1216/1170
f 686/1188/1142 685/1217/1171 679/1186/1140
f 679/1186/1140 685/1217/1171 684/1218/1172
f 679/1186/1140 684/1218/1172 680/1219/1173
f 680/1219/1173 684/1218/1172 681/1220/1174
f 681/1220/1174 684/1218/1172 682/1221/1175
f 682/1221/1175 684/1218/1172 683/1222/1176
f 639/1223/1177 638/1224/1178 414/1225/1179
f 414/1225/1179 638/1224/1178 637/1226/1180
f 414/1225/1179 637/1226/1180 672/1227/1181
f 672/1227/1181 637/1226/1180 636/1228/1182
f 672/1227/1181 636/1228/1182 635/1229/1183
f 635/1229/1183 634/1230/1184 672/1227/1181
f 672/1227/1181 634/1230/1184 633/1231/1185
f 672/1227/1181 633/1231/1185 632/1232/1186
f 672/1227/1181 671/1233/1187 414/1225/1179
f 414/1225/1179 671/1233/1187 415/1234/1188
f 415/1234/1188 671/1233/1187 491/1235/1189
f 415/1234/1188 491/1235/1189 490/1236/1190
f 670/1237/1191 500/1238/1192 671/1233/1187
f 671/1233/1187 500/1238/1192 499/1239/1193
f 671/1233/1187 499/1239/1193 498/1240/1194
f 669/1241/1195 417/1242/1196 670/1237/1191
f 670/1237/1191 417/1242/1196 416/1243/1197
f 670/1237/1191 416/1243/1197 514/1244/1198
f 514/1244/1198 416/1243/1197 515/1245/1199
f 515/1245/1199 416/1243/1197 516/1246/1200
f 516/1246/1200 416/1243/1197 550/1247/1201
f 516/1246/1200 550/1247/1201 549/1248/1202
f 668/1249/1203 667/1250/1204 669/1241/1195
f 669/1241/1195 667/1250/1204 666/1251/1205
f 669/1241/1195 666/1251/1205 665/1252/1206
f 665/1252/1206 664/1253/1207 669/1241/1195
f 669/1241/1195 664/1253/1207 663/1254/1208
f 669/1241/1195 663/1254/1208 662/1255/1209
f 662/1255/1209 661/1256/1210 669/1241/1195
f 669/1241/1195 661/1256/1210 660/1257/1211
f 669/1241/1195 660/1257/1211 417/1242/1196
f 417/1242/1196 660/1257/1211 659/1258/1212
f 417/1242/1196 659/1258/1212 658/1259/1213
f 658/1259/1213 657/1260/1214 417/1242/1196
f 417/1242/1196 657/1260/1214 656/1261/1215
f 417/1242/1196 656/1261/1215 655/1262/1216
f 655/1262/1216 654/1263/1217 417/1242/1196
f 417/1242/1196 654/1263/1217 653/1264/1218
f 417/1242/1196 653/1264/1218 652/1265/1219
f 652/1265/1219 651/1266/1220 417/1242/1196
f 417/1242/1196 651/1266/1220 650/1267/1221
f 417/1242/1196 650/1267/1221 649/1268/1222
f 649/1268/1222 648/1269/1223 417/1242/1196
f 417/1242/1196 648/1269/1223 647/1270/1224
f 417/1242/1196 647/1270/1224 414/1225/1179
f 414/1225/1179 647/1270/1224 646/1271/1225
f 414/1225/1179 646/1271/1225 645/1272/1226
f 645/1272/1226 644/1273/1227 414/1225/1179
f 414/1225/1179 644/1273/1227 643/1274/1228
f 414/1225/1179 643/1274/1228 642/1275/1229
f 642/1275/1229 641/1276/1230 414/1225/1179
f 414/1225/1179 641/1276/1230 640/1277/1231
f 414/1225/1179 640/1277/1231 639/1223/1177
f 490/1236/1190 489/1278/1232 415/1234/1188
f 415/1234/1188 489/1278/1232 488/1279/1233
f 415/1234/1188 488/1279/1233 487/1280/1234
f 487/1280/1234 486/1281/1235 415/1234/1188
f 415/1234/1188 486/1281/1235 553/1282/1236
f 415/1234/1188 553/1282/1236 552/1283/1237
f 552/1283/1237 551/1284/1238 415/1234/1188
f 415/1234/1188 551/1284/1238 550/1247/1201
f 415/1234/1188 550/1247/1201 416/1243/1197
f 548/1285/1239 536/1286/1240 549/1248/1202
f 549/1248/1202 536/1286/1240 535/1287/1241
f 549/1248/1202 535/1287/1241 534/1288/1242
f 548/1285/1239 547/1289/1243 536/1286/1240
f 536/1286/1240 547/1289/1243 546/1290/1244
f 536/1286/1240 546/1290/1244 537/1291/1245
f 537/1291/1245 546/1290/1244 538/1292/1246
f 538/1292/1246 546/1290/1244 539/1293/1247
f 539/1293/1247 546/1290/1244 540/1294/1248
f 540/1294/1248 546/1290/1244 541/1295/1249
f 541/1295/1249 546/1290/1244 542/1296/1250
f 542/1296/1250 546/1290/1244 543/1297/1251
f 543/1297/1251 546/1290/1244 544/1298/1252
f 544/1298/1252 546/1290/1244 545/1299/1253
f 534/1288/1242 533/1300/1254 549/1248/1202
f 549/1248/1202 533/1300/1254 532/1301/1255
f 549/1248/1202 532/1301/1255 531/1302/1256
f 531/1302/1256 530/1303/1257 549/1248/1202
f 549/1248/1202 530/1303/1257 529/1304/1258
f 549/1248/1202 529/1304/1258 528/1305/1259
f 528/1305/1259 527/1306/1260 549/1248/1202
f 549/1248/1202 527/1306/1260 526/1307/1261
f 549/1248/1202 526/1307/1261 525/1308/1262
f 525/1308/1262 524/1309/1263 549/1248/1202
f 549/1248/1202 524/1309/1263 523/1310/1264
f 549/1248/1202 523/1310/1264 522/1311/1265
f 522/1311/1265 521/1312/1266 549/1248/1202
f 549/1248/1202 521/1312/1266 520/1313/1267
f 549/1248/1202 520/1313/1267 519/1314/1268
f 519/1314/1268 518/1315/1269 549/1248/1202
f 549/1248/1202 518/1315/1269 517/1316/1270
f 549/1248/1202 517/1316/1270 516/1246/1200
f 514/1244/1198 513/1317/1271 670/1237/1191
f 670/1237/1191 513/1317/1271 502/1318/1272
f 670/1237/1191 502/1318/1272 501/1319/1273
f 512/1320/1274 506/1321/1275 513/1317/1271
f 513/1317/1271 506/1321/1275 505/1322/1276
f 513/1317/1271 505/1322/1276 504/1323/1277
f 511/1324/1278 510/1325/1279 512/1320/1274
f 512/1320/1274 510/1325/1279 509/1326/1280
f 512/1320/1274 509/1326/1280 508/1327/1281
f 508/1327/1281 507/1328/1282 512/1320/1274
f 512/1320/1274 507/1328/1282 506/1321/1275
f 504/1323/1277 503/1329/1283 513/1317/1271
f 513/1317/1271 503/1329/1283 502/1318/1272
f 501/1319/1273 500/1238/1192 670/1237/1191
f 498/1240/1194 497/1330/1284 671/1233/1187
f 671/1233/1187 497/1330/1284 496/1331/1285
f 671/1233/1187 496/1331/1285 495/1332/1286
f 495/1332/1286 494/1333/1287 671/1233/1187
f 671/1233/1187 494/1333/1287 493/1334/1288
f 671/1233/1187 493/1334/1288 492/1335/1289
f 492/1335/1289 491/1235/1189 671/1233/1187
f 119/1336/1290 341/1337/1291 120/1338/1292
f 120/1338/1292 341/1337/1291 340/1339/1293
f 94/1340/1294 366/1341/1295 95/1342/1296
f 95/1342/1296 366/1341/1295 365/1343/1297
f 390/1344/1298 132/1345/1299 391/1346/1300
f 391/1346/1300 132/1345/1299 131/1347/1301
f 96/1348/1302 364/1349/1303 97/1350/1304
f 97/1350/1304 364/1349/1303 363/1351/1305
f 97/1352/1306 363/1353/1307 98/1354/1308
f 98/1354/1308 363/1353/1307 362/1355/1309
f 95/1356/1310 365/1357/1311 96/1358/1312
f 96/1358/1312 365/1357/1311 364/1359/1313
f 377/1360/1314 83/1361/1315 378/1362/1316
f 378/1362/1316 83/1361/1315 144/1363/1317
f 98/1364/1318 362/1365/1319 99/1366/1320
f 99/1366/1320 362/1365/1319 361/1367/1321
f 99/1368/1322 361/1369/1323 100/1370/1324
f 100/1370/1324 361/1369/1323 360/1371/1325
f 141/1372/1326 381/1373/1327 142/1374/1328
f 142/1374/1328 381/1373/1327 380/1375/1329
f 387/1376/1330 135/1377/1331 388/1378/1332
f 388/1378/1332 135/1377/1331 134/1379/1333
f 116/1380/1334 344/1381/1335 117/1382/1336
f 117/1382/1336 344/1381/1335 343/1383/1337
f 115/1384/1338 345/1385/1339 116/1386/1340
f 116/1386/1340 345/1385/1339 344/1387/1341
f 108/1388/1342 352/1389/1343 109/1390/1344
f 109/1390/1344 352/1389/1343 351/1391/1345
f 358/1392/1346 102/1393/1347 359/1394/1348
f 359/1394/1348 102/1393/1347 101/1395/1349
f 100/1396/1350 360/1397/1351 101/1398/1352
f 101/1398/1352 360/1397/1351 359/1399/1353
f 381/1400/1327 141/1401/1326 382/1402/1354
f 382/1402/1354 141/1401/1326 140/1403/1355
f 382/1402/1354 140/1403/1355 383/1404/1356
f 383/1404/1356 140/1403/1355 139/1405/1357
f 383/1404/1356 139/1405/1357 384/1406/1358
f 384/1406/1358 139/1405/1357 138/1407/1359
f 384/1406/1358 138/1407/1359 385/1408/1360
f 385/1408/1360 138/1407/1359 137/1409/1361
f 385/1408/1360 137/1409/1361 386/1410/1362
f 386/1410/1362 137/1409/1361 136/1411/1363
f 386/1410/1362 136/1411/1363 387/1412/1330
f 387/1412/1330 136/1411/1363 135/1413/1331
f 16/1414/1364 15/1415/1365 286/1416/1366
f 286/1416/1366 15/1415/1365 215/1417/1367
f 214/1418/344 278/1419/343 215/1420/1368
f 215/1420/1368 278/1419/343 286/1421/1369
f 102/1422/1347 358/1423/1346 103/1424/1370
f 103/1424/1370 358/1423/1346 357/1425/1371
f 103/1424/1370 357/1425/1371 104/1426/1372
f 104/1426/1372 357/1425/1371 356/1427/1373
f 104/1426/1372 356/1427/1373 105/1428/1374
f 105/1428/1374 356/1427/1373 355/1429/1375
f 105/1428/1374 355/1429/1375 106/1430/1376
f 106/1430/1376 355/1429/1375 354/1431/1377
f 106/1430/1376 354/1431/1377 107/1432/1378
f 107/1432/1378 354/1431/1377 353/1433/1379
f 107/1432/1378 353/1433/1379 108/1434/1342
f 108/1434/1342 353/1433/1379 352/1435/1343
f 109/1436/1344 351/1437/1345 110/1438/1380
f 110/1438/1380 351/1437/1345 350/1439/1381
f 110/1438/1380 350/1439/1381 111/1440/1382
f 111/1440/1382 350/1439/1381 349/1441/1383
f 111/1440/1382 349/1441/1383 112/1442/1384
f 112/1442/1384 349/1441/1383 348/1443/1385
f 112/1442/1384 348/1443/1385 113/1444/1386
f 113/1444/1386 348/1443/1385 347/1445/1387
f 113/1444/1386 347/1445/1387 114/1446/1388
f 114/1446/1388 347/1445/1387 346/1447/1389
f 114/1446/1388 346/1447/1389 115/1448/1338
f 115/1448/1338 346/1447/1389 345/1449/1339
f 310/1450/1390 32/1451/1391 287/1452/1392
f 287/1452/1392 32/1451/1391 31/1453/1393
f 287/1452/1392 31/1453/1393 288/1454/1394
f 288/1454/1394 31/1453/1393 54/1455/1395
f 288/1454/1394 54/1455/1395 289/1456/1396
f 289/1456/1396 54/1455/1395 53/1457/1397
f 289/1456/1396 53/1457/1397 290/1458/1398
f 290/1458/1398 53/1457/1397 52/1459/1399
f 290/1458/1398 52/1459/1399 291/1460/1400
f 291/1460/1400 52/1459/1399 51/1461/1401
f 291/1460/1400 51/1461/1401 292/1462/1402
f 292/1462/1402 51/1461/1401 50/1463/1403
f 292/1462/1402 50/1463/1403 293/1464/1404
f 293/1464/1404 50/1463/1403 49/1465/1405
f 293/1464/1404 49/1465/1405 294/1466/1406
f 294/1466/1406 49/1465/1405 48/1467/1407
f 294/1466/1406 48/1467/1407 295/1468/1408
f 295/1468/1408 48/1467/1407 47/1469/1409
f 295/1468/1408 47/1469/1409 296/1470/1410
f 296/1470/1410 47/1469/1409 46/1471/1411
f 296/1470/1410 46/1471/1411 297/1472/1412
f 297/1472/1412 46/1471/1411 45/1473/1413
f 297/1472/1412 45/1473/1413 298/1474/1414
f 298/1474/1414 45/1473/1413 44/1475/1415
f 298/1474/1414 44/1475/1415 299/1476/1416
f 299/1476/1416 44/1475/1415 43/1477/1417
f 299/1478/1416 43/1479/1417 300/1480/1418
f 300/1480/1418 43/1479/1417 42/1481/1419
f 300/1480/1418 42/1481/1419 301/1482/1420
f 301/1482/1420 42/1481/1419 41/1483/1421
f 301/1482/1420 41/1483/1421 302/1484/1422
f 302/1484/1422 41/1483/1421 40/1485/1423
f 302/1484/1422 40/1485/1423 303/1486/1424
f 303/1486/1424 40/1485/1423 39/1487/1425
f 303/1486/1424 39/1487/1425 304/1488/1426
f 304/1488/1426 39/1487/1425 38/1489/1427
f 304/1488/1426 38/1489/1427 305/1490/1428
f 305/1490/1428 38/1489/1427 37/1491/1429
f 305/1490/1428 37/1491/1429 306/1492/1430
f 306/1492/1430 37/1491/1429 36/1493/1431
f 306/1492/1430 36/1493/1431 307/1494/1432
f 307/1494/1432 36/1493/1431 35/1495/1433
f 307/1494/1432 35/1495/1433 308/1496/1434
f 308/1496/1434 35/1495/1433 34/1497/1435
f 308/1496/1434 34/1497/1435 309/1498/1436
f 309/1498/1436 34/1497/1435 33/1499/1437
f 309/1498/1436 33/1499/1437 310/1450/1390
f 310/1450/1390 33/1499/1437 32/1451/1391
f 143/1500/1438 379/1501/1439 144/1502/1440
f 144/1502/1440 379/1501/1439 378/1503/1441
f 142/1504/1442 380/1505/1443 143/1506/1444
f 143/1506/1444 380/1505/1443 379/1507/1445
f 55/1508/1446 326/1509/1447 56/1510/1448
f 56/1510/1448 326/1509/1447 325/1511/1449
f 332/1512/1450 77/1513/1451 333/1514/1452
f 333/1514/1452 77/1513/1451 76/1515/1453
f 311/1516/1454 70/1517/1455 312/1518/1456
f 312/1518/1456 70/1517/1455 69/1519/1457
f 318/1520/1458 63/1521/1459 319/1522/1460
f 319/1522/1460 63/1521/1459 62/1523/1461
f 326/1524/1447 55/1525/1446 327/1526/1462
f 327/1526/1462 55/1525/1446 82/1527/1463
f 327/1526/1462 82/1527/1463 328/1528/1464
f 328/1528/1464 82/1527/1463 81/1529/1465
f 328/1528/1464 81/1529/1465 329/1530/1466
f 329/1530/1466 81/1529/1465 80/1531/1467
f 329/1530/1466 80/1531/1467 330/1532/1468
f 330/1532/1468 80/1531/1467 79/1533/1469
f 330/1532/1468 79/1533/1469 331/1534/1470
f 331/1534/1470 79/1533/1469 78/1535/1471
f 331/1534/1470 78/1535/1471 332/1536/1450
f 332/1536/1450 78/1535/1471 77/1537/1451
f 333/1538/1452 76/1539/1453 334/1540/1472
f 334/1540/1472 76/1539/1453 75/1541/1473
f 334/1540/1472 75/1541/1473 335/1542/1474
f 335/1542/1474 75/1541/1473 74/1543/1475
f 335/1542/1474 74/1543/1475 336/1544/1476
f 336/1544/1476 74/1543/1475 73/1545/1477
f 336/1544/1476 73/1545/1477 337/1546/1478
f 337/1546/1478 73/1545/1477 72/1547/1479
f 337/1546/1478 72/1547/1479 338/1548/1480
f 338/1548/1480 72/1547/1479 71/1549/1481
f 338/1548/1480 71/1549/1481 311/1550/1454
f 311/1550/1454 71/1549/1481 70/1551/1455
f 312/1552/1456 69/1553/1457 313/1554/1482
f 313/1554/1482 69/1553/1457 68/1555/1483
f 313/1554/1482 68/1555/1483 314/1556/1484
f 314/1556/1484 68/1555/1483 67/1557/1485
f 314/1556/1484 67/1557/1485 315/1558/1486
f 315/1558/1486 67/1557/1485 66/1559/1487
f 315/1558/1486 66/1559/1487 316/1560/1488
f 316/1560/1488 66/1559/1487 65/1561/1489
f 316/1560/1488 65/1561/1489 317/1562/1490
f 317/1562/1490 65/1561/1489 64/1563/1491
f 317/1562/1490 64/1563/1491 318/1564/1458
f 318/1564/1458 64/1563/1491 63/1565/1459
f 319/1566/1460 62/1567/1461 320/1568/1492
f 320/1568/1492 62/1567/1461 61/1569/1493
f 320/1568/1492 61/1569/1493 321/1570/1494
f 321/1570/1494 61/1569/1493 60/1571/1495
f 321/1570/1494 60/1571/1495 322/1572/1496
f 322/1572/1496 60/1571/1495 59/1573/1497
f 322/1572/1496 59/1573/1497 323/1574/1498
f 323/1574/1498 59/1573/1497 58/1575/1499
f 323/1574/1498 58/1575/1499 324/1576/1500
f 324/1576/1500 58/1575/1499 57/1577/1501
f 324/1576/1500 57/1577/1501 325/1578/1449
f 325/1578/1449 57/1577/1501 56/1579/1448
f 366/1580/1502 94/1581/1503 367/1582/1504
f 367/1582/1504 94/1581/1503 93/1583/1505
f 367/1584/1506 93/1585/1507 368/1586/1508
f 368/1586/1508 93/1585/1507 92/1587/1509
f 368/1588/1510 92/1589/1511 369/1590/1512
f 369/1590/1512 92/1589/1511 91/1591/1513
f 369/1592/1514 91/1593/1515 370/1594/1516
f 370/1594/1516 91/1593/1515 90/1595/1517
f 370/1596/1518 90/1597/1519 371/1598/1520
f 371/1598/1520 90/1597/1519 89/1599/1521
f 371/1600/1522 89/1601/1523 372/1602/1524
f 372/1602/1524 89/1601/1523 88/1603/1525
f 372/1604/1526 88/1605/1527 373/1606/1528
f 373/1606/1528 88/1605/1527 87/1607/1529
f 373/1608/1530 87/1609/1531 374/1610/1532
f 374/1610/1532 87/1609/1531 86/1611/1533
f 374/1612/1534 86/1613/1535 375/1614/1536
f 375/1614/1536 86/1613/1535 85/1615/1537
f 376/1616/1538 84/1617/1539 377/1618/1540
f 377/1618/1540 84/1617/1539 83/1619/1541
f 375/1620/1542 85/1621/1543 376/1622/1544
f 376/1622/1544 85/1621/1543 84/1623/1545
f 391/1624/1546 131/1625/1547 392/1626/1548
f 392/1626/1548 131/1625/1547 130/1627/1549
f 392/1628/1550 130/1629/1551 393/1630/1552
f 393/1630/1552 130/1629/1551 129/1631/1553
f 393/1632/1554 129/1633/1555 394/1634/1556
f 394/1634/1556 129/1633/1555 128/1635/1557
f 394/1636/1558 128/1637/1559 395/1638/1560
f 395/1638/1560 128/1637/1559 127/1639/1561
f 396/1640/1562 126/1641/1563 397/1642/1564
f 397/1642/1564 126/1641/1563 125/1643/1565
f 395/1644/1566 127/1645/1567 396/1646/1568
f 396/1646/1568 127/1645/1567 126/1647/1569
f 397/1648/1570 125/1649/1571 398/1650/1572
f 398/1650/1572 125/1649/1571 124/1651/1573
f 398/1652/1574 124/1653/1575 399/1654/1576
f 399/1654/1576 124/1653/1575 123/1655/1577
f 399/1656/1578 123/1657/1579 400/1658/1580
f 400/1658/1580 123/1657/1579 122/1659/1581
f 400/1660/1582 122/1661/1583 339/1662/1584
f 339/1662/1584 122/1661/1583 121/1663/1585
f 339/1664/1586 121/1665/1587 340/1666/1588
f 340/1666/1588 121/1665/1587 120/1667/1589
f 117/1668/1590 343/1669/1591 118/1670/1592
f 118/1670/1592 343/1669/1591 342/1671/1593
f 118/1672/1594 342/1673/1595 119/1674/1596
f 119/1674/1596 342/1673/1595 341/1675/1597
f 133/1676/1598 389/1677/1599 134/1678/1600
f 134/1678/1600 389/1677/1599 388/1679/1601
f 132/1680/1602 390/1681/1603 133/1682/1604
f 133/1682/1604 390/1681/1603 389/1683/1605
# 709 vertices
# 1683 texture params
# 1605 normals
# 1426 facets

# 1 groups
