# WaveFront *.obj file (generated by Autodesk ATF)

mtllib Side_plate_right.mtl

g Body1

v 8.000000 0.300000 0.000000
v 8.025882 0.303407 0.000000
v 8.050000 0.313397 0.000000
v 8.070711 0.329289 0.000000
v 8.086603 0.350000 0.000000
v 8.096593 0.374118 0.000000
v 8.100000 0.400000 0.000000
v 8.100000 0.400000 -0.300000
v 8.096593 0.374118 -0.300000
v 8.086603 0.350000 -0.300000
v 8.070711 0.329289 -0.300000
v 8.050000 0.313397 -0.300000
v 8.025882 0.303407 -0.300000
v 8.000000 0.300000 -0.300000
v 8.100000 1.650000 0.000000
v 8.100000 1.650000 -0.300000
v 8.096593 1.675882 0.000000
v 8.086603 1.700000 0.000000
v 8.070711 1.720711 0.000000
v 8.050000 1.736603 0.000000
v 8.025882 1.746593 0.000000
v 8.000000 1.750000 0.000000
v 8.000000 1.750000 -0.300000
v 8.025882 1.746593 -0.300000
v 8.050000 1.736603 -0.300000
v 8.070711 1.720711 -0.300000
v 8.086603 1.700000 -0.300000
v 8.096593 1.675882 -0.300000
v 2.300000 1.750000 0.000000
v 2.300000 1.750000 -0.300000
v 2.200000 0.400000 0.000000
v 2.203407 0.374118 0.000000
v 2.213397 0.350000 0.000000
v 2.229289 0.329289 0.000000
v 2.250000 0.313397 0.000000
v 2.274118 0.303407 0.000000
v 2.300000 0.300000 0.000000
v 2.300000 0.300000 -0.300000
v 2.274118 0.303407 -0.300000
v 2.250000 0.313397 -0.300000
v 2.229289 0.329289 -0.300000
v 2.213397 0.350000 -0.300000
v 2.203407 0.374118 -0.300000
v 2.200000 0.400000 -0.300000
v 2.274118 1.746593 0.000000
v 2.250000 1.736603 0.000000
v 2.229289 1.720711 0.000000
v 2.213397 1.700000 0.000000
v 2.203407 1.675882 0.000000
v 2.200000 1.650000 0.000000
v 2.200000 1.650000 -0.300000
v 2.203407 1.675882 -0.300000
v 2.213397 1.700000 -0.300000
v 2.229289 1.720711 -0.300000
v 2.250000 1.736603 -0.300000
v 2.274118 1.746593 -0.300000
v 6.060000 3.850000 0.000000
v 6.170000 3.850000 0.000000
v 6.170000 4.350000 0.000000
v 1.700000 4.350000 0.000000
v 1.700000 4.650000 0.000000
v 0.700000 4.650000 0.000000
v 0.700000 4.350000 0.000000
v 0.000000 4.350000 0.000000
v 0.000000 0.000000 0.000000
v 2.950000 0.000000 0.000000
v 2.950000 -0.300000 0.000000
v 2.960222 -0.377646 0.000000
v 2.990192 -0.450000 0.000000
v 3.037868 -0.512132 0.000000
v 3.100000 -0.559808 0.000000
v 3.172354 -0.589778 0.000000
v 3.250000 -0.600000 0.000000
v 4.050000 -0.600000 0.000000
v 4.127646 -0.589778 0.000000
v 4.200000 -0.559808 0.000000
v 4.262132 -0.512132 0.000000
v 4.309808 -0.450000 0.000000
v 4.339778 -0.377646 0.000000
v 4.350000 -0.300000 0.000000
v 4.350000 0.000000 0.000000
v 14.400000 0.000000 -0.000000
v 14.400000 0.500000 -0.000000
v 14.100000 0.500000 -0.000000
v 14.100000 0.860000 0.000000
v 13.600000 0.860000 0.000000
v 13.600000 0.750000 0.000000
v 13.350000 0.750000 0.000000
v 13.350000 0.860000 0.000000
v 13.150000 0.860000 0.000000
v 13.150000 1.160000 0.000000
v 13.350000 1.160000 0.000000
v 13.350000 1.270000 0.000000
v 13.600000 1.270000 0.000000
v 13.600000 1.160000 0.000000
v 14.100000 1.160000 0.000000
v 14.100000 1.520000 0.000000
v 14.400000 1.520000 -0.000000
v 14.400000 2.020000 -0.000000
v 9.600000 2.020000 0.000000
v 9.522354 2.030222 0.000000
v 9.450000 2.060192 0.000000
v 9.387868 2.107868 0.000000
v 9.340192 2.170000 0.000000
v 9.310222 2.242354 0.000000
v 9.300000 2.320000 0.000000
v 9.300000 4.650000 0.000000
v 8.300000 4.650000 0.000000
v 8.300000 4.350000 0.000000
v 6.470000 4.350000 0.000000
v 6.470000 3.850000 0.000000
v 6.580000 3.850000 0.000000
v 6.580000 3.600000 0.000000
v 6.470000 3.600000 0.000000
v 6.470000 3.400000 0.000000
v 6.170000 3.400000 0.000000
v 6.170000 3.600000 0.000000
v 6.060000 3.600000 0.000000
v 3.500000 -0.150000 0.000000
v 3.505111 -0.111177 0.000000
v 3.520096 -0.075000 0.000000
v 3.543934 -0.043934 0.000000
v 3.575000 -0.020096 0.000000
v 3.611177 -0.005111 0.000000
v 3.650000 0.000000 0.000000
v 3.688823 -0.005111 0.000000
v 3.725000 -0.020096 0.000000
v 3.756066 -0.043934 0.000000
v 3.779904 -0.075000 0.000000
v 3.794889 -0.111177 0.000000
v 3.800000 -0.150000 0.000000
v 3.794889 -0.188823 0.000000
v 3.779904 -0.225000 0.000000
v 3.756066 -0.256066 0.000000
v 3.725000 -0.279904 0.000000
v 3.688823 -0.294889 0.000000
v 3.650000 -0.300000 0.000000
v 3.611177 -0.294889 0.000000
v 3.575000 -0.279904 0.000000
v 3.543934 -0.256066 0.000000
v 3.520096 -0.225000 0.000000
v 3.505111 -0.188823 0.000000
v 11.050000 1.650000 0.000000
v 12.750000 1.650000 0.000000
v 12.762941 1.648296 0.000000
v 12.775000 1.643301 0.000000
v 12.785355 1.635355 0.000000
v 12.793301 1.625000 0.000000
v 12.798296 1.612941 0.000000
v 12.800000 1.600000 0.000000
v 12.800000 1.000000 0.000000
v 12.798296 0.987059 0.000000
v 12.793301 0.975000 0.000000
v 12.785355 0.964645 0.000000
v 12.775000 0.956699 0.000000
v 12.762941 0.951704 0.000000
v 12.750000 0.950000 0.000000
v 11.050000 0.950000 0.000000
v 11.037059 0.951704 0.000000
v 11.025000 0.956699 0.000000
v 11.014645 0.964645 0.000000
v 11.006699 0.975000 0.000000
v 11.001704 0.987059 0.000000
v 11.000000 1.000000 0.000000
v 11.000000 1.600000 0.000000
v 11.001704 1.612941 0.000000
v 11.006699 1.625000 0.000000
v 11.014645 1.635355 0.000000
v 11.025000 1.643301 0.000000
v 11.037059 1.648296 0.000000
v 1.100000 4.050000 0.000000
v 1.100000 3.250000 0.000000
v 0.300000 3.250000 0.000000
v 0.300000 4.050000 0.000000
v 3.355890 3.884388 0.000000
v 3.360970 3.938892 0.000000
v 3.366791 3.971912 0.000000
v 3.366824 3.971972 0.000000
v 3.366864 3.972026 0.000000
v 3.366912 3.972071 0.000000
v 3.366967 3.972108 0.000000
v 3.367030 3.972137 0.000000
v 3.367101 3.972158 0.000000
v 3.367269 3.972174 0.000000
v 3.367473 3.972155 0.000000
v 3.367714 3.972098 0.000000
v 3.368317 3.971869 0.000000
v 3.372651 3.969186 0.000000
v 3.393990 3.952968 0.000000
v 3.426798 3.929155 0.000000
v 3.444089 3.923202 0.000000
v 3.467650 3.918360 0.000000
v 3.545331 3.914127 0.000000
v 3.683444 3.923546 0.000000
v 3.763877 3.929896 0.000000
v 3.814148 3.927885 0.000000
v 3.903458 3.909827 0.000000
v 3.986656 3.877403 0.000000
v 4.042325 3.840890 0.000000
v 4.089738 3.791783 0.000000
v 4.115198 3.752164 0.000000
v 4.134982 3.708029 0.000000
v 4.158001 3.604988 0.000000
v 4.158636 3.480633 0.000000
v 4.157577 3.467298 0.000000
v 4.157577 3.464018 0.000000
v 4.177368 3.463383 0.000000
v 4.231343 3.456292 0.000000
v 4.262919 3.445892 0.000000
v 4.289882 3.431752 0.000000
v 4.309880 3.415409 0.000000
v 4.316532 3.406892 0.000000
v 4.320561 3.398401 0.000000
v 4.325958 3.370844 0.000000
v 4.325958 3.344638 0.000000
v 4.323239 3.331203 0.000000
v 4.318813 3.318996 0.000000
v 4.312677 3.308015 0.000000
v 4.304831 3.298256 0.000000
v 4.295274 3.289718 0.000000
v 4.284003 3.282398 0.000000
v 4.256320 3.271401 0.000000
v 4.244916 3.269020 0.000000
v 4.229544 3.268543 0.000000
v 4.205044 3.270210 0.000000
v 4.176098 3.278386 0.000000
v 4.147602 3.286098 0.000000
v 4.126886 3.287699 0.000000
v 4.118684 3.286495 0.000000
v 4.110799 3.282513 0.000000
v 4.069947 3.258913 0.000000
v 4.042404 3.242786 0.000000
v 4.038187 3.239609 0.000000
v 4.037776 3.239091 0.000000
v 4.037644 3.238858 0.000000
v 4.037556 3.238639 0.000000
v 4.037508 3.238432 0.000000
v 4.037496 3.238234 0.000000
v 4.037515 3.238041 0.000000
v 4.037562 3.237852 0.000000
v 4.042629 3.226871 0.000000
v 4.050156 3.213828 0.000000
v 4.076602 3.181575 0.000000
v 4.090176 3.168911 0.000000
v 4.096092 3.164426 0.000000
v 4.101062 3.161546 0.000000
v 4.106530 3.158637 0.000000
v 4.111108 3.155145 0.000000
v 4.114801 3.151059 0.000000
v 4.117612 3.146372 0.000000
v 4.119545 3.141075 0.000000
v 4.120603 3.135159 0.000000
v 4.120112 3.121435 0.000000
v 4.118736 3.112122 0.000000
v 4.123922 3.112757 0.000000
v 4.161811 3.122705 0.000000
v 4.240233 3.161202 0.000000
v 4.312623 3.221448 0.000000
v 4.384272 3.312888 0.000000
v 4.402846 3.345908 0.000000
v 4.436025 3.414805 0.000000
v 4.462827 3.470804 0.000000
v 4.465317 3.475406 0.000000
v 4.466773 3.477506 0.000000
v 4.467013 3.477714 0.000000
v 4.467118 3.477777 0.000000
v 4.467214 3.477815 0.000000
v 4.467302 3.477828 0.000000
v 4.467342 3.477826 0.000000
v 4.467381 3.477818 0.000000
v 4.467418 3.477805 0.000000
v 4.467453 3.477786 0.000000
v 4.467519 3.477734 0.000000
v 4.467578 3.477662 0.000000
v 4.467633 3.477572 0.000000
v 4.467728 3.477342 0.000000
v 4.467881 3.476718 0.000000
v 4.481110 3.300717 0.000000
v 4.478146 3.231502 0.000000
v 4.477551 3.226210 0.000000
v 4.477447 3.224507 0.000000
v 4.477456 3.224004 0.000000
v 4.477478 3.223853 0.000000
v 4.477493 3.223805 0.000000
v 4.477502 3.223788 0.000000
v 4.477511 3.223776 0.000000
v 4.477514 3.223775 0.000000
v 4.477516 3.223774 0.000000
v 4.477523 3.223775 0.000000
v 4.477545 3.223781 0.000000
v 4.477614 3.223816 0.000000
v 4.477859 3.223975 0.000000
v 4.478763 3.224637 0.000000
v 4.482128 3.227255 0.000000
v 4.494286 3.237005 0.000000
v 4.533921 3.269284 0.000000
v 4.573542 3.301524 0.000000
v 4.585668 3.311150 0.000000
v 4.589007 3.313692 0.000000
v 4.589895 3.314315 0.000000
v 4.590131 3.314454 0.000000
v 4.590196 3.314480 0.000000
v 4.590206 3.314481 0.000000
v 4.590214 3.314481 0.000000
v 4.590218 3.314480 0.000000
v 4.590220 3.314479 0.000000
v 4.590222 3.314477 0.000000
v 4.590224 3.314475 0.000000
v 4.590235 3.314413 0.000000
v 4.590239 3.314310 0.000000
v 4.590225 3.313987 0.000000
v 4.590114 3.312885 0.000000
v 4.589582 3.308997 0.000000
v 4.587469 3.295574 0.000000
v 4.580567 3.254864 0.000000
v 4.568211 3.187793 0.000000
v 4.540482 3.111063 0.000000
v 4.539411 3.108219 0.000000
v 4.539320 3.107728 0.000000
v 4.539307 3.107358 0.000000
v 4.539330 3.107222 0.000000
v 4.539350 3.107168 0.000000
v 4.539375 3.107123 0.000000
v 4.539406 3.107088 0.000000
v 4.539442 3.107062 0.000000
v 4.539483 3.107047 0.000000
v 4.539530 3.107042 0.000000
v 4.539620 3.107057 0.000000
v 4.539771 3.107103 0.000000
v 4.540247 3.107281 0.000000
v 4.541856 3.107968 0.000000
v 4.547348 3.110481 0.000000
v 4.564612 3.118683 0.000000
v 4.581718 3.126793 0.000000
v 4.587011 3.129146 0.000000
v 4.588491 3.129745 0.000000
v 4.588896 3.129881 0.000000
v 4.589009 3.129906 0.000000
v 4.589042 3.129908 0.000000
v 4.589053 3.129906 0.000000
v 4.589057 3.129904 0.000000
v 4.589060 3.129902 0.000000
v 4.589063 3.129897 0.000000
v 4.589066 3.129890 0.000000
v 4.589070 3.129870 0.000000
v 4.589071 3.129806 0.000000
v 4.589047 3.129583 0.000000
v 4.588897 3.128765 0.000000
v 4.588211 3.125750 0.000000
v 4.585528 3.115027 0.000000
v 4.576677 3.081390 0.000000
v 4.559215 3.018036 0.000000
v 4.517411 2.905535 0.000000
v 4.512966 2.894674 0.000000
v 4.511725 2.890965 0.000000
v 4.511429 2.889779 0.000000
v 4.511371 2.889384 0.000000
v 4.511367 2.889239 0.000000
v 4.511378 2.889131 0.000000
v 4.516776 2.873679 0.000000
v 4.542070 2.768759 0.000000
v 4.547996 2.655663 0.000000
v 4.538223 2.566673 0.000000
v 4.515770 2.485562 0.000000
v 4.481411 2.414412 0.000000
v 4.435919 2.355308 0.000000
v 4.414752 2.335517 0.000000
v 4.394221 2.318795 0.000000
v 4.362107 2.295880 0.000000
v 4.329160 2.279623 0.000000
v 4.295220 2.269935 0.000000
v 4.260130 2.266725 0.000000
v 4.213457 2.272308 0.000000
v 4.168690 2.289797 0.000000
v 4.157048 2.295935 0.000000
v 4.143819 2.283764 0.000000
v 4.090082 2.240955 0.000000
v 4.031741 2.206400 0.000000
v 3.888496 2.155574 0.000000
v 3.718898 2.131258 0.000000
v 3.683867 2.129142 0.000000
v 3.634126 2.128083 0.000000
v 3.401914 2.145466 0.000000
v 3.207723 2.197616 0.000000
v 3.148880 2.225450 0.000000
v 3.079671 2.272916 0.000000
v 3.017646 2.331733 0.000000
v 2.963321 2.401305 0.000000
v 2.917211 2.481038 0.000000
v 2.863236 2.632697 0.000000
v 2.846408 2.741388 0.000000
v 2.840468 2.823117 0.000000
v 2.838894 2.938343 0.000000
v 2.837889 3.026159 0.000000
v 2.832438 3.074763 0.000000
v 2.821188 3.123426 0.000000
v 2.804670 3.166811 0.000000
v 2.783250 3.204124 0.000000
v 2.757296 3.234571 0.000000
v 2.744596 3.245260 0.000000
v 2.725560 3.263979 0.000000
v 2.714608 3.275725 0.000000
v 2.711095 3.279768 0.000000
v 2.710121 3.281029 0.000000
v 2.709865 3.281431 0.000000
v 2.709799 3.281570 0.000000
v 2.709783 3.281624 0.000000
v 2.709777 3.281667 0.000000
v 2.709780 3.281684 0.000000
v 2.709787 3.281703 0.000000
v 2.709814 3.281748 0.000000
v 2.709924 3.281861 0.000000
v 2.710352 3.282180 0.000000
v 2.711992 3.283163 0.000000
v 2.717950 3.286299 0.000000
v 2.736976 3.295544 0.000000
v 2.774653 3.312358 0.000000
v 2.836883 3.328445 0.000000
v 2.882286 3.330773 0.000000
v 2.927476 3.328445 0.000000
v 2.983762 3.315841 0.000000
v 3.039382 3.293573 0.000000
v 3.175973 3.206631 0.000000
v 3.264661 3.143448 0.000000
v 3.307577 3.117379 0.000000
v 3.342634 3.102610 0.000000
v 3.357799 3.099287 0.000000
v 3.371699 3.098577 0.000000
v 3.384566 3.100409 0.000000
v 3.396636 3.104713 0.000000
v 3.404376 3.109559 0.000000
v 3.412206 3.117122 0.000000
v 3.429126 3.141438 0.000000
v 3.442567 3.165038 0.000000
v 3.448679 3.180702 0.000000
v 3.452727 3.197318 0.000000
v 3.453997 3.205678 0.000000
v 3.442991 3.216897 0.000000
v 3.404944 3.270726 0.000000
v 3.370706 3.344003 0.000000
v 3.345928 3.442176 0.000000
v 3.340438 3.541382 0.000000
v 3.359118 3.648683 0.000000
v 3.401927 3.745746 0.000000
v 3.410394 3.759928 0.000000
v 3.397482 3.772945 0.000000
v 3.380589 3.792656 0.000000
v 3.369013 3.814114 0.000000
v 3.358761 3.846314 0.000000
v 7.200000 2.252538 0.000000
v 7.200000 2.115555 0.000000
v 3.355890 3.884388 -0.300000
v 3.360970 3.938892 -0.300000
v 3.369013 3.814114 -0.300000
v 3.358761 3.846314 -0.300000
v 3.397482 3.772945 -0.300000
v 3.380589 3.792656 -0.300000
v 3.410394 3.759928 -0.300000
v 3.401927 3.745746 -0.300000
v 3.340438 3.541382 -0.300000
v 3.359118 3.648683 -0.300000
v 3.370706 3.344003 -0.300000
v 3.345928 3.442176 -0.300000
v 3.442991 3.216897 -0.300000
v 3.404944 3.270726 -0.300000
v 3.453997 3.205678 -0.300000
v 3.452727 3.197318 -0.300000
v 3.442567 3.165038 -0.300000
v 3.448679 3.180702 -0.300000
v 3.429126 3.141438 -0.300000
v 3.396636 3.104713 -0.300000
v 3.404376 3.109559 -0.300000
v 3.412206 3.117122 -0.300000
v 3.264661 3.143448 -0.300000
v 3.307577 3.117379 -0.300000
v 3.342634 3.102610 -0.300000
v 3.357799 3.099287 -0.300000
v 3.371699 3.098577 -0.300000
v 3.384566 3.100409 -0.300000
v 3.175973 3.206631 -0.300000
v 2.927476 3.328445 -0.300000
v 2.983762 3.315841 -0.300000
v 3.039382 3.293573 -0.300000
v 2.882286 3.330773 -0.300000
v 2.836883 3.328445 -0.300000
v 2.774653 3.312358 -0.300000
v 2.709777 3.281667 -0.300000
v 2.709780 3.281684 -0.300000
v 2.709787 3.281703 -0.300000
v 2.709814 3.281748 -0.300000
v 2.709924 3.281861 -0.300000
v 2.710352 3.282180 -0.300000
v 2.711992 3.283163 -0.300000
v 2.717950 3.286299 -0.300000
v 2.736976 3.295544 -0.300000
v 2.744596 3.245260 -0.300000
v 2.725560 3.263979 -0.300000
v 2.714608 3.275725 -0.300000
v 2.711095 3.279768 -0.300000
v 2.710121 3.281029 -0.300000
v 2.709865 3.281431 -0.300000
v 2.709799 3.281570 -0.300000
v 2.709783 3.281624 -0.300000
v 2.757296 3.234571 -0.300000
v 2.832438 3.074763 -0.300000
v 2.821188 3.123426 -0.300000
v 2.804670 3.166811 -0.300000
v 2.783250 3.204124 -0.300000
v 2.838894 2.938343 -0.300000
v 2.837889 3.026159 -0.300000
v 2.846408 2.741388 -0.300000
v 2.840468 2.823117 -0.300000
v 2.863236 2.632697 -0.300000
v 2.917211 2.481038 -0.300000
v 3.148880 2.225450 -0.300000
v 3.079671 2.272916 -0.300000
v 3.017646 2.331733 -0.300000
v 2.963321 2.401305 -0.300000
v 3.207723 2.197616 -0.300000
v 3.634126 2.128083 -0.300000
v 3.401914 2.145466 -0.300000
v 3.683867 2.129142 -0.300000
v 3.718898 2.131258 -0.300000
v 4.031741 2.206400 -0.300000
v 3.888496 2.155574 -0.300000
v 4.143819 2.283764 -0.300000
v 4.090082 2.240955 -0.300000
v 4.157048 2.295935 -0.300000
v 4.168690 2.289797 -0.300000
v 4.260130 2.266725 -0.300000
v 4.213457 2.272308 -0.300000
v 4.394221 2.318795 -0.300000
v 4.362107 2.295880 -0.300000
v 4.329160 2.279623 -0.300000
v 4.295220 2.269935 -0.300000
v 4.414752 2.335517 -0.300000
v 4.435919 2.355308 -0.300000
v 4.547996 2.655663 -0.300000
v 4.538223 2.566673 -0.300000
v 4.515770 2.485562 -0.300000
v 4.481411 2.414412 -0.300000
v 4.516776 2.873679 -0.300000
v 4.542070 2.768759 -0.300000
v 4.511378 2.889131 -0.300000
v 4.517411 2.905535 -0.300000
v 4.512966 2.894674 -0.300000
v 4.511725 2.890965 -0.300000
v 4.511429 2.889779 -0.300000
v 4.511371 2.889384 -0.300000
v 4.511367 2.889239 -0.300000
v 4.511367 2.889239 -0.040000
v 4.511367 2.889239 -0.120000
v 4.511367 2.889239 -0.180000
v 4.511367 2.889239 -0.260000
v 4.512966 2.894674 -0.040000
v 4.512966 2.894674 -0.120000
v 4.512966 2.894674 -0.180000
v 4.512966 2.894674 -0.260000
v 4.512966 2.894674 -0.020000
v 4.511725 2.890965 -0.020000
v 4.511429 2.889779 -0.020000
v 4.511371 2.889384 -0.020000
v 4.511367 2.889239 -0.020000
v 4.511367 2.889239 -0.280000
v 4.511371 2.889384 -0.280000
v 4.511429 2.889779 -0.280000
v 4.511725 2.890965 -0.280000
v 4.512966 2.894674 -0.280000
v 4.511725 2.890965 -0.040000
v 4.511429 2.889779 -0.040000
v 4.511371 2.889384 -0.040000
v 4.511367 2.889239 -0.080000
v 4.512966 2.894674 -0.060000
v 4.511725 2.890965 -0.060000
v 4.511429 2.889779 -0.060000
v 4.511371 2.889384 -0.060000
v 4.511367 2.889239 -0.060000
v 4.512966 2.894674 -0.080000
v 4.511725 2.890965 -0.080000
v 4.511429 2.889779 -0.080000
v 4.511371 2.889384 -0.080000
v 4.511367 2.889239 -0.160000
v 4.512966 2.894674 -0.100000
v 4.511725 2.890965 -0.100000
v 4.511429 2.889779 -0.100000
v 4.511371 2.889384 -0.100000
v 4.511367 2.889239 -0.100000
v 4.511725 2.890965 -0.120000
v 4.511429 2.889779 -0.120000
v 4.511371 2.889384 -0.120000
v 4.511367 2.889239 -0.220000
v 4.512966 2.894674 -0.140000
v 4.511725 2.890965 -0.140000
v 4.511429 2.889779 -0.140000
v 4.511371 2.889384 -0.140000
v 4.511367 2.889239 -0.140000
v 4.512966 2.894674 -0.160000
v 4.511725 2.890965 -0.160000
v 4.511429 2.889779 -0.160000
v 4.511371 2.889384 -0.160000
v 4.511725 2.890965 -0.180000
v 4.511429 2.889779 -0.180000
v 4.511371 2.889384 -0.180000
v 4.512966 2.894674 -0.200000
v 4.511725 2.890965 -0.200000
v 4.511429 2.889779 -0.200000
v 4.511371 2.889384 -0.200000
v 4.511367 2.889239 -0.200000
v 4.512966 2.894674 -0.220000
v 4.511725 2.890965 -0.220000
v 4.511429 2.889779 -0.220000
v 4.511371 2.889384 -0.220000
v 4.512966 2.894674 -0.240000
v 4.511725 2.890965 -0.240000
v 4.511429 2.889779 -0.240000
v 4.511371 2.889384 -0.240000
v 4.511367 2.889239 -0.240000
v 4.511725 2.890965 -0.260000
v 4.511429 2.889779 -0.260000
v 4.511371 2.889384 -0.260000
v 4.559215 3.018036 -0.300000
v 4.589060 3.129902 -0.300000
v 4.589063 3.129897 -0.300000
v 4.589066 3.129890 -0.300000
v 4.589070 3.129870 -0.300000
v 4.589071 3.129806 -0.300000
v 4.589047 3.129583 -0.300000
v 4.588897 3.128765 -0.300000
v 4.588211 3.125750 -0.300000
v 4.585528 3.115027 -0.300000
v 4.576677 3.081390 -0.300000
v 4.564612 3.118683 -0.300000
v 4.581718 3.126793 -0.300000
v 4.587011 3.129146 -0.300000
v 4.588491 3.129745 -0.300000
v 4.588896 3.129881 -0.300000
v 4.589009 3.129906 -0.300000
v 4.589042 3.129908 -0.300000
v 4.589053 3.129906 -0.300000
v 4.589057 3.129904 -0.300000
v 4.539530 3.107042 -0.300000
v 4.539620 3.107057 -0.300000
v 4.539771 3.107103 -0.300000
v 4.540247 3.107281 -0.300000
v 4.541856 3.107968 -0.300000
v 4.547348 3.110481 -0.300000
v 4.540482 3.111063 -0.300000
v 4.539411 3.108219 -0.300000
v 4.539320 3.107728 -0.300000
v 4.539307 3.107358 -0.300000
v 4.539330 3.107222 -0.300000
v 4.539350 3.107168 -0.300000
v 4.539375 3.107123 -0.300000
v 4.539406 3.107088 -0.300000
v 4.539442 3.107062 -0.300000
v 4.539483 3.107047 -0.300000
v 4.539483 3.107047 -0.010169
v 4.539483 3.107047 -0.030508
v 4.539483 3.107047 -0.050847
v 4.539483 3.107047 -0.071186
v 4.539483 3.107047 -0.091525
v 4.539483 3.107047 -0.111864
v 4.539483 3.107047 -0.132203
v 4.539483 3.107047 -0.152542
v 4.539483 3.107047 -0.167797
v 4.539483 3.107047 -0.188136
v 4.539483 3.107047 -0.208475
v 4.539483 3.107047 -0.228814
v 4.539483 3.107047 -0.249153
v 4.539483 3.107047 -0.269492
v 4.539483 3.107047 -0.289831
v 4.539411 3.108219 -0.010169
v 4.539411 3.108219 -0.030508
v 4.539411 3.108219 -0.050847
v 4.539411 3.108219 -0.071186
v 4.539411 3.108219 -0.091525
v 4.539411 3.108219 -0.111864
v 4.539411 3.108219 -0.132203
v 4.539411 3.108219 -0.147458
v 4.539411 3.108219 -0.167797
v 4.539411 3.108219 -0.188136
v 4.539411 3.108219 -0.208475
v 4.539411 3.108219 -0.228814
v 4.539411 3.108219 -0.249153
v 4.539411 3.108219 -0.269492
v 4.539411 3.108219 -0.289831
v 4.539411 3.108219 -0.005085
v 4.539320 3.107728 -0.005085
v 4.539307 3.107358 -0.005085
v 4.539330 3.107222 -0.005085
v 4.539350 3.107168 -0.005085
v 4.539375 3.107123 -0.005085
v 4.539406 3.107088 -0.005085
v 4.539442 3.107062 -0.005085
v 4.539483 3.107047 -0.005085
v 4.539483 3.107047 -0.294915
v 4.539442 3.107062 -0.294915
v 4.539406 3.107088 -0.294915
v 4.539375 3.107123 -0.294915
v 4.539350 3.107168 -0.294915
v 4.539330 3.107222 -0.294915
v 4.539307 3.107358 -0.294915
v 4.539320 3.107728 -0.294915
v 4.539411 3.108219 -0.294915
v 4.539320 3.107728 -0.010169
v 4.539307 3.107358 -0.010169
v 4.539330 3.107222 -0.010169
v 4.539350 3.107168 -0.010169
v 4.539375 3.107123 -0.010169
v 4.539406 3.107088 -0.010169
v 4.539442 3.107062 -0.010169
v 4.539483 3.107047 -0.020339
v 4.539411 3.108219 -0.015254
v 4.539320 3.107728 -0.015254
v 4.539307 3.107358 -0.015254
v 4.539330 3.107222 -0.015254
v 4.539350 3.107168 -0.015254
v 4.539375 3.107123 -0.015254
v 4.539406 3.107088 -0.015254
v 4.539442 3.107062 -0.015254
v 4.539483 3.107047 -0.015254
v 4.539411 3.108219 -0.020339
v 4.539320 3.107728 -0.020339
v 4.539307 3.107358 -0.020339
v 4.539330 3.107222 -0.020339
v 4.539350 3.107168 -0.020339
v 4.539375 3.107123 -0.020339
v 4.539406 3.107088 -0.020339
v 4.539442 3.107062 -0.020339
v 4.539483 3.107047 -0.040678
v 4.539411 3.108219 -0.025424
v 4.539320 3.107728 -0.025424
v 4.539307 3.107358 -0.025424
v 4.539330 3.107222 -0.025424
v 4.539350 3.107168 -0.025424
v 4.539375 3.107123 -0.025424
v 4.539406 3.107088 -0.025424
v 4.539442 3.107062 -0.025424
v 4.539483 3.107047 -0.025424
v 4.539320 3.107728 -0.030508
v 4.539307 3.107358 -0.030508
v 4.539330 3.107222 -0.030508
v 4.539350 3.107168 -0.030508
v 4.539375 3.107123 -0.030508
v 4.539406 3.107088 -0.030508
v 4.539442 3.107062 -0.030508
v 4.539483 3.107047 -0.061017
v 4.539411 3.108219 -0.035593
v 4.539320 3.107728 -0.035593
v 4.539307 3.107358 -0.035593
v 4.539330 3.107222 -0.035593
v 4.539350 3.107168 -0.035593
v 4.539375 3.107123 -0.035593
v 4.539406 3.107088 -0.035593
v 4.539442 3.107062 -0.035593
v 4.539483 3.107047 -0.035593
v 4.539411 3.108219 -0.040678
v 4.539320 3.107728 -0.040678
v 4.539307 3.107358 -0.040678
v 4.539330 3.107222 -0.040678
v 4.539350 3.107168 -0.040678
v 4.539375 3.107123 -0.040678
v 4.539406 3.107088 -0.040678
v 4.539442 3.107062 -0.040678
v 4.539483 3.107047 -0.081356
v 4.539411 3.108219 -0.045763
v 4.539320 3.107728 -0.045763
v 4.539307 3.107358 -0.045763
v 4.539330 3.107222 -0.045763
v 4.539350 3.107168 -0.045763
v 4.539375 3.107123 -0.045763
v 4.539406 3.107088 -0.045763
v 4.539442 3.107062 -0.045763
v 4.539483 3.107047 -0.045763
v 4.539320 3.107728 -0.050847
v 4.539307 3.107358 -0.050847
v 4.539330 3.107222 -0.050847
v 4.539350 3.107168 -0.050847
v 4.539375 3.107123 -0.050847
v 4.539406 3.107088 -0.050847
v 4.539442 3.107062 -0.050847
v 4.539483 3.107047 -0.101695
v 4.539411 3.108219 -0.055932
v 4.539320 3.107728 -0.055932
v 4.539307 3.107358 -0.055932
v 4.539330 3.107222 -0.055932
v 4.539350 3.107168 -0.055932
v 4.539375 3.107123 -0.055932
v 4.539406 3.107088 -0.055932
v 4.539442 3.107062 -0.055932
v 4.539483 3.107047 -0.055932
v 4.539411 3.108219 -0.061017
v 4.539320 3.107728 -0.061017
v 4.539307 3.107358 -0.061017
v 4.539330 3.107222 -0.061017
v 4.539350 3.107168 -0.061017
v 4.539375 3.107123 -0.061017
v 4.539406 3.107088 -0.061017
v 4.539442 3.107062 -0.061017
v 4.539483 3.107047 -0.122034
v 4.539411 3.108219 -0.066102
v 4.539320 3.107728 -0.066102
v 4.539307 3.107358 -0.066102
v 4.539330 3.107222 -0.066102
v 4.539350 3.107168 -0.066102
v 4.539375 3.107123 -0.066102
v 4.539406 3.107088 -0.066102
v 4.539442 3.107062 -0.066102
v 4.539483 3.107047 -0.066102
v 4.539320 3.107728 -0.071186
v 4.539307 3.107358 -0.071186
v 4.539330 3.107222 -0.071186
v 4.539350 3.107168 -0.071186
v 4.539375 3.107123 -0.071186
v 4.539406 3.107088 -0.071186
v 4.539442 3.107062 -0.071186
v 4.539483 3.107047 -0.142373
v 4.539411 3.108219 -0.076271
v 4.539320 3.107728 -0.076271
v 4.539307 3.107358 -0.076271
v 4.539330 3.107222 -0.076271
v 4.539350 3.107168 -0.076271
v 4.539375 3.107123 -0.076271
v 4.539406 3.107088 -0.076271
v 4.539442 3.107062 -0.076271
v 4.539483 3.107047 -0.076271
v 4.539411 3.108219 -0.081356
v 4.539320 3.107728 -0.081356
v 4.539307 3.107358 -0.081356
v 4.539330 3.107222 -0.081356
v 4.539350 3.107168 -0.081356
v 4.539375 3.107123 -0.081356
v 4.539406 3.107088 -0.081356
v 4.539442 3.107062 -0.081356
v 4.539483 3.107047 -0.157627
v 4.539411 3.108219 -0.086441
v 4.539320 3.107728 -0.086441
v 4.539307 3.107358 -0.086441
v 4.539330 3.107222 -0.086441
v 4.539350 3.107168 -0.086441
v 4.539375 3.107123 -0.086441
v 4.539406 3.107088 -0.086441
v 4.539442 3.107062 -0.086441
v 4.539483 3.107047 -0.086441
v 4.539320 3.107728 -0.091525
v 4.539307 3.107358 -0.091525
v 4.539330 3.107222 -0.091525
v 4.539350 3.107168 -0.091525
v 4.539375 3.107123 -0.091525
v 4.539406 3.107088 -0.091525
v 4.539442 3.107062 -0.091525
v 4.539483 3.107047 -0.177966
v 4.539411 3.108219 -0.096610
v 4.539320 3.107728 -0.096610
v 4.539307 3.107358 -0.096610
v 4.539330 3.107222 -0.096610
v 4.539350 3.107168 -0.096610
v 4.539375 3.107123 -0.096610
v 4.539406 3.107088 -0.096610
v 4.539442 3.107062 -0.096610
v 4.539483 3.107047 -0.096610
v 4.539411 3.108219 -0.101695
v 4.539320 3.107728 -0.101695
v 4.539307 3.107358 -0.101695
v 4.539330 3.107222 -0.101695
v 4.539350 3.107168 -0.101695
v 4.539375 3.107123 -0.101695
v 4.539406 3.107088 -0.101695
v 4.539442 3.107062 -0.101695
v 4.539483 3.107047 -0.198305
v 4.539411 3.108219 -0.106780
v 4.539320 3.107728 -0.106780
v 4.539307 3.107358 -0.106780
v 4.539330 3.107222 -0.106780
v 4.539350 3.107168 -0.106780
v 4.539375 3.107123 -0.106780
v 4.539406 3.107088 -0.106780
v 4.539442 3.107062 -0.106780
v 4.539483 3.107047 -0.106780
v 4.539320 3.107728 -0.111864
v 4.539307 3.107358 -0.111864
v 4.539330 3.107222 -0.111864
v 4.539350 3.107168 -0.111864
v 4.539375 3.107123 -0.111864
v 4.539406 3.107088 -0.111864
v 4.539442 3.107062 -0.111864
v 4.539483 3.107047 -0.218644
v 4.539411 3.108219 -0.116949
v 4.539320 3.107728 -0.116949
v 4.539307 3.107358 -0.116949
v 4.539330 3.107222 -0.116949
v 4.539350 3.107168 -0.116949
v 4.539375 3.107123 -0.116949
v 4.539406 3.107088 -0.116949
v 4.539442 3.107062 -0.116949
v 4.539483 3.107047 -0.116949
v 4.539411 3.108219 -0.122034
v 4.539320 3.107728 -0.122034
v 4.539307 3.107358 -0.122034
v 4.539330 3.107222 -0.122034
v 4.539350 3.107168 -0.122034
v 4.539375 3.107123 -0.122034
v 4.539406 3.107088 -0.122034
v 4.539442 3.107062 -0.122034
v 4.539483 3.107047 -0.238983
v 4.539411 3.108219 -0.127119
v 4.539320 3.107728 -0.127119
v 4.539307 3.107358 -0.127119
v 4.539330 3.107222 -0.127119
v 4.539350 3.107168 -0.127119
v 4.539375 3.107123 -0.127119
v 4.539406 3.107088 -0.127119
v 4.539442 3.107062 -0.127119
v 4.539483 3.107047 -0.127119
v 4.539320 3.107728 -0.132203
v 4.539307 3.107358 -0.132203
v 4.539330 3.107222 -0.132203
v 4.539350 3.107168 -0.132203
v 4.539375 3.107123 -0.132203
v 4.539406 3.107088 -0.132203
v 4.539442 3.107062 -0.132203
v 4.539483 3.107047 -0.259322
v 4.539411 3.108219 -0.137288
v 4.539320 3.107728 -0.137288
v 4.539307 3.107358 -0.137288
v 4.539330 3.107222 -0.137288
v 4.539350 3.107168 -0.137288
v 4.539375 3.107123 -0.137288
v 4.539406 3.107088 -0.137288
v 4.539442 3.107062 -0.137288
v 4.539483 3.107047 -0.137288
v 4.539411 3.108219 -0.142373
v 4.539320 3.107728 -0.142373
v 4.539307 3.107358 -0.142373
v 4.539330 3.107222 -0.142373
v 4.539350 3.107168 -0.142373
v 4.539375 3.107123 -0.142373
v 4.539406 3.107088 -0.142373
v 4.539442 3.107062 -0.142373
v 4.539483 3.107047 -0.279661
v 4.539320 3.107728 -0.147458
v 4.539307 3.107358 -0.147458
v 4.539330 3.107222 -0.147458
v 4.539350 3.107168 -0.147458
v 4.539375 3.107123 -0.147458
v 4.539406 3.107088 -0.147458
v 4.539442 3.107062 -0.147458
v 4.539483 3.107047 -0.147458
v 4.539411 3.108219 -0.152542
v 4.539320 3.107728 -0.152542
v 4.539307 3.107358 -0.152542
v 4.539330 3.107222 -0.152542
v 4.539350 3.107168 -0.152542
v 4.539375 3.107123 -0.152542
v 4.539406 3.107088 -0.152542
v 4.539442 3.107062 -0.152542
v 4.539411 3.108219 -0.157627
v 4.539320 3.107728 -0.157627
v 4.539307 3.107358 -0.157627
v 4.539330 3.107222 -0.157627
v 4.539350 3.107168 -0.157627
v 4.539375 3.107123 -0.157627
v 4.539406 3.107088 -0.157627
v 4.539442 3.107062 -0.157627
v 4.539411 3.108219 -0.162712
v 4.539320 3.107728 -0.162712
v 4.539307 3.107358 -0.162712
v 4.539330 3.107222 -0.162712
v 4.539350 3.107168 -0.162712
v 4.539375 3.107123 -0.162712
v 4.539406 3.107088 -0.162712
v 4.539442 3.107062 -0.162712
v 4.539483 3.107047 -0.162712
v 4.539320 3.107728 -0.167797
v 4.539307 3.107358 -0.167797
v 4.539330 3.107222 -0.167797
v 4.539350 3.107168 -0.167797
v 4.539375 3.107123 -0.167797
v 4.539406 3.107088 -0.167797
v 4.539442 3.107062 -0.167797
v 4.539411 3.108219 -0.172881
v 4.539320 3.107728 -0.172881
v 4.539307 3.107358 -0.172881
v 4.539330 3.107222 -0.172881
v 4.539350 3.107168 -0.172881
v 4.539375 3.107123 -0.172881
v 4.539406 3.107088 -0.172881
v 4.539442 3.107062 -0.172881
v 4.539483 3.107047 -0.172881
v 4.539411 3.108219 -0.177966
v 4.539320 3.107728 -0.177966
v 4.539307 3.107358 -0.177966
v 4.539330 3.107222 -0.177966
v 4.539350 3.107168 -0.177966
v 4.539375 3.107123 -0.177966
v 4.539406 3.107088 -0.177966
v 4.539442 3.107062 -0.177966
v 4.539411 3.108219 -0.183051
v 4.539320 3.107728 -0.183051
v 4.539307 3.107358 -0.183051
v 4.539330 3.107222 -0.183051
v 4.539350 3.107168 -0.183051
v 4.539375 3.107123 -0.183051
v 4.539406 3.107088 -0.183051
v 4.539442 3.107062 -0.183051
v 4.539483 3.107047 -0.183051
v 4.539320 3.107728 -0.188136
v 4.539307 3.107358 -0.188136
v 4.539330 3.107222 -0.188136
v 4.539350 3.107168 -0.188136
v 4.539375 3.107123 -0.188136
v 4.539406 3.107088 -0.188136
v 4.539442 3.107062 -0.188136
v 4.539411 3.108219 -0.193220
v 4.539320 3.107728 -0.193220
v 4.539307 3.107358 -0.193220
v 4.539330 3.107222 -0.193220
v 4.539350 3.107168 -0.193220
v 4.539375 3.107123 -0.193220
v 4.539406 3.107088 -0.193220
v 4.539442 3.107062 -0.193220
v 4.539483 3.107047 -0.193220
v 4.539411 3.108219 -0.198305
v 4.539320 3.107728 -0.198305
v 4.539307 3.107358 -0.198305
v 4.539330 3.107222 -0.198305
v 4.539350 3.107168 -0.198305
v 4.539375 3.107123 -0.198305
v 4.539406 3.107088 -0.198305
v 4.539442 3.107062 -0.198305
v 4.539411 3.108219 -0.203390
v 4.539320 3.107728 -0.203390
v 4.539307 3.107358 -0.203390
v 4.539330 3.107222 -0.203390
v 4.539350 3.107168 -0.203390
v 4.539375 3.107123 -0.203390
v 4.539406 3.107088 -0.203390
v 4.539442 3.107062 -0.203390
v 4.539483 3.107047 -0.203390
v 4.539320 3.107728 -0.208475
v 4.539307 3.107358 -0.208475
v 4.539330 3.107222 -0.208475
v 4.539350 3.107168 -0.208475
v 4.539375 3.107123 -0.208475
v 4.539406 3.107088 -0.208475
v 4.539442 3.107062 -0.208475
v 4.539411 3.108219 -0.213559
v 4.539320 3.107728 -0.213559
v 4.539307 3.107358 -0.213559
v 4.539330 3.107222 -0.213559
v 4.539350 3.107168 -0.213559
v 4.539375 3.107123 -0.213559
v 4.539406 3.107088 -0.213559
v 4.539442 3.107062 -0.213559
v 4.539483 3.107047 -0.213559
v 4.539411 3.108219 -0.218644
v 4.539320 3.107728 -0.218644
v 4.539307 3.107358 -0.218644
v 4.539330 3.107222 -0.218644
v 4.539350 3.107168 -0.218644
v 4.539375 3.107123 -0.218644
v 4.539406 3.107088 -0.218644
v 4.539442 3.107062 -0.218644
v 4.539411 3.108219 -0.223729
v 4.539320 3.107728 -0.223729
v 4.539307 3.107358 -0.223729
v 4.539330 3.107222 -0.223729
v 4.539350 3.107168 -0.223729
v 4.539375 3.107123 -0.223729
v 4.539406 3.107088 -0.223729
v 4.539442 3.107062 -0.223729
v 4.539483 3.107047 -0.223729
v 4.539320 3.107728 -0.228814
v 4.539307 3.107358 -0.228814
v 4.539330 3.107222 -0.228814
v 4.539350 3.107168 -0.228814
v 4.539375 3.107123 -0.228814
v 4.539406 3.107088 -0.228814
v 4.539442 3.107062 -0.228814
v 4.539411 3.108219 -0.233898
v 4.539320 3.107728 -0.233898
v 4.539307 3.107358 -0.233898
v 4.539330 3.107222 -0.233898
v 4.539350 3.107168 -0.233898
v 4.539375 3.107123 -0.233898
v 4.539406 3.107088 -0.233898
v 4.539442 3.107062 -0.233898
v 4.539483 3.107047 -0.233898
v 4.539411 3.108219 -0.238983
v 4.539320 3.107728 -0.238983
v 4.539307 3.107358 -0.238983
v 4.539330 3.107222 -0.238983
v 4.539350 3.107168 -0.238983
v 4.539375 3.107123 -0.238983
v 4.539406 3.107088 -0.238983
v 4.539442 3.107062 -0.238983
v 4.539411 3.108219 -0.244068
v 4.539320 3.107728 -0.244068
v 4.539307 3.107358 -0.244068
v 4.539330 3.107222 -0.244068
v 4.539350 3.107168 -0.244068
v 4.539375 3.107123 -0.244068
v 4.539406 3.107088 -0.244068
v 4.539442 3.107062 -0.244068
v 4.539483 3.107047 -0.244068
v 4.539320 3.107728 -0.249153
v 4.539307 3.107358 -0.249153
v 4.539330 3.107222 -0.249153
v 4.539350 3.107168 -0.249153
v 4.539375 3.107123 -0.249153
v 4.539406 3.107088 -0.249153
v 4.539442 3.107062 -0.249153
v 4.539411 3.108219 -0.254237
v 4.539320 3.107728 -0.254237
v 4.539307 3.107358 -0.254237
v 4.539330 3.107222 -0.254237
v 4.539350 3.107168 -0.254237
v 4.539375 3.107123 -0.254237
v 4.539406 3.107088 -0.254237
v 4.539442 3.107062 -0.254237
v 4.539483 3.107047 -0.254237
v 4.539411 3.108219 -0.259322
v 4.539320 3.107728 -0.259322
v 4.539307 3.107358 -0.259322
v 4.539330 3.107222 -0.259322
v 4.539350 3.107168 -0.259322
v 4.539375 3.107123 -0.259322
v 4.539406 3.107088 -0.259322
v 4.539442 3.107062 -0.259322
v 4.539411 3.108219 -0.264407
v 4.539320 3.107728 -0.264407
v 4.539307 3.107358 -0.264407
v 4.539330 3.107222 -0.264407
v 4.539350 3.107168 -0.264407
v 4.539375 3.107123 -0.264407
v 4.539406 3.107088 -0.264407
v 4.539442 3.107062 -0.264407
v 4.539483 3.107047 -0.264407
v 4.539320 3.107728 -0.269492
v 4.539307 3.107358 -0.269492
v 4.539330 3.107222 -0.269492
v 4.539350 3.107168 -0.269492
v 4.539375 3.107123 -0.269492
v 4.539406 3.107088 -0.269492
v 4.539442 3.107062 -0.269492
v 4.539411 3.108219 -0.274576
v 4.539320 3.107728 -0.274576
v 4.539307 3.107358 -0.274576
v 4.539330 3.107222 -0.274576
v 4.539350 3.107168 -0.274576
v 4.539375 3.107123 -0.274576
v 4.539406 3.107088 -0.274576
v 4.539442 3.107062 -0.274576
v 4.539483 3.107047 -0.274576
v 4.539411 3.108219 -0.279661
v 4.539320 3.107728 -0.279661
v 4.539307 3.107358 -0.279661
v 4.539330 3.107222 -0.279661
v 4.539350 3.107168 -0.279661
v 4.539375 3.107123 -0.279661
v 4.539406 3.107088 -0.279661
v 4.539442 3.107062 -0.279661
v 4.539411 3.108219 -0.284746
v 4.539320 3.107728 -0.284746
v 4.539307 3.107358 -0.284746
v 4.539330 3.107222 -0.284746
v 4.539350 3.107168 -0.284746
v 4.539375 3.107123 -0.284746
v 4.539406 3.107088 -0.284746
v 4.539442 3.107062 -0.284746
v 4.539483 3.107047 -0.284746
v 4.539320 3.107728 -0.289831
v 4.539307 3.107358 -0.289831
v 4.539330 3.107222 -0.289831
v 4.539350 3.107168 -0.289831
v 4.539375 3.107123 -0.289831
v 4.539406 3.107088 -0.289831
v 4.539442 3.107062 -0.289831
v 4.568211 3.187793 -0.300000
v 4.590224 3.314475 -0.300000
v 4.590235 3.314413 -0.300000
v 4.590239 3.314310 -0.300000
v 4.590225 3.313987 -0.300000
v 4.590114 3.312885 -0.300000
v 4.589582 3.308997 -0.300000
v 4.587469 3.295574 -0.300000
v 4.580567 3.254864 -0.300000
v 4.533921 3.269284 -0.300000
v 4.573542 3.301524 -0.300000
v 4.585668 3.311150 -0.300000
v 4.589007 3.313692 -0.300000
v 4.589895 3.314315 -0.300000
v 4.590131 3.314454 -0.300000
v 4.590196 3.314480 -0.300000
v 4.590206 3.314481 -0.300000
v 4.590214 3.314481 -0.300000
v 4.590218 3.314480 -0.300000
v 4.590220 3.314479 -0.300000
v 4.590222 3.314477 -0.300000
v 4.477511 3.223776 -0.300000
v 4.477514 3.223775 -0.300000
v 4.477516 3.223774 -0.300000
v 4.477523 3.223775 -0.300000
v 4.477545 3.223781 -0.300000
v 4.477614 3.223816 -0.300000
v 4.477859 3.223975 -0.300000
v 4.478763 3.224637 -0.300000
v 4.482128 3.227255 -0.300000
v 4.494286 3.237005 -0.300000
v 4.478146 3.231502 -0.300000
v 4.477551 3.226210 -0.300000
v 4.477447 3.224507 -0.300000
v 4.477456 3.224004 -0.300000
v 4.477478 3.223853 -0.300000
v 4.477493 3.223805 -0.300000
v 4.477502 3.223788 -0.300000
v 4.481110 3.300717 -0.300000
v 4.467881 3.476718 -0.300000
v 4.436025 3.414805 -0.300000
v 4.462827 3.470804 -0.300000
v 4.465317 3.475406 -0.300000
v 4.466773 3.477506 -0.300000
v 4.467013 3.477714 -0.300000
v 4.467118 3.477777 -0.300000
v 4.467214 3.477815 -0.300000
v 4.467302 3.477828 -0.300000
v 4.467342 3.477826 -0.300000
v 4.467381 3.477818 -0.300000
v 4.467418 3.477805 -0.300000
v 4.467453 3.477786 -0.300000
v 4.467519 3.477734 -0.300000
v 4.467578 3.477662 -0.300000
v 4.467633 3.477572 -0.300000
v 4.467728 3.477342 -0.300000
v 4.384272 3.312888 -0.300000
v 4.402846 3.345908 -0.300000
v 4.312623 3.221448 -0.300000
v 4.161811 3.122705 -0.300000
v 4.240233 3.161202 -0.300000
v 4.123922 3.112757 -0.300000
v 4.118736 3.112122 -0.300000
v 4.120112 3.121435 -0.300000
v 4.101062 3.161546 -0.300000
v 4.106530 3.158637 -0.300000
v 4.111108 3.155145 -0.300000
v 4.114801 3.151059 -0.300000
v 4.117612 3.146372 -0.300000
v 4.119545 3.141075 -0.300000
v 4.120603 3.135159 -0.300000
v 4.106530 3.158637 -0.150000
v 4.111108 3.155145 -0.150000
v 4.114801 3.151059 -0.150000
v 4.117612 3.146372 -0.150000
v 4.119545 3.141075 -0.150000
v 4.120603 3.135159 -0.150000
v 4.050156 3.213828 -0.300000
v 4.076602 3.181575 -0.300000
v 4.090176 3.168911 -0.300000
v 4.096092 3.164426 -0.300000
v 4.037562 3.237852 -0.300000
v 4.042629 3.226871 -0.300000
v 4.069947 3.258913 -0.300000
v 4.042404 3.242786 -0.300000
v 4.038187 3.239609 -0.300000
v 4.037776 3.239091 -0.300000
v 4.037644 3.238858 -0.300000
v 4.037556 3.238639 -0.300000
v 4.037508 3.238432 -0.300000
v 4.037496 3.238234 -0.300000
v 4.037515 3.238041 -0.300000
v 4.110799 3.282513 -0.300000
v 4.126886 3.287699 -0.300000
v 4.118684 3.286495 -0.300000
v 4.176098 3.278386 -0.300000
v 4.147602 3.286098 -0.300000
v 4.229544 3.268543 -0.300000
v 4.205044 3.270210 -0.300000
v 4.256320 3.271401 -0.300000
v 4.244916 3.269020 -0.300000
v 4.325958 3.344638 -0.300000
v 4.323239 3.331203 -0.300000
v 4.318813 3.318996 -0.300000
v 4.312677 3.308015 -0.300000
v 4.304831 3.298256 -0.300000
v 4.295274 3.289718 -0.300000
v 4.284003 3.282398 -0.300000
v 4.320561 3.398401 -0.300000
v 4.325958 3.370844 -0.300000
v 4.231343 3.456292 -0.300000
v 4.262919 3.445892 -0.300000
v 4.289882 3.431752 -0.300000
v 4.309880 3.415409 -0.300000
v 4.316532 3.406892 -0.300000
v 4.177368 3.463383 -0.300000
v 4.157577 3.464018 -0.300000
v 4.157577 3.467298 -0.300000
v 4.158636 3.480633 -0.300000
v 4.158001 3.604988 -0.300000
v 4.089738 3.791783 -0.300000
v 4.115198 3.752164 -0.300000
v 4.134982 3.708029 -0.300000
v 4.042325 3.840890 -0.300000
v 3.986656 3.877403 -0.300000
v 3.814148 3.927885 -0.300000
v 3.903458 3.909827 -0.300000
v 3.763877 3.929896 -0.300000
v 3.683444 3.923546 -0.300000
v 3.545331 3.914127 -0.300000
v 3.467650 3.918360 -0.300000
v 3.426798 3.929155 -0.300000
v 3.444089 3.923202 -0.300000
v 3.393990 3.952968 -0.300000
v 3.366791 3.971912 -0.300000
v 3.366824 3.971972 -0.300000
v 3.366864 3.972026 -0.300000
v 3.366912 3.972071 -0.300000
v 3.366967 3.972108 -0.300000
v 3.367030 3.972137 -0.300000
v 3.367101 3.972158 -0.300000
v 3.367269 3.972174 -0.300000
v 3.367473 3.972155 -0.300000
v 3.367714 3.972098 -0.300000
v 3.368317 3.971869 -0.300000
v 3.372651 3.969186 -0.300000
v 1.100000 3.250000 -0.050000
v 1.100000 4.050000 -0.050000
v 0.300000 4.050000 -0.050000
v 0.300000 3.250000 -0.050000
v 0.350000 3.300000 -0.050000
v 0.350000 4.000000 -0.050000
v 1.050000 4.000000 -0.050000
v 1.050000 3.300000 -0.050000
v 0.350000 3.300000 0.000000
v 0.350000 4.000000 0.000000
v 1.050000 4.000000 0.000000
v 1.050000 3.300000 0.000000
v 0.631924 3.825171 -0.050000
v 0.614393 3.836820 -0.050000
v 0.595861 3.845630 -0.050000
v 0.575741 3.849931 -0.050000
v 0.554707 3.851637 -0.050000
v 0.525781 3.848325 -0.050000
v 0.498875 3.840631 -0.050000
v 0.486743 3.833916 -0.050000
v 0.475399 3.825493 -0.050000
v 0.454025 3.805798 -0.050000
v 0.433312 3.766439 -0.050000
v 0.418693 3.725376 -0.050000
v 0.412636 3.681920 -0.050000
v 0.411187 3.637176 -0.050000
v 0.412427 3.597503 -0.050000
v 0.417857 3.559035 -0.050000
v 0.431095 3.522812 -0.050000
v 0.449932 3.488199 -0.050000
v 0.471391 3.469038 -0.050000
v 0.494813 3.454220 -0.050000
v 0.521477 3.446569 -0.050000
v 0.550068 3.443179 -0.050000
v 0.566995 3.444410 -0.050000
v 0.583476 3.447289 -0.050000
v 0.599201 3.452969 -0.050000
v 0.614461 3.460368 -0.050000
v 0.628036 3.470489 -0.050000
v 0.640250 3.481843 -0.050000
v 0.650245 3.495208 -0.050000
v 0.658936 3.509754 -0.050000
v 0.665901 3.526611 -0.050000
v 0.671289 3.543838 -0.050000
v 0.674072 3.561676 -0.050000
v 0.675307 3.579877 -0.050000
v 0.672995 3.605620 -0.050000
v 0.667311 3.630081 -0.050000
v 0.655803 3.652328 -0.050000
v 0.640655 3.673192 -0.050000
v 0.622454 3.688431 -0.050000
v 0.602801 3.700319 -0.050000
v 0.580715 3.706593 -0.050000
v 0.557162 3.709482 -0.050000
v 0.543184 3.708434 -0.050000
v 0.529501 3.706166 -0.050000
v 0.516310 3.701878 -0.050000
v 0.503411 3.696385 -0.050000
v 0.490737 3.688350 -0.050000
v 0.479083 3.679204 -0.050000
v 0.469075 3.668263 -0.050000
v 0.460027 3.656276 -0.050000
v 0.460717 3.679854 -0.050000
v 0.462801 3.703206 -0.050000
v 0.467464 3.726137 -0.050000
v 0.473943 3.748772 -0.050000
v 0.480755 3.762869 -0.050000
v 0.488792 3.776046 -0.050000
v 0.498968 3.787613 -0.050000
v 0.510505 3.798158 -0.050000
v 0.520055 3.803770 -0.050000
v 0.530019 3.808092 -0.050000
v 0.540662 3.810298 -0.050000
v 0.551705 3.811255 -0.050000
v 0.565537 3.809629 -0.050000
v 0.578523 3.806028 -0.050000
v 0.590095 3.799129 -0.050000
v 0.600819 3.790246 -0.050000
v 0.607327 3.780604 -0.050000
v 0.612705 3.770441 -0.050000
v 0.616475 3.759535 -0.050000
v 0.619372 3.748226 -0.050000
v 0.668213 3.752046 -0.050000
v 0.663805 3.772690 -0.050000
v 0.656928 3.792083 -0.050000
v 0.645771 3.809308 -0.050000
v 0.490859 3.642087 -0.050000
v 0.503229 3.652209 -0.050000
v 0.516553 3.660086 -0.050000
v 0.531468 3.664217 -0.050000
v 0.547340 3.666098 -0.050000
v 0.563069 3.664279 -0.050000
v 0.577814 3.660191 -0.050000
v 0.590907 3.652292 -0.050000
v 0.603001 3.642087 -0.050000
v 0.612939 3.627345 -0.050000
v 0.620343 3.611707 -0.050000
v 0.623830 3.594683 -0.050000
v 0.625102 3.576876 -0.050000
v 0.623816 3.558348 -0.050000
v 0.620288 3.540588 -0.050000
v 0.612792 3.524186 -0.050000
v 0.602728 3.508663 -0.050000
v 0.591258 3.498288 -0.050000
v 0.578768 3.490114 -0.050000
v 0.564542 3.485687 -0.050000
v 0.549250 3.483561 -0.050000
v 0.538501 3.484563 -0.050000
v 0.528076 3.486670 -0.050000
v 0.518180 3.490585 -0.050000
v 0.508595 3.495566 -0.050000
v 0.499247 3.502904 -0.050000
v 0.490889 3.511095 -0.050000
v 0.484132 3.520664 -0.050000
v 0.478308 3.531037 -0.050000
v 0.473825 3.542780 -0.050000
v 0.470335 3.554740 -0.050000
v 0.468503 3.567063 -0.050000
v 0.467667 3.579604 -0.050000
v 0.469178 3.596859 -0.050000
v 0.472958 3.613249 -0.050000
v 0.480672 3.628140 -0.050000
v 0.631924 3.825171 0.000000
v 0.614393 3.836820 0.000000
v 0.595861 3.845630 0.000000
v 0.575741 3.849931 0.000000
v 0.554707 3.851637 0.000000
v 0.525781 3.848325 0.000000
v 0.498875 3.840631 0.000000
v 0.486743 3.833916 0.000000
v 0.475399 3.825493 0.000000
v 0.454025 3.805798 0.000000
v 0.433312 3.766439 0.000000
v 0.418693 3.725376 0.000000
v 0.412636 3.681920 0.000000
v 0.411187 3.637176 0.000000
v 0.412427 3.597503 0.000000
v 0.417857 3.559035 0.000000
v 0.431095 3.522812 0.000000
v 0.449932 3.488199 0.000000
v 0.471391 3.469038 0.000000
v 0.494813 3.454220 0.000000
v 0.521477 3.446569 0.000000
v 0.550068 3.443179 0.000000
v 0.566995 3.444410 0.000000
v 0.583476 3.447289 0.000000
v 0.599201 3.452969 0.000000
v 0.614461 3.460368 0.000000
v 0.628036 3.470489 0.000000
v 0.640250 3.481843 0.000000
v 0.650245 3.495208 0.000000
v 0.658936 3.509754 0.000000
v 0.665901 3.526611 0.000000
v 0.671289 3.543838 0.000000
v 0.674072 3.561676 0.000000
v 0.675307 3.579877 0.000000
v 0.672995 3.605620 0.000000
v 0.667311 3.630081 0.000000
v 0.655803 3.652328 0.000000
v 0.640655 3.673192 0.000000
v 0.622454 3.688431 0.000000
v 0.602801 3.700319 0.000000
v 0.580715 3.706593 0.000000
v 0.557162 3.709482 0.000000
v 0.543184 3.708434 0.000000
v 0.529501 3.706166 0.000000
v 0.516310 3.701878 0.000000
v 0.503411 3.696385 0.000000
v 0.490737 3.688350 0.000000
v 0.479083 3.679204 0.000000
v 0.469075 3.668263 0.000000
v 0.460027 3.656276 0.000000
v 0.460717 3.679854 0.000000
v 0.462801 3.703206 0.000000
v 0.467464 3.726137 0.000000
v 0.473943 3.748772 0.000000
v 0.480755 3.762869 0.000000
v 0.488792 3.776046 0.000000
v 0.498968 3.787613 0.000000
v 0.510505 3.798158 0.000000
v 0.520055 3.803770 0.000000
v 0.530019 3.808092 0.000000
v 0.540662 3.810298 0.000000
v 0.551705 3.811255 0.000000
v 0.565537 3.809629 0.000000
v 0.578523 3.806028 0.000000
v 0.590095 3.799129 0.000000
v 0.600819 3.790246 0.000000
v 0.607327 3.780604 0.000000
v 0.612705 3.770441 0.000000
v 0.616475 3.759535 0.000000
v 0.619372 3.748226 0.000000
v 0.668213 3.752046 0.000000
v 0.663805 3.772690 0.000000
v 0.656928 3.792083 0.000000
v 0.645771 3.809308 0.000000
v 0.490859 3.642087 0.000000
v 0.503229 3.652209 0.000000
v 0.516553 3.660086 0.000000
v 0.531468 3.664217 0.000000
v 0.547340 3.666098 0.000000
v 0.563069 3.664279 0.000000
v 0.577814 3.660191 0.000000
v 0.590907 3.652292 0.000000
v 0.603001 3.642087 0.000000
v 0.612939 3.627345 0.000000
v 0.620343 3.611707 0.000000
v 0.623830 3.594683 0.000000
v 0.625102 3.576876 0.000000
v 0.623816 3.558348 0.000000
v 0.620288 3.540588 0.000000
v 0.612792 3.524186 0.000000
v 0.602728 3.508663 0.000000
v 0.591258 3.498288 0.000000
v 0.578768 3.490114 0.000000
v 0.564542 3.485687 0.000000
v 0.549250 3.483561 0.000000
v 0.538501 3.484563 0.000000
v 0.528076 3.486670 0.000000
v 0.518180 3.490585 0.000000
v 0.508595 3.495566 0.000000
v 0.499247 3.502904 0.000000
v 0.490889 3.511095 0.000000
v 0.484132 3.520664 0.000000
v 0.478308 3.531037 0.000000
v 0.473825 3.542780 0.000000
v 0.470335 3.554740 0.000000
v 0.468503 3.567063 0.000000
v 0.467667 3.579604 0.000000
v 0.469178 3.596859 0.000000
v 0.472958 3.613249 0.000000
v 0.480672 3.628140 0.000000
v 0.783083 3.486289 -0.050000
v 0.799323 3.468270 -0.050000
v 0.808104 3.460503 -0.050000
v 0.817677 3.454229 -0.050000
v 0.828221 3.449783 -0.050000
v 0.839562 3.446838 -0.050000
v 0.863574 3.443452 -0.050000
v 0.888759 3.446840 -0.050000
v 0.912240 3.453972 -0.050000
v 0.932932 3.467232 -0.050000
v 0.951978 3.484106 -0.050000
v 0.968798 3.510324 -0.050000
v 0.981190 3.538035 -0.050000
v 0.986875 3.568010 -0.050000
v 0.988813 3.599250 -0.050000
v 0.988185 3.614217 -0.050000
v 0.986722 3.629058 -0.050000
v 0.983837 3.643687 -0.050000
v 0.980082 3.658186 -0.050000
v 0.975493 3.670692 -0.050000
v 0.970118 3.682788 -0.050000
v 0.963383 3.694174 -0.050000
v 0.955798 3.705116 -0.050000
v 0.947291 3.714388 -0.050000
v 0.938059 3.722724 -0.050000
v 0.927636 3.729519 -0.050000
v 0.916507 3.735402 -0.050000
v 0.904301 3.740033 -0.050000
v 0.891868 3.743621 -0.050000
v 0.879060 3.745483 -0.050000
v 0.866030 3.746317 -0.050000
v 0.842957 3.743158 -0.050000
v 0.831974 3.740447 -0.050000
v 0.821655 3.736377 -0.050000
v 0.812139 3.730663 -0.050000
v 0.803274 3.723615 -0.050000
v 0.786630 3.707299 -0.050000
v 0.786630 3.850000 -0.050000
v 0.737517 3.850000 -0.050000
v 0.737517 3.450000 -0.050000
v 0.783083 3.450000 -0.050000
v 0.806003 3.677831 -0.050000
v 0.817728 3.689289 -0.050000
v 0.830617 3.698392 -0.050000
v 0.837831 3.701388 -0.050000
v 0.845514 3.703432 -0.050000
v 0.861664 3.705935 -0.050000
v 0.877405 3.703607 -0.050000
v 0.884899 3.701674 -0.050000
v 0.891940 3.698816 -0.050000
v 0.904522 3.690036 -0.050000
v 0.915962 3.678922 -0.050000
v 0.926754 3.659491 -0.050000
v 0.934457 3.639150 -0.050000
v 0.937734 3.617507 -0.050000
v 0.938608 3.595157 -0.050000
v 0.937579 3.572822 -0.050000
v 0.934100 3.551228 -0.050000
v 0.926149 3.530984 -0.050000
v 0.915143 3.511664 -0.050000
v 0.903387 3.500299 -0.050000
v 0.890481 3.491279 -0.050000
v 0.883271 3.488317 -0.050000
v 0.875598 3.486298 -0.050000
v 0.859482 3.483834 -0.050000
v 0.840175 3.487193 -0.050000
v 0.831155 3.489945 -0.050000
v 0.822895 3.493982 -0.050000
v 0.815527 3.499529 -0.050000
v 0.808867 3.506274 -0.050000
v 0.796726 3.521760 -0.050000
v 0.789700 3.539854 -0.050000
v 0.784834 3.558402 -0.050000
v 0.782905 3.577570 -0.050000
v 0.782537 3.597067 -0.050000
v 0.783643 3.618734 -0.050000
v 0.787176 3.639649 -0.050000
v 0.795106 3.659200 -0.050000
v 0.783083 3.486289 0.000000
v 0.799323 3.468270 0.000000
v 0.808104 3.460503 0.000000
v 0.817677 3.454229 0.000000
v 0.828221 3.449783 0.000000
v 0.839562 3.446838 0.000000
v 0.863574 3.443452 0.000000
v 0.888759 3.446840 0.000000
v 0.912240 3.453972 0.000000
v 0.932932 3.467232 0.000000
v 0.951978 3.484106 0.000000
v 0.968798 3.510324 0.000000
v 0.981190 3.538035 0.000000
v 0.986875 3.568010 0.000000
v 0.988813 3.599250 0.000000
v 0.988185 3.614217 0.000000
v 0.986722 3.629058 0.000000
v 0.983837 3.643687 0.000000
v 0.980082 3.658186 0.000000
v 0.975493 3.670692 0.000000
v 0.970118 3.682788 0.000000
v 0.963383 3.694174 0.000000
v 0.955798 3.705116 0.000000
v 0.947291 3.714388 0.000000
v 0.938059 3.722724 0.000000
v 0.927636 3.729519 0.000000
v 0.916507 3.735402 0.000000
v 0.904301 3.740033 0.000000
v 0.891868 3.743621 0.000000
v 0.879060 3.745483 0.000000
v 0.866030 3.746317 0.000000
v 0.842957 3.743158 0.000000
v 0.831974 3.740447 0.000000
v 0.821655 3.736377 0.000000
v 0.812139 3.730663 0.000000
v 0.803274 3.723615 0.000000
v 0.786630 3.707299 0.000000
v 0.786630 3.850000 0.000000
v 0.737517 3.850000 0.000000
v 0.737517 3.450000 0.000000
v 0.783083 3.450000 0.000000
v 0.806003 3.677831 0.000000
v 0.817728 3.689289 0.000000
v 0.830617 3.698392 0.000000
v 0.837831 3.701388 0.000000
v 0.845514 3.703432 0.000000
v 0.861664 3.705935 0.000000
v 0.877405 3.703607 0.000000
v 0.884899 3.701674 0.000000
v 0.891940 3.698816 0.000000
v 0.904522 3.690036 0.000000
v 0.915962 3.678922 0.000000
v 0.926754 3.659491 0.000000
v 0.934457 3.639150 0.000000
v 0.937734 3.617507 0.000000
v 0.938608 3.595157 0.000000
v 0.937579 3.572822 0.000000
v 0.934100 3.551228 0.000000
v 0.926149 3.530984 0.000000
v 0.915143 3.511664 0.000000
v 0.903387 3.500299 0.000000
v 0.890481 3.491279 0.000000
v 0.883271 3.488317 0.000000
v 0.875598 3.486298 0.000000
v 0.859482 3.483834 0.000000
v 0.840175 3.487193 0.000000
v 0.831155 3.489945 0.000000
v 0.822895 3.493982 0.000000
v 0.815527 3.499529 0.000000
v 0.808867 3.506274 0.000000
v 0.796726 3.521760 0.000000
v 0.789700 3.539854 0.000000
v 0.784834 3.558402 0.000000
v 0.782905 3.577570 0.000000
v 0.782537 3.597067 0.000000
v 0.783643 3.618734 0.000000
v 0.787176 3.639649 0.000000
v 0.795106 3.659200 0.000000
v 14.100000 0.500000 -0.300000
v 14.100000 0.860000 -0.300000
v 13.600000 0.860000 -0.300000
v 14.400000 0.500000 -0.300000
v 14.400000 0.000000 -0.300000
v 4.350000 0.000000 -0.300000
v 4.350000 -0.300000 -0.300000
v 4.339778 -0.377646 -0.300000
v 4.309808 -0.450000 -0.300000
v 4.262132 -0.512132 -0.300000
v 4.200000 -0.559808 -0.300000
v 4.127646 -0.589778 -0.300000
v 4.050000 -0.600000 -0.300000
v 3.250000 -0.600000 -0.300000
v 3.172354 -0.589778 -0.300000
v 3.100000 -0.559808 -0.300000
v 3.037868 -0.512132 -0.300000
v 2.990192 -0.450000 -0.300000
v 2.960222 -0.377646 -0.300000
v 2.950000 -0.300000 -0.300000
v 2.950000 0.000000 -0.300000
v 0.000000 0.000000 -0.300000
v 0.000000 4.350000 -0.300000
v 0.700000 4.350000 -0.300000
v 0.700000 4.650000 -0.300000
v 1.700000 4.650000 -0.300000
v 1.700000 4.350000 -0.300000
v 6.170000 4.350000 -0.300000
v 6.170000 3.850000 -0.300000
v 6.060000 3.850000 -0.300000
v 6.060000 3.600000 -0.300000
v 6.170000 3.600000 -0.300000
v 6.170000 3.400000 -0.300000
v 6.470000 3.400000 -0.300000
v 6.470000 3.600000 -0.300000
v 6.580000 3.600000 -0.300000
v 6.580000 3.850000 -0.300000
v 6.470000 3.850000 -0.300000
v 6.470000 4.350000 -0.300000
v 8.300000 4.350000 -0.300000
v 8.300000 4.650000 -0.300000
v 9.300000 4.650000 -0.300000
v 9.300000 2.320000 -0.300000
v 9.310222 2.242354 -0.300000
v 9.340192 2.170000 -0.300000
v 9.387868 2.107868 -0.300000
v 9.450000 2.060192 -0.300000
v 9.522354 2.030222 -0.300000
v 9.600000 2.020000 -0.300000
v 14.400000 2.020000 -0.300000
v 14.400000 1.520000 -0.300000
v 14.100000 1.520000 -0.300000
v 14.100000 1.160000 -0.300000
v 13.600000 1.160000 -0.300000
v 13.600000 1.270000 -0.300000
v 13.350000 1.270000 -0.300000
v 13.350000 1.160000 -0.300000
v 13.150000 1.160000 -0.300000
v 13.150000 0.860000 -0.300000
v 13.350000 0.860000 -0.300000
v 13.350000 0.750000 -0.300000
v 13.600000 0.750000 -0.300000
v 3.500000 -0.150000 -0.300000
v 3.505111 -0.188823 -0.300000
v 3.520096 -0.225000 -0.300000
v 3.543934 -0.256066 -0.300000
v 3.575000 -0.279904 -0.300000
v 3.611177 -0.294889 -0.300000
v 3.650000 -0.300000 -0.300000
v 3.688823 -0.294889 -0.300000
v 3.725000 -0.279904 -0.300000
v 3.756066 -0.256066 -0.300000
v 3.779904 -0.225000 -0.300000
v 3.794889 -0.188823 -0.300000
v 3.800000 -0.150000 -0.300000
v 3.794889 -0.111177 -0.300000
v 3.779904 -0.075000 -0.300000
v 3.756066 -0.043934 -0.300000
v 3.725000 -0.020096 -0.300000
v 3.688823 -0.005111 -0.300000
v 3.650000 0.000000 -0.300000
v 3.611177 -0.005111 -0.300000
v 3.575000 -0.020096 -0.300000
v 3.543934 -0.043934 -0.300000
v 3.520096 -0.075000 -0.300000
v 3.505111 -0.111177 -0.300000
v 11.050000 0.950000 -0.300000
v 12.750000 0.950000 -0.300000
v 12.762941 0.951704 -0.300000
v 12.775000 0.956699 -0.300000
v 12.785355 0.964645 -0.300000
v 12.793301 0.975000 -0.300000
v 12.798296 0.987059 -0.300000
v 12.800000 1.000000 -0.300000
v 12.800000 1.600000 -0.300000
v 12.798296 1.612941 -0.300000
v 12.793301 1.625000 -0.300000
v 12.785355 1.635355 -0.300000
v 12.775000 1.643301 -0.300000
v 12.762941 1.648296 -0.300000
v 12.750000 1.650000 -0.300000
v 11.050000 1.650000 -0.300000
v 11.037059 1.648296 -0.300000
v 11.025000 1.643301 -0.300000
v 11.014645 1.635355 -0.300000
v 11.006699 1.625000 -0.300000
v 11.001704 1.612941 -0.300000
v 11.000000 1.600000 -0.300000
v 11.000000 1.000000 -0.300000
v 11.001704 0.987059 -0.300000
v 11.006699 0.975000 -0.300000
v 11.014645 0.964645 -0.300000
v 11.025000 0.956699 -0.300000
v 11.037059 0.951704 -0.300000
v 7.200000 2.115555 -0.300000
v 7.200000 2.252538 -0.300000
v 7.200000 0.234247 -0.300000
v 7.200000 4.049454 -0.300000
vt -1.185000 0.078540 0.000000
vt -1.485000 0.078540 0.000000
vt -1.185000 0.052360 0.000000
vt -1.485000 0.052360 0.000000
vt -1.185000 0.026180 0.000000
vt -1.485000 0.026180 0.000000
vt -1.185000 -0.000000 0.000000
vt -1.485000 -0.000000 0.000000
vt -1.185000 -0.026180 0.000000
vt -1.485000 -0.026180 0.000000
vt -1.185000 -0.052360 0.000000
vt -1.485000 -0.052360 0.000000
vt -1.185000 -0.078540 0.000000
vt -1.485000 -0.078540 0.000000
vt -1.350000 0.000000 0.000000
vt -0.100000 0.000000 0.000000
vt -1.350000 0.300000 0.000000
vt -0.100000 0.300000 0.000000
vt 0.300000 0.078540 0.000000
vt 0.000000 0.078540 0.000000
vt 0.300000 0.052360 0.000000
vt -0.000000 0.052360 0.000000
vt 0.300000 0.026180 0.000000
vt 0.000000 0.026180 0.000000
vt 0.300000 0.000000 0.000000
vt 0.000000 0.000000 0.000000
vt 0.300000 -0.026180 0.000000
vt -0.000000 -0.026180 0.000000
vt 0.300000 -0.052360 0.000000
vt 0.000000 -0.052360 0.000000
vt 0.300000 -0.078540 0.000000
vt -0.000000 -0.078540 0.000000
vt -5.800000 0.000000 0.000000
vt -0.100000 0.000000 0.000000
vt -5.800000 0.300000 0.000000
vt -0.100000 0.300000 0.000000
vt -2.670000 0.078540 0.000000
vt -2.970000 0.078540 0.000000
vt -2.670000 0.052360 0.000000
vt -2.970000 0.052360 0.000000
vt -2.670000 0.026180 0.000000
vt -2.970000 0.026180 0.000000
vt -2.670000 -0.000000 0.000000
vt -2.970000 -0.000000 0.000000
vt -2.670000 -0.026180 0.000000
vt -2.970000 -0.026180 0.000000
vt -2.670000 -0.052360 0.000000
vt -2.970000 -0.052360 0.000000
vt -2.670000 -0.078540 0.000000
vt -2.970000 -0.078540 0.000000
vt 2.970000 2.300000 0.000000
vt 2.670000 2.300000 0.000000
vt 2.970000 -3.400000 0.000000
vt 2.670000 -3.400000 0.000000
vt -1.185000 0.078540 0.000000
vt -1.485000 0.078540 0.000000
vt -1.185000 0.052360 0.000000
vt -1.485000 0.052360 0.000000
vt -1.185000 0.026180 0.000000
vt -1.485000 0.026180 0.000000
vt -1.185000 0.000000 0.000000
vt -1.485000 0.000000 0.000000
vt -1.185000 -0.026180 0.000000
vt -1.485000 -0.026180 0.000000
vt -1.185000 -0.052360 0.000000
vt -1.485000 -0.052360 0.000000
vt -1.185000 -0.078540 0.000000
vt -1.485000 -0.078540 0.000000
vt -2.970000 0.100000 0.000000
vt -2.670000 0.100000 0.000000
vt -2.970000 1.350000 0.000000
vt -2.670000 1.350000 0.000000
vt 6.170000 3.850000 0.000000
vt 6.170000 4.350000 0.000000
vt 6.060000 3.850000 0.000000
vt 4.089738 3.791783 0.000000
vt 4.467418 3.477805 0.000000
vt 4.115198 3.752164 0.000000
vt 4.467381 3.477818 0.000000
vt 4.134982 3.708029 0.000000
vt 4.467342 3.477826 0.000000
vt 4.467302 3.477828 0.000000
vt 4.158001 3.604988 0.000000
vt 4.467214 3.477815 0.000000
vt 4.467118 3.477777 0.000000
vt 4.467013 3.477714 0.000000
vt 4.262919 3.445892 0.000000
vt 4.466773 3.477506 0.000000
vt 4.465317 3.475406 0.000000
vt 4.289882 3.431752 0.000000
vt 4.462827 3.470804 0.000000
vt 4.309880 3.415409 0.000000
vt 4.436025 3.414805 0.000000
vt 4.316532 3.406892 0.000000
vt 4.320561 3.398401 0.000000
vt 1.700000 4.350000 0.000000
vt 3.367269 3.972174 0.000000
vt 3.367473 3.972155 0.000000
vt 3.814148 3.927885 0.000000
vt 3.763877 3.929896 0.000000
vt 3.367714 3.972098 0.000000
vt 3.683444 3.923546 0.000000
vt 3.368317 3.971869 0.000000
vt 3.372651 3.969186 0.000000
vt 1.700000 4.650000 0.000000
vt 0.700000 4.650000 0.000000
vt 0.700000 4.350000 0.000000
vt 1.100000 4.050000 0.000000
vt 0.300000 4.050000 0.000000
vt 0.000000 4.350000 0.000000
vt 0.300000 3.250000 0.000000
vt 0.000000 0.000000 0.000000
vt 2.200000 1.650000 0.000000
vt 2.200000 0.400000 0.000000
vt 2.203407 0.374118 0.000000
vt 2.213397 0.350000 0.000000
vt 2.229289 0.329289 0.000000
vt 2.250000 0.313397 0.000000
vt 2.274118 0.303407 0.000000
vt 2.950000 0.000000 0.000000
vt 2.300000 0.300000 0.000000
vt 3.611177 -0.005111 0.000000
vt 3.650000 0.000000 0.000000
vt 2.950000 -0.300000 0.000000
vt 3.500000 -0.150000 0.000000
vt 3.505111 -0.111177 0.000000
vt 3.520096 -0.075000 0.000000
vt 2.960222 -0.377646 0.000000
vt 3.520096 -0.225000 0.000000
vt 3.505111 -0.188823 0.000000
vt 3.543934 -0.256066 0.000000
vt 2.990192 -0.450000 0.000000
vt 3.037868 -0.512132 0.000000
vt 3.100000 -0.559808 0.000000
vt 3.172354 -0.589778 0.000000
vt 3.250000 -0.600000 0.000000
vt 4.050000 -0.600000 0.000000
vt 3.650000 -0.300000 0.000000
vt 3.611177 -0.294889 0.000000
vt 3.575000 -0.279904 0.000000
vt 4.127646 -0.589778 0.000000
vt 3.756066 -0.256066 0.000000
vt 3.725000 -0.279904 0.000000
vt 3.688823 -0.294889 0.000000
vt 4.200000 -0.559808 0.000000
vt 4.262132 -0.512132 0.000000
vt 4.309808 -0.450000 0.000000
vt 4.339778 -0.377646 0.000000
vt 3.779904 -0.225000 0.000000
vt 4.350000 -0.300000 0.000000
vt 3.794889 -0.188823 0.000000
vt 3.800000 -0.150000 0.000000
vt 4.350000 0.000000 0.000000
vt 3.794889 -0.111177 0.000000
vt 3.779904 -0.075000 0.000000
vt 3.756066 -0.043934 0.000000
vt 3.725000 -0.020096 0.000000
vt 3.688823 -0.005111 0.000000
vt 8.000000 0.300000 0.000000
vt 14.400000 0.000000 0.000000
vt 8.025882 0.303407 0.000000
vt 8.050000 0.313397 0.000000
vt 11.050000 0.950000 0.000000
vt 11.037059 0.951704 0.000000
vt 14.400000 0.500000 0.000000
vt 14.100000 0.500000 0.000000
vt 13.350000 0.750000 0.000000
vt 12.750000 0.950000 0.000000
vt 13.150000 0.860000 0.000000
vt 12.762941 0.951704 0.000000
vt 12.775000 0.956699 0.000000
vt 12.785355 0.964645 0.000000
vt 12.793301 0.975000 0.000000
vt 12.798296 0.987059 0.000000
vt 12.800000 1.000000 0.000000
vt 13.150000 1.160000 0.000000
vt 12.800000 1.600000 0.000000
vt 13.350000 1.270000 0.000000
vt 12.798296 1.612941 0.000000
vt 12.793301 1.625000 0.000000
vt 13.600000 1.270000 0.000000
vt 14.100000 1.520000 0.000000
vt 14.100000 1.160000 0.000000
vt 13.600000 1.160000 0.000000
vt 13.600000 0.750000 0.000000
vt 14.100000 0.860000 0.000000
vt 13.600000 0.860000 0.000000
vt 13.350000 0.860000 0.000000
vt 13.350000 1.160000 0.000000
vt 14.400000 1.520000 0.000000
vt 14.400000 2.020000 0.000000
vt 12.785355 1.635355 0.000000
vt 9.600000 2.020000 0.000000
vt 12.750000 1.650000 0.000000
vt 12.762941 1.648296 0.000000
vt 12.775000 1.643301 0.000000
vt 9.522354 2.030222 0.000000
vt 8.100000 0.400000 0.000000
vt 11.000000 1.000000 0.000000
vt 11.000000 1.600000 0.000000
vt 8.100000 1.650000 0.000000
vt 9.450000 2.060192 0.000000
vt 9.387868 2.107868 0.000000
vt 9.340192 2.170000 0.000000
vt 8.086603 1.700000 0.000000
vt 8.096593 1.675882 0.000000
vt 8.070711 1.720711 0.000000
vt 9.310222 2.242354 0.000000
vt 8.050000 1.736603 0.000000
vt 9.300000 2.320000 0.000000
vt 8.025882 1.746593 0.000000
vt 7.200000 2.252538 0.000000
vt 8.000000 1.750000 0.000000
vt 7.200000 2.115555 0.000000
vt 3.888496 2.155574 0.000000
vt 4.295220 2.269935 0.000000
vt 4.031741 2.206400 0.000000
vt 4.260130 2.266725 0.000000
vt 4.090082 2.240955 0.000000
vt 4.213457 2.272308 0.000000
vt 4.143819 2.283764 0.000000
vt 4.168690 2.289797 0.000000
vt 4.157048 2.295935 0.000000
vt 8.300000 4.350000 0.000000
vt 9.300000 4.650000 0.000000
vt 8.300000 4.650000 0.000000
vt 6.470000 4.350000 0.000000
vt 6.580000 3.850000 0.000000
vt 6.580000 3.600000 0.000000
vt 6.470000 3.400000 0.000000
vt 6.170000 3.400000 0.000000
vt 6.470000 3.850000 0.000000
vt 6.470000 3.600000 0.000000
vt 6.170000 3.600000 0.000000
vt 6.060000 3.600000 0.000000
vt 4.590225 3.313987 0.000000
vt 4.590114 3.312885 0.000000
vt 4.467578 3.477662 0.000000
vt 4.467633 3.477572 0.000000
vt 4.590222 3.314477 0.000000
vt 4.590220 3.314479 0.000000
vt 4.467728 3.477342 0.000000
vt 4.467881 3.476718 0.000000
vt 3.543934 -0.043934 0.000000
vt 3.575000 -0.020096 0.000000
vt 11.037059 1.648296 0.000000
vt 11.050000 1.650000 0.000000
vt 11.025000 0.956699 0.000000
vt 8.086603 0.350000 0.000000
vt 8.070711 0.329289 0.000000
vt 8.096593 0.374118 0.000000
vt 11.014645 0.964645 0.000000
vt 11.006699 0.975000 0.000000
vt 11.001704 0.987059 0.000000
vt 11.001704 1.612941 0.000000
vt 11.006699 1.625000 0.000000
vt 11.014645 1.635355 0.000000
vt 11.025000 1.643301 0.000000
vt 2.709814 3.281748 0.000000
vt 1.100000 3.250000 0.000000
vt 2.709787 3.281703 0.000000
vt 2.709780 3.281684 0.000000
vt 2.709777 3.281667 0.000000
vt 2.709783 3.281624 0.000000
vt 2.709799 3.281570 0.000000
vt 2.709865 3.281431 0.000000
vt 2.710121 3.281029 0.000000
vt 2.711095 3.279768 0.000000
vt 2.838894 2.938343 0.000000
vt 2.714608 3.275725 0.000000
vt 2.837889 3.026159 0.000000
vt 2.725560 3.263979 0.000000
vt 2.832438 3.074763 0.000000
vt 2.744596 3.245260 0.000000
vt 2.821188 3.123426 0.000000
vt 2.804670 3.166811 0.000000
vt 2.213397 1.700000 0.000000
vt 2.229289 1.720711 0.000000
vt 2.250000 1.736603 0.000000
vt 3.360970 3.938892 0.000000
vt 3.355890 3.884388 0.000000
vt 2.774653 3.312358 0.000000
vt 2.836883 3.328445 0.000000
vt 3.366791 3.971912 0.000000
vt 3.366824 3.971972 0.000000
vt 3.366864 3.972026 0.000000
vt 3.366912 3.972071 0.000000
vt 3.366967 3.972108 0.000000
vt 3.367030 3.972137 0.000000
vt 3.367101 3.972158 0.000000
vt 3.545331 3.914127 0.000000
vt 3.393990 3.952968 0.000000
vt 3.467650 3.918360 0.000000
vt 3.444089 3.923202 0.000000
vt 3.426798 3.929155 0.000000
vt 3.903458 3.909827 0.000000
vt 3.986656 3.877403 0.000000
vt 4.042325 3.840890 0.000000
vt 4.231343 3.456292 0.000000
vt 4.158636 3.480633 0.000000
vt 4.177368 3.463383 0.000000
vt 4.157577 3.467298 0.000000
vt 4.157577 3.464018 0.000000
vt 4.325958 3.370844 0.000000
vt 4.402846 3.345908 0.000000
vt 4.325958 3.344638 0.000000
vt 4.384272 3.312888 0.000000
vt 4.323239 3.331203 0.000000
vt 4.318813 3.318996 0.000000
vt 4.312677 3.308015 0.000000
vt 4.304831 3.298256 0.000000
vt 4.312623 3.221448 0.000000
vt 4.295274 3.289718 0.000000
vt 4.284003 3.282398 0.000000
vt 4.256320 3.271401 0.000000
vt 4.244916 3.269020 0.000000
vt 4.229544 3.268543 0.000000
vt 4.240233 3.161202 0.000000
vt 4.205044 3.270210 0.000000
vt 4.106530 3.158637 0.000000
vt 4.176098 3.278386 0.000000
vt 4.101062 3.161546 0.000000
vt 4.090176 3.168911 0.000000
vt 4.096092 3.164426 0.000000
vt 4.147602 3.286098 0.000000
vt 4.069947 3.258913 0.000000
vt 4.050156 3.213828 0.000000
vt 4.076602 3.181575 0.000000
vt 4.110799 3.282513 0.000000
vt 4.126886 3.287699 0.000000
vt 4.118684 3.286495 0.000000
vt 4.042629 3.226871 0.000000
vt 4.042404 3.242786 0.000000
vt 4.037562 3.237852 0.000000
vt 4.038187 3.239609 0.000000
vt 4.037776 3.239091 0.000000
vt 4.037644 3.238858 0.000000
vt 4.037515 3.238041 0.000000
vt 4.037496 3.238234 0.000000
vt 4.037556 3.238639 0.000000
vt 4.037508 3.238432 0.000000
vt 4.111108 3.155145 0.000000
vt 4.114801 3.151059 0.000000
vt 4.161811 3.122705 0.000000
vt 4.117612 3.146372 0.000000
vt 4.119545 3.141075 0.000000
vt 4.120603 3.135159 0.000000
vt 4.120112 3.121435 0.000000
vt 4.123922 3.112757 0.000000
vt 4.118736 3.112122 0.000000
vt 4.467453 3.477786 0.000000
vt 4.467519 3.477734 0.000000
vt 4.481110 3.300717 0.000000
vt 4.590131 3.314454 0.000000
vt 4.590196 3.314480 0.000000
vt 4.590206 3.314481 0.000000
vt 4.478146 3.231502 0.000000
vt 4.494286 3.237005 0.000000
vt 4.533921 3.269284 0.000000
vt 4.573542 3.301524 0.000000
vt 4.482128 3.227255 0.000000
vt 4.477551 3.226210 0.000000
vt 4.478763 3.224637 0.000000
vt 4.477447 3.224507 0.000000
vt 4.477859 3.223975 0.000000
vt 4.477456 3.224004 0.000000
vt 4.477614 3.223816 0.000000
vt 4.477478 3.223853 0.000000
vt 4.477493 3.223805 0.000000
vt 4.477545 3.223781 0.000000
vt 4.477502 3.223788 0.000000
vt 4.477523 3.223775 0.000000
vt 4.477511 3.223776 0.000000
vt 4.477514 3.223775 0.000000
vt 4.477516 3.223774 0.000000
vt 4.585668 3.311150 0.000000
vt 4.589007 3.313692 0.000000
vt 4.589895 3.314315 0.000000
vt 4.590214 3.314481 0.000000
vt 4.590218 3.314480 0.000000
vt 4.590224 3.314475 0.000000
vt 4.590235 3.314413 0.000000
vt 4.590239 3.314310 0.000000
vt 4.589582 3.308997 0.000000
vt 4.587469 3.295574 0.000000
vt 4.589070 3.129870 0.000000
vt 4.589066 3.129890 0.000000
vt 4.580567 3.254864 0.000000
vt 4.589063 3.129897 0.000000
vt 4.568211 3.187793 0.000000
vt 4.589060 3.129902 0.000000
vt 4.589057 3.129904 0.000000
vt 4.589053 3.129906 0.000000
vt 4.589042 3.129908 0.000000
vt 4.589009 3.129906 0.000000
vt 4.588896 3.129881 0.000000
vt 4.588491 3.129745 0.000000
vt 4.587011 3.129146 0.000000
vt 4.581718 3.126793 0.000000
vt 4.564612 3.118683 0.000000
vt 4.540482 3.111063 0.000000
vt 4.547348 3.110481 0.000000
vt 4.541856 3.107968 0.000000
vt 4.539411 3.108219 0.000000
vt 4.540247 3.107281 0.000000
vt 4.539320 3.107728 0.000000
vt 4.539307 3.107358 0.000000
vt 4.539771 3.107103 0.000000
vt 4.539330 3.107222 0.000000
vt 4.539620 3.107057 0.000000
vt 4.539350 3.107168 0.000000
vt 4.539375 3.107123 0.000000
vt 4.539406 3.107088 0.000000
vt 4.539442 3.107062 0.000000
vt 4.539483 3.107047 0.000000
vt 4.539530 3.107042 0.000000
vt 4.589071 3.129806 0.000000
vt 4.589047 3.129583 0.000000
vt 4.588897 3.128765 0.000000
vt 4.588211 3.125750 0.000000
vt 4.585528 3.115027 0.000000
vt 4.576677 3.081390 0.000000
vt 4.559215 3.018036 0.000000
vt 4.542070 2.768759 0.000000
vt 4.547996 2.655663 0.000000
vt 4.516776 2.873679 0.000000
vt 4.517411 2.905535 0.000000
vt 4.512966 2.894674 0.000000
vt 4.511725 2.890965 0.000000
vt 4.511378 2.889131 0.000000
vt 4.511429 2.889779 0.000000
vt 4.511371 2.889384 0.000000
vt 4.511367 2.889239 0.000000
vt 4.538223 2.566673 0.000000
vt 4.515770 2.485562 0.000000
vt 4.481411 2.414412 0.000000
vt 4.435919 2.355308 0.000000
vt 4.414752 2.335517 0.000000
vt 4.394221 2.318795 0.000000
vt 4.362107 2.295880 0.000000
vt 4.329160 2.279623 0.000000
vt 2.300000 1.750000 0.000000
vt 3.718898 2.131258 0.000000
vt 3.683867 2.129142 0.000000
vt 3.634126 2.128083 0.000000
vt 3.401914 2.145466 0.000000
vt 3.207723 2.197616 0.000000
vt 3.148880 2.225450 0.000000
vt 3.079671 2.272916 0.000000
vt 3.017646 2.331733 0.000000
vt 2.963321 2.401305 0.000000
vt 2.917211 2.481038 0.000000
vt 2.274118 1.746593 0.000000
vt 2.863236 2.632697 0.000000
vt 2.846408 2.741388 0.000000
vt 2.840468 2.823117 0.000000
vt 2.783250 3.204124 0.000000
vt 2.757296 3.234571 0.000000
vt 2.709924 3.281861 0.000000
vt 2.710352 3.282180 0.000000
vt 2.711992 3.283163 0.000000
vt 2.717950 3.286299 0.000000
vt 2.736976 3.295544 0.000000
vt 2.882286 3.330773 0.000000
vt 3.359118 3.648683 0.000000
vt 3.358761 3.846314 0.000000
vt 2.927476 3.328445 0.000000
vt 3.340438 3.541382 0.000000
vt 2.983762 3.315841 0.000000
vt 3.345928 3.442176 0.000000
vt 3.039382 3.293573 0.000000
vt 3.370706 3.344003 0.000000
vt 3.175973 3.206631 0.000000
vt 3.404944 3.270726 0.000000
vt 3.264661 3.143448 0.000000
vt 3.442991 3.216897 0.000000
vt 3.442567 3.165038 0.000000
vt 3.448679 3.180702 0.000000
vt 3.307577 3.117379 0.000000
vt 3.429126 3.141438 0.000000
vt 3.412206 3.117122 0.000000
vt 3.342634 3.102610 0.000000
vt 3.357799 3.099287 0.000000
vt 3.371699 3.098577 0.000000
vt 3.384566 3.100409 0.000000
vt 3.396636 3.104713 0.000000
vt 3.404376 3.109559 0.000000
vt 3.452727 3.197318 0.000000
vt 3.453997 3.205678 0.000000
vt 3.401927 3.745746 0.000000
vt 3.380589 3.792656 0.000000
vt 3.369013 3.814114 0.000000
vt 3.410394 3.759928 0.000000
vt 3.397482 3.772945 0.000000
vt 2.203407 1.675882 0.000000
vt -0.041775 0.000000 0.000000
vt -0.000000 0.000000 0.000000
vt -0.041775 0.300000 0.000000
vt -0.000000 0.300000 0.000000
vt -0.066212 0.000000 0.000000
vt -0.033106 0.000000 0.000000
vt -0.066212 0.300000 0.000000
vt -0.033106 0.300000 0.000000
vt -0.000000 0.000000 0.000000
vt -0.000000 0.300000 0.000000
vt -0.046722 0.000000 0.000000
vt -0.023361 0.000000 0.000000
vt -0.046722 0.300000 0.000000
vt -0.023361 0.300000 0.000000
vt -0.000000 0.000000 0.000000
vt -0.000000 0.300000 0.000000
vt -0.018335 0.000000 0.000000
vt -0.000000 0.000000 0.000000
vt -0.018335 0.300000 0.000000
vt -0.000000 0.300000 0.000000
vt -0.016517 0.000000 0.000000
vt -0.000000 0.000000 0.000000
vt -0.016517 0.300000 0.000000
vt -0.000000 0.300000 0.000000
vt -0.212770 0.000000 0.000000
vt -0.106385 0.000000 0.000000
vt -0.212770 0.300000 0.000000
vt -0.106385 0.300000 0.000000
vt -0.000000 0.000000 0.000000
vt -0.000000 0.300000 0.000000
vt -0.208217 0.000000 0.000000
vt -0.104109 0.000000 0.000000
vt -0.208217 0.300000 0.000000
vt -0.104109 0.300000 0.000000
vt -0.000000 0.000000 0.000000
vt -0.000000 0.300000 0.000000
vt -0.154210 0.000000 0.000000
vt -0.077105 0.000000 0.000000
vt -0.154210 0.300000 0.000000
vt -0.077105 0.300000 0.000000
vt -0.000000 0.000000 0.000000
vt -0.000000 0.300000 0.000000
vt -0.015716 0.000000 0.000000
vt -0.000000 0.000000 0.000000
vt -0.015716 0.300000 0.000000
vt -0.000000 0.300000 0.000000
vt -0.008457 0.000000 0.000000
vt -0.000000 0.000000 0.000000
vt -0.008457 0.300000 0.000000
vt -0.000000 0.300000 0.000000
vt -0.036953 0.000000 0.000000
vt -0.018477 0.000000 0.000000
vt -0.036953 0.300000 0.000000
vt -0.018477 0.300000 0.000000
vt -0.000000 0.000000 0.000000
vt -0.000000 0.300000 0.000000
vt -0.029505 0.000000 0.000000
vt -0.000000 0.000000 0.000000
vt -0.029505 0.300000 0.000000
vt -0.000000 0.300000 0.000000
vt -0.048082 0.000000 0.000000
vt -0.024041 0.000000 0.000000
vt -0.048082 0.300000 0.000000
vt -0.024041 0.300000 0.000000
vt -0.012021 0.000000 0.000000
vt -0.012021 0.300000 0.000000
vt -0.000000 0.000000 0.000000
vt -0.000000 0.300000 0.000000
vt -0.132337 0.000000 0.000000
vt -0.115795 0.000000 0.000000
vt -0.132337 0.300000 0.000000
vt -0.115795 0.300000 0.000000
vt -0.099252 0.000000 0.000000
vt -0.099252 0.300000 0.000000
vt -0.082710 0.000000 0.000000
vt -0.082710 0.300000 0.000000
vt -0.066168 0.000000 0.000000
vt -0.066168 0.300000 0.000000
vt -0.033084 0.000000 0.000000
vt -0.033084 0.300000 0.000000
vt -0.000000 0.000000 0.000000
vt -0.000000 0.300000 0.000000
vt -0.102388 0.000000 0.000000
vt -0.000000 0.000000 0.000000
vt -0.102388 0.300000 0.000000
vt -0.000000 0.300000 0.000000
vt -0.256452 0.000000 0.000000
vt -0.128226 0.000000 0.000000
vt -0.256452 0.300000 0.000000
vt -0.128226 0.300000 0.000000
vt -0.064113 0.000000 0.000000
vt -0.064113 0.300000 0.000000
vt -0.000000 0.000000 0.000000
vt -0.000000 0.300000 0.000000
vt -0.039184 0.000000 0.000000
vt -0.000000 0.000000 0.000000
vt -0.039184 0.300000 0.000000
vt -0.000000 0.300000 0.000000
vt -0.038788 0.000000 0.000000
vt -0.000000 0.000000 0.000000
vt -0.038788 0.300000 0.000000
vt -0.000000 0.300000 0.000000
vt -0.066824 0.000000 0.000000
vt -0.000000 0.000000 0.000000
vt -0.066824 0.300000 0.000000
vt -0.000000 0.300000 0.000000
vt -0.096047 0.000000 0.000000
vt -0.048023 0.000000 0.000000
vt -0.096047 0.300000 0.000000
vt -0.024012 0.000000 0.000000
vt -0.012006 0.000000 0.000000
vt -0.006003 0.000000 0.000000
vt -0.048023 0.300000 0.000000
vt -0.024012 0.300000 0.000000
vt -0.012006 0.300000 0.000000
vt -0.006003 0.300000 0.000000
vt -0.003001 0.000000 0.000000
vt -0.003001 0.300000 0.000000
vt -0.001501 0.000000 0.000000
vt -0.001501 0.300000 0.000000
vt -0.000750 0.000000 0.000000
vt -0.000750 0.300000 0.000000
vt -0.000375 0.000000 0.000000
vt -0.000375 0.300000 0.000000
vt -0.000000 0.000000 0.000000
vt -0.000000 0.300000 0.000000
vt -0.070849 0.000000 0.000000
vt -0.070295 0.000000 0.000000
vt -0.070849 0.300000 0.000000
vt -0.069742 0.000000 0.000000
vt -0.070295 0.300000 0.000000
vt -0.069742 0.300000 0.000000
vt -0.068635 0.000000 0.000000
vt -0.068635 0.300000 0.000000
vt -0.066421 0.000000 0.000000
vt -0.066421 0.300000 0.000000
vt -0.061993 0.000000 0.000000
vt -0.061993 0.300000 0.000000
vt -0.053136 0.000000 0.000000
vt -0.053136 0.300000 0.000000
vt -0.035424 0.000000 0.000000
vt -0.035424 0.300000 0.000000
vt -0.000000 0.000000 0.000000
vt -0.000000 0.300000 0.000000
vt -0.018029 0.000000 0.000000
vt -0.000000 0.000000 0.000000
vt -0.018029 0.300000 0.000000
vt -0.000000 0.300000 0.000000
vt -0.178922 0.000000 0.000000
vt -0.134191 0.000000 0.000000
vt -0.178922 0.300000 0.000000
vt -0.134191 0.300000 0.000000
vt -0.089461 0.000000 0.000000
vt -0.089461 0.300000 0.000000
vt -0.044730 0.000000 0.000000
vt -0.044730 0.300000 0.000000
vt -0.000000 0.000000 0.000000
vt -0.000000 0.300000 0.000000
vt -0.112192 0.000000 0.000000
vt -0.056096 0.000000 0.000000
vt -0.112192 0.300000 0.000000
vt -0.056096 0.300000 0.000000
vt -0.000000 0.000000 0.000000
vt -0.000000 0.300000 0.000000
vt -0.177459 0.000000 0.000000
vt -0.088729 0.000000 0.000000
vt -0.177459 0.300000 0.000000
vt -0.088729 0.300000 0.000000
vt -0.000000 0.000000 0.000000
vt -0.000000 0.300000 0.000000
vt -0.113261 0.000000 0.000000
vt -0.000000 0.000000 0.000000
vt -0.113261 0.300000 0.000000
vt -0.000000 0.300000 0.000000
vt -0.160073 0.000000 0.000000
vt -0.000000 0.000000 0.000000
vt -0.160073 0.300000 0.000000
vt -0.000000 0.300000 0.000000
vt -0.347060 0.000000 0.000000
vt -0.260295 0.000000 0.000000
vt -0.347060 0.300000 0.000000
vt -0.260295 0.300000 0.000000
vt -0.173530 0.000000 0.000000
vt -0.173530 0.300000 0.000000
vt -0.086765 0.000000 0.000000
vt -0.086765 0.300000 0.000000
vt -0.000000 0.000000 0.000000
vt -0.000000 0.300000 0.000000
vt -0.060607 0.000000 0.000000
vt -0.000000 0.000000 0.000000
vt -0.060607 0.300000 0.000000
vt -0.000000 0.300000 0.000000
vt -0.431793 0.000000 0.000000
vt -0.215897 0.000000 0.000000
vt -0.431793 0.300000 0.000000
vt -0.215897 0.300000 0.000000
vt -0.000000 0.000000 0.000000
vt -0.000000 0.300000 0.000000
vt -0.054147 0.000000 0.000000
vt -0.000000 0.000000 0.000000
vt -0.054147 0.300000 0.000000
vt -0.000000 0.300000 0.000000
vt -0.038169 0.000000 0.000000
vt -0.000000 0.000000 0.000000
vt -0.038169 0.300000 0.000000
vt -0.000000 0.300000 0.000000
vt -0.325557 0.000000 0.000000
vt -0.162778 0.000000 0.000000
vt -0.325557 0.300000 0.000000
vt -0.162778 0.300000 0.000000
vt -0.000000 0.000000 0.000000
vt -0.000000 0.300000 0.000000
vt -0.136025 0.000000 0.000000
vt -0.068012 0.000000 0.000000
vt -0.136025 0.300000 0.000000
vt -0.068012 0.300000 0.000000
vt -0.000000 0.000000 0.000000
vt -0.000000 0.300000 0.000000
vt -0.017976 0.000000 0.000000
vt -0.000000 0.000000 0.000000
vt -0.017976 0.300000 0.000000
vt 0.000000 0.300000 0.000000
vt -0.013161 0.000000 0.000000
vt -0.000000 0.000000 0.000000
vt -0.013161 0.300000 0.000000
vt -0.000000 0.300000 0.000000
vt -0.092329 0.000000 0.000000
vt -0.046165 0.000000 0.000000
vt -0.092329 0.300000 0.000000
vt -0.046165 0.300000 0.000000
vt -0.000000 0.000000 0.000000
vt -0.000000 0.300000 0.000000
vt -0.143364 0.000000 0.000000
vt -0.107523 0.000000 0.000000
vt -0.143364 0.300000 0.000000
vt -0.107523 0.300000 0.000000
vt -0.071682 0.000000 0.000000
vt -0.071682 0.300000 0.000000
vt -0.035841 0.000000 0.000000
vt -0.035841 0.300000 0.000000
vt -0.000000 0.000000 0.000000
vt -0.000000 0.300000 0.000000
vt -0.028823 0.000000 0.000000
vt -0.000000 0.000000 0.000000
vt -0.028823 0.300000 0.000000
vt -0.000000 0.300000 0.000000
vt -0.031505 0.000000 0.000000
vt -0.000000 0.000000 0.000000
vt -0.031505 0.300000 0.000000
vt -0.000000 0.300000 0.000000
vt -0.326508 0.000000 0.000000
vt -0.244881 0.000000 0.000000
vt -0.326508 0.300000 0.000000
vt -0.244881 0.300000 0.000000
vt -0.163254 0.000000 0.000000
vt -0.163254 0.300000 0.000000
vt -0.081627 0.000000 0.000000
vt -0.081627 0.300000 0.000000
vt -0.000000 0.000000 0.000000
vt -0.000000 0.300000 0.000000
vt -0.221555 0.000000 0.000000
vt -0.110778 0.000000 0.000000
vt -0.221555 0.300000 0.000000
vt -0.110778 0.300000 0.000000
vt -0.000000 0.000000 0.000000
vt -0.000000 0.300000 0.000000
vt -0.017749 0.000000 0.000000
vt -0.000000 0.000000 0.000000
vt -0.017749 0.300000 0.000000
vt -0.000000 0.300000 0.000000
vt -0.018413 0.000000 0.000000
vt -0.018413 0.020000 0.000000
vt -0.019007 0.000000 0.000000
vt -0.018413 0.040000 0.000000
vt -0.018413 0.060000 0.000000
vt -0.017819 0.040000 0.000000
vt -0.017819 0.060000 0.000000
vt -0.016631 0.040000 0.000000
vt -0.016631 0.060000 0.000000
vt -0.014255 0.040000 0.000000
vt -0.014255 0.060000 0.000000
vt -0.009504 0.040000 0.000000
vt -0.009504 0.060000 0.000000
vt -0.000000 0.000000 0.000000
vt -0.009504 0.080000 0.000000
vt -0.009504 0.100000 0.000000
vt -0.014255 0.100000 0.000000
vt -0.014255 0.120000 0.000000
vt -0.016631 0.120000 0.000000
vt -0.016631 0.140000 0.000000
vt -0.017819 0.140000 0.000000
vt -0.017819 0.160000 0.000000
vt -0.018413 0.160000 0.000000
vt -0.018413 0.180000 0.000000
vt -0.019007 0.300000 0.000000
vt -0.018413 0.200000 0.000000
vt -0.018413 0.220000 0.000000
vt -0.017819 0.200000 0.000000
vt -0.017819 0.220000 0.000000
vt -0.016631 0.200000 0.000000
vt -0.016631 0.220000 0.000000
vt -0.014255 0.200000 0.000000
vt -0.014255 0.220000 0.000000
vt -0.009504 0.200000 0.000000
vt -0.009504 0.220000 0.000000
vt -0.000000 0.300000 0.000000
vt -0.009504 0.240000 0.000000
vt -0.009504 0.260000 0.000000
vt -0.014255 0.260000 0.000000
vt -0.014255 0.280000 0.000000
vt -0.016631 0.280000 0.000000
vt -0.016631 0.300000 0.000000
vt -0.017819 0.300000 0.000000
vt -0.017819 0.000000 0.000000
vt -0.017819 0.020000 0.000000
vt -0.016631 0.000000 0.000000
vt -0.016631 0.020000 0.000000
vt -0.014255 0.000000 0.000000
vt -0.014255 0.020000 0.000000
vt -0.009504 0.000000 0.000000
vt -0.009504 0.020000 0.000000
vt -0.009504 0.140000 0.000000
vt -0.009504 0.120000 0.000000
vt -0.009504 0.280000 0.000000
vt -0.009504 0.300000 0.000000
vt -0.014255 0.300000 0.000000
vt -0.017819 0.280000 0.000000
vt -0.018413 0.300000 0.000000
vt -0.018413 0.280000 0.000000
vt -0.018413 0.260000 0.000000
vt -0.018413 0.240000 0.000000
vt -0.017819 0.240000 0.000000
vt -0.018413 0.140000 0.000000
vt -0.017819 0.120000 0.000000
vt -0.016631 0.100000 0.000000
vt -0.014255 0.080000 0.000000
vt -0.018413 0.080000 0.000000
vt -0.018413 0.100000 0.000000
vt -0.017819 0.080000 0.000000
vt -0.017819 0.100000 0.000000
vt -0.016631 0.080000 0.000000
vt -0.018413 0.120000 0.000000
vt -0.009504 0.180000 0.000000
vt -0.014255 0.180000 0.000000
vt -0.016631 0.180000 0.000000
vt -0.017819 0.180000 0.000000
vt -0.017819 0.260000 0.000000
vt -0.016631 0.260000 0.000000
vt -0.016631 0.240000 0.000000
vt -0.014255 0.140000 0.000000
vt -0.014255 0.160000 0.000000
vt -0.009504 0.160000 0.000000
vt -0.016631 0.160000 0.000000
vt -0.014255 0.240000 0.000000
vt -0.124145 0.000000 0.000000
vt -0.000000 0.000000 0.000000
vt -0.124145 0.300000 0.000000
vt -0.000000 0.300000 0.000000
vt -0.157345 0.000000 0.000000
vt -0.078673 0.000000 0.000000
vt -0.157345 0.300000 0.000000
vt -0.078673 0.300000 0.000000
vt -0.039336 0.000000 0.000000
vt -0.019668 0.000000 0.000000
vt -0.009834 0.000000 0.000000
vt -0.039336 0.300000 0.000000
vt -0.019668 0.300000 0.000000
vt -0.009834 0.300000 0.000000
vt -0.004917 0.000000 0.000000
vt -0.004917 0.300000 0.000000
vt -0.002459 0.000000 0.000000
vt -0.002459 0.300000 0.000000
vt -0.001229 0.000000 0.000000
vt -0.001229 0.300000 0.000000
vt -0.000615 0.000000 0.000000
vt -0.000615 0.300000 0.000000
vt -0.000307 0.000000 0.000000
vt -0.000307 0.300000 0.000000
vt -0.000000 0.000000 0.000000
vt -0.000000 0.300000 0.000000
vt -0.029230 0.000000 0.000000
vt -0.029116 0.000000 0.000000
vt -0.029230 0.300000 0.000000
vt -0.029002 0.000000 0.000000
vt -0.028774 0.000000 0.000000
vt -0.028317 0.000000 0.000000
vt -0.029116 0.300000 0.000000
vt -0.029002 0.300000 0.000000
vt -0.028774 0.300000 0.000000
vt -0.028317 0.300000 0.000000
vt -0.027404 0.000000 0.000000
vt -0.027404 0.300000 0.000000
vt -0.025577 0.000000 0.000000
vt -0.025577 0.300000 0.000000
vt -0.021923 0.000000 0.000000
vt -0.021923 0.300000 0.000000
vt -0.014615 0.000000 0.000000
vt -0.014615 0.300000 0.000000
vt -0.000000 0.000000 0.000000
vt -0.000000 0.300000 0.000000
vt -0.030044 0.000000 0.000000
vt -0.015022 0.000000 0.000000
vt -0.030044 0.300000 0.000000
vt -0.015022 0.300000 0.000000
vt -0.007511 0.000000 0.000000
vt -0.007511 0.300000 0.000000
vt -0.003756 0.000000 0.000000
vt -0.003756 0.300000 0.000000
vt -0.001878 0.000000 0.000000
vt -0.001878 0.300000 0.000000
vt -0.000939 0.000000 0.000000
vt -0.000939 0.300000 0.000000
vt -0.000000 0.000000 0.000000
vt -0.000000 0.300000 0.000000
vt -0.004345 0.000000 0.000000
vt -0.004345 0.005085 0.000000
vt -0.004486 0.000000 0.000000
vt -0.004345 0.010169 0.000000
vt -0.004345 0.015254 0.000000
vt -0.004205 0.010169 0.000000
vt -0.004205 0.015254 0.000000
vt -0.004065 0.010169 0.000000
vt -0.004065 0.015254 0.000000
vt -0.003925 0.010169 0.000000
vt -0.003925 0.015254 0.000000
vt -0.003785 0.010169 0.000000
vt -0.003785 0.015254 0.000000
vt -0.003644 0.010169 0.000000
vt -0.003644 0.015254 0.000000
vt -0.003364 0.010169 0.000000
vt -0.003364 0.015254 0.000000
vt -0.002803 0.010169 0.000000
vt -0.002803 0.015254 0.000000
vt -0.002243 0.010169 0.000000
vt -0.002243 0.015254 0.000000
vt -0.000000 0.000000 0.000000
vt -0.002243 0.020339 0.000000
vt -0.002243 0.025424 0.000000
vt -0.002803 0.025424 0.000000
vt -0.002803 0.030508 0.000000
vt -0.003364 0.030508 0.000000
vt -0.003364 0.035593 0.000000
vt -0.003644 0.035593 0.000000
vt -0.003644 0.040678 0.000000
vt -0.003785 0.040678 0.000000
vt -0.003785 0.045763 0.000000
vt -0.003925 0.045763 0.000000
vt -0.003925 0.050847 0.000000
vt -0.004065 0.050847 0.000000
vt -0.004065 0.055932 0.000000
vt -0.004205 0.055932 0.000000
vt -0.004205 0.061017 0.000000
vt -0.004345 0.061017 0.000000
vt -0.004345 0.066102 0.000000
vt -0.004345 0.071186 0.000000
vt -0.004345 0.076271 0.000000
vt -0.004205 0.071186 0.000000
vt -0.004205 0.076271 0.000000
vt -0.004065 0.071186 0.000000
vt -0.004065 0.076271 0.000000
vt -0.003925 0.071186 0.000000
vt -0.003925 0.076271 0.000000
vt -0.003785 0.071186 0.000000
vt -0.003785 0.076271 0.000000
vt -0.003644 0.071186 0.000000
vt -0.003644 0.076271 0.000000
vt -0.003364 0.071186 0.000000
vt -0.003364 0.076271 0.000000
vt -0.002803 0.071186 0.000000
vt -0.002803 0.076271 0.000000
vt -0.002243 0.071186 0.000000
vt -0.002243 0.076271 0.000000
vt -0.002243 0.081356 0.000000
vt -0.002243 0.086441 0.000000
vt -0.002803 0.086441 0.000000
vt -0.002803 0.091525 0.000000
vt -0.003364 0.091525 0.000000
vt -0.003364 0.096610 0.000000
vt -0.003644 0.096610 0.000000
vt -0.003644 0.101695 0.000000
vt -0.003785 0.101695 0.000000
vt -0.003785 0.106780 0.000000
vt -0.003925 0.106780 0.000000
vt -0.003925 0.111864 0.000000
vt -0.004065 0.111864 0.000000
vt -0.004065 0.116949 0.000000
vt -0.004205 0.116949 0.000000
vt -0.004205 0.122034 0.000000
vt -0.004345 0.122034 0.000000
vt -0.004345 0.127119 0.000000
vt -0.004345 0.132203 0.000000
vt -0.004345 0.137288 0.000000
vt -0.004205 0.132203 0.000000
vt -0.004205 0.137288 0.000000
vt -0.004065 0.132203 0.000000
vt -0.004065 0.137288 0.000000
vt -0.003925 0.132203 0.000000
vt -0.003925 0.137288 0.000000
vt -0.003785 0.132203 0.000000
vt -0.003785 0.137288 0.000000
vt -0.003644 0.132203 0.000000
vt -0.003644 0.137288 0.000000
vt -0.003364 0.132203 0.000000
vt -0.003364 0.137288 0.000000
vt -0.002803 0.132203 0.000000
vt -0.002803 0.137288 0.000000
vt -0.002243 0.132203 0.000000
vt -0.002243 0.137288 0.000000
vt -0.002243 0.142373 0.000000
vt -0.002243 0.147458 0.000000
vt -0.002803 0.147458 0.000000
vt -0.002803 0.152542 0.000000
vt -0.003364 0.152542 0.000000
vt -0.003364 0.157627 0.000000
vt -0.003644 0.157627 0.000000
vt -0.003644 0.162712 0.000000
vt -0.003785 0.162712 0.000000
vt -0.003785 0.167797 0.000000
vt -0.003925 0.167797 0.000000
vt -0.003925 0.172881 0.000000
vt -0.004065 0.172881 0.000000
vt -0.004065 0.177966 0.000000
vt -0.004205 0.177966 0.000000
vt -0.004205 0.183051 0.000000
vt -0.004345 0.183051 0.000000
vt -0.004345 0.188136 0.000000
vt -0.004486 0.300000 0.000000
vt -0.004345 0.193220 0.000000
vt -0.004345 0.198305 0.000000
vt -0.004205 0.193220 0.000000
vt -0.004205 0.198305 0.000000
vt -0.004065 0.193220 0.000000
vt -0.004065 0.198305 0.000000
vt -0.003925 0.193220 0.000000
vt -0.003925 0.198305 0.000000
vt -0.003785 0.193220 0.000000
vt -0.003785 0.198305 0.000000
vt -0.003644 0.193220 0.000000
vt -0.003644 0.198305 0.000000
vt -0.003364 0.193220 0.000000
vt -0.003364 0.198305 0.000000
vt -0.002803 0.193220 0.000000
vt -0.002803 0.198305 0.000000
vt -0.002243 0.193220 0.000000
vt -0.002243 0.198305 0.000000
vt -0.000000 0.300000 0.000000
vt -0.002243 0.203390 0.000000
vt -0.002243 0.208475 0.000000
vt -0.002803 0.208475 0.000000
vt -0.002803 0.213559 0.000000
vt -0.003364 0.213559 0.000000
vt -0.003364 0.218644 0.000000
vt -0.003644 0.218644 0.000000
vt -0.003644 0.223729 0.000000
vt -0.003785 0.223729 0.000000
vt -0.003785 0.228814 0.000000
vt -0.003925 0.228814 0.000000
vt -0.003925 0.233898 0.000000
vt -0.004065 0.233898 0.000000
vt -0.004065 0.238983 0.000000
vt -0.004205 0.238983 0.000000
vt -0.004205 0.244068 0.000000
vt -0.004345 0.244068 0.000000
vt -0.004345 0.249153 0.000000
vt -0.004345 0.254237 0.000000
vt -0.004345 0.259322 0.000000
vt -0.004205 0.254237 0.000000
vt -0.004205 0.259322 0.000000
vt -0.004065 0.254237 0.000000
vt -0.004065 0.259322 0.000000
vt -0.003925 0.254237 0.000000
vt -0.003925 0.259322 0.000000
vt -0.003785 0.254237 0.000000
vt -0.003785 0.259322 0.000000
vt -0.003644 0.254237 0.000000
vt -0.003644 0.259322 0.000000
vt -0.003364 0.254237 0.000000
vt -0.003364 0.259322 0.000000
vt -0.002803 0.254237 0.000000
vt -0.002803 0.259322 0.000000
vt -0.002243 0.254237 0.000000
vt -0.002243 0.259322 0.000000
vt -0.002243 0.264407 0.000000
vt -0.002243 0.269492 0.000000
vt -0.002803 0.269492 0.000000
vt -0.002803 0.274576 0.000000
vt -0.003364 0.274576 0.000000
vt -0.003364 0.279661 0.000000
vt -0.003644 0.279661 0.000000
vt -0.003644 0.284746 0.000000
vt -0.003785 0.284746 0.000000
vt -0.003785 0.289831 0.000000
vt -0.003925 0.289831 0.000000
vt -0.003925 0.294915 0.000000
vt -0.004065 0.294915 0.000000
vt -0.004065 0.300000 0.000000
vt -0.004205 0.300000 0.000000
vt -0.004205 0.000000 0.000000
vt -0.004205 0.005085 0.000000
vt -0.004065 0.000000 0.000000
vt -0.004065 0.005085 0.000000
vt -0.003925 0.000000 0.000000
vt -0.003925 0.005085 0.000000
vt -0.003785 0.000000 0.000000
vt -0.003785 0.005085 0.000000
vt -0.003644 0.000000 0.000000
vt -0.003644 0.005085 0.000000
vt -0.003364 0.000000 0.000000
vt -0.003364 0.005085 0.000000
vt -0.002803 0.000000 0.000000
vt -0.002803 0.005085 0.000000
vt -0.002243 0.000000 0.000000
vt -0.002243 0.005085 0.000000
vt -0.002243 0.152542 0.000000
vt -0.002803 0.157627 0.000000
vt -0.003364 0.162712 0.000000
vt -0.003644 0.167797 0.000000
vt -0.003785 0.172881 0.000000
vt -0.003925 0.177966 0.000000
vt -0.004065 0.183051 0.000000
vt -0.004205 0.188136 0.000000
vt -0.002243 0.300000 0.000000
vt -0.002243 0.294915 0.000000
vt -0.002243 0.289831 0.000000
vt -0.002243 0.284746 0.000000
vt -0.002803 0.289831 0.000000
vt -0.002803 0.284746 0.000000
vt -0.003364 0.289831 0.000000
vt -0.003364 0.284746 0.000000
vt -0.003644 0.289831 0.000000
vt -0.002803 0.300000 0.000000
vt -0.002803 0.294915 0.000000
vt -0.003364 0.300000 0.000000
vt -0.003364 0.294915 0.000000
vt -0.003644 0.300000 0.000000
vt -0.003644 0.294915 0.000000
vt -0.003785 0.300000 0.000000
vt -0.003785 0.294915 0.000000
vt -0.003925 0.300000 0.000000
vt -0.004205 0.294915 0.000000
vt -0.004345 0.300000 0.000000
vt -0.004345 0.294915 0.000000
vt -0.004345 0.289831 0.000000
vt -0.004345 0.284746 0.000000
vt -0.004205 0.284746 0.000000
vt -0.004205 0.279661 0.000000
vt -0.004065 0.279661 0.000000
vt -0.004065 0.274576 0.000000
vt -0.003925 0.274576 0.000000
vt -0.003925 0.269492 0.000000
vt -0.003785 0.269492 0.000000
vt -0.003785 0.264407 0.000000
vt -0.003644 0.264407 0.000000
vt -0.004345 0.152542 0.000000
vt -0.004345 0.157627 0.000000
vt -0.004345 0.162712 0.000000
vt -0.004205 0.157627 0.000000
vt -0.004205 0.162712 0.000000
vt -0.004065 0.157627 0.000000
vt -0.004065 0.162712 0.000000
vt -0.003925 0.157627 0.000000
vt -0.003925 0.162712 0.000000
vt -0.003785 0.157627 0.000000
vt -0.004345 0.020339 0.000000
vt -0.004345 0.025424 0.000000
vt -0.004205 0.020339 0.000000
vt -0.004205 0.025424 0.000000
vt -0.004065 0.020339 0.000000
vt -0.004065 0.025424 0.000000
vt -0.003925 0.020339 0.000000
vt -0.003925 0.025424 0.000000
vt -0.003785 0.020339 0.000000
vt -0.003785 0.025424 0.000000
vt -0.003644 0.020339 0.000000
vt -0.003644 0.025424 0.000000
vt -0.003364 0.020339 0.000000
vt -0.003364 0.025424 0.000000
vt -0.002803 0.020339 0.000000
vt -0.004345 0.030508 0.000000
vt -0.004205 0.030508 0.000000
vt -0.004065 0.030508 0.000000
vt -0.003925 0.030508 0.000000
vt -0.003785 0.030508 0.000000
vt -0.003644 0.030508 0.000000
vt -0.004345 0.040678 0.000000
vt -0.004345 0.045763 0.000000
vt -0.004205 0.040678 0.000000
vt -0.004205 0.045763 0.000000
vt -0.004065 0.040678 0.000000
vt -0.004065 0.045763 0.000000
vt -0.003925 0.040678 0.000000
vt -0.004345 0.050847 0.000000
vt -0.004205 0.050847 0.000000
vt -0.004345 0.081356 0.000000
vt -0.004345 0.086441 0.000000
vt -0.004205 0.081356 0.000000
vt -0.004205 0.086441 0.000000
vt -0.004065 0.081356 0.000000
vt -0.004065 0.086441 0.000000
vt -0.003925 0.081356 0.000000
vt -0.003925 0.086441 0.000000
vt -0.003785 0.081356 0.000000
vt -0.003785 0.086441 0.000000
vt -0.003644 0.081356 0.000000
vt -0.003644 0.086441 0.000000
vt -0.003364 0.081356 0.000000
vt -0.003364 0.086441 0.000000
vt -0.002803 0.081356 0.000000
vt -0.004345 0.091525 0.000000
vt -0.004205 0.091525 0.000000
vt -0.004065 0.091525 0.000000
vt -0.003925 0.091525 0.000000
vt -0.003785 0.091525 0.000000
vt -0.003644 0.091525 0.000000
vt -0.004345 0.101695 0.000000
vt -0.004345 0.106780 0.000000
vt -0.004205 0.101695 0.000000
vt -0.004205 0.106780 0.000000
vt -0.004065 0.101695 0.000000
vt -0.004065 0.106780 0.000000
vt -0.003925 0.101695 0.000000
vt -0.004345 0.111864 0.000000
vt -0.004205 0.111864 0.000000
vt -0.004345 0.142373 0.000000
vt -0.004345 0.147458 0.000000
vt -0.004205 0.142373 0.000000
vt -0.004205 0.147458 0.000000
vt -0.004065 0.142373 0.000000
vt -0.004065 0.147458 0.000000
vt -0.003925 0.142373 0.000000
vt -0.003925 0.147458 0.000000
vt -0.003785 0.142373 0.000000
vt -0.003785 0.147458 0.000000
vt -0.003644 0.142373 0.000000
vt -0.003644 0.147458 0.000000
vt -0.003364 0.142373 0.000000
vt -0.003364 0.147458 0.000000
vt -0.002803 0.142373 0.000000
vt -0.004205 0.152542 0.000000
vt -0.004065 0.152542 0.000000
vt -0.003925 0.152542 0.000000
vt -0.003785 0.152542 0.000000
vt -0.003644 0.152542 0.000000
vt -0.004345 0.167797 0.000000
vt -0.004205 0.167797 0.000000
vt -0.004065 0.167797 0.000000
vt -0.004345 0.177966 0.000000
vt -0.004345 0.172881 0.000000
vt -0.004345 0.203390 0.000000
vt -0.004205 0.203390 0.000000
vt -0.004065 0.203390 0.000000
vt -0.003925 0.203390 0.000000
vt -0.003785 0.203390 0.000000
vt -0.003644 0.203390 0.000000
vt -0.003364 0.203390 0.000000
vt -0.002803 0.203390 0.000000
vt -0.004345 0.208475 0.000000
vt -0.004205 0.208475 0.000000
vt -0.004065 0.208475 0.000000
vt -0.003925 0.208475 0.000000
vt -0.003785 0.208475 0.000000
vt -0.003644 0.208475 0.000000
vt -0.003364 0.208475 0.000000
vt -0.004345 0.218644 0.000000
vt -0.004345 0.223729 0.000000
vt -0.004205 0.218644 0.000000
vt -0.004205 0.223729 0.000000
vt -0.004065 0.218644 0.000000
vt -0.004065 0.223729 0.000000
vt -0.003925 0.218644 0.000000
vt -0.003925 0.223729 0.000000
vt -0.003785 0.218644 0.000000
vt -0.004345 0.228814 0.000000
vt -0.004205 0.228814 0.000000
vt -0.004065 0.228814 0.000000
vt -0.004345 0.238983 0.000000
vt -0.004345 0.233898 0.000000
vt -0.004345 0.264407 0.000000
vt -0.004205 0.264407 0.000000
vt -0.004065 0.264407 0.000000
vt -0.003925 0.264407 0.000000
vt -0.004345 0.269492 0.000000
vt -0.004205 0.269492 0.000000
vt -0.004065 0.269492 0.000000
vt -0.004345 0.279661 0.000000
vt -0.004345 0.274576 0.000000
vt -0.002243 0.030508 0.000000
vt -0.002243 0.035593 0.000000
vt -0.002243 0.040678 0.000000
vt -0.002803 0.040678 0.000000
vt -0.002803 0.045763 0.000000
vt -0.003364 0.045763 0.000000
vt -0.003364 0.050847 0.000000
vt -0.003644 0.050847 0.000000
vt -0.003644 0.055932 0.000000
vt -0.003785 0.055932 0.000000
vt -0.003785 0.061017 0.000000
vt -0.003925 0.061017 0.000000
vt -0.003925 0.066102 0.000000
vt -0.004065 0.066102 0.000000
vt -0.002243 0.050847 0.000000
vt -0.002243 0.055932 0.000000
vt -0.002243 0.061017 0.000000
vt -0.002803 0.061017 0.000000
vt -0.002803 0.066102 0.000000
vt -0.003364 0.066102 0.000000
vt -0.002243 0.091525 0.000000
vt -0.002243 0.096610 0.000000
vt -0.002243 0.101695 0.000000
vt -0.002803 0.101695 0.000000
vt -0.002803 0.106780 0.000000
vt -0.003364 0.106780 0.000000
vt -0.003364 0.111864 0.000000
vt -0.003644 0.111864 0.000000
vt -0.003644 0.116949 0.000000
vt -0.003785 0.116949 0.000000
vt -0.003785 0.122034 0.000000
vt -0.003925 0.122034 0.000000
vt -0.003925 0.127119 0.000000
vt -0.004065 0.127119 0.000000
vt -0.002243 0.111864 0.000000
vt -0.002243 0.116949 0.000000
vt -0.002243 0.122034 0.000000
vt -0.002803 0.122034 0.000000
vt -0.002803 0.127119 0.000000
vt -0.003364 0.127119 0.000000
vt -0.002243 0.157627 0.000000
vt -0.002243 0.162712 0.000000
vt -0.002243 0.167797 0.000000
vt -0.002803 0.167797 0.000000
vt -0.002803 0.172881 0.000000
vt -0.003364 0.172881 0.000000
vt -0.003364 0.177966 0.000000
vt -0.003644 0.177966 0.000000
vt -0.003644 0.183051 0.000000
vt -0.003785 0.183051 0.000000
vt -0.003785 0.188136 0.000000
vt -0.003925 0.188136 0.000000
vt -0.002243 0.172881 0.000000
vt -0.002243 0.177966 0.000000
vt -0.002803 0.177966 0.000000
vt -0.002803 0.183051 0.000000
vt -0.003364 0.183051 0.000000
vt -0.003364 0.188136 0.000000
vt -0.003644 0.188136 0.000000
vt -0.002243 0.188136 0.000000
vt -0.002803 0.188136 0.000000
vt -0.002243 0.213559 0.000000
vt -0.002243 0.218644 0.000000
vt -0.002803 0.218644 0.000000
vt -0.002803 0.223729 0.000000
vt -0.003364 0.223729 0.000000
vt -0.003364 0.228814 0.000000
vt -0.003644 0.228814 0.000000
vt -0.003644 0.233898 0.000000
vt -0.003785 0.233898 0.000000
vt -0.003785 0.238983 0.000000
vt -0.003925 0.238983 0.000000
vt -0.003925 0.244068 0.000000
vt -0.004065 0.244068 0.000000
vt -0.004065 0.249153 0.000000
vt -0.004205 0.249153 0.000000
vt -0.002243 0.228814 0.000000
vt -0.002243 0.233898 0.000000
vt -0.002243 0.238983 0.000000
vt -0.002803 0.238983 0.000000
vt -0.002803 0.244068 0.000000
vt -0.003364 0.244068 0.000000
vt -0.003364 0.249153 0.000000
vt -0.003644 0.249153 0.000000
vt -0.002243 0.249153 0.000000
vt -0.002803 0.249153 0.000000
vt -0.002243 0.274576 0.000000
vt -0.002243 0.279661 0.000000
vt -0.002803 0.279661 0.000000
vt -0.004205 0.289831 0.000000
vt -0.004065 0.289831 0.000000
vt -0.004065 0.284746 0.000000
vt -0.004345 0.035593 0.000000
vt -0.004205 0.035593 0.000000
vt -0.004065 0.035593 0.000000
vt -0.003925 0.035593 0.000000
vt -0.003785 0.035593 0.000000
vt -0.004345 0.055932 0.000000
vt -0.002803 0.035593 0.000000
vt -0.003364 0.040678 0.000000
vt -0.003644 0.045763 0.000000
vt -0.003785 0.050847 0.000000
vt -0.003925 0.055932 0.000000
vt -0.004065 0.061017 0.000000
vt -0.004205 0.066102 0.000000
vt -0.002243 0.045763 0.000000
vt -0.002803 0.050847 0.000000
vt -0.002803 0.055932 0.000000
vt -0.004345 0.096610 0.000000
vt -0.004205 0.096610 0.000000
vt -0.004065 0.096610 0.000000
vt -0.003925 0.096610 0.000000
vt -0.003785 0.096610 0.000000
vt -0.003364 0.055932 0.000000
vt -0.003644 0.061017 0.000000
vt -0.003785 0.066102 0.000000
vt -0.003364 0.061017 0.000000
vt -0.004345 0.116949 0.000000
vt -0.003644 0.066102 0.000000
vt -0.002243 0.066102 0.000000
vt -0.002803 0.096610 0.000000
vt -0.003364 0.101695 0.000000
vt -0.003644 0.106780 0.000000
vt -0.003785 0.111864 0.000000
vt -0.003925 0.116949 0.000000
vt -0.004065 0.122034 0.000000
vt -0.004205 0.127119 0.000000
vt -0.002243 0.106780 0.000000
vt -0.002803 0.111864 0.000000
vt -0.002803 0.116949 0.000000
vt -0.004345 0.213559 0.000000
vt -0.004205 0.213559 0.000000
vt -0.004065 0.213559 0.000000
vt -0.003925 0.213559 0.000000
vt -0.003785 0.213559 0.000000
vt -0.003644 0.213559 0.000000
vt -0.003364 0.116949 0.000000
vt -0.003644 0.122034 0.000000
vt -0.003785 0.127119 0.000000
vt -0.003364 0.122034 0.000000
vt -0.003644 0.127119 0.000000
vt -0.002243 0.127119 0.000000
vt -0.002803 0.162712 0.000000
vt -0.003364 0.167797 0.000000
vt -0.003644 0.172881 0.000000
vt -0.003785 0.177966 0.000000
vt -0.003925 0.183051 0.000000
vt -0.004065 0.188136 0.000000
vt -0.004205 0.172881 0.000000
vt -0.002243 0.183051 0.000000
vt -0.002243 0.223729 0.000000
vt -0.002803 0.228814 0.000000
vt -0.002803 0.233898 0.000000
vt -0.003364 0.233898 0.000000
vt -0.003644 0.238983 0.000000
vt -0.003785 0.244068 0.000000
vt -0.003925 0.249153 0.000000
vt -0.004205 0.233898 0.000000
vt -0.003364 0.238983 0.000000
vt -0.003644 0.244068 0.000000
vt -0.003785 0.249153 0.000000
vt -0.002243 0.244068 0.000000
vt -0.002803 0.264407 0.000000
vt -0.003364 0.264407 0.000000
vt -0.003364 0.269492 0.000000
vt -0.003644 0.269492 0.000000
vt -0.003785 0.274576 0.000000
vt -0.003925 0.279661 0.000000
vt -0.003644 0.274576 0.000000
vt -0.004205 0.274576 0.000000
vt -0.003785 0.279661 0.000000
vt -0.003925 0.284746 0.000000
vt -0.094004 0.000000 0.000000
vt -0.000000 0.000000 0.000000
vt -0.094004 0.300000 0.000000
vt -0.000000 0.300000 0.000000
vt -0.182564 0.000000 0.000000
vt -0.091282 0.000000 0.000000
vt -0.182564 0.300000 0.000000
vt -0.091282 0.300000 0.000000
vt -0.045641 0.000000 0.000000
vt -0.045641 0.300000 0.000000
vt -0.022820 0.000000 0.000000
vt -0.022820 0.300000 0.000000
vt -0.011410 0.000000 0.000000
vt -0.011410 0.300000 0.000000
vt -0.005705 0.000000 0.000000
vt -0.005705 0.300000 0.000000
vt -0.002853 0.000000 0.000000
vt -0.002853 0.300000 0.000000
vt -0.001426 0.000000 0.000000
vt -0.001426 0.300000 0.000000
vt -0.000000 0.000000 0.000000
vt -0.000000 0.300000 0.000000
vt -0.078475 0.000000 0.000000
vt -0.078322 0.000000 0.000000
vt -0.078475 0.300000 0.000000
vt -0.078169 0.000000 0.000000
vt -0.078015 0.000000 0.000000
vt -0.077862 0.000000 0.000000
vt -0.077555 0.000000 0.000000
vt -0.077249 0.000000 0.000000
vt -0.076023 0.000000 0.000000
vt -0.078322 0.300000 0.000000
vt -0.078169 0.300000 0.000000
vt -0.078015 0.300000 0.000000
vt -0.077862 0.300000 0.000000
vt -0.077555 0.300000 0.000000
vt -0.073570 0.000000 0.000000
vt -0.077249 0.300000 0.000000
vt -0.076023 0.300000 0.000000
vt -0.073570 0.300000 0.000000
vt -0.068666 0.000000 0.000000
vt -0.068666 0.300000 0.000000
vt -0.058856 0.000000 0.000000
vt -0.058856 0.300000 0.000000
vt -0.039238 0.000000 0.000000
vt -0.039238 0.300000 0.000000
vt -0.000000 0.000000 0.000000
vt -0.000000 0.300000 0.000000
vt -0.078798 0.000000 0.000000
vt -0.039399 0.000000 0.000000
vt -0.078798 0.300000 0.000000
vt -0.019699 0.000000 0.000000
vt -0.009850 0.000000 0.000000
vt -0.004925 0.000000 0.000000
vt -0.002462 0.000000 0.000000
vt -0.039399 0.300000 0.000000
vt -0.019699 0.300000 0.000000
vt -0.009850 0.300000 0.000000
vt -0.004925 0.300000 0.000000
vt -0.002462 0.300000 0.000000
vt -0.001231 0.000000 0.000000
vt -0.001231 0.300000 0.000000
vt -0.000616 0.000000 0.000000
vt -0.000616 0.300000 0.000000
vt -0.000308 0.000000 0.000000
vt -0.000308 0.300000 0.000000
vt -0.000154 0.000000 0.000000
vt -0.000154 0.300000 0.000000
vt -0.000000 0.000000 0.000000
vt -0.000000 0.300000 0.000000
vt -0.008443 0.000000 0.000000
vt -0.008312 0.000000 0.000000
vt -0.008443 0.300000 0.000000
vt -0.008312 0.300000 0.000000
vt -0.008180 0.000000 0.000000
vt -0.008180 0.300000 0.000000
vt -0.007916 0.000000 0.000000
vt -0.007916 0.300000 0.000000
vt -0.007388 0.000000 0.000000
vt -0.007388 0.300000 0.000000
vt -0.006333 0.000000 0.000000
vt -0.006333 0.300000 0.000000
vt -0.004222 0.000000 0.000000
vt -0.004222 0.300000 0.000000
vt -0.000000 0.000000 0.000000
vt -0.000000 0.300000 0.000000
vt -0.076589 0.000000 0.000000
vt -0.000000 0.000000 0.000000
vt -0.076589 0.300000 0.000000
vt -0.000000 0.300000 0.000000
vt -0.242941 0.000000 0.000000
vt -0.000000 0.000000 0.000000
vt -0.242941 0.300000 0.000000
vt -0.000000 0.300000 0.000000
vt -0.054517 0.000000 0.000000
vt -0.051109 0.000000 0.000000
vt -0.054517 0.300000 0.000000
vt -0.049406 0.000000 0.000000
vt -0.048554 0.000000 0.000000
vt -0.047702 0.000000 0.000000
vt -0.046850 0.000000 0.000000
vt -0.046424 0.000000 0.000000
vt -0.045998 0.000000 0.000000
vt -0.045573 0.000000 0.000000
vt -0.045147 0.000000 0.000000
vt -0.044295 0.000000 0.000000
vt -0.043443 0.000000 0.000000
vt -0.051109 0.300000 0.000000
vt -0.042591 0.000000 0.000000
vt -0.049406 0.300000 0.000000
vt -0.048554 0.300000 0.000000
vt -0.047702 0.300000 0.000000
vt -0.046850 0.300000 0.000000
vt -0.046424 0.300000 0.000000
vt -0.045998 0.300000 0.000000
vt -0.045573 0.300000 0.000000
vt -0.045147 0.300000 0.000000
vt -0.044295 0.300000 0.000000
vt -0.043443 0.300000 0.000000
vt -0.042591 0.300000 0.000000
vt -0.040888 0.000000 0.000000
vt -0.040888 0.300000 0.000000
vt -0.034073 0.000000 0.000000
vt -0.034073 0.300000 0.000000
vt -0.027258 0.000000 0.000000
vt -0.027258 0.300000 0.000000
vt -0.000000 0.000000 0.000000
vt -0.000000 0.300000 0.000000
vt -0.095995 0.000000 0.000000
vt -0.047998 0.000000 0.000000
vt -0.095995 0.300000 0.000000
vt -0.047998 0.300000 0.000000
vt -0.000000 0.000000 0.000000
vt -0.000000 0.300000 0.000000
vt -0.114151 0.000000 0.000000
vt -0.000000 0.000000 0.000000
vt -0.114151 0.300000 0.000000
vt -0.000000 0.300000 0.000000
vt -0.179472 0.000000 0.000000
vt -0.089736 0.000000 0.000000
vt -0.179472 0.300000 0.000000
vt -0.089736 0.300000 0.000000
vt -0.000000 0.000000 0.000000
vt -0.000000 0.300000 0.000000
vt -0.044648 0.000000 0.000000
vt -0.000000 0.000000 0.000000
vt -0.044648 0.300000 0.000000
vt -0.000000 0.300000 0.000000
vt -0.005225 0.000000 0.000000
vt -0.000000 0.000000 0.000000
vt -0.005225 0.300000 0.000000
vt -0.000000 0.300000 0.000000
vt -0.009414 0.000000 0.000000
vt -0.000000 0.000000 0.000000
vt -0.009414 0.300000 0.000000
vt 0.000000 0.300000 0.000000
vt -0.044204 0.300000 0.000000
vt -0.044204 0.000000 0.000000
vt -0.033153 0.150000 0.000000
vt -0.033153 0.000000 0.000000
vt -0.027627 0.000000 0.000000
vt -0.027627 0.150000 0.000000
vt -0.022102 0.000000 0.000000
vt -0.022102 0.150000 0.000000
vt -0.016576 0.000000 0.000000
vt -0.016576 0.150000 0.000000
vt -0.011051 0.000000 0.000000
vt -0.011051 0.150000 0.000000
vt -0.005525 0.000000 0.000000
vt -0.005525 0.150000 0.000000
vt -0.000000 0.000000 0.000000
vt -0.000000 0.300000 0.000000
vt -0.005525 0.300000 0.000000
vt -0.011051 0.300000 0.000000
vt -0.016576 0.300000 0.000000
vt -0.022102 0.300000 0.000000
vt -0.027627 0.300000 0.000000
vt -0.033153 0.300000 0.000000
vt -0.081332 0.000000 0.000000
vt -0.071166 0.000000 0.000000
vt -0.081332 0.300000 0.000000
vt -0.071166 0.300000 0.000000
vt -0.060999 0.000000 0.000000
vt -0.060999 0.300000 0.000000
vt -0.040666 0.000000 0.000000
vt -0.040666 0.300000 0.000000
vt -0.000000 0.000000 0.000000
vt -0.000000 0.300000 0.000000
vt -0.031210 0.000000 0.000000
vt -0.015605 0.000000 0.000000
vt -0.031210 0.300000 0.000000
vt -0.015605 0.300000 0.000000
vt -0.000000 0.000000 0.000000
vt -0.000000 0.300000 0.000000
vt -0.031963 0.000000 0.000000
vt -0.030964 0.000000 0.000000
vt -0.031963 0.300000 0.000000
vt -0.029965 0.000000 0.000000
vt -0.028966 0.000000 0.000000
vt -0.027968 0.000000 0.000000
vt -0.030964 0.300000 0.000000
vt -0.029965 0.300000 0.000000
vt -0.028966 0.300000 0.000000
vt -0.027968 0.300000 0.000000
vt -0.026969 0.000000 0.000000
vt -0.026969 0.300000 0.000000
vt -0.025970 0.000000 0.000000
vt -0.025970 0.300000 0.000000
vt -0.023972 0.000000 0.000000
vt -0.023972 0.300000 0.000000
vt -0.015982 0.000000 0.000000
vt -0.015982 0.300000 0.000000
vt -0.000000 0.000000 0.000000
vt -0.000000 0.300000 0.000000
vt -0.051316 0.000000 0.000000
vt -0.000000 0.000000 0.000000
vt -0.051316 0.300000 0.000000
vt -0.000000 0.300000 0.000000
vt -0.014032 0.000000 0.000000
vt -0.007016 0.000000 0.000000
vt -0.014032 0.300000 0.000000
vt -0.007016 0.300000 0.000000
vt -0.000000 0.000000 0.000000
vt -0.000000 0.300000 0.000000
vt -0.049114 0.000000 0.000000
vt -0.024557 0.000000 0.000000
vt -0.049114 0.300000 0.000000
vt -0.024557 0.300000 0.000000
vt -0.000000 0.000000 0.000000
vt -0.000000 0.300000 0.000000
vt -0.046489 0.000000 0.000000
vt -0.023244 0.000000 0.000000
vt -0.046489 0.300000 0.000000
vt -0.023244 0.300000 0.000000
vt -0.000000 0.000000 0.000000
vt -0.000000 0.300000 0.000000
vt -0.022511 0.000000 0.000000
vt -0.011255 0.000000 0.000000
vt -0.022511 0.300000 0.000000
vt -0.011255 0.300000 0.000000
vt -0.000000 0.000000 0.000000
vt -0.000000 0.300000 0.000000
vt -0.101004 0.000000 0.000000
vt -0.075753 0.000000 0.000000
vt -0.101004 0.300000 0.000000
vt -0.075753 0.300000 0.000000
vt -0.063128 0.000000 0.000000
vt -0.063128 0.300000 0.000000
vt -0.050502 0.000000 0.000000
vt -0.050502 0.300000 0.000000
vt -0.037877 0.000000 0.000000
vt -0.037877 0.300000 0.000000
vt -0.025251 0.000000 0.000000
vt -0.025251 0.300000 0.000000
vt -0.012626 0.000000 0.000000
vt -0.012626 0.300000 0.000000
vt -0.000000 0.000000 0.000000
vt -0.000000 0.300000 0.000000
vt -0.056882 0.000000 0.000000
vt -0.028441 0.000000 0.000000
vt -0.056882 0.300000 0.000000
vt -0.028441 0.300000 0.000000
vt -0.000000 0.000000 0.000000
vt -0.000000 0.300000 0.000000
vt -0.113843 0.000000 0.000000
vt -0.099612 0.000000 0.000000
vt -0.113843 0.300000 0.000000
vt -0.099612 0.300000 0.000000
vt -0.085382 0.000000 0.000000
vt -0.085382 0.300000 0.000000
vt -0.056921 0.000000 0.000000
vt -0.056921 0.300000 0.000000
vt -0.028461 0.000000 0.000000
vt -0.028461 0.300000 0.000000
vt -0.000000 0.000000 0.000000
vt -0.000000 0.300000 0.000000
vt -0.050349 0.000000 0.000000
vt -0.000000 0.000000 0.000000
vt -0.050349 0.300000 0.000000
vt -0.000000 0.300000 0.000000
vt -0.019801 0.000000 0.000000
vt -0.000000 0.000000 0.000000
vt -0.019801 0.300000 0.000000
vt -0.000000 0.300000 0.000000
vt -0.003281 0.000000 0.000000
vt -0.000000 0.000000 0.000000
vt -0.003281 0.300000 0.000000
vt -0.000000 0.300000 0.000000
vt -0.014574 0.000000 0.000000
vt -0.000000 0.000000 0.000000
vt -0.014574 0.300000 0.000000
vt -0.000000 0.300000 0.000000
vt -0.130494 0.000000 0.000000
vt -0.000000 0.000000 0.000000
vt -0.130494 0.300000 0.000000
vt -0.000000 0.300000 0.000000
vt -0.198001 0.000000 0.000000
vt -0.099000 0.000000 0.000000
vt -0.198001 0.300000 0.000000
vt -0.099000 0.300000 0.000000
vt -0.049500 0.000000 0.000000
vt -0.049500 0.300000 0.000000
vt -0.000000 0.000000 0.000000
vt -0.000000 0.300000 0.000000
vt -0.063993 0.000000 0.000000
vt -0.000000 0.000000 0.000000
vt -0.063993 0.300000 0.000000
vt -0.000000 0.300000 0.000000
vt -0.055544 0.000000 0.000000
vt -0.000000 0.000000 0.000000
vt -0.055544 0.300000 0.000000
vt -0.000000 0.300000 0.000000
vt -0.179041 0.000000 0.000000
vt -0.089521 0.000000 0.000000
vt -0.179041 0.300000 0.000000
vt -0.089521 0.300000 0.000000
vt -0.000000 0.000000 0.000000
vt -0.000000 0.300000 0.000000
vt -0.046547 0.000000 0.000000
vt -0.000000 0.000000 0.000000
vt -0.046547 0.300000 0.000000
vt -0.000000 0.300000 0.000000
vt -0.066564 0.000000 0.000000
vt -0.000000 0.000000 0.000000
vt -0.066564 0.300000 0.000000
vt -0.000000 0.300000 0.000000
vt -0.139943 0.000000 0.000000
vt -0.000000 0.000000 0.000000
vt -0.139943 0.300000 0.000000
vt -0.000000 0.300000 0.000000
vt -0.071546 0.000000 0.000000
vt -0.000000 0.000000 0.000000
vt -0.071546 0.300000 0.000000
vt -0.000000 0.300000 0.000000
vt -0.045553 0.000000 0.000000
vt -0.022777 0.000000 0.000000
vt -0.045553 0.300000 0.000000
vt -0.022777 0.300000 0.000000
vt -0.000000 0.000000 0.000000
vt -0.000000 0.300000 0.000000
vt -0.044105 0.000000 0.000000
vt -0.000000 0.000000 0.000000
vt -0.044105 0.300000 0.000000
vt -0.000000 0.300000 0.000000
vt -0.029708 0.000000 0.000000
vt -0.014854 0.000000 0.000000
vt -0.029708 0.300000 0.000000
vt -0.007427 0.000000 0.000000
vt -0.005570 0.000000 0.000000
vt -0.004642 0.000000 0.000000
vt -0.003714 0.000000 0.000000
vt -0.002785 0.000000 0.000000
vt -0.002321 0.000000 0.000000
vt -0.014854 0.300000 0.000000
vt -0.007427 0.300000 0.000000
vt -0.005570 0.300000 0.000000
vt -0.004642 0.300000 0.000000
vt -0.003714 0.300000 0.000000
vt -0.001857 0.000000 0.000000
vt -0.002785 0.300000 0.000000
vt -0.002321 0.300000 0.000000
vt -0.001857 0.300000 0.000000
vt -0.001393 0.000000 0.000000
vt -0.001393 0.300000 0.000000
vt -0.000928 0.000000 0.000000
vt -0.000928 0.300000 0.000000
vt -0.000464 0.000000 0.000000
vt -0.000464 0.300000 0.000000
vt -0.000000 0.000000 0.000000
vt -0.000000 0.300000 0.000000
vt -0.036433 0.000000 0.000000
vt -0.000000 0.000000 0.000000
vt -0.036433 0.300000 0.000000
vt -0.000000 0.300000 0.000000
vt 1.100000 4.050000 0.000000
vt 1.050000 4.000000 0.000000
vt 1.100000 3.250000 0.000000
vt 1.050000 3.300000 0.000000
vt 0.350000 3.300000 0.000000
vt 0.300000 4.050000 0.000000
vt 0.350000 4.000000 0.000000
vt 0.300000 3.250000 0.000000
vt -0.050000 -0.400000 0.000000
vt 0.000000 -0.400000 0.000000
vt -0.050000 0.400000 0.000000
vt 0.000000 0.400000 0.000000
vt 0.050000 0.400000 0.000000
vt 0.000000 0.400000 0.000000
vt 0.050000 -0.400000 0.000000
vt 0.000000 -0.400000 0.000000
vt 0.050000 0.400000 0.000000
vt 0.000000 0.400000 0.000000
vt 0.050000 -0.400000 0.000000
vt 0.000000 -0.400000 0.000000
vt -0.050000 -0.400000 0.000000
vt 0.000000 -0.400000 0.000000
vt -0.050000 0.400000 0.000000
vt 0.000000 0.400000 0.000000
vt -0.050000 -0.350000 0.000000
vt 0.000000 -0.350000 0.000000
vt -0.050000 0.350000 0.000000
vt 0.000000 0.350000 0.000000
vt -0.050000 -0.350000 0.000000
vt 0.000000 -0.350000 0.000000
vt -0.050000 0.350000 0.000000
vt 0.000000 0.350000 0.000000
vt 0.050000 0.350000 0.000000
vt 0.000000 0.350000 0.000000
vt 0.050000 -0.350000 0.000000
vt 0.000000 -0.350000 0.000000
vt 0.050000 0.350000 0.000000
vt 0.000000 0.350000 0.000000
vt 0.050000 -0.350000 0.000000
vt 0.000000 -0.350000 0.000000
vt 0.614393 3.836820 0.000000
vt 0.600819 3.790246 0.000000
vt 0.631924 3.825171 0.000000
vt 0.607327 3.780604 0.000000
vt 0.612705 3.770441 0.000000
vt 0.590095 3.799129 0.000000
vt 0.595861 3.845630 0.000000
vt 0.578523 3.806028 0.000000
vt 0.575741 3.849931 0.000000
vt 0.565537 3.809629 0.000000
vt 0.554707 3.851637 0.000000
vt 0.551705 3.811255 0.000000
vt 0.540662 3.810298 0.000000
vt 0.525781 3.848325 0.000000
vt 0.530019 3.808092 0.000000
vt 0.520055 3.803770 0.000000
vt 0.498875 3.840631 0.000000
vt 0.510505 3.798158 0.000000
vt 0.486743 3.833916 0.000000
vt 0.498968 3.787613 0.000000
vt 0.475399 3.825493 0.000000
vt 0.488792 3.776046 0.000000
vt 0.454025 3.805798 0.000000
vt 0.480755 3.762869 0.000000
vt 0.473943 3.748772 0.000000
vt 0.433312 3.766439 0.000000
vt 0.467464 3.726137 0.000000
vt 0.418693 3.725376 0.000000
vt 0.462801 3.703206 0.000000
vt 0.412636 3.681920 0.000000
vt 0.460717 3.679854 0.000000
vt 0.460027 3.656276 0.000000
vt 0.411187 3.637176 0.000000
vt 0.469178 3.596859 0.000000
vt 0.412427 3.597503 0.000000
vt 0.467667 3.579604 0.000000
vt 0.417857 3.559035 0.000000
vt 0.468503 3.567063 0.000000
vt 0.431095 3.522812 0.000000
vt 0.470335 3.554740 0.000000
vt 0.473825 3.542780 0.000000
vt 0.449932 3.488199 0.000000
vt 0.478308 3.531037 0.000000
vt 0.484132 3.520664 0.000000
vt 0.471391 3.469038 0.000000
vt 0.490889 3.511095 0.000000
vt 0.499247 3.502904 0.000000
vt 0.494813 3.454220 0.000000
vt 0.508595 3.495566 0.000000
vt 0.518180 3.490585 0.000000
vt 0.521477 3.446569 0.000000
vt 0.528076 3.486670 0.000000
vt 0.538501 3.484563 0.000000
vt 0.550068 3.443179 0.000000
vt 0.549250 3.483561 0.000000
vt 0.566995 3.444410 0.000000
vt 0.564542 3.485687 0.000000
vt 0.583476 3.447289 0.000000
vt 0.578768 3.490114 0.000000
vt 0.599201 3.452969 0.000000
vt 0.591258 3.498288 0.000000
vt 0.614461 3.460368 0.000000
vt 0.602728 3.508663 0.000000
vt 0.628036 3.470489 0.000000
vt 0.612792 3.524186 0.000000
vt 0.640250 3.481843 0.000000
vt 0.650245 3.495208 0.000000
vt 0.620288 3.540588 0.000000
vt 0.658936 3.509754 0.000000
vt 0.665901 3.526611 0.000000
vt 0.623816 3.558348 0.000000
vt 0.671289 3.543838 0.000000
vt 0.674072 3.561676 0.000000
vt 0.625102 3.576876 0.000000
vt 0.675307 3.579877 0.000000
vt 0.672995 3.605620 0.000000
vt 0.623830 3.594683 0.000000
vt 0.667311 3.630081 0.000000
vt 0.620343 3.611707 0.000000
vt 0.655803 3.652328 0.000000
vt 0.640655 3.673192 0.000000
vt 0.612939 3.627345 0.000000
vt 0.622454 3.688431 0.000000
vt 0.603001 3.642087 0.000000
vt 0.602801 3.700319 0.000000
vt 0.590907 3.652292 0.000000
vt 0.577814 3.660191 0.000000
vt 0.580715 3.706593 0.000000
vt 0.563069 3.664279 0.000000
vt 0.557162 3.709482 0.000000
vt 0.547340 3.666098 0.000000
vt 0.543184 3.708434 0.000000
vt 0.531468 3.664217 0.000000
vt 0.529501 3.706166 0.000000
vt 0.516310 3.701878 0.000000
vt 0.516553 3.660086 0.000000
vt 0.503411 3.696385 0.000000
vt 0.503229 3.652209 0.000000
vt 0.490737 3.688350 0.000000
vt 0.479083 3.679204 0.000000
vt 0.490859 3.642087 0.000000
vt 0.469075 3.668263 0.000000
vt 0.480672 3.628140 0.000000
vt 0.472958 3.613249 0.000000
vt 0.645771 3.809308 0.000000
vt 0.616475 3.759535 0.000000
vt 0.656928 3.792083 0.000000
vt 0.619372 3.748226 0.000000
vt 0.663805 3.772690 0.000000
vt 0.668213 3.752046 0.000000
vt 0.000000 -0.050000 0.000000
vt 0.020409 -0.050000 0.000000
vt 0.000000 0.000000 0.000000
vt 0.020409 0.000000 0.000000
vt 0.040817 -0.050000 0.000000
vt 0.040817 0.000000 0.000000
vt 0.061226 -0.050000 0.000000
vt 0.061226 0.000000 0.000000
vt 0.081634 -0.050000 0.000000
vt 0.081634 0.000000 0.000000
vt 0.000000 -0.050000 0.000000
vt 0.027658 -0.050000 0.000000
vt 0.000000 0.000000 0.000000
vt 0.027658 0.000000 0.000000
vt 0.041486 -0.050000 0.000000
vt 0.041486 0.000000 0.000000
vt 0.055315 -0.050000 0.000000
vt 0.055315 0.000000 0.000000
vt 0.082973 -0.050000 0.000000
vt 0.082973 0.000000 0.000000
vt 0.110630 -0.050000 0.000000
vt 0.110630 0.000000 0.000000
vt 0.000000 -0.050000 0.000000
vt 0.043522 -0.050000 0.000000
vt 0.000000 0.000000 0.000000
vt 0.043522 0.000000 0.000000
vt 0.087045 -0.050000 0.000000
vt 0.087045 0.000000 0.000000
vt 0.130567 -0.050000 0.000000
vt 0.130567 0.000000 0.000000
vt 0.174089 -0.050000 0.000000
vt 0.174089 0.000000 0.000000
vt 0.000000 -0.050000 0.000000
vt 0.038512 -0.050000 0.000000
vt 0.000000 0.000000 0.000000
vt 0.038512 0.000000 0.000000
vt 0.077024 -0.050000 0.000000
vt 0.077024 0.000000 0.000000
vt 0.115537 -0.050000 0.000000
vt 0.115537 0.000000 0.000000
vt 0.154049 -0.050000 0.000000
vt 0.154049 0.000000 0.000000
vt 0.000000 -0.050000 0.000000
vt 0.027448 -0.050000 0.000000
vt 0.000000 0.000000 0.000000
vt 0.027448 0.000000 0.000000
vt 0.054896 -0.050000 0.000000
vt 0.054896 0.000000 0.000000
vt 0.082344 -0.050000 0.000000
vt 0.082344 0.000000 0.000000
vt 0.109792 -0.050000 0.000000
vt 0.109792 0.000000 0.000000
vt 0.000000 -0.050000 0.000000
vt 0.016662 -0.050000 0.000000
vt 0.000000 0.000000 0.000000
vt 0.016662 0.000000 0.000000
vt 0.033324 -0.050000 0.000000
vt 0.033324 0.000000 0.000000
vt 0.049987 -0.050000 0.000000
vt 0.049987 0.000000 0.000000
vt 0.066649 -0.050000 0.000000
vt 0.066649 0.000000 0.000000
vt 0.000000 -0.050000 0.000000
vt 0.016615 -0.050000 0.000000
vt 0.000000 0.000000 0.000000
vt 0.016615 0.000000 0.000000
vt 0.033231 -0.050000 0.000000
vt 0.033231 0.000000 0.000000
vt 0.049846 -0.050000 0.000000
vt 0.049846 0.000000 0.000000
vt 0.066461 -0.050000 0.000000
vt 0.066461 0.000000 0.000000
vt 0.000000 -0.050000 0.000000
vt 0.018002 -0.050000 0.000000
vt 0.000000 0.000000 0.000000
vt 0.018002 0.000000 0.000000
vt 0.036004 -0.050000 0.000000
vt 0.036004 0.000000 0.000000
vt 0.054006 -0.050000 0.000000
vt 0.054006 0.000000 0.000000
vt 0.072009 -0.050000 0.000000
vt 0.072009 0.000000 0.000000
vt 0.000000 -0.050000 0.000000
vt 0.024888 -0.050000 0.000000
vt 0.000000 0.000000 0.000000
vt 0.024888 0.000000 0.000000
vt 0.049775 -0.050000 0.000000
vt 0.049775 0.000000 0.000000
vt 0.074663 -0.050000 0.000000
vt 0.074663 0.000000 0.000000
vt 0.099550 -0.050000 0.000000
vt 0.099550 0.000000 0.000000
vt 0.000000 -0.050000 0.000000
vt 0.022760 -0.050000 0.000000
vt 0.000000 0.000000 0.000000
vt 0.022760 0.000000 0.000000
vt 0.045519 -0.050000 0.000000
vt 0.045519 0.000000 0.000000
vt 0.068279 -0.050000 0.000000
vt 0.068279 0.000000 0.000000
vt 0.091038 -0.050000 0.000000
vt 0.091038 0.000000 0.000000
vt 0.000000 -0.050000 0.000000
vt 0.013831 -0.050000 0.000000
vt 0.000000 0.000000 0.000000
vt 0.013831 0.000000 0.000000
vt 0.027662 -0.050000 0.000000
vt 0.027662 0.000000 0.000000
vt 0.041493 -0.050000 0.000000
vt 0.041493 0.000000 0.000000
vt 0.055324 -0.050000 0.000000
vt 0.055324 0.000000 0.000000
vt 0.000000 -0.050000 0.000000
vt 0.014771 -0.050000 0.000000
vt 0.000000 0.000000 0.000000
vt 0.014771 0.000000 0.000000
vt 0.029542 -0.050000 0.000000
vt 0.029542 0.000000 0.000000
vt 0.044313 -0.050000 0.000000
vt 0.044313 0.000000 0.000000
vt 0.059085 -0.050000 0.000000
vt 0.059085 0.000000 0.000000
vt 0.000000 -0.050000 0.000000
vt 0.023389 -0.050000 0.000000
vt 0.000000 0.000000 0.000000
vt 0.023389 0.000000 0.000000
vt 0.046777 -0.050000 0.000000
vt 0.046777 0.000000 0.000000
vt 0.070166 -0.050000 0.000000
vt 0.070166 0.000000 0.000000
vt 0.093554 -0.050000 0.000000
vt 0.093554 0.000000 0.000000
vt 0.000000 -0.050000 0.000000
vt 0.015363 -0.050000 0.000000
vt 0.000000 0.000000 0.000000
vt 0.015363 0.000000 0.000000
vt 0.030726 -0.050000 0.000000
vt 0.030726 0.000000 0.000000
vt 0.046089 -0.050000 0.000000
vt 0.046089 0.000000 0.000000
vt 0.061452 -0.050000 0.000000
vt 0.061452 0.000000 0.000000
vt 0.000000 -0.050000 0.000000
vt 0.010808 -0.050000 0.000000
vt 0.000000 0.000000 0.000000
vt 0.010808 0.000000 0.000000
vt 0.021616 -0.050000 0.000000
vt 0.021616 0.000000 0.000000
vt 0.032424 -0.050000 0.000000
vt 0.032424 0.000000 0.000000
vt 0.043232 -0.050000 0.000000
vt 0.043232 0.000000 0.000000
vt 0.000000 -0.050000 0.000000
vt 0.013355 -0.050000 0.000000
vt 0.000000 0.000000 0.000000
vt 0.013355 0.000000 0.000000
vt 0.026709 -0.050000 0.000000
vt 0.026709 0.000000 0.000000
vt 0.040064 -0.050000 0.000000
vt 0.040064 0.000000 0.000000
vt 0.053418 -0.050000 0.000000
vt 0.053418 0.000000 0.000000
vt 0.000000 -0.050000 0.000000
vt 0.011487 -0.050000 0.000000
vt 0.000000 0.000000 0.000000
vt 0.011487 0.000000 0.000000
vt 0.022973 -0.050000 0.000000
vt 0.022973 0.000000 0.000000
vt 0.034460 -0.050000 0.000000
vt 0.034460 0.000000 0.000000
vt 0.045947 -0.050000 0.000000
vt 0.045947 0.000000 0.000000
vt -0.050000 -0.024495 0.000000
vt 0.000000 -0.024495 0.000000
vt -0.050000 0.024495 0.000000
vt 0.000000 0.024495 0.000000
vt 0.000000 -0.050000 0.000000
vt 0.020410 -0.050000 0.000000
vt 0.000000 0.000000 0.000000
vt 0.020410 0.000000 0.000000
vt 0.040821 -0.050000 0.000000
vt 0.040821 0.000000 0.000000
vt 0.061231 -0.050000 0.000000
vt 0.061231 0.000000 0.000000
vt 0.081642 -0.050000 0.000000
vt 0.081642 0.000000 0.000000
vt 0.000000 -0.050000 0.000000
vt 0.015343 -0.050000 0.000000
vt 0.000000 0.000000 0.000000
vt 0.015343 0.000000 0.000000
vt 0.030686 -0.050000 0.000000
vt 0.030686 0.000000 0.000000
vt 0.046029 -0.050000 0.000000
vt 0.046029 0.000000 0.000000
vt 0.061372 -0.050000 0.000000
vt 0.061372 0.000000 0.000000
vt 0.000000 -0.050000 0.000000
vt 0.015155 -0.050000 0.000000
vt 0.000000 0.000000 0.000000
vt 0.015155 0.000000 0.000000
vt 0.030310 -0.050000 0.000000
vt 0.030310 0.000000 0.000000
vt 0.045465 -0.050000 0.000000
vt 0.045465 0.000000 0.000000
vt 0.060620 -0.050000 0.000000
vt 0.060620 0.000000 0.000000
vt 0.000000 -0.050000 0.000000
vt 0.017217 -0.050000 0.000000
vt 0.000000 0.000000 0.000000
vt 0.017217 0.000000 0.000000
vt 0.034435 -0.050000 0.000000
vt 0.034435 0.000000 0.000000
vt 0.051652 -0.050000 0.000000
vt 0.051652 0.000000 0.000000
vt 0.068869 -0.050000 0.000000
vt 0.068869 0.000000 0.000000
vt 0.000000 -0.050000 0.000000
vt 0.017951 -0.050000 0.000000
vt 0.000000 0.000000 0.000000
vt 0.017951 0.000000 0.000000
vt 0.035903 -0.050000 0.000000
vt 0.035903 0.000000 0.000000
vt 0.053854 -0.050000 0.000000
vt 0.053854 0.000000 0.000000
vt 0.071805 -0.050000 0.000000
vt 0.071805 0.000000 0.000000
vt 0.000000 -0.050000 0.000000
vt 0.014770 -0.050000 0.000000
vt 0.000000 0.000000 0.000000
vt 0.014770 0.000000 0.000000
vt 0.029540 -0.050000 0.000000
vt 0.029540 0.000000 0.000000
vt 0.044310 -0.050000 0.000000
vt 0.044310 0.000000 0.000000
vt 0.059080 -0.050000 0.000000
vt 0.059080 0.000000 0.000000
vt 0.000000 -0.050000 0.000000
vt 0.010598 -0.050000 0.000000
vt 0.000000 0.000000 0.000000
vt 0.010598 0.000000 0.000000
vt 0.021195 -0.050000 0.000000
vt 0.021195 0.000000 0.000000
vt 0.031793 -0.050000 0.000000
vt 0.031793 0.000000 0.000000
vt 0.042391 -0.050000 0.000000
vt 0.042391 0.000000 0.000000
vt 0.000000 -0.050000 0.000000
vt 0.011661 -0.050000 0.000000
vt 0.000000 0.000000 0.000000
vt 0.011661 0.000000 0.000000
vt 0.023321 -0.050000 0.000000
vt 0.023321 0.000000 0.000000
vt 0.034982 -0.050000 0.000000
vt 0.034982 0.000000 0.000000
vt 0.046642 -0.050000 0.000000
vt 0.046642 0.000000 0.000000
vt 0.000000 -0.050000 0.000000
vt 0.012430 -0.050000 0.000000
vt 0.000000 0.000000 0.000000
vt 0.012430 0.000000 0.000000
vt 0.024860 -0.050000 0.000000
vt 0.024860 0.000000 0.000000
vt 0.037290 -0.050000 0.000000
vt 0.037290 0.000000 0.000000
vt 0.049720 -0.050000 0.000000
vt 0.049720 0.000000 0.000000
vt 0.000000 -0.050000 0.000000
vt 0.016664 -0.050000 0.000000
vt 0.000000 0.000000 0.000000
vt 0.016664 0.000000 0.000000
vt 0.033328 -0.050000 0.000000
vt 0.033328 0.000000 0.000000
vt 0.049992 -0.050000 0.000000
vt 0.049992 0.000000 0.000000
vt 0.066656 -0.050000 0.000000
vt 0.066656 0.000000 0.000000
vt 0.799323 3.468270 0.000000
vt 0.808867 3.506274 0.000000
vt 0.783083 3.486289 0.000000
vt 0.796726 3.521760 0.000000
vt 0.789700 3.539854 0.000000
vt 0.815527 3.499529 0.000000
vt 0.808104 3.460503 0.000000
vt 0.822895 3.493982 0.000000
vt 0.817677 3.454229 0.000000
vt 0.831155 3.489945 0.000000
vt 0.828221 3.449783 0.000000
vt 0.840175 3.487193 0.000000
vt 0.839562 3.446838 0.000000
vt 0.859482 3.483834 0.000000
vt 0.863574 3.443452 0.000000
vt 0.875598 3.486298 0.000000
vt 0.888759 3.446840 0.000000
vt 0.883271 3.488317 0.000000
vt 0.890481 3.491279 0.000000
vt 0.912240 3.453972 0.000000
vt 0.903387 3.500299 0.000000
vt 0.932932 3.467232 0.000000
vt 0.915143 3.511664 0.000000
vt 0.951978 3.484106 0.000000
vt 0.926149 3.530984 0.000000
vt 0.968798 3.510324 0.000000
vt 0.934100 3.551228 0.000000
vt 0.981190 3.538035 0.000000
vt 0.937579 3.572822 0.000000
vt 0.986875 3.568010 0.000000
vt 0.938608 3.595157 0.000000
vt 0.988813 3.599250 0.000000
vt 0.988185 3.614217 0.000000
vt 0.937734 3.617507 0.000000
vt 0.986722 3.629058 0.000000
vt 0.983837 3.643687 0.000000
vt 0.980082 3.658186 0.000000
vt 0.934457 3.639150 0.000000
vt 0.975493 3.670692 0.000000
vt 0.970118 3.682788 0.000000
vt 0.963383 3.694174 0.000000
vt 0.926754 3.659491 0.000000
vt 0.955798 3.705116 0.000000
vt 0.947291 3.714388 0.000000
vt 0.915962 3.678922 0.000000
vt 0.938059 3.722724 0.000000
vt 0.927636 3.729519 0.000000
vt 0.904522 3.690036 0.000000
vt 0.916507 3.735402 0.000000
vt 0.904301 3.740033 0.000000
vt 0.891940 3.698816 0.000000
vt 0.891868 3.743621 0.000000
vt 0.884899 3.701674 0.000000
vt 0.879060 3.745483 0.000000
vt 0.877405 3.703607 0.000000
vt 0.866030 3.746317 0.000000
vt 0.861664 3.705935 0.000000
vt 0.842957 3.743158 0.000000
vt 0.845514 3.703432 0.000000
vt 0.837831 3.701388 0.000000
vt 0.831974 3.740447 0.000000
vt 0.830617 3.698392 0.000000
vt 0.821655 3.736377 0.000000
vt 0.812139 3.730663 0.000000
vt 0.817728 3.689289 0.000000
vt 0.803274 3.723615 0.000000
vt 0.806003 3.677831 0.000000
vt 0.786630 3.707299 0.000000
vt 0.795106 3.659200 0.000000
vt 0.787176 3.639649 0.000000
vt 0.783643 3.618734 0.000000
vt 0.737517 3.850000 0.000000
vt 0.737517 3.450000 0.000000
vt 0.786630 3.850000 0.000000
vt 0.783083 3.450000 0.000000
vt 0.784834 3.558402 0.000000
vt 0.782905 3.577570 0.000000
vt 0.782537 3.597067 0.000000
vt 0.000000 -0.050000 0.000000
vt 0.022795 -0.050000 0.000000
vt 0.000000 0.000000 0.000000
vt 0.022795 0.000000 0.000000
vt 0.034193 -0.050000 0.000000
vt 0.034193 0.000000 0.000000
vt 0.045590 -0.050000 0.000000
vt 0.045590 0.000000 0.000000
vt 0.056988 -0.050000 0.000000
vt 0.056988 0.000000 0.000000
vt 0.068386 -0.050000 0.000000
vt 0.068386 0.000000 0.000000
vt 0.091181 -0.050000 0.000000
vt 0.091181 0.000000 0.000000
vt 0.000000 -0.050000 0.000000
vt 0.024326 -0.050000 0.000000
vt 0.000000 0.000000 0.000000
vt 0.024326 0.000000 0.000000
vt 0.048653 -0.050000 0.000000
vt 0.048653 0.000000 0.000000
vt 0.072979 -0.050000 0.000000
vt 0.072979 0.000000 0.000000
vt 0.097306 -0.050000 0.000000
vt 0.097306 0.000000 0.000000
vt 0.000000 -0.050000 0.000000
vt 0.030232 -0.050000 0.000000
vt 0.000000 0.000000 0.000000
vt 0.030232 0.000000 0.000000
vt 0.060464 -0.050000 0.000000
vt 0.060464 0.000000 0.000000
vt 0.090697 -0.050000 0.000000
vt 0.090697 0.000000 0.000000
vt 0.120929 -0.050000 0.000000
vt 0.120929 0.000000 0.000000
vt 0.000000 -0.050000 0.000000
vt 0.014895 -0.050000 0.000000
vt 0.000000 0.000000 0.000000
vt 0.014895 0.000000 0.000000
vt 0.029790 -0.050000 0.000000
vt 0.029790 0.000000 0.000000
vt 0.044685 -0.050000 0.000000
vt 0.044685 0.000000 0.000000
vt 0.059579 -0.050000 0.000000
vt 0.059579 0.000000 0.000000
vt 0.000000 -0.050000 0.000000
vt 0.013211 -0.050000 0.000000
vt 0.000000 0.000000 0.000000
vt 0.013211 0.000000 0.000000
vt 0.026421 -0.050000 0.000000
vt 0.026421 0.000000 0.000000
vt 0.039632 -0.050000 0.000000
vt 0.039632 0.000000 0.000000
vt 0.052842 -0.050000 0.000000
vt 0.052842 0.000000 0.000000
vt 0.000000 -0.050000 0.000000
vt 0.012402 -0.050000 0.000000
vt 0.000000 0.000000 0.000000
vt 0.012402 0.000000 0.000000
vt 0.024804 -0.050000 0.000000
vt 0.024804 0.000000 0.000000
vt 0.037207 -0.050000 0.000000
vt 0.037207 0.000000 0.000000
vt 0.049609 -0.050000 0.000000
vt 0.049609 0.000000 0.000000
vt 0.000000 -0.050000 0.000000
vt 0.012911 -0.050000 0.000000
vt 0.000000 0.000000 0.000000
vt 0.012911 0.000000 0.000000
vt 0.025822 -0.050000 0.000000
vt 0.025822 0.000000 0.000000
vt 0.038733 -0.050000 0.000000
vt 0.038733 0.000000 0.000000
vt 0.051644 -0.050000 0.000000
vt 0.051644 0.000000 0.000000
vt 0.000000 -0.050000 0.000000
vt 0.022117 -0.050000 0.000000
vt 0.000000 0.000000 0.000000
vt 0.022117 0.000000 0.000000
vt 0.033176 -0.050000 0.000000
vt 0.033176 0.000000 0.000000
vt 0.044235 -0.050000 0.000000
vt 0.044235 0.000000 0.000000
vt 0.055293 -0.050000 0.000000
vt 0.055293 0.000000 0.000000
vt 0.066352 -0.050000 0.000000
vt 0.066352 0.000000 0.000000
vt 0.088469 -0.050000 0.000000
vt 0.088469 0.000000 0.000000
vt -0.050000 -0.071351 0.000000
vt 0.000000 -0.071351 0.000000
vt -0.050000 0.071351 0.000000
vt 0.000000 0.071351 0.000000
vt 0.050000 0.024557 0.000000
vt 0.000000 0.024557 0.000000
vt 0.050000 -0.024557 0.000000
vt 0.000000 -0.024557 0.000000
vt 0.050000 0.200000 0.000000
vt 0.000000 0.200000 0.000000
vt 0.050000 -0.200000 0.000000
vt 0.000000 -0.200000 0.000000
vt -0.050000 -0.022783 0.000000
vt 0.000000 -0.022783 0.000000
vt -0.050000 0.022783 0.000000
vt 0.000000 0.022783 0.000000
vt -0.050000 -0.018145 0.000000
vt 0.000000 -0.018145 0.000000
vt -0.050000 0.018145 0.000000
vt 0.000000 0.018145 0.000000
vt 0.000000 -0.050000 0.000000
vt 0.015590 -0.050000 0.000000
vt 0.000000 0.000000 0.000000
vt 0.015590 0.000000 0.000000
vt 0.023386 -0.050000 0.000000
vt 0.023386 0.000000 0.000000
vt 0.031181 -0.050000 0.000000
vt 0.031181 0.000000 0.000000
vt 0.046771 -0.050000 0.000000
vt 0.046771 0.000000 0.000000
vt 0.062362 -0.050000 0.000000
vt 0.062362 0.000000 0.000000
vt 0.000000 -0.050000 0.000000
vt 0.015162 -0.050000 0.000000
vt 0.000000 0.000000 0.000000
vt 0.015162 0.000000 0.000000
vt 0.030324 -0.050000 0.000000
vt 0.030324 0.000000 0.000000
vt 0.037905 -0.050000 0.000000
vt 0.037905 0.000000 0.000000
vt 0.045486 -0.050000 0.000000
vt 0.045486 0.000000 0.000000
vt 0.060648 -0.050000 0.000000
vt 0.060648 0.000000 0.000000
vt 0.000000 -0.050000 0.000000
vt 0.021705 -0.050000 0.000000
vt 0.000000 0.000000 0.000000
vt 0.021705 0.000000 0.000000
vt 0.043410 -0.050000 0.000000
vt 0.043410 0.000000 0.000000
vt 0.065116 -0.050000 0.000000
vt 0.065116 0.000000 0.000000
vt 0.086821 -0.050000 0.000000
vt 0.086821 0.000000 0.000000
vt 0.000000 -0.050000 0.000000
vt 0.021692 -0.050000 0.000000
vt 0.000000 0.000000 0.000000
vt 0.021692 0.000000 0.000000
vt 0.043384 -0.050000 0.000000
vt 0.043384 0.000000 0.000000
vt 0.065077 -0.050000 0.000000
vt 0.065077 0.000000 0.000000
vt 0.086769 -0.050000 0.000000
vt 0.086769 0.000000 0.000000
vt 0.000000 -0.050000 0.000000
vt 0.015560 -0.050000 0.000000
vt 0.000000 0.000000 0.000000
vt 0.015560 0.000000 0.000000
vt 0.023339 -0.050000 0.000000
vt 0.023339 0.000000 0.000000
vt 0.031119 -0.050000 0.000000
vt 0.031119 0.000000 0.000000
vt 0.046679 -0.050000 0.000000
vt 0.046679 0.000000 0.000000
vt 0.062239 -0.050000 0.000000
vt 0.062239 0.000000 0.000000
vt 0.000000 -0.050000 0.000000
vt 0.018334 -0.050000 0.000000
vt 0.000000 0.000000 0.000000
vt 0.018334 0.000000 0.000000
vt 0.027500 -0.050000 0.000000
vt 0.027500 0.000000 0.000000
vt 0.036667 -0.050000 0.000000
vt 0.036667 0.000000 0.000000
vt 0.045834 -0.050000 0.000000
vt 0.045834 0.000000 0.000000
vt 0.055001 -0.050000 0.000000
vt 0.055001 0.000000 0.000000
vt 0.073335 -0.050000 0.000000
vt 0.073335 0.000000 0.000000
vt 0.000000 -0.050000 0.000000
vt 0.019167 -0.050000 0.000000
vt 0.000000 0.000000 0.000000
vt 0.019167 0.000000 0.000000
vt 0.038335 -0.050000 0.000000
vt 0.038335 0.000000 0.000000
vt 0.057502 -0.050000 0.000000
vt 0.057502 0.000000 0.000000
vt 0.076669 -0.050000 0.000000
vt 0.076669 0.000000 0.000000
vt 0.000000 -0.050000 0.000000
vt 0.021035 -0.050000 0.000000
vt 0.000000 0.000000 0.000000
vt 0.021035 0.000000 0.000000
vt 0.042069 -0.050000 0.000000
vt 0.042069 0.000000 0.000000
vt 0.063104 -0.050000 0.000000
vt 0.063104 0.000000 0.000000
vt 0.084139 -0.050000 0.000000
vt 0.084139 0.000000 0.000000
vt 0.877405 3.703607 0.000000
vt 0.861664 3.705935 0.000000
vt 0.937734 3.617507 0.000000
vt 0.845514 3.703432 0.000000
vt 0.817728 3.689289 0.000000
vt 0.837831 3.701388 0.000000
vt 0.830617 3.698392 0.000000
vt 0.806003 3.677831 0.000000
vt 0.795106 3.659200 0.000000
vt 0.787176 3.639649 0.000000
vt 0.783643 3.618734 0.000000
vt 0.938608 3.595157 0.000000
vt 0.782537 3.597067 0.000000
vt 0.937579 3.572822 0.000000
vt 0.782905 3.577570 0.000000
vt 0.934100 3.551228 0.000000
vt 0.926149 3.530984 0.000000
vt 0.903387 3.500299 0.000000
vt 0.915143 3.511664 0.000000
vt 0.784834 3.558402 0.000000
vt 0.808867 3.506274 0.000000
vt 0.815527 3.499529 0.000000
vt 0.822895 3.493982 0.000000
vt 0.789700 3.539854 0.000000
vt 0.796726 3.521760 0.000000
vt 0.831155 3.489945 0.000000
vt 0.840175 3.487193 0.000000
vt 0.859482 3.483834 0.000000
vt 0.875598 3.486298 0.000000
vt 0.883271 3.488317 0.000000
vt 0.890481 3.491279 0.000000
vt 0.934457 3.639150 0.000000
vt 0.926754 3.659491 0.000000
vt 0.884899 3.701674 0.000000
vt 0.891940 3.698816 0.000000
vt 0.904522 3.690036 0.000000
vt 0.915962 3.678922 0.000000
vt 0.563069 3.664279 0.000000
vt 0.547340 3.666098 0.000000
vt 0.612939 3.627345 0.000000
vt 0.531468 3.664217 0.000000
vt 0.516553 3.660086 0.000000
vt 0.503229 3.652209 0.000000
vt 0.490859 3.642087 0.000000
vt 0.480672 3.628140 0.000000
vt 0.472958 3.613249 0.000000
vt 0.469178 3.596859 0.000000
vt 0.467667 3.579604 0.000000
vt 0.623830 3.594683 0.000000
vt 0.620343 3.611707 0.000000
vt 0.468503 3.567063 0.000000
vt 0.625102 3.576876 0.000000
vt 0.470335 3.554740 0.000000
vt 0.473825 3.542780 0.000000
vt 0.623816 3.558348 0.000000
vt 0.478308 3.531037 0.000000
vt 0.484132 3.520664 0.000000
vt 0.490889 3.511095 0.000000
vt 0.612792 3.524186 0.000000
vt 0.620288 3.540588 0.000000
vt 0.499247 3.502904 0.000000
vt 0.508595 3.495566 0.000000
vt 0.518180 3.490585 0.000000
vt 0.528076 3.486670 0.000000
vt 0.538501 3.484563 0.000000
vt 0.549250 3.483561 0.000000
vt 0.564542 3.485687 0.000000
vt 0.591258 3.498288 0.000000
vt 0.602728 3.508663 0.000000
vt 0.578768 3.490114 0.000000
vt 0.603001 3.642087 0.000000
vt 0.590907 3.652292 0.000000
vt 0.577814 3.660191 0.000000
vt 0.888759 3.446840 0.000000
vt 0.863574 3.443452 0.000000
vt 1.050000 3.300000 0.000000
vt 0.839562 3.446838 0.000000
vt 0.783083 3.450000 0.000000
vt 0.828221 3.449783 0.000000
vt 0.817677 3.454229 0.000000
vt 0.808104 3.460503 0.000000
vt 0.799323 3.468270 0.000000
vt 0.783083 3.486289 0.000000
vt 0.737517 3.450000 0.000000
vt 0.350000 3.300000 0.000000
vt 0.583476 3.447289 0.000000
vt 0.566995 3.444410 0.000000
vt 0.737517 3.850000 0.000000
vt 0.672995 3.605620 0.000000
vt 0.675307 3.579877 0.000000
vt 0.674072 3.561676 0.000000
vt 0.786630 3.850000 0.000000
vt 1.050000 4.000000 0.000000
vt 0.350000 4.000000 0.000000
vt 0.575741 3.849931 0.000000
vt 0.554707 3.851637 0.000000
vt 0.525781 3.848325 0.000000
vt 0.498875 3.840631 0.000000
vt 0.486743 3.833916 0.000000
vt 0.475399 3.825493 0.000000
vt 0.454025 3.805798 0.000000
vt 0.433312 3.766439 0.000000
vt 0.418693 3.725376 0.000000
vt 0.412636 3.681920 0.000000
vt 0.411187 3.637176 0.000000
vt 0.412427 3.597503 0.000000
vt 0.417857 3.559035 0.000000
vt 0.431095 3.522812 0.000000
vt 0.449932 3.488199 0.000000
vt 0.471391 3.469038 0.000000
vt 0.494813 3.454220 0.000000
vt 0.521477 3.446569 0.000000
vt 0.550068 3.443179 0.000000
vt 0.786630 3.707299 0.000000
vt 0.803274 3.723615 0.000000
vt 0.812139 3.730663 0.000000
vt 0.821655 3.736377 0.000000
vt 0.831974 3.740447 0.000000
vt 0.842957 3.743158 0.000000
vt 0.866030 3.746317 0.000000
vt 0.879060 3.745483 0.000000
vt 0.891868 3.743621 0.000000
vt 0.904301 3.740033 0.000000
vt 0.916507 3.735402 0.000000
vt 0.927636 3.729519 0.000000
vt 0.938059 3.722724 0.000000
vt 0.947291 3.714388 0.000000
vt 0.955798 3.705116 0.000000
vt 0.963383 3.694174 0.000000
vt 0.970118 3.682788 0.000000
vt 0.975493 3.670692 0.000000
vt 0.980082 3.658186 0.000000
vt 0.983837 3.643687 0.000000
vt 0.986722 3.629058 0.000000
vt 0.988185 3.614217 0.000000
vt 0.988813 3.599250 0.000000
vt 0.986875 3.568010 0.000000
vt 0.981190 3.538035 0.000000
vt 0.968798 3.510324 0.000000
vt 0.951978 3.484106 0.000000
vt 0.932932 3.467232 0.000000
vt 0.912240 3.453972 0.000000
vt 0.595861 3.845630 0.000000
vt 0.614393 3.836820 0.000000
vt 0.631924 3.825171 0.000000
vt 0.645771 3.809308 0.000000
vt 0.656928 3.792083 0.000000
vt 0.663805 3.772690 0.000000
vt 0.668213 3.752046 0.000000
vt 0.667311 3.630081 0.000000
vt 0.619372 3.748226 0.000000
vt 0.622454 3.688431 0.000000
vt 0.640655 3.673192 0.000000
vt 0.655803 3.652328 0.000000
vt 0.616475 3.759535 0.000000
vt 0.580715 3.706593 0.000000
vt 0.602801 3.700319 0.000000
vt 0.557162 3.709482 0.000000
vt 0.612705 3.770441 0.000000
vt 0.607327 3.780604 0.000000
vt 0.600819 3.790246 0.000000
vt 0.590095 3.799129 0.000000
vt 0.578523 3.806028 0.000000
vt 0.565537 3.809629 0.000000
vt 0.551705 3.811255 0.000000
vt 0.540662 3.810298 0.000000
vt 0.543184 3.708434 0.000000
vt 0.530019 3.808092 0.000000
vt 0.520055 3.803770 0.000000
vt 0.510505 3.798158 0.000000
vt 0.498968 3.787613 0.000000
vt 0.529501 3.706166 0.000000
vt 0.488792 3.776046 0.000000
vt 0.480755 3.762869 0.000000
vt 0.516310 3.701878 0.000000
vt 0.473943 3.748772 0.000000
vt 0.467464 3.726137 0.000000
vt 0.462801 3.703206 0.000000
vt 0.490737 3.688350 0.000000
vt 0.503411 3.696385 0.000000
vt 0.479083 3.679204 0.000000
vt 0.460717 3.679854 0.000000
vt 0.469075 3.668263 0.000000
vt 0.460027 3.656276 0.000000
vt 0.671289 3.543838 0.000000
vt 0.665901 3.526611 0.000000
vt 0.658936 3.509754 0.000000
vt 0.650245 3.495208 0.000000
vt 0.640250 3.481843 0.000000
vt 0.628036 3.470489 0.000000
vt 0.614461 3.460368 0.000000
vt 0.599201 3.452969 0.000000
vt -0.300000 -1.520000 0.000000
vt -0.000000 -1.520000 0.000000
vt -0.300000 -1.160000 0.000000
vt -0.000000 -1.160000 0.000000
vt -2.203407 1.675882 0.000000
vt -2.200000 1.650000 0.000000
vt -0.000000 0.000000 0.000000
vt -2.200000 0.400000 0.000000
vt -2.203407 0.374118 0.000000
vt -2.213397 0.350000 0.000000
vt -2.229289 0.329289 0.000000
vt -2.250000 0.313397 0.000000
vt -2.274118 0.303407 0.000000
vt -2.950000 0.000000 0.000000
vt -2.300000 0.300000 0.000000
vt -3.611177 -0.005111 0.000000
vt -3.650000 0.000000 0.000000
vt -4.350000 0.000000 0.000000
vt -3.688823 -0.005111 0.000000
vt -3.725000 -0.020096 0.000000
vt -3.756066 -0.043934 0.000000
vt -3.779904 -0.075000 0.000000
vt -3.794889 -0.111177 0.000000
vt -3.800000 -0.150000 0.000000
vt -4.350000 -0.300000 0.000000
vt -3.794889 -0.188823 0.000000
vt -3.779904 -0.225000 0.000000
vt -4.339778 -0.377646 0.000000
vt -3.756066 -0.256066 0.000000
vt -4.309808 -0.450000 0.000000
vt -4.262132 -0.512132 0.000000
vt -7.200000 0.234247 0.000000
vt -8.000000 0.300000 0.000000
vt -14.400000 0.000000 0.000000
vt -8.025882 0.303407 0.000000
vt -8.050000 0.313397 0.000000
vt -8.070711 0.329289 0.000000
vt -11.037059 0.951704 0.000000
vt -11.050000 0.950000 0.000000
vt -13.350000 0.750000 0.000000
vt -14.100000 0.500000 0.000000
vt -13.600000 0.750000 0.000000
vt -14.100000 0.860000 0.000000
vt -13.600000 0.860000 0.000000
vt -8.086603 0.350000 0.000000
vt -11.025000 0.956699 0.000000
vt -8.096593 0.374118 0.000000
vt -11.014645 0.964645 0.000000
vt -8.100000 0.400000 0.000000
vt -11.006699 0.975000 0.000000
vt -11.001704 0.987059 0.000000
vt -11.000000 1.000000 0.000000
vt -9.600000 2.020000 0.000000
vt -11.000000 1.600000 0.000000
vt -11.001704 1.612941 0.000000
vt -11.006699 1.625000 0.000000
vt -11.014645 1.635355 0.000000
vt -11.025000 1.643301 0.000000
vt -11.037059 1.648296 0.000000
vt -11.050000 1.650000 0.000000
vt -12.750000 1.650000 0.000000
vt -14.400000 2.020000 0.000000
vt -12.762941 1.648296 0.000000
vt -12.775000 1.643301 0.000000
vt -12.785355 1.635355 0.000000
vt -14.100000 1.520000 0.000000
vt -12.793301 1.625000 0.000000
vt -13.600000 1.270000 0.000000
vt -13.350000 1.270000 0.000000
vt -9.522354 2.030222 0.000000
vt -8.100000 1.650000 0.000000
vt -9.450000 2.060192 0.000000
vt -9.387868 2.107868 0.000000
vt -8.096593 1.675882 0.000000
vt -8.086603 1.700000 0.000000
vt -9.340192 2.170000 0.000000
vt -8.070711 1.720711 0.000000
vt -9.310222 2.242354 0.000000
vt -8.050000 1.736603 0.000000
vt -9.300000 2.320000 0.000000
vt -8.025882 1.746593 0.000000
vt -7.200000 2.252538 0.000000
vt -8.000000 1.750000 0.000000
vt -7.200000 2.115555 0.000000
vt -3.888496 2.155574 0.000000
vt -4.295220 2.269935 0.000000
vt -4.031741 2.206400 0.000000
vt -4.260130 2.266725 0.000000
vt -4.090082 2.240955 0.000000
vt -4.213457 2.272308 0.000000
vt -4.143819 2.283764 0.000000
vt -4.168690 2.289797 0.000000
vt -4.157048 2.295935 0.000000
vt -2.300000 1.750000 0.000000
vt -3.718898 2.131258 0.000000
vt -3.683867 2.129142 0.000000
vt -3.634126 2.128083 0.000000
vt -3.401914 2.145466 0.000000
vt -3.207723 2.197616 0.000000
vt -3.148880 2.225450 0.000000
vt -3.079671 2.272916 0.000000
vt -3.017646 2.331733 0.000000
vt -2.963321 2.401305 0.000000
vt -2.917211 2.481038 0.000000
vt -2.274118 1.746593 0.000000
vt -2.863236 2.632697 0.000000
vt -2.250000 1.736603 0.000000
vt -2.846408 2.741388 0.000000
vt -2.840468 2.823117 0.000000
vt -2.709865 3.281431 0.000000
vt -2.710121 3.281029 0.000000
vt -2.709799 3.281570 0.000000
vt -2.229289 1.720711 0.000000
vt -0.700000 4.350000 0.000000
vt -0.000000 4.350000 0.000000
vt -2.213397 1.700000 0.000000
vt -3.366791 3.971912 0.000000
vt -3.360970 3.938892 0.000000
vt -1.700000 4.350000 0.000000
vt -3.355890 3.884388 0.000000
vt -2.774653 3.312358 0.000000
vt -2.836883 3.328445 0.000000
vt -3.358761 3.846314 0.000000
vt -3.359118 3.648683 0.000000
vt -3.369013 3.814114 0.000000
vt -3.380589 3.792656 0.000000
vt -3.401927 3.745746 0.000000
vt -3.397482 3.772945 0.000000
vt -3.410394 3.759928 0.000000
vt -3.340438 3.541382 0.000000
vt -2.927476 3.328445 0.000000
vt -2.882286 3.330773 0.000000
vt -2.983762 3.315841 0.000000
vt -3.345928 3.442176 0.000000
vt -3.039382 3.293573 0.000000
vt -3.370706 3.344003 0.000000
vt -3.175973 3.206631 0.000000
vt -3.404944 3.270726 0.000000
vt -3.264661 3.143448 0.000000
vt -3.442991 3.216897 0.000000
vt -3.442567 3.165038 0.000000
vt -3.448679 3.180702 0.000000
vt -3.452727 3.197318 0.000000
vt -3.453997 3.205678 0.000000
vt -3.307577 3.117379 0.000000
vt -3.429126 3.141438 0.000000
vt -3.412206 3.117122 0.000000
vt -3.404376 3.109559 0.000000
vt -3.357799 3.099287 0.000000
vt -3.342634 3.102610 0.000000
vt -3.396636 3.104713 0.000000
vt -3.384566 3.100409 0.000000
vt -3.371699 3.098577 0.000000
vt -2.736976 3.295544 0.000000
vt -2.717950 3.286299 0.000000
vt -2.711992 3.283163 0.000000
vt -2.710352 3.282180 0.000000
vt -2.709924 3.281861 0.000000
vt -2.709814 3.281748 0.000000
vt -2.709787 3.281703 0.000000
vt -2.709780 3.281684 0.000000
vt -2.709777 3.281667 0.000000
vt -2.709783 3.281624 0.000000
vt -2.838894 2.938343 0.000000
vt -2.711095 3.279768 0.000000
vt -2.714608 3.275725 0.000000
vt -2.837889 3.026159 0.000000
vt -2.725560 3.263979 0.000000
vt -2.832438 3.074763 0.000000
vt -2.744596 3.245260 0.000000
vt -2.821188 3.123426 0.000000
vt -2.804670 3.166811 0.000000
vt -2.783250 3.204124 0.000000
vt -2.757296 3.234571 0.000000
vt -4.329160 2.279623 0.000000
vt -4.362107 2.295880 0.000000
vt -4.394221 2.318795 0.000000
vt -4.414752 2.335517 0.000000
vt -4.435919 2.355308 0.000000
vt -4.481411 2.414412 0.000000
vt -4.515770 2.485562 0.000000
vt -4.538223 2.566673 0.000000
vt -6.170000 3.400000 0.000000
vt -6.470000 3.400000 0.000000
vt -4.547996 2.655663 0.000000
vt -4.542070 2.768759 0.000000
vt -4.559215 3.018036 0.000000
vt -4.516776 2.873679 0.000000
vt -4.517411 2.905535 0.000000
vt -4.512966 2.894674 0.000000
vt -4.511725 2.890965 0.000000
vt -4.511378 2.889131 0.000000
vt -4.511429 2.889779 0.000000
vt -4.511371 2.889384 0.000000
vt -4.511367 2.889239 0.000000
vt -4.576677 3.081390 0.000000
vt -4.585528 3.115027 0.000000
vt -4.588211 3.125750 0.000000
vt -4.588897 3.128765 0.000000
vt -4.589047 3.129583 0.000000
vt -4.589071 3.129806 0.000000
vt -4.589070 3.129870 0.000000
vt -4.587469 3.295574 0.000000
vt -4.589582 3.308997 0.000000
vt -4.589066 3.129890 0.000000
vt -4.580567 3.254864 0.000000
vt -4.589063 3.129897 0.000000
vt -4.568211 3.187793 0.000000
vt -4.589060 3.129902 0.000000
vt -4.589057 3.129904 0.000000
vt -4.589053 3.129906 0.000000
vt -4.589042 3.129908 0.000000
vt -4.589009 3.129906 0.000000
vt -4.588896 3.129881 0.000000
vt -4.588491 3.129745 0.000000
vt -4.587011 3.129146 0.000000
vt -4.581718 3.126793 0.000000
vt -4.564612 3.118683 0.000000
vt -4.540482 3.111063 0.000000
vt -4.547348 3.110481 0.000000
vt -4.541856 3.107968 0.000000
vt -4.539411 3.108219 0.000000
vt -4.540247 3.107281 0.000000
vt -4.539320 3.107728 0.000000
vt -4.539307 3.107358 0.000000
vt -4.539771 3.107103 0.000000
vt -4.539330 3.107222 0.000000
vt -4.539620 3.107057 0.000000
vt -4.539350 3.107168 0.000000
vt -4.539375 3.107123 0.000000
vt -4.539406 3.107088 0.000000
vt -4.539442 3.107062 0.000000
vt -4.539483 3.107047 0.000000
vt -4.539530 3.107042 0.000000
vt -4.590114 3.312885 0.000000
vt -4.590225 3.313987 0.000000
vt -6.060000 3.600000 0.000000
vt -4.590239 3.314310 0.000000
vt -4.590235 3.314413 0.000000
vt -4.590224 3.314475 0.000000
vt -4.590222 3.314477 0.000000
vt -4.467633 3.477572 0.000000
vt -4.590220 3.314479 0.000000
vt -4.467728 3.477342 0.000000
vt -4.467881 3.476718 0.000000
vt -4.590218 3.314480 0.000000
vt -4.590214 3.314481 0.000000
vt -4.590206 3.314481 0.000000
vt -4.590196 3.314480 0.000000
vt -4.590131 3.314454 0.000000
vt -4.481110 3.300717 0.000000
vt -4.589895 3.314315 0.000000
vt -4.589007 3.313692 0.000000
vt -4.585668 3.311150 0.000000
vt -4.573542 3.301524 0.000000
vt -4.533921 3.269284 0.000000
vt -4.494286 3.237005 0.000000
vt -4.478146 3.231502 0.000000
vt -4.482128 3.227255 0.000000
vt -4.477551 3.226210 0.000000
vt -4.478763 3.224637 0.000000
vt -4.477447 3.224507 0.000000
vt -4.477859 3.223975 0.000000
vt -4.477456 3.224004 0.000000
vt -4.477614 3.223816 0.000000
vt -4.477478 3.223853 0.000000
vt -4.477493 3.223805 0.000000
vt -4.477545 3.223781 0.000000
vt -4.477502 3.223788 0.000000
vt -4.477523 3.223775 0.000000
vt -4.477511 3.223776 0.000000
vt -4.477514 3.223775 0.000000
vt -4.477516 3.223774 0.000000
vt -4.467578 3.477662 0.000000
vt -6.060000 3.850000 0.000000
vt -4.467519 3.477734 0.000000
vt -4.467453 3.477786 0.000000
vt -4.467418 3.477805 0.000000
vt -4.089738 3.791783 0.000000
vt -6.170000 4.350000 0.000000
vt -4.042325 3.840890 0.000000
vt -3.986656 3.877403 0.000000
vt -4.115198 3.752164 0.000000
vt -4.467381 3.477818 0.000000
vt -4.134982 3.708029 0.000000
vt -4.467342 3.477826 0.000000
vt -4.467302 3.477828 0.000000
vt -4.158001 3.604988 0.000000
vt -4.467214 3.477815 0.000000
vt -4.467118 3.477777 0.000000
vt -4.467013 3.477714 0.000000
vt -4.262919 3.445892 0.000000
vt -4.231343 3.456292 0.000000
vt -4.466773 3.477506 0.000000
vt -4.465317 3.475406 0.000000
vt -4.289882 3.431752 0.000000
vt -4.462827 3.470804 0.000000
vt -4.309880 3.415409 0.000000
vt -4.436025 3.414805 0.000000
vt -4.316532 3.406892 0.000000
vt -4.320561 3.398401 0.000000
vt -4.325958 3.370844 0.000000
vt -4.402846 3.345908 0.000000
vt -4.325958 3.344638 0.000000
vt -4.384272 3.312888 0.000000
vt -4.323239 3.331203 0.000000
vt -4.318813 3.318996 0.000000
vt -4.312677 3.308015 0.000000
vt -4.304831 3.298256 0.000000
vt -4.312623 3.221448 0.000000
vt -4.295274 3.289718 0.000000
vt -4.284003 3.282398 0.000000
vt -4.256320 3.271401 0.000000
vt -4.244916 3.269020 0.000000
vt -4.229544 3.268543 0.000000
vt -4.240233 3.161202 0.000000
vt -4.205044 3.270210 0.000000
vt -4.106530 3.158637 0.000000
vt -4.176098 3.278386 0.000000
vt -4.101062 3.161546 0.000000
vt -4.090176 3.168911 0.000000
vt -4.096092 3.164426 0.000000
vt -4.161811 3.122705 0.000000
vt -4.114801 3.151059 0.000000
vt -4.111108 3.155145 0.000000
vt -4.123922 3.112757 0.000000
vt -4.120112 3.121435 0.000000
vt -4.120603 3.135159 0.000000
vt -4.119545 3.141075 0.000000
vt -4.118736 3.112122 0.000000
vt -4.117612 3.146372 0.000000
vt -4.076602 3.181575 0.000000
vt -4.050156 3.213828 0.000000
vt -4.069947 3.258913 0.000000
vt -4.042629 3.226871 0.000000
vt -4.042404 3.242786 0.000000
vt -4.037562 3.237852 0.000000
vt -4.038187 3.239609 0.000000
vt -4.037776 3.239091 0.000000
vt -4.037644 3.238858 0.000000
vt -4.037515 3.238041 0.000000
vt -4.037496 3.238234 0.000000
vt -4.037508 3.238432 0.000000
vt -4.037556 3.238639 0.000000
vt -4.147602 3.286098 0.000000
vt -4.110799 3.282513 0.000000
vt -4.126886 3.287699 0.000000
vt -4.118684 3.286495 0.000000
vt -4.158636 3.480633 0.000000
vt -4.177368 3.463383 0.000000
vt -4.157577 3.467298 0.000000
vt -4.157577 3.464018 0.000000
vt -3.903458 3.909827 0.000000
vt -3.814148 3.927885 0.000000
vt -3.367473 3.972155 0.000000
vt -3.763877 3.929896 0.000000
vt -3.367714 3.972098 0.000000
vt -3.683444 3.923546 0.000000
vt -3.368317 3.971869 0.000000
vt -3.372651 3.969186 0.000000
vt -3.545331 3.914127 0.000000
vt -3.393990 3.952968 0.000000
vt -3.467650 3.918360 0.000000
vt -3.444089 3.923202 0.000000
vt -3.426798 3.929155 0.000000
vt -3.367269 3.972174 0.000000
vt -3.367101 3.972158 0.000000
vt -3.367030 3.972137 0.000000
vt -3.366967 3.972108 0.000000
vt -3.366912 3.972071 0.000000
vt -3.366864 3.972026 0.000000
vt -3.366824 3.971972 0.000000
vt -14.400000 0.500000 0.000000
vt -4.200000 -0.559808 0.000000
vt -4.127646 -0.589778 0.000000
vt -4.050000 -0.600000 0.000000
vt -3.250000 -0.600000 0.000000
vt -3.650000 -0.300000 0.000000
vt -3.688823 -0.294889 0.000000
vt -3.725000 -0.279904 0.000000
vt -3.172354 -0.589778 0.000000
vt -3.543934 -0.256066 0.000000
vt -3.575000 -0.279904 0.000000
vt -3.611177 -0.294889 0.000000
vt -3.100000 -0.559808 0.000000
vt -3.037868 -0.512132 0.000000
vt -2.990192 -0.450000 0.000000
vt -2.960222 -0.377646 0.000000
vt -3.520096 -0.225000 0.000000
vt -2.950000 -0.300000 0.000000
vt -3.505111 -0.188823 0.000000
vt -3.500000 -0.150000 0.000000
vt -3.505111 -0.111177 0.000000
vt -3.520096 -0.075000 0.000000
vt -3.543934 -0.043934 0.000000
vt -3.575000 -0.020096 0.000000
vt -0.700000 4.650000 0.000000
vt -1.700000 4.650000 0.000000
vt -6.170000 3.850000 0.000000
vt -6.170000 3.600000 0.000000
vt -6.470000 3.600000 0.000000
vt -6.580000 3.600000 0.000000
vt -7.200000 4.049454 0.000000
vt -6.580000 3.850000 0.000000
vt -6.470000 4.350000 0.000000
vt -6.470000 3.850000 0.000000
vt -8.300000 4.350000 0.000000
vt -8.300000 4.650000 0.000000
vt -9.300000 4.650000 0.000000
vt -14.400000 1.520000 0.000000
vt -14.100000 1.160000 0.000000
vt -13.600000 1.160000 0.000000
vt -13.350000 1.160000 0.000000
vt -13.150000 1.160000 0.000000
vt -12.800000 1.600000 0.000000
vt -12.798296 1.612941 0.000000
vt -12.800000 1.000000 0.000000
vt -13.150000 0.860000 0.000000
vt -12.798296 0.987059 0.000000
vt -12.793301 0.975000 0.000000
vt -12.785355 0.964645 0.000000
vt -12.775000 0.956699 0.000000
vt -12.762941 0.951704 0.000000
vt -12.750000 0.950000 0.000000
vt -13.350000 0.860000 0.000000
vt 0.300000 6.170000 0.000000
vt 0.000000 6.170000 0.000000
vt 0.300000 1.700000 0.000000
vt -0.000000 1.700000 0.000000
vt 0.000000 -0.500000 0.000000
vt -0.300000 -0.500000 0.000000
vt -0.000000 -0.860000 0.000000
vt -0.300000 -0.860000 0.000000
vt 0.300000 0.000000 0.000000
vt 0.000000 0.000000 0.000000
vt 0.300000 -1.000000 0.000000
vt 0.000000 -1.000000 0.000000
vt 0.300000 0.000000 0.000000
vt 0.000000 0.000000 0.000000
vt 0.300000 -0.300000 0.000000
vt 0.000000 -0.300000 0.000000
vt -0.300000 0.000000 0.000000
vt 0.000000 0.000000 0.000000
vt -0.300000 0.300000 0.000000
vt 0.000000 0.300000 0.000000
vt 0.000000 6.470000 0.000000
vt 0.300000 6.470000 0.000000
vt -0.000000 8.300000 0.000000
vt 0.300000 8.300000 0.000000
vt 0.300000 0.700000 0.000000
vt -0.000000 0.700000 0.000000
vt 0.300000 0.000000 0.000000
vt -0.000000 0.000000 0.000000
vt 0.300000 4.350000 0.000000
vt -0.000000 4.350000 0.000000
vt 0.300000 0.000000 0.000000
vt -0.000000 0.000000 0.000000
vt -0.300000 -2.030000 0.000000
vt -0.000000 -2.030000 0.000000
vt -0.300000 0.300000 0.000000
vt -0.000000 0.300000 0.000000
vt -0.000000 0.300000 0.000000
vt 0.300000 0.300000 0.000000
vt -0.000000 5.100000 0.000000
vt 0.300000 5.100000 0.000000
vt -0.300000 -9.750000 0.000000
vt -0.000000 -9.750000 0.000000
vt -0.300000 0.300000 0.000000
vt 0.000000 0.300000 0.000000
vt -0.300000 -0.300000 0.000000
vt -0.000000 -0.300000 0.000000
vt -0.300000 0.000000 0.000000
vt -0.000000 0.000000 0.000000
vt -0.300000 -1.100000 0.000000
vt -0.000000 -1.100000 0.000000
vt -0.300000 -0.300000 0.000000
vt -0.000000 -0.300000 0.000000
vt -0.000000 0.300000 0.000000
vt 0.300000 0.300000 0.000000
vt -0.000000 0.600000 0.000000
vt 0.300000 0.600000 0.000000
vt -0.300000 -2.950000 0.000000
vt -0.000000 -2.950000 0.000000
vt -0.300000 -0.000000 0.000000
vt -0.000000 -0.000000 0.000000
vt 0.000000 -0.942478 0.000000
vt 0.300000 -0.942478 0.000000
vt 0.000000 -0.863938 0.000000
vt 0.300000 -0.863938 0.000000
vt 0.000000 -0.785398 0.000000
vt 0.300000 -0.785398 0.000000
vt 0.000000 -0.706858 0.000000
vt 0.300000 -0.706858 0.000000
vt 0.000000 -0.628319 0.000000
vt 0.300000 -0.628319 0.000000
vt 0.000000 -0.549779 0.000000
vt 0.300000 -0.549779 0.000000
vt 0.000000 -0.471239 0.000000
vt 0.300000 -0.471239 0.000000
vt -0.300000 -0.942478 0.000000
vt -0.000000 -0.942478 0.000000
vt -0.300000 -0.863938 0.000000
vt -0.000000 -0.863938 0.000000
vt -0.300000 -0.785398 0.000000
vt -0.000000 -0.785398 0.000000
vt -0.300000 -0.706858 0.000000
vt -0.000000 -0.706858 0.000000
vt -0.300000 -0.628319 0.000000
vt -0.000000 -0.628319 0.000000
vt -0.300000 -0.549779 0.000000
vt -0.000000 -0.549779 0.000000
vt -0.300000 -0.471239 0.000000
vt -0.000000 -0.471239 0.000000
vt -0.300000 -0.471239 0.000000
vt -0.000000 -0.471239 0.000000
vt -0.300000 -0.392699 0.000000
vt -0.000000 -0.392699 0.000000
vt -0.300000 -0.314159 0.000000
vt -0.000000 -0.314159 0.000000
vt -0.300000 -0.235619 0.000000
vt -0.000000 -0.235619 0.000000
vt -0.300000 -0.157080 0.000000
vt -0.000000 -0.157080 0.000000
vt -0.300000 -0.078540 0.000000
vt -0.000000 -0.078540 0.000000
vt -0.300000 0.000000 0.000000
vt -0.000000 0.000000 0.000000
vt 0.300000 0.039270 0.000000
vt 0.000000 0.039270 0.000000
vt 0.300000 0.000000 0.000000
vt 0.000000 0.000000 0.000000
vt 0.300000 -0.039270 0.000000
vt 0.000000 -0.039270 0.000000
vt 0.300000 -0.078540 0.000000
vt -0.000000 -0.078540 0.000000
vt 0.300000 -0.117810 0.000000
vt -0.000000 -0.117810 0.000000
vt 0.300000 -0.157080 0.000000
vt -0.000000 -0.157080 0.000000
vt 0.300000 -0.196350 0.000000
vt -0.000000 -0.196350 0.000000
vt 0.300000 -0.235619 0.000000
vt 0.000000 -0.235619 0.000000
vt 0.300000 -0.274889 0.000000
vt 0.000000 -0.274889 0.000000
vt 0.300000 -0.314159 0.000000
vt 0.000000 -0.314159 0.000000
vt 0.300000 -0.353429 0.000000
vt 0.000000 -0.353429 0.000000
vt 0.300000 -0.392699 0.000000
vt 0.000000 -0.392699 0.000000
vt 0.300000 -0.431969 0.000000
vt 0.000000 -0.431969 0.000000
vt 0.300000 -0.471239 0.000000
vt 0.000000 -0.471239 0.000000
vt 0.300000 0.471239 0.000000
vt 0.000000 0.471239 0.000000
vt 0.300000 0.431969 0.000000
vt 0.000000 0.431969 0.000000
vt 0.300000 0.392699 0.000000
vt 0.000000 0.392699 0.000000
vt 0.300000 0.353429 0.000000
vt 0.000000 0.353429 0.000000
vt 0.300000 0.314159 0.000000
vt 0.000000 0.314159 0.000000
vt 0.300000 0.274889 0.000000
vt 0.000000 0.274889 0.000000
vt 0.300000 0.235619 0.000000
vt 0.000000 0.235619 0.000000
vt 0.300000 0.196350 0.000000
vt 0.000000 0.196350 0.000000
vt 0.300000 0.157080 0.000000
vt 0.000000 0.157080 0.000000
vt 0.300000 0.117810 0.000000
vt 0.000000 0.117810 0.000000
vt 0.300000 0.078540 0.000000
vt 0.000000 0.078540 0.000000
vt 0.300000 0.000000 0.000000
vt 0.000000 0.000000 0.000000
vt 0.300000 -0.300000 0.000000
vt 0.000000 -0.300000 0.000000
vt 0.300000 0.000000 0.000000
vt 0.000000 0.000000 0.000000
vt 0.300000 -1.000000 0.000000
vt 0.000000 -1.000000 0.000000
vt -0.000000 -0.050000 0.000000
vt -0.300000 -0.050000 0.000000
vt -0.000000 -1.750000 0.000000
vt -0.300000 -1.750000 0.000000
vt -0.000000 -0.050000 0.000000
vt -0.300000 -0.050000 0.000000
vt -0.000000 -0.650000 0.000000
vt -0.300000 -0.650000 0.000000
vt 0.300000 1.750000 0.000000
vt -0.000000 1.750000 0.000000
vt 0.300000 0.050000 0.000000
vt -0.000000 0.050000 0.000000
vt -0.000000 0.050000 0.000000
vt 0.300000 0.050000 0.000000
vt -0.000000 0.650000 0.000000
vt 0.300000 0.650000 0.000000
vt 0.000000 -0.078540 0.000000
vt 0.300000 -0.078540 0.000000
vt 0.000000 -0.065450 0.000000
vt 0.300000 -0.065450 0.000000
vt 0.000000 -0.052360 0.000000
vt 0.300000 -0.052360 0.000000
vt 0.000000 -0.039270 0.000000
vt 0.300000 -0.039270 0.000000
vt 0.000000 -0.026180 0.000000
vt 0.300000 -0.026180 0.000000
vt 0.000000 -0.013090 0.000000
vt 0.300000 -0.013090 0.000000
vt 0.000000 0.000000 0.000000
vt 0.300000 0.000000 0.000000
vt 0.000000 0.000000 0.000000
vt 0.300000 0.000000 0.000000
vt 0.000000 0.013090 0.000000
vt 0.300000 0.013090 0.000000
vt 0.000000 0.026180 0.000000
vt 0.300000 0.026180 0.000000
vt 0.000000 0.039270 0.000000
vt 0.300000 0.039270 0.000000
vt 0.000000 0.052360 0.000000
vt 0.300000 0.052360 0.000000
vt 0.000000 0.065450 0.000000
vt 0.300000 0.065450 0.000000
vt 0.000000 0.078540 0.000000
vt 0.300000 0.078540 0.000000
vt 0.000000 0.078540 0.000000
vt 0.300000 0.078540 0.000000
vt 0.000000 0.091630 0.000000
vt 0.300000 0.091630 0.000000
vt 0.000000 0.104720 0.000000
vt 0.300000 0.104720 0.000000
vt 0.000000 0.117810 0.000000
vt 0.300000 0.117810 0.000000
vt 0.000000 0.130900 0.000000
vt 0.300000 0.130900 0.000000
vt 0.000000 0.143990 0.000000
vt 0.300000 0.143990 0.000000
vt 0.000000 0.157080 0.000000
vt 0.300000 0.157080 0.000000
vt 0.000000 -0.157080 0.000000
vt 0.300000 -0.157080 0.000000
vt 0.000000 -0.143990 0.000000
vt 0.300000 -0.143990 0.000000
vt 0.000000 -0.130900 0.000000
vt 0.300000 -0.130900 0.000000
vt 0.000000 -0.117810 0.000000
vt 0.300000 -0.117810 0.000000
vt 0.000000 -0.104720 0.000000
vt 0.300000 -0.104720 0.000000
vt 0.000000 -0.091630 0.000000
vt 0.300000 -0.091630 0.000000
vt 0.000000 -0.078540 0.000000
vt 0.300000 -0.078540 0.000000
vt -2.670000 0.500000 0.000000
vt -2.970000 0.500000 0.000000
vt -2.670000 0.000000 0.000000
vt -2.970000 0.000000 0.000000
vt -2.670000 0.110000 0.000000
vt -2.970000 0.110000 0.000000
vt -2.670000 0.000000 0.000000
vt -2.970000 0.000000 0.000000
vt -2.670000 0.250000 0.000000
vt -2.970000 0.250000 0.000000
vt -2.670000 0.000000 0.000000
vt -2.970000 0.000000 0.000000
vt 2.670000 -0.110000 0.000000
vt 2.970000 -0.110000 0.000000
vt 2.670000 0.000000 0.000000
vt 2.970000 0.000000 0.000000
vt -2.670000 0.200000 0.000000
vt -2.970000 0.200000 0.000000
vt -2.670000 0.000000 0.000000
vt -2.970000 0.000000 0.000000
vt 2.670000 -0.300000 0.000000
vt 2.970000 -0.300000 0.000000
vt 2.670000 0.000000 0.000000
vt 2.970000 0.000000 0.000000
vt 2.670000 -0.200000 0.000000
vt 2.970000 -0.200000 0.000000
vt 2.670000 0.000000 0.000000
vt 2.970000 0.000000 0.000000
vt -2.670000 0.110000 0.000000
vt -2.970000 0.110000 0.000000
vt -2.670000 0.000000 0.000000
vt -2.970000 0.000000 0.000000
vt 2.670000 -0.110000 0.000000
vt 2.970000 -0.110000 0.000000
vt 2.670000 0.000000 0.000000
vt 2.970000 0.000000 0.000000
vt 2.670000 -0.250000 0.000000
vt 2.970000 -0.250000 0.000000
vt 2.670000 0.000000 0.000000
vt 2.970000 0.000000 0.000000
vt 2.670000 -0.500000 0.000000
vt 2.970000 -0.500000 0.000000
vt 2.670000 0.000000 0.000000
vt 2.970000 0.000000 0.000000
vt -2.670000 0.000000 0.000000
vt -2.970000 0.000000 0.000000
vt -2.670000 -0.500000 0.000000
vt -2.970000 -0.500000 0.000000
vt 2.670000 0.000000 0.000000
vt 2.970000 0.000000 0.000000
vt 2.670000 0.110000 0.000000
vt 2.970000 0.110000 0.000000
vt -2.670000 0.000000 0.000000
vt -2.970000 0.000000 0.000000
vt -2.670000 -0.250000 0.000000
vt -2.970000 -0.250000 0.000000
vt -2.670000 0.000000 0.000000
vt -2.970000 0.000000 0.000000
vt -2.670000 -0.110000 0.000000
vt -2.970000 -0.110000 0.000000
vt -2.670000 0.000000 0.000000
vt -2.970000 0.000000 0.000000
vt -2.670000 -0.300000 0.000000
vt -2.970000 -0.300000 0.000000
vt -2.670000 0.000000 0.000000
vt -2.970000 0.000000 0.000000
vt -2.670000 -0.200000 0.000000
vt -2.970000 -0.200000 0.000000
vt 2.670000 0.000000 0.000000
vt 2.970000 0.000000 0.000000
vt 2.670000 0.200000 0.000000
vt 2.970000 0.200000 0.000000
vt -2.670000 0.000000 0.000000
vt -2.970000 0.000000 0.000000
vt -2.670000 -0.110000 0.000000
vt -2.970000 -0.110000 0.000000
vt 2.670000 0.000000 0.000000
vt 2.970000 0.000000 0.000000
vt 2.670000 0.250000 0.000000
vt 2.970000 0.250000 0.000000
vt 2.670000 0.000000 0.000000
vt 2.970000 0.000000 0.000000
vt 2.670000 0.110000 0.000000
vt 2.970000 0.110000 0.000000
vt 2.670000 0.000000 0.000000
vt 2.970000 0.000000 0.000000
vt 2.670000 0.500000 0.000000
vt 2.970000 0.500000 0.000000
vt -0.300000 0.000000 0.000000
vt 0.000000 0.000000 0.000000
vt -0.300000 0.500000 0.000000
vt 0.000000 0.500000 0.000000
vt 0.300000 0.000000 0.000000
vt 0.000000 0.000000 0.000000
vt 0.300000 -0.300000 0.000000
vt 0.000000 -0.300000 0.000000
vt -0.300000 -0.500000 0.000000
vt -0.000000 -0.500000 0.000000
vt -0.300000 0.000000 0.000000
vt -0.000000 0.000000 0.000000
vt -0.300000 -0.300000 0.000000
vt -0.000000 -0.300000 0.000000
vt -0.300000 0.000000 0.000000
vt -0.000000 0.000000 0.000000
vn 0.000000 1.000000 0.000000
vn 0.000000 1.000000 0.000000
vn -0.258819 0.965926 0.000000
vn -0.258819 0.965926 0.000000
vn -0.500000 0.866025 0.000000
vn -0.500000 0.866025 0.000000
vn -0.707107 0.707107 0.000000
vn -0.707107 0.707107 0.000000
vn -0.866025 0.500000 0.000000
vn -0.866025 0.500000 0.000000
vn -0.965926 0.258819 0.000000
vn -0.965926 0.258819 0.000000
vn -1.000000 -0.000000 -0.000000
vn -1.000000 -0.000000 -0.000000
vn -1.000000 0.000000 -0.000000
vn -1.000000 0.000000 -0.000000
vn -0.965926 -0.258819 0.000000
vn -0.965926 -0.258819 0.000000
vn -0.866025 -0.500000 0.000000
vn -0.866025 -0.500000 0.000000
vn -0.707107 -0.707107 0.000000
vn -0.707107 -0.707107 0.000000
vn -0.500000 -0.866025 0.000000
vn -0.500000 -0.866025 0.000000
vn -0.258819 -0.965926 0.000000
vn -0.258819 -0.965926 0.000000
vn -0.000000 -1.000000 0.000000
vn -0.000000 -1.000000 0.000000
vn -0.000000 -1.000000 -0.000000
vn -0.000000 -1.000000 -0.000000
vn 1.000000 -0.000000 0.000000
vn 1.000000 -0.000000 0.000000
vn 0.965926 0.258819 0.000000
vn 0.965926 0.258819 0.000000
vn 0.866025 0.500000 0.000000
vn 0.866025 0.500000 0.000000
vn 0.707107 0.707107 0.000000
vn 0.707107 0.707107 0.000000
vn 0.500000 0.866025 0.000000
vn 0.500000 0.866025 0.000000
vn 0.258819 0.965926 0.000000
vn 0.258819 0.965926 0.000000
vn 0.000000 1.000000 0.000000
vn 0.000000 1.000000 0.000000
vn 0.258819 -0.965926 0.000000
vn 0.258819 -0.965926 0.000000
vn 0.500000 -0.866025 0.000000
vn 0.500000 -0.866025 0.000000
vn 0.707107 -0.707107 0.000000
vn 0.707107 -0.707107 0.000000
vn 0.866025 -0.500000 0.000000
vn 0.866025 -0.500000 0.000000
vn 0.965926 -0.258819 0.000000
vn 0.965926 -0.258819 0.000000
vn 1.000000 0.000000 0.000000
vn 1.000000 0.000000 0.000000
vn 0.000000 0.000000 1.000000
vn 0.000000 0.000000 1.000000
vn 0.000000 0.000000 1.000000
vn 0.000000 0.000000 1.000000
vn 0.000000 0.000000 1.000000
vn 0.000000 0.000000 1.000000
vn 0.000000 0.000000 1.000000
vn 0.000000 0.000000 1.000000
vn 0.000000 0.000000 1.000000
vn 0.000000 0.000000 1.000000
vn 0.000000 0.000000 1.000000
vn 0.000000 0.000000 1.000000
vn 0.000000 0.000000 1.000000
vn 0.000000 0.000000 1.000000
vn 0.000000 0.000000 1.000000
vn 0.000000 0.000000 1.000000
vn 0.000000 0.000000 1.000000
vn 0.000000 0.000000 1.000000
vn 0.000000 0.000000 1.000000
vn 0.000000 0.000000 1.000000
vn 0.000000 0.000000 1.000000
vn 0.000000 0.000000 1.000000
vn 0.000000 0.000000 1.000000
vn 0.000000 0.000000 1.000000
vn 0.000000 0.000000 1.000000
vn 0.000000 0.000000 1.000000
vn 0.000000 0.000000 1.000000
vn 0.000000 0.000000 1.000000
vn 0.000000 0.000000 1.000000
vn 0.000000 0.000000 1.000000
vn 0.000000 0.000000 1.000000
vn 0.000000 0.000000 1.000000
vn 0.000000 0.000000 1.000000
vn 0.000000 0.000000 1.000000
vn 0.000000 0.000000 1.000000
vn 0.000000 0.000000 1.000000
vn 0.000000 0.000000 1.000000
vn 0.000000 0.000000 1.000000
vn 0.000000 0.000000 1.000000
vn 0.000000 0.000000 1.000000
vn 0.000000 0.000000 1.000000
vn 0.000000 0.000000 1.000000
vn 0.000000 0.000000 1.000000
vn 0.000000 0.000000 1.000000
vn 0.000000 0.000000 1.000000
vn 0.000000 0.000000 1.000000
vn 0.000000 0.000000 1.000000
vn 0.000000 0.000000 1.000000
vn 0.000000 0.000000 1.000000
vn 0.000000 0.000000 1.000000
vn 0.000000 0.000000 1.000000
vn 0.000000 0.000000 1.000000
vn 0.000000 0.000000 1.000000
vn 0.000000 0.000000 1.000000
vn 0.000000 0.000000 1.000000
vn 0.000000 0.000000 1.000000
vn 0.000000 0.000000 1.000000
vn 0.000000 0.000000 1.000000
vn 0.000000 0.000000 1.000000
vn 0.000000 0.000000 1.000000
vn 0.000000 0.000000 1.000000
vn 0.000000 0.000000 1.000000
vn 0.000000 0.000000 1.000000
vn 0.000000 0.000000 1.000000
vn 0.000000 0.000000 1.000000
vn 0.000000 0.000000 1.000000
vn 0.000000 0.000000 1.000000
vn 0.000000 0.000000 1.000000
vn 0.000000 0.000000 1.000000
vn 0.000000 0.000000 1.000000
vn 0.000000 0.000000 1.000000
vn 0.000000 0.000000 1.000000
vn 0.000000 0.000000 1.000000
vn 0.000000 0.000000 1.000000
vn 0.000000 0.000000 1.000000
vn 0.000000 0.000000 1.000000
vn 0.000000 0.000000 1.000000
vn 0.000000 0.000000 1.000000
vn 0.000000 0.000000 1.000000
vn 0.000000 0.000000 1.000000
vn 0.000000 0.000000 1.000000
vn 0.000000 0.000000 1.000000
vn 0.000000 0.000000 1.000000
vn 0.000000 0.000000 1.000000
vn 0.000000 0.000000 1.000000
vn 0.000000 0.000000 1.000000
vn 0.000000 0.000000 1.000000
vn 0.000000 0.000000 1.000000
vn 0.000000 0.000000 1.000000
vn 0.000000 0.000000 1.000000
vn 0.000000 0.000000 1.000000
vn 0.000000 0.000000 1.000000
vn 0.000000 0.000000 1.000000
vn 0.000000 0.000000 1.000000
vn 0.000000 0.000000 1.000000
vn 0.000000 0.000000 1.000000
vn 0.000000 0.000000 1.000000
vn 0.000000 0.000000 1.000000
vn 0.000000 0.000000 1.000000
vn 0.000000 0.000000 1.000000
vn 0.000000 0.000000 1.000000
vn 0.000000 0.000000 1.000000
vn 0.000000 0.000000 1.000000
vn 0.000000 0.000000 1.000000
vn 0.000000 0.000000 1.000000
vn 0.000000 0.000000 1.000000
vn 0.000000 0.000000 1.000000
vn 0.000000 0.000000 1.000000
vn 0.000000 0.000000 1.000000
vn 0.000000 0.000000 1.000000
vn 0.000000 0.000000 1.000000
vn 0.000000 0.000000 1.000000
vn 0.000000 0.000000 1.000000
vn 0.000000 0.000000 1.000000
vn 0.000000 0.000000 1.000000
vn 0.000000 0.000000 1.000000
vn 0.000000 0.000000 1.000000
vn 0.000000 0.000000 1.000000
vn 0.000000 0.000000 1.000000
vn 0.000000 0.000000 1.000000
vn 0.000000 0.000000 1.000000
vn 0.000000 0.000000 1.000000
vn 0.000000 0.000000 1.000000
vn 0.000000 0.000000 1.000000
vn 0.000000 0.000000 1.000000
vn 0.000000 0.000000 1.000000
vn 0.000000 0.000000 1.000000
vn 0.000000 0.000000 1.000000
vn 0.000000 0.000000 1.000000
vn 0.000000 0.000000 1.000000
vn 0.000000 0.000000 1.000000
vn 0.000000 0.000000 1.000000
vn 0.000000 0.000000 1.000000
vn 0.000000 0.000000 1.000000
vn 0.000000 0.000000 1.000000
vn 0.000000 0.000000 1.000000
vn 0.000000 0.000000 1.000000
vn 0.000000 0.000000 1.000000
vn 0.000000 0.000000 1.000000
vn 0.000000 0.000000 1.000000
vn 0.000000 0.000000 1.000000
vn 0.000000 0.000000 1.000000
vn 0.000000 0.000000 1.000000
vn 0.000000 0.000000 1.000000
vn 0.000000 0.000000 1.000000
vn 0.000000 0.000000 1.000000
vn 0.000000 0.000000 1.000000
vn 0.000000 0.000000 1.000000
vn 0.000000 0.000000 1.000000
vn 0.000000 0.000000 1.000000
vn 0.000000 0.000000 1.000000
vn 0.000000 0.000000 1.000000
vn 0.000000 0.000000 1.000000
vn 0.000000 0.000000 1.000000
vn 0.000000 0.000000 1.000000
vn 0.000000 0.000000 1.000000
vn 0.000000 0.000000 1.000000
vn 0.000000 0.000000 1.000000
vn 0.000000 0.000000 1.000000
vn 0.000000 0.000000 1.000000
vn 0.000000 0.000000 1.000000
vn 0.000000 0.000000 1.000000
vn 0.000000 0.000000 1.000000
vn 0.000000 0.000000 1.000000
vn 0.000000 0.000000 1.000000
vn 0.000000 0.000000 1.000000
vn 0.000000 0.000000 1.000000
vn 0.000000 0.000000 1.000000
vn 0.000000 0.000000 1.000000
vn 0.000000 0.000000 1.000000
vn 0.000000 0.000000 1.000000
vn 0.000000 0.000000 1.000000
vn 0.000000 0.000000 1.000000
vn 0.000000 0.000000 1.000000
vn 0.000000 0.000000 1.000000
vn 0.000000 0.000000 1.000000
vn 0.000000 0.000000 1.000000
vn 0.000000 0.000000 1.000000
vn 0.000000 0.000000 1.000000
vn 0.000000 0.000000 1.000000
vn 0.000000 0.000000 1.000000
vn 0.000000 0.000000 1.000000
vn 0.000000 0.000000 1.000000
vn 0.000000 0.000000 1.000000
vn 0.000000 0.000000 1.000000
vn 0.000000 0.000000 1.000000
vn 0.000000 0.000000 1.000000
vn 0.000000 0.000000 1.000000
vn 0.000000 0.000000 1.000000
vn 0.000000 0.000000 1.000000
vn 0.000000 0.000000 1.000000
vn 0.000000 0.000000 1.000000
vn 0.000000 0.000000 1.000000
vn 0.000000 0.000000 1.000000
vn 0.000000 0.000000 1.000000
vn 0.000000 0.000000 1.000000
vn 0.000000 0.000000 1.000000
vn 0.000000 0.000000 1.000000
vn 0.000000 0.000000 1.000000
vn 0.000000 0.000000 1.000000
vn 0.000000 0.000000 1.000000
vn 0.000000 0.000000 1.000000
vn 0.000000 0.000000 1.000000
vn 0.000000 0.000000 1.000000
vn 0.000000 0.000000 1.000000
vn 0.000000 0.000000 1.000000
vn 0.000000 0.000000 1.000000
vn 0.000000 0.000000 1.000000
vn 0.000000 0.000000 1.000000
vn 0.000000 0.000000 1.000000
vn 0.000000 0.000000 1.000000
vn 0.000000 0.000000 1.000000
vn 0.000000 0.000000 1.000000
vn 0.000000 0.000000 1.000000
vn 0.000000 0.000000 1.000000
vn 0.000000 0.000000 1.000000
vn 0.000000 0.000000 1.000000
vn 0.000000 0.000000 1.000000
vn 0.000000 0.000000 1.000000
vn 0.000000 0.000000 1.000000
vn 0.000000 0.000000 1.000000
vn 0.000000 0.000000 1.000000
vn 0.000000 0.000000 1.000000
vn 0.000000 0.000000 1.000000
vn 0.000000 0.000000 1.000000
vn 0.000000 0.000000 1.000000
vn 0.000000 0.000000 1.000000
vn 0.000000 0.000000 1.000000
vn 0.000000 0.000000 1.000000
vn 0.000000 0.000000 1.000000
vn 0.000000 0.000000 1.000000
vn 0.000000 0.000000 1.000000
vn 0.000000 0.000000 1.000000
vn 0.000000 0.000000 1.000000
vn 0.000000 0.000000 1.000000
vn 0.000000 0.000000 1.000000
vn 0.000000 0.000000 1.000000
vn 0.000000 0.000000 1.000000
vn 0.000000 0.000000 1.000000
vn 0.000000 0.000000 1.000000
vn 0.000000 0.000000 1.000000
vn 0.000000 0.000000 1.000000
vn 0.000000 0.000000 1.000000
vn 0.000000 0.000000 1.000000
vn 0.000000 0.000000 1.000000
vn 0.000000 0.000000 1.000000
vn 0.000000 0.000000 1.000000
vn 0.000000 0.000000 1.000000
vn 0.000000 0.000000 1.000000
vn 0.000000 0.000000 1.000000
vn 0.000000 0.000000 1.000000
vn 0.000000 0.000000 1.000000
vn 0.000000 0.000000 1.000000
vn 0.000000 0.000000 1.000000
vn 0.000000 0.000000 1.000000
vn 0.000000 0.000000 1.000000
vn 0.000000 0.000000 1.000000
vn 0.000000 0.000000 1.000000
vn 0.000000 0.000000 1.000000
vn 0.000000 0.000000 1.000000
vn 0.000000 0.000000 1.000000
vn 0.000000 0.000000 1.000000
vn 0.000000 0.000000 1.000000
vn 0.000000 0.000000 1.000000
vn 0.000000 0.000000 1.000000
vn 0.000000 0.000000 1.000000
vn 0.000000 0.000000 1.000000
vn 0.000000 0.000000 1.000000
vn 0.000000 0.000000 1.000000
vn 0.000000 0.000000 1.000000
vn 0.000000 0.000000 1.000000
vn 0.000000 0.000000 1.000000
vn 0.000000 0.000000 1.000000
vn 0.000000 0.000000 1.000000
vn 0.000000 0.000000 1.000000
vn 0.000000 0.000000 1.000000
vn 0.000000 0.000000 1.000000
vn 0.000000 0.000000 1.000000
vn 0.000000 0.000000 1.000000
vn 0.000000 0.000000 1.000000
vn 0.000000 0.000000 1.000000
vn 0.000000 0.000000 1.000000
vn 0.000000 0.000000 1.000000
vn 0.000000 0.000000 1.000000
vn 0.000000 0.000000 1.000000
vn 0.000000 0.000000 1.000000
vn 0.000000 0.000000 1.000000
vn 0.000000 0.000000 1.000000
vn 0.000000 0.000000 1.000000
vn 0.000000 0.000000 1.000000
vn 0.000000 0.000000 1.000000
vn 0.000000 0.000000 1.000000
vn 0.000000 0.000000 1.000000
vn 0.000000 0.000000 1.000000
vn 0.000000 0.000000 1.000000
vn 0.000000 0.000000 1.000000
vn 0.000000 0.000000 1.000000
vn 0.000000 0.000000 1.000000
vn 0.000000 0.000000 1.000000
vn 0.000000 0.000000 1.000000
vn 0.000000 0.000000 1.000000
vn 0.000000 0.000000 1.000000
vn 0.000000 0.000000 1.000000
vn 0.000000 0.000000 1.000000
vn 0.000000 0.000000 1.000000
vn 0.000000 0.000000 1.000000
vn 0.000000 0.000000 1.000000
vn 0.000000 0.000000 1.000000
vn 0.000000 0.000000 1.000000
vn 0.000000 0.000000 1.000000
vn 0.000000 0.000000 1.000000
vn 0.000000 0.000000 1.000000
vn 0.000000 0.000000 1.000000
vn 0.000000 0.000000 1.000000
vn 0.000000 0.000000 1.000000
vn 0.000000 0.000000 1.000000
vn 0.000000 0.000000 1.000000
vn 0.000000 0.000000 1.000000
vn 0.000000 0.000000 1.000000
vn 0.000000 0.000000 1.000000
vn 0.000000 0.000000 1.000000
vn 0.000000 0.000000 1.000000
vn 0.000000 0.000000 1.000000
vn 0.000000 0.000000 1.000000
vn 0.000000 0.000000 1.000000
vn 0.000000 0.000000 1.000000
vn 0.000000 0.000000 1.000000
vn 0.000000 0.000000 1.000000
vn 0.000000 0.000000 1.000000
vn 0.000000 0.000000 1.000000
vn 0.000000 0.000000 1.000000
vn 0.000000 0.000000 1.000000
vn 0.000000 0.000000 1.000000
vn 0.000000 0.000000 1.000000
vn 0.000000 0.000000 1.000000
vn 0.000000 0.000000 1.000000
vn 0.000000 0.000000 1.000000
vn 0.000000 0.000000 1.000000
vn 0.000000 0.000000 1.000000
vn 0.000000 0.000000 1.000000
vn 0.000000 0.000000 1.000000
vn 0.000000 0.000000 1.000000
vn 0.000000 0.000000 1.000000
vn 0.000000 0.000000 1.000000
vn 0.000000 0.000000 1.000000
vn 0.000000 0.000000 1.000000
vn 0.000000 0.000000 1.000000
vn 0.000000 0.000000 1.000000
vn 0.000000 0.000000 1.000000
vn 0.000000 0.000000 1.000000
vn 0.000000 0.000000 1.000000
vn 0.000000 0.000000 1.000000
vn 0.000000 0.000000 1.000000
vn 0.000000 0.000000 1.000000
vn 0.000000 0.000000 1.000000
vn 0.000000 0.000000 1.000000
vn 0.000000 0.000000 1.000000
vn 0.000000 0.000000 1.000000
vn 0.000000 0.000000 1.000000
vn 0.000000 0.000000 1.000000
vn 0.000000 0.000000 1.000000
vn 0.000000 0.000000 1.000000
vn 0.000000 0.000000 1.000000
vn 0.000000 0.000000 1.000000
vn 0.000000 0.000000 1.000000
vn 0.000000 0.000000 1.000000
vn 0.000000 0.000000 1.000000
vn 0.000000 0.000000 1.000000
vn 0.000000 0.000000 1.000000
vn 0.000000 0.000000 1.000000
vn 0.000000 0.000000 1.000000
vn 0.000000 0.000000 1.000000
vn 0.000000 0.000000 1.000000
vn 0.000000 0.000000 1.000000
vn 0.000000 0.000000 1.000000
vn 0.000000 0.000000 1.000000
vn 0.000000 0.000000 1.000000
vn 0.000000 0.000000 1.000000
vn 0.000000 0.000000 1.000000
vn 0.000000 0.000000 1.000000
vn 0.000000 0.000000 1.000000
vn 0.000000 0.000000 1.000000
vn 0.000000 0.000000 1.000000
vn 0.000000 0.000000 1.000000
vn 0.000000 0.000000 1.000000
vn 0.000000 0.000000 1.000000
vn 0.000000 0.000000 1.000000
vn 0.000000 0.000000 1.000000
vn 0.000000 0.000000 1.000000
vn 0.000000 0.000000 1.000000
vn 0.000000 0.000000 1.000000
vn 0.000000 0.000000 1.000000
vn 0.000000 0.000000 1.000000
vn 0.000000 0.000000 1.000000
vn 0.000000 0.000000 1.000000
vn 0.000000 0.000000 1.000000
vn 0.000000 0.000000 1.000000
vn 0.000000 0.000000 1.000000
vn 0.000000 0.000000 1.000000
vn 0.000000 0.000000 1.000000
vn 0.000000 0.000000 1.000000
vn 0.000000 0.000000 1.000000
vn 0.000000 0.000000 1.000000
vn 0.000000 0.000000 1.000000
vn 0.000000 0.000000 1.000000
vn 0.000000 0.000000 1.000000
vn 0.000000 0.000000 1.000000
vn 0.000000 0.000000 1.000000
vn 0.000000 0.000000 1.000000
vn 0.000000 0.000000 1.000000
vn 0.000000 0.000000 1.000000
vn 0.000000 0.000000 1.000000
vn 0.000000 0.000000 1.000000
vn 0.000000 0.000000 1.000000
vn 0.000000 0.000000 1.000000
vn 0.000000 0.000000 1.000000
vn 0.000000 0.000000 1.000000
vn 0.000000 0.000000 1.000000
vn 0.000000 0.000000 1.000000
vn 0.000000 0.000000 1.000000
vn 0.000000 0.000000 1.000000
vn 0.000000 0.000000 1.000000
vn 0.000000 0.000000 1.000000
vn 0.987120 -0.159982 -0.000000
vn 1.000000 -0.000000 -0.000000
vn 0.987120 -0.159982 -0.000000
vn 1.000000 -0.000000 -0.000000
vn 0.999994 0.003436 0.000000
vn 0.983035 0.183420 0.000000
vn 0.999994 0.003436 0.000000
vn 0.983035 0.183420 0.000000
vn 0.917607 0.397489 0.000000
vn 0.917607 0.397489 0.000000
vn 0.918543 0.395322 0.000000
vn 0.822253 0.569122 0.000000
vn 0.918543 0.395322 0.000000
vn 0.822253 0.569122 0.000000
vn 0.709711 0.704493 0.000000
vn 0.709711 0.704493 0.000000
vn 0.709987 0.704215 0.000000
vn 0.709987 0.704215 0.000000
vn 0.709987 0.704215 0.000000
vn 0.709987 0.704215 0.000000
vn 0.858622 -0.512610 -0.000000
vn 0.858622 -0.512610 -0.000000
vn 0.858622 -0.512610 -0.000000
vn 0.858622 -0.512610 -0.000000
vn 0.859308 -0.511458 -0.000000
vn 0.957631 -0.287998 -0.000000
vn 0.859308 -0.511458 -0.000000
vn 0.957631 -0.287998 -0.000000
vn 0.998181 -0.060283 -0.000000
vn 0.998181 -0.060283 -0.000000
vn 0.998256 -0.059027 -0.000000
vn 0.988482 0.151341 0.000000
vn 0.998256 -0.059027 -0.000000
vn 0.988482 0.151341 0.000000
vn 0.937285 0.348563 0.000000
vn 0.937285 0.348563 0.000000
vn 0.936730 0.350052 0.000000
vn 0.869381 0.494142 0.000000
vn 0.936730 0.350052 0.000000
vn 0.869381 0.494142 0.000000
vn 0.717761 0.696290 0.000000
vn 0.717761 0.696290 0.000000
vn 0.713809 0.700341 0.000000
vn 0.713809 0.700341 0.000000
vn 0.713809 0.700341 0.000000
vn 0.713809 0.700341 0.000000
vn 0.988659 -0.150176 -0.000000
vn 0.988659 -0.150176 -0.000000
vn 0.988659 -0.150176 -0.000000
vn 0.988659 -0.150176 -0.000000
vn 0.989500 -0.144534 -0.000000
vn 0.953712 -0.300720 -0.000000
vn 0.989500 -0.144534 -0.000000
vn 0.953712 -0.300720 -0.000000
vn 0.892098 -0.451842 -0.000000
vn 0.892098 -0.451842 -0.000000
vn 0.888218 -0.459423 -0.000000
vn 0.863112 -0.505012 -0.000000
vn 0.888218 -0.459423 -0.000000
vn 0.863112 -0.505012 -0.000000
vn 0.861366 -0.507985 -0.000000
vn 0.749501 -0.662004 -0.000000
vn 0.861366 -0.507985 -0.000000
vn 0.749501 -0.662004 -0.000000
vn 0.622614 -0.782529 -0.000000
vn 0.622614 -0.782529 -0.000000
vn 0.417293 -0.908772 -0.000000
vn 0.417293 -0.908772 -0.000000
vn 0.425061 -0.905165 -0.000000
vn 0.240530 -0.970642 -0.000000
vn 0.425061 -0.905165 -0.000000
vn 0.240530 -0.970642 -0.000000
vn 0.042897 -0.999079 -0.000000
vn 0.042897 -0.999079 -0.000000
vn -0.137023 -0.990568 -0.000000
vn -0.137023 -0.990568 -0.000000
vn -0.281289 -0.959623 -0.000000
vn -0.281289 -0.959623 -0.000000
vn -0.465199 -0.885206 -0.000000
vn -0.465199 -0.885206 -0.000000
vn -0.557899 -0.829909 -0.000000
vn -0.557899 -0.829909 -0.000000
vn -0.556993 -0.830517 -0.000000
vn -0.589220 -0.807973 -0.000000
vn -0.556993 -0.830517 -0.000000
vn -0.589220 -0.807973 -0.000000
vn -0.589266 -0.807939 -0.000000
vn -0.440143 -0.897928 -0.000000
vn -0.589266 -0.807939 -0.000000
vn -0.440143 -0.897928 -0.000000
vn -0.294268 -0.955723 -0.000000
vn -0.294268 -0.955723 -0.000000
vn -0.149253 -0.988799 -0.000000
vn -0.149253 -0.988799 -0.000000
vn -0.148340 -0.988936 -0.000000
vn 0.000000 -1.000000 -0.000000
vn -0.148340 -0.988936 -0.000000
vn 0.000000 -1.000000 -0.000000
vn 0.151458 -0.988464 -0.000000
vn 0.151458 -0.988464 -0.000000
vn 0.155963 -0.987763 -0.000000
vn 0.345705 -0.938343 -0.000000
vn 0.155963 -0.987763 -0.000000
vn 0.345705 -0.938343 -0.000000
vn 0.354227 -0.935159 -0.000000
vn 0.427269 -0.904125 -0.000000
vn 0.354227 -0.935159 -0.000000
vn 0.451937 -0.892050 -0.000000
vn 0.490538 -0.871420 -0.000000
vn 0.557735 -0.830019 -0.000000
vn 0.427269 -0.904125 -0.000000
vn 0.451937 -0.892050 -0.000000
vn 0.490538 -0.871420 -0.000000
vn 0.557735 -0.830019 -0.000000
vn 0.664241 -0.747518 -0.000000
vn 0.664241 -0.747518 -0.000000
vn 0.797363 -0.603500 -0.000000
vn 0.797363 -0.603500 -0.000000
vn 0.909381 -0.415965 -0.000000
vn 0.909381 -0.415965 -0.000000
vn 0.968907 -0.247424 -0.000000
vn 0.968907 -0.247424 -0.000000
vn 1.000000 -0.000000 -0.000000
vn 1.000000 -0.000000 -0.000000
vn 0.974584 0.224023 0.000000
vn 0.937052 0.349190 0.000000
vn 0.974584 0.224023 0.000000
vn 0.937052 0.349190 0.000000
vn 0.879680 0.475566 0.000000
vn 0.879680 0.475566 0.000000
vn 0.819916 0.572484 0.000000
vn 0.819916 0.572484 0.000000
vn 0.773888 0.633322 0.000000
vn 0.773888 0.633322 0.000000
vn 0.743876 0.668317 0.000000
vn 0.743876 0.668317 0.000000
vn 0.722618 0.691248 0.000000
vn 0.722618 0.691248 0.000000
vn 0.563962 0.825801 0.000000
vn 0.563962 0.825801 0.000000
vn 0.562310 0.826927 0.000000
vn 0.689214 0.724558 0.000000
vn 0.562310 0.826927 0.000000
vn 0.689214 0.724558 0.000000
vn 0.689502 0.724284 0.000000
vn 0.819917 0.572483 0.000000
vn 0.689502 0.724284 0.000000
vn 0.819917 0.572483 0.000000
vn 0.904990 0.425434 0.000000
vn 0.904990 0.425434 0.000000
vn 0.957264 0.289216 0.000000
vn 0.957264 0.289216 0.000000
vn 0.986435 0.164150 0.000000
vn 0.986435 0.164150 0.000000
vn 0.986394 0.164399 0.000000
vn 0.998909 0.046691 0.000000
vn 0.986394 0.164399 0.000000
vn 0.998909 0.046691 0.000000
vn 1.000000 -0.000000 -0.000000
vn 1.000000 -0.000000 -0.000000
vn 0.999999 0.001047 0.000000
vn 0.999277 0.038021 0.000000
vn 0.999999 0.001047 0.000000
vn 0.999277 0.038021 0.000000
vn 0.994526 0.104491 0.000000
vn 0.994526 0.104491 0.000000
vn 0.994569 0.104083 0.000000
vn 0.978653 0.205517 0.000000
vn 0.994569 0.104083 0.000000
vn 0.978653 0.205517 0.000000
vn 0.978043 0.208402 0.000000
vn 0.896603 0.442835 0.000000
vn 0.978043 0.208402 0.000000
vn 0.896603 0.442835 0.000000
vn 0.896436 0.443173 0.000000
vn 0.829637 0.558303 0.000000
vn 0.896436 0.443173 0.000000
vn 0.829637 0.558303 0.000000
vn 0.741015 0.671488 0.000000
vn 0.741015 0.671488 0.000000
vn 0.629576 0.776939 0.000000
vn 0.629576 0.776939 0.000000
vn 0.496956 0.867776 0.000000
vn 0.496956 0.867776 0.000000
vn 0.495631 0.868533 0.000000
vn 0.367344 0.930085 0.000000
vn 0.495631 0.868533 0.000000
vn 0.367344 0.930085 0.000000
vn 0.368488 0.929633 0.000000
vn 0.161030 0.986950 0.000000
vn 0.368488 0.929633 0.000000
vn 0.161030 0.986950 0.000000
vn 0.000000 1.000000 0.000000
vn 0.000000 1.000000 0.000000
vn -0.076696 0.997054 -0.000000
vn -0.076696 0.997054 -0.000000
vn -0.064799 0.997898 -0.000000
vn -0.057050 0.998371 -0.000000
vn -0.064799 0.997898 -0.000000
vn -0.057050 0.998371 -0.000000
vn -0.056646 0.998394 -0.000000
vn -0.233576 0.972339 -0.000000
vn -0.056646 0.998394 -0.000000
vn -0.233576 0.972339 -0.000000
vn -0.447214 0.894427 -0.000000
vn -0.447214 0.894427 -0.000000
vn -0.448147 0.893960 -0.000000
vn -0.568360 0.822780 -0.000000
vn -0.448147 0.893960 -0.000000
vn -0.568360 0.822780 -0.000000
vn -0.673352 0.739322 -0.000000
vn -0.673352 0.739322 -0.000000
vn -0.677057 0.735931 -0.000000
vn -0.677057 0.735931 -0.000000
vn -0.677057 0.735931 -0.000000
vn -0.677057 0.735931 -0.000000
vn 0.466409 0.884569 0.000000
vn 0.466409 0.884569 0.000000
vn 0.466409 0.884569 0.000000
vn 0.466409 0.884569 0.000000
vn 0.464352 0.885651 0.000000
vn 0.244154 0.969737 0.000000
vn 0.464352 0.885651 0.000000
vn 0.244154 0.969737 0.000000
vn 0.003205 0.999995 0.000000
vn 0.003205 0.999995 0.000000
vn 0.000000 1.000000 0.000000
vn -0.183401 0.983038 -0.000000
vn 0.000000 1.000000 0.000000
vn -0.183401 0.983038 -0.000000
vn -0.361538 0.932358 -0.000000
vn -0.361538 0.932358 -0.000000
vn -0.515822 0.856696 -0.000000
vn -0.515822 0.856696 -0.000000
vn -0.637528 0.770427 -0.000000
vn -0.637528 0.770427 -0.000000
vn -0.626391 0.779509 -0.000000
vn -0.626557 0.779376 -0.000000
vn -0.626391 0.779509 -0.000000
vn -0.626557 0.779376 -0.000000
vn -0.724416 0.689363 -0.000000
vn -0.724416 0.689363 -0.000000
vn -0.717900 0.696146 -0.000000
vn -0.853036 0.521853 -0.000000
vn -0.717900 0.696146 -0.000000
vn -0.853036 0.521853 -0.000000
vn -0.936907 0.349578 -0.000000
vn -0.936907 0.349578 -0.000000
vn -0.982389 0.186845 -0.000000
vn -0.982389 0.186845 -0.000000
vn -0.999408 0.034403 -0.000000
vn -0.999408 0.034403 -0.000000
vn -0.999414 0.034227 -0.000000
vn -0.989885 -0.141873 -0.000000
vn -0.999414 0.034227 -0.000000
vn -0.989885 -0.141873 -0.000000
vn -0.944069 -0.329747 -0.000000
vn -0.944069 -0.329747 -0.000000
vn -0.944674 -0.328012 -0.000000
vn -0.948683 -0.316228 -0.000000
vn -0.944674 -0.328012 -0.000000
vn -0.948683 -0.316228 -0.000000
vn -0.999666 -0.025862 -0.000000
vn -0.999666 -0.025862 -0.000000
vn -0.976187 -0.216930 -0.000000
vn -0.999666 -0.025862 -0.000000
vn -0.999666 -0.025862 -0.000000
vn -0.996854 0.079255 -0.000000
vn -0.996854 0.079255 -0.000000
vn -0.982235 0.187655 -0.000000
vn -0.982235 0.187655 -0.000000
vn -0.961020 0.276480 -0.000000
vn -0.961020 0.276480 -0.000000
vn -0.939549 0.342414 -0.000000
vn -0.939549 0.342414 -0.000000
vn -0.912818 0.408366 -0.000000
vn -0.939549 0.342414 -0.000000
vn -0.939549 0.342414 -0.000000
vn -0.961020 0.276480 -0.000000
vn -0.961020 0.276480 -0.000000
vn -0.982235 0.187655 -0.000000
vn -0.982235 0.187655 -0.000000
vn -0.996854 0.079255 -0.000000
vn -0.996854 0.079255 -0.000000
vn -0.999666 -0.025862 -0.000000
vn -0.999666 -0.025862 -0.000000
vn -0.976187 -0.216930 -0.000000
vn -0.999666 -0.025862 -0.000000
vn -0.999666 -0.025862 -0.000000
vn -0.996854 0.079255 -0.000000
vn -0.996854 0.079255 -0.000000
vn -0.982235 0.187655 -0.000000
vn -0.982235 0.187655 -0.000000
vn -0.961020 0.276480 -0.000000
vn -0.961020 0.276480 -0.000000
vn -0.939549 0.342414 -0.000000
vn -0.939549 0.342414 -0.000000
vn -0.912818 0.408366 -0.000000
vn -0.939549 0.342414 -0.000000
vn -0.939549 0.342414 -0.000000
vn -0.961020 0.276480 -0.000000
vn -0.961020 0.276480 -0.000000
vn -0.982235 0.187655 -0.000000
vn -0.982235 0.187655 -0.000000
vn -0.996854 0.079255 -0.000000
vn -0.996854 0.079255 -0.000000
vn -0.996854 0.079255 -0.000000
vn -0.982235 0.187655 -0.000000
vn -0.982235 0.187655 -0.000000
vn -0.961020 0.276480 -0.000000
vn -0.961020 0.276480 -0.000000
vn -0.939549 0.342414 -0.000000
vn -0.939549 0.342414 -0.000000
vn -0.939549 0.342414 -0.000000
vn -0.939549 0.342414 -0.000000
vn -0.939549 0.342414 -0.000000
vn -0.939549 0.342414 -0.000000
vn -0.961020 0.276480 -0.000000
vn -0.996854 0.079255 -0.000000
vn -0.999666 -0.025862 -0.000000
vn -0.999666 -0.025862 -0.000000
vn -0.999666 -0.025862 -0.000000
vn -0.999666 -0.025862 -0.000000
vn -0.996854 0.079255 -0.000000
vn -0.999666 -0.025862 -0.000000
vn -0.996854 0.079255 -0.000000
vn -0.982235 0.187655 -0.000000
vn -0.961020 0.276480 -0.000000
vn -0.999666 -0.025862 -0.000000
vn -0.999666 -0.025862 -0.000000
vn -0.996854 0.079255 -0.000000
vn -0.996854 0.079255 -0.000000
vn -0.982235 0.187655 -0.000000
vn -0.999666 -0.025862 -0.000000
vn -0.939549 0.342414 -0.000000
vn -0.961020 0.276480 -0.000000
vn -0.982235 0.187655 -0.000000
vn -0.996854 0.079255 -0.000000
vn -0.996854 0.079255 -0.000000
vn -0.982235 0.187655 -0.000000
vn -0.982235 0.187655 -0.000000
vn -0.961020 0.276480 -0.000000
vn -0.961020 0.276480 -0.000000
vn -0.939549 0.342414 -0.000000
vn -0.982235 0.187655 -0.000000
vn -0.961020 0.276480 -0.000000
vn -0.914637 0.404275 -0.000000
vn -0.956504 0.291720 -0.000000
vn -0.914637 0.404275 -0.000000
vn -0.956504 0.291720 -0.000000
vn -0.957690 0.287803 -0.000000
vn -0.966067 0.258291 -0.000000
vn -0.957690 0.287803 -0.000000
vn -0.966067 0.258291 -0.000000
vn -0.968635 0.248488 -0.000000
vn -0.972665 0.232213 -0.000000
vn -0.979521 0.201340 -0.000000
vn -0.968635 0.248488 -0.000000
vn -0.972665 0.232213 -0.000000
vn -0.979521 0.201340 -0.000000
vn -0.989711 0.143082 -0.000000
vn -0.989711 0.143082 -0.000000
vn -0.999219 0.039510 -0.000000
vn -0.999219 0.039510 -0.000000
vn -0.992686 -0.120724 -0.000000
vn -0.992686 -0.120724 -0.000000
vn -0.949773 -0.312940 -0.000000
vn -0.949773 -0.312940 -0.000000
vn -0.878103 -0.478472 -0.000000
vn -0.878103 -0.478472 -0.000000
vn -0.707107 -0.707107 -0.000000
vn -0.707107 -0.707107 -0.000000
vn -0.707107 -0.707107 -0.000000
vn -0.500849 -0.865535 -0.000000
vn -0.707107 -0.707107 -0.000000
vn -0.325753 -0.945455 -0.000000
vn -0.091969 -0.995762 -0.000000
vn 0.123014 -0.992405 -0.000000
vn -0.500849 -0.865535 -0.000000
vn -0.325753 -0.945455 -0.000000
vn -0.091969 -0.995762 -0.000000
vn 0.123014 -0.992405 -0.000000
vn 0.266339 -0.963880 -0.000000
vn 0.266339 -0.963880 -0.000000
vn 0.346896 -0.937904 -0.000000
vn 0.346896 -0.937904 -0.000000
vn 0.390149 -0.920752 -0.000000
vn 0.390149 -0.920752 -0.000000
vn 0.415439 -0.909621 -0.000000
vn 0.415439 -0.909621 -0.000000
vn 0.438565 -0.898699 -0.000000
vn 0.438565 -0.898699 -0.000000
vn 0.432731 -0.901523 -0.000000
vn 0.422741 -0.906251 -0.000000
vn 0.432731 -0.901523 -0.000000
vn 0.422741 -0.906251 -0.000000
vn 0.404055 -0.914735 -0.000000
vn 0.404055 -0.914735 -0.000000
vn 0.370886 -0.928678 -0.000000
vn 0.370886 -0.928678 -0.000000
vn 0.317755 -0.948173 -0.000000
vn 0.317755 -0.948173 -0.000000
vn 0.245773 -0.969327 -0.000000
vn 0.245773 -0.969327 -0.000000
vn 0.000000 -1.000000 -0.000000
vn 0.000000 -1.000000 -0.000000
vn -0.230077 -0.973172 -0.000000
vn -0.230077 -0.973172 -0.000000
vn -0.230077 -0.973172 -0.000000
vn -0.230077 -0.973172 -0.000000
vn -0.470818 -0.882230 -0.000000
vn -0.470818 -0.882230 -0.000000
vn -0.677234 -0.735768 -0.000000
vn -0.677234 -0.735768 -0.000000
vn -0.822649 -0.568549 -0.000000
vn -0.822649 -0.568549 -0.000000
vn -0.911036 -0.412326 -0.000000
vn -0.911036 -0.412326 -0.000000
vn -0.959808 -0.280657 -0.000000
vn -0.959808 -0.280657 -0.000000
vn -0.996025 -0.089075 -0.000000
vn -0.996025 -0.089075 -0.000000
vn -0.992687 0.120713 -0.000000
vn -0.992687 0.120713 -0.000000
vn -0.973185 0.230025 -0.000000
vn -0.973185 0.230025 -0.000000
vn -0.902861 0.429934 -0.000000
vn -0.973185 0.230025 -0.000000
vn -0.973185 0.230025 -0.000000
vn -0.992687 0.120713 -0.000000
vn -0.992687 0.120713 -0.000000
vn -0.996025 -0.089075 -0.000000
vn -0.996025 -0.089075 -0.000000
vn -0.959808 -0.280657 -0.000000
vn -0.959808 -0.280657 -0.000000
vn -0.911036 -0.412326 -0.000000
vn -0.911036 -0.412326 -0.000000
vn -0.822649 -0.568549 -0.000000
vn -0.822649 -0.568549 -0.000000
vn -0.677234 -0.735768 -0.000000
vn -0.677234 -0.735768 -0.000000
vn -0.470818 -0.882230 -0.000000
vn -0.470818 -0.882230 -0.000000
vn -0.230077 -0.973172 -0.000000
vn -0.230077 -0.973172 -0.000000
vn -0.230077 -0.973172 -0.000000
vn -0.230077 -0.973172 -0.000000
vn -0.470818 -0.882230 -0.000000
vn -0.470818 -0.882230 -0.000000
vn -0.677234 -0.735768 -0.000000
vn -0.677234 -0.735768 -0.000000
vn -0.822649 -0.568549 -0.000000
vn -0.822649 -0.568549 -0.000000
vn -0.911036 -0.412326 -0.000000
vn -0.911036 -0.412326 -0.000000
vn -0.959808 -0.280657 -0.000000
vn -0.959808 -0.280657 -0.000000
vn -0.996025 -0.089075 -0.000000
vn -0.996025 -0.089075 -0.000000
vn -0.992687 0.120713 -0.000000
vn -0.992687 0.120713 -0.000000
vn -0.973185 0.230025 -0.000000
vn -0.973185 0.230025 -0.000000
vn -0.973185 0.230025 -0.000000
vn -0.973185 0.230025 -0.000000
vn -0.992687 0.120713 -0.000000
vn -0.992687 0.120713 -0.000000
vn -0.996025 -0.089075 -0.000000
vn -0.996025 -0.089075 -0.000000
vn -0.959808 -0.280657 -0.000000
vn -0.959808 -0.280657 -0.000000
vn -0.911036 -0.412326 -0.000000
vn -0.911036 -0.412326 -0.000000
vn -0.822649 -0.568549 -0.000000
vn -0.822649 -0.568549 -0.000000
vn -0.677234 -0.735768 -0.000000
vn -0.677234 -0.735768 -0.000000
vn -0.470818 -0.882230 -0.000000
vn -0.470818 -0.882230 -0.000000
vn -0.230077 -0.973172 -0.000000
vn -0.230077 -0.973172 -0.000000
vn -0.230077 -0.973172 -0.000000
vn -0.230077 -0.973172 -0.000000
vn -0.470818 -0.882230 -0.000000
vn -0.470818 -0.882230 -0.000000
vn -0.677234 -0.735768 -0.000000
vn -0.677234 -0.735768 -0.000000
vn -0.822649 -0.568549 -0.000000
vn -0.822649 -0.568549 -0.000000
vn -0.911036 -0.412326 -0.000000
vn -0.911036 -0.412326 -0.000000
vn -0.959808 -0.280657 -0.000000
vn -0.959808 -0.280657 -0.000000
vn -0.996025 -0.089075 -0.000000
vn -0.996025 -0.089075 -0.000000
vn -0.992687 0.120713 -0.000000
vn -0.992687 0.120713 -0.000000
vn -0.973185 0.230025 -0.000000
vn -0.973185 0.230025 -0.000000
vn -0.973185 0.230025 -0.000000
vn -0.973185 0.230025 -0.000000
vn -0.992687 0.120713 -0.000000
vn -0.992687 0.120713 -0.000000
vn -0.996025 -0.089075 -0.000000
vn -0.996025 -0.089075 -0.000000
vn -0.959808 -0.280657 -0.000000
vn -0.959808 -0.280657 -0.000000
vn -0.911036 -0.412326 -0.000000
vn -0.911036 -0.412326 -0.000000
vn -0.822649 -0.568549 -0.000000
vn -0.822649 -0.568549 -0.000000
vn -0.677234 -0.735768 -0.000000
vn -0.677234 -0.735768 -0.000000
vn -0.470818 -0.882230 -0.000000
vn -0.470818 -0.882230 -0.000000
vn -0.230077 -0.973172 -0.000000
vn -0.230077 -0.973172 -0.000000
vn -0.230077 -0.973172 -0.000000
vn -0.230077 -0.973172 -0.000000
vn -0.470818 -0.882230 -0.000000
vn -0.470818 -0.882230 -0.000000
vn -0.677234 -0.735768 -0.000000
vn -0.677234 -0.735768 -0.000000
vn -0.822649 -0.568549 -0.000000
vn -0.822649 -0.568549 -0.000000
vn -0.911036 -0.412326 -0.000000
vn -0.911036 -0.412326 -0.000000
vn -0.959808 -0.280657 -0.000000
vn -0.959808 -0.280657 -0.000000
vn -0.996025 -0.089075 -0.000000
vn -0.996025 -0.089075 -0.000000
vn -0.992687 0.120713 -0.000000
vn -0.992687 0.120713 -0.000000
vn -0.973185 0.230025 -0.000000
vn -0.973185 0.230025 -0.000000
vn -0.902861 0.429934 -0.000000
vn -0.973185 0.230025 -0.000000
vn -0.973185 0.230025 -0.000000
vn -0.992687 0.120713 -0.000000
vn -0.992687 0.120713 -0.000000
vn -0.996025 -0.089075 -0.000000
vn -0.996025 -0.089075 -0.000000
vn -0.959808 -0.280657 -0.000000
vn -0.959808 -0.280657 -0.000000
vn -0.911036 -0.412326 -0.000000
vn -0.911036 -0.412326 -0.000000
vn -0.822649 -0.568549 -0.000000
vn -0.822649 -0.568549 -0.000000
vn -0.677234 -0.735768 -0.000000
vn -0.677234 -0.735768 -0.000000
vn -0.470818 -0.882230 -0.000000
vn -0.470818 -0.882230 -0.000000
vn -0.230077 -0.973172 -0.000000
vn -0.230077 -0.973172 -0.000000
vn -0.230077 -0.973172 -0.000000
vn -0.230077 -0.973172 -0.000000
vn -0.470818 -0.882230 -0.000000
vn -0.470818 -0.882230 -0.000000
vn -0.677234 -0.735768 -0.000000
vn -0.677234 -0.735768 -0.000000
vn -0.822649 -0.568549 -0.000000
vn -0.822649 -0.568549 -0.000000
vn -0.911036 -0.412326 -0.000000
vn -0.911036 -0.412326 -0.000000
vn -0.959808 -0.280657 -0.000000
vn -0.959808 -0.280657 -0.000000
vn -0.996025 -0.089075 -0.000000
vn -0.996025 -0.089075 -0.000000
vn -0.992687 0.120713 -0.000000
vn -0.992687 0.120713 -0.000000
vn -0.973185 0.230025 -0.000000
vn -0.973185 0.230025 -0.000000
vn -0.973185 0.230025 -0.000000
vn -0.973185 0.230025 -0.000000
vn -0.992687 0.120713 -0.000000
vn -0.992687 0.120713 -0.000000
vn -0.996025 -0.089075 -0.000000
vn -0.996025 -0.089075 -0.000000
vn -0.959808 -0.280657 -0.000000
vn -0.959808 -0.280657 -0.000000
vn -0.911036 -0.412326 -0.000000
vn -0.911036 -0.412326 -0.000000
vn -0.822649 -0.568549 -0.000000
vn -0.822649 -0.568549 -0.000000
vn -0.677234 -0.735768 -0.000000
vn -0.677234 -0.735768 -0.000000
vn -0.470818 -0.882230 -0.000000
vn -0.470818 -0.882230 -0.000000
vn -0.470818 -0.882230 -0.000000
vn -0.677234 -0.735768 -0.000000
vn -0.677234 -0.735768 -0.000000
vn -0.822649 -0.568549 -0.000000
vn -0.822649 -0.568549 -0.000000
vn -0.911036 -0.412326 -0.000000
vn -0.911036 -0.412326 -0.000000
vn -0.959808 -0.280657 -0.000000
vn -0.959808 -0.280657 -0.000000
vn -0.996025 -0.089075 -0.000000
vn -0.996025 -0.089075 -0.000000
vn -0.992687 0.120713 -0.000000
vn -0.992687 0.120713 -0.000000
vn -0.973185 0.230025 -0.000000
vn -0.973185 0.230025 -0.000000
vn -0.973185 0.230025 -0.000000
vn -0.992687 0.120713 -0.000000
vn -0.996025 -0.089075 -0.000000
vn -0.959808 -0.280657 -0.000000
vn -0.911036 -0.412326 -0.000000
vn -0.822649 -0.568549 -0.000000
vn -0.677234 -0.735768 -0.000000
vn -0.470818 -0.882230 -0.000000
vn -0.973185 0.230025 -0.000000
vn -0.973185 0.230025 -0.000000
vn -0.973185 0.230025 -0.000000
vn -0.973185 0.230025 -0.000000
vn -0.992687 0.120713 -0.000000
vn -0.992687 0.120713 -0.000000
vn -0.996025 -0.089075 -0.000000
vn -0.996025 -0.089075 -0.000000
vn -0.959808 -0.280657 -0.000000
vn -0.992687 0.120713 -0.000000
vn -0.992687 0.120713 -0.000000
vn -0.996025 -0.089075 -0.000000
vn -0.996025 -0.089075 -0.000000
vn -0.959808 -0.280657 -0.000000
vn -0.959808 -0.280657 -0.000000
vn -0.911036 -0.412326 -0.000000
vn -0.911036 -0.412326 -0.000000
vn -0.822649 -0.568549 -0.000000
vn -0.470818 -0.882230 -0.000000
vn -0.230077 -0.973172 -0.000000
vn -0.230077 -0.973172 -0.000000
vn -0.230077 -0.973172 -0.000000
vn -0.230077 -0.973172 -0.000000
vn -0.470818 -0.882230 -0.000000
vn -0.470818 -0.882230 -0.000000
vn -0.677234 -0.735768 -0.000000
vn -0.677234 -0.735768 -0.000000
vn -0.822649 -0.568549 -0.000000
vn -0.822649 -0.568549 -0.000000
vn -0.911036 -0.412326 -0.000000
vn -0.911036 -0.412326 -0.000000
vn -0.959808 -0.280657 -0.000000
vn -0.230077 -0.973172 -0.000000
vn -0.230077 -0.973172 -0.000000
vn -0.230077 -0.973172 -0.000000
vn -0.470818 -0.882230 -0.000000
vn -0.470818 -0.882230 -0.000000
vn -0.677234 -0.735768 -0.000000
vn -0.677234 -0.735768 -0.000000
vn -0.822649 -0.568549 -0.000000
vn -0.822649 -0.568549 -0.000000
vn -0.911036 -0.412326 -0.000000
vn -0.230077 -0.973172 -0.000000
vn -0.230077 -0.973172 -0.000000
vn -0.470818 -0.882230 -0.000000
vn -0.470818 -0.882230 -0.000000
vn -0.677234 -0.735768 -0.000000
vn -0.677234 -0.735768 -0.000000
vn -0.822649 -0.568549 -0.000000
vn -0.822649 -0.568549 -0.000000
vn -0.911036 -0.412326 -0.000000
vn -0.911036 -0.412326 -0.000000
vn -0.959808 -0.280657 -0.000000
vn -0.959808 -0.280657 -0.000000
vn -0.996025 -0.089075 -0.000000
vn -0.996025 -0.089075 -0.000000
vn -0.992687 0.120713 -0.000000
vn -0.230077 -0.973172 -0.000000
vn -0.470818 -0.882230 -0.000000
vn -0.677234 -0.735768 -0.000000
vn -0.822649 -0.568549 -0.000000
vn -0.911036 -0.412326 -0.000000
vn -0.959808 -0.280657 -0.000000
vn -0.230077 -0.973172 -0.000000
vn -0.230077 -0.973172 -0.000000
vn -0.470818 -0.882230 -0.000000
vn -0.470818 -0.882230 -0.000000
vn -0.677234 -0.735768 -0.000000
vn -0.677234 -0.735768 -0.000000
vn -0.822649 -0.568549 -0.000000
vn -0.230077 -0.973172 -0.000000
vn -0.470818 -0.882230 -0.000000
vn -0.230077 -0.973172 -0.000000
vn -0.230077 -0.973172 -0.000000
vn -0.470818 -0.882230 -0.000000
vn -0.470818 -0.882230 -0.000000
vn -0.677234 -0.735768 -0.000000
vn -0.677234 -0.735768 -0.000000
vn -0.822649 -0.568549 -0.000000
vn -0.822649 -0.568549 -0.000000
vn -0.911036 -0.412326 -0.000000
vn -0.911036 -0.412326 -0.000000
vn -0.959808 -0.280657 -0.000000
vn -0.959808 -0.280657 -0.000000
vn -0.996025 -0.089075 -0.000000
vn -0.996025 -0.089075 -0.000000
vn -0.992687 0.120713 -0.000000
vn -0.230077 -0.973172 -0.000000
vn -0.470818 -0.882230 -0.000000
vn -0.677234 -0.735768 -0.000000
vn -0.822649 -0.568549 -0.000000
vn -0.911036 -0.412326 -0.000000
vn -0.959808 -0.280657 -0.000000
vn -0.230077 -0.973172 -0.000000
vn -0.230077 -0.973172 -0.000000
vn -0.470818 -0.882230 -0.000000
vn -0.470818 -0.882230 -0.000000
vn -0.677234 -0.735768 -0.000000
vn -0.677234 -0.735768 -0.000000
vn -0.822649 -0.568549 -0.000000
vn -0.230077 -0.973172 -0.000000
vn -0.470818 -0.882230 -0.000000
vn -0.230077 -0.973172 -0.000000
vn -0.230077 -0.973172 -0.000000
vn -0.470818 -0.882230 -0.000000
vn -0.470818 -0.882230 -0.000000
vn -0.677234 -0.735768 -0.000000
vn -0.677234 -0.735768 -0.000000
vn -0.822649 -0.568549 -0.000000
vn -0.822649 -0.568549 -0.000000
vn -0.911036 -0.412326 -0.000000
vn -0.911036 -0.412326 -0.000000
vn -0.959808 -0.280657 -0.000000
vn -0.959808 -0.280657 -0.000000
vn -0.996025 -0.089075 -0.000000
vn -0.996025 -0.089075 -0.000000
vn -0.992687 0.120713 -0.000000
vn -0.470818 -0.882230 -0.000000
vn -0.677234 -0.735768 -0.000000
vn -0.822649 -0.568549 -0.000000
vn -0.911036 -0.412326 -0.000000
vn -0.959808 -0.280657 -0.000000
vn -0.230077 -0.973172 -0.000000
vn -0.470818 -0.882230 -0.000000
vn -0.677234 -0.735768 -0.000000
vn -0.230077 -0.973172 -0.000000
vn -0.230077 -0.973172 -0.000000
vn -0.230077 -0.973172 -0.000000
vn -0.470818 -0.882230 -0.000000
vn -0.677234 -0.735768 -0.000000
vn -0.822649 -0.568549 -0.000000
vn -0.911036 -0.412326 -0.000000
vn -0.959808 -0.280657 -0.000000
vn -0.996025 -0.089075 -0.000000
vn -0.992687 0.120713 -0.000000
vn -0.230077 -0.973172 -0.000000
vn -0.470818 -0.882230 -0.000000
vn -0.677234 -0.735768 -0.000000
vn -0.822649 -0.568549 -0.000000
vn -0.911036 -0.412326 -0.000000
vn -0.959808 -0.280657 -0.000000
vn -0.996025 -0.089075 -0.000000
vn -0.230077 -0.973172 -0.000000
vn -0.230077 -0.973172 -0.000000
vn -0.470818 -0.882230 -0.000000
vn -0.470818 -0.882230 -0.000000
vn -0.677234 -0.735768 -0.000000
vn -0.677234 -0.735768 -0.000000
vn -0.822649 -0.568549 -0.000000
vn -0.822649 -0.568549 -0.000000
vn -0.911036 -0.412326 -0.000000
vn -0.230077 -0.973172 -0.000000
vn -0.470818 -0.882230 -0.000000
vn -0.677234 -0.735768 -0.000000
vn -0.230077 -0.973172 -0.000000
vn -0.230077 -0.973172 -0.000000
vn -0.230077 -0.973172 -0.000000
vn -0.470818 -0.882230 -0.000000
vn -0.677234 -0.735768 -0.000000
vn -0.822649 -0.568549 -0.000000
vn -0.230077 -0.973172 -0.000000
vn -0.470818 -0.882230 -0.000000
vn -0.677234 -0.735768 -0.000000
vn -0.230077 -0.973172 -0.000000
vn -0.230077 -0.973172 -0.000000
vn -0.973185 0.230025 -0.000000
vn -0.973185 0.230025 -0.000000
vn -0.973185 0.230025 -0.000000
vn -0.992687 0.120713 -0.000000
vn -0.992687 0.120713 -0.000000
vn -0.996025 -0.089075 -0.000000
vn -0.996025 -0.089075 -0.000000
vn -0.959808 -0.280657 -0.000000
vn -0.959808 -0.280657 -0.000000
vn -0.911036 -0.412326 -0.000000
vn -0.911036 -0.412326 -0.000000
vn -0.822649 -0.568549 -0.000000
vn -0.822649 -0.568549 -0.000000
vn -0.677234 -0.735768 -0.000000
vn -0.973185 0.230025 -0.000000
vn -0.973185 0.230025 -0.000000
vn -0.973185 0.230025 -0.000000
vn -0.992687 0.120713 -0.000000
vn -0.992687 0.120713 -0.000000
vn -0.996025 -0.089075 -0.000000
vn -0.973185 0.230025 -0.000000
vn -0.973185 0.230025 -0.000000
vn -0.973185 0.230025 -0.000000
vn -0.992687 0.120713 -0.000000
vn -0.992687 0.120713 -0.000000
vn -0.996025 -0.089075 -0.000000
vn -0.996025 -0.089075 -0.000000
vn -0.959808 -0.280657 -0.000000
vn -0.959808 -0.280657 -0.000000
vn -0.911036 -0.412326 -0.000000
vn -0.911036 -0.412326 -0.000000
vn -0.822649 -0.568549 -0.000000
vn -0.822649 -0.568549 -0.000000
vn -0.677234 -0.735768 -0.000000
vn -0.973185 0.230025 -0.000000
vn -0.973185 0.230025 -0.000000
vn -0.973185 0.230025 -0.000000
vn -0.992687 0.120713 -0.000000
vn -0.992687 0.120713 -0.000000
vn -0.996025 -0.089075 -0.000000
vn -0.973185 0.230025 -0.000000
vn -0.973185 0.230025 -0.000000
vn -0.973185 0.230025 -0.000000
vn -0.992687 0.120713 -0.000000
vn -0.992687 0.120713 -0.000000
vn -0.996025 -0.089075 -0.000000
vn -0.996025 -0.089075 -0.000000
vn -0.959808 -0.280657 -0.000000
vn -0.959808 -0.280657 -0.000000
vn -0.911036 -0.412326 -0.000000
vn -0.911036 -0.412326 -0.000000
vn -0.822649 -0.568549 -0.000000
vn -0.973185 0.230025 -0.000000
vn -0.973185 0.230025 -0.000000
vn -0.992687 0.120713 -0.000000
vn -0.992687 0.120713 -0.000000
vn -0.996025 -0.089075 -0.000000
vn -0.996025 -0.089075 -0.000000
vn -0.959808 -0.280657 -0.000000
vn -0.973185 0.230025 -0.000000
vn -0.992687 0.120713 -0.000000
vn -0.973185 0.230025 -0.000000
vn -0.973185 0.230025 -0.000000
vn -0.992687 0.120713 -0.000000
vn -0.992687 0.120713 -0.000000
vn -0.996025 -0.089075 -0.000000
vn -0.996025 -0.089075 -0.000000
vn -0.959808 -0.280657 -0.000000
vn -0.959808 -0.280657 -0.000000
vn -0.911036 -0.412326 -0.000000
vn -0.911036 -0.412326 -0.000000
vn -0.822649 -0.568549 -0.000000
vn -0.822649 -0.568549 -0.000000
vn -0.677234 -0.735768 -0.000000
vn -0.677234 -0.735768 -0.000000
vn -0.470818 -0.882230 -0.000000
vn -0.973185 0.230025 -0.000000
vn -0.973185 0.230025 -0.000000
vn -0.973185 0.230025 -0.000000
vn -0.992687 0.120713 -0.000000
vn -0.992687 0.120713 -0.000000
vn -0.996025 -0.089075 -0.000000
vn -0.996025 -0.089075 -0.000000
vn -0.959808 -0.280657 -0.000000
vn -0.973185 0.230025 -0.000000
vn -0.992687 0.120713 -0.000000
vn -0.973185 0.230025 -0.000000
vn -0.973185 0.230025 -0.000000
vn -0.992687 0.120713 -0.000000
vn -0.470818 -0.882230 -0.000000
vn -0.677234 -0.735768 -0.000000
vn -0.677234 -0.735768 -0.000000
vn -0.230077 -0.973172 -0.000000
vn -0.470818 -0.882230 -0.000000
vn -0.677234 -0.735768 -0.000000
vn -0.822649 -0.568549 -0.000000
vn -0.911036 -0.412326 -0.000000
vn -0.230077 -0.973172 -0.000000
vn -0.992687 0.120713 -0.000000
vn -0.996025 -0.089075 -0.000000
vn -0.959808 -0.280657 -0.000000
vn -0.911036 -0.412326 -0.000000
vn -0.822649 -0.568549 -0.000000
vn -0.677234 -0.735768 -0.000000
vn -0.470818 -0.882230 -0.000000
vn -0.973185 0.230025 -0.000000
vn -0.992687 0.120713 -0.000000
vn -0.992687 0.120713 -0.000000
vn -0.230077 -0.973172 -0.000000
vn -0.470818 -0.882230 -0.000000
vn -0.677234 -0.735768 -0.000000
vn -0.822649 -0.568549 -0.000000
vn -0.911036 -0.412326 -0.000000
vn -0.996025 -0.089075 -0.000000
vn -0.959808 -0.280657 -0.000000
vn -0.911036 -0.412326 -0.000000
vn -0.996025 -0.089075 -0.000000
vn -0.230077 -0.973172 -0.000000
vn -0.959808 -0.280657 -0.000000
vn -0.973185 0.230025 -0.000000
vn -0.992687 0.120713 -0.000000
vn -0.996025 -0.089075 -0.000000
vn -0.959808 -0.280657 -0.000000
vn -0.911036 -0.412326 -0.000000
vn -0.822649 -0.568549 -0.000000
vn -0.677234 -0.735768 -0.000000
vn -0.470818 -0.882230 -0.000000
vn -0.973185 0.230025 -0.000000
vn -0.992687 0.120713 -0.000000
vn -0.992687 0.120713 -0.000000
vn -0.230077 -0.973172 -0.000000
vn -0.470818 -0.882230 -0.000000
vn -0.677234 -0.735768 -0.000000
vn -0.822649 -0.568549 -0.000000
vn -0.911036 -0.412326 -0.000000
vn -0.959808 -0.280657 -0.000000
vn -0.996025 -0.089075 -0.000000
vn -0.959808 -0.280657 -0.000000
vn -0.911036 -0.412326 -0.000000
vn -0.996025 -0.089075 -0.000000
vn -0.959808 -0.280657 -0.000000
vn -0.973185 0.230025 -0.000000
vn -0.992687 0.120713 -0.000000
vn -0.996025 -0.089075 -0.000000
vn -0.959808 -0.280657 -0.000000
vn -0.911036 -0.412326 -0.000000
vn -0.822649 -0.568549 -0.000000
vn -0.677234 -0.735768 -0.000000
vn -0.470818 -0.882230 -0.000000
vn -0.973185 0.230025 -0.000000
vn -0.973185 0.230025 -0.000000
vn -0.992687 0.120713 -0.000000
vn -0.992687 0.120713 -0.000000
vn -0.996025 -0.089075 -0.000000
vn -0.959808 -0.280657 -0.000000
vn -0.911036 -0.412326 -0.000000
vn -0.822649 -0.568549 -0.000000
vn -0.470818 -0.882230 -0.000000
vn -0.996025 -0.089075 -0.000000
vn -0.959808 -0.280657 -0.000000
vn -0.911036 -0.412326 -0.000000
vn -0.973185 0.230025 -0.000000
vn -0.992687 0.120713 -0.000000
vn -0.996025 -0.089075 -0.000000
vn -0.996025 -0.089075 -0.000000
vn -0.959808 -0.280657 -0.000000
vn -0.911036 -0.412326 -0.000000
vn -0.822649 -0.568549 -0.000000
vn -0.959808 -0.280657 -0.000000
vn -0.470818 -0.882230 -0.000000
vn -0.911036 -0.412326 -0.000000
vn -0.822649 -0.568549 -0.000000
vn -0.891864 0.452303 -0.000000
vn -0.967774 0.251819 -0.000000
vn -0.891864 0.452303 -0.000000
vn -0.967774 0.251819 -0.000000
vn -0.969626 0.244590 -0.000000
vn -0.985218 0.171304 -0.000000
vn -0.969626 0.244590 -0.000000
vn -0.985218 0.171304 -0.000000
vn -0.986940 0.161091 -0.000000
vn -0.986940 0.161091 -0.000000
vn -0.989374 0.145390 -0.000000
vn -0.989374 0.145390 -0.000000
vn -0.993080 0.117440 -0.000000
vn -0.993080 0.117440 -0.000000
vn -0.997556 0.069867 -0.000000
vn -0.997556 0.069867 -0.000000
vn -0.999999 -0.001730 -0.000000
vn -0.999999 -0.001730 -0.000000
vn -0.995913 -0.090321 -0.000000
vn -0.995913 -0.090321 -0.000000
vn -0.942990 -0.332820 -0.000000
vn -0.942990 -0.332820 -0.000000
vn -0.894427 -0.447214 -0.000000
vn -0.741739 -0.670689 -0.000000
vn -0.894427 -0.447214 -0.000000
vn -0.540268 -0.841493 -0.000000
vn -0.337091 -0.941472 -0.000000
vn -0.164054 -0.986451 -0.000000
vn 0.075921 -0.997114 -0.000000
vn 0.217763 -0.976002 -0.000000
vn 0.438048 -0.898951 -0.000000
vn -0.741739 -0.670689 -0.000000
vn -0.540268 -0.841493 -0.000000
vn -0.337091 -0.941472 -0.000000
vn -0.164054 -0.986451 -0.000000
vn 0.075921 -0.997114 -0.000000
vn 0.541761 -0.840532 -0.000000
vn 0.217763 -0.976002 -0.000000
vn 0.438048 -0.898951 -0.000000
vn 0.541761 -0.840532 -0.000000
vn 0.590239 -0.807229 -0.000000
vn 0.590239 -0.807229 -0.000000
vn 0.613752 -0.789499 -0.000000
vn 0.613752 -0.789499 -0.000000
vn 0.626051 -0.779782 -0.000000
vn 0.626051 -0.779782 -0.000000
vn 0.634683 -0.772773 -0.000000
vn 0.634683 -0.772773 -0.000000
vn 0.633093 -0.774076 -0.000000
vn 0.628618 -0.777714 -0.000000
vn 0.633093 -0.774076 -0.000000
vn 0.619877 -0.784699 -0.000000
vn 0.602427 -0.798174 -0.000000
vn 0.567525 -0.823356 -0.000000
vn 0.498420 -0.866935 -0.000000
vn 0.628618 -0.777714 -0.000000
vn 0.619877 -0.784699 -0.000000
vn 0.602427 -0.798174 -0.000000
vn 0.567525 -0.823356 -0.000000
vn 0.498420 -0.866935 -0.000000
vn 0.367963 -0.929840 -0.000000
vn 0.367963 -0.929840 -0.000000
vn 0.155829 -0.987784 -0.000000
vn 0.155829 -0.987784 -0.000000
vn -0.096852 -0.995299 -0.000000
vn -0.096852 -0.995299 -0.000000
vn -0.300399 -0.953814 -0.000000
vn -0.300399 -0.953814 -0.000000
vn -0.554700 -0.832050 -0.000000
vn -0.554700 -0.832050 -0.000000
vn -0.707107 -0.707107 -0.000000
vn -0.848901 -0.528552 -0.000000
vn -0.707107 -0.707107 -0.000000
vn -0.848901 -0.528552 -0.000000
vn -0.917968 -0.396655 -0.000000
vn -0.917968 -0.396655 -0.000000
vn -0.972345 -0.233547 -0.000000
vn -0.972345 -0.233547 -0.000000
vn -0.996383 -0.084976 -0.000000
vn -0.996383 -0.084976 -0.000000
vn -0.999806 0.019681 -0.000000
vn -0.999806 0.019681 -0.000000
vn -0.996415 0.084601 -0.000000
vn -0.996415 0.084601 -0.000000
vn -0.991454 0.130455 -0.000000
vn -0.991454 0.130455 -0.000000
vn -0.990492 0.137568 -0.000000
vn -0.999550 -0.029987 -0.000000
vn -0.990492 0.137568 -0.000000
vn -0.999550 -0.029987 -0.000000
vn -0.999678 -0.025373 -0.000000
vn -0.981549 -0.191211 -0.000000
vn -0.999678 -0.025373 -0.000000
vn -0.981549 -0.191211 -0.000000
vn -0.981615 -0.190870 -0.000000
vn -0.948500 -0.316778 -0.000000
vn -0.981615 -0.190870 -0.000000
vn -0.885941 -0.463798 -0.000000
vn -0.819557 -0.572997 -0.000000
vn -0.706668 -0.707546 -0.000000
vn -0.524179 -0.851608 -0.000000
vn -0.403732 -0.914877 -0.000000
vn -0.267936 -0.963437 -0.000000
vn -0.124460 -0.992225 -0.000000
vn 0.017245 -0.999851 -0.000000
vn 0.265033 -0.964239 -0.000000
vn 0.446592 -0.894738 -0.000000
vn -0.948500 -0.316778 -0.000000
vn 0.570280 -0.821450 -0.000000
vn -0.885941 -0.463798 -0.000000
vn -0.819557 -0.572997 -0.000000
vn -0.706668 -0.707546 -0.000000
vn -0.524179 -0.851608 -0.000000
vn -0.403732 -0.914877 -0.000000
vn -0.267936 -0.963437 -0.000000
vn -0.124460 -0.992225 -0.000000
vn 0.017245 -0.999851 -0.000000
vn 0.265033 -0.964239 -0.000000
vn 0.446592 -0.894738 -0.000000
vn 0.570280 -0.821450 -0.000000
vn 0.711259 -0.702930 -0.000000
vn 0.711259 -0.702930 -0.000000
vn 0.860884 -0.508801 -0.000000
vn 0.860884 -0.508801 -0.000000
vn 0.889423 -0.457085 -0.000000
vn 0.889423 -0.457085 -0.000000
vn 0.904232 -0.427041 -0.000000
vn 0.904232 -0.427041 -0.000000
vn 0.904219 -0.427069 -0.000000
vn 0.891430 -0.453158 -0.000000
vn 0.904219 -0.427069 -0.000000
vn 0.891430 -0.453158 -0.000000
vn 0.849441 -0.527683 -0.000000
vn 0.849441 -0.527683 -0.000000
vn 0.848875 -0.528594 -0.000000
vn 0.715007 -0.699118 -0.000000
vn 0.848875 -0.528594 -0.000000
vn 0.715007 -0.699118 -0.000000
vn 0.714989 -0.699136 -0.000000
vn 0.547535 -0.836783 -0.000000
vn 0.714989 -0.699136 -0.000000
vn 0.547535 -0.836783 -0.000000
vn 0.323903 -0.946090 -0.000000
vn 0.323903 -0.946090 -0.000000
vn 0.318884 -0.947794 -0.000000
vn 0.137153 -0.990550 -0.000000
vn 0.318884 -0.947794 -0.000000
vn 0.137153 -0.990550 -0.000000
vn 0.121541 -0.992586 -0.000000
vn 0.121541 -0.992586 -0.000000
vn 0.121541 -0.992586 -0.000000
vn 0.121541 -0.992586 -0.000000
vn -0.989264 0.146141 -0.000000
vn -0.989264 0.146141 -0.000000
vn -0.989264 0.146141 -0.000000
vn -0.989264 0.146141 -0.000000
vn -0.989203 0.146549 -0.000000
vn -0.989203 0.146549 -0.000000
vn -0.995041 -0.099464 -0.000000
vn -0.995041 -0.099464 -0.000000
vn -0.966219 -0.257723 -0.000000
vn -0.966219 -0.257723 -0.000000
vn -0.903225 -0.429167 -0.000000
vn -0.903225 -0.429167 -0.000000
vn -0.803273 -0.595611 -0.000000
vn -0.803273 -0.595611 -0.000000
vn -0.675464 -0.737393 -0.000000
vn -0.675464 -0.737393 -0.000000
vn -0.537253 -0.843421 -0.000000
vn -0.537253 -0.843421 -0.000000
vn -0.404999 -0.914317 -0.000000
vn -0.404999 -0.914317 -0.000000
vn -0.537253 -0.843421 -0.000000
vn -0.675464 -0.737393 -0.000000
vn -0.803273 -0.595611 -0.000000
vn -0.903225 -0.429167 -0.000000
vn -0.966219 -0.257723 -0.000000
vn -0.995041 -0.099464 -0.000000
vn -0.410706 -0.911768 -0.000000
vn -0.562011 -0.827130 -0.000000
vn -0.410706 -0.911768 -0.000000
vn -0.562011 -0.827130 -0.000000
vn -0.636261 -0.771474 -0.000000
vn -0.636261 -0.771474 -0.000000
vn -0.716317 -0.697775 -0.000000
vn -0.716317 -0.697775 -0.000000
vn -0.832050 -0.554700 -0.000000
vn -0.832050 -0.554700 -0.000000
vn -0.837863 -0.545880 -0.000000
vn -0.885084 -0.465432 -0.000000
vn -0.837863 -0.545880 -0.000000
vn -0.885084 -0.465432 -0.000000
vn -0.957826 -0.287348 -0.000000
vn -0.957826 -0.287348 -0.000000
vn -0.953583 -0.301131 -0.000000
vn -0.984501 -0.175376 -0.000000
vn -0.953583 -0.301131 -0.000000
vn -0.999761 -0.021842 -0.000000
vn -0.989572 0.144039 -0.000000
vn -0.953372 0.301797 -0.000000
vn -0.984501 -0.175376 -0.000000
vn -0.999761 -0.021842 -0.000000
vn -0.989572 0.144039 -0.000000
vn -0.953372 0.301797 -0.000000
vn -0.899924 0.436047 -0.000000
vn -0.899924 0.436047 -0.000000
vn -0.840611 0.541640 -0.000000
vn -0.840611 0.541640 -0.000000
vn -0.733430 0.679765 -0.000000
vn -0.733430 0.679765 -0.000000
vn -0.543766 0.839237 -0.000000
vn -0.543766 0.839237 -0.000000
vn -0.496139 0.868243 -0.000000
vn -0.496139 0.868243 -0.000000
vn -0.495051 0.868864 -0.000000
vn -0.529999 0.847998 -0.000000
vn -0.495051 0.868864 -0.000000
vn -0.529999 0.847998 -0.000000
vn -0.508729 0.860927 -0.000000
vn -0.311132 0.950367 -0.000000
vn -0.508729 0.860927 -0.000000
vn -0.311132 0.950367 -0.000000
vn -0.057050 0.998371 -0.000000
vn -0.057050 0.998371 -0.000000
vn -0.071247 0.997459 -0.000000
vn 0.185849 0.982578 0.000000
vn -0.071247 0.997459 -0.000000
vn 0.185849 0.982578 0.000000
vn 0.312153 0.950032 0.000000
vn 0.312153 0.950032 0.000000
vn 0.313902 0.949456 0.000000
vn 0.180989 0.983485 0.000000
vn 0.313902 0.949456 0.000000
vn 0.180989 0.983485 0.000000
vn -0.005291 0.999986 -0.000000
vn -0.005291 0.999986 -0.000000
vn 0.000000 1.000000 0.000000
vn -0.105786 0.994389 -0.000000
vn 0.000000 1.000000 0.000000
vn -0.105786 0.994389 -0.000000
vn -0.265929 0.963993 -0.000000
vn -0.265929 0.963993 -0.000000
vn -0.265614 0.964080 -0.000000
vn -0.484260 0.874924 -0.000000
vn -0.265614 0.964080 -0.000000
vn -0.484260 0.874924 -0.000000
vn -0.605783 0.795630 -0.000000
vn -0.605783 0.795630 -0.000000
vn -0.724568 0.689204 -0.000000
vn -0.724568 0.689204 -0.000000
vn -0.829178 0.558984 -0.000000
vn -0.829178 0.558984 -0.000000
vn -0.910039 0.414522 -0.000000
vn -0.910039 0.414522 -0.000000
vn -0.963299 0.268432 -0.000000
vn -0.963299 0.268432 -0.000000
vn -0.991301 0.131613 -0.000000
vn -0.991301 0.131613 -0.000000
vn -0.991288 0.131710 -0.000000
vn -0.994940 -0.100471 -0.000000
vn -0.991288 0.131710 -0.000000
vn -0.994940 -0.100471 -0.000000
vn -0.956166 -0.292826 -0.000000
vn -0.956166 -0.292826 -0.000000
vn -0.954800 -0.297249 -0.000000
vn -0.845563 -0.533875 -0.000000
vn -0.954800 -0.297249 -0.000000
vn -0.845563 -0.533875 -0.000000
vn -0.732602 -0.680657 -0.000000
vn -0.732602 -0.680657 -0.000000
vn -0.544523 -0.838746 -0.000000
vn -0.544523 -0.838746 -0.000000
vn -0.389042 -0.921220 -0.000000
vn -0.389042 -0.921220 -0.000000
vn -0.235400 -0.971899 -0.000000
vn -0.235400 -0.971899 -0.000000
vn -0.237564 -0.971372 -0.000000
vn -0.033797 -0.999429 -0.000000
vn -0.237564 -0.971372 -0.000000
vn -0.033797 -0.999429 -0.000000
vn -0.032069 -0.999486 -0.000000
vn -0.032069 -0.999486 -0.000000
vn -0.032069 -0.999486 -0.000000
vn -0.032069 -0.999486 -0.000000
vn -1.000000 -0.000000 -0.000000
vn -1.000000 -0.000000 -0.000000
vn -1.000000 -0.000000 -0.000000
vn -1.000000 -0.000000 -0.000000
vn -0.995409 0.095712 -0.000000
vn -0.995409 0.095712 -0.000000
vn -0.995148 0.098390 -0.000000
vn -0.994223 -0.107331 -0.000000
vn -0.995148 0.098390 -0.000000
vn -0.994223 -0.107331 -0.000000
vn -0.994251 -0.107073 -0.000000
vn -0.939277 -0.343159 -0.000000
vn -0.994251 -0.107073 -0.000000
vn -0.939277 -0.343159 -0.000000
vn -0.879763 -0.475412 -0.000000
vn -0.879763 -0.475412 -0.000000
vn -0.797560 -0.603239 -0.000000
vn -0.797560 -0.603239 -0.000000
vn -0.796446 -0.604709 -0.000000
vn -0.657753 -0.753234 -0.000000
vn -0.796446 -0.604709 -0.000000
vn -0.657753 -0.753234 -0.000000
vn -0.654095 -0.756412 -0.000000
vn -0.438900 -0.898536 -0.000000
vn -0.654095 -0.756412 -0.000000
vn -0.438900 -0.898536 -0.000000
vn -0.442273 -0.896880 -0.000000
vn -0.280630 -0.959816 -0.000000
vn -0.442273 -0.896880 -0.000000
vn -0.280630 -0.959816 -0.000000
vn -0.118611 -0.992941 -0.000000
vn -0.118611 -0.992941 -0.000000
vn -0.120847 -0.992671 -0.000000
vn -0.004016 -0.999992 -0.000000
vn -0.120847 -0.992671 -0.000000
vn -0.004016 -0.999992 -0.000000
vn 0.000000 -1.000000 -0.000000
vn 0.161489 -0.986875 -0.000000
vn 0.000000 -1.000000 -0.000000
vn 0.161489 -0.986875 -0.000000
vn 0.161188 -0.986924 -0.000000
vn 0.001992 -0.999998 -0.000000
vn 0.161188 -0.986924 -0.000000
vn 0.001992 -0.999998 -0.000000
vn 0.000000 -1.000000 -0.000000
vn -0.145359 -0.989379 -0.000000
vn 0.000000 -1.000000 -0.000000
vn -0.145359 -0.989379 -0.000000
vn -0.147033 -0.989132 -0.000000
vn -0.254408 -0.967097 -0.000000
vn -0.147033 -0.989132 -0.000000
vn -0.254408 -0.967097 -0.000000
vn -0.462566 -0.886585 -0.000000
vn -0.462566 -0.886585 -0.000000
vn -0.457957 -0.888975 -0.000000
vn -0.615532 -0.788112 -0.000000
vn -0.457957 -0.888975 -0.000000
vn -0.615532 -0.788112 -0.000000
vn -0.615568 -0.788084 -0.000000
vn -0.571847 -0.820360 -0.000000
vn -0.615568 -0.788084 -0.000000
vn -0.410706 -0.911768 -0.000000
vn -0.278041 -0.960569 -0.000000
vn -0.167812 -0.985819 -0.000000
vn -0.008368 -0.999965 -0.000000
vn 0.215335 -0.976540 -0.000000
vn 0.349624 -0.936890 -0.000000
vn -0.571847 -0.820360 -0.000000
vn -0.410706 -0.911768 -0.000000
vn -0.278041 -0.960569 -0.000000
vn -0.167812 -0.985819 -0.000000
vn -0.008368 -0.999965 -0.000000
vn 0.490654 -0.871354 -0.000000
vn 0.215335 -0.976540 -0.000000
vn 0.349624 -0.936890 -0.000000
vn 0.490654 -0.871354 -0.000000
vn 0.626954 -0.779057 -0.000000
vn 0.626954 -0.779057 -0.000000
vn 0.746294 -0.665616 -0.000000
vn 0.746294 -0.665616 -0.000000
vn 0.840516 -0.541787 -0.000000
vn 0.840516 -0.541787 -0.000000
vn 0.907959 -0.419058 -0.000000
vn 0.907959 -0.419058 -0.000000
vn 0.928477 -0.371391 -0.000000
vn 0.987364 -0.158466 -0.000000
vn 0.928477 -0.371391 -0.000000
vn 0.987364 -0.158466 -0.000000
vn 0.000000 0.000000 1.000000
vn 0.000000 0.000000 1.000000
vn 0.000000 0.000000 1.000000
vn 0.000000 0.000000 1.000000
vn 0.000000 0.000000 1.000000
vn 0.000000 0.000000 1.000000
vn 0.000000 0.000000 1.000000
vn 0.000000 0.000000 1.000000
vn -1.000000 0.000000 0.000000
vn -1.000000 0.000000 0.000000
vn -1.000000 0.000000 0.000000
vn -1.000000 0.000000 0.000000
vn 0.000000 -1.000000 0.000000
vn 0.000000 -1.000000 0.000000
vn 0.000000 -1.000000 0.000000
vn 0.000000 -1.000000 0.000000
vn 1.000000 0.000000 0.000000
vn 1.000000 0.000000 0.000000
vn 1.000000 0.000000 0.000000
vn 1.000000 0.000000 0.000000
vn 0.000000 1.000000 -0.000000
vn 0.000000 1.000000 -0.000000
vn 0.000000 1.000000 -0.000000
vn 0.000000 1.000000 -0.000000
vn -1.000000 0.000000 0.000000
vn -1.000000 0.000000 0.000000
vn -1.000000 0.000000 0.000000
vn -1.000000 0.000000 0.000000
vn 0.000000 1.000000 -0.000000
vn 0.000000 1.000000 -0.000000
vn 0.000000 1.000000 -0.000000
vn 0.000000 1.000000 -0.000000
vn 1.000000 0.000000 0.000000
vn 1.000000 0.000000 0.000000
vn 1.000000 0.000000 0.000000
vn 1.000000 0.000000 0.000000
vn 0.000000 -1.000000 0.000000
vn 0.000000 -1.000000 0.000000
vn 0.000000 -1.000000 0.000000
vn 0.000000 -1.000000 0.000000
vn 0.000000 0.000000 1.000000
vn 0.000000 0.000000 1.000000
vn 0.000000 0.000000 1.000000
vn 0.000000 0.000000 1.000000
vn 0.000000 0.000000 1.000000
vn 0.000000 0.000000 1.000000
vn 0.000000 0.000000 1.000000
vn 0.000000 0.000000 1.000000
vn 0.000000 0.000000 1.000000
vn 0.000000 0.000000 1.000000
vn 0.000000 0.000000 1.000000
vn 0.000000 0.000000 1.000000
vn 0.000000 0.000000 1.000000
vn 0.000000 0.000000 1.000000
vn 0.000000 0.000000 1.000000
vn 0.000000 0.000000 1.000000
vn 0.000000 0.000000 1.000000
vn 0.000000 0.000000 1.000000
vn 0.000000 0.000000 1.000000
vn 0.000000 0.000000 1.000000
vn 0.000000 0.000000 1.000000
vn 0.000000 0.000000 1.000000
vn 0.000000 0.000000 1.000000
vn 0.000000 0.000000 1.000000
vn 0.000000 0.000000 1.000000
vn 0.000000 0.000000 1.000000
vn 0.000000 0.000000 1.000000
vn 0.000000 0.000000 1.000000
vn 0.000000 0.000000 1.000000
vn 0.000000 0.000000 1.000000
vn 0.000000 0.000000 1.000000
vn 0.000000 0.000000 1.000000
vn 0.000000 0.000000 1.000000
vn 0.000000 0.000000 1.000000
vn 0.000000 0.000000 1.000000
vn 0.000000 0.000000 1.000000
vn 0.000000 0.000000 1.000000
vn 0.000000 0.000000 1.000000
vn 0.000000 0.000000 1.000000
vn 0.000000 0.000000 1.000000
vn 0.000000 0.000000 1.000000
vn 0.000000 0.000000 1.000000
vn 0.000000 0.000000 1.000000
vn 0.000000 0.000000 1.000000
vn 0.000000 0.000000 1.000000
vn 0.000000 0.000000 1.000000
vn 0.000000 0.000000 1.000000
vn 0.000000 0.000000 1.000000
vn 0.000000 0.000000 1.000000
vn 0.000000 0.000000 1.000000
vn 0.000000 0.000000 1.000000
vn 0.000000 0.000000 1.000000
vn 0.000000 0.000000 1.000000
vn 0.000000 0.000000 1.000000
vn 0.000000 0.000000 1.000000
vn 0.000000 0.000000 1.000000
vn 0.000000 0.000000 1.000000
vn 0.000000 0.000000 1.000000
vn 0.000000 0.000000 1.000000
vn 0.000000 0.000000 1.000000
vn 0.000000 0.000000 1.000000
vn 0.000000 0.000000 1.000000
vn 0.000000 0.000000 1.000000
vn 0.000000 0.000000 1.000000
vn 0.000000 0.000000 1.000000
vn 0.000000 0.000000 1.000000
vn 0.000000 0.000000 1.000000
vn 0.000000 0.000000 1.000000
vn 0.000000 0.000000 1.000000
vn 0.000000 0.000000 1.000000
vn 0.000000 0.000000 1.000000
vn 0.000000 0.000000 1.000000
vn 0.000000 0.000000 1.000000
vn 0.000000 0.000000 1.000000
vn 0.000000 0.000000 1.000000
vn 0.000000 0.000000 1.000000
vn 0.000000 0.000000 1.000000
vn 0.000000 0.000000 1.000000
vn 0.000000 0.000000 1.000000
vn 0.000000 0.000000 1.000000
vn 0.000000 0.000000 1.000000
vn 0.000000 0.000000 1.000000
vn 0.000000 0.000000 1.000000
vn 0.000000 0.000000 1.000000
vn 0.000000 0.000000 1.000000
vn 0.000000 0.000000 1.000000
vn 0.000000 0.000000 1.000000
vn 0.000000 0.000000 1.000000
vn 0.000000 0.000000 1.000000
vn 0.000000 0.000000 1.000000
vn 0.000000 0.000000 1.000000
vn 0.000000 0.000000 1.000000
vn 0.000000 0.000000 1.000000
vn 0.000000 0.000000 1.000000
vn 0.000000 0.000000 1.000000
vn 0.000000 0.000000 1.000000
vn 0.000000 0.000000 1.000000
vn 0.000000 0.000000 1.000000
vn 0.000000 0.000000 1.000000
vn 0.000000 0.000000 1.000000
vn 0.000000 0.000000 1.000000
vn 0.000000 0.000000 1.000000
vn 0.000000 0.000000 1.000000
vn 0.000000 0.000000 1.000000
vn 0.000000 0.000000 1.000000
vn 0.000000 0.000000 1.000000
vn 0.000000 0.000000 1.000000
vn 0.000000 0.000000 1.000000
vn 0.000000 0.000000 1.000000
vn 0.000000 0.000000 1.000000
vn -0.060030 -0.998197 0.000000
vn -0.123100 -0.992394 0.000000
vn -0.060030 -0.998197 0.000000
vn -0.123100 -0.992394 0.000000
vn -0.316680 -0.948533 0.000000
vn -0.316680 -0.948533 0.000000
vn -0.513931 -0.857831 0.000000
vn -0.513931 -0.857831 0.000000
vn -0.572469 -0.819926 0.000000
vn -0.572469 -0.819926 0.000000
vn 0.697329 -0.716751 0.000000
vn 0.635634 -0.771990 0.000000
vn 0.697329 -0.716751 0.000000
vn 0.635634 -0.771990 0.000000
vn 0.548127 -0.836395 0.000000
vn 0.548127 -0.836395 0.000000
vn 0.410233 -0.911981 0.000000
vn 0.410233 -0.911981 0.000000
vn 0.166577 -0.986028 0.000000
vn 0.166577 -0.986028 0.000000
vn 0.087892 -0.996130 0.000000
vn 0.087892 -0.996130 0.000000
vn 0.999885 -0.015139 0.000000
vn 0.997739 -0.067208 0.000000
vn 0.999885 -0.015139 0.000000
vn 0.997739 -0.067208 0.000000
vn 0.973795 -0.227427 0.000000
vn 0.973795 -0.227427 0.000000
vn 0.905894 -0.423506 0.000000
vn 0.905894 -0.423506 0.000000
vn 0.873890 -0.486123 0.000000
vn 0.873890 -0.486123 0.000000
vn 0.866578 0.499041 -0.000000
vn 0.900695 0.434452 -0.000000
vn 0.866578 0.499041 -0.000000
vn 0.900695 0.434452 -0.000000
vn 0.972790 0.231687 -0.000000
vn 0.972790 0.231687 -0.000000
vn 0.997753 0.066992 -0.000000
vn 0.997753 0.066992 -0.000000
vn 0.999908 0.013580 -0.000000
vn 0.999908 0.013580 -0.000000
vn 0.092298 0.995731 -0.000000
vn 0.169620 0.985510 -0.000000
vn 0.092298 0.995731 -0.000000
vn 0.169620 0.985510 -0.000000
vn 0.408096 0.912939 -0.000000
vn 0.408096 0.912939 -0.000000
vn 0.625183 0.780478 -0.000000
vn 0.625183 0.780478 -0.000000
vn 0.685293 0.728268 -0.000000
vn 0.685293 0.728268 -0.000000
vn -0.451671 0.892185 0.000000
vn -0.404919 0.914353 0.000000
vn -0.451671 0.892185 0.000000
vn -0.404919 0.914353 0.000000
vn -0.255087 0.966918 0.000000
vn -0.255087 0.966918 0.000000
vn -0.105527 0.994416 0.000000
vn -0.105527 0.994416 0.000000
vn -0.056217 0.998419 0.000000
vn -0.056217 0.998419 0.000000
vn -0.867001 0.498306 0.000000
vn -0.840433 0.541915 0.000000
vn -0.867001 0.498306 0.000000
vn -0.840433 0.541915 0.000000
vn -0.745108 0.666944 0.000000
vn -0.745108 0.666944 0.000000
vn -0.625951 0.779862 0.000000
vn -0.625951 0.779862 0.000000
vn -0.583425 0.812167 0.000000
vn -0.583425 0.812167 0.000000
vn -0.998573 0.053403 0.000000
vn -0.995343 0.096396 0.000000
vn -0.998573 0.053403 0.000000
vn -0.995343 0.096396 0.000000
vn -0.974055 0.226312 0.000000
vn -0.974055 0.226312 0.000000
vn -0.935025 0.354582 0.000000
vn -0.935025 0.354582 0.000000
vn -0.918552 0.395299 0.000000
vn -0.918552 0.395299 0.000000
vn -0.794809 -0.606860 0.000000
vn -0.837132 -0.547001 0.000000
vn -0.794809 -0.606860 0.000000
vn -0.837132 -0.547001 0.000000
vn -0.939941 -0.341338 0.000000
vn -0.939941 -0.341338 0.000000
vn -0.990915 -0.134490 0.000000
vn -0.990915 -0.134490 0.000000
vn -0.997736 -0.067250 0.000000
vn -0.997736 -0.067250 0.000000
vn -0.097226 -0.995262 0.000000
vn -0.171598 -0.985167 0.000000
vn -0.097226 -0.995262 0.000000
vn -0.171598 -0.985167 0.000000
vn -0.399595 -0.916692 0.000000
vn -0.399595 -0.916692 0.000000
vn -0.602948 -0.797780 0.000000
vn -0.602948 -0.797780 0.000000
vn -0.660481 -0.750843 0.000000
vn -0.660481 -0.750843 0.000000
vn 0.405085 -0.914279 0.000000
vn 0.364748 -0.931106 0.000000
vn 0.405085 -0.914279 0.000000
vn 0.364748 -0.931106 0.000000
vn 0.237466 -0.971396 0.000000
vn 0.237466 -0.971396 0.000000
vn 0.104228 -0.994553 0.000000
vn 0.104228 -0.994553 0.000000
vn 0.060099 -0.998192 0.000000
vn 0.060099 -0.998192 0.000000
vn 0.807364 -0.590053 0.000000
vn 0.778994 -0.627032 0.000000
vn 0.807364 -0.590053 0.000000
vn 0.778994 -0.627032 0.000000
vn 0.681654 -0.731675 0.000000
vn 0.681654 -0.731675 0.000000
vn 0.563155 -0.826351 0.000000
vn 0.563155 -0.826351 0.000000
vn 0.521483 -0.853262 0.000000
vn 0.521483 -0.853262 0.000000
vn -0.957737 0.287647 0.000000
vn -0.968247 0.249995 0.000000
vn -0.957737 0.287647 0.000000
vn -0.968247 0.249995 0.000000
vn -0.990323 0.138781 0.000000
vn -0.990323 0.138781 0.000000
vn -0.998795 0.049073 0.000000
vn -0.998795 0.049073 0.000000
vn -0.999812 0.019377 0.000000
vn -0.999812 0.019377 0.000000
vn -0.661437 0.750001 0.000000
vn -0.700739 0.713418 0.000000
vn -0.661437 0.750001 0.000000
vn -0.700739 0.713418 0.000000
vn -0.807783 0.589480 0.000000
vn -0.807783 0.589480 0.000000
vn -0.885902 0.463873 0.000000
vn -0.885902 0.463873 0.000000
vn -0.907185 0.420732 0.000000
vn -0.907185 0.420732 0.000000
vn -0.067305 0.997732 0.000000
vn -0.124928 0.992166 0.000000
vn -0.067305 0.997732 0.000000
vn -0.124928 0.992166 0.000000
vn -0.300372 0.953822 0.000000
vn -0.300372 0.953822 0.000000
vn -0.471644 0.881789 0.000000
vn -0.471644 0.881789 0.000000
vn -0.523647 0.851936 0.000000
vn -0.523647 0.851936 0.000000
vn 0.656682 0.754167 -0.000000
vn 0.598462 0.801151 -0.000000
vn 0.656682 0.754167 -0.000000
vn 0.598462 0.801151 -0.000000
vn 0.392834 0.919610 -0.000000
vn 0.392834 0.919610 -0.000000
vn 0.166263 0.986081 -0.000000
vn 0.166263 0.986081 -0.000000
vn 0.092459 0.995717 -0.000000
vn 0.092459 0.995717 -0.000000
vn 0.971951 0.235182 -0.000000
vn 0.961623 0.274376 -0.000000
vn 0.971951 0.235182 -0.000000
vn 0.961623 0.274376 -0.000000
vn 0.920233 0.391371 -0.000000
vn 0.920233 0.391371 -0.000000
vn 0.848219 0.529646 -0.000000
vn 0.848219 0.529646 -0.000000
vn 0.818856 0.573999 -0.000000
vn 0.818856 0.573999 -0.000000
vn -0.077974 0.996955 0.000000
vn -0.077974 0.996955 0.000000
vn -0.077974 0.996955 0.000000
vn -0.077974 0.996955 0.000000
vn -0.738012 -0.674787 0.000000
vn -0.783274 -0.621677 0.000000
vn -0.738012 -0.674787 0.000000
vn -0.783274 -0.621677 0.000000
vn -0.899125 -0.437693 0.000000
vn -0.899125 -0.437693 0.000000
vn -0.968149 -0.250376 0.000000
vn -0.968149 -0.250376 0.000000
vn -0.982122 -0.188245 0.000000
vn -0.982122 -0.188245 0.000000
vn -0.093578 0.995612 0.000000
vn -0.166817 0.985988 0.000000
vn -0.093578 0.995612 0.000000
vn -0.166817 0.985988 0.000000
vn -0.391392 0.920224 0.000000
vn -0.391392 0.920224 0.000000
vn -0.594213 0.804308 0.000000
vn -0.594213 0.804308 0.000000
vn -0.651868 0.758332 0.000000
vn -0.651868 0.758332 0.000000
vn 0.663895 0.747826 -0.000000
vn 0.604740 0.796423 -0.000000
vn 0.663895 0.747826 -0.000000
vn 0.604740 0.796423 -0.000000
vn 0.394506 0.918893 -0.000000
vn 0.394506 0.918893 -0.000000
vn 0.164927 0.986306 -0.000000
vn 0.164927 0.986306 -0.000000
vn 0.090290 0.995915 -0.000000
vn 0.090290 0.995915 -0.000000
vn 0.998733 0.050318 -0.000000
vn 0.993498 0.113851 -0.000000
vn 0.998733 0.050318 -0.000000
vn 0.993498 0.113851 -0.000000
vn 0.950848 0.309658 -0.000000
vn 0.950848 0.309658 -0.000000
vn 0.855785 0.517332 -0.000000
vn 0.855785 0.517332 -0.000000
vn 0.815381 0.578925 -0.000000
vn 0.815381 0.578925 -0.000000
vn 0.826028 -0.563630 0.000000
vn 0.864238 -0.503084 0.000000
vn 0.826028 -0.563630 0.000000
vn 0.864238 -0.503084 0.000000
vn 0.953743 -0.300624 0.000000
vn 0.953743 -0.300624 0.000000
vn 0.993863 -0.110617 0.000000
vn 0.993863 -0.110617 0.000000
vn 0.998805 -0.048865 0.000000
vn 0.998805 -0.048865 0.000000
vn 0.111954 -0.993713 0.000000
vn 0.190168 -0.981751 0.000000
vn 0.111954 -0.993713 0.000000
vn 0.190168 -0.981751 0.000000
vn 0.429266 -0.903178 0.000000
vn 0.429266 -0.903178 0.000000
vn 0.632379 -0.774659 0.000000
vn 0.632379 -0.774659 0.000000
vn 0.688952 -0.724807 0.000000
vn 0.688952 -0.724807 0.000000
vn -0.475910 -0.879494 0.000000
vn -0.430834 -0.902431 0.000000
vn -0.475910 -0.879494 0.000000
vn -0.430834 -0.902431 0.000000
vn -0.285618 -0.958344 0.000000
vn -0.285618 -0.958344 0.000000
vn -0.127759 -0.991805 0.000000
vn -0.127759 -0.991805 0.000000
vn -0.075520 -0.997144 0.000000
vn -0.075520 -0.997144 0.000000
vn -0.880106 -0.474777 0.000000
vn -0.854797 -0.518962 0.000000
vn -0.880106 -0.474777 0.000000
vn -0.854797 -0.518962 0.000000
vn -0.763145 -0.646227 0.000000
vn -0.763145 -0.646227 0.000000
vn -0.645538 -0.763728 0.000000
vn -0.645538 -0.763728 0.000000
vn -0.603268 -0.797539 0.000000
vn -0.603268 -0.797539 0.000000
vn -0.998585 -0.053184 0.000000
vn -0.995641 -0.093264 0.000000
vn -0.998585 -0.053184 0.000000
vn -0.995641 -0.093264 0.000000
vn -0.976795 -0.214178 0.000000
vn -0.976795 -0.214178 0.000000
vn -0.943439 -0.331546 0.000000
vn -0.943439 -0.331546 0.000000
vn -0.929399 -0.369076 0.000000
vn -0.929399 -0.369076 0.000000
vn -0.792857 0.609408 0.000000
vn -0.835954 0.548799 0.000000
vn -0.792857 0.609408 0.000000
vn -0.835954 0.548799 0.000000
vn -0.940329 0.340267 0.000000
vn -0.940329 0.340267 0.000000
vn -0.991190 0.132451 0.000000
vn -0.991190 0.132451 0.000000
vn -0.997887 0.064976 0.000000
vn -0.997887 0.064976 0.000000
vn 0.000000 0.000000 1.000000
vn 0.000000 0.000000 1.000000
vn 0.000000 0.000000 1.000000
vn 0.000000 0.000000 1.000000
vn 0.000000 0.000000 1.000000
vn 0.000000 0.000000 1.000000
vn 0.000000 0.000000 1.000000
vn 0.000000 0.000000 1.000000
vn 0.000000 0.000000 1.000000
vn 0.000000 0.000000 1.000000
vn 0.000000 0.000000 1.000000
vn 0.000000 0.000000 1.000000
vn 0.000000 0.000000 1.000000
vn 0.000000 0.000000 1.000000
vn 0.000000 0.000000 1.000000
vn 0.000000 0.000000 1.000000
vn 0.000000 0.000000 1.000000
vn 0.000000 0.000000 1.000000
vn 0.000000 0.000000 1.000000
vn 0.000000 0.000000 1.000000
vn 0.000000 0.000000 1.000000
vn 0.000000 0.000000 1.000000
vn 0.000000 0.000000 1.000000
vn 0.000000 0.000000 1.000000
vn 0.000000 0.000000 1.000000
vn 0.000000 0.000000 1.000000
vn 0.000000 0.000000 1.000000
vn 0.000000 0.000000 1.000000
vn 0.000000 0.000000 1.000000
vn 0.000000 0.000000 1.000000
vn 0.000000 0.000000 1.000000
vn 0.000000 0.000000 1.000000
vn 0.000000 0.000000 1.000000
vn 0.000000 0.000000 1.000000
vn 0.000000 0.000000 1.000000
vn 0.000000 0.000000 1.000000
vn 0.000000 0.000000 1.000000
vn 0.000000 0.000000 1.000000
vn 0.000000 0.000000 1.000000
vn 0.000000 0.000000 1.000000
vn 0.000000 0.000000 1.000000
vn 0.000000 0.000000 1.000000
vn 0.000000 0.000000 1.000000
vn 0.000000 0.000000 1.000000
vn 0.000000 0.000000 1.000000
vn 0.000000 0.000000 1.000000
vn 0.000000 0.000000 1.000000
vn 0.000000 0.000000 1.000000
vn 0.000000 0.000000 1.000000
vn 0.000000 0.000000 1.000000
vn 0.000000 0.000000 1.000000
vn 0.000000 0.000000 1.000000
vn 0.000000 0.000000 1.000000
vn 0.000000 0.000000 1.000000
vn 0.000000 0.000000 1.000000
vn 0.000000 0.000000 1.000000
vn 0.000000 0.000000 1.000000
vn 0.000000 0.000000 1.000000
vn 0.000000 0.000000 1.000000
vn 0.000000 0.000000 1.000000
vn 0.000000 0.000000 1.000000
vn 0.000000 0.000000 1.000000
vn 0.000000 0.000000 1.000000
vn 0.000000 0.000000 1.000000
vn 0.000000 0.000000 1.000000
vn 0.000000 0.000000 1.000000
vn 0.000000 0.000000 1.000000
vn 0.000000 0.000000 1.000000
vn 0.000000 0.000000 1.000000
vn 0.000000 0.000000 1.000000
vn 0.000000 0.000000 1.000000
vn 0.000000 0.000000 1.000000
vn 0.000000 0.000000 1.000000
vn 0.000000 0.000000 1.000000
vn 0.000000 0.000000 1.000000
vn 0.000000 0.000000 1.000000
vn 0.000000 0.000000 1.000000
vn 0.000000 0.000000 1.000000
vn 0.110922 0.993829 -0.000000
vn 0.198565 0.980088 -0.000000
vn 0.110922 0.993829 -0.000000
vn 0.198565 0.980088 -0.000000
vn 0.312278 0.949991 -0.000000
vn 0.312278 0.949991 -0.000000
vn 0.470544 0.882377 -0.000000
vn 0.470544 0.882377 -0.000000
vn 0.613963 0.789335 -0.000000
vn 0.613963 0.789335 -0.000000
vn 0.701808 0.712366 -0.000000
vn 0.701808 0.712366 -0.000000
vn 0.761779 0.647837 -0.000000
vn 0.761779 0.647837 -0.000000
vn -0.681398 0.731914 0.000000
vn -0.624539 0.780994 0.000000
vn -0.681398 0.731914 0.000000
vn -0.624539 0.780994 0.000000
vn -0.421266 0.906937 0.000000
vn -0.421266 0.906937 0.000000
vn -0.185084 0.982723 0.000000
vn -0.185084 0.982723 0.000000
vn -0.107899 0.994162 0.000000
vn -0.107899 0.994162 0.000000
vn -0.999129 0.041726 0.000000
vn -0.994696 0.102861 0.000000
vn -0.999129 0.041726 0.000000
vn -0.994696 0.102861 0.000000
vn -0.956627 0.291316 0.000000
vn -0.956627 0.291316 0.000000
vn -0.867187 0.497982 0.000000
vn -0.867187 0.497982 0.000000
vn -0.828408 0.560126 0.000000
vn -0.828408 0.560126 0.000000
vn -0.965563 -0.260171 0.000000
vn -0.972764 -0.231796 0.000000
vn -0.965563 -0.260171 0.000000
vn -0.972764 -0.231796 0.000000
vn -0.989431 -0.145003 0.000000
vn -0.989431 -0.145003 0.000000
vn -0.998161 -0.060615 0.000000
vn -0.998161 -0.060615 0.000000
vn -0.999469 -0.032579 0.000000
vn -0.999469 -0.032579 0.000000
vn -0.815015 -0.579440 0.000000
vn -0.835227 -0.549905 0.000000
vn -0.815015 -0.579440 0.000000
vn -0.835227 -0.549905 0.000000
vn -0.889706 -0.456534 0.000000
vn -0.889706 -0.456534 0.000000
vn -0.930974 -0.365085 0.000000
vn -0.930974 -0.365085 0.000000
vn -0.942540 -0.334095 0.000000
vn -0.942540 -0.334095 0.000000
vn -0.454099 -0.890951 0.000000
vn -0.493894 -0.869522 0.000000
vn -0.454099 -0.890951 0.000000
vn -0.493894 -0.869522 0.000000
vn -0.609135 -0.793066 0.000000
vn -0.609135 -0.793066 0.000000
vn -0.715501 -0.698611 0.000000
vn -0.715501 -0.698611 0.000000
vn -0.747220 -0.664577 0.000000
vn -0.747220 -0.664577 0.000000
vn -0.050567 -0.998721 0.000000
vn -0.090420 -0.995904 0.000000
vn -0.050567 -0.998721 0.000000
vn -0.090420 -0.995904 0.000000
vn -0.210697 -0.977551 0.000000
vn -0.210697 -0.977551 0.000000
vn -0.329255 -0.944241 0.000000
vn -0.329255 -0.944241 0.000000
vn -0.367167 -0.930155 0.000000
vn -0.367167 -0.930155 0.000000
vn 0.718795 -0.695222 0.000000
vn 0.660025 -0.751244 0.000000
vn 0.718795 -0.695222 0.000000
vn 0.660025 -0.751244 0.000000
vn 0.576274 -0.817257 0.000000
vn 0.576274 -0.817257 0.000000
vn 0.443060 -0.896492 0.000000
vn 0.443060 -0.896492 0.000000
vn 0.296251 -0.955110 0.000000
vn 0.296251 -0.955110 0.000000
vn 0.190631 -0.981662 0.000000
vn 0.190631 -0.981662 0.000000
vn 0.108665 -0.994078 0.000000
vn 0.108665 -0.994078 0.000000
vn -1.000000 0.000000 0.000000
vn -1.000000 0.000000 0.000000
vn -1.000000 0.000000 0.000000
vn -1.000000 0.000000 0.000000
vn 0.000000 -1.000000 0.000000
vn 0.000000 -1.000000 0.000000
vn 0.000000 -1.000000 0.000000
vn 0.000000 -1.000000 0.000000
vn 1.000000 0.000000 0.000000
vn 1.000000 0.000000 0.000000
vn 1.000000 0.000000 0.000000
vn 1.000000 0.000000 0.000000
vn 0.000000 1.000000 -0.000000
vn 0.000000 1.000000 -0.000000
vn 0.000000 1.000000 -0.000000
vn 0.000000 1.000000 -0.000000
vn -1.000000 0.000000 0.000000
vn -1.000000 0.000000 0.000000
vn -1.000000 0.000000 0.000000
vn -1.000000 0.000000 0.000000
vn -0.126130 0.992014 0.000000
vn -0.208170 0.978093 0.000000
vn -0.126130 0.992014 0.000000
vn -0.208170 0.978093 0.000000
vn -0.313417 0.949616 0.000000
vn -0.313417 0.949616 0.000000
vn -0.457991 0.888957 0.000000
vn -0.457991 0.888957 0.000000
vn -0.661109 0.750290 0.000000
vn -0.661109 0.750290 0.000000
vn -0.716714 0.697368 0.000000
vn -0.716714 0.697368 0.000000
vn 0.714926 0.699200 -0.000000
vn 0.658255 0.752795 -0.000000
vn 0.714926 0.699200 -0.000000
vn 0.658255 0.752795 -0.000000
vn 0.450893 0.892578 -0.000000
vn 0.450893 0.892578 -0.000000
vn 0.306013 0.952027 -0.000000
vn 0.306013 0.952027 -0.000000
vn 0.201073 0.979576 -0.000000
vn 0.201073 0.979576 -0.000000
vn 0.119380 0.992849 -0.000000
vn 0.119380 0.992849 -0.000000
vn 0.999777 0.021095 -0.000000
vn 0.997143 0.075539 -0.000000
vn 0.999777 0.021095 -0.000000
vn 0.997143 0.075539 -0.000000
vn 0.969974 0.243209 -0.000000
vn 0.969974 0.243209 -0.000000
vn 0.896426 0.443194 -0.000000
vn 0.896426 0.443194 -0.000000
vn 0.862531 0.506005 -0.000000
vn 0.862531 0.506005 -0.000000
vn 0.857144 -0.515078 0.000000
vn 0.891324 -0.453367 0.000000
vn 0.857144 -0.515078 0.000000
vn 0.891324 -0.453367 0.000000
vn 0.967051 -0.254582 0.000000
vn 0.967051 -0.254582 0.000000
vn 0.996526 -0.083282 0.000000
vn 0.996526 -0.083282 0.000000
vn 0.999619 -0.027618 0.000000
vn 0.999619 -0.027618 0.000000
vn 0.124332 -0.992241 0.000000
vn 0.205839 -0.978586 0.000000
vn 0.124332 -0.992241 0.000000
vn 0.205839 -0.978586 0.000000
vn 0.310385 -0.950611 0.000000
vn 0.310385 -0.950611 0.000000
vn 0.454151 -0.890925 0.000000
vn 0.454151 -0.890925 0.000000
vn 0.657143 -0.753766 0.000000
vn 0.657143 -0.753766 0.000000
vn 0.712859 -0.701308 0.000000
vn 0.712859 -0.701308 0.000000
vn -0.804502 -0.593949 0.000000
vn -0.748672 -0.662940 0.000000
vn -0.804502 -0.593949 0.000000
vn -0.748672 -0.662940 0.000000
vn -0.665118 -0.746738 0.000000
vn -0.665118 -0.746738 0.000000
vn -0.525249 -0.850949 0.000000
vn -0.525249 -0.850949 0.000000
vn -0.357451 -0.933932 0.000000
vn -0.357451 -0.933932 0.000000
vn -0.234920 -0.972015 0.000000
vn -0.234920 -0.972015 0.000000
vn -0.140528 -0.990077 0.000000
vn -0.140528 -0.990077 0.000000
vn -0.999985 -0.005462 0.000000
vn -0.998953 -0.045744 0.000000
vn -0.999985 -0.005462 0.000000
vn -0.998953 -0.045744 0.000000
vn -0.985693 -0.168552 0.000000
vn -0.985693 -0.168552 0.000000
vn -0.945272 -0.326282 0.000000
vn -0.945272 -0.326282 0.000000
vn -0.925210 -0.379456 0.000000
vn -0.925210 -0.379456 0.000000
vn -0.851220 0.524809 0.000000
vn -0.886120 0.463456 0.000000
vn -0.851220 0.524809 0.000000
vn -0.886120 0.463456 0.000000
vn -0.964493 0.264107 0.000000
vn -0.964493 0.264107 0.000000
vn -0.996027 0.089055 0.000000
vn -0.996027 0.089055 0.000000
vn -0.999483 0.032167 0.000000
vn -0.999483 0.032167 0.000000
vn 0.000000 0.000000 1.000000
vn 0.000000 0.000000 1.000000
vn 0.000000 0.000000 1.000000
vn 0.000000 0.000000 1.000000
vn 0.000000 0.000000 1.000000
vn 0.000000 0.000000 1.000000
vn 0.000000 0.000000 1.000000
vn 0.000000 0.000000 1.000000
vn 0.000000 0.000000 1.000000
vn 0.000000 0.000000 1.000000
vn 0.000000 0.000000 1.000000
vn 0.000000 0.000000 1.000000
vn 0.000000 0.000000 1.000000
vn 0.000000 0.000000 1.000000
vn 0.000000 0.000000 1.000000
vn 0.000000 0.000000 1.000000
vn 0.000000 0.000000 1.000000
vn 0.000000 0.000000 1.000000
vn 0.000000 0.000000 1.000000
vn 0.000000 0.000000 1.000000
vn 0.000000 0.000000 1.000000
vn 0.000000 0.000000 1.000000
vn 0.000000 0.000000 1.000000
vn 0.000000 0.000000 1.000000
vn 0.000000 0.000000 1.000000
vn 0.000000 0.000000 1.000000
vn 0.000000 0.000000 1.000000
vn 0.000000 0.000000 1.000000
vn 0.000000 0.000000 1.000000
vn 0.000000 0.000000 1.000000
vn 0.000000 0.000000 1.000000
vn 0.000000 0.000000 1.000000
vn 0.000000 0.000000 1.000000
vn 0.000000 0.000000 1.000000
vn 0.000000 0.000000 1.000000
vn 0.000000 0.000000 1.000000
vn 0.000000 0.000000 1.000000
vn 0.000000 0.000000 1.000000
vn 0.000000 0.000000 1.000000
vn 0.000000 0.000000 1.000000
vn 0.000000 0.000000 1.000000
vn 0.000000 0.000000 1.000000
vn 0.000000 0.000000 1.000000
vn 0.000000 0.000000 1.000000
vn 0.000000 0.000000 1.000000
vn 0.000000 0.000000 1.000000
vn 0.000000 0.000000 1.000000
vn 0.000000 0.000000 1.000000
vn 0.000000 0.000000 1.000000
vn 0.000000 0.000000 1.000000
vn 0.000000 0.000000 1.000000
vn 0.000000 0.000000 1.000000
vn 0.000000 0.000000 1.000000
vn 0.000000 0.000000 1.000000
vn 0.000000 0.000000 1.000000
vn 0.000000 0.000000 1.000000
vn 0.000000 0.000000 1.000000
vn 0.000000 0.000000 1.000000
vn 0.000000 0.000000 1.000000
vn 0.000000 0.000000 1.000000
vn 0.000000 0.000000 1.000000
vn 0.000000 0.000000 1.000000
vn 0.000000 0.000000 1.000000
vn 0.000000 0.000000 1.000000
vn 0.000000 0.000000 1.000000
vn 0.000000 0.000000 1.000000
vn 0.000000 0.000000 1.000000
vn 0.000000 0.000000 1.000000
vn 0.000000 0.000000 1.000000
vn 0.000000 0.000000 1.000000
vn 0.000000 0.000000 1.000000
vn 0.000000 0.000000 1.000000
vn 0.000000 0.000000 1.000000
vn 0.000000 0.000000 1.000000
vn 0.000000 0.000000 1.000000
vn 0.000000 0.000000 1.000000
vn 0.000000 0.000000 1.000000
vn 0.000000 0.000000 1.000000
vn 0.000000 0.000000 1.000000
vn 0.000000 0.000000 1.000000
vn 0.000000 0.000000 1.000000
vn 0.000000 0.000000 1.000000
vn 0.000000 0.000000 1.000000
vn 0.000000 0.000000 1.000000
vn 0.000000 0.000000 1.000000
vn 0.000000 0.000000 1.000000
vn 0.000000 0.000000 1.000000
vn 0.000000 0.000000 1.000000
vn 0.000000 0.000000 1.000000
vn 0.000000 0.000000 1.000000
vn 0.000000 0.000000 1.000000
vn 0.000000 0.000000 1.000000
vn 0.000000 0.000000 1.000000
vn 0.000000 0.000000 1.000000
vn 0.000000 0.000000 1.000000
vn 0.000000 0.000000 1.000000
vn 0.000000 0.000000 1.000000
vn 0.000000 0.000000 1.000000
vn 0.000000 0.000000 1.000000
vn 0.000000 0.000000 1.000000
vn 0.000000 0.000000 1.000000
vn 0.000000 0.000000 1.000000
vn 0.000000 0.000000 1.000000
vn 0.000000 0.000000 1.000000
vn 0.000000 0.000000 1.000000
vn 0.000000 0.000000 1.000000
vn 0.000000 0.000000 1.000000
vn 0.000000 0.000000 1.000000
vn 0.000000 0.000000 1.000000
vn 0.000000 0.000000 1.000000
vn 0.000000 0.000000 1.000000
vn 0.000000 0.000000 1.000000
vn 0.000000 0.000000 1.000000
vn 0.000000 0.000000 1.000000
vn 0.000000 0.000000 1.000000
vn 0.000000 0.000000 1.000000
vn 0.000000 0.000000 1.000000
vn 0.000000 0.000000 1.000000
vn 0.000000 0.000000 1.000000
vn 0.000000 0.000000 1.000000
vn 0.000000 0.000000 1.000000
vn 0.000000 0.000000 1.000000
vn 0.000000 0.000000 1.000000
vn 0.000000 0.000000 1.000000
vn 0.000000 0.000000 1.000000
vn 0.000000 0.000000 1.000000
vn 0.000000 0.000000 1.000000
vn 0.000000 0.000000 1.000000
vn 0.000000 0.000000 1.000000
vn 0.000000 0.000000 1.000000
vn 0.000000 0.000000 1.000000
vn 0.000000 0.000000 1.000000
vn 0.000000 0.000000 1.000000
vn 0.000000 0.000000 1.000000
vn 0.000000 0.000000 1.000000
vn 0.000000 0.000000 1.000000
vn 0.000000 0.000000 1.000000
vn 0.000000 0.000000 1.000000
vn 0.000000 0.000000 1.000000
vn 0.000000 0.000000 1.000000
vn 0.000000 0.000000 1.000000
vn 0.000000 0.000000 1.000000
vn 0.000000 0.000000 1.000000
vn 0.000000 0.000000 1.000000
vn 0.000000 0.000000 1.000000
vn 0.000000 0.000000 1.000000
vn 0.000000 0.000000 1.000000
vn 0.000000 0.000000 1.000000
vn 0.000000 0.000000 1.000000
vn 0.000000 0.000000 1.000000
vn 0.000000 0.000000 1.000000
vn 0.000000 0.000000 1.000000
vn 0.000000 0.000000 1.000000
vn 0.000000 0.000000 1.000000
vn 0.000000 0.000000 1.000000
vn 0.000000 0.000000 1.000000
vn 0.000000 0.000000 1.000000
vn 0.000000 0.000000 1.000000
vn 0.000000 0.000000 1.000000
vn 0.000000 0.000000 1.000000
vn 0.000000 0.000000 1.000000
vn 0.000000 0.000000 1.000000
vn 0.000000 0.000000 1.000000
vn 0.000000 0.000000 1.000000
vn 0.000000 0.000000 1.000000
vn 0.000000 0.000000 1.000000
vn 0.000000 0.000000 1.000000
vn 0.000000 0.000000 1.000000
vn 0.000000 0.000000 1.000000
vn 0.000000 0.000000 1.000000
vn 0.000000 0.000000 1.000000
vn 0.000000 0.000000 1.000000
vn 0.000000 0.000000 1.000000
vn 0.000000 0.000000 1.000000
vn 0.000000 0.000000 1.000000
vn 0.000000 0.000000 1.000000
vn 0.000000 0.000000 1.000000
vn 0.000000 0.000000 1.000000
vn 0.000000 0.000000 1.000000
vn 0.000000 0.000000 1.000000
vn 0.000000 0.000000 1.000000
vn 0.000000 0.000000 1.000000
vn 0.000000 0.000000 1.000000
vn 0.000000 0.000000 1.000000
vn 0.000000 0.000000 1.000000
vn 0.000000 0.000000 1.000000
vn 0.000000 0.000000 1.000000
vn 0.000000 0.000000 1.000000
vn 0.000000 0.000000 1.000000
vn 0.000000 0.000000 1.000000
vn 0.000000 0.000000 1.000000
vn 0.000000 0.000000 1.000000
vn 1.000000 -0.000000 -0.000000
vn 1.000000 -0.000000 -0.000000
vn 1.000000 -0.000000 -0.000000
vn 1.000000 -0.000000 -0.000000
vn -0.000000 -0.000000 -1.000000
vn -0.000000 -0.000000 -1.000000
vn -0.000000 -0.000000 -1.000000
vn -0.000000 -0.000000 -1.000000
vn -0.000000 -0.000000 -1.000000
vn -0.000000 -0.000000 -1.000000
vn -0.000000 -0.000000 -1.000000
vn -0.000000 -0.000000 -1.000000
vn -0.000000 -0.000000 -1.000000
vn -0.000000 -0.000000 -1.000000
vn -0.000000 -0.000000 -1.000000
vn -0.000000 -0.000000 -1.000000
vn -0.000000 -0.000000 -1.000000
vn -0.000000 -0.000000 -1.000000
vn -0.000000 -0.000000 -1.000000
vn -0.000000 -0.000000 -1.000000
vn -0.000000 -0.000000 -1.000000
vn -0.000000 -0.000000 -1.000000
vn -0.000000 -0.000000 -1.000000
vn -0.000000 -0.000000 -1.000000
vn -0.000000 -0.000000 -1.000000
vn -0.000000 -0.000000 -1.000000
vn -0.000000 -0.000000 -1.000000
vn -0.000000 -0.000000 -1.000000
vn -0.000000 -0.000000 -1.000000
vn -0.000000 -0.000000 -1.000000
vn -0.000000 -0.000000 -1.000000
vn -0.000000 -0.000000 -1.000000
vn -0.000000 -0.000000 -1.000000
vn -0.000000 -0.000000 -1.000000
vn -0.000000 -0.000000 -1.000000
vn -0.000000 -0.000000 -1.000000
vn -0.000000 -0.000000 -1.000000
vn -0.000000 -0.000000 -1.000000
vn -0.000000 -0.000000 -1.000000
vn -0.000000 -0.000000 -1.000000
vn -0.000000 -0.000000 -1.000000
vn -0.000000 -0.000000 -1.000000
vn -0.000000 -0.000000 -1.000000
vn -0.000000 -0.000000 -1.000000
vn -0.000000 -0.000000 -1.000000
vn -0.000000 -0.000000 -1.000000
vn -0.000000 -0.000000 -1.000000
vn -0.000000 -0.000000 -1.000000
vn -0.000000 -0.000000 -1.000000
vn -0.000000 -0.000000 -1.000000
vn -0.000000 -0.000000 -1.000000
vn -0.000000 -0.000000 -1.000000
vn -0.000000 -0.000000 -1.000000
vn -0.000000 -0.000000 -1.000000
vn -0.000000 -0.000000 -1.000000
vn -0.000000 -0.000000 -1.000000
vn -0.000000 -0.000000 -1.000000
vn -0.000000 -0.000000 -1.000000
vn -0.000000 -0.000000 -1.000000
vn -0.000000 -0.000000 -1.000000
vn -0.000000 -0.000000 -1.000000
vn -0.000000 -0.000000 -1.000000
vn -0.000000 -0.000000 -1.000000
vn -0.000000 -0.000000 -1.000000
vn -0.000000 -0.000000 -1.000000
vn -0.000000 -0.000000 -1.000000
vn -0.000000 -0.000000 -1.000000
vn -0.000000 -0.000000 -1.000000
vn -0.000000 -0.000000 -1.000000
vn -0.000000 -0.000000 -1.000000
vn -0.000000 -0.000000 -1.000000
vn -0.000000 -0.000000 -1.000000
vn -0.000000 -0.000000 -1.000000
vn -0.000000 -0.000000 -1.000000
vn -0.000000 -0.000000 -1.000000
vn -0.000000 -0.000000 -1.000000
vn -0.000000 -0.000000 -1.000000
vn -0.000000 -0.000000 -1.000000
vn -0.000000 -0.000000 -1.000000
vn -0.000000 -0.000000 -1.000000
vn -0.000000 -0.000000 -1.000000
vn -0.000000 -0.000000 -1.000000
vn -0.000000 -0.000000 -1.000000
vn -0.000000 -0.000000 -1.000000
vn -0.000000 -0.000000 -1.000000
vn -0.000000 -0.000000 -1.000000
vn -0.000000 -0.000000 -1.000000
vn -0.000000 -0.000000 -1.000000
vn -0.000000 -0.000000 -1.000000
vn -0.000000 -0.000000 -1.000000
vn -0.000000 -0.000000 -1.000000
vn -0.000000 -0.000000 -1.000000
vn -0.000000 -0.000000 -1.000000
vn -0.000000 -0.000000 -1.000000
vn -0.000000 -0.000000 -1.000000
vn -0.000000 -0.000000 -1.000000
vn -0.000000 -0.000000 -1.000000
vn -0.000000 -0.000000 -1.000000
vn -0.000000 -0.000000 -1.000000
vn -0.000000 -0.000000 -1.000000
vn -0.000000 -0.000000 -1.000000
vn -0.000000 -0.000000 -1.000000
vn -0.000000 -0.000000 -1.000000
vn -0.000000 -0.000000 -1.000000
vn -0.000000 -0.000000 -1.000000
vn -0.000000 -0.000000 -1.000000
vn -0.000000 -0.000000 -1.000000
vn -0.000000 -0.000000 -1.000000
vn -0.000000 -0.000000 -1.000000
vn -0.000000 -0.000000 -1.000000
vn -0.000000 -0.000000 -1.000000
vn -0.000000 -0.000000 -1.000000
vn -0.000000 -0.000000 -1.000000
vn -0.000000 -0.000000 -1.000000
vn -0.000000 -0.000000 -1.000000
vn -0.000000 -0.000000 -1.000000
vn -0.000000 -0.000000 -1.000000
vn -0.000000 -0.000000 -1.000000
vn -0.000000 -0.000000 -1.000000
vn -0.000000 -0.000000 -1.000000
vn -0.000000 -0.000000 -1.000000
vn -0.000000 -0.000000 -1.000000
vn -0.000000 -0.000000 -1.000000
vn -0.000000 -0.000000 -1.000000
vn -0.000000 -0.000000 -1.000000
vn -0.000000 -0.000000 -1.000000
vn -0.000000 -0.000000 -1.000000
vn -0.000000 -0.000000 -1.000000
vn -0.000000 -0.000000 -1.000000
vn -0.000000 -0.000000 -1.000000
vn -0.000000 -0.000000 -1.000000
vn -0.000000 -0.000000 -1.000000
vn -0.000000 -0.000000 -1.000000
vn -0.000000 -0.000000 -1.000000
vn -0.000000 -0.000000 -1.000000
vn -0.000000 -0.000000 -1.000000
vn -0.000000 -0.000000 -1.000000
vn -0.000000 -0.000000 -1.000000
vn -0.000000 -0.000000 -1.000000
vn -0.000000 -0.000000 -1.000000
vn -0.000000 -0.000000 -1.000000
vn -0.000000 -0.000000 -1.000000
vn -0.000000 -0.000000 -1.000000
vn -0.000000 -0.000000 -1.000000
vn -0.000000 -0.000000 -1.000000
vn -0.000000 -0.000000 -1.000000
vn -0.000000 -0.000000 -1.000000
vn -0.000000 -0.000000 -1.000000
vn -0.000000 -0.000000 -1.000000
vn -0.000000 -0.000000 -1.000000
vn -0.000000 -0.000000 -1.000000
vn -0.000000 -0.000000 -1.000000
vn -0.000000 -0.000000 -1.000000
vn -0.000000 -0.000000 -1.000000
vn -0.000000 -0.000000 -1.000000
vn -0.000000 -0.000000 -1.000000
vn -0.000000 -0.000000 -1.000000
vn -0.000000 -0.000000 -1.000000
vn -0.000000 -0.000000 -1.000000
vn -0.000000 -0.000000 -1.000000
vn -0.000000 -0.000000 -1.000000
vn -0.000000 -0.000000 -1.000000
vn -0.000000 -0.000000 -1.000000
vn -0.000000 -0.000000 -1.000000
vn -0.000000 -0.000000 -1.000000
vn -0.000000 -0.000000 -1.000000
vn -0.000000 -0.000000 -1.000000
vn -0.000000 -0.000000 -1.000000
vn -0.000000 -0.000000 -1.000000
vn -0.000000 -0.000000 -1.000000
vn -0.000000 -0.000000 -1.000000
vn -0.000000 -0.000000 -1.000000
vn -0.000000 -0.000000 -1.000000
vn -0.000000 -0.000000 -1.000000
vn -0.000000 -0.000000 -1.000000
vn -0.000000 -0.000000 -1.000000
vn -0.000000 -0.000000 -1.000000
vn -0.000000 -0.000000 -1.000000
vn -0.000000 -0.000000 -1.000000
vn -0.000000 -0.000000 -1.000000
vn -0.000000 -0.000000 -1.000000
vn -0.000000 -0.000000 -1.000000
vn -0.000000 -0.000000 -1.000000
vn -0.000000 -0.000000 -1.000000
vn -0.000000 -0.000000 -1.000000
vn -0.000000 -0.000000 -1.000000
vn -0.000000 -0.000000 -1.000000
vn -0.000000 -0.000000 -1.000000
vn -0.000000 -0.000000 -1.000000
vn -0.000000 -0.000000 -1.000000
vn -0.000000 -0.000000 -1.000000
vn -0.000000 -0.000000 -1.000000
vn -0.000000 -0.000000 -1.000000
vn -0.000000 -0.000000 -1.000000
vn -0.000000 -0.000000 -1.000000
vn -0.000000 -0.000000 -1.000000
vn -0.000000 -0.000000 -1.000000
vn -0.000000 -0.000000 -1.000000
vn -0.000000 -0.000000 -1.000000
vn -0.000000 -0.000000 -1.000000
vn -0.000000 -0.000000 -1.000000
vn -0.000000 -0.000000 -1.000000
vn -0.000000 -0.000000 -1.000000
vn -0.000000 -0.000000 -1.000000
vn -0.000000 -0.000000 -1.000000
vn -0.000000 -0.000000 -1.000000
vn -0.000000 -0.000000 -1.000000
vn -0.000000 -0.000000 -1.000000
vn -0.000000 -0.000000 -1.000000
vn -0.000000 -0.000000 -1.000000
vn -0.000000 -0.000000 -1.000000
vn -0.000000 -0.000000 -1.000000
vn -0.000000 -0.000000 -1.000000
vn -0.000000 -0.000000 -1.000000
vn -0.000000 -0.000000 -1.000000
vn -0.000000 -0.000000 -1.000000
vn -0.000000 -0.000000 -1.000000
vn -0.000000 -0.000000 -1.000000
vn -0.000000 -0.000000 -1.000000
vn -0.000000 -0.000000 -1.000000
vn -0.000000 -0.000000 -1.000000
vn -0.000000 -0.000000 -1.000000
vn -0.000000 -0.000000 -1.000000
vn -0.000000 -0.000000 -1.000000
vn -0.000000 -0.000000 -1.000000
vn -0.000000 -0.000000 -1.000000
vn -0.000000 -0.000000 -1.000000
vn -0.000000 -0.000000 -1.000000
vn -0.000000 -0.000000 -1.000000
vn -0.000000 -0.000000 -1.000000
vn -0.000000 -0.000000 -1.000000
vn -0.000000 -0.000000 -1.000000
vn -0.000000 -0.000000 -1.000000
vn -0.000000 -0.000000 -1.000000
vn -0.000000 -0.000000 -1.000000
vn -0.000000 -0.000000 -1.000000
vn -0.000000 -0.000000 -1.000000
vn -0.000000 -0.000000 -1.000000
vn -0.000000 -0.000000 -1.000000
vn -0.000000 -0.000000 -1.000000
vn -0.000000 -0.000000 -1.000000
vn -0.000000 -0.000000 -1.000000
vn -0.000000 -0.000000 -1.000000
vn -0.000000 -0.000000 -1.000000
vn -0.000000 -0.000000 -1.000000
vn -0.000000 -0.000000 -1.000000
vn -0.000000 -0.000000 -1.000000
vn -0.000000 -0.000000 -1.000000
vn -0.000000 -0.000000 -1.000000
vn -0.000000 -0.000000 -1.000000
vn -0.000000 -0.000000 -1.000000
vn -0.000000 -0.000000 -1.000000
vn -0.000000 -0.000000 -1.000000
vn -0.000000 -0.000000 -1.000000
vn -0.000000 -0.000000 -1.000000
vn -0.000000 -0.000000 -1.000000
vn -0.000000 -0.000000 -1.000000
vn -0.000000 -0.000000 -1.000000
vn -0.000000 -0.000000 -1.000000
vn -0.000000 -0.000000 -1.000000
vn -0.000000 -0.000000 -1.000000
vn -0.000000 -0.000000 -1.000000
vn -0.000000 -0.000000 -1.000000
vn -0.000000 -0.000000 -1.000000
vn -0.000000 -0.000000 -1.000000
vn -0.000000 -0.000000 -1.000000
vn -0.000000 -0.000000 -1.000000
vn -0.000000 -0.000000 -1.000000
vn -0.000000 -0.000000 -1.000000
vn -0.000000 -0.000000 -1.000000
vn -0.000000 -0.000000 -1.000000
vn -0.000000 -0.000000 -1.000000
vn -0.000000 -0.000000 -1.000000
vn -0.000000 -0.000000 -1.000000
vn -0.000000 -0.000000 -1.000000
vn -0.000000 -0.000000 -1.000000
vn -0.000000 -0.000000 -1.000000
vn -0.000000 -0.000000 -1.000000
vn -0.000000 -0.000000 -1.000000
vn -0.000000 -0.000000 -1.000000
vn -0.000000 -0.000000 -1.000000
vn -0.000000 -0.000000 -1.000000
vn -0.000000 -0.000000 -1.000000
vn -0.000000 -0.000000 -1.000000
vn -0.000000 -0.000000 -1.000000
vn -0.000000 -0.000000 -1.000000
vn -0.000000 -0.000000 -1.000000
vn -0.000000 -0.000000 -1.000000
vn -0.000000 -0.000000 -1.000000
vn -0.000000 -0.000000 -1.000000
vn -0.000000 -0.000000 -1.000000
vn -0.000000 -0.000000 -1.000000
vn -0.000000 -0.000000 -1.000000
vn -0.000000 -0.000000 -1.000000
vn -0.000000 -0.000000 -1.000000
vn -0.000000 -0.000000 -1.000000
vn -0.000000 -0.000000 -1.000000
vn -0.000000 -0.000000 -1.000000
vn -0.000000 -0.000000 -1.000000
vn -0.000000 -0.000000 -1.000000
vn -0.000000 -0.000000 -1.000000
vn -0.000000 -0.000000 -1.000000
vn -0.000000 -0.000000 -1.000000
vn -0.000000 -0.000000 -1.000000
vn -0.000000 -0.000000 -1.000000
vn -0.000000 -0.000000 -1.000000
vn -0.000000 -0.000000 -1.000000
vn -0.000000 -0.000000 -1.000000
vn -0.000000 -0.000000 -1.000000
vn -0.000000 -0.000000 -1.000000
vn -0.000000 -0.000000 -1.000000
vn -0.000000 -0.000000 -1.000000
vn -0.000000 -0.000000 -1.000000
vn -0.000000 -0.000000 -1.000000
vn -0.000000 -0.000000 -1.000000
vn -0.000000 -0.000000 -1.000000
vn -0.000000 -0.000000 -1.000000
vn -0.000000 -0.000000 -1.000000
vn -0.000000 -0.000000 -1.000000
vn -0.000000 -0.000000 -1.000000
vn -0.000000 -0.000000 -1.000000
vn -0.000000 -0.000000 -1.000000
vn -0.000000 -0.000000 -1.000000
vn -0.000000 -0.000000 -1.000000
vn -0.000000 -0.000000 -1.000000
vn -0.000000 -0.000000 -1.000000
vn -0.000000 -0.000000 -1.000000
vn -0.000000 -0.000000 -1.000000
vn -0.000000 -0.000000 -1.000000
vn -0.000000 -0.000000 -1.000000
vn -0.000000 -0.000000 -1.000000
vn -0.000000 -0.000000 -1.000000
vn -0.000000 -0.000000 -1.000000
vn -0.000000 -0.000000 -1.000000
vn -0.000000 -0.000000 -1.000000
vn -0.000000 -0.000000 -1.000000
vn -0.000000 -0.000000 -1.000000
vn -0.000000 -0.000000 -1.000000
vn -0.000000 -0.000000 -1.000000
vn -0.000000 -0.000000 -1.000000
vn -0.000000 -0.000000 -1.000000
vn -0.000000 -0.000000 -1.000000
vn -0.000000 -0.000000 -1.000000
vn -0.000000 -0.000000 -1.000000
vn -0.000000 -0.000000 -1.000000
vn -0.000000 -0.000000 -1.000000
vn -0.000000 -0.000000 -1.000000
vn -0.000000 -0.000000 -1.000000
vn -0.000000 -0.000000 -1.000000
vn -0.000000 -0.000000 -1.000000
vn -0.000000 -0.000000 -1.000000
vn -0.000000 -0.000000 -1.000000
vn -0.000000 -0.000000 -1.000000
vn -0.000000 -0.000000 -1.000000
vn -0.000000 -0.000000 -1.000000
vn -0.000000 -0.000000 -1.000000
vn -0.000000 -0.000000 -1.000000
vn -0.000000 -0.000000 -1.000000
vn -0.000000 -0.000000 -1.000000
vn -0.000000 -0.000000 -1.000000
vn -0.000000 -0.000000 -1.000000
vn -0.000000 -0.000000 -1.000000
vn -0.000000 -0.000000 -1.000000
vn -0.000000 -0.000000 -1.000000
vn -0.000000 -0.000000 -1.000000
vn -0.000000 -0.000000 -1.000000
vn -0.000000 -0.000000 -1.000000
vn -0.000000 -0.000000 -1.000000
vn -0.000000 -0.000000 -1.000000
vn -0.000000 -0.000000 -1.000000
vn -0.000000 -0.000000 -1.000000
vn -0.000000 -0.000000 -1.000000
vn -0.000000 -0.000000 -1.000000
vn -0.000000 -0.000000 -1.000000
vn -0.000000 -0.000000 -1.000000
vn -0.000000 -0.000000 -1.000000
vn -0.000000 -0.000000 -1.000000
vn -0.000000 -0.000000 -1.000000
vn -0.000000 -0.000000 -1.000000
vn -0.000000 -0.000000 -1.000000
vn -0.000000 -0.000000 -1.000000
vn -0.000000 -0.000000 -1.000000
vn -0.000000 -0.000000 -1.000000
vn -0.000000 -0.000000 -1.000000
vn -0.000000 -0.000000 -1.000000
vn -0.000000 -0.000000 -1.000000
vn -0.000000 -0.000000 -1.000000
vn -0.000000 -0.000000 -1.000000
vn -0.000000 -0.000000 -1.000000
vn -0.000000 -0.000000 -1.000000
vn -0.000000 -0.000000 -1.000000
vn -0.000000 -0.000000 -1.000000
vn -0.000000 -0.000000 -1.000000
vn -0.000000 -0.000000 -1.000000
vn -0.000000 -0.000000 -1.000000
vn -0.000000 -0.000000 -1.000000
vn -0.000000 -0.000000 -1.000000
vn -0.000000 -0.000000 -1.000000
vn -0.000000 -0.000000 -1.000000
vn -0.000000 -0.000000 -1.000000
vn -0.000000 -0.000000 -1.000000
vn -0.000000 -0.000000 -1.000000
vn -0.000000 -0.000000 -1.000000
vn -0.000000 -0.000000 -1.000000
vn -0.000000 -0.000000 -1.000000
vn -0.000000 -0.000000 -1.000000
vn -0.000000 -0.000000 -1.000000
vn -0.000000 -0.000000 -1.000000
vn -0.000000 -0.000000 -1.000000
vn -0.000000 -0.000000 -1.000000
vn -0.000000 -0.000000 -1.000000
vn -0.000000 -0.000000 -1.000000
vn -0.000000 -0.000000 -1.000000
vn -0.000000 -0.000000 -1.000000
vn -0.000000 -0.000000 -1.000000
vn -0.000000 -0.000000 -1.000000
vn -0.000000 -0.000000 -1.000000
vn -0.000000 -0.000000 -1.000000
vn -0.000000 -0.000000 -1.000000
vn -0.000000 -0.000000 -1.000000
vn -0.000000 -0.000000 -1.000000
vn -0.000000 -0.000000 -1.000000
vn -0.000000 -0.000000 -1.000000
vn -0.000000 -0.000000 -1.000000
vn -0.000000 -0.000000 -1.000000
vn -0.000000 1.000000 -0.000000
vn -0.000000 1.000000 -0.000000
vn -0.000000 1.000000 -0.000000
vn -0.000000 1.000000 -0.000000
vn 1.000000 -0.000000 -0.000000
vn 1.000000 -0.000000 -0.000000
vn 1.000000 -0.000000 -0.000000
vn 1.000000 -0.000000 -0.000000
vn 0.000000 1.000000 -0.000000
vn 0.000000 1.000000 -0.000000
vn 0.000000 1.000000 -0.000000
vn 0.000000 1.000000 -0.000000
vn -1.000000 -0.000000 0.000000
vn -1.000000 -0.000000 0.000000
vn -1.000000 -0.000000 0.000000
vn -1.000000 -0.000000 0.000000
vn 1.000000 0.000000 0.000000
vn 1.000000 0.000000 0.000000
vn 1.000000 0.000000 0.000000
vn 1.000000 0.000000 0.000000
vn -0.000000 1.000000 -0.000000
vn -0.000000 1.000000 -0.000000
vn -0.000000 1.000000 -0.000000
vn -0.000000 1.000000 -0.000000
vn -0.000000 1.000000 -0.000000
vn -0.000000 1.000000 -0.000000
vn -0.000000 1.000000 -0.000000
vn -0.000000 1.000000 -0.000000
vn -1.000000 -0.000000 0.000000
vn -1.000000 -0.000000 0.000000
vn -1.000000 -0.000000 0.000000
vn -1.000000 -0.000000 0.000000
vn 1.000000 -0.000000 -0.000000
vn 1.000000 -0.000000 -0.000000
vn 1.000000 -0.000000 -0.000000
vn 1.000000 -0.000000 -0.000000
vn -0.000000 1.000000 -0.000000
vn -0.000000 1.000000 -0.000000
vn -0.000000 1.000000 -0.000000
vn -0.000000 1.000000 -0.000000
vn 0.000000 -1.000000 -0.000000
vn 0.000000 -1.000000 -0.000000
vn 0.000000 -1.000000 -0.000000
vn 0.000000 -1.000000 -0.000000
vn 1.000000 -0.000000 -0.000000
vn 1.000000 -0.000000 -0.000000
vn 1.000000 -0.000000 -0.000000
vn 1.000000 -0.000000 -0.000000
vn -0.000000 -1.000000 0.000000
vn -0.000000 -1.000000 0.000000
vn -0.000000 -1.000000 0.000000
vn -0.000000 -1.000000 0.000000
vn -1.000000 -0.000000 0.000000
vn -1.000000 -0.000000 0.000000
vn -1.000000 -0.000000 0.000000
vn -1.000000 -0.000000 0.000000
vn 0.000000 -1.000000 -0.000000
vn 0.000000 -1.000000 -0.000000
vn 0.000000 -1.000000 -0.000000
vn 0.000000 -1.000000 -0.000000
vn 0.965926 0.258819 -0.000000
vn 0.965926 0.258819 -0.000000
vn 0.866025 0.500000 -0.000000
vn 0.866025 0.500000 -0.000000
vn 0.707107 0.707107 -0.000000
vn 0.707107 0.707107 -0.000000
vn 0.500000 0.866025 -0.000000
vn 0.500000 0.866025 -0.000000
vn 0.258819 0.965926 -0.000000
vn 0.258819 0.965926 -0.000000
vn -0.965926 -0.258819 0.000000
vn -0.965926 -0.258819 0.000000
vn -0.866025 -0.500000 0.000000
vn -0.866025 -0.500000 0.000000
vn -0.707107 -0.707107 0.000000
vn -0.707107 -0.707107 0.000000
vn -0.500000 -0.866025 0.000000
vn -0.500000 -0.866025 0.000000
vn -0.258819 -0.965926 0.000000
vn -0.258819 -0.965926 0.000000
vn 0.258819 -0.965926 -0.000000
vn 0.258819 -0.965926 -0.000000
vn 0.500000 -0.866025 -0.000000
vn 0.500000 -0.866025 -0.000000
vn 0.707107 -0.707107 -0.000000
vn 0.707107 -0.707107 -0.000000
vn 0.866025 -0.500000 -0.000000
vn 0.866025 -0.500000 -0.000000
vn 0.965926 -0.258819 -0.000000
vn 0.965926 -0.258819 -0.000000
vn 0.965926 -0.258819 0.000000
vn 0.965926 -0.258819 0.000000
vn 1.000000 -0.000000 0.000000
vn 1.000000 -0.000000 0.000000
vn 0.965926 0.258819 0.000000
vn 0.965926 0.258819 0.000000
vn 0.866025 0.500000 0.000000
vn 0.866025 0.500000 0.000000
vn 0.707107 0.707107 0.000000
vn 0.707107 0.707107 0.000000
vn 0.500000 0.866025 0.000000
vn 0.500000 0.866025 0.000000
vn 0.258819 0.965926 0.000000
vn 0.258819 0.965926 0.000000
vn 0.000000 1.000000 0.000000
vn 0.000000 1.000000 0.000000
vn -0.258819 0.965926 0.000000
vn -0.258819 0.965926 0.000000
vn -0.500000 0.866025 0.000000
vn -0.500000 0.866025 0.000000
vn -0.707107 0.707107 0.000000
vn -0.707107 0.707107 0.000000
vn -0.866025 0.500000 0.000000
vn -0.866025 0.500000 0.000000
vn -0.965926 0.258819 0.000000
vn -0.965926 0.258819 0.000000
vn -1.000000 0.000000 0.000000
vn -1.000000 0.000000 0.000000
vn -0.965926 -0.258819 -0.000000
vn -0.965926 -0.258819 -0.000000
vn -0.866025 -0.500000 -0.000000
vn -0.866025 -0.500000 -0.000000
vn -0.707107 -0.707107 -0.000000
vn -0.707107 -0.707107 -0.000000
vn -0.500000 -0.866025 -0.000000
vn -0.500000 -0.866025 -0.000000
vn -0.258819 -0.965926 -0.000000
vn -0.258819 -0.965926 -0.000000
vn 0.000000 -1.000000 0.000000
vn 0.000000 -1.000000 0.000000
vn 0.258819 -0.965926 0.000000
vn 0.258819 -0.965926 0.000000
vn 0.500000 -0.866025 0.000000
vn 0.500000 -0.866025 0.000000
vn 0.707107 -0.707107 0.000000
vn 0.707107 -0.707107 0.000000
vn 0.866025 -0.500000 0.000000
vn 0.866025 -0.500000 0.000000
vn -1.000000 0.000000 0.000000
vn -1.000000 0.000000 0.000000
vn -1.000000 0.000000 0.000000
vn -1.000000 0.000000 0.000000
vn 0.000000 1.000000 -0.000000
vn 0.000000 1.000000 -0.000000
vn 0.000000 1.000000 -0.000000
vn 0.000000 1.000000 -0.000000
vn -0.000000 -1.000000 0.000000
vn -0.000000 -1.000000 0.000000
vn -0.000000 -1.000000 0.000000
vn -0.000000 -1.000000 0.000000
vn 1.000000 -0.000000 -0.000000
vn 1.000000 -0.000000 -0.000000
vn 1.000000 -0.000000 -0.000000
vn 1.000000 -0.000000 -0.000000
vn -0.000000 1.000000 -0.000000
vn -0.000000 1.000000 -0.000000
vn -0.000000 1.000000 -0.000000
vn -0.000000 1.000000 -0.000000
vn -1.000000 -0.000000 -0.000000
vn -1.000000 -0.000000 -0.000000
vn -1.000000 -0.000000 -0.000000
vn -1.000000 -0.000000 -0.000000
vn -0.258819 0.965926 0.000000
vn -0.258819 0.965926 0.000000
vn -0.500000 0.866025 0.000000
vn -0.500000 0.866025 0.000000
vn -0.707107 0.707107 0.000000
vn -0.707107 0.707107 0.000000
vn -0.866025 0.500000 0.000000
vn -0.866025 0.500000 0.000000
vn -0.965926 0.258819 0.000000
vn -0.965926 0.258819 0.000000
vn -0.965926 -0.258819 0.000000
vn -0.965926 -0.258819 0.000000
vn -0.866025 -0.500000 0.000000
vn -0.866025 -0.500000 0.000000
vn -0.707107 -0.707107 0.000000
vn -0.707107 -0.707107 0.000000
vn -0.500000 -0.866025 0.000000
vn -0.500000 -0.866025 0.000000
vn -0.258819 -0.965926 0.000000
vn -0.258819 -0.965926 0.000000
vn 0.258819 -0.965926 0.000000
vn 0.258819 -0.965926 0.000000
vn 0.500000 -0.866025 0.000000
vn 0.500000 -0.866025 0.000000
vn 0.707107 -0.707107 0.000000
vn 0.707107 -0.707107 0.000000
vn 0.866025 -0.500000 0.000000
vn 0.866025 -0.500000 0.000000
vn 0.965926 -0.258819 0.000000
vn 0.965926 -0.258819 0.000000
vn 0.965926 0.258819 -0.000000
vn 0.965926 0.258819 -0.000000
vn 0.866025 0.500000 -0.000000
vn 0.866025 0.500000 -0.000000
vn 0.707107 0.707107 -0.000000
vn 0.707107 0.707107 -0.000000
vn 0.500000 0.866025 -0.000000
vn 0.500000 0.866025 -0.000000
vn 0.258819 0.965926 -0.000000
vn 0.258819 0.965926 -0.000000
vn 1.000000 0.000000 0.000000
vn 1.000000 0.000000 0.000000
vn 1.000000 0.000000 0.000000
vn 1.000000 0.000000 0.000000
vn -0.000000 -1.000000 0.000000
vn -0.000000 -1.000000 0.000000
vn -0.000000 -1.000000 0.000000
vn -0.000000 -1.000000 0.000000
vn 1.000000 0.000000 0.000000
vn 1.000000 0.000000 0.000000
vn 1.000000 0.000000 0.000000
vn 1.000000 0.000000 0.000000
vn -0.000000 1.000000 0.000000
vn -0.000000 1.000000 0.000000
vn -0.000000 1.000000 0.000000
vn -0.000000 1.000000 0.000000
vn 1.000000 0.000000 -0.000000
vn 1.000000 0.000000 -0.000000
vn 1.000000 0.000000 -0.000000
vn 1.000000 0.000000 -0.000000
vn 0.000000 1.000000 -0.000000
vn 0.000000 1.000000 -0.000000
vn 0.000000 1.000000 -0.000000
vn 0.000000 1.000000 -0.000000
vn -1.000000 0.000000 0.000000
vn -1.000000 0.000000 0.000000
vn -1.000000 0.000000 0.000000
vn -1.000000 0.000000 0.000000
vn 0.000000 -1.000000 0.000000
vn 0.000000 -1.000000 0.000000
vn 0.000000 -1.000000 0.000000
vn 0.000000 -1.000000 0.000000
vn -0.000000 1.000000 0.000000
vn -0.000000 1.000000 0.000000
vn -0.000000 1.000000 0.000000
vn -0.000000 1.000000 0.000000
vn -1.000000 0.000000 0.000000
vn -1.000000 0.000000 0.000000
vn -1.000000 0.000000 0.000000
vn -1.000000 0.000000 0.000000
vn -1.000000 0.000000 0.000000
vn -1.000000 0.000000 0.000000
vn -1.000000 0.000000 0.000000
vn -1.000000 0.000000 0.000000
vn -0.000000 -1.000000 0.000000
vn -0.000000 -1.000000 0.000000
vn -0.000000 -1.000000 0.000000
vn -0.000000 -1.000000 0.000000
vn -1.000000 -0.000000 -0.000000
vn -1.000000 -0.000000 -0.000000
vn -1.000000 -0.000000 -0.000000
vn -1.000000 -0.000000 -0.000000
vn -0.000000 -1.000000 0.000000
vn -0.000000 -1.000000 0.000000
vn -0.000000 -1.000000 0.000000
vn -0.000000 -1.000000 0.000000
vn 1.000000 -0.000000 -0.000000
vn 1.000000 -0.000000 -0.000000
vn 1.000000 -0.000000 -0.000000
vn 1.000000 -0.000000 -0.000000
vn 1.000000 -0.000000 -0.000000
vn 1.000000 -0.000000 -0.000000
vn 1.000000 -0.000000 -0.000000
vn 1.000000 -0.000000 -0.000000
vn -0.000000 -1.000000 0.000000
vn -0.000000 -1.000000 0.000000
vn -0.000000 -1.000000 0.000000
vn -0.000000 -1.000000 0.000000
vn -0.000000 1.000000 -0.000000
vn -0.000000 1.000000 -0.000000
vn -0.000000 1.000000 -0.000000
vn -0.000000 1.000000 -0.000000
vn 1.000000 -0.000000 -0.000000
vn 1.000000 -0.000000 -0.000000
vn 1.000000 -0.000000 -0.000000
vn 1.000000 -0.000000 -0.000000
vn 0.000000 1.000000 -0.000000
vn 0.000000 1.000000 -0.000000
vn 0.000000 1.000000 -0.000000
vn 0.000000 1.000000 -0.000000
vn -1.000000 -0.000000 -0.000000
vn -1.000000 -0.000000 -0.000000
vn -1.000000 -0.000000 -0.000000
vn -1.000000 -0.000000 -0.000000
vn -0.000000 1.000000 -0.000000
vn -0.000000 1.000000 -0.000000
vn -0.000000 1.000000 -0.000000
vn -0.000000 1.000000 -0.000000
vn 1.000000 0.000000 -0.000000
vn 1.000000 0.000000 -0.000000
vn 1.000000 0.000000 -0.000000
vn 1.000000 0.000000 -0.000000
vn 0.000000 1.000000 -0.000000
vn 0.000000 1.000000 -0.000000
vn 0.000000 1.000000 -0.000000
vn 0.000000 1.000000 -0.000000
vn 1.000000 -0.000000 -0.000000
vn 1.000000 -0.000000 -0.000000
vn 1.000000 -0.000000 -0.000000
vn 1.000000 -0.000000 -0.000000
vn -0.000000 -1.000000 0.000000
vn -0.000000 -1.000000 0.000000
vn -0.000000 -1.000000 0.000000
vn -0.000000 -1.000000 0.000000
usemtl Opaque(65,96,255)
f 14/1/1 1/2/2 13/3/3
f 13/3/3 1/2/2 2/4/4
f 13/3/3 2/4/4 12/5/5
f 12/5/5 2/4/4 3/6/6
f 12/5/5 3/6/6 11/7/7
f 11/7/7 3/6/6 4/8/8
f 11/7/7 4/8/8 10/9/9
f 10/9/9 4/8/8 5/10/10
f 10/9/9 5/10/10 9/11/11
f 9/11/11 5/10/10 6/12/12
f 9/11/11 6/12/12 8/13/13
f 8/13/13 6/12/12 7/14/14
f 7/15/14 15/16/15 8/17/13
f 8/17/13 15/16/15 16/18/16
f 16/19/16 15/20/15 28/21/17
f 28/21/17 15/20/15 17/22/18
f 28/21/17 17/22/18 27/23/19
f 27/23/19 17/22/18 18/24/20
f 27/23/19 18/24/20 26/25/21
f 26/25/21 18/24/20 19/26/22
f 26/25/21 19/26/22 25/27/23
f 25/27/23 19/26/22 20/28/24
f 25/27/23 20/28/24 24/29/25
f 24/29/25 20/28/24 21/30/26
f 24/29/25 21/30/26 23/31/27
f 23/31/27 21/30/26 22/32/28
f 22/33/28 29/34/29 23/35/27
f 23/35/27 29/34/29 30/36/30
f 44/37/31 31/38/32 43/39/33
f 43/39/33 31/38/32 32/40/34
f 43/39/33 32/40/34 42/41/35
f 42/41/35 32/40/34 33/42/36
f 42/41/35 33/42/36 41/43/37
f 41/43/37 33/42/36 34/44/38
f 41/43/37 34/44/38 40/45/39
f 40/45/39 34/44/38 35/46/40
f 40/45/39 35/46/40 39/47/41
f 39/47/41 35/46/40 36/48/42
f 39/47/41 36/48/42 38/49/43
f 38/49/43 36/48/42 37/50/44
f 1/51/2 14/52/1 37/53/44
f 37/53/44 14/52/1 38/54/43
f 30/55/30 29/56/29 56/57/45
f 56/57/45 29/56/29 45/58/46
f 56/57/45 45/58/46 55/59/47
f 55/59/47 45/58/46 46/60/48
f 55/59/47 46/60/48 54/61/49
f 54/61/49 46/60/48 47/62/50
f 54/61/49 47/62/50 53/63/51
f 53/63/51 47/62/50 48/64/52
f 53/63/51 48/64/52 52/65/53
f 52/65/53 48/64/52 49/66/54
f 52/65/53 49/66/54 51/67/55
f 51/67/55 49/66/54 50/68/56
f 31/69/32 44/70/31 50/71/56
f 50/71/56 44/70/31 51/72/55
f 58/73/57 59/74/58 57/75/59
f 57/75/59 59/74/58 200/76/60
f 57/75/59 200/76/60 271/77/61
f 271/77/61 200/76/60 201/78/62
f 271/77/61 201/78/62 270/79/63
f 270/79/63 201/78/62 202/80/64
f 270/79/63 202/80/64 269/81/65
f 269/81/65 202/80/64 268/82/66
f 268/82/66 202/80/64 203/83/67
f 268/82/66 203/83/67 267/84/68
f 267/84/68 203/83/67 266/85/69
f 266/85/69 203/83/67 265/86/70
f 265/86/70 203/83/67 209/87/71
f 265/86/70 209/87/71 264/88/72
f 264/88/72 209/87/71 263/89/73
f 263/89/73 209/87/71 210/90/74
f 263/89/73 210/90/74 262/91/75
f 262/91/75 210/90/74 211/92/76
f 262/91/75 211/92/76 261/93/77
f 261/93/77 211/92/76 212/94/78
f 261/93/77 212/94/78 213/95/79
f 60/96/80 184/97/81 59/74/58
f 59/74/58 184/97/81 185/98/82
f 59/74/58 185/98/82 196/99/83
f 196/99/83 185/98/82 195/100/84
f 195/100/84 185/98/82 186/101/85
f 195/100/84 186/101/85 194/102/86
f 194/102/86 186/101/85 187/103/87
f 194/102/86 187/103/87 188/104/88
f 61/105/89 62/106/90 60/96/80
f 60/96/80 62/106/90 63/107/91
f 60/96/80 63/107/91 171/108/92
f 171/108/92 63/107/91 174/109/93
f 174/109/93 63/107/91 64/110/94
f 174/109/93 64/110/94 173/111/95
f 173/111/95 64/110/94 65/112/96
f 173/111/95 65/112/96 50/113/97
f 50/113/97 65/112/96 31/114/98
f 31/114/98 65/112/96 32/115/99
f 32/115/99 65/112/96 33/116/100
f 33/116/100 65/112/96 34/117/101
f 34/117/101 65/112/96 35/118/102
f 35/118/102 65/112/96 36/119/103
f 36/119/103 65/112/96 66/120/104
f 36/119/103 66/120/104 37/121/105
f 37/121/105 66/120/104 124/122/106
f 37/121/105 124/122/106 125/123/107
f 67/124/108 119/125/109 66/120/104
f 66/120/104 119/125/109 120/126/110
f 66/120/104 120/126/110 121/127/111
f 68/128/112 141/129/113 67/124/108
f 67/124/108 141/129/113 142/130/114
f 67/124/108 142/130/114 119/125/109
f 141/129/113 68/128/112 140/131/115
f 140/131/115 68/128/112 69/132/116
f 140/131/115 69/132/116 70/133/117
f 70/133/117 71/134/118 140/131/115
f 140/131/115 71/134/118 72/135/119
f 140/131/115 72/135/119 73/136/120
f 74/137/121 137/138/122 73/136/120
f 73/136/120 137/138/122 138/139/123
f 73/136/120 138/139/123 139/140/124
f 75/141/125 134/142/126 74/137/121
f 74/137/121 134/142/126 135/143/127
f 74/137/121 135/143/127 136/144/128
f 75/141/125 76/145/129 134/142/126
f 134/142/126 76/145/129 77/146/130
f 134/142/126 77/146/130 78/147/131
f 78/147/131 79/148/132 134/142/126
f 134/142/126 79/148/132 133/149/133
f 133/149/133 79/148/132 80/150/134
f 133/149/133 80/150/134 132/151/135
f 132/151/135 80/150/134 131/152/136
f 131/152/136 80/150/134 81/153/137
f 131/152/136 81/153/137 130/154/138
f 130/154/138 81/153/137 129/155/139
f 129/155/139 81/153/137 128/156/140
f 128/156/140 81/153/137 127/157/141
f 127/157/141 81/153/137 126/158/142
f 126/158/142 81/153/137 125/123/107
f 125/123/107 81/153/137 37/121/105
f 37/121/105 81/153/137 1/159/143
f 1/159/143 81/153/137 82/160/144
f 1/159/143 82/160/144 2/161/145
f 2/161/145 82/160/144 3/162/146
f 3/162/146 82/160/144 158/163/147
f 3/162/146 158/163/147 159/164/148
f 83/165/149 84/166/150 82/160/144
f 82/160/144 84/166/150 88/167/151
f 82/160/144 88/167/151 158/163/147
f 158/163/147 88/167/151 157/168/152
f 157/168/152 88/167/151 90/169/153
f 157/168/152 90/169/153 156/170/154
f 156/170/154 90/169/153 155/171/155
f 155/171/155 90/169/153 154/172/156
f 154/172/156 90/169/153 153/173/157
f 153/173/157 90/169/153 152/174/158
f 152/174/158 90/169/153 151/175/159
f 151/175/159 90/169/153 91/176/160
f 151/175/159 91/176/160 150/177/161
f 150/177/161 91/176/160 93/178/162
f 150/177/161 93/178/162 149/179/163
f 149/179/163 93/178/162 148/180/164
f 148/180/164 93/178/162 94/181/165
f 148/180/164 94/181/165 97/182/166
f 97/182/166 94/181/165 96/183/167
f 96/183/167 94/181/165 95/184/168
f 88/167/151 84/166/150 87/185/169
f 87/185/169 84/166/150 85/186/170
f 87/185/169 85/186/170 86/187/171
f 88/167/151 89/188/172 90/169/153
f 91/176/160 92/189/173 93/178/162
f 98/190/174 99/191/175 97/182/166
f 97/182/166 99/191/175 147/192/176
f 97/182/166 147/192/176 148/180/164
f 100/193/177 144/194/178 99/191/175
f 99/191/175 144/194/178 145/195/179
f 99/191/175 145/195/179 146/196/180
f 101/197/181 7/198/182 100/193/177
f 100/193/177 7/198/182 164/199/183
f 100/193/177 164/199/183 165/200/184
f 7/198/182 101/197/181 15/201/185
f 15/201/185 101/197/181 102/202/186
f 15/201/185 102/202/186 103/203/187
f 104/204/188 18/205/189 103/203/187
f 103/203/187 18/205/189 17/206/190
f 103/203/187 17/206/190 15/201/185
f 18/205/189 104/204/188 19/207/191
f 19/207/191 104/204/188 105/208/192
f 19/207/191 105/208/192 20/209/193
f 20/209/193 105/208/192 106/210/194
f 20/209/193 106/210/194 21/211/195
f 21/211/195 106/210/194 450/212/196
f 21/211/195 450/212/196 22/213/197
f 22/213/197 450/212/196 451/214/198
f 22/213/197 451/214/198 379/215/199
f 379/215/199 451/214/198 371/216/200
f 379/215/199 371/216/200 378/217/201
f 378/217/201 371/216/200 372/218/202
f 378/217/201 372/218/202 377/219/203
f 377/219/203 372/218/202 373/220/204
f 377/219/203 373/220/204 376/221/205
f 376/221/205 373/220/204 374/222/206
f 376/221/205 374/222/206 375/223/207
f 450/212/196 106/210/194 109/224/208
f 109/224/208 106/210/194 107/225/209
f 109/224/208 107/225/209 108/226/210
f 110/227/211 112/228/212 109/224/208
f 109/224/208 112/228/212 113/229/213
f 109/224/208 113/229/213 450/212/196
f 450/212/196 113/229/213 115/230/214
f 450/212/196 115/230/214 116/231/215
f 110/227/211 111/232/216 112/228/212
f 113/229/213 114/233/217 115/230/214
f 117/234/218 118/235/219 116/231/215
f 116/231/215 118/235/219 311/236/220
f 116/231/215 311/236/220 312/237/221
f 57/75/59 274/238/222 118/235/219
f 118/235/219 274/238/222 275/239/223
f 118/235/219 275/239/223 307/240/224
f 307/240/224 275/239/223 306/241/225
f 306/241/225 275/239/223 276/242/226
f 306/241/225 276/242/226 277/243/227
f 121/127/111 122/244/228 66/120/104
f 66/120/104 122/244/228 123/245/229
f 66/120/104 123/245/229 124/122/106
f 136/144/128 137/138/122 74/137/121
f 139/140/124 140/131/115 73/136/120
f 170/246/230 143/247/231 100/193/177
f 100/193/177 143/247/231 144/194/178
f 146/196/180 147/192/176 99/191/175
f 160/248/232 5/249/233 159/164/148
f 159/164/148 5/249/233 4/250/234
f 159/164/148 4/250/234 3/162/146
f 5/249/233 160/248/232 6/251/235
f 6/251/235 160/248/232 161/252/236
f 6/251/235 161/252/236 7/198/182
f 7/198/182 161/252/236 162/253/237
f 7/198/182 162/253/237 163/254/238
f 163/254/238 164/199/183 7/198/182
f 165/200/184 166/255/239 100/193/177
f 100/193/177 166/255/239 167/256/240
f 100/193/177 167/256/240 168/257/241
f 168/257/241 169/258/242 100/193/177
f 100/193/177 169/258/242 170/246/230
f 60/96/80 171/108/92 411/259/243
f 411/259/243 171/108/92 172/260/244
f 411/259/243 172/260/244 410/261/245
f 410/261/245 172/260/244 409/262/246
f 409/262/246 172/260/244 408/263/247
f 408/263/247 172/260/244 407/264/248
f 407/264/248 172/260/244 406/265/249
f 406/265/249 172/260/244 405/266/250
f 405/266/250 172/260/244 404/267/251
f 404/267/251 172/260/244 403/268/252
f 403/268/252 172/260/244 393/269/253
f 403/268/252 393/269/253 402/270/254
f 402/270/254 393/269/253 394/271/255
f 402/270/254 394/271/255 401/272/256
f 401/272/256 394/271/255 395/273/257
f 401/272/256 395/273/257 400/274/258
f 400/274/258 395/273/257 396/275/259
f 400/274/258 396/275/259 397/276/260
f 173/111/95 48/277/261 172/260/244
f 172/260/244 48/277/261 47/278/262
f 172/260/244 47/278/262 46/279/263
f 176/280/264 60/96/80 175/281/265
f 175/281/265 60/96/80 417/282/266
f 175/281/265 417/282/266 418/283/267
f 176/280/264 177/284/268 60/96/80
f 60/96/80 177/284/268 178/285/269
f 60/96/80 178/285/269 179/286/270
f 179/286/270 180/287/271 60/96/80
f 60/96/80 180/287/271 181/288/272
f 60/96/80 181/288/272 182/289/273
f 182/289/273 183/290/274 60/96/80
f 60/96/80 183/290/274 184/97/81
f 194/102/86 188/104/88 193/291/275
f 193/291/275 188/104/88 189/292/276
f 193/291/275 189/292/276 192/293/277
f 192/293/277 189/292/276 191/294/278
f 191/294/278 189/292/276 190/295/279
f 196/99/83 197/296/280 59/74/58
f 59/74/58 197/296/280 198/297/281
f 59/74/58 198/297/281 199/298/282
f 199/298/282 200/76/60 59/74/58
f 209/87/71 203/83/67 208/299/283
f 208/299/283 203/83/67 204/300/284
f 208/299/283 204/300/284 207/301/285
f 207/301/285 204/300/284 205/302/286
f 207/301/285 205/302/286 206/303/287
f 213/95/79 214/304/288 261/93/77
f 261/93/77 214/304/288 260/305/289
f 260/305/289 214/304/288 215/306/290
f 260/305/289 215/306/290 259/307/291
f 259/307/291 215/306/290 216/308/292
f 259/307/291 216/308/292 217/309/293
f 217/309/293 218/310/294 259/307/291
f 259/307/291 218/310/294 219/311/295
f 259/307/291 219/311/295 258/312/296
f 258/312/296 219/311/295 220/313/297
f 258/312/296 220/313/297 221/314/298
f 221/314/298 222/315/299 258/312/296
f 258/312/296 222/315/299 223/316/300
f 258/312/296 223/316/300 224/317/301
f 258/312/296 224/317/301 257/318/302
f 257/318/302 224/317/301 225/319/303
f 257/318/302 225/319/303 247/320/304
f 247/320/304 225/319/303 226/321/305
f 247/320/304 226/321/305 246/322/306
f 246/322/306 226/321/305 244/323/307
f 246/322/306 244/323/307 245/324/308
f 227/325/309 231/326/310 226/321/305
f 226/321/305 231/326/310 242/327/311
f 226/321/305 242/327/311 243/328/312
f 231/326/310 227/325/309 230/329/313
f 230/329/313 227/325/309 228/330/314
f 230/329/313 228/330/314 229/331/315
f 242/327/311 231/326/310 241/332/316
f 241/332/316 231/326/310 232/333/317
f 241/332/316 232/333/317 240/334/318
f 240/334/318 232/333/317 233/335/319
f 240/334/318 233/335/319 234/336/320
f 234/336/320 235/337/321 240/334/318
f 240/334/318 235/337/321 239/338/322
f 239/338/322 235/337/321 238/339/323
f 238/339/323 235/337/321 236/340/324
f 238/339/323 236/340/324 237/341/325
f 243/328/312 244/323/307 226/321/305
f 247/320/304 248/342/326 257/318/302
f 257/318/302 248/342/326 249/343/327
f 257/318/302 249/343/327 256/344/328
f 256/344/328 249/343/327 250/345/329
f 256/344/328 250/345/329 251/346/330
f 251/346/330 252/347/331 256/344/328
f 256/344/328 252/347/331 253/348/332
f 256/344/328 253/348/332 255/349/333
f 255/349/333 253/348/332 254/350/334
f 271/77/61 272/351/335 57/75/59
f 57/75/59 272/351/335 273/352/336
f 57/75/59 273/352/336 274/238/222
f 278/353/337 301/354/338 277/243/227
f 277/243/227 301/354/338 302/355/339
f 277/243/227 302/355/339 303/356/340
f 279/357/341 295/358/342 278/353/337
f 278/353/337 295/358/342 296/359/343
f 278/353/337 296/359/343 297/360/344
f 295/358/342 279/357/341 294/361/345
f 294/361/345 279/357/341 280/362/346
f 294/361/345 280/362/346 293/363/347
f 293/363/347 280/362/346 281/364/348
f 293/363/347 281/364/348 292/365/349
f 292/365/349 281/364/348 282/366/350
f 292/365/349 282/366/350 291/367/351
f 291/367/351 282/366/350 283/368/352
f 291/367/351 283/368/352 284/369/353
f 291/367/351 284/369/353 290/370/354
f 290/370/354 284/369/353 285/371/355
f 290/370/354 285/371/355 289/372/356
f 289/372/356 285/371/355 286/373/357
f 289/372/356 286/373/357 287/374/358
f 287/374/358 288/375/359 289/372/356
f 297/360/344 298/376/360 278/353/337
f 278/353/337 298/376/360 299/377/361
f 278/353/337 299/377/361 300/378/362
f 300/378/362 301/354/338 278/353/337
f 303/356/340 304/379/363 277/243/227
f 277/243/227 304/379/363 305/380/364
f 277/243/227 305/380/364 306/241/225
f 307/240/224 308/381/365 118/235/219
f 118/235/219 308/381/365 309/382/366
f 118/235/219 309/382/366 310/383/367
f 310/383/367 311/236/220 118/235/219
f 312/237/221 313/384/368 116/231/215
f 116/231/215 313/384/368 314/385/369
f 116/231/215 314/385/369 345/386/370
f 345/386/370 314/385/369 344/387/371
f 344/387/371 314/385/369 315/388/372
f 344/387/371 315/388/372 343/389/373
f 343/389/373 315/388/372 316/390/374
f 343/389/373 316/390/374 342/391/375
f 342/391/375 316/390/374 341/392/376
f 341/392/376 316/390/374 340/393/377
f 340/393/377 316/390/374 339/394/378
f 339/394/378 316/390/374 338/395/379
f 338/395/379 316/390/374 337/396/380
f 337/396/380 316/390/374 336/397/381
f 336/397/381 316/390/374 335/398/382
f 335/398/382 316/390/374 334/399/383
f 334/399/383 316/390/374 333/400/384
f 333/400/384 316/390/374 317/401/385
f 333/400/384 317/401/385 332/402/386
f 332/402/386 317/401/385 331/403/387
f 331/403/387 317/401/385 318/404/388
f 331/403/387 318/404/388 330/405/389
f 330/405/389 318/404/388 319/406/390
f 330/405/389 319/406/390 320/407/391
f 330/405/389 320/407/391 329/408/392
f 329/408/392 320/407/391 321/409/393
f 329/408/392 321/409/393 328/410/394
f 328/410/394 321/409/393 322/411/395
f 328/410/394 322/411/395 323/412/396
f 323/412/396 324/413/397 328/410/394
f 328/410/394 324/413/397 325/414/398
f 328/410/394 325/414/398 326/415/399
f 326/415/399 327/416/400 328/410/394
f 345/386/370 346/417/401 116/231/215
f 116/231/215 346/417/401 347/418/402
f 116/231/215 347/418/402 348/419/403
f 348/419/403 349/420/404 116/231/215
f 116/231/215 349/420/404 350/421/405
f 116/231/215 350/421/405 351/422/406
f 351/422/406 352/423/407 116/231/215
f 116/231/215 352/423/407 361/424/408
f 116/231/215 361/424/408 362/425/409
f 361/424/408 352/423/407 360/426/410
f 360/426/410 352/423/407 353/427/411
f 360/426/410 353/427/411 354/428/412
f 354/428/412 355/429/413 360/426/410
f 360/426/410 355/429/413 359/430/414
f 359/430/414 355/429/413 356/431/415
f 359/430/414 356/431/415 357/432/416
f 357/432/416 358/433/417 359/430/414
f 362/425/409 363/434/418 116/231/215
f 116/231/215 363/434/418 450/212/196
f 363/434/418 364/435/419 450/212/196
f 450/212/196 364/435/419 451/214/198
f 364/435/419 365/436/420 451/214/198
f 451/214/198 365/436/420 366/437/421
f 451/214/198 366/437/421 367/438/422
f 367/438/422 368/439/423 451/214/198
f 451/214/198 368/439/423 369/440/424
f 451/214/198 369/440/424 370/441/425
f 370/441/425 371/216/200 451/214/198
f 22/213/197 379/215/199 29/442/426
f 29/442/426 379/215/199 380/443/427
f 29/442/426 380/443/427 381/444/428
f 381/444/428 382/445/429 29/442/426
f 29/442/426 382/445/429 383/446/430
f 29/442/426 383/446/430 384/447/431
f 384/447/431 385/448/432 29/442/426
f 29/442/426 385/448/432 386/449/433
f 29/442/426 386/449/433 387/450/434
f 387/450/434 388/451/435 29/442/426
f 29/442/426 388/451/435 389/452/436
f 29/442/426 389/452/436 45/453/437
f 45/453/437 389/452/436 390/454/438
f 45/453/437 390/454/438 172/260/244
f 172/260/244 390/454/438 391/455/439
f 172/260/244 391/455/439 392/456/440
f 392/456/440 393/269/253 172/260/244
f 397/276/260 398/457/441 400/274/258
f 400/274/258 398/457/441 399/458/442
f 411/259/243 412/459/443 60/96/80
f 60/96/80 412/459/443 413/460/444
f 60/96/80 413/460/444 414/461/445
f 414/461/445 415/462/446 60/96/80
f 60/96/80 415/462/446 416/463/447
f 60/96/80 416/463/447 417/282/266
f 419/464/448 443/465/449 418/283/267
f 418/283/267 443/465/449 449/466/450
f 418/283/267 449/466/450 175/281/265
f 419/464/448 420/467/451 443/465/449
f 443/465/449 420/467/451 442/468/452
f 442/468/452 420/467/451 421/469/453
f 442/468/452 421/469/453 441/470/454
f 441/470/454 421/469/453 422/471/455
f 441/470/454 422/471/455 440/472/456
f 440/472/456 422/471/455 423/473/457
f 440/472/456 423/473/457 439/474/458
f 439/474/458 423/473/457 424/475/459
f 439/474/458 424/475/459 438/476/460
f 438/476/460 424/475/459 434/477/461
f 438/476/460 434/477/461 435/478/462
f 424/475/459 425/479/463 434/477/461
f 434/477/461 425/479/463 433/480/464
f 433/480/464 425/479/463 432/481/465
f 432/481/465 425/479/463 426/482/466
f 432/481/465 426/482/466 427/483/467
f 428/484/468 429/485/469 427/483/467
f 427/483/467 429/485/469 430/486/470
f 427/483/467 430/486/470 431/487/471
f 431/487/471 432/481/465 427/483/467
f 435/478/462 436/488/472 438/476/460
f 438/476/460 436/488/472 437/489/473
f 444/490/474 447/491/475 443/465/449
f 443/465/449 447/491/475 448/492/476
f 443/465/449 448/492/476 449/466/450
f 445/493/477 446/494/478 444/490/474
f 444/490/474 446/494/478 447/491/475
f 50/113/97 49/495/479 173/111/95
f 173/111/95 49/495/479 48/277/261
f 46/279/263 45/453/437 172/260/244
f 176/496/480 175/497/481 453/498/482
f 453/498/482 175/497/481 452/499/483
f 175/500/484 449/501/485 452/502/486
f 452/502/486 449/501/485 455/503/487
f 455/503/487 449/501/485 448/504/488
f 455/503/487 448/504/488 454/505/489
f 448/506/490 447/507/491 454/508/492
f 454/508/492 447/507/491 457/509/493
f 457/509/493 447/507/491 446/510/494
f 457/509/493 446/510/494 456/511/495
f 446/512/496 445/513/497 456/514/498
f 456/514/498 445/513/497 458/515/499
f 445/516/500 444/517/501 458/518/502
f 458/518/502 444/517/501 459/519/503
f 444/520/504 443/521/505 459/522/506
f 459/522/506 443/521/505 461/523/507
f 461/523/507 443/521/505 442/524/508
f 461/523/507 442/524/508 460/525/509
f 442/526/510 441/527/511 460/528/512
f 460/528/512 441/527/511 463/529/513
f 463/529/513 441/527/511 440/530/514
f 463/529/513 440/530/514 462/531/515
f 440/532/516 439/533/517 462/534/518
f 462/534/518 439/533/517 465/535/519
f 465/535/519 439/533/517 438/536/520
f 465/535/519 438/536/520 464/537/521
f 438/538/522 437/539/523 464/540/524
f 464/540/524 437/539/523 466/541/525
f 437/542/526 436/543/527 466/544/528
f 466/544/528 436/543/527 467/545/529
f 436/546/530 435/547/531 467/548/532
f 467/548/532 435/547/531 469/549/533
f 469/549/533 435/547/531 434/550/534
f 469/549/533 434/550/534 468/551/535
f 434/552/536 433/553/537 468/554/538
f 468/554/538 433/553/537 470/555/539
f 433/556/540 432/557/541 470/558/542
f 470/558/542 432/557/541 473/559/543
f 473/559/543 432/557/541 431/560/544
f 473/559/543 431/560/544 472/561/545
f 472/561/545 431/560/544 430/562/546
f 472/561/545 430/562/546 471/563/547
f 430/564/548 429/565/549 471/566/550
f 471/566/550 429/565/549 479/567/551
f 479/567/551 429/565/549 428/568/552
f 479/567/551 428/568/552 478/569/553
f 478/569/553 428/568/552 427/570/554
f 478/569/553 427/570/554 477/571/555
f 477/571/555 427/570/554 426/572/556
f 477/571/555 426/572/556 476/573/557
f 476/573/557 426/572/556 425/574/558
f 476/573/557 425/574/558 475/575/559
f 475/575/559 425/574/558 424/576/560
f 475/575/559 424/576/560 474/577/561
f 424/578/562 423/579/563 474/580/564
f 474/580/564 423/579/563 480/581/565
f 423/582/566 422/583/567 480/584/568
f 480/584/568 422/583/567 483/585/569
f 483/585/569 422/583/567 421/586/570
f 483/585/569 421/586/570 482/587/571
f 482/587/571 421/586/570 420/588/572
f 482/587/571 420/588/572 481/589/573
f 420/590/574 419/591/575 481/592/576
f 481/592/576 419/591/575 484/593/577
f 419/594/575 418/595/578 484/596/577
f 484/596/577 418/595/578 485/597/579
f 418/598/580 417/599/581 485/600/582
f 485/600/582 417/599/581 486/601/583
f 417/602/584 416/603/585 486/604/586
f 486/604/586 416/603/585 415/605/587
f 486/604/586 415/605/587 414/606/588
f 414/606/588 413/607/589 486/604/586
f 486/604/586 413/607/589 495/608/590
f 495/608/590 413/607/589 494/609/591
f 494/609/591 413/607/589 493/610/592
f 493/610/592 413/607/589 492/611/593
f 492/611/593 413/607/589 412/612/594
f 492/611/593 412/612/594 491/613/595
f 491/613/595 412/612/594 411/614/596
f 491/613/595 411/614/596 490/615/597
f 490/615/597 411/614/596 410/616/598
f 490/615/597 410/616/598 489/617/599
f 489/617/599 410/616/598 409/618/600
f 489/617/599 409/618/600 488/619/601
f 488/619/601 409/618/600 408/620/602
f 488/619/601 408/620/602 487/621/603
f 408/622/602 407/623/604 487/624/603
f 487/624/603 407/623/604 406/625/605
f 487/624/603 406/625/605 503/626/606
f 503/626/606 406/625/605 502/627/607
f 502/627/607 406/625/605 405/628/608
f 502/627/607 405/628/608 501/629/609
f 501/629/609 405/628/608 404/630/610
f 501/629/609 404/630/610 500/631/611
f 500/631/611 404/630/610 403/632/612
f 500/631/611 403/632/612 499/633/613
f 499/633/613 403/632/612 402/634/614
f 499/633/613 402/634/614 498/635/615
f 498/635/615 402/634/614 401/636/616
f 498/635/615 401/636/616 497/637/617
f 497/637/617 401/636/616 400/638/618
f 497/637/617 400/638/618 496/639/619
f 400/640/620 399/641/621 496/642/622
f 496/642/622 399/641/621 504/643/623
f 399/644/624 398/645/625 504/646/626
f 504/646/626 398/645/625 508/647/627
f 508/647/627 398/645/625 397/648/628
f 508/647/627 397/648/628 507/649/629
f 507/649/629 397/648/628 396/650/630
f 507/649/629 396/650/630 506/651/631
f 506/651/631 396/650/630 395/652/632
f 506/651/631 395/652/632 505/653/633
f 395/654/634 394/655/635 505/656/636
f 505/656/636 394/655/635 510/657/637
f 510/657/637 394/655/635 393/658/638
f 510/657/637 393/658/638 509/659/639
f 393/660/640 392/661/641 509/662/642
f 509/662/642 392/661/641 512/663/643
f 512/663/643 392/661/641 391/664/644
f 512/663/643 391/664/644 511/665/645
f 391/666/646 390/667/647 511/668/648
f 511/668/648 390/667/647 513/669/649
f 390/670/650 389/671/651 513/672/652
f 513/672/652 389/671/651 514/673/653
f 389/674/654 388/675/655 514/676/656
f 514/676/656 388/675/655 518/677/657
f 518/677/657 388/675/655 387/678/658
f 518/677/657 387/678/658 517/679/659
f 517/679/659 387/678/658 386/680/660
f 517/679/659 386/680/660 516/681/661
f 516/681/661 386/680/660 385/682/662
f 516/681/661 385/682/662 515/683/663
f 385/684/664 384/685/665 515/686/666
f 515/686/666 384/685/665 519/687/667
f 384/688/668 383/689/669 519/690/670
f 519/690/670 383/689/669 521/691/671
f 521/691/671 383/689/669 382/692/672
f 521/691/671 382/692/672 520/693/673
f 382/694/672 381/695/674 520/696/673
f 520/696/673 381/695/674 522/697/675
f 381/698/676 380/699/677 522/700/678
f 522/700/678 380/699/677 523/701/679
f 380/702/680 379/703/681 523/704/682
f 523/704/682 379/703/681 525/705/683
f 525/705/683 379/703/681 378/706/684
f 525/705/683 378/706/684 524/707/685
f 378/708/686 377/709/687 524/710/688
f 524/710/688 377/709/687 527/711/689
f 527/711/689 377/709/687 376/712/690
f 527/711/689 376/712/690 526/713/691
f 376/714/692 375/715/693 526/716/694
f 526/716/694 375/715/693 528/717/695
f 375/718/696 374/719/697 528/720/698
f 528/720/698 374/719/697 529/721/699
f 374/722/700 373/723/701 529/724/702
f 529/724/702 373/723/701 531/725/703
f 531/725/703 373/723/701 372/726/704
f 531/725/703 372/726/704 530/727/705
f 372/728/706 371/729/707 530/730/708
f 530/730/708 371/729/707 535/731/709
f 535/731/709 371/729/707 370/732/710
f 535/731/709 370/732/710 534/733/711
f 534/733/711 370/732/710 369/734/712
f 534/733/711 369/734/712 533/735/713
f 533/735/713 369/734/712 368/736/714
f 533/735/713 368/736/714 532/737/715
f 368/738/716 367/739/717 532/740/718
f 532/740/718 367/739/717 536/741/719
f 367/742/717 366/743/720 536/744/719
f 536/744/719 366/743/720 537/745/721
f 366/746/722 365/747/723 537/748/724
f 537/748/724 365/747/723 541/749/725
f 541/749/725 365/747/723 364/750/726
f 541/749/725 364/750/726 540/751/727
f 540/751/727 364/750/726 363/752/728
f 540/751/727 363/752/728 539/753/729
f 539/753/729 363/752/728 362/754/730
f 539/753/729 362/754/730 538/755/731
f 362/756/732 361/757/733 538/758/734
f 538/758/734 361/757/733 543/759/735
f 543/759/735 361/757/733 360/760/736
f 543/759/735 360/760/736 542/761/737
f 360/762/738 359/763/739 542/764/740
f 542/764/740 359/763/739 544/765/741
f 358/766/742 563/767/743 359/768/744
f 359/768/744 563/767/743 551/769/745
f 359/768/744 551/769/745 577/770/746
f 577/770/746 551/769/745 571/771/747
f 577/770/746 571/771/747 576/772/748
f 576/772/748 571/771/747 570/773/749
f 576/772/748 570/773/749 575/774/750
f 575/774/750 570/773/749 569/775/751
f 575/774/750 569/775/751 574/776/752
f 574/776/752 569/775/751 555/777/753
f 574/776/752 555/777/753 573/778/754
f 573/778/754 555/777/753 353/779/755
f 573/778/754 353/779/755 578/780/756
f 578/780/756 353/779/755 583/781/757
f 578/780/756 583/781/757 584/782/758
f 584/782/758 583/781/757 588/783/759
f 584/782/758 588/783/759 589/784/760
f 589/784/760 588/783/759 594/785/761
f 589/784/760 594/785/761 595/786/762
f 595/786/762 594/785/761 600/787/763
f 595/786/762 600/787/763 582/788/764
f 582/788/764 600/787/763 553/789/765
f 582/788/764 553/789/765 544/790/766
f 544/790/766 553/789/765 608/791/767
f 544/790/766 608/791/767 591/792/768
f 591/792/768 608/791/767 607/793/769
f 591/792/768 607/793/769 612/794/770
f 612/794/770 607/793/769 606/795/771
f 612/794/770 606/795/771 611/796/772
f 611/796/772 606/795/771 605/797/773
f 611/796/772 605/797/773 610/798/774
f 610/798/774 605/797/773 604/799/775
f 610/798/774 604/799/775 609/800/776
f 609/800/776 604/799/775 545/801/777
f 609/800/776 545/801/777 613/802/778
f 613/802/778 545/801/777 558/803/779
f 613/802/778 558/803/779 618/804/780
f 618/804/780 558/803/779 567/805/781
f 618/804/780 567/805/781 566/806/782
f 566/806/782 567/805/781 548/807/783
f 566/806/782 548/807/783 549/808/784
f 358/766/742 357/809/785 563/767/743
f 563/767/743 357/809/785 562/810/786
f 563/767/743 562/810/786 551/769/745
f 551/769/745 562/810/786 571/771/747
f 357/809/785 356/811/787 562/810/786
f 562/810/786 356/811/787 561/812/788
f 562/810/786 561/812/788 571/771/747
f 571/771/747 561/812/788 570/773/749
f 356/811/787 355/813/789 561/812/788
f 561/812/788 355/813/789 560/814/790
f 561/812/788 560/814/790 570/773/749
f 570/773/749 560/814/790 569/775/751
f 355/813/789 354/815/791 560/814/790
f 560/814/790 354/815/791 559/816/792
f 560/814/790 559/816/792 569/775/751
f 569/775/751 559/816/792 555/777/753
f 354/815/791 353/779/755 559/816/792
f 559/816/792 353/779/755 555/777/753
f 545/801/777 592/817/793 353/779/755
f 353/779/755 592/817/793 556/818/794
f 353/779/755 556/818/794 583/781/757
f 583/781/757 556/818/794 588/783/759
f 558/803/779 545/801/777 568/819/795
f 568/819/795 545/801/777 546/820/796
f 568/819/795 546/820/796 547/821/797
f 568/819/795 547/821/797 567/805/781
f 567/805/781 547/821/797 548/807/783
f 566/806/782 549/808/784 565/822/798
f 565/822/798 549/808/784 550/823/799
f 565/822/798 550/823/799 564/824/800
f 564/824/800 550/823/799 544/790/766
f 564/824/800 544/790/766 554/825/801
f 554/825/801 544/790/766 617/826/802
f 554/825/801 617/826/802 616/827/803
f 616/827/803 617/826/802 612/794/770
f 616/827/803 612/794/770 611/796/772
f 544/790/766 359/768/744 582/788/764
f 582/788/764 359/768/744 596/828/804
f 582/788/764 596/828/804 595/786/762
f 595/786/762 596/828/804 590/829/805
f 595/786/762 590/829/805 589/784/760
f 589/784/760 590/829/805 585/830/806
f 589/784/760 585/830/806 584/782/758
f 584/782/758 585/830/806 579/831/807
f 584/782/758 579/831/807 578/780/756
f 578/780/756 579/831/807 573/778/754
f 359/768/744 572/832/808 587/833/809
f 587/833/809 572/832/808 581/834/810
f 587/833/809 581/834/810 586/835/811
f 586/835/811 581/834/810 580/836/812
f 586/835/811 580/836/812 585/830/806
f 585/830/806 580/836/812 579/831/807
f 359/768/744 587/833/809 552/837/813
f 552/837/813 587/833/809 586/835/811
f 552/837/813 586/835/811 590/829/805
f 590/829/805 586/835/811 585/830/806
f 612/794/770 617/826/802 591/792/768
f 591/792/768 617/826/802 544/790/766
f 545/801/777 604/799/775 557/838/814
f 557/838/814 604/799/775 605/797/773
f 557/838/814 605/797/773 601/839/815
f 601/839/815 605/797/773 606/795/771
f 601/839/815 606/795/771 602/840/816
f 602/840/816 606/795/771 607/793/769
f 602/840/816 607/793/769 603/841/817
f 603/841/817 607/793/769 608/791/767
f 603/841/817 608/791/767 553/789/765
f 567/805/781 558/803/779 568/819/795
f 572/832/808 359/768/744 577/770/746
f 565/822/798 564/824/800 620/842/818
f 620/842/818 564/824/800 554/825/801
f 620/842/818 554/825/801 616/827/803
f 566/806/782 565/822/798 619/843/819
f 619/843/819 565/822/798 620/842/818
f 619/843/819 620/842/818 615/844/820
f 615/844/820 620/842/818 616/827/803
f 615/844/820 616/827/803 611/796/772
f 573/778/754 579/831/807 574/776/752
f 574/776/752 579/831/807 580/836/812
f 574/776/752 580/836/812 575/774/750
f 575/774/750 580/836/812 581/834/810
f 575/774/750 581/834/810 576/772/748
f 576/772/748 581/834/810 572/832/808
f 576/772/748 572/832/808 577/770/746
f 590/829/805 596/828/804 552/837/813
f 552/837/813 596/828/804 359/768/744
f 588/783/759 556/818/794 593/845/821
f 593/845/821 556/818/794 592/817/793
f 593/845/821 592/817/793 598/846/822
f 598/846/822 592/817/793 597/847/823
f 598/846/822 597/847/823 601/839/815
f 601/839/815 597/847/823 557/838/814
f 588/783/759 593/845/821 594/785/761
f 594/785/761 593/845/821 599/848/824
f 594/785/761 599/848/824 600/787/763
f 600/787/763 599/848/824 603/841/817
f 600/787/763 603/841/817 553/789/765
f 599/848/824 593/845/821 598/846/822
f 601/839/815 602/840/816 598/846/822
f 598/846/822 602/840/816 599/848/824
f 602/840/816 603/841/817 599/848/824
f 557/838/814 597/847/823 545/801/777
f 545/801/777 597/847/823 592/817/793
f 615/844/820 611/796/772 610/798/774
f 610/798/774 609/800/776 614/849/825
f 614/849/825 609/800/776 613/802/778
f 614/849/825 613/802/778 618/804/780
f 619/843/819 615/844/820 614/849/825
f 614/849/825 615/844/820 610/798/774
f 619/843/819 614/849/825 618/804/780
f 566/806/782 619/843/819 618/804/780
f 353/850/826 352/851/827 545/852/828
f 545/852/828 352/851/827 621/853/829
f 352/854/830 351/855/831 621/856/832
f 621/856/832 351/855/831 631/857/833
f 631/857/833 351/855/831 350/858/834
f 631/857/833 350/858/834 349/859/835
f 349/859/835 348/860/836 631/857/833
f 631/857/833 348/860/836 630/861/837
f 630/861/837 348/860/836 629/862/838
f 629/862/838 348/860/836 628/863/839
f 628/863/839 348/860/836 347/864/840
f 628/863/839 347/864/840 627/865/841
f 627/865/841 347/864/840 346/866/842
f 627/865/841 346/866/842 626/867/843
f 626/867/843 346/866/842 345/868/844
f 626/867/843 345/868/844 625/869/845
f 625/869/845 345/868/844 344/870/846
f 625/869/845 344/870/846 624/871/847
f 624/871/847 344/870/846 343/872/848
f 624/871/847 343/872/848 623/873/849
f 623/873/849 343/872/848 342/874/850
f 623/873/849 342/874/850 622/875/851
f 342/876/852 341/877/853 622/878/854
f 622/878/854 341/877/853 340/879/855
f 622/878/854 340/879/855 339/880/856
f 339/880/856 338/881/857 622/878/854
f 622/878/854 338/881/857 640/882/858
f 640/882/858 338/881/857 639/883/859
f 639/883/859 338/881/857 638/884/860
f 638/884/860 338/881/857 637/885/861
f 637/885/861 338/881/857 337/886/862
f 637/885/861 337/886/862 636/887/863
f 636/887/863 337/886/862 336/888/864
f 636/887/863 336/888/864 635/889/865
f 635/889/865 336/888/864 335/890/866
f 635/889/865 335/890/866 634/891/867
f 634/891/867 335/890/866 334/892/868
f 634/891/867 334/892/868 633/893/869
f 633/893/869 334/892/868 333/894/870
f 633/893/869 333/894/870 632/895/871
f 333/896/872 332/897/873 632/898/874
f 632/898/874 332/897/873 646/899/875
f 646/899/875 332/897/873 331/900/876
f 646/899/875 331/900/876 645/901/877
f 645/901/877 331/900/876 330/902/878
f 645/901/877 330/902/878 644/903/879
f 644/903/879 330/902/878 329/904/880
f 644/903/879 329/904/880 643/905/881
f 643/905/881 329/904/880 328/906/882
f 643/905/881 328/906/882 642/907/883
f 642/907/883 328/906/882 327/908/884
f 642/907/883 327/908/884 641/909/885
f 326/910/886 695/911/887 327/912/884
f 327/912/884 695/911/887 657/913/888
f 327/912/884 657/913/888 721/914/889
f 721/914/889 657/913/888 711/915/890
f 721/914/889 711/915/890 720/916/891
f 720/916/891 711/915/890 710/917/892
f 720/916/891 710/917/892 719/918/893
f 719/918/893 710/917/892 709/919/894
f 719/918/893 709/919/894 718/920/895
f 718/920/895 709/919/894 708/921/896
f 718/920/895 708/921/896 717/922/897
f 717/922/897 708/921/896 707/923/898
f 717/922/897 707/923/898 716/924/899
f 716/924/899 707/923/898 706/925/900
f 716/924/899 706/925/900 715/926/901
f 715/926/901 706/925/900 705/927/902
f 715/926/901 705/927/902 714/928/903
f 714/928/903 705/927/902 672/929/904
f 714/928/903 672/929/904 713/930/905
f 713/930/905 672/929/904 317/931/906
f 713/930/905 317/931/906 722/932/907
f 722/932/907 317/931/906 731/933/908
f 722/932/907 731/933/908 732/934/909
f 732/934/909 731/933/908 740/935/910
f 732/934/909 740/935/910 741/936/911
f 741/936/911 740/935/910 750/937/912
f 741/936/911 750/937/912 751/938/913
f 751/938/913 750/937/912 760/939/914
f 751/938/913 760/939/914 761/940/915
f 761/940/915 760/939/914 770/941/916
f 761/940/915 770/941/916 771/942/917
f 771/942/917 770/941/916 779/943/918
f 771/942/917 779/943/918 780/944/919
f 780/944/919 779/943/918 789/945/920
f 780/944/919 789/945/920 790/946/921
f 790/946/921 789/945/920 799/947/922
f 790/946/921 799/947/922 747/948/923
f 747/948/923 799/947/922 809/949/924
f 747/948/923 809/949/924 327/912/884
f 327/912/884 809/949/924 660/950/925
f 327/912/884 660/950/925 826/951/926
f 826/951/926 660/950/925 816/952/927
f 826/951/926 816/952/927 825/953/928
f 825/953/928 816/952/927 815/954/929
f 825/953/928 815/954/929 824/955/930
f 824/955/930 815/954/929 814/956/931
f 824/955/930 814/956/931 823/957/932
f 823/957/932 814/956/931 813/958/933
f 823/957/932 813/958/933 822/959/934
f 822/959/934 813/958/933 812/960/935
f 822/959/934 812/960/935 821/961/936
f 821/961/936 812/960/935 811/962/937
f 821/961/936 811/962/937 820/963/938
f 820/963/938 811/962/937 810/964/939
f 820/963/938 810/964/939 819/965/940
f 819/965/940 810/964/939 675/966/941
f 819/965/940 675/966/941 818/967/942
f 818/967/942 675/966/941 317/931/906
f 818/967/942 317/931/906 827/968/943
f 827/968/943 317/931/906 836/969/944
f 827/968/943 836/969/944 837/970/945
f 837/970/945 836/969/944 845/971/946
f 837/970/945 845/971/946 846/972/947
f 846/972/947 845/971/946 855/973/948
f 846/972/947 855/973/948 856/974/949
f 856/974/949 855/973/948 865/975/950
f 856/974/949 865/975/950 866/976/951
f 866/976/951 865/975/950 875/977/952
f 866/976/951 875/977/952 876/978/953
f 876/978/953 875/977/952 884/979/954
f 876/978/953 884/979/954 885/980/955
f 885/980/955 884/979/954 894/981/956
f 885/980/955 894/981/956 895/982/957
f 895/982/957 894/981/956 904/983/958
f 895/982/957 904/983/958 800/984/959
f 800/984/959 904/983/958 914/985/960
f 800/984/959 914/985/960 327/912/884
f 327/912/884 914/985/960 663/986/961
f 327/912/884 663/986/961 931/987/962
f 931/987/962 663/986/961 921/988/963
f 931/987/962 921/988/963 930/989/964
f 930/989/964 921/988/963 920/990/965
f 930/989/964 920/990/965 929/991/966
f 929/991/966 920/990/965 919/992/967
f 929/991/966 919/992/967 928/993/968
f 928/993/968 919/992/967 918/994/969
f 928/993/968 918/994/969 927/995/970
f 927/995/970 918/994/969 917/996/971
f 927/995/970 917/996/971 926/997/972
f 926/997/972 917/996/971 916/998/973
f 926/997/972 916/998/973 925/999/974
f 925/999/974 916/998/973 915/1000/975
f 925/999/974 915/1000/975 924/1001/976
f 924/1001/976 915/1000/975 678/1002/977
f 924/1001/976 678/1002/977 923/1003/978
f 923/1003/978 678/1002/977 317/931/906
f 923/1003/978 317/931/906 932/1004/979
f 932/1004/979 317/931/906 679/1005/980
f 932/1004/979 679/1005/980 941/1006/981
f 941/1006/981 679/1005/980 950/1007/982
f 941/1006/981 950/1007/982 951/1008/983
f 951/1008/983 950/1007/982 959/1009/984
f 951/1008/983 959/1009/984 960/1010/985
f 960/1010/985 959/1009/984 968/1011/986
f 960/1010/985 968/1011/986 969/1012/987
f 969/1012/987 968/1011/986 977/1013/988
f 969/1012/987 977/1013/988 978/1014/989
f 978/1014/989 977/1013/988 986/1015/990
f 978/1014/989 986/1015/990 987/1016/991
f 987/1016/991 986/1015/990 996/1017/992
f 987/1016/991 996/1017/992 997/1018/993
f 997/1018/993 996/1017/992 1005/1019/994
f 997/1018/993 1005/1019/994 1006/1020/995
f 1006/1020/995 1005/1019/994 666/1021/996
f 1006/1020/995 666/1021/996 641/1022/885
f 641/1022/885 666/1021/996 1022/1023/997
f 641/1022/885 1022/1023/997 870/1024/998
f 870/1024/998 1022/1023/997 1021/1025/999
f 870/1024/998 1021/1025/999 1030/1026/1000
f 1030/1026/1000 1021/1025/999 1020/1027/1001
f 1030/1026/1000 1020/1027/1001 1029/1028/1002
f 1029/1028/1002 1020/1027/1001 1019/1029/1003
f 1029/1028/1002 1019/1029/1003 1028/1030/1004
f 1028/1030/1004 1019/1029/1003 1018/1031/1005
f 1028/1030/1004 1018/1031/1005 1027/1032/1006
f 1027/1032/1006 1018/1031/1005 1017/1033/1007
f 1027/1032/1006 1017/1033/1007 1026/1034/1008
f 1026/1034/1008 1017/1033/1007 1016/1035/1009
f 1026/1034/1008 1016/1035/1009 1025/1036/1010
f 1025/1036/1010 1016/1035/1009 1015/1037/1011
f 1025/1036/1010 1015/1037/1011 1024/1038/1012
f 1024/1038/1012 1015/1037/1011 1014/1039/1013
f 1024/1038/1012 1014/1039/1013 1023/1040/1014
f 1023/1040/1014 1014/1039/1013 647/1041/1015
f 1023/1040/1014 647/1041/1015 1031/1042/1016
f 1031/1042/1016 647/1041/1015 682/1043/1017
f 1031/1042/1016 682/1043/1017 1040/1044/1018
f 1040/1044/1018 682/1043/1017 1048/1045/1019
f 1040/1044/1018 1048/1045/1019 1049/1046/1020
f 1049/1046/1020 1048/1045/1019 1058/1047/1021
f 1049/1046/1020 1058/1047/1021 1059/1048/1022
f 1059/1048/1022 1058/1047/1021 1067/1049/1023
f 1059/1048/1022 1067/1049/1023 1068/1050/1024
f 1068/1050/1024 1067/1049/1023 1076/1051/1025
f 1068/1050/1024 1076/1051/1025 1077/1052/1026
f 1077/1052/1026 1076/1051/1025 1085/1053/1027
f 1077/1052/1026 1085/1053/1027 1086/1054/1028
f 1086/1054/1028 1085/1053/1027 1095/1055/1029
f 1086/1054/1028 1095/1055/1029 1096/1056/1030
f 1096/1056/1030 1095/1055/1029 1104/1057/1031
f 1096/1056/1030 1104/1057/1031 1105/1058/1032
f 1105/1058/1032 1104/1057/1031 669/1059/1033
f 1105/1058/1032 669/1059/1033 641/1022/885
f 641/1022/885 669/1059/1033 1121/1060/1034
f 641/1022/885 1121/1060/1034 922/1061/1035
f 922/1061/1035 1121/1060/1034 1120/1062/1036
f 922/1061/1035 1120/1062/1036 1129/1063/1037
f 1129/1063/1037 1120/1062/1036 1119/1064/1038
f 1129/1063/1037 1119/1064/1038 1128/1065/1039
f 1128/1065/1039 1119/1064/1038 1118/1066/1040
f 1128/1065/1039 1118/1066/1040 1127/1067/1041
f 1127/1067/1041 1118/1066/1040 1117/1068/1042
f 1127/1067/1041 1117/1068/1042 1126/1069/1043
f 1126/1069/1043 1117/1068/1042 1116/1070/1044
f 1126/1069/1043 1116/1070/1044 1125/1071/1045
f 1125/1071/1045 1116/1070/1044 1115/1072/1046
f 1125/1071/1045 1115/1072/1046 1124/1073/1047
f 1124/1073/1047 1115/1072/1046 1114/1074/1048
f 1124/1073/1047 1114/1074/1048 1123/1075/1049
f 1123/1075/1049 1114/1074/1048 1113/1076/1050
f 1123/1075/1049 1113/1076/1050 1122/1077/1051
f 1122/1077/1051 1113/1076/1050 647/1041/1015
f 1122/1077/1051 647/1041/1015 1130/1078/1052
f 1130/1078/1052 647/1041/1015 685/1079/1053
f 1130/1078/1052 685/1079/1053 1139/1080/1054
f 1139/1080/1054 685/1079/1053 1147/1081/1055
f 1139/1080/1054 1147/1081/1055 1148/1082/1056
f 1148/1082/1056 1147/1081/1055 1157/1083/1057
f 1148/1082/1056 1157/1083/1057 1158/1084/1058
f 1158/1084/1058 1157/1083/1057 1166/1085/1059
f 1158/1084/1058 1166/1085/1059 1167/1086/1060
f 1167/1086/1060 1166/1085/1059 1175/1087/1061
f 1167/1086/1060 1175/1087/1061 1176/1088/1062
f 1176/1088/1062 1175/1087/1061 699/1089/1063
f 1176/1088/1062 699/1089/1063 698/1090/1064
f 698/1090/1064 699/1089/1063 654/1091/1065
f 698/1090/1064 654/1091/1065 655/1092/1066
f 326/910/886 325/1093/1067 695/911/887
f 695/911/887 325/1093/1067 694/1094/1068
f 695/911/887 694/1094/1068 657/913/888
f 657/913/888 694/1094/1068 711/915/890
f 325/1093/1067 324/1095/1069 694/1094/1068
f 694/1094/1068 324/1095/1069 693/1096/1070
f 694/1094/1068 693/1096/1070 711/915/890
f 711/915/890 693/1096/1070 710/917/892
f 324/1095/1069 323/1097/1071 693/1096/1070
f 693/1096/1070 323/1097/1071 692/1098/1072
f 693/1096/1070 692/1098/1072 710/917/892
f 710/917/892 692/1098/1072 709/919/894
f 323/1097/1071 322/1099/1073 692/1098/1072
f 692/1098/1072 322/1099/1073 691/1100/1074
f 692/1098/1072 691/1100/1074 709/919/894
f 709/919/894 691/1100/1074 708/921/896
f 322/1099/1073 321/1101/1075 691/1100/1074
f 691/1100/1074 321/1101/1075 690/1102/1076
f 691/1100/1074 690/1102/1076 708/921/896
f 708/921/896 690/1102/1076 707/923/898
f 321/1101/1075 320/1103/1077 690/1102/1076
f 690/1102/1076 320/1103/1077 689/1104/1078
f 690/1102/1076 689/1104/1078 707/923/898
f 707/923/898 689/1104/1078 706/925/900
f 320/1103/1077 319/1105/1079 689/1104/1078
f 689/1104/1078 319/1105/1079 688/1106/1080
f 689/1104/1078 688/1106/1080 706/925/900
f 706/925/900 688/1106/1080 705/927/902
f 319/1105/1079 318/1107/1081 688/1106/1080
f 688/1106/1080 318/1107/1081 687/1108/1082
f 688/1106/1080 687/1108/1082 705/927/902
f 705/927/902 687/1108/1082 672/929/904
f 318/1107/1081 317/931/906 687/1108/1082
f 687/1108/1082 317/931/906 672/929/904
f 317/931/906 647/1041/1015 679/1005/980
f 679/1005/980 647/1041/1015 949/1109/1083
f 679/1005/980 949/1109/1083 950/1007/982
f 950/1007/982 949/1109/1083 958/1110/1084
f 950/1007/982 958/1110/1084 959/1009/984
f 959/1009/984 958/1110/1084 967/1111/1085
f 959/1009/984 967/1111/1085 968/1011/986
f 968/1011/986 967/1111/1085 976/1112/1086
f 968/1011/986 976/1112/1086 977/1013/988
f 977/1013/988 976/1112/1086 985/1113/1087
f 977/1013/988 985/1113/1087 986/1015/990
f 986/1015/990 985/1113/1087 995/1114/1088
f 986/1015/990 995/1114/1088 996/1017/992
f 996/1017/992 995/1114/1088 1004/1115/1089
f 996/1017/992 1004/1115/1089 1005/1019/994
f 1005/1019/994 1004/1115/1089 1013/1116/1090
f 1005/1019/994 1013/1116/1090 666/1021/996
f 666/1021/996 1013/1116/1090 1022/1023/997
f 648/1117/1091 704/1118/1092 647/1041/1015
f 647/1041/1015 704/1118/1092 686/1119/1093
f 647/1041/1015 686/1119/1093 1163/1120/1094
f 1163/1120/1094 686/1119/1093 1172/1121/1095
f 1163/1120/1094 1172/1121/1095 1164/1122/1096
f 1164/1122/1096 1172/1121/1095 1173/1123/1097
f 1164/1122/1096 1173/1123/1097 1165/1124/1098
f 1165/1124/1098 1173/1123/1097 1174/1125/1099
f 1165/1124/1098 1174/1125/1099 1166/1085/1059
f 1166/1085/1059 1174/1125/1099 1175/1087/1061
f 648/1117/1091 649/1126/1100 704/1118/1092
f 704/1118/1092 649/1126/1100 703/1127/1101
f 704/1118/1092 703/1127/1101 686/1119/1093
f 686/1119/1093 703/1127/1101 1172/1121/1095
f 649/1126/1100 650/1128/1102 703/1127/1101
f 703/1127/1101 650/1128/1102 702/1129/1103
f 703/1127/1101 702/1129/1103 1172/1121/1095
f 1172/1121/1095 702/1129/1103 1173/1123/1097
f 650/1128/1102 651/1130/1104 702/1129/1103
f 702/1129/1103 651/1130/1104 701/1131/1105
f 702/1129/1103 701/1131/1105 1173/1123/1097
f 1173/1123/1097 701/1131/1105 1174/1125/1099
f 651/1130/1104 652/1132/1106 701/1131/1105
f 701/1131/1105 652/1132/1106 700/1133/1107
f 701/1131/1105 700/1133/1107 1174/1125/1099
f 1174/1125/1099 700/1133/1107 1175/1087/1061
f 652/1132/1106 653/1134/1108 700/1133/1107
f 700/1133/1107 653/1134/1108 699/1089/1063
f 700/1133/1107 699/1089/1063 1175/1087/1061
f 653/1134/1108 654/1091/1065 699/1089/1063
f 698/1090/1064 655/1092/1066 697/1135/1109
f 697/1135/1109 655/1092/1066 656/1136/1110
f 697/1135/1109 656/1136/1110 696/1137/1111
f 696/1137/1111 656/1136/1110 641/1022/885
f 696/1137/1111 641/1022/885 671/1138/1112
f 671/1138/1112 641/1022/885 1171/1139/1113
f 671/1138/1112 1171/1139/1113 1170/1140/1114
f 1170/1140/1114 1171/1139/1113 1162/1141/1115
f 1170/1140/1114 1162/1141/1115 1161/1142/1116
f 1161/1142/1116 1162/1141/1115 1152/1143/1117
f 1161/1142/1116 1152/1143/1117 1151/1144/1118
f 1151/1144/1118 1152/1143/1117 1143/1145/1119
f 1151/1144/1118 1143/1145/1119 1142/1146/1120
f 1142/1146/1120 1143/1145/1119 1134/1147/1121
f 1142/1146/1120 1134/1147/1121 1133/1148/1122
f 1133/1148/1122 1134/1147/1121 1125/1071/1045
f 1133/1148/1122 1125/1071/1045 1124/1073/1047
f 327/912/884 664/1149/1123 641/1022/885
f 641/1022/885 664/1149/1123 835/1150/1124
f 641/1022/885 835/1150/1124 973/1151/1125
f 973/1151/1125 835/1150/1124 964/1152/1126
f 973/1151/1125 964/1152/1126 972/1153/1127
f 972/1153/1127 964/1152/1126 963/1154/1128
f 972/1153/1127 963/1154/1128 971/1155/1129
f 971/1155/1129 963/1154/1128 962/1156/1130
f 971/1155/1129 962/1156/1130 970/1157/1131
f 970/1157/1131 962/1156/1130 961/1158/1132
f 970/1157/1131 961/1158/1132 969/1012/987
f 969/1012/987 961/1158/1132 960/1010/985
f 327/912/884 712/1159/1133 739/1160/1134
f 739/1160/1134 712/1159/1133 729/1161/1135
f 739/1160/1134 729/1161/1135 738/1162/1136
f 738/1162/1136 729/1161/1135 728/1163/1137
f 738/1162/1136 728/1163/1137 737/1164/1138
f 737/1164/1138 728/1163/1137 727/1165/1139
f 737/1164/1138 727/1165/1139 736/1166/1140
f 736/1166/1140 727/1165/1139 726/1167/1141
f 736/1166/1140 726/1167/1141 735/1168/1142
f 735/1168/1142 726/1167/1141 725/1169/1143
f 735/1168/1142 725/1169/1143 734/1170/1144
f 734/1170/1144 725/1169/1143 724/1171/1145
f 734/1170/1144 724/1171/1145 733/1172/1146
f 733/1172/1146 724/1171/1145 723/1173/1147
f 733/1172/1146 723/1173/1147 732/934/909
f 732/934/909 723/1173/1147 722/932/907
f 327/912/884 739/1160/1134 658/1174/1148
f 658/1174/1148 739/1160/1134 738/1162/1136
f 658/1174/1148 738/1162/1136 746/1175/1149
f 746/1175/1149 738/1162/1136 737/1164/1138
f 746/1175/1149 737/1164/1138 745/1176/1150
f 745/1176/1150 737/1164/1138 736/1166/1140
f 745/1176/1150 736/1166/1140 744/1177/1151
f 744/1177/1151 736/1166/1140 735/1168/1142
f 744/1177/1151 735/1168/1142 743/1178/1152
f 743/1178/1152 735/1168/1142 734/1170/1144
f 743/1178/1152 734/1170/1144 742/1179/1153
f 742/1179/1153 734/1170/1144 733/1172/1146
f 742/1179/1153 733/1172/1146 741/936/911
f 741/936/911 733/1172/1146 732/934/909
f 327/912/884 730/1180/1154 774/1181/1155
f 774/1181/1155 730/1180/1154 764/1182/1156
f 774/1181/1155 764/1182/1156 773/1183/1157
f 773/1183/1157 764/1182/1156 763/1184/1158
f 773/1183/1157 763/1184/1158 772/1185/1159
f 772/1185/1159 763/1184/1158 762/1186/1160
f 772/1185/1159 762/1186/1160 771/942/917
f 771/942/917 762/1186/1160 761/940/915
f 327/912/884 774/1181/1155 659/1187/1161
f 659/1187/1161 774/1181/1155 773/1183/1157
f 659/1187/1161 773/1183/1157 781/1188/1162
f 781/1188/1162 773/1183/1157 772/1185/1159
f 781/1188/1162 772/1185/1159 780/944/919
f 780/944/919 772/1185/1159 771/942/917
f 327/912/884 765/1189/1163 844/1190/1164
f 844/1190/1164 765/1189/1163 834/1191/1165
f 844/1190/1164 834/1191/1165 843/1192/1166
f 843/1192/1166 834/1191/1165 833/1193/1167
f 843/1192/1166 833/1193/1167 842/1194/1168
f 842/1194/1168 833/1193/1167 832/1195/1169
f 842/1194/1168 832/1195/1169 841/1196/1170
f 841/1196/1170 832/1195/1169 831/1197/1171
f 841/1196/1170 831/1197/1171 840/1198/1172
f 840/1198/1172 831/1197/1171 830/1199/1173
f 840/1198/1172 830/1199/1173 839/1200/1174
f 839/1200/1174 830/1199/1173 829/1201/1175
f 839/1200/1174 829/1201/1175 838/1202/1176
f 838/1202/1176 829/1201/1175 828/1203/1177
f 838/1202/1176 828/1203/1177 837/970/945
f 837/970/945 828/1203/1177 827/968/943
f 327/912/884 844/1190/1164 661/1204/1178
f 661/1204/1178 844/1190/1164 843/1192/1166
f 661/1204/1178 843/1192/1166 851/1205/1179
f 851/1205/1179 843/1192/1166 842/1194/1168
f 851/1205/1179 842/1194/1168 850/1206/1180
f 850/1206/1180 842/1194/1168 841/1196/1170
f 850/1206/1180 841/1196/1170 849/1207/1181
f 849/1207/1181 841/1196/1170 840/1198/1172
f 849/1207/1181 840/1198/1172 848/1208/1182
f 848/1208/1182 840/1198/1172 839/1200/1174
f 848/1208/1182 839/1200/1174 847/1209/1183
f 847/1209/1183 839/1200/1174 838/1202/1176
f 847/1209/1183 838/1202/1176 846/972/947
f 846/972/947 838/1202/1176 837/970/945
f 327/912/884 782/1210/1184 879/1211/1185
f 879/1211/1185 782/1210/1184 869/1212/1186
f 879/1211/1185 869/1212/1186 878/1213/1187
f 878/1213/1187 869/1212/1186 868/1214/1188
f 878/1213/1187 868/1214/1188 877/1215/1189
f 877/1215/1189 868/1214/1188 867/1216/1190
f 877/1215/1189 867/1216/1190 876/978/953
f 876/978/953 867/1216/1190 866/976/951
f 327/912/884 879/1211/1185 662/1217/1191
f 662/1217/1191 879/1211/1185 878/1213/1187
f 662/1217/1191 878/1213/1187 886/1218/1192
f 886/1218/1192 878/1213/1187 877/1215/1189
f 886/1218/1192 877/1215/1189 885/980/955
f 885/980/955 877/1215/1189 876/978/953
f 327/912/884 817/1219/1193 948/1220/1194
f 948/1220/1194 817/1219/1193 939/1221/1195
f 948/1220/1194 939/1221/1195 947/1222/1196
f 947/1222/1196 939/1221/1195 938/1223/1197
f 947/1222/1196 938/1223/1197 946/1224/1198
f 946/1224/1198 938/1223/1197 937/1225/1199
f 946/1224/1198 937/1225/1199 945/1226/1200
f 945/1226/1200 937/1225/1199 936/1227/1201
f 945/1226/1200 936/1227/1201 944/1228/1202
f 944/1228/1202 936/1227/1201 935/1229/1203
f 944/1228/1202 935/1229/1203 943/1230/1204
f 943/1230/1204 935/1229/1203 934/1231/1205
f 943/1230/1204 934/1231/1205 942/1232/1206
f 942/1232/1206 934/1231/1205 933/1233/1207
f 942/1232/1206 933/1233/1207 941/1006/981
f 941/1006/981 933/1233/1207 932/1004/979
f 327/912/884 948/1220/1194 664/1149/1123
f 664/1149/1123 948/1220/1194 947/1222/1196
f 664/1149/1123 947/1222/1196 956/1234/1208
f 956/1234/1208 947/1222/1196 946/1224/1198
f 956/1234/1208 946/1224/1198 955/1235/1209
f 955/1235/1209 946/1224/1198 945/1226/1200
f 955/1235/1209 945/1226/1200 954/1236/1210
f 954/1236/1210 945/1226/1200 944/1228/1202
f 954/1236/1210 944/1228/1202 953/1237/1211
f 953/1237/1211 944/1228/1202 943/1230/1204
f 953/1237/1211 943/1230/1204 952/1238/1212
f 952/1238/1212 943/1230/1204 942/1232/1206
f 952/1238/1212 942/1232/1206 951/1008/983
f 951/1008/983 942/1232/1206 941/1006/981
f 641/1022/885 973/1151/1125 665/1239/1213
f 665/1239/1213 973/1151/1125 972/1153/1127
f 665/1239/1213 972/1153/1127 980/1240/1214
f 980/1240/1214 972/1153/1127 971/1155/1129
f 980/1240/1214 971/1155/1129 979/1241/1215
f 979/1241/1215 971/1155/1129 970/1157/1131
f 979/1241/1215 970/1157/1131 978/1014/989
f 978/1014/989 970/1157/1131 969/1012/987
f 997/1018/993 1006/1020/995 852/1242/1216
f 852/1242/1216 1006/1020/995 641/1022/885
f 852/1242/1216 641/1022/885 989/1243/1217
f 989/1243/1217 641/1022/885 665/1239/1213
f 989/1243/1217 665/1239/1213 980/1240/1214
f 641/1022/885 870/1024/998 1039/1244/1218
f 1039/1244/1218 870/1024/998 1030/1026/1000
f 1039/1244/1218 1030/1026/1000 1038/1245/1219
f 1038/1245/1219 1030/1026/1000 1029/1028/1002
f 1038/1245/1219 1029/1028/1002 1037/1246/1220
f 1037/1246/1220 1029/1028/1002 1028/1030/1004
f 1037/1246/1220 1028/1030/1004 1036/1247/1221
f 1036/1247/1221 1028/1030/1004 1027/1032/1006
f 1036/1247/1221 1027/1032/1006 1035/1248/1222
f 1035/1248/1222 1027/1032/1006 1026/1034/1008
f 1035/1248/1222 1026/1034/1008 1034/1249/1223
f 1034/1249/1223 1026/1034/1008 1025/1036/1010
f 1034/1249/1223 1025/1036/1010 1033/1250/1224
f 1033/1250/1224 1025/1036/1010 1024/1038/1012
f 1033/1250/1224 1024/1038/1012 1032/1251/1225
f 1032/1251/1225 1024/1038/1012 1023/1040/1014
f 1032/1251/1225 1023/1040/1014 1031/1042/1016
f 641/1022/885 1039/1244/1218 667/1252/1226
f 667/1252/1226 1039/1244/1218 1038/1245/1219
f 667/1252/1226 1038/1245/1219 1046/1253/1227
f 1046/1253/1227 1038/1245/1219 1037/1246/1220
f 1046/1253/1227 1037/1246/1220 1045/1254/1228
f 1045/1254/1228 1037/1246/1220 1036/1247/1221
f 1045/1254/1228 1036/1247/1221 1044/1255/1229
f 1044/1255/1229 1036/1247/1221 1035/1248/1222
f 1044/1255/1229 1035/1248/1222 1043/1256/1230
f 1043/1256/1230 1035/1248/1222 1034/1249/1223
f 1043/1256/1230 1034/1249/1223 1042/1257/1231
f 1042/1257/1231 1034/1249/1223 1033/1250/1224
f 1042/1257/1231 1033/1250/1224 1041/1258/1232
f 1041/1258/1232 1033/1250/1224 1032/1251/1225
f 1041/1258/1232 1032/1251/1225 1040/1044/1018
f 1040/1044/1018 1032/1251/1225 1031/1042/1016
f 641/1022/885 887/1259/1233 1072/1260/1234
f 1072/1260/1234 887/1259/1233 1063/1261/1235
f 1072/1260/1234 1063/1261/1235 1071/1262/1236
f 1071/1262/1236 1063/1261/1235 1062/1263/1237
f 1071/1262/1236 1062/1263/1237 1070/1264/1238
f 1070/1264/1238 1062/1263/1237 1061/1265/1239
f 1070/1264/1238 1061/1265/1239 1069/1266/1240
f 1069/1266/1240 1061/1265/1239 1060/1267/1241
f 1069/1266/1240 1060/1267/1241 1068/1050/1024
f 1068/1050/1024 1060/1267/1241 1059/1048/1022
f 641/1022/885 1072/1260/1234 668/1268/1242
f 668/1268/1242 1072/1260/1234 1071/1262/1236
f 668/1268/1242 1071/1262/1236 1079/1269/1243
f 1079/1269/1243 1071/1262/1236 1070/1264/1238
f 1079/1269/1243 1070/1264/1238 1078/1270/1244
f 1078/1270/1244 1070/1264/1238 1069/1266/1240
f 1078/1270/1244 1069/1266/1240 1077/1052/1026
f 1077/1052/1026 1069/1266/1240 1068/1050/1024
f 1096/1056/1030 1105/1058/1032 905/1271/1245
f 905/1271/1245 1105/1058/1032 641/1022/885
f 905/1271/1245 641/1022/885 1088/1272/1246
f 1088/1272/1246 641/1022/885 668/1268/1242
f 1088/1272/1246 668/1268/1242 1079/1269/1243
f 641/1022/885 922/1061/1035 1138/1273/1247
f 1138/1273/1247 922/1061/1035 1129/1063/1037
f 1138/1273/1247 1129/1063/1037 1137/1274/1248
f 1137/1274/1248 1129/1063/1037 1128/1065/1039
f 1137/1274/1248 1128/1065/1039 1136/1275/1249
f 1136/1275/1249 1128/1065/1039 1127/1067/1041
f 1136/1275/1249 1127/1067/1041 1135/1276/1250
f 1135/1276/1250 1127/1067/1041 1126/1069/1043
f 1135/1276/1250 1126/1069/1043 1134/1147/1121
f 1134/1147/1121 1126/1069/1043 1125/1071/1045
f 641/1022/885 1138/1273/1247 670/1277/1251
f 670/1277/1251 1138/1273/1247 1137/1274/1248
f 670/1277/1251 1137/1274/1248 1145/1278/1252
f 1145/1278/1252 1137/1274/1248 1136/1275/1249
f 1145/1278/1252 1136/1275/1249 1144/1279/1253
f 1144/1279/1253 1136/1275/1249 1135/1276/1250
f 1144/1279/1253 1135/1276/1250 1143/1145/1119
f 1143/1145/1119 1135/1276/1250 1134/1147/1121
f 1162/1141/1115 1171/1139/1113 940/1280/1254
f 940/1280/1254 1171/1139/1113 641/1022/885
f 940/1280/1254 641/1022/885 1154/1281/1255
f 1154/1281/1255 641/1022/885 670/1277/1251
f 1154/1281/1255 670/1277/1251 1145/1278/1252
f 673/1282/1256 317/931/906 748/1283/1257
f 748/1283/1257 317/931/906 757/1284/1258
f 748/1283/1257 757/1284/1258 758/1285/1259
f 758/1285/1259 757/1284/1258 767/1286/1260
f 758/1285/1259 767/1286/1260 768/1287/1261
f 768/1287/1261 767/1286/1260 776/1288/1262
f 768/1287/1261 776/1288/1262 777/1289/1263
f 777/1289/1263 776/1288/1262 786/1290/1264
f 777/1289/1263 786/1290/1264 787/1291/1265
f 787/1291/1265 786/1290/1264 796/1292/1266
f 787/1291/1265 796/1292/1266 797/1293/1267
f 797/1293/1267 796/1292/1266 806/1294/1268
f 797/1293/1267 806/1294/1268 807/1295/1269
f 807/1295/1269 806/1294/1268 815/954/929
f 807/1295/1269 815/954/929 816/952/927
f 674/1296/1270 317/931/906 783/1297/1271
f 783/1297/1271 317/931/906 792/1298/1272
f 783/1297/1271 792/1298/1272 793/1299/1273
f 793/1299/1273 792/1298/1272 802/1300/1274
f 793/1299/1273 802/1300/1274 803/1301/1275
f 803/1301/1275 802/1300/1274 811/962/937
f 803/1301/1275 811/962/937 812/960/935
f 676/1302/1276 317/931/906 853/1303/1277
f 853/1303/1277 317/931/906 862/1304/1278
f 853/1303/1277 862/1304/1278 863/1305/1279
f 863/1305/1279 862/1304/1278 872/1306/1280
f 863/1305/1279 872/1306/1280 873/1307/1281
f 873/1307/1281 872/1306/1280 881/1308/1282
f 873/1307/1281 881/1308/1282 882/1309/1283
f 882/1309/1283 881/1308/1282 891/1310/1284
f 882/1309/1283 891/1310/1284 892/1311/1285
f 892/1311/1285 891/1310/1284 901/1312/1286
f 892/1311/1285 901/1312/1286 902/1313/1287
f 902/1313/1287 901/1312/1286 911/1314/1288
f 902/1313/1287 911/1314/1288 912/1315/1289
f 912/1315/1289 911/1314/1288 920/990/965
f 912/1315/1289 920/990/965 921/988/963
f 677/1316/1290 317/931/906 888/1317/1291
f 888/1317/1291 317/931/906 897/1318/1292
f 888/1317/1291 897/1318/1292 898/1319/1293
f 898/1319/1293 897/1318/1292 907/1320/1294
f 898/1319/1293 907/1320/1294 908/1321/1295
f 908/1321/1295 907/1320/1294 916/998/973
f 908/1321/1295 916/998/973 917/996/971
f 958/1110/1084 949/1109/1083 957/1322/1296
f 957/1322/1296 949/1109/1083 647/1041/1015
f 957/1322/1296 647/1041/1015 965/1323/1297
f 965/1323/1297 647/1041/1015 680/1324/1298
f 965/1323/1297 680/1324/1298 974/1325/1299
f 974/1325/1299 680/1324/1298 982/1326/1300
f 974/1325/1299 982/1326/1300 983/1327/1301
f 983/1327/1301 982/1326/1300 992/1328/1302
f 983/1327/1301 992/1328/1302 993/1329/1303
f 993/1329/1303 992/1328/1302 1001/1330/1304
f 993/1329/1303 1001/1330/1304 1002/1331/1305
f 1002/1331/1305 1001/1330/1304 1010/1332/1306
f 1002/1331/1305 1010/1332/1306 1011/1333/1307
f 1011/1333/1307 1010/1332/1306 1019/1029/1003
f 1011/1333/1307 1019/1029/1003 1020/1027/1001
f 680/1324/1298 647/1041/1015 981/1334/1308
f 981/1334/1308 647/1041/1015 990/1335/1309
f 981/1334/1308 990/1335/1309 991/1336/1310
f 991/1336/1310 990/1335/1309 999/1337/1311
f 991/1336/1310 999/1337/1311 1000/1338/1312
f 1000/1338/1312 999/1337/1311 1008/1339/1313
f 1000/1338/1312 1008/1339/1313 1009/1340/1314
f 1009/1340/1314 1008/1339/1313 1017/1033/1007
f 1009/1340/1314 1017/1033/1007 1018/1031/1005
f 647/1041/1015 1014/1039/1013 681/1341/1315
f 681/1341/1315 1014/1039/1013 1015/1037/1011
f 681/1341/1315 1015/1037/1011 1007/1342/1316
f 1007/1342/1316 1015/1037/1011 1016/1035/1009
f 1007/1342/1316 1016/1035/1009 1008/1339/1313
f 1008/1339/1313 1016/1035/1009 1017/1033/1007
f 682/1043/1017 647/1041/1015 1047/1343/1317
f 1047/1343/1317 647/1041/1015 1056/1344/1318
f 1047/1343/1317 1056/1344/1318 1057/1345/1319
f 1057/1345/1319 1056/1344/1318 1065/1346/1320
f 1057/1345/1319 1065/1346/1320 1066/1347/1321
f 1066/1347/1321 1065/1346/1320 1074/1348/1322
f 1066/1347/1321 1074/1348/1322 1075/1349/1323
f 1075/1349/1323 1074/1348/1322 1083/1350/1324
f 1075/1349/1323 1083/1350/1324 1084/1351/1325
f 1084/1351/1325 1083/1350/1324 1093/1352/1326
f 1084/1351/1325 1093/1352/1326 1094/1353/1327
f 1094/1353/1327 1093/1352/1326 1102/1354/1328
f 1094/1353/1327 1102/1354/1328 1103/1355/1329
f 1103/1355/1329 1102/1354/1328 1111/1356/1330
f 1103/1355/1329 1111/1356/1330 1112/1357/1331
f 1112/1357/1331 1111/1356/1330 1120/1062/1036
f 1112/1357/1331 1120/1062/1036 1121/1060/1034
f 683/1358/1332 647/1041/1015 1080/1359/1333
f 1080/1359/1333 647/1041/1015 1089/1360/1334
f 1080/1359/1333 1089/1360/1334 1090/1361/1335
f 1090/1361/1335 1089/1360/1334 1098/1362/1336
f 1090/1361/1335 1098/1362/1336 1099/1363/1337
f 1099/1363/1337 1098/1362/1336 1107/1364/1338
f 1099/1363/1337 1107/1364/1338 1108/1365/1339
f 1108/1365/1339 1107/1364/1338 1116/1070/1044
f 1108/1365/1339 1116/1070/1044 1117/1068/1042
f 647/1041/1015 1113/1076/1050 684/1366/1340
f 684/1366/1340 1113/1076/1050 1114/1074/1048
f 684/1366/1340 1114/1074/1048 1106/1367/1341
f 1106/1367/1341 1114/1074/1048 1115/1072/1046
f 1106/1367/1341 1115/1072/1046 1107/1364/1338
f 1107/1364/1338 1115/1072/1046 1116/1070/1044
f 685/1079/1053 647/1041/1015 1146/1368/1342
f 1146/1368/1342 647/1041/1015 1155/1369/1343
f 1146/1368/1342 1155/1369/1343 1156/1370/1344
f 1156/1370/1344 1155/1369/1343 1164/1122/1096
f 1156/1370/1344 1164/1122/1096 1165/1124/1098
f 712/1159/1133 327/912/884 721/914/889
f 697/1135/1109 696/1137/1111 1178/1371/1345
f 1178/1371/1345 696/1137/1111 671/1138/1112
f 1178/1371/1345 671/1138/1112 1170/1140/1114
f 698/1090/1064 697/1135/1109 1177/1372/1346
f 1177/1372/1346 697/1135/1109 1178/1371/1345
f 1177/1372/1346 1178/1371/1345 1169/1373/1347
f 1169/1373/1347 1178/1371/1345 1170/1140/1114
f 1169/1373/1347 1170/1140/1114 1161/1142/1116
f 1155/1369/1343 647/1041/1015 1163/1120/1094
f 722/932/907 723/1173/1147 713/930/905
f 713/930/905 723/1173/1147 714/928/903
f 723/1173/1147 724/1171/1145 714/928/903
f 714/928/903 724/1171/1145 715/926/901
f 724/1171/1145 725/1169/1143 715/926/901
f 715/926/901 725/1169/1143 716/924/899
f 725/1169/1143 726/1167/1141 716/924/899
f 716/924/899 726/1167/1141 717/922/897
f 726/1167/1141 727/1165/1139 717/922/897
f 717/922/897 727/1165/1139 718/920/895
f 727/1165/1139 728/1163/1137 718/920/895
f 718/920/895 728/1163/1137 719/918/893
f 712/1159/1133 721/914/889 720/916/891
f 728/1163/1137 729/1161/1135 719/918/893
f 719/918/893 729/1161/1135 720/916/891
f 327/912/884 658/1174/1148 756/1374/1348
f 756/1374/1348 658/1174/1148 746/1175/1149
f 756/1374/1348 746/1175/1149 755/1375/1349
f 755/1375/1349 746/1175/1149 745/1176/1150
f 755/1375/1349 745/1176/1150 754/1376/1350
f 754/1376/1350 745/1176/1150 744/1177/1151
f 754/1376/1350 744/1177/1151 753/1377/1351
f 753/1377/1351 744/1177/1151 743/1178/1152
f 753/1377/1351 743/1178/1152 752/1378/1352
f 752/1378/1352 743/1178/1152 742/1179/1153
f 752/1378/1352 742/1179/1153 751/938/913
f 751/938/913 742/1179/1153 741/936/911
f 729/1161/1135 712/1159/1133 720/916/891
f 327/912/884 756/1374/1348 730/1180/1154
f 730/1180/1154 756/1374/1348 755/1375/1349
f 730/1180/1154 755/1375/1349 764/1182/1156
f 764/1182/1156 755/1375/1349 754/1376/1350
f 764/1182/1156 754/1376/1350 763/1184/1158
f 763/1184/1158 754/1376/1350 753/1377/1351
f 763/1184/1158 753/1377/1351 762/1186/1160
f 762/1186/1160 753/1377/1351 752/1378/1352
f 762/1186/1160 752/1378/1352 761/940/915
f 761/940/915 752/1378/1352 751/938/913
f 327/912/884 659/1187/1161 791/1379/1353
f 791/1379/1353 659/1187/1161 781/1188/1162
f 791/1379/1353 781/1188/1162 790/946/921
f 790/946/921 781/1188/1162 780/944/919
f 317/931/906 673/1282/1256 731/933/908
f 731/933/908 673/1282/1256 740/935/910
f 740/935/910 673/1282/1256 749/1380/1354
f 749/1380/1354 673/1282/1256 748/1283/1257
f 749/1380/1354 748/1283/1257 758/1285/1259
f 790/946/921 747/948/923 791/1379/1353
f 791/1379/1353 747/948/923 327/912/884
f 740/935/910 749/1380/1354 750/937/912
f 750/937/912 749/1380/1354 759/1381/1355
f 750/937/912 759/1381/1355 760/939/914
f 760/939/914 759/1381/1355 769/1382/1356
f 760/939/914 769/1382/1356 770/941/916
f 770/941/916 769/1382/1356 778/1383/1357
f 770/941/916 778/1383/1357 779/943/918
f 779/943/918 778/1383/1357 788/1384/1358
f 779/943/918 788/1384/1358 789/945/920
f 789/945/920 788/1384/1358 798/1385/1359
f 789/945/920 798/1385/1359 799/947/922
f 799/947/922 798/1385/1359 808/1386/1360
f 799/947/922 808/1386/1360 809/949/924
f 809/949/924 808/1386/1360 660/950/925
f 759/1381/1355 749/1380/1354 758/1285/1259
f 765/1189/1163 327/912/884 826/951/926
f 769/1382/1356 759/1381/1355 768/1287/1261
f 768/1287/1261 759/1381/1355 758/1285/1259
f 767/1286/1260 757/1284/1258 766/1387/1361
f 766/1387/1361 757/1284/1258 317/931/906
f 766/1387/1361 317/931/906 674/1296/1270
f 767/1286/1260 766/1387/1361 775/1388/1362
f 775/1388/1362 766/1387/1361 674/1296/1270
f 775/1388/1362 674/1296/1270 784/1389/1363
f 784/1389/1363 674/1296/1270 783/1297/1271
f 784/1389/1363 783/1297/1271 793/1299/1273
f 778/1383/1357 769/1382/1356 777/1289/1263
f 777/1289/1263 769/1382/1356 768/1287/1261
f 327/912/884 661/1204/1178 861/1390/1364
f 861/1390/1364 661/1204/1178 851/1205/1179
f 861/1390/1364 851/1205/1179 860/1391/1365
f 860/1391/1365 851/1205/1179 850/1206/1180
f 860/1391/1365 850/1206/1180 859/1392/1366
f 859/1392/1366 850/1206/1180 849/1207/1181
f 859/1392/1366 849/1207/1181 858/1393/1367
f 858/1393/1367 849/1207/1181 848/1208/1182
f 858/1393/1367 848/1208/1182 857/1394/1368
f 857/1394/1368 848/1208/1182 847/1209/1183
f 857/1394/1368 847/1209/1183 856/974/949
f 856/974/949 847/1209/1183 846/972/947
f 767/1286/1260 775/1388/1362 776/1288/1262
f 776/1288/1262 775/1388/1362 785/1395/1369
f 776/1288/1262 785/1395/1369 786/1290/1264
f 786/1290/1264 785/1395/1369 795/1396/1370
f 786/1290/1264 795/1396/1370 796/1292/1266
f 796/1292/1266 795/1396/1370 805/1397/1371
f 796/1292/1266 805/1397/1371 806/1294/1268
f 806/1294/1268 805/1397/1371 814/956/931
f 806/1294/1268 814/956/931 815/954/929
f 785/1395/1369 775/1388/1362 784/1389/1363
f 788/1384/1358 778/1383/1357 787/1291/1265
f 787/1291/1265 778/1383/1357 777/1289/1263
f 327/912/884 861/1390/1364 782/1210/1184
f 782/1210/1184 861/1390/1364 860/1391/1365
f 782/1210/1184 860/1391/1365 869/1212/1186
f 869/1212/1186 860/1391/1365 859/1392/1366
f 869/1212/1186 859/1392/1366 868/1214/1188
f 868/1214/1188 859/1392/1366 858/1393/1367
f 868/1214/1188 858/1393/1367 867/1216/1190
f 867/1216/1190 858/1393/1367 857/1394/1368
f 867/1216/1190 857/1394/1368 866/976/951
f 866/976/951 857/1394/1368 856/974/949
f 785/1395/1369 784/1389/1363 794/1398/1372
f 794/1398/1372 784/1389/1363 793/1299/1273
f 794/1398/1372 793/1299/1273 803/1301/1275
f 798/1385/1359 788/1384/1358 797/1293/1267
f 797/1293/1267 788/1384/1358 787/1291/1265
f 327/912/884 662/1217/1191 896/1399/1373
f 896/1399/1373 662/1217/1191 886/1218/1192
f 896/1399/1373 886/1218/1192 895/982/957
f 895/982/957 886/1218/1192 885/980/955
f 785/1395/1369 794/1398/1372 795/1396/1370
f 795/1396/1370 794/1398/1372 804/1400/1374
f 795/1396/1370 804/1400/1374 805/1397/1371
f 805/1397/1371 804/1400/1374 813/958/933
f 805/1397/1371 813/958/933 814/956/931
f 804/1400/1374 794/1398/1372 803/1301/1275
f 808/1386/1360 798/1385/1359 807/1295/1269
f 807/1295/1269 798/1385/1359 797/1293/1267
f 895/982/957 800/984/959 896/1399/1373
f 896/1399/1373 800/984/959 327/912/884
f 802/1300/1274 792/1298/1272 801/1401/1375
f 801/1401/1375 792/1298/1272 317/931/906
f 801/1401/1375 317/931/906 675/966/941
f 675/966/941 810/964/939 801/1401/1375
f 801/1401/1375 810/964/939 802/1300/1274
f 810/964/939 811/962/937 802/1300/1274
f 813/958/933 804/1400/1374 812/960/935
f 812/960/935 804/1400/1374 803/1301/1275
f 660/950/925 808/1386/1360 816/952/927
f 816/952/927 808/1386/1360 807/1295/1269
f 817/1219/1193 327/912/884 931/987/962
f 827/968/943 828/1203/1177 818/967/942
f 818/967/942 828/1203/1177 819/965/940
f 828/1203/1177 829/1201/1175 819/965/940
f 819/965/940 829/1201/1175 820/963/938
f 829/1201/1175 830/1199/1173 820/963/938
f 820/963/938 830/1199/1173 821/961/936
f 830/1199/1173 831/1197/1171 821/961/936
f 821/961/936 831/1197/1171 822/959/934
f 831/1197/1171 832/1195/1169 822/959/934
f 822/959/934 832/1195/1169 823/957/932
f 832/1195/1169 833/1193/1167 823/957/932
f 823/957/932 833/1193/1167 824/955/930
f 765/1189/1163 826/951/926 825/953/928
f 833/1193/1167 834/1191/1165 824/955/930
f 824/955/930 834/1191/1165 825/953/928
f 834/1191/1165 765/1189/1163 825/953/928
f 317/931/906 676/1302/1276 836/969/944
f 836/969/944 676/1302/1276 845/971/946
f 845/971/946 676/1302/1276 854/1402/1376
f 854/1402/1376 676/1302/1276 853/1303/1277
f 854/1402/1376 853/1303/1277 863/1305/1279
f 845/971/946 854/1402/1376 855/973/948
f 855/973/948 854/1402/1376 864/1403/1377
f 855/973/948 864/1403/1377 865/975/950
f 865/975/950 864/1403/1377 874/1404/1378
f 865/975/950 874/1404/1378 875/977/952
f 875/977/952 874/1404/1378 883/1405/1379
f 875/977/952 883/1405/1379 884/979/954
f 884/979/954 883/1405/1379 893/1406/1380
f 884/979/954 893/1406/1380 894/981/956
f 894/981/956 893/1406/1380 903/1407/1381
f 894/981/956 903/1407/1381 904/983/958
f 904/983/958 903/1407/1381 913/1408/1382
f 904/983/958 913/1408/1382 914/985/960
f 914/985/960 913/1408/1382 663/986/961
f 864/1403/1377 854/1402/1376 863/1305/1279
f 874/1404/1378 864/1403/1377 873/1307/1281
f 873/1307/1281 864/1403/1377 863/1305/1279
f 872/1306/1280 862/1304/1278 871/1409/1383
f 871/1409/1383 862/1304/1278 317/931/906
f 871/1409/1383 317/931/906 677/1316/1290
f 872/1306/1280 871/1409/1383 880/1410/1384
f 880/1410/1384 871/1409/1383 677/1316/1290
f 880/1410/1384 677/1316/1290 889/1411/1385
f 889/1411/1385 677/1316/1290 888/1317/1291
f 889/1411/1385 888/1317/1291 898/1319/1293
f 883/1405/1379 874/1404/1378 882/1309/1283
f 882/1309/1283 874/1404/1378 873/1307/1281
f 641/1022/885 667/1252/1226 1055/1412/1386
f 1055/1412/1386 667/1252/1226 1046/1253/1227
f 1055/1412/1386 1046/1253/1227 1054/1413/1387
f 1054/1413/1387 1046/1253/1227 1045/1254/1228
f 1054/1413/1387 1045/1254/1228 1053/1414/1388
f 1053/1414/1388 1045/1254/1228 1044/1255/1229
f 1053/1414/1388 1044/1255/1229 1052/1415/1389
f 1052/1415/1389 1044/1255/1229 1043/1256/1230
f 1052/1415/1389 1043/1256/1230 1051/1416/1390
f 1051/1416/1390 1043/1256/1230 1042/1257/1231
f 1051/1416/1390 1042/1257/1231 1050/1417/1391
f 1050/1417/1391 1042/1257/1231 1041/1258/1232
f 1050/1417/1391 1041/1258/1232 1049/1046/1020
f 1049/1046/1020 1041/1258/1232 1040/1044/1018
f 872/1306/1280 880/1410/1384 881/1308/1282
f 881/1308/1282 880/1410/1384 890/1418/1392
f 881/1308/1282 890/1418/1392 891/1310/1284
f 891/1310/1284 890/1418/1392 900/1419/1393
f 891/1310/1284 900/1419/1393 901/1312/1286
f 901/1312/1286 900/1419/1393 910/1420/1394
f 901/1312/1286 910/1420/1394 911/1314/1288
f 911/1314/1288 910/1420/1394 919/992/967
f 911/1314/1288 919/992/967 920/990/965
f 890/1418/1392 880/1410/1384 889/1411/1385
f 893/1406/1380 883/1405/1379 892/1311/1285
f 892/1311/1285 883/1405/1379 882/1309/1283
f 641/1022/885 1055/1412/1386 887/1259/1233
f 887/1259/1233 1055/1412/1386 1054/1413/1387
f 887/1259/1233 1054/1413/1387 1063/1261/1235
f 1063/1261/1235 1054/1413/1387 1053/1414/1388
f 1063/1261/1235 1053/1414/1388 1062/1263/1237
f 1062/1263/1237 1053/1414/1388 1052/1415/1389
f 1062/1263/1237 1052/1415/1389 1061/1265/1239
f 1061/1265/1239 1052/1415/1389 1051/1416/1390
f 1061/1265/1239 1051/1416/1390 1060/1267/1241
f 1060/1267/1241 1051/1416/1390 1050/1417/1391
f 1060/1267/1241 1050/1417/1391 1059/1048/1022
f 1059/1048/1022 1050/1417/1391 1049/1046/1020
f 890/1418/1392 889/1411/1385 899/1421/1395
f 899/1421/1395 889/1411/1385 898/1319/1293
f 899/1421/1395 898/1319/1293 908/1321/1295
f 903/1407/1381 893/1406/1380 902/1313/1287
f 902/1313/1287 893/1406/1380 892/1311/1285
f 890/1418/1392 899/1421/1395 900/1419/1393
f 900/1419/1393 899/1421/1395 909/1422/1396
f 900/1419/1393 909/1422/1396 910/1420/1394
f 910/1420/1394 909/1422/1396 918/994/969
f 910/1420/1394 918/994/969 919/992/967
f 909/1422/1396 899/1421/1395 908/1321/1295
f 913/1408/1382 903/1407/1381 912/1315/1289
f 912/1315/1289 903/1407/1381 902/1313/1287
f 907/1320/1294 897/1318/1292 906/1423/1397
f 906/1423/1397 897/1318/1292 317/931/906
f 906/1423/1397 317/931/906 678/1002/977
f 678/1002/977 915/1000/975 906/1423/1397
f 906/1423/1397 915/1000/975 907/1320/1294
f 915/1000/975 916/998/973 907/1320/1294
f 918/994/969 909/1422/1396 917/996/971
f 917/996/971 909/1422/1396 908/1321/1295
f 663/986/961 913/1408/1382 921/988/963
f 921/988/963 913/1408/1382 912/1315/1289
f 1112/1357/1331 1121/1060/1034 669/1059/1033
f 932/1004/979 933/1233/1207 923/1003/978
f 923/1003/978 933/1233/1207 924/1001/976
f 933/1233/1207 934/1231/1205 924/1001/976
f 924/1001/976 934/1231/1205 925/999/974
f 934/1231/1205 935/1229/1203 925/999/974
f 925/999/974 935/1229/1203 926/997/972
f 935/1229/1203 936/1227/1201 926/997/972
f 926/997/972 936/1227/1201 927/995/970
f 936/1227/1201 937/1225/1199 927/995/970
f 927/995/970 937/1225/1199 928/993/968
f 937/1225/1199 938/1223/1197 928/993/968
f 928/993/968 938/1223/1197 929/991/966
f 817/1219/1193 931/987/962 930/989/964
f 938/1223/1197 939/1221/1195 929/991/966
f 929/991/966 939/1221/1195 930/989/964
f 939/1221/1195 817/1219/1193 930/989/964
f 951/1008/983 960/1010/985 952/1238/1212
f 952/1238/1212 960/1010/985 961/1158/1132
f 952/1238/1212 961/1158/1132 953/1237/1211
f 953/1237/1211 961/1158/1132 962/1156/1130
f 953/1237/1211 962/1156/1130 954/1236/1210
f 954/1236/1210 962/1156/1130 963/1154/1128
f 954/1236/1210 963/1154/1128 955/1235/1209
f 955/1235/1209 963/1154/1128 964/1152/1126
f 955/1235/1209 964/1152/1126 956/1234/1208
f 956/1234/1208 964/1152/1126 835/1150/1124
f 956/1234/1208 835/1150/1124 664/1149/1123
f 958/1110/1084 957/1322/1296 966/1424/1398
f 966/1424/1398 957/1322/1296 965/1323/1297
f 966/1424/1398 965/1323/1297 974/1325/1299
f 958/1110/1084 966/1424/1398 967/1111/1085
f 967/1111/1085 966/1424/1398 975/1425/1399
f 967/1111/1085 975/1425/1399 976/1112/1086
f 976/1112/1086 975/1425/1399 984/1426/1400
f 976/1112/1086 984/1426/1400 985/1113/1087
f 985/1113/1087 984/1426/1400 994/1427/1401
f 985/1113/1087 994/1427/1401 995/1114/1088
f 995/1114/1088 994/1427/1401 1003/1428/1402
f 995/1114/1088 1003/1428/1402 1004/1115/1089
f 1004/1115/1089 1003/1428/1402 1012/1429/1403
f 1004/1115/1089 1012/1429/1403 1013/1116/1090
f 1013/1116/1090 1012/1429/1403 1021/1025/999
f 1013/1116/1090 1021/1025/999 1022/1023/997
f 975/1425/1399 966/1424/1398 974/1325/1299
f 984/1426/1400 975/1425/1399 983/1327/1301
f 983/1327/1301 975/1425/1399 974/1325/1299
f 978/1014/989 987/1016/991 979/1241/1215
f 979/1241/1215 987/1016/991 988/1430/1404
f 979/1241/1215 988/1430/1404 980/1240/1214
f 980/1240/1214 988/1430/1404 989/1243/1217
f 680/1324/1298 981/1334/1308 982/1326/1300
f 982/1326/1300 981/1334/1308 991/1336/1310
f 982/1326/1300 991/1336/1310 992/1328/1302
f 992/1328/1302 991/1336/1310 1000/1338/1312
f 992/1328/1302 1000/1338/1312 1001/1330/1304
f 1001/1330/1304 1000/1338/1312 1009/1340/1314
f 1001/1330/1304 1009/1340/1314 1010/1332/1306
f 1010/1332/1306 1009/1340/1314 1018/1031/1005
f 1010/1332/1306 1018/1031/1005 1019/1029/1003
f 994/1427/1401 984/1426/1400 993/1329/1303
f 993/1329/1303 984/1426/1400 983/1327/1301
f 852/1242/1216 989/1243/1217 988/1430/1404
f 852/1242/1216 988/1430/1404 997/1018/993
f 997/1018/993 988/1430/1404 987/1016/991
f 1003/1428/1402 994/1427/1401 1002/1331/1305
f 1002/1331/1305 994/1427/1401 993/1329/1303
f 999/1337/1311 990/1335/1309 998/1431/1405
f 998/1431/1405 990/1335/1309 647/1041/1015
f 998/1431/1405 647/1041/1015 681/1341/1315
f 681/1341/1315 1007/1342/1316 998/1431/1405
f 998/1431/1405 1007/1342/1316 999/1337/1311
f 1007/1342/1316 1008/1339/1313 999/1337/1311
f 1012/1429/1403 1003/1428/1402 1011/1333/1307
f 1011/1333/1307 1003/1428/1402 1002/1331/1305
f 1021/1025/999 1012/1429/1403 1020/1027/1001
f 1020/1027/1001 1012/1429/1403 1011/1333/1307
f 682/1043/1017 1047/1343/1317 1048/1045/1019
f 1048/1045/1019 1047/1343/1317 1057/1345/1319
f 1048/1045/1019 1057/1345/1319 1058/1047/1021
f 1058/1047/1021 1057/1345/1319 1066/1347/1321
f 1058/1047/1021 1066/1347/1321 1067/1049/1023
f 1067/1049/1023 1066/1347/1321 1075/1349/1323
f 1067/1049/1023 1075/1349/1323 1076/1051/1025
f 1076/1051/1025 1075/1349/1323 1084/1351/1325
f 1076/1051/1025 1084/1351/1325 1085/1053/1027
f 1085/1053/1027 1084/1351/1325 1094/1353/1327
f 1085/1053/1027 1094/1353/1327 1095/1055/1029
f 1095/1055/1029 1094/1353/1327 1103/1355/1329
f 1095/1055/1029 1103/1355/1329 1104/1057/1031
f 1104/1057/1031 1103/1355/1329 1112/1357/1331
f 1104/1057/1031 1112/1357/1331 669/1059/1033
f 1065/1346/1320 1056/1344/1318 1064/1432/1406
f 1064/1432/1406 1056/1344/1318 647/1041/1015
f 1064/1432/1406 647/1041/1015 683/1358/1332
f 1065/1346/1320 1064/1432/1406 1073/1433/1407
f 1073/1433/1407 1064/1432/1406 683/1358/1332
f 1073/1433/1407 683/1358/1332 1081/1434/1408
f 1081/1434/1408 683/1358/1332 1080/1359/1333
f 1081/1434/1408 1080/1359/1333 1090/1361/1335
f 1065/1346/1320 1073/1433/1407 1074/1348/1322
f 1074/1348/1322 1073/1433/1407 1082/1435/1409
f 1074/1348/1322 1082/1435/1409 1083/1350/1324
f 1083/1350/1324 1082/1435/1409 1092/1436/1410
f 1083/1350/1324 1092/1436/1410 1093/1352/1326
f 1093/1352/1326 1092/1436/1410 1101/1437/1411
f 1093/1352/1326 1101/1437/1411 1102/1354/1328
f 1102/1354/1328 1101/1437/1411 1110/1438/1412
f 1102/1354/1328 1110/1438/1412 1111/1356/1330
f 1111/1356/1330 1110/1438/1412 1119/1064/1038
f 1111/1356/1330 1119/1064/1038 1120/1062/1036
f 1082/1435/1409 1073/1433/1407 1081/1434/1408
f 1077/1052/1026 1086/1054/1028 1078/1270/1244
f 1078/1270/1244 1086/1054/1028 1087/1439/1413
f 1078/1270/1244 1087/1439/1413 1079/1269/1243
f 1079/1269/1243 1087/1439/1413 1088/1272/1246
f 1082/1435/1409 1081/1434/1408 1091/1440/1414
f 1091/1440/1414 1081/1434/1408 1090/1361/1335
f 1091/1440/1414 1090/1361/1335 1099/1363/1337
f 905/1271/1245 1088/1272/1246 1087/1439/1413
f 905/1271/1245 1087/1439/1413 1096/1056/1030
f 1096/1056/1030 1087/1439/1413 1086/1054/1028
f 1082/1435/1409 1091/1440/1414 1092/1436/1410
f 1092/1436/1410 1091/1440/1414 1100/1441/1415
f 1092/1436/1410 1100/1441/1415 1101/1437/1411
f 1101/1437/1411 1100/1441/1415 1109/1442/1416
f 1101/1437/1411 1109/1442/1416 1110/1438/1412
f 1110/1438/1412 1109/1442/1416 1118/1066/1040
f 1110/1438/1412 1118/1066/1040 1119/1064/1038
f 1100/1441/1415 1091/1440/1414 1099/1363/1337
f 1098/1362/1336 1089/1360/1334 1097/1443/1417
f 1097/1443/1417 1089/1360/1334 647/1041/1015
f 1097/1443/1417 647/1041/1015 684/1366/1340
f 684/1366/1340 1106/1367/1341 1097/1443/1417
f 1097/1443/1417 1106/1367/1341 1098/1362/1336
f 1106/1367/1341 1107/1364/1338 1098/1362/1336
f 1109/1442/1416 1100/1441/1415 1108/1365/1339
f 1108/1365/1339 1100/1441/1415 1099/1363/1337
f 1118/1066/1040 1109/1442/1416 1117/1068/1042
f 1117/1068/1042 1109/1442/1416 1108/1365/1339
f 1123/1075/1049 1122/1077/1051 1131/1444/1418
f 1131/1444/1418 1122/1077/1051 1130/1078/1052
f 1131/1444/1418 1130/1078/1052 1139/1080/1054
f 1124/1073/1047 1123/1075/1049 1132/1445/1419
f 1132/1445/1419 1123/1075/1049 1131/1444/1418
f 1132/1445/1419 1131/1444/1418 1140/1446/1420
f 1140/1446/1420 1131/1444/1418 1139/1080/1054
f 1140/1446/1420 1139/1080/1054 1148/1082/1056
f 1124/1073/1047 1132/1445/1419 1133/1148/1122
f 1133/1148/1122 1132/1445/1419 1141/1447/1421
f 1133/1148/1122 1141/1447/1421 1142/1146/1120
f 1142/1146/1120 1141/1447/1421 1150/1448/1422
f 1142/1146/1120 1150/1448/1422 1151/1144/1118
f 1151/1144/1118 1150/1448/1422 1160/1449/1423
f 1151/1144/1118 1160/1449/1423 1161/1142/1116
f 1161/1142/1116 1160/1449/1423 1169/1373/1347
f 1141/1447/1421 1132/1445/1419 1140/1446/1420
f 1141/1447/1421 1140/1446/1420 1149/1450/1424
f 1149/1450/1424 1140/1446/1420 1148/1082/1056
f 1149/1450/1424 1148/1082/1056 1158/1084/1058
f 1143/1145/1119 1152/1143/1117 1144/1279/1253
f 1144/1279/1253 1152/1143/1117 1153/1451/1425
f 1144/1279/1253 1153/1451/1425 1145/1278/1252
f 1145/1278/1252 1153/1451/1425 1154/1281/1255
f 685/1079/1053 1146/1368/1342 1147/1081/1055
f 1147/1081/1055 1146/1368/1342 1156/1370/1344
f 1147/1081/1055 1156/1370/1344 1157/1083/1057
f 1157/1083/1057 1156/1370/1344 1165/1124/1098
f 1157/1083/1057 1165/1124/1098 1166/1085/1059
f 1141/1447/1421 1149/1450/1424 1150/1448/1422
f 1150/1448/1422 1149/1450/1424 1159/1452/1426
f 1150/1448/1422 1159/1452/1426 1160/1449/1423
f 1160/1449/1423 1159/1452/1426 1168/1453/1427
f 1160/1449/1423 1168/1453/1427 1169/1373/1347
f 1169/1373/1347 1168/1453/1427 1177/1372/1346
f 1159/1452/1426 1149/1450/1424 1158/1084/1058
f 940/1280/1254 1154/1281/1255 1153/1451/1425
f 940/1280/1254 1153/1451/1425 1162/1141/1115
f 1162/1141/1115 1153/1451/1425 1152/1143/1117
f 1163/1120/1094 1164/1122/1096 1155/1369/1343
f 1168/1453/1427 1159/1452/1426 1167/1086/1060
f 1167/1086/1060 1159/1452/1426 1158/1084/1058
f 1177/1372/1346 1168/1453/1427 1176/1088/1062
f 1176/1088/1062 1168/1453/1427 1167/1086/1060
f 698/1090/1064 1177/1372/1346 1176/1088/1062
f 317/1454/1428 316/1455/1429 647/1456/1430
f 647/1456/1430 316/1455/1429 1179/1457/1431
f 316/1458/1432 315/1459/1433 1179/1460/1434
f 1179/1460/1434 315/1459/1433 1187/1461/1435
f 1187/1461/1435 315/1459/1433 314/1462/1436
f 1187/1461/1435 314/1462/1436 1186/1463/1437
f 1186/1463/1437 314/1462/1436 313/1464/1438
f 1186/1463/1437 313/1464/1438 1185/1465/1439
f 1185/1465/1439 313/1464/1438 312/1466/1440
f 1185/1465/1439 312/1466/1440 1184/1467/1441
f 1184/1467/1441 312/1466/1440 311/1468/1442
f 1184/1467/1441 311/1468/1442 1183/1469/1443
f 1183/1469/1443 311/1468/1442 310/1470/1444
f 1183/1469/1443 310/1470/1444 1182/1471/1445
f 1182/1471/1445 310/1470/1444 309/1472/1446
f 1182/1471/1445 309/1472/1446 1181/1473/1447
f 1181/1473/1447 309/1472/1446 308/1474/1448
f 1181/1473/1447 308/1474/1448 1180/1475/1449
f 308/1476/1450 307/1477/1451 1180/1478/1452
f 1180/1478/1452 307/1477/1451 306/1479/1453
f 1180/1478/1452 306/1479/1453 305/1480/1454
f 305/1480/1454 304/1481/1455 1180/1478/1452
f 1180/1478/1452 304/1481/1455 303/1482/1456
f 1180/1478/1452 303/1482/1456 302/1483/1457
f 302/1483/1457 301/1484/1458 1180/1478/1452
f 1180/1478/1452 301/1484/1458 1199/1485/1459
f 1199/1485/1459 301/1484/1458 1198/1486/1460
f 1198/1486/1460 301/1484/1458 1197/1487/1461
f 1197/1487/1461 301/1484/1458 1196/1488/1462
f 1196/1488/1462 301/1484/1458 1195/1489/1463
f 1195/1489/1463 301/1484/1458 300/1490/1464
f 1195/1489/1463 300/1490/1464 1194/1491/1465
f 1194/1491/1465 300/1490/1464 1193/1492/1466
f 1193/1492/1466 300/1490/1464 1192/1493/1467
f 1192/1493/1467 300/1490/1464 299/1494/1468
f 1192/1493/1467 299/1494/1468 1191/1495/1469
f 1191/1495/1469 299/1494/1468 298/1496/1470
f 1191/1495/1469 298/1496/1470 1190/1497/1471
f 1190/1497/1471 298/1496/1470 297/1498/1472
f 1190/1497/1471 297/1498/1472 1189/1499/1473
f 1189/1499/1473 297/1498/1472 296/1500/1474
f 1189/1499/1473 296/1500/1474 1188/1501/1475
f 296/1502/1476 295/1503/1477 1188/1504/1478
f 1188/1504/1478 295/1503/1477 294/1505/1479
f 1188/1504/1478 294/1505/1479 293/1506/1480
f 293/1506/1480 292/1507/1481 1188/1504/1478
f 1188/1504/1478 292/1507/1481 291/1508/1482
f 1188/1504/1478 291/1508/1482 1209/1509/1483
f 1209/1509/1483 291/1508/1482 1208/1510/1484
f 1208/1510/1484 291/1508/1482 1207/1511/1485
f 1207/1511/1485 291/1508/1482 1206/1512/1486
f 1206/1512/1486 291/1508/1482 1205/1513/1487
f 1205/1513/1487 291/1508/1482 290/1514/1488
f 1205/1513/1487 290/1514/1488 1204/1515/1489
f 1204/1515/1489 290/1514/1488 289/1516/1490
f 1204/1515/1489 289/1516/1490 1203/1517/1491
f 1203/1517/1491 289/1516/1490 288/1518/1492
f 1203/1517/1491 288/1518/1492 1202/1519/1493
f 1202/1519/1493 288/1518/1492 287/1520/1494
f 1202/1519/1493 287/1520/1494 1201/1521/1495
f 1201/1521/1495 287/1520/1494 286/1522/1496
f 1201/1521/1495 286/1522/1496 1200/1523/1497
f 286/1524/1498 285/1525/1499 1200/1526/1500
f 1200/1526/1500 285/1525/1499 1216/1527/1501
f 1216/1527/1501 285/1525/1499 284/1528/1502
f 1216/1527/1501 284/1528/1502 1215/1529/1503
f 1215/1529/1503 284/1528/1502 283/1530/1504
f 1215/1529/1503 283/1530/1504 1214/1531/1505
f 1214/1531/1505 283/1530/1504 282/1532/1506
f 1214/1531/1505 282/1532/1506 1213/1533/1507
f 1213/1533/1507 282/1532/1506 281/1534/1508
f 1213/1533/1507 281/1534/1508 1212/1535/1509
f 1212/1535/1509 281/1534/1508 280/1536/1510
f 1212/1535/1509 280/1536/1510 1211/1537/1511
f 1211/1537/1511 280/1536/1510 279/1538/1512
f 1211/1537/1511 279/1538/1512 1210/1539/1513
f 279/1540/1514 278/1541/1515 1210/1542/1516
f 1210/1542/1516 278/1541/1515 1217/1543/1517
f 278/1544/1518 277/1545/1519 1217/1546/1520
f 1217/1546/1520 277/1545/1519 1218/1547/1521
f 277/1548/1522 276/1549/1523 1218/1550/1524
f 1218/1550/1524 276/1549/1523 275/1551/1525
f 1218/1550/1524 275/1551/1525 274/1552/1526
f 274/1552/1526 273/1553/1527 1218/1550/1524
f 1218/1550/1524 273/1553/1527 272/1554/1528
f 1218/1550/1524 272/1554/1528 271/1555/1529
f 271/1555/1529 270/1556/1530 1218/1550/1524
f 1218/1550/1524 270/1556/1530 269/1557/1531
f 1218/1550/1524 269/1557/1531 268/1558/1532
f 268/1558/1532 267/1559/1533 1218/1550/1524
f 1218/1550/1524 267/1559/1533 266/1560/1534
f 1218/1550/1524 266/1560/1534 1234/1561/1535
f 1234/1561/1535 266/1560/1534 265/1562/1536
f 1234/1561/1535 265/1562/1536 1233/1563/1537
f 1233/1563/1537 265/1562/1536 1232/1564/1538
f 1232/1564/1538 265/1562/1536 1231/1565/1539
f 1231/1565/1539 265/1562/1536 1230/1566/1540
f 1230/1566/1540 265/1562/1536 1229/1567/1541
f 1229/1567/1541 265/1562/1536 1228/1568/1542
f 1228/1568/1542 265/1562/1536 1227/1569/1543
f 1227/1569/1543 265/1562/1536 1226/1570/1544
f 1226/1570/1544 265/1562/1536 1225/1571/1545
f 1225/1571/1545 265/1562/1536 1224/1572/1546
f 1224/1572/1546 265/1562/1536 1223/1573/1547
f 1223/1573/1547 265/1562/1536 264/1574/1548
f 1223/1573/1547 264/1574/1548 1222/1575/1549
f 1222/1575/1549 264/1574/1548 263/1576/1550
f 1222/1575/1549 263/1576/1550 1221/1577/1551
f 1221/1577/1551 263/1576/1550 262/1578/1552
f 1221/1577/1551 262/1578/1552 1220/1579/1553
f 1220/1579/1553 262/1578/1552 261/1580/1554
f 1220/1579/1553 261/1580/1554 1219/1581/1555
f 261/1582/1556 260/1583/1557 1219/1584/1558
f 1219/1584/1558 260/1583/1557 1236/1585/1559
f 1236/1585/1559 260/1583/1557 259/1586/1560
f 1236/1585/1559 259/1586/1560 1235/1587/1561
f 259/1588/1562 258/1589/1563 1235/1590/1564
f 1235/1590/1564 258/1589/1563 1237/1591/1565
f 258/1592/1566 257/1593/1567 1237/1594/1568
f 1237/1594/1568 257/1593/1567 1239/1595/1569
f 1239/1595/1569 257/1593/1567 256/1596/1570
f 1239/1595/1569 256/1596/1570 1238/1597/1571
f 256/1598/1572 255/1599/1573 1238/1600/1574
f 1238/1600/1574 255/1599/1573 1240/1601/1575
f 255/1602/1576 254/1603/1577 1240/1604/1578
f 1240/1604/1578 254/1603/1577 1241/1605/1579
f 254/1606/1580 253/1607/1581 1241/1608/1582
f 1241/1608/1582 253/1607/1581 1242/1609/1583
f 1242/1610/1584 253/1611/1585 1255/1612/1586
f 1255/1612/1586 253/1611/1585 252/1613/1587
f 1255/1612/1586 252/1613/1587 251/1614/1588
f 1255/1612/1586 251/1614/1588 1254/1615/1589
f 1254/1615/1589 251/1614/1588 250/1616/1590
f 1254/1615/1589 250/1616/1590 1253/1617/1591
f 1253/1617/1591 250/1616/1590 249/1618/1592
f 1253/1617/1591 249/1618/1592 1252/1619/1593
f 1252/1619/1593 249/1618/1592 248/1620/1594
f 1252/1619/1593 248/1620/1594 1251/1621/1595
f 1251/1621/1595 248/1620/1594 247/1622/1596
f 1251/1621/1595 247/1622/1596 1250/1623/1597
f 1250/1623/1597 247/1622/1596 246/1624/1598
f 1250/1623/1597 246/1624/1598 1243/1625/1599
f 1243/1625/1599 1244/1626/1600 1250/1623/1597
f 1250/1623/1597 1244/1626/1600 1245/1627/1601
f 1250/1623/1597 1245/1627/1601 1251/1621/1595
f 1251/1621/1595 1245/1627/1601 1246/1628/1602
f 1251/1621/1595 1246/1628/1602 1252/1619/1593
f 1252/1619/1593 1246/1628/1602 1247/1629/1603
f 1252/1619/1593 1247/1629/1603 1253/1617/1591
f 1253/1617/1591 1247/1629/1603 1248/1630/1604
f 1253/1617/1591 1248/1630/1604 1254/1615/1589
f 1254/1615/1589 1248/1630/1604 1249/1631/1605
f 1254/1615/1589 1249/1631/1605 1255/1612/1586
f 1255/1612/1586 1249/1631/1605 1242/1610/1584
f 246/1632/1606 245/1633/1607 1243/1634/1608
f 1243/1634/1608 245/1633/1607 1259/1635/1609
f 1259/1635/1609 245/1633/1607 244/1636/1610
f 1259/1635/1609 244/1636/1610 1258/1637/1611
f 1258/1637/1611 244/1636/1610 243/1638/1612
f 1258/1637/1611 243/1638/1612 1257/1639/1613
f 1257/1639/1613 243/1638/1612 242/1640/1614
f 1257/1639/1613 242/1640/1614 1256/1641/1615
f 242/1642/1616 241/1643/1617 1256/1644/1618
f 1256/1644/1618 241/1643/1617 1261/1645/1619
f 1261/1645/1619 241/1643/1617 240/1646/1620
f 1261/1645/1619 240/1646/1620 1260/1647/1621
f 240/1648/1622 239/1649/1623 1260/1650/1624
f 1260/1650/1624 239/1649/1623 238/1651/1625
f 1260/1650/1624 238/1651/1625 237/1652/1626
f 237/1652/1626 236/1653/1627 1260/1650/1624
f 1260/1650/1624 236/1653/1627 1270/1654/1628
f 1270/1654/1628 236/1653/1627 1269/1655/1629
f 1269/1655/1629 236/1653/1627 1268/1656/1630
f 1268/1656/1630 236/1653/1627 1267/1657/1631
f 1267/1657/1631 236/1653/1627 235/1658/1632
f 1267/1657/1631 235/1658/1632 1266/1659/1633
f 1266/1659/1633 235/1658/1632 234/1660/1634
f 1266/1659/1633 234/1660/1634 1265/1661/1635
f 1265/1661/1635 234/1660/1634 233/1662/1636
f 1265/1661/1635 233/1662/1636 1264/1663/1637
f 1264/1663/1637 233/1662/1636 232/1664/1638
f 1264/1663/1637 232/1664/1638 1263/1665/1639
f 1263/1665/1639 232/1664/1638 231/1666/1640
f 1263/1665/1639 231/1666/1640 1262/1667/1641
f 231/1668/1642 230/1669/1643 1262/1670/1644
f 1262/1670/1644 230/1669/1643 1271/1671/1645
f 230/1672/1646 229/1673/1647 1271/1674/1648
f 1271/1674/1648 229/1673/1647 1273/1675/1649
f 1273/1675/1649 229/1673/1647 228/1676/1650
f 1273/1675/1649 228/1676/1650 1272/1677/1651
f 228/1678/1652 227/1679/1653 1272/1680/1654
f 1272/1680/1654 227/1679/1653 1275/1681/1655
f 1275/1681/1655 227/1679/1653 226/1682/1656
f 1275/1681/1655 226/1682/1656 1274/1683/1657
f 226/1684/1658 225/1685/1659 1274/1686/1660
f 1274/1686/1660 225/1685/1659 1277/1687/1661
f 1277/1687/1661 225/1685/1659 224/1688/1662
f 1277/1687/1661 224/1688/1662 1276/1689/1663
f 224/1690/1664 223/1691/1665 1276/1692/1666
f 1276/1692/1666 223/1691/1665 1279/1693/1667
f 1279/1693/1667 223/1691/1665 222/1694/1668
f 1279/1693/1667 222/1694/1668 1278/1695/1669
f 222/1696/1670 221/1697/1671 1278/1698/1672
f 1278/1698/1672 221/1697/1671 1286/1699/1673
f 1286/1699/1673 221/1697/1671 220/1700/1674
f 1286/1699/1673 220/1700/1674 1285/1701/1675
f 1285/1701/1675 220/1700/1674 219/1702/1676
f 1285/1701/1675 219/1702/1676 1284/1703/1677
f 1284/1703/1677 219/1702/1676 218/1704/1678
f 1284/1703/1677 218/1704/1678 1283/1705/1679
f 1283/1705/1679 218/1704/1678 217/1706/1680
f 1283/1705/1679 217/1706/1680 1282/1707/1681
f 1282/1707/1681 217/1706/1680 216/1708/1682
f 1282/1707/1681 216/1708/1682 1281/1709/1683
f 1281/1709/1683 216/1708/1682 215/1710/1684
f 1281/1709/1683 215/1710/1684 1280/1711/1685
f 215/1712/1686 214/1713/1687 1280/1714/1688
f 1280/1714/1688 214/1713/1687 1288/1715/1689
f 1288/1715/1689 214/1713/1687 213/1716/1690
f 1288/1715/1689 213/1716/1690 1287/1717/1691
f 213/1718/1692 212/1719/1693 1287/1720/1694
f 1287/1720/1694 212/1719/1693 1293/1721/1695
f 1293/1721/1695 212/1719/1693 211/1722/1696
f 1293/1721/1695 211/1722/1696 1292/1723/1697
f 1292/1723/1697 211/1722/1696 210/1724/1698
f 1292/1723/1697 210/1724/1698 1291/1725/1699
f 1291/1725/1699 210/1724/1698 209/1726/1700
f 1291/1725/1699 209/1726/1700 1290/1727/1701
f 1290/1727/1701 209/1726/1700 208/1728/1702
f 1290/1727/1701 208/1728/1702 1289/1729/1703
f 208/1730/1704 207/1731/1705 1289/1732/1706
f 1289/1732/1706 207/1731/1705 1294/1733/1707
f 207/1734/1708 206/1735/1709 1294/1736/1710
f 1294/1736/1710 206/1735/1709 1295/1737/1711
f 206/1738/1712 205/1739/1713 1295/1740/1714
f 1295/1740/1714 205/1739/1713 1296/1741/1715
f 205/1742/1713 204/1743/1716 1296/1744/1715
f 1296/1744/1715 204/1743/1716 1297/1745/1717
f 204/1746/1718 203/1747/1719 1297/1748/1720
f 1297/1748/1720 203/1747/1719 1298/1749/1721
f 203/1750/1722 202/1751/1723 1298/1752/1724
f 1298/1752/1724 202/1751/1723 1301/1753/1725
f 1301/1753/1725 202/1751/1723 201/1754/1726
f 1301/1753/1725 201/1754/1726 1300/1755/1727
f 1300/1755/1727 201/1754/1726 200/1756/1728
f 1300/1755/1727 200/1756/1728 1299/1757/1729
f 200/1758/1730 199/1759/1731 1299/1760/1732
f 1299/1760/1732 199/1759/1731 1302/1761/1733
f 199/1762/1734 198/1763/1735 1302/1764/1736
f 1302/1764/1736 198/1763/1735 1303/1765/1737
f 198/1766/1738 197/1767/1739 1303/1768/1740
f 1303/1768/1740 197/1767/1739 1305/1769/1741
f 1305/1769/1741 197/1767/1739 196/1770/1742
f 1305/1769/1741 196/1770/1742 1304/1771/1743
f 196/1772/1744 195/1773/1745 1304/1774/1746
f 1304/1774/1746 195/1773/1745 1306/1775/1747
f 195/1776/1748 194/1777/1749 1306/1778/1750
f 1306/1778/1750 194/1777/1749 1307/1779/1751
f 194/1780/1752 193/1781/1753 1307/1782/1754
f 1307/1782/1754 193/1781/1753 1308/1783/1755
f 193/1784/1756 192/1785/1757 1308/1786/1758
f 1308/1786/1758 192/1785/1757 1309/1787/1759
f 192/1788/1760 191/1789/1761 1309/1790/1762
f 1309/1790/1762 191/1789/1761 1311/1791/1763
f 1311/1791/1763 191/1789/1761 190/1792/1764
f 1311/1791/1763 190/1792/1764 1310/1793/1765
f 190/1794/1766 189/1795/1767 1310/1796/1768
f 1310/1796/1768 189/1795/1767 1312/1797/1769
f 189/1798/1770 188/1799/1771 1312/1800/1772
f 1312/1800/1772 188/1799/1771 187/1801/1773
f 1312/1800/1772 187/1801/1773 186/1802/1774
f 186/1802/1774 185/1803/1775 1312/1800/1772
f 1312/1800/1772 185/1803/1775 184/1804/1776
f 1312/1800/1772 184/1804/1776 183/1805/1777
f 183/1805/1777 182/1806/1778 1312/1800/1772
f 1312/1800/1772 182/1806/1778 1324/1807/1779
f 1324/1807/1779 182/1806/1778 1323/1808/1780
f 1323/1808/1780 182/1806/1778 1322/1809/1781
f 1322/1809/1781 182/1806/1778 1321/1810/1782
f 1321/1810/1782 182/1806/1778 1320/1811/1783
f 1320/1811/1783 182/1806/1778 181/1812/1784
f 1320/1811/1783 181/1812/1784 1319/1813/1785
f 1319/1813/1785 181/1812/1784 1318/1814/1786
f 1318/1814/1786 181/1812/1784 1317/1815/1787
f 1317/1815/1787 181/1812/1784 180/1816/1788
f 1317/1815/1787 180/1816/1788 1316/1817/1789
f 1316/1817/1789 180/1816/1788 179/1818/1790
f 1316/1817/1789 179/1818/1790 1315/1819/1791
f 1315/1819/1791 179/1818/1790 178/1820/1792
f 1315/1819/1791 178/1820/1792 1314/1821/1793
f 1314/1821/1793 178/1820/1792 177/1822/1794
f 1314/1821/1793 177/1822/1794 1313/1823/1795
f 177/1824/1796 176/1825/1797 1313/1826/1798
f 1313/1826/1798 176/1825/1797 453/1827/1799
f 1326/1828/1800 1331/1829/1801 1325/1830/1802
f 1325/1830/1802 1331/1829/1801 1332/1831/1803
f 1325/1830/1802 1332/1831/1803 1329/1832/1804
f 1326/1828/1800 1327/1833/1805 1331/1829/1801
f 1331/1829/1801 1327/1833/1805 1330/1834/1806
f 1330/1834/1806 1327/1833/1805 1328/1835/1807
f 1330/1834/1806 1328/1835/1807 1329/1832/1804
f 1329/1832/1804 1328/1835/1807 1325/1830/1802
f 1325/1836/1808 172/1837/1809 1326/1838/1810
f 1326/1838/1810 172/1837/1809 171/1839/1811
f 1326/1840/1812 171/1841/1813 1327/1842/1814
f 1327/1842/1814 171/1841/1813 174/1843/1815
f 1327/1844/1816 174/1845/1817 1328/1846/1818
f 1328/1846/1818 174/1845/1817 173/1847/1819
f 1328/1848/1820 173/1849/1821 1325/1850/1822
f 1325/1850/1822 173/1849/1821 172/1851/1823
f 1329/1852/1824 1333/1853/1825 1330/1854/1826
f 1330/1854/1826 1333/1853/1825 1334/1855/1827
f 1330/1856/1828 1334/1857/1829 1331/1858/1830
f 1331/1858/1830 1334/1857/1829 1335/1859/1831
f 1331/1860/1832 1335/1861/1833 1332/1862/1834
f 1332/1862/1834 1335/1861/1833 1336/1863/1835
f 1332/1864/1836 1336/1865/1837 1329/1866/1838
f 1329/1866/1838 1336/1865/1837 1333/1867/1839
f 1338/1868/1840 1402/1869/1841 1337/1870/1842
f 1337/1870/1842 1402/1869/1841 1403/1871/1843
f 1337/1870/1842 1403/1871/1843 1404/1872/1844
f 1402/1869/1841 1338/1868/1840 1401/1873/1845
f 1401/1873/1845 1338/1868/1840 1339/1874/1846
f 1401/1873/1845 1339/1874/1846 1400/1875/1847
f 1400/1875/1847 1339/1874/1846 1340/1876/1848
f 1400/1875/1847 1340/1876/1848 1399/1877/1849
f 1399/1877/1849 1340/1876/1848 1341/1878/1850
f 1399/1877/1849 1341/1878/1850 1398/1879/1851
f 1398/1879/1851 1341/1878/1850 1397/1880/1852
f 1397/1880/1852 1341/1878/1850 1342/1881/1853
f 1397/1880/1852 1342/1881/1853 1396/1882/1854
f 1396/1882/1854 1342/1881/1853 1395/1883/1855
f 1395/1883/1855 1342/1881/1853 1343/1884/1856
f 1395/1883/1855 1343/1884/1856 1394/1885/1857
f 1394/1885/1857 1343/1884/1856 1344/1886/1858
f 1394/1885/1857 1344/1886/1858 1393/1887/1859
f 1393/1887/1859 1344/1886/1858 1345/1888/1860
f 1393/1887/1859 1345/1888/1860 1392/1889/1861
f 1392/1889/1861 1345/1888/1860 1346/1890/1862
f 1392/1889/1861 1346/1890/1862 1391/1891/1863
f 1391/1891/1863 1346/1890/1862 1390/1892/1864
f 1390/1892/1864 1346/1890/1862 1347/1893/1865
f 1390/1892/1864 1347/1893/1865 1389/1894/1866
f 1389/1894/1866 1347/1893/1865 1348/1895/1867
f 1389/1894/1866 1348/1895/1867 1388/1896/1868
f 1388/1896/1868 1348/1895/1867 1349/1897/1869
f 1388/1896/1868 1349/1897/1869 1387/1898/1870
f 1387/1898/1870 1349/1897/1869 1386/1899/1871
f 1386/1899/1871 1349/1897/1869 1350/1900/1872
f 1386/1899/1871 1350/1900/1872 1444/1901/1873
f 1444/1901/1873 1350/1900/1872 1351/1902/1874
f 1444/1901/1873 1351/1902/1874 1443/1903/1875
f 1443/1903/1875 1351/1902/1874 1352/1904/1876
f 1443/1903/1875 1352/1904/1876 1442/1905/1877
f 1442/1905/1877 1352/1904/1876 1353/1906/1878
f 1442/1905/1877 1353/1906/1878 1441/1907/1879
f 1441/1907/1879 1353/1906/1878 1440/1908/1880
f 1440/1908/1880 1353/1906/1878 1354/1909/1881
f 1440/1908/1880 1354/1909/1881 1439/1910/1882
f 1439/1910/1882 1354/1909/1881 1438/1911/1883
f 1438/1911/1883 1354/1909/1881 1355/1912/1884
f 1438/1911/1883 1355/1912/1884 1437/1913/1885
f 1437/1913/1885 1355/1912/1884 1436/1914/1886
f 1436/1914/1886 1355/1912/1884 1356/1915/1887
f 1436/1914/1886 1356/1915/1887 1435/1916/1888
f 1435/1916/1888 1356/1915/1887 1434/1917/1889
f 1434/1917/1889 1356/1915/1887 1357/1918/1890
f 1434/1917/1889 1357/1918/1890 1433/1919/1891
f 1433/1919/1891 1357/1918/1890 1432/1920/1892
f 1432/1920/1892 1357/1918/1890 1358/1921/1893
f 1432/1920/1892 1358/1921/1893 1431/1922/1894
f 1431/1922/1894 1358/1921/1893 1359/1923/1895
f 1431/1922/1894 1359/1923/1895 1430/1924/1896
f 1430/1924/1896 1359/1923/1895 1360/1925/1897
f 1430/1924/1896 1360/1925/1897 1429/1926/1898
f 1429/1926/1898 1360/1925/1897 1361/1927/1899
f 1429/1926/1898 1361/1927/1899 1428/1928/1900
f 1428/1928/1900 1361/1927/1899 1362/1929/1901
f 1428/1928/1900 1362/1929/1901 1427/1930/1902
f 1427/1930/1902 1362/1929/1901 1363/1931/1903
f 1427/1930/1902 1363/1931/1903 1426/1932/1904
f 1426/1932/1904 1363/1931/1903 1364/1933/1905
f 1426/1932/1904 1364/1933/1905 1365/1934/1906
f 1426/1932/1904 1365/1934/1906 1425/1935/1907
f 1425/1935/1907 1365/1934/1906 1366/1936/1908
f 1425/1935/1907 1366/1936/1908 1367/1937/1909
f 1425/1935/1907 1367/1937/1909 1424/1938/1910
f 1424/1938/1910 1367/1937/1909 1368/1939/1911
f 1424/1938/1910 1368/1939/1911 1369/1940/1912
f 1424/1938/1910 1369/1940/1912 1423/1941/1913
f 1423/1941/1913 1369/1940/1912 1370/1942/1914
f 1423/1941/1913 1370/1942/1914 1371/1943/1915
f 1423/1941/1913 1371/1943/1915 1422/1944/1916
f 1422/1944/1916 1371/1943/1915 1372/1945/1917
f 1422/1944/1916 1372/1945/1917 1421/1946/1918
f 1421/1946/1918 1372/1945/1917 1373/1947/1919
f 1421/1946/1918 1373/1947/1919 1374/1948/1920
f 1421/1946/1918 1374/1948/1920 1420/1949/1921
f 1420/1949/1921 1374/1948/1920 1375/1950/1922
f 1420/1949/1921 1375/1950/1922 1419/1951/1923
f 1419/1951/1923 1375/1950/1922 1376/1952/1924
f 1419/1951/1923 1376/1952/1924 1418/1953/1925
f 1418/1953/1925 1376/1952/1924 1417/1954/1926
f 1417/1954/1926 1376/1952/1924 1377/1955/1927
f 1417/1954/1926 1377/1955/1927 1416/1956/1928
f 1416/1956/1928 1377/1955/1927 1378/1957/1929
f 1416/1956/1928 1378/1957/1929 1415/1958/1930
f 1415/1958/1930 1378/1957/1929 1379/1959/1931
f 1415/1958/1930 1379/1959/1931 1414/1960/1932
f 1414/1960/1932 1379/1959/1931 1380/1961/1933
f 1414/1960/1932 1380/1961/1933 1381/1962/1934
f 1414/1960/1932 1381/1962/1934 1413/1963/1935
f 1413/1963/1935 1381/1962/1934 1382/1964/1936
f 1413/1963/1935 1382/1964/1936 1412/1965/1937
f 1412/1965/1937 1382/1964/1936 1383/1966/1938
f 1412/1965/1937 1383/1966/1938 1384/1967/1939
f 1412/1965/1937 1384/1967/1939 1411/1968/1940
f 1411/1968/1940 1384/1967/1939 1385/1969/1941
f 1411/1968/1940 1385/1969/1941 1446/1970/1942
f 1446/1970/1942 1385/1969/1941 1386/1899/1871
f 1446/1970/1942 1386/1899/1871 1445/1971/1943
f 1445/1971/1943 1386/1899/1871 1444/1901/1873
f 1337/1870/1842 1404/1872/1844 1410/1972/1944
f 1410/1972/1944 1404/1872/1844 1405/1973/1945
f 1410/1972/1944 1405/1973/1945 1409/1974/1946
f 1409/1974/1946 1405/1973/1945 1406/1975/1947
f 1409/1974/1946 1406/1975/1947 1408/1976/1948
f 1408/1976/1948 1406/1975/1947 1407/1977/1949
f 1341/1978/1950 1340/1979/1951 1451/1980/1952
f 1451/1980/1952 1340/1979/1951 1450/1981/1953
f 1450/1981/1953 1340/1979/1951 1339/1982/1954
f 1450/1981/1953 1339/1982/1954 1449/1983/1955
f 1449/1983/1955 1339/1982/1954 1338/1984/1956
f 1449/1983/1955 1338/1984/1956 1448/1985/1957
f 1448/1985/1957 1338/1984/1956 1337/1986/1958
f 1448/1985/1957 1337/1986/1958 1447/1987/1959
f 1346/1988/1960 1345/1989/1961 1456/1990/1962
f 1456/1990/1962 1345/1989/1961 1455/1991/1963
f 1455/1991/1963 1345/1989/1961 1344/1992/1964
f 1455/1991/1963 1344/1992/1964 1454/1993/1965
f 1454/1993/1965 1344/1992/1964 1343/1994/1966
f 1454/1993/1965 1343/1994/1966 1453/1995/1967
f 1453/1995/1967 1343/1994/1966 1342/1996/1968
f 1453/1995/1967 1342/1996/1968 1452/1997/1969
f 1452/1997/1969 1342/1996/1968 1341/1998/1970
f 1452/1997/1969 1341/1998/1970 1451/1999/1971
f 1350/2000/1972 1349/2001/1973 1460/2002/1974
f 1460/2002/1974 1349/2001/1973 1459/2003/1975
f 1459/2003/1975 1349/2001/1973 1348/2004/1976
f 1459/2003/1975 1348/2004/1976 1458/2005/1977
f 1458/2005/1977 1348/2004/1976 1347/2006/1978
f 1458/2005/1977 1347/2006/1978 1457/2007/1979
f 1457/2007/1979 1347/2006/1978 1346/2008/1980
f 1457/2007/1979 1346/2008/1980 1456/2009/1981
f 1354/2010/1982 1353/2011/1983 1464/2012/1984
f 1464/2012/1984 1353/2011/1983 1463/2013/1985
f 1463/2013/1985 1353/2011/1983 1352/2014/1986
f 1463/2013/1985 1352/2014/1986 1462/2015/1987
f 1462/2015/1987 1352/2014/1986 1351/2016/1988
f 1462/2015/1987 1351/2016/1988 1461/2017/1989
f 1461/2017/1989 1351/2016/1988 1350/2018/1990
f 1461/2017/1989 1350/2018/1990 1460/2019/1991
f 1358/2020/1992 1357/2021/1993 1468/2022/1994
f 1468/2022/1994 1357/2021/1993 1467/2023/1995
f 1467/2023/1995 1357/2021/1993 1356/2024/1996
f 1467/2023/1995 1356/2024/1996 1466/2025/1997
f 1466/2025/1997 1356/2024/1996 1355/2026/1998
f 1466/2025/1997 1355/2026/1998 1465/2027/1999
f 1465/2027/1999 1355/2026/1998 1354/2028/2000
f 1465/2027/1999 1354/2028/2000 1464/2029/2001
f 1362/2030/2002 1361/2031/2003 1472/2032/2004
f 1472/2032/2004 1361/2031/2003 1471/2033/2005
f 1471/2033/2005 1361/2031/2003 1360/2034/2006
f 1471/2033/2005 1360/2034/2006 1470/2035/2007
f 1470/2035/2007 1360/2034/2006 1359/2036/2008
f 1470/2035/2007 1359/2036/2008 1469/2037/2009
f 1469/2037/2009 1359/2036/2008 1358/2038/2010
f 1469/2037/2009 1358/2038/2010 1468/2039/2011
f 1366/2040/2012 1365/2041/2013 1476/2042/2014
f 1476/2042/2014 1365/2041/2013 1475/2043/2015
f 1475/2043/2015 1365/2041/2013 1364/2044/2016
f 1475/2043/2015 1364/2044/2016 1474/2045/2017
f 1474/2045/2017 1364/2044/2016 1363/2046/2018
f 1474/2045/2017 1363/2046/2018 1473/2047/2019
f 1473/2047/2019 1363/2046/2018 1362/2048/2020
f 1473/2047/2019 1362/2048/2020 1472/2049/2021
f 1370/2050/2022 1369/2051/2023 1480/2052/2024
f 1480/2052/2024 1369/2051/2023 1479/2053/2025
f 1479/2053/2025 1369/2051/2023 1368/2054/2026
f 1479/2053/2025 1368/2054/2026 1478/2055/2027
f 1478/2055/2027 1368/2054/2026 1367/2056/2028
f 1478/2055/2027 1367/2056/2028 1477/2057/2029
f 1477/2057/2029 1367/2056/2028 1366/2058/2030
f 1477/2057/2029 1366/2058/2030 1476/2059/2031
f 1374/2060/2032 1373/2061/2033 1484/2062/2034
f 1484/2062/2034 1373/2061/2033 1483/2063/2035
f 1483/2063/2035 1373/2061/2033 1372/2064/2036
f 1483/2063/2035 1372/2064/2036 1482/2065/2037
f 1482/2065/2037 1372/2064/2036 1371/2066/2038
f 1482/2065/2037 1371/2066/2038 1481/2067/2039
f 1481/2067/2039 1371/2066/2038 1370/2068/2040
f 1481/2067/2039 1370/2068/2040 1480/2069/2041
f 1378/2070/2042 1377/2071/2043 1488/2072/2044
f 1488/2072/2044 1377/2071/2043 1487/2073/2045
f 1487/2073/2045 1377/2071/2043 1376/2074/2046
f 1487/2073/2045 1376/2074/2046 1486/2075/2047
f 1486/2075/2047 1376/2074/2046 1375/2076/2048
f 1486/2075/2047 1375/2076/2048 1485/2077/2049
f 1485/2077/2049 1375/2076/2048 1374/2078/2050
f 1485/2077/2049 1374/2078/2050 1484/2079/2051
f 1382/2080/2052 1381/2081/2053 1492/2082/2054
f 1492/2082/2054 1381/2081/2053 1491/2083/2055
f 1491/2083/2055 1381/2081/2053 1380/2084/2056
f 1491/2083/2055 1380/2084/2056 1490/2085/2057
f 1490/2085/2057 1380/2084/2056 1379/2086/2058
f 1490/2085/2057 1379/2086/2058 1489/2087/2059
f 1489/2087/2059 1379/2086/2058 1378/2088/2060
f 1489/2087/2059 1378/2088/2060 1488/2089/2061
f 1386/2090/2062 1385/2091/2063 1496/2092/2064
f 1496/2092/2064 1385/2091/2063 1495/2093/2065
f 1495/2093/2065 1385/2091/2063 1384/2094/2066
f 1495/2093/2065 1384/2094/2066 1494/2095/2067
f 1494/2095/2067 1384/2094/2066 1383/2096/2068
f 1494/2095/2067 1383/2096/2068 1493/2097/2069
f 1493/2097/2069 1383/2096/2068 1382/2098/2070
f 1493/2097/2069 1382/2098/2070 1492/2099/2071
f 1390/2100/2072 1389/2101/2073 1500/2102/2074
f 1500/2102/2074 1389/2101/2073 1499/2103/2075
f 1499/2103/2075 1389/2101/2073 1388/2104/2076
f 1499/2103/2075 1388/2104/2076 1498/2105/2077
f 1498/2105/2077 1388/2104/2076 1387/2106/2078
f 1498/2105/2077 1387/2106/2078 1497/2107/2079
f 1497/2107/2079 1387/2106/2078 1386/2108/2080
f 1497/2107/2079 1386/2108/2080 1496/2109/2081
f 1394/2110/2082 1393/2111/2083 1504/2112/2084
f 1504/2112/2084 1393/2111/2083 1503/2113/2085
f 1503/2113/2085 1393/2111/2083 1392/2114/2086
f 1503/2113/2085 1392/2114/2086 1502/2115/2087
f 1502/2115/2087 1392/2114/2086 1391/2116/2088
f 1502/2115/2087 1391/2116/2088 1501/2117/2089
f 1501/2117/2089 1391/2116/2088 1390/2118/2090
f 1501/2117/2089 1390/2118/2090 1500/2119/2091
f 1398/2120/2092 1397/2121/2093 1508/2122/2094
f 1508/2122/2094 1397/2121/2093 1507/2123/2095
f 1507/2123/2095 1397/2121/2093 1396/2124/2096
f 1507/2123/2095 1396/2124/2096 1506/2125/2097
f 1506/2125/2097 1396/2124/2096 1395/2126/2098
f 1506/2125/2097 1395/2126/2098 1505/2127/2099
f 1505/2127/2099 1395/2126/2098 1394/2128/2100
f 1505/2127/2099 1394/2128/2100 1504/2129/2101
f 1402/2130/2102 1401/2131/2103 1512/2132/2104
f 1512/2132/2104 1401/2131/2103 1511/2133/2105
f 1511/2133/2105 1401/2131/2103 1400/2134/2106
f 1511/2133/2105 1400/2134/2106 1510/2135/2107
f 1510/2135/2107 1400/2134/2106 1399/2136/2108
f 1510/2135/2107 1399/2136/2108 1509/2137/2109
f 1509/2137/2109 1399/2136/2108 1398/2138/2110
f 1509/2137/2109 1398/2138/2110 1508/2139/2111
f 1406/2140/2112 1405/2141/2113 1516/2142/2114
f 1516/2142/2114 1405/2141/2113 1515/2143/2115
f 1515/2143/2115 1405/2141/2113 1404/2144/2116
f 1515/2143/2115 1404/2144/2116 1514/2145/2117
f 1514/2145/2117 1404/2144/2116 1403/2146/2118
f 1514/2145/2117 1403/2146/2118 1513/2147/2119
f 1513/2147/2119 1403/2146/2118 1402/2148/2120
f 1513/2147/2119 1402/2148/2120 1512/2149/2121
f 1406/2150/2122 1516/2151/2123 1407/2152/2124
f 1407/2152/2124 1516/2151/2123 1517/2153/2125
f 1337/2154/2126 1410/2155/2127 1447/2156/2128
f 1447/2156/2128 1410/2155/2127 1520/2157/2129
f 1520/2157/2129 1410/2155/2127 1409/2158/2130
f 1520/2157/2129 1409/2158/2130 1519/2159/2131
f 1519/2159/2131 1409/2158/2130 1408/2160/2132
f 1519/2159/2131 1408/2160/2132 1518/2161/2133
f 1518/2161/2133 1408/2160/2132 1407/2162/2134
f 1518/2161/2133 1407/2162/2134 1517/2163/2135
f 1415/2164/2136 1414/2165/2137 1525/2166/2138
f 1525/2166/2138 1414/2165/2137 1524/2167/2139
f 1524/2167/2139 1414/2165/2137 1413/2168/2140
f 1524/2167/2139 1413/2168/2140 1523/2169/2141
f 1523/2169/2141 1413/2168/2140 1412/2170/2142
f 1523/2169/2141 1412/2170/2142 1522/2171/2143
f 1522/2171/2143 1412/2170/2142 1411/2172/2144
f 1522/2171/2143 1411/2172/2144 1521/2173/2145
f 1419/2174/2146 1418/2175/2147 1529/2176/2148
f 1529/2176/2148 1418/2175/2147 1528/2177/2149
f 1528/2177/2149 1418/2175/2147 1417/2178/2150
f 1528/2177/2149 1417/2178/2150 1527/2179/2151
f 1527/2179/2151 1417/2178/2150 1416/2180/2152
f 1527/2179/2151 1416/2180/2152 1526/2181/2153
f 1526/2181/2153 1416/2180/2152 1415/2182/2154
f 1526/2181/2153 1415/2182/2154 1525/2183/2155
f 1423/2184/2156 1422/2185/2157 1533/2186/2158
f 1533/2186/2158 1422/2185/2157 1532/2187/2159
f 1532/2187/2159 1422/2185/2157 1421/2188/2160
f 1532/2187/2159 1421/2188/2160 1531/2189/2161
f 1531/2189/2161 1421/2188/2160 1420/2190/2162
f 1531/2189/2161 1420/2190/2162 1530/2191/2163
f 1530/2191/2163 1420/2190/2162 1419/2192/2164
f 1530/2191/2163 1419/2192/2164 1529/2193/2165
f 1427/2194/2166 1426/2195/2167 1537/2196/2168
f 1537/2196/2168 1426/2195/2167 1536/2197/2169
f 1536/2197/2169 1426/2195/2167 1425/2198/2170
f 1536/2197/2169 1425/2198/2170 1535/2199/2171
f 1535/2199/2171 1425/2198/2170 1424/2200/2172
f 1535/2199/2171 1424/2200/2172 1534/2201/2173
f 1534/2201/2173 1424/2200/2172 1423/2202/2174
f 1534/2201/2173 1423/2202/2174 1533/2203/2175
f 1431/2204/2176 1430/2205/2177 1541/2206/2178
f 1541/2206/2178 1430/2205/2177 1540/2207/2179
f 1540/2207/2179 1430/2205/2177 1429/2208/2180
f 1540/2207/2179 1429/2208/2180 1539/2209/2181
f 1539/2209/2181 1429/2208/2180 1428/2210/2182
f 1539/2209/2181 1428/2210/2182 1538/2211/2183
f 1538/2211/2183 1428/2210/2182 1427/2212/2184
f 1538/2211/2183 1427/2212/2184 1537/2213/2185
f 1435/2214/2186 1434/2215/2187 1545/2216/2188
f 1545/2216/2188 1434/2215/2187 1544/2217/2189
f 1544/2217/2189 1434/2215/2187 1433/2218/2190
f 1544/2217/2189 1433/2218/2190 1543/2219/2191
f 1543/2219/2191 1433/2218/2190 1432/2220/2192
f 1543/2219/2191 1432/2220/2192 1542/2221/2193
f 1542/2221/2193 1432/2220/2192 1431/2222/2194
f 1542/2221/2193 1431/2222/2194 1541/2223/2195
f 1439/2224/2196 1438/2225/2197 1549/2226/2198
f 1549/2226/2198 1438/2225/2197 1548/2227/2199
f 1548/2227/2199 1438/2225/2197 1437/2228/2200
f 1548/2227/2199 1437/2228/2200 1547/2229/2201
f 1547/2229/2201 1437/2228/2200 1436/2230/2202
f 1547/2229/2201 1436/2230/2202 1546/2231/2203
f 1546/2231/2203 1436/2230/2202 1435/2232/2204
f 1546/2231/2203 1435/2232/2204 1545/2233/2205
f 1443/2234/2206 1442/2235/2207 1553/2236/2208
f 1553/2236/2208 1442/2235/2207 1552/2237/2209
f 1552/2237/2209 1442/2235/2207 1441/2238/2210
f 1552/2237/2209 1441/2238/2210 1551/2239/2211
f 1551/2239/2211 1441/2238/2210 1440/2240/2212
f 1551/2239/2211 1440/2240/2212 1550/2241/2213
f 1550/2241/2213 1440/2240/2212 1439/2242/2214
f 1550/2241/2213 1439/2242/2214 1549/2243/2215
f 1411/2244/2216 1446/2245/2217 1521/2246/2218
f 1521/2246/2218 1446/2245/2217 1556/2247/2219
f 1556/2247/2219 1446/2245/2217 1445/2248/2220
f 1556/2247/2219 1445/2248/2220 1555/2249/2221
f 1555/2249/2221 1445/2248/2220 1444/2250/2222
f 1555/2249/2221 1444/2250/2222 1554/2251/2223
f 1554/2251/2223 1444/2250/2222 1443/2252/2224
f 1554/2251/2223 1443/2252/2224 1553/2253/2225
f 1558/2254/2226 1626/2255/2227 1557/2256/2228
f 1557/2256/2228 1626/2255/2227 1627/2257/2229
f 1557/2256/2228 1627/2257/2229 1628/2258/2230
f 1626/2255/2227 1558/2254/2226 1625/2259/2231
f 1625/2259/2231 1558/2254/2226 1559/2260/2232
f 1625/2259/2231 1559/2260/2232 1624/2261/2233
f 1624/2261/2233 1559/2260/2232 1560/2262/2234
f 1624/2261/2233 1560/2262/2234 1623/2263/2235
f 1623/2263/2235 1560/2262/2234 1561/2264/2236
f 1623/2263/2235 1561/2264/2236 1622/2265/2237
f 1622/2265/2237 1561/2264/2236 1562/2266/2238
f 1622/2265/2237 1562/2266/2238 1621/2267/2239
f 1621/2267/2239 1562/2266/2238 1563/2268/2240
f 1621/2267/2239 1563/2268/2240 1620/2269/2241
f 1620/2269/2241 1563/2268/2240 1564/2270/2242
f 1620/2269/2241 1564/2270/2242 1619/2271/2243
f 1619/2271/2243 1564/2270/2242 1618/2272/2244
f 1618/2272/2244 1564/2270/2242 1565/2273/2245
f 1618/2272/2244 1565/2273/2245 1617/2274/2246
f 1617/2274/2246 1565/2273/2245 1566/2275/2247
f 1617/2274/2246 1566/2275/2247 1616/2276/2248
f 1616/2276/2248 1566/2275/2247 1567/2277/2249
f 1616/2276/2248 1567/2277/2249 1615/2278/2250
f 1615/2278/2250 1567/2277/2249 1568/2279/2251
f 1615/2278/2250 1568/2279/2251 1614/2280/2252
f 1614/2280/2252 1568/2279/2251 1569/2281/2253
f 1614/2280/2252 1569/2281/2253 1613/2282/2254
f 1613/2282/2254 1569/2281/2253 1570/2283/2255
f 1613/2282/2254 1570/2283/2255 1612/2284/2256
f 1612/2284/2256 1570/2283/2255 1571/2285/2257
f 1612/2284/2256 1571/2285/2257 1572/2286/2258
f 1612/2284/2256 1572/2286/2258 1611/2287/2259
f 1611/2287/2259 1572/2286/2258 1573/2288/2260
f 1611/2287/2259 1573/2288/2260 1574/2289/2261
f 1574/2289/2261 1575/2290/2262 1611/2287/2259
f 1611/2287/2259 1575/2290/2262 1610/2291/2263
f 1610/2291/2263 1575/2290/2262 1576/2292/2264
f 1610/2291/2263 1576/2292/2264 1577/2293/2265
f 1577/2293/2265 1578/2294/2266 1610/2291/2263
f 1610/2291/2263 1578/2294/2266 1609/2295/2267
f 1609/2295/2267 1578/2294/2266 1579/2296/2268
f 1609/2295/2267 1579/2296/2268 1580/2297/2269
f 1609/2295/2267 1580/2297/2269 1608/2298/2270
f 1608/2298/2270 1580/2297/2269 1581/2299/2271
f 1608/2298/2270 1581/2299/2271 1582/2300/2272
f 1608/2298/2270 1582/2300/2272 1607/2301/2273
f 1607/2301/2273 1582/2300/2272 1583/2302/2274
f 1607/2301/2273 1583/2302/2274 1584/2303/2275
f 1607/2301/2273 1584/2303/2275 1606/2304/2276
f 1606/2304/2276 1584/2303/2275 1585/2305/2277
f 1606/2304/2276 1585/2305/2277 1605/2306/2278
f 1605/2306/2278 1585/2305/2277 1586/2307/2279
f 1605/2306/2278 1586/2307/2279 1604/2308/2280
f 1604/2308/2280 1586/2307/2279 1587/2309/2281
f 1604/2308/2280 1587/2309/2281 1603/2310/2282
f 1603/2310/2282 1587/2309/2281 1588/2311/2283
f 1603/2310/2282 1588/2311/2283 1602/2312/2284
f 1602/2312/2284 1588/2311/2283 1601/2313/2285
f 1601/2313/2285 1588/2311/2283 1589/2314/2286
f 1601/2313/2285 1589/2314/2286 1600/2315/2287
f 1600/2315/2287 1589/2314/2286 1590/2316/2288
f 1600/2315/2287 1590/2316/2288 1591/2317/2289
f 1600/2315/2287 1591/2317/2289 1599/2318/2290
f 1599/2318/2290 1591/2317/2289 1592/2319/2291
f 1599/2318/2290 1592/2319/2291 1598/2320/2292
f 1598/2320/2292 1592/2319/2291 1593/2321/2293
f 1598/2320/2292 1593/2321/2293 1634/2322/2294
f 1634/2322/2294 1593/2321/2293 1633/2323/2295
f 1633/2323/2295 1593/2321/2293 1632/2324/2296
f 1632/2324/2296 1593/2321/2293 1595/2325/2297
f 1632/2324/2296 1595/2325/2297 1596/2326/2298
f 1593/2321/2293 1594/2327/2299 1595/2325/2297
f 1597/2328/2300 1557/2256/2228 1596/2326/2298
f 1596/2326/2298 1557/2256/2228 1629/2329/2301
f 1596/2326/2298 1629/2329/2301 1630/2330/2302
f 1628/2258/2230 1629/2329/2301 1557/2256/2228
f 1630/2330/2302 1631/2331/2303 1596/2326/2298
f 1596/2326/2298 1631/2331/2303 1632/2324/2296
f 1563/2332/2304 1562/2333/2305 1641/2334/2306
f 1641/2334/2306 1562/2333/2305 1640/2335/2307
f 1640/2335/2307 1562/2333/2305 1561/2336/2308
f 1640/2335/2307 1561/2336/2308 1639/2337/2309
f 1639/2337/2309 1561/2336/2308 1560/2338/2310
f 1639/2337/2309 1560/2338/2310 1638/2339/2311
f 1638/2339/2311 1560/2338/2310 1559/2340/2312
f 1638/2339/2311 1559/2340/2312 1637/2341/2313
f 1637/2341/2313 1559/2340/2312 1558/2342/2314
f 1637/2341/2313 1558/2342/2314 1636/2343/2315
f 1636/2343/2315 1558/2342/2314 1557/2344/2316
f 1636/2343/2315 1557/2344/2316 1635/2345/2317
f 1567/2346/2318 1566/2347/2319 1645/2348/2320
f 1645/2348/2320 1566/2347/2319 1644/2349/2321
f 1644/2349/2321 1566/2347/2319 1565/2350/2322
f 1644/2349/2321 1565/2350/2322 1643/2351/2323
f 1643/2351/2323 1565/2350/2322 1564/2352/2324
f 1643/2351/2323 1564/2352/2324 1642/2353/2325
f 1642/2353/2325 1564/2352/2324 1563/2354/2326
f 1642/2353/2325 1563/2354/2326 1641/2355/2327
f 1571/2356/2328 1570/2357/2329 1649/2358/2330
f 1649/2358/2330 1570/2357/2329 1648/2359/2331
f 1648/2359/2331 1570/2357/2329 1569/2360/2332
f 1648/2359/2331 1569/2360/2332 1647/2361/2333
f 1647/2361/2333 1569/2360/2332 1568/2362/2334
f 1647/2361/2333 1568/2362/2334 1646/2363/2335
f 1646/2363/2335 1568/2362/2334 1567/2364/2336
f 1646/2363/2335 1567/2364/2336 1645/2365/2337
f 1575/2366/2338 1574/2367/2339 1653/2368/2340
f 1653/2368/2340 1574/2367/2339 1652/2369/2341
f 1652/2369/2341 1574/2367/2339 1573/2370/2342
f 1652/2369/2341 1573/2370/2342 1651/2371/2343
f 1651/2371/2343 1573/2370/2342 1572/2372/2344
f 1651/2371/2343 1572/2372/2344 1650/2373/2345
f 1650/2373/2345 1572/2372/2344 1571/2374/2346
f 1650/2373/2345 1571/2374/2346 1649/2375/2347
f 1579/2376/2348 1578/2377/2349 1657/2378/2350
f 1657/2378/2350 1578/2377/2349 1656/2379/2351
f 1656/2379/2351 1578/2377/2349 1577/2380/2352
f 1656/2379/2351 1577/2380/2352 1655/2381/2353
f 1655/2381/2353 1577/2380/2352 1576/2382/2354
f 1655/2381/2353 1576/2382/2354 1654/2383/2355
f 1654/2383/2355 1576/2382/2354 1575/2384/2356
f 1654/2383/2355 1575/2384/2356 1653/2385/2357
f 1583/2386/2358 1582/2387/2359 1661/2388/2360
f 1661/2388/2360 1582/2387/2359 1660/2389/2361
f 1660/2389/2361 1582/2387/2359 1581/2390/2362
f 1660/2389/2361 1581/2390/2362 1659/2391/2363
f 1659/2391/2363 1581/2390/2362 1580/2392/2364
f 1659/2391/2363 1580/2392/2364 1658/2393/2365
f 1658/2393/2365 1580/2392/2364 1579/2394/2366
f 1658/2393/2365 1579/2394/2366 1657/2395/2367
f 1587/2396/2368 1586/2397/2369 1665/2398/2370
f 1665/2398/2370 1586/2397/2369 1664/2399/2371
f 1664/2399/2371 1586/2397/2369 1585/2400/2372
f 1664/2399/2371 1585/2400/2372 1663/2401/2373
f 1663/2401/2373 1585/2400/2372 1584/2402/2374
f 1663/2401/2373 1584/2402/2374 1662/2403/2375
f 1662/2403/2375 1584/2402/2374 1583/2404/2376
f 1662/2403/2375 1583/2404/2376 1661/2405/2377
f 1593/2406/2378 1592/2407/2379 1671/2408/2380
f 1671/2408/2380 1592/2407/2379 1670/2409/2381
f 1670/2409/2381 1592/2407/2379 1591/2410/2382
f 1670/2409/2381 1591/2410/2382 1669/2411/2383
f 1669/2411/2383 1591/2410/2382 1590/2412/2384
f 1669/2411/2383 1590/2412/2384 1668/2413/2385
f 1668/2413/2385 1590/2412/2384 1589/2414/2386
f 1668/2413/2385 1589/2414/2386 1667/2415/2387
f 1667/2415/2387 1589/2414/2386 1588/2416/2388
f 1667/2415/2387 1588/2416/2388 1666/2417/2389
f 1666/2417/2389 1588/2416/2388 1587/2418/2390
f 1666/2417/2389 1587/2418/2390 1665/2419/2391
f 1593/2420/2392 1671/2421/2393 1594/2422/2394
f 1594/2422/2394 1671/2421/2393 1672/2423/2395
f 1594/2424/2396 1672/2425/2397 1595/2426/2398
f 1595/2426/2398 1672/2425/2397 1673/2427/2399
f 1595/2428/2400 1673/2429/2401 1596/2430/2402
f 1596/2430/2402 1673/2429/2401 1674/2431/2403
f 1596/2432/2404 1674/2433/2405 1597/2434/2406
f 1597/2434/2406 1674/2433/2405 1675/2435/2407
f 1597/2436/2408 1675/2437/2409 1557/2438/2410
f 1557/2438/2410 1675/2437/2409 1635/2439/2411
f 1603/2440/2412 1602/2441/2413 1681/2442/2414
f 1681/2442/2414 1602/2441/2413 1680/2443/2415
f 1680/2443/2415 1602/2441/2413 1601/2444/2416
f 1680/2443/2415 1601/2444/2416 1679/2445/2417
f 1679/2445/2417 1601/2444/2416 1600/2446/2418
f 1679/2445/2417 1600/2446/2418 1678/2447/2419
f 1678/2447/2419 1600/2446/2418 1599/2448/2420
f 1678/2447/2419 1599/2448/2420 1677/2449/2421
f 1677/2449/2421 1599/2448/2420 1598/2450/2422
f 1677/2449/2421 1598/2450/2422 1676/2451/2423
f 1608/2452/2424 1607/2453/2425 1686/2454/2426
f 1686/2454/2426 1607/2453/2425 1685/2455/2427
f 1685/2455/2427 1607/2453/2425 1606/2456/2428
f 1685/2455/2427 1606/2456/2428 1684/2457/2429
f 1684/2457/2429 1606/2456/2428 1605/2458/2430
f 1684/2457/2429 1605/2458/2430 1683/2459/2431
f 1683/2459/2431 1605/2458/2430 1604/2460/2432
f 1683/2459/2431 1604/2460/2432 1682/2461/2433
f 1682/2461/2433 1604/2460/2432 1603/2462/2434
f 1682/2461/2433 1603/2462/2434 1681/2463/2435
f 1612/2464/2436 1611/2465/2437 1690/2466/2438
f 1690/2466/2438 1611/2465/2437 1689/2467/2439
f 1689/2467/2439 1611/2465/2437 1610/2468/2440
f 1689/2467/2439 1610/2468/2440 1688/2469/2441
f 1688/2469/2441 1610/2468/2440 1609/2470/2442
f 1688/2469/2441 1609/2470/2442 1687/2471/2443
f 1687/2471/2443 1609/2470/2442 1608/2472/2444
f 1687/2471/2443 1608/2472/2444 1686/2473/2445
f 1616/2474/2446 1615/2475/2447 1694/2476/2448
f 1694/2476/2448 1615/2475/2447 1693/2477/2449
f 1693/2477/2449 1615/2475/2447 1614/2478/2450
f 1693/2477/2449 1614/2478/2450 1692/2479/2451
f 1692/2479/2451 1614/2478/2450 1613/2480/2452
f 1692/2479/2451 1613/2480/2452 1691/2481/2453
f 1691/2481/2453 1613/2480/2452 1612/2482/2454
f 1691/2481/2453 1612/2482/2454 1690/2483/2455
f 1621/2484/2456 1620/2485/2457 1699/2486/2458
f 1699/2486/2458 1620/2485/2457 1698/2487/2459
f 1698/2487/2459 1620/2485/2457 1619/2488/2460
f 1698/2487/2459 1619/2488/2460 1697/2489/2461
f 1697/2489/2461 1619/2488/2460 1618/2490/2462
f 1697/2489/2461 1618/2490/2462 1696/2491/2463
f 1696/2491/2463 1618/2490/2462 1617/2492/2464
f 1696/2491/2463 1617/2492/2464 1695/2493/2465
f 1695/2493/2465 1617/2492/2464 1616/2494/2466
f 1695/2493/2465 1616/2494/2466 1694/2495/2467
f 1627/2496/2468 1626/2497/2469 1705/2498/2470
f 1705/2498/2470 1626/2497/2469 1704/2499/2471
f 1704/2499/2471 1626/2497/2469 1625/2500/2472
f 1704/2499/2471 1625/2500/2472 1703/2501/2473
f 1703/2501/2473 1625/2500/2472 1624/2502/2474
f 1703/2501/2473 1624/2502/2474 1702/2503/2475
f 1702/2503/2475 1624/2502/2474 1623/2504/2476
f 1702/2503/2475 1623/2504/2476 1701/2505/2477
f 1701/2505/2477 1623/2504/2476 1622/2506/2478
f 1701/2505/2477 1622/2506/2478 1700/2507/2479
f 1700/2507/2479 1622/2506/2478 1621/2508/2480
f 1700/2507/2479 1621/2508/2480 1699/2509/2481
f 1631/2510/2482 1630/2511/2483 1709/2512/2484
f 1709/2512/2484 1630/2511/2483 1708/2513/2485
f 1708/2513/2485 1630/2511/2483 1629/2514/2486
f 1708/2513/2485 1629/2514/2486 1707/2515/2487
f 1707/2515/2487 1629/2514/2486 1628/2516/2488
f 1707/2515/2487 1628/2516/2488 1706/2517/2489
f 1706/2517/2489 1628/2516/2488 1627/2518/2490
f 1706/2517/2489 1627/2518/2490 1705/2519/2491
f 1598/2520/2492 1634/2521/2493 1676/2522/2494
f 1676/2522/2494 1634/2521/2493 1712/2523/2495
f 1712/2523/2495 1634/2521/2493 1633/2524/2496
f 1712/2523/2495 1633/2524/2496 1711/2525/2497
f 1711/2525/2497 1633/2524/2496 1632/2526/2498
f 1711/2525/2497 1632/2526/2498 1710/2527/2499
f 1710/2527/2499 1632/2526/2498 1631/2528/2500
f 1710/2527/2499 1631/2528/2500 1709/2529/2501
f 1682/2530/2502 1681/2531/2503 1689/2532/2504
f 1689/2532/2504 1681/2531/2503 1680/2533/2505
f 1689/2532/2504 1680/2533/2505 1677/2534/2506
f 1677/2534/2506 1680/2533/2505 1679/2535/2507
f 1677/2534/2506 1679/2535/2507 1678/2536/2508
f 1676/2537/2509 1712/2538/2510 1677/2534/2506
f 1677/2534/2506 1712/2538/2510 1689/2532/2504
f 1712/2538/2510 1711/2539/2511 1689/2532/2504
f 1689/2532/2504 1711/2539/2511 1710/2540/2512
f 1689/2532/2504 1710/2540/2512 1690/2541/2513
f 1690/2541/2513 1710/2540/2512 1709/2542/2514
f 1690/2541/2513 1709/2542/2514 1691/2543/2515
f 1691/2543/2515 1709/2542/2514 1708/2544/2516
f 1691/2543/2515 1708/2544/2516 1692/2545/2517
f 1692/2545/2517 1708/2544/2516 1693/2546/2518
f 1693/2546/2518 1708/2544/2516 1695/2547/2519
f 1693/2546/2518 1695/2547/2519 1694/2548/2520
f 1707/2549/2521 1704/2550/2522 1708/2544/2516
f 1708/2544/2516 1704/2550/2522 1703/2551/2523
f 1708/2544/2516 1703/2551/2523 1702/2552/2524
f 1707/2549/2521 1706/2553/2525 1704/2550/2522
f 1704/2550/2522 1706/2553/2525 1705/2554/2526
f 1702/2552/2524 1701/2555/2527 1708/2544/2516
f 1708/2544/2516 1701/2555/2527 1700/2556/2528
f 1708/2544/2516 1700/2556/2528 1699/2557/2529
f 1699/2557/2529 1698/2558/2530 1708/2544/2516
f 1708/2544/2516 1698/2558/2530 1695/2547/2519
f 1698/2558/2530 1697/2559/2531 1695/2547/2519
f 1695/2547/2519 1697/2559/2531 1696/2560/2532
f 1689/2532/2504 1688/2561/2533 1682/2530/2502
f 1682/2530/2502 1688/2561/2533 1687/2562/2534
f 1682/2530/2502 1687/2562/2534 1683/2563/2535
f 1683/2563/2535 1687/2562/2534 1684/2564/2536
f 1684/2564/2536 1687/2562/2534 1685/2565/2537
f 1685/2565/2537 1687/2562/2534 1686/2566/2538
f 1526/2567/2539 1525/2568/2540 1530/2569/2541
f 1530/2569/2541 1525/2568/2540 1524/2570/2542
f 1530/2569/2541 1524/2570/2542 1523/2571/2543
f 1523/2571/2543 1522/2572/2544 1530/2569/2541
f 1530/2569/2541 1522/2572/2544 1521/2573/2545
f 1530/2569/2541 1521/2573/2545 1556/2574/2546
f 1555/2575/2547 1554/2576/2548 1556/2574/2546
f 1556/2574/2546 1554/2576/2548 1530/2569/2541
f 1553/2577/2549 1532/2578/2550 1554/2576/2548
f 1554/2576/2548 1532/2578/2550 1531/2579/2551
f 1554/2576/2548 1531/2579/2551 1530/2569/2541
f 1553/2577/2549 1552/2580/2552 1532/2578/2550
f 1532/2578/2550 1552/2580/2552 1533/2581/2553
f 1533/2581/2553 1552/2580/2552 1551/2582/2554
f 1533/2581/2553 1551/2582/2554 1550/2583/2555
f 1533/2581/2553 1550/2583/2555 1534/2584/2556
f 1534/2584/2556 1550/2583/2555 1549/2585/2557
f 1534/2584/2556 1549/2585/2557 1548/2586/2558
f 1547/2587/2559 1536/2588/2560 1548/2586/2558
f 1548/2586/2558 1536/2588/2560 1535/2589/2561
f 1548/2586/2558 1535/2589/2561 1534/2584/2556
f 1547/2587/2559 1546/2590/2562 1536/2588/2560
f 1536/2588/2560 1546/2590/2562 1545/2591/2563
f 1536/2588/2560 1545/2591/2563 1544/2592/2564
f 1544/2592/2564 1543/2593/2565 1536/2588/2560
f 1536/2588/2560 1543/2593/2565 1542/2594/2566
f 1536/2588/2560 1542/2594/2566 1541/2595/2567
f 1541/2595/2567 1540/2596/2568 1536/2588/2560
f 1536/2588/2560 1540/2596/2568 1538/2597/2569
f 1536/2588/2560 1538/2597/2569 1537/2598/2570
f 1540/2596/2568 1539/2599/2571 1538/2597/2569
f 1529/2600/2572 1528/2601/2573 1530/2569/2541
f 1530/2569/2541 1528/2601/2573 1527/2602/2574
f 1530/2569/2541 1527/2602/2574 1526/2567/2539
f 1642/2603/2575 1641/2604/2576 1336/2605/2577
f 1336/2605/2577 1641/2604/2576 1640/2606/2578
f 1336/2605/2577 1640/2606/2578 1675/2607/2579
f 1675/2607/2579 1640/2606/2578 1639/2608/2580
f 1675/2607/2579 1639/2608/2580 1638/2609/2581
f 1638/2609/2581 1637/2610/2582 1675/2607/2579
f 1675/2607/2579 1637/2610/2582 1636/2611/2583
f 1675/2607/2579 1636/2611/2583 1635/2612/2584
f 1675/2607/2579 1674/2613/2585 1336/2605/2577
f 1336/2605/2577 1674/2613/2585 1333/2614/2586
f 1333/2614/2586 1674/2613/2585 1470/2615/2587
f 1333/2614/2586 1470/2615/2587 1469/2616/2588
f 1673/2617/2589 1481/2618/2590 1674/2613/2585
f 1674/2613/2585 1481/2618/2590 1480/2619/2591
f 1674/2613/2585 1480/2619/2591 1479/2620/2592
f 1672/2621/2593 1335/2622/2594 1673/2617/2589
f 1673/2617/2589 1335/2622/2594 1334/2623/2595
f 1673/2617/2589 1334/2623/2595 1450/2624/2596
f 1450/2624/2596 1334/2623/2595 1451/2625/2597
f 1451/2625/2597 1334/2623/2595 1452/2626/2598
f 1452/2626/2598 1334/2623/2595 1453/2627/2599
f 1453/2627/2599 1334/2623/2595 1454/2628/2600
f 1454/2628/2600 1334/2623/2595 1455/2629/2601
f 1455/2629/2601 1334/2623/2595 1456/2630/2602
f 1456/2630/2602 1334/2623/2595 1457/2631/2603
f 1457/2631/2603 1334/2623/2595 1458/2632/2604
f 1458/2632/2604 1334/2623/2595 1459/2633/2605
f 1459/2633/2605 1334/2623/2595 1460/2634/2606
f 1460/2634/2606 1334/2623/2595 1333/2614/2586
f 1460/2634/2606 1333/2614/2586 1461/2635/2607
f 1461/2635/2607 1333/2614/2586 1462/2636/2608
f 1462/2636/2608 1333/2614/2586 1463/2637/2609
f 1463/2637/2609 1333/2614/2586 1464/2638/2610
f 1464/2638/2610 1333/2614/2586 1465/2639/2611
f 1465/2639/2611 1333/2614/2586 1466/2640/2612
f 1466/2640/2612 1333/2614/2586 1467/2641/2613
f 1467/2641/2613 1333/2614/2586 1468/2642/2614
f 1468/2642/2614 1333/2614/2586 1469/2616/2588
f 1671/2643/2615 1670/2644/2616 1672/2621/2593
f 1672/2621/2593 1670/2644/2616 1669/2645/2617
f 1672/2621/2593 1669/2645/2617 1668/2646/2618
f 1668/2646/2618 1667/2647/2619 1672/2621/2593
f 1672/2621/2593 1667/2647/2619 1666/2648/2620
f 1672/2621/2593 1666/2648/2620 1665/2649/2621
f 1665/2649/2621 1664/2650/2622 1672/2621/2593
f 1672/2621/2593 1664/2650/2622 1663/2651/2623
f 1672/2621/2593 1663/2651/2623 1335/2622/2594
f 1335/2622/2594 1663/2651/2623 1662/2652/2624
f 1335/2622/2594 1662/2652/2624 1661/2653/2625
f 1661/2653/2625 1660/2654/2626 1335/2622/2594
f 1335/2622/2594 1660/2654/2626 1659/2655/2627
f 1335/2622/2594 1659/2655/2627 1658/2656/2628
f 1658/2656/2628 1657/2657/2629 1335/2622/2594
f 1335/2622/2594 1657/2657/2629 1656/2658/2630
f 1335/2622/2594 1656/2658/2630 1655/2659/2631
f 1655/2659/2631 1654/2660/2632 1335/2622/2594
f 1335/2622/2594 1654/2660/2632 1653/2661/2633
f 1335/2622/2594 1653/2661/2633 1652/2662/2634
f 1652/2662/2634 1651/2663/2635 1335/2622/2594
f 1335/2622/2594 1651/2663/2635 1650/2664/2636
f 1335/2622/2594 1650/2664/2636 1336/2605/2577
f 1336/2605/2577 1650/2664/2636 1649/2665/2637
f 1336/2605/2577 1649/2665/2637 1648/2666/2638
f 1648/2666/2638 1647/2667/2639 1336/2605/2577
f 1336/2605/2577 1647/2667/2639 1646/2668/2640
f 1336/2605/2577 1646/2668/2640 1645/2669/2641
f 1645/2669/2641 1644/2670/2642 1336/2605/2577
f 1336/2605/2577 1644/2670/2642 1643/2671/2643
f 1336/2605/2577 1643/2671/2643 1642/2603/2575
f 1450/2624/2596 1449/2672/2644 1673/2617/2589
f 1673/2617/2589 1449/2672/2644 1448/2673/2645
f 1673/2617/2589 1448/2673/2645 1447/2674/2646
f 1447/2674/2646 1520/2675/2647 1673/2617/2589
f 1673/2617/2589 1520/2675/2647 1519/2676/2648
f 1673/2617/2589 1519/2676/2648 1518/2677/2649
f 1518/2677/2649 1517/2678/2650 1673/2617/2589
f 1673/2617/2589 1517/2678/2650 1482/2679/2651
f 1673/2617/2589 1482/2679/2651 1481/2618/2590
f 1516/2680/2652 1485/2681/2653 1517/2678/2650
f 1517/2678/2650 1485/2681/2653 1484/2682/2654
f 1517/2678/2650 1484/2682/2654 1483/2683/2655
f 1515/2684/2656 1487/2685/2657 1516/2680/2652
f 1516/2680/2652 1487/2685/2657 1486/2686/2658
f 1516/2680/2652 1486/2686/2658 1485/2681/2653
f 1487/2685/2657 1515/2684/2656 1488/2687/2659
f 1488/2687/2659 1515/2684/2656 1514/2688/2660
f 1488/2687/2659 1514/2688/2660 1513/2689/2661
f 1513/2689/2661 1512/2690/2662 1488/2687/2659
f 1488/2687/2659 1512/2690/2662 1511/2691/2663
f 1488/2687/2659 1511/2691/2663 1510/2692/2664
f 1510/2692/2664 1509/2693/2665 1488/2687/2659
f 1488/2687/2659 1509/2693/2665 1508/2694/2666
f 1488/2687/2659 1508/2694/2666 1507/2695/2667
f 1488/2687/2659 1507/2695/2667 1489/2696/2668
f 1489/2696/2668 1507/2695/2667 1506/2697/2669
f 1489/2696/2668 1506/2697/2669 1505/2698/2670
f 1505/2698/2670 1504/2699/2671 1489/2696/2668
f 1489/2696/2668 1504/2699/2671 1503/2700/2672
f 1489/2696/2668 1503/2700/2672 1490/2701/2673
f 1490/2701/2673 1503/2700/2672 1502/2702/2674
f 1490/2701/2673 1502/2702/2674 1501/2703/2675
f 1490/2701/2673 1501/2703/2675 1491/2704/2676
f 1491/2704/2676 1501/2703/2675 1500/2705/2677
f 1491/2704/2676 1500/2705/2677 1499/2706/2678
f 1498/2707/2679 1493/2708/2680 1499/2706/2678
f 1499/2706/2678 1493/2708/2680 1492/2709/2681
f 1499/2706/2678 1492/2709/2681 1491/2704/2676
f 1493/2708/2680 1498/2707/2679 1494/2710/2682
f 1494/2710/2682 1498/2707/2679 1497/2711/2683
f 1494/2710/2682 1497/2711/2683 1495/2712/2684
f 1495/2712/2684 1497/2711/2683 1496/2713/2685
f 1483/2683/2655 1482/2679/2651 1517/2678/2650
f 1479/2620/2592 1478/2714/2686 1674/2613/2585
f 1674/2613/2585 1478/2714/2686 1477/2715/2687
f 1674/2613/2585 1477/2715/2687 1476/2716/2688
f 1476/2716/2688 1475/2717/2689 1674/2613/2585
f 1674/2613/2585 1475/2717/2689 1474/2718/2690
f 1674/2613/2585 1474/2718/2690 1473/2719/2691
f 1473/2719/2691 1472/2720/2692 1674/2613/2585
f 1674/2613/2585 1472/2720/2692 1471/2721/2693
f 1674/2613/2585 1471/2721/2693 1470/2615/2587
f 84/2722/2694 1713/2723/2695 85/2724/2696
f 85/2724/2696 1713/2723/2695 1714/2725/2697
f 52/2726/2698 51/2727/2699 1734/2728/2700
f 1734/2728/2700 51/2727/2699 44/2729/2701
f 1734/2728/2700 44/2729/2701 43/2730/2702
f 43/2730/2702 42/2731/2703 1734/2728/2700
f 1734/2728/2700 42/2731/2703 41/2732/2704
f 1734/2728/2700 41/2732/2704 40/2733/2705
f 40/2733/2705 39/2734/2706 1734/2728/2700
f 1734/2728/2700 39/2734/2706 1733/2735/2707
f 1733/2735/2707 39/2734/2706 38/2736/2708
f 1733/2735/2707 38/2736/2708 1794/2737/2709
f 1794/2737/2709 38/2736/2708 1793/2738/2710
f 1793/2738/2710 38/2736/2708 1718/2739/2711
f 1793/2738/2710 1718/2739/2711 1792/2740/2712
f 1792/2740/2712 1718/2739/2711 1791/2741/2713
f 1791/2741/2713 1718/2739/2711 1790/2742/2714
f 1790/2742/2714 1718/2739/2711 1789/2743/2715
f 1789/2743/2715 1718/2739/2711 1788/2744/2716
f 1788/2744/2716 1718/2739/2711 1787/2745/2717
f 1787/2745/2717 1718/2739/2711 1719/2746/2718
f 1787/2745/2717 1719/2746/2718 1786/2747/2719
f 1786/2747/2719 1719/2746/2718 1785/2748/2720
f 1785/2748/2720 1719/2746/2718 1720/2749/2721
f 1785/2748/2720 1720/2749/2721 1784/2750/2722
f 1784/2750/2722 1720/2749/2721 1721/2751/2723
f 1784/2750/2722 1721/2751/2723 1722/2752/2724
f 1718/2739/2711 38/2736/2708 1829/2753/2725
f 1829/2753/2725 38/2736/2708 14/2754/2726
f 1829/2753/2725 14/2754/2726 1717/2755/2727
f 1717/2755/2727 14/2754/2726 13/2756/2728
f 1717/2755/2727 13/2756/2728 12/2757/2729
f 11/2758/2730 1826/2759/2731 12/2757/2729
f 12/2757/2729 1826/2759/2731 1799/2760/2732
f 12/2757/2729 1799/2760/2732 1717/2755/2727
f 1717/2755/2727 1799/2760/2732 1773/2761/2733
f 1717/2755/2727 1773/2761/2733 1713/2762/2734
f 1713/2762/2734 1773/2761/2733 1774/2763/2735
f 1713/2762/2734 1774/2763/2735 1714/2764/2736
f 1714/2764/2736 1774/2763/2735 1715/2765/2737
f 11/2758/2730 10/2766/2738 1826/2759/2731
f 1826/2759/2731 10/2766/2738 1825/2767/2739
f 1825/2767/2739 10/2766/2738 9/2768/2740
f 1825/2767/2739 9/2768/2740 1824/2769/2741
f 1824/2769/2741 9/2768/2740 8/2770/2742
f 1824/2769/2741 8/2770/2742 1823/2771/2743
f 1823/2771/2743 8/2770/2742 1822/2772/2744
f 1822/2772/2744 8/2770/2742 1821/2773/2745
f 1821/2773/2745 8/2770/2742 1761/2774/2746
f 1821/2773/2745 1761/2774/2746 1820/2775/2747
f 1820/2775/2747 1761/2774/2746 1819/2776/2748
f 1819/2776/2748 1761/2774/2746 1818/2777/2749
f 1818/2777/2749 1761/2774/2746 1817/2778/2750
f 1817/2778/2750 1761/2774/2746 1816/2779/2751
f 1816/2779/2751 1761/2774/2746 1815/2780/2752
f 1815/2780/2752 1761/2774/2746 1814/2781/2753
f 1814/2781/2753 1761/2774/2746 1813/2782/2754
f 1813/2782/2754 1761/2774/2746 1762/2783/2755
f 1813/2782/2754 1762/2783/2755 1812/2784/2756
f 1812/2784/2756 1762/2783/2755 1811/2785/2757
f 1811/2785/2757 1762/2783/2755 1810/2786/2758
f 1810/2786/2758 1762/2783/2755 1764/2787/2759
f 1810/2786/2758 1764/2787/2759 1809/2788/2760
f 1809/2788/2760 1764/2787/2759 1767/2789/2761
f 1809/2788/2760 1767/2789/2761 1768/2790/2762
f 1761/2774/2746 8/2770/2742 1760/2791/2763
f 1760/2791/2763 8/2770/2742 16/2792/2764
f 1760/2791/2763 16/2792/2764 1759/2793/2765
f 1759/2793/2765 16/2792/2764 1758/2794/2766
f 1758/2794/2766 16/2792/2764 28/2795/2767
f 1758/2794/2766 28/2795/2767 27/2796/2768
f 1758/2794/2766 27/2796/2768 1757/2797/2769
f 1757/2797/2769 27/2796/2768 26/2798/2770
f 1757/2797/2769 26/2798/2770 1756/2799/2771
f 1756/2799/2771 26/2798/2770 25/2800/2772
f 1756/2799/2771 25/2800/2772 1755/2801/2773
f 1755/2801/2773 25/2800/2772 24/2802/2774
f 1755/2801/2773 24/2802/2774 1828/2803/2775
f 1828/2803/2775 24/2802/2774 23/2804/2776
f 1828/2803/2775 23/2804/2776 1827/2805/2777
f 1827/2805/2777 23/2804/2776 525/2806/2778
f 1827/2805/2777 525/2806/2778 535/2807/2779
f 535/2807/2779 525/2806/2778 524/2808/2780
f 535/2807/2779 524/2808/2780 530/2809/2781
f 530/2809/2781 524/2808/2780 527/2810/2782
f 530/2809/2781 527/2810/2782 531/2811/2783
f 531/2811/2783 527/2810/2782 526/2812/2784
f 531/2811/2783 526/2812/2784 529/2813/2785
f 529/2813/2785 526/2812/2784 528/2814/2786
f 23/2804/2776 30/2815/2787 525/2806/2778
f 525/2806/2778 30/2815/2787 523/2816/2788
f 523/2816/2788 30/2815/2787 522/2817/2789
f 522/2817/2789 30/2815/2787 520/2818/2790
f 520/2818/2790 30/2815/2787 521/2819/2791
f 521/2819/2791 30/2815/2787 519/2820/2792
f 519/2820/2792 30/2815/2787 515/2821/2793
f 515/2821/2793 30/2815/2787 516/2822/2794
f 516/2822/2794 30/2815/2787 517/2823/2795
f 517/2823/2795 30/2815/2787 518/2824/2796
f 518/2824/2796 30/2815/2787 514/2825/2797
f 514/2825/2797 30/2815/2787 56/2826/2798
f 514/2825/2797 56/2826/2798 513/2827/2799
f 513/2827/2799 56/2826/2798 55/2828/2800
f 513/2827/2799 55/2828/2800 511/2829/2801
f 511/2829/2801 55/2828/2800 512/2830/2802
f 512/2830/2802 55/2828/2800 501/2831/2803
f 512/2830/2802 501/2831/2803 500/2832/2804
f 501/2831/2803 55/2828/2800 502/2833/2805
f 502/2833/2805 55/2828/2800 54/2834/2806
f 502/2833/2805 54/2834/2806 1736/2835/2807
f 1736/2835/2807 54/2834/2806 1735/2836/2808
f 1735/2836/2808 54/2834/2806 53/2837/2809
f 1735/2836/2808 53/2837/2809 52/2726/2698
f 1735/2836/2808 52/2726/2698 1734/2728/2700
f 1313/2838/2810 453/2839/2811 1739/2840/2812
f 1739/2840/2812 453/2839/2811 452/2841/2813
f 1739/2840/2812 452/2841/2813 486/2842/2814
f 486/2842/2814 452/2841/2813 485/2843/2815
f 485/2843/2815 452/2841/2813 455/2844/2816
f 485/2843/2815 455/2844/2816 461/2845/2817
f 461/2845/2817 455/2844/2816 454/2846/2818
f 461/2845/2817 454/2846/2818 457/2847/2819
f 461/2845/2817 457/2847/2819 459/2848/2820
f 459/2848/2820 457/2847/2819 456/2849/2821
f 459/2848/2820 456/2849/2821 458/2850/2822
f 460/2851/2823 481/2852/2824 461/2845/2817
f 461/2845/2817 481/2852/2824 484/2853/2825
f 461/2845/2817 484/2853/2825 485/2843/2815
f 481/2852/2824 460/2851/2823 482/2854/2826
f 482/2854/2826 460/2851/2823 463/2855/2827
f 482/2854/2826 463/2855/2827 483/2856/2828
f 483/2856/2828 463/2855/2827 462/2857/2829
f 483/2856/2828 462/2857/2829 480/2858/2830
f 480/2858/2830 462/2857/2829 465/2859/2831
f 480/2858/2830 465/2859/2831 474/2860/2832
f 474/2860/2832 465/2859/2831 464/2861/2833
f 474/2860/2832 464/2861/2833 468/2862/2834
f 468/2862/2834 464/2861/2833 469/2863/2835
f 469/2863/2835 464/2861/2833 467/2864/2836
f 467/2864/2836 464/2861/2833 466/2865/2837
f 474/2860/2832 468/2862/2834 475/2866/2838
f 475/2866/2838 468/2862/2834 470/2867/2839
f 475/2866/2838 470/2867/2839 473/2868/2840
f 472/2869/2841 477/2870/2842 473/2868/2840
f 473/2868/2840 477/2870/2842 476/2871/2843
f 473/2868/2840 476/2871/2843 475/2866/2838
f 472/2869/2841 471/2872/2844 477/2870/2842
f 477/2870/2842 471/2872/2844 479/2873/2845
f 477/2870/2842 479/2873/2845 478/2874/2846
f 486/2842/2814 495/2875/2847 1739/2840/2812
f 1739/2840/2812 495/2875/2847 494/2876/2848
f 1739/2840/2812 494/2876/2848 493/2877/2849
f 493/2877/2849 492/2878/2850 1739/2840/2812
f 1739/2840/2812 492/2878/2850 491/2879/2851
f 1739/2840/2812 491/2879/2851 490/2880/2852
f 490/2880/2852 489/2881/2853 1739/2840/2812
f 1739/2840/2812 489/2881/2853 488/2882/2854
f 1739/2840/2812 488/2882/2854 487/2883/2855
f 1739/2840/2812 487/2883/2855 1736/2835/2807
f 1736/2835/2807 487/2883/2855 503/2884/2856
f 1736/2835/2807 503/2884/2856 502/2833/2805
f 512/2830/2802 500/2832/2804 509/2885/2857
f 509/2885/2857 500/2832/2804 499/2886/2858
f 509/2885/2857 499/2886/2858 498/2887/2859
f 509/2885/2857 498/2887/2859 510/2888/2860
f 510/2888/2860 498/2887/2859 497/2889/2861
f 510/2888/2860 497/2889/2861 505/2890/2862
f 505/2890/2862 497/2889/2861 496/2891/2863
f 505/2890/2862 496/2891/2863 506/2892/2864
f 506/2892/2864 496/2891/2863 507/2893/2865
f 507/2893/2865 496/2891/2863 508/2894/2866
f 508/2894/2866 496/2891/2863 504/2895/2867
f 535/2807/2779 534/2896/2868 1827/2805/2777
f 1827/2805/2777 534/2896/2868 533/2897/2869
f 1827/2805/2777 533/2897/2869 532/2898/2870
f 532/2898/2870 536/2899/2871 1827/2805/2777
f 1827/2805/2777 536/2899/2871 537/2900/2872
f 1827/2805/2777 537/2900/2872 541/2901/2873
f 541/2901/2873 540/2902/2874 1827/2805/2777
f 1827/2805/2777 540/2902/2874 1828/2803/2775
f 540/2902/2874 539/2903/2875 1828/2803/2775
f 1828/2803/2775 539/2903/2875 1745/2904/2876
f 1828/2803/2775 1745/2904/2876 1746/2905/2877
f 539/2903/2875 538/2906/2878 1745/2904/2876
f 1745/2904/2876 538/2906/2878 543/2907/2879
f 1745/2904/2876 543/2907/2879 621/2908/2880
f 621/2908/2880 543/2907/2879 542/2909/2881
f 621/2908/2880 542/2909/2881 545/2910/2882
f 545/2910/2882 542/2909/2881 546/2911/2883
f 546/2911/2883 542/2909/2881 547/2912/2884
f 547/2912/2884 542/2909/2881 544/2913/2885
f 547/2912/2884 544/2913/2885 548/2914/2886
f 548/2914/2886 544/2913/2885 549/2915/2887
f 549/2915/2887 544/2913/2885 550/2916/2888
f 621/2908/2880 631/2917/2889 1745/2904/2876
f 1745/2904/2876 631/2917/2889 630/2918/2890
f 1745/2904/2876 630/2918/2890 629/2919/2891
f 629/2919/2891 628/2920/2892 1745/2904/2876
f 1745/2904/2876 628/2920/2892 627/2921/2893
f 1745/2904/2876 627/2921/2893 626/2922/2894
f 626/2922/2894 625/2923/2895 1745/2904/2876
f 1745/2904/2876 625/2923/2895 1186/2924/2896
f 1745/2904/2876 1186/2924/2896 1185/2925/2897
f 625/2923/2895 624/2926/2898 1186/2924/2896
f 1186/2924/2896 624/2926/2898 1187/2927/2899
f 1187/2927/2899 624/2926/2898 623/2928/2900
f 1187/2927/2899 623/2928/2900 1179/2929/2901
f 1179/2929/2901 623/2928/2900 622/2930/2902
f 1179/2929/2901 622/2930/2902 640/2931/2903
f 640/2931/2903 639/2932/2904 1179/2929/2901
f 1179/2929/2901 639/2932/2904 638/2933/2905
f 1179/2929/2901 638/2933/2905 637/2934/2906
f 637/2934/2906 636/2935/2907 1179/2929/2901
f 1179/2929/2901 636/2935/2907 635/2936/2908
f 1179/2929/2901 635/2936/2908 634/2937/2909
f 634/2937/2909 633/2938/2910 1179/2929/2901
f 1179/2929/2901 633/2938/2910 632/2939/2911
f 1179/2929/2901 632/2939/2911 647/2940/2912
f 647/2940/2912 632/2939/2911 646/2941/2913
f 647/2940/2912 646/2941/2913 645/2942/2914
f 647/2940/2912 645/2942/2914 648/2943/2915
f 648/2943/2915 645/2942/2914 644/2944/2916
f 648/2943/2915 644/2944/2916 649/2945/2917
f 649/2945/2917 644/2944/2916 650/2946/2918
f 650/2946/2918 644/2944/2916 643/2947/2919
f 650/2946/2918 643/2947/2919 651/2948/2920
f 651/2948/2920 643/2947/2919 642/2949/2921
f 651/2948/2920 642/2949/2921 652/2950/2922
f 652/2950/2922 642/2949/2921 653/2951/2923
f 653/2951/2923 642/2949/2921 654/2952/2924
f 654/2952/2924 642/2949/2921 655/2953/2925
f 655/2953/2925 642/2949/2921 656/2954/2926
f 656/2954/2926 642/2949/2921 641/2955/2927
f 1185/2925/2897 1184/2956/2928 1745/2904/2876
f 1745/2904/2876 1184/2956/2928 1183/2957/2929
f 1745/2904/2876 1183/2957/2929 1743/2958/2930
f 1743/2958/2930 1183/2957/2929 1182/2959/2931
f 1743/2958/2930 1182/2959/2931 1181/2960/2932
f 1181/2960/2932 1180/2961/2933 1743/2958/2930
f 1743/2958/2930 1180/2961/2933 1199/2962/2934
f 1743/2958/2930 1199/2962/2934 1233/2963/2935
f 1233/2963/2935 1199/2962/2934 1198/2964/2936
f 1233/2963/2935 1198/2964/2936 1234/2965/2937
f 1234/2965/2937 1198/2964/2936 1218/2966/2938
f 1218/2966/2938 1198/2964/2936 1197/2967/2939
f 1218/2966/2938 1197/2967/2939 1196/2968/2940
f 1196/2968/2940 1195/2969/2941 1218/2966/2938
f 1218/2966/2938 1195/2969/2941 1194/2970/2942
f 1218/2966/2938 1194/2970/2942 1193/2971/2943
f 1218/2966/2938 1193/2971/2943 1217/2972/2944
f 1217/2972/2944 1193/2971/2943 1192/2973/2945
f 1217/2972/2944 1192/2973/2945 1191/2974/2946
f 1191/2974/2946 1190/2975/2947 1217/2972/2944
f 1217/2972/2944 1190/2975/2947 1189/2976/2948
f 1217/2972/2944 1189/2976/2948 1188/2977/2949
f 1188/2977/2949 1209/2978/2950 1217/2972/2944
f 1217/2972/2944 1209/2978/2950 1210/2979/2951
f 1210/2979/2951 1209/2978/2950 1208/2980/2952
f 1210/2979/2951 1208/2980/2952 1211/2981/2953
f 1211/2981/2953 1208/2980/2952 1207/2982/2954
f 1211/2981/2953 1207/2982/2954 1212/2983/2955
f 1212/2983/2955 1207/2982/2954 1206/2984/2956
f 1212/2983/2955 1206/2984/2956 1213/2985/2957
f 1213/2985/2957 1206/2984/2956 1205/2986/2958
f 1213/2985/2957 1205/2986/2958 1214/2987/2959
f 1214/2987/2959 1205/2986/2958 1215/2988/2960
f 1215/2988/2960 1205/2986/2958 1204/2989/2961
f 1215/2988/2960 1204/2989/2961 1216/2990/2962
f 1216/2990/2962 1204/2989/2961 1203/2991/2963
f 1216/2990/2962 1203/2991/2963 1200/2992/2964
f 1200/2992/2964 1203/2991/2963 1201/2993/2965
f 1201/2993/2965 1203/2991/2963 1202/2994/2966
f 1233/2963/2935 1232/2995/2967 1743/2958/2930
f 1743/2958/2930 1232/2995/2967 1742/2996/2968
f 1742/2996/2968 1232/2995/2967 1231/2997/2969
f 1742/2996/2968 1231/2997/2969 1230/2998/2970
f 1230/2998/2970 1229/2999/2971 1742/2996/2968
f 1742/2996/2968 1229/2999/2971 1299/3000/2972
f 1742/2996/2968 1299/3000/2972 1740/3001/2973
f 1740/3001/2973 1299/3000/2972 1302/3002/2974
f 1740/3001/2973 1302/3002/2974 1303/3003/2975
f 1299/3000/2972 1229/2999/2971 1300/3004/2976
f 1300/3004/2976 1229/2999/2971 1228/3005/2977
f 1300/3004/2976 1228/3005/2977 1301/3006/2978
f 1301/3006/2978 1228/3005/2977 1227/3007/2979
f 1301/3006/2978 1227/3007/2979 1226/3008/2980
f 1301/3006/2978 1226/3008/2980 1298/3009/2981
f 1298/3009/2981 1226/3008/2980 1225/3010/2982
f 1298/3009/2981 1225/3010/2982 1224/3011/2983
f 1224/3011/2983 1223/3012/2984 1298/3009/2981
f 1298/3009/2981 1223/3012/2984 1290/3013/2985
f 1298/3009/2981 1290/3013/2985 1289/3014/2986
f 1223/3012/2984 1222/3015/2987 1290/3013/2985
f 1290/3013/2985 1222/3015/2987 1221/3016/2988
f 1290/3013/2985 1221/3016/2988 1291/3017/2989
f 1291/3017/2989 1221/3016/2988 1220/3018/2990
f 1291/3017/2989 1220/3018/2990 1292/3019/2991
f 1292/3019/2991 1220/3018/2990 1219/3020/2992
f 1292/3019/2991 1219/3020/2992 1293/3021/2993
f 1293/3021/2993 1219/3020/2992 1287/3022/2994
f 1287/3022/2994 1219/3020/2992 1288/3023/2995
f 1288/3023/2995 1219/3020/2992 1236/3024/2996
f 1288/3023/2995 1236/3024/2996 1280/3025/2997
f 1280/3025/2997 1236/3024/2996 1235/3026/2998
f 1280/3025/2997 1235/3026/2998 1281/3027/2999
f 1281/3027/2999 1235/3026/2998 1282/3028/3000
f 1282/3028/3000 1235/3026/2998 1283/3029/3001
f 1283/3029/3001 1235/3026/2998 1284/3030/3002
f 1284/3030/3002 1235/3026/2998 1237/3031/3003
f 1284/3030/3002 1237/3031/3003 1285/3032/3004
f 1285/3032/3004 1237/3031/3003 1286/3033/3005
f 1286/3033/3005 1237/3031/3003 1278/3034/3006
f 1278/3034/3006 1237/3031/3003 1279/3035/3007
f 1279/3035/3007 1237/3031/3003 1276/3036/3008
f 1276/3036/3008 1237/3031/3003 1239/3037/3009
f 1276/3036/3008 1239/3037/3009 1277/3038/3010
f 1277/3038/3010 1239/3037/3009 1244/3039/3011
f 1277/3038/3010 1244/3039/3011 1274/3040/3012
f 1274/3040/3012 1244/3039/3011 1243/3041/3013
f 1274/3040/3012 1243/3041/3013 1258/3042/3014
f 1258/3042/3014 1243/3041/3013 1259/3043/3015
f 1238/3044/3016 1246/3045/3017 1239/3037/3009
f 1239/3037/3009 1246/3045/3017 1245/3046/3018
f 1239/3037/3009 1245/3046/3018 1244/3039/3011
f 1240/3047/3019 1242/3048/3020 1238/3044/3016
f 1238/3044/3016 1242/3048/3020 1249/3049/3021
f 1238/3044/3016 1249/3049/3021 1248/3050/3022
f 1240/3047/3019 1241/3051/3023 1242/3048/3020
f 1248/3050/3022 1247/3052/3024 1238/3044/3016
f 1238/3044/3016 1247/3052/3024 1246/3045/3017
f 1258/3042/3014 1257/3053/3025 1274/3040/3012
f 1274/3040/3012 1257/3053/3025 1256/3054/3026
f 1274/3040/3012 1256/3054/3026 1262/3055/3027
f 1262/3055/3027 1256/3054/3026 1261/3056/3028
f 1262/3055/3027 1261/3056/3028 1263/3057/3029
f 1263/3057/3029 1261/3056/3028 1260/3058/3030
f 1263/3057/3029 1260/3058/3030 1264/3059/3031
f 1264/3059/3031 1260/3058/3030 1265/3060/3032
f 1265/3060/3032 1260/3058/3030 1266/3061/3033
f 1266/3061/3033 1260/3058/3030 1270/3062/3034
f 1266/3061/3033 1270/3062/3034 1269/3063/3035
f 1268/3064/3036 1267/3065/3037 1269/3063/3035
f 1269/3063/3035 1267/3065/3037 1266/3061/3033
f 1274/3040/3012 1262/3055/3027 1275/3066/3038
f 1275/3066/3038 1262/3055/3027 1271/3067/3039
f 1275/3066/3038 1271/3067/3039 1272/3068/3040
f 1272/3068/3040 1271/3067/3039 1273/3069/3041
f 1298/3009/2981 1289/3014/2986 1297/3070/3042
f 1297/3070/3042 1289/3014/2986 1294/3071/3043
f 1297/3070/3042 1294/3071/3043 1296/3072/3044
f 1296/3072/3044 1294/3071/3043 1295/3073/3045
f 1303/3003/2975 1305/3074/3046 1740/3001/2973
f 1740/3001/2973 1305/3074/3046 1304/3075/3047
f 1740/3001/2973 1304/3075/3047 1321/3076/3048
f 1321/3076/3048 1304/3075/3047 1306/3077/3049
f 1321/3076/3048 1306/3077/3049 1322/3078/3050
f 1322/3078/3050 1306/3077/3049 1307/3079/3051
f 1322/3078/3050 1307/3079/3051 1323/3080/3052
f 1323/3080/3052 1307/3079/3051 1324/3081/3053
f 1324/3081/3053 1307/3079/3051 1308/3082/3054
f 1324/3081/3053 1308/3082/3054 1312/3083/3055
f 1312/3083/3055 1308/3082/3054 1309/3084/3056
f 1312/3083/3055 1309/3084/3056 1311/3085/3057
f 1311/3085/3057 1310/3086/3058 1312/3083/3055
f 1321/3076/3048 1320/3087/3059 1740/3001/2973
f 1740/3001/2973 1320/3087/3059 1739/2840/2812
f 1739/2840/2812 1320/3087/3059 1319/3088/3060
f 1739/2840/2812 1319/3088/3060 1318/3089/3061
f 1318/3089/3061 1317/3090/3062 1739/2840/2812
f 1739/2840/2812 1317/3090/3062 1316/3091/3063
f 1739/2840/2812 1316/3091/3063 1315/3092/3064
f 1315/3092/3064 1314/3093/3065 1739/2840/2812
f 1739/2840/2812 1314/3093/3065 1313/2838/2810
f 1713/2762/2734 1716/3094/3066 1717/2755/2727
f 1717/2755/2727 1718/2739/2711 1829/2753/2725
f 1722/2752/2724 1723/3095/3067 1784/2750/2722
f 1784/2750/2722 1723/3095/3067 1724/3096/3068
f 1784/2750/2722 1724/3096/3068 1725/3097/3069
f 1726/3098/3070 1781/3099/3071 1725/3097/3069
f 1725/3097/3069 1781/3099/3071 1782/3100/3072
f 1725/3097/3069 1782/3100/3072 1783/3101/3073
f 1727/3102/3074 1778/3103/3075 1726/3098/3070
f 1726/3098/3070 1778/3103/3075 1779/3104/3076
f 1726/3098/3070 1779/3104/3076 1780/3105/3077
f 1727/3102/3074 1728/3106/3078 1778/3103/3075
f 1778/3103/3075 1728/3106/3078 1729/3107/3079
f 1778/3103/3075 1729/3107/3079 1730/3108/3080
f 1730/3108/3080 1731/3109/3081 1778/3103/3075
f 1778/3103/3075 1731/3109/3081 1777/3110/3082
f 1777/3110/3082 1731/3109/3081 1732/3111/3083
f 1777/3110/3082 1732/3111/3083 1776/3112/3084
f 1776/3112/3084 1732/3111/3083 1775/3113/3085
f 1775/3113/3085 1732/3111/3083 1733/2735/2707
f 1775/3113/3085 1733/2735/2707 1798/3114/3086
f 1798/3114/3086 1733/2735/2707 1797/3115/3087
f 1797/3115/3087 1733/2735/2707 1796/3116/3088
f 1796/3116/3088 1733/2735/2707 1795/3117/3089
f 1795/3117/3089 1733/2735/2707 1794/2737/2709
f 1737/3118/3090 1738/3119/3091 1736/2835/2807
f 1736/2835/2807 1738/3119/3091 1739/2840/2812
f 1740/3001/2973 1741/3120/3092 1742/2996/2968
f 1743/2958/2930 1744/3121/3093 1745/2904/2876
f 1747/3122/3094 1748/3123/3095 1746/2905/2877
f 1746/2905/2877 1748/3123/3095 1828/2803/2775
f 1828/2803/2775 1748/3123/3095 1830/3124/3096
f 1830/3124/3096 1748/3123/3095 1749/3125/3097
f 1830/3124/3096 1749/3125/3097 1751/3126/3098
f 1751/3126/3098 1749/3125/3097 1750/3127/3099
f 1751/3126/3098 1752/3128/3100 1830/3124/3096
f 1830/3124/3096 1752/3128/3100 1755/2801/2773
f 1830/3124/3096 1755/2801/2773 1828/2803/2775
f 1753/3129/3101 1754/3130/3102 1752/3128/3100
f 1752/3128/3100 1754/3130/3102 1755/2801/2773
f 1762/2783/2755 1763/3131/3103 1764/2787/2759
f 1764/2787/2759 1765/3132/3104 1767/2789/2761
f 1767/2789/2761 1765/3132/3104 1766/3133/3105
f 1769/3134/3106 1770/3135/3107 1768/2790/2762
f 1768/2790/2762 1770/3135/3107 1807/3136/3108
f 1768/2790/2762 1807/3136/3108 1808/3137/3109
f 1807/3136/3108 1770/3135/3107 1806/3138/3110
f 1806/3138/3110 1770/3135/3107 1771/3139/3111
f 1806/3138/3110 1771/3139/3111 1805/3140/3112
f 1805/3140/3112 1771/3139/3111 1804/3141/3113
f 1804/3141/3113 1771/3139/3111 1803/3142/3114
f 1803/3142/3114 1771/3139/3111 1802/3143/3115
f 1802/3143/3115 1771/3139/3111 1801/3144/3116
f 1801/3144/3116 1771/3139/3111 1800/3145/3117
f 1800/3145/3117 1771/3139/3111 1773/2761/2733
f 1800/3145/3117 1773/2761/2733 1799/2760/2732
f 1771/3139/3111 1772/3146/3118 1773/2761/2733
f 1780/3105/3077 1781/3099/3071 1726/3098/3070
f 1783/3101/3073 1784/2750/2722 1725/3097/3069
f 1808/3137/3109 1809/2788/2760 1768/2790/2762
f 59/3147/3119 1740/3148/3120 60/3149/3121
f 60/3149/3121 1740/3148/3120 1739/3150/3122
f 1764/3151/3123 97/3152/3124 1765/3153/3125
f 1765/3153/3125 97/3152/3124 96/3154/3126
f 61/3155/3127 1738/3156/3128 62/3157/3129
f 62/3157/3129 1738/3156/3128 1737/3158/3130
f 62/3159/3131 1737/3160/3132 63/3161/3133
f 63/3161/3133 1737/3160/3132 1736/3162/3134
f 60/3163/3135 1739/3164/3136 61/3165/3137
f 61/3165/3137 1739/3164/3136 1738/3166/3138
f 1751/3167/3139 110/3168/3140 1752/3169/3141
f 1752/3169/3141 110/3168/3140 109/3170/3142
f 63/3171/3143 1736/3172/3144 64/3173/3145
f 64/3173/3145 1736/3172/3144 1735/3174/3146
f 64/3175/3147 1735/3176/3148 65/3177/3149
f 65/3177/3149 1735/3176/3148 1734/3178/3150
f 106/3179/3151 1755/3180/3152 107/3181/3153
f 107/3181/3153 1755/3180/3152 1754/3182/3154
f 1761/3183/3155 100/3184/3156 1762/3185/3157
f 1762/3185/3157 100/3184/3156 99/3186/3158
f 81/3187/3159 1718/3188/3160 82/3189/3161
f 82/3189/3161 1718/3188/3160 1717/3190/3162
f 80/3191/3163 1719/3192/3164 81/3193/3165
f 81/3193/3165 1719/3192/3164 1718/3194/3166
f 73/3195/3167 1726/3196/3168 74/3197/3169
f 74/3197/3169 1726/3196/3168 1725/3198/3170
f 1732/3199/3171 67/3200/3172 1733/3201/3173
f 1733/3201/3173 67/3200/3172 66/3202/3174
f 65/3203/3175 1734/3204/3176 66/3205/3177
f 66/3205/3177 1734/3204/3176 1733/3206/3178
f 1755/3207/3152 106/3208/3151 1756/3209/3179
f 1756/3209/3179 106/3208/3151 105/3210/3180
f 1756/3209/3179 105/3210/3180 1757/3211/3181
f 1757/3211/3181 105/3210/3180 104/3212/3182
f 1757/3211/3181 104/3212/3182 1758/3213/3183
f 1758/3213/3183 104/3212/3182 103/3214/3184
f 1758/3213/3183 103/3214/3184 1759/3215/3185
f 1759/3215/3185 103/3214/3184 102/3216/3186
f 1759/3215/3185 102/3216/3186 1760/3217/3187
f 1760/3217/3187 102/3216/3186 101/3218/3188
f 1760/3217/3187 101/3218/3188 1761/3219/3155
f 1761/3219/3155 101/3218/3188 100/3220/3156
f 67/3221/3172 1732/3222/3171 68/3223/3189
f 68/3223/3189 1732/3222/3171 1731/3224/3190
f 68/3223/3189 1731/3224/3190 69/3225/3191
f 69/3225/3191 1731/3224/3190 1730/3226/3192
f 69/3225/3191 1730/3226/3192 70/3227/3193
f 70/3227/3193 1730/3226/3192 1729/3228/3194
f 70/3227/3193 1729/3228/3194 71/3229/3195
f 71/3229/3195 1729/3228/3194 1728/3230/3196
f 71/3229/3195 1728/3230/3196 72/3231/3197
f 72/3231/3197 1728/3230/3196 1727/3232/3198
f 72/3231/3197 1727/3232/3198 73/3233/3167
f 73/3233/3167 1727/3232/3198 1726/3234/3168
f 74/3235/3169 1725/3236/3170 75/3237/3199
f 75/3237/3199 1725/3236/3170 1724/3238/3200
f 75/3237/3199 1724/3238/3200 76/3239/3201
f 76/3239/3201 1724/3238/3200 1723/3240/3202
f 76/3239/3201 1723/3240/3202 77/3241/3203
f 77/3241/3203 1723/3240/3202 1722/3242/3204
f 77/3241/3203 1722/3242/3204 78/3243/3205
f 78/3243/3205 1722/3242/3204 1721/3244/3206
f 78/3243/3205 1721/3244/3206 79/3245/3207
f 79/3245/3207 1721/3244/3206 1720/3246/3208
f 79/3245/3207 1720/3246/3208 80/3247/3163
f 80/3247/3163 1720/3246/3208 1719/3248/3164
f 1798/3249/3209 120/3250/3210 1775/3251/3211
f 1775/3251/3211 120/3250/3210 119/3252/3212
f 1775/3251/3211 119/3252/3212 1776/3253/3213
f 1776/3253/3213 119/3252/3212 142/3254/3214
f 1776/3253/3213 142/3254/3214 1777/3255/3215
f 1777/3255/3215 142/3254/3214 141/3256/3216
f 1777/3255/3215 141/3256/3216 1778/3257/3217
f 1778/3257/3217 141/3256/3216 140/3258/3218
f 1778/3257/3217 140/3258/3218 1779/3259/3219
f 1779/3259/3219 140/3258/3218 139/3260/3220
f 1779/3259/3219 139/3260/3220 1780/3261/3221
f 1780/3261/3221 139/3260/3220 138/3262/3222
f 1780/3261/3221 138/3262/3222 1781/3263/3223
f 1781/3263/3223 138/3262/3222 137/3264/3224
f 1781/3263/3223 137/3264/3224 1782/3265/3225
f 1782/3265/3225 137/3264/3224 136/3266/3226
f 1782/3265/3225 136/3266/3226 1783/3267/3227
f 1783/3267/3227 136/3266/3226 135/3268/3228
f 1783/3267/3227 135/3268/3228 1784/3269/3229
f 1784/3269/3229 135/3268/3228 134/3270/3230
f 1784/3269/3229 134/3270/3230 1785/3271/3231
f 1785/3271/3231 134/3270/3230 133/3272/3232
f 1785/3271/3231 133/3272/3232 1786/3273/3233
f 1786/3273/3233 133/3272/3232 132/3274/3234
f 1786/3273/3233 132/3274/3234 1787/3275/3235
f 1787/3275/3235 132/3274/3234 131/3276/3236
f 1787/3277/3235 131/3278/3236 1788/3279/3237
f 1788/3279/3237 131/3278/3236 130/3280/3238
f 1788/3279/3237 130/3280/3238 1789/3281/3239
f 1789/3281/3239 130/3280/3238 129/3282/3240
f 1789/3281/3239 129/3282/3240 1790/3283/3241
f 1790/3283/3241 129/3282/3240 128/3284/3242
f 1790/3283/3241 128/3284/3242 1791/3285/3243
f 1791/3285/3243 128/3284/3242 127/3286/3244
f 1791/3285/3243 127/3286/3244 1792/3287/3245
f 1792/3287/3245 127/3286/3244 126/3288/3246
f 1792/3287/3245 126/3288/3246 1793/3289/3247
f 1793/3289/3247 126/3288/3246 125/3290/3248
f 1793/3289/3247 125/3290/3248 1794/3291/3249
f 1794/3291/3249 125/3290/3248 124/3292/3250
f 1794/3291/3249 124/3292/3250 1795/3293/3251
f 1795/3293/3251 124/3292/3250 123/3294/3252
f 1795/3293/3251 123/3294/3252 1796/3295/3253
f 1796/3295/3253 123/3294/3252 122/3296/3254
f 1796/3295/3253 122/3296/3254 1797/3297/3255
f 1797/3297/3255 122/3296/3254 121/3298/3256
f 1797/3297/3255 121/3298/3256 1798/3249/3209
f 1798/3249/3209 121/3298/3256 120/3250/3210
f 108/3299/3257 1753/3300/3258 109/3301/3259
f 109/3301/3259 1753/3300/3258 1752/3302/3260
f 107/3303/3261 1754/3304/3262 108/3305/3263
f 108/3305/3263 1754/3304/3262 1753/3306/3264
f 1813/3307/3265 144/3308/3266 1814/3309/3267
f 1814/3309/3267 144/3308/3266 143/3310/3268
f 1820/3311/3269 165/3312/3270 1821/3313/3271
f 1821/3313/3271 165/3312/3270 164/3314/3272
f 157/3315/3273 1800/3316/3274 158/3317/3275
f 158/3317/3275 1800/3316/3274 1799/3318/3276
f 1806/3319/3277 151/3320/3278 1807/3321/3279
f 1807/3321/3279 151/3320/3278 150/3322/3280
f 1800/3323/3274 157/3324/3273 1801/3325/3281
f 1801/3325/3281 157/3324/3273 156/3326/3282
f 1801/3325/3281 156/3326/3282 1802/3327/3283
f 1802/3327/3283 156/3326/3282 155/3328/3284
f 1802/3327/3283 155/3328/3284 1803/3329/3285
f 1803/3329/3285 155/3328/3284 154/3330/3286
f 1803/3329/3285 154/3330/3286 1804/3331/3287
f 1804/3331/3287 154/3330/3286 153/3332/3288
f 1804/3331/3287 153/3332/3288 1805/3333/3289
f 1805/3333/3289 153/3332/3288 152/3334/3290
f 1805/3333/3289 152/3334/3290 1806/3335/3277
f 1806/3335/3277 152/3334/3290 151/3336/3278
f 1807/3337/3279 150/3338/3280 1808/3339/3291
f 1808/3339/3291 150/3338/3280 149/3340/3292
f 1808/3339/3291 149/3340/3292 1809/3341/3293
f 1809/3341/3293 149/3340/3292 148/3342/3294
f 1809/3341/3293 148/3342/3294 1810/3343/3295
f 1810/3343/3295 148/3342/3294 147/3344/3296
f 1810/3343/3295 147/3344/3296 1811/3345/3297
f 1811/3345/3297 147/3344/3296 146/3346/3298
f 1811/3345/3297 146/3346/3298 1812/3347/3299
f 1812/3347/3299 146/3346/3298 145/3348/3300
f 1812/3347/3299 145/3348/3300 1813/3349/3265
f 1813/3349/3265 145/3348/3300 144/3350/3266
f 1814/3351/3267 143/3352/3268 1815/3353/3301
f 1815/3353/3301 143/3352/3268 170/3354/3302
f 1815/3353/3301 170/3354/3302 1816/3355/3303
f 1816/3355/3303 170/3354/3302 169/3356/3304
f 1816/3355/3303 169/3356/3304 1817/3357/3305
f 1817/3357/3305 169/3356/3304 168/3358/3306
f 1817/3357/3305 168/3358/3306 1818/3359/3307
f 1818/3359/3307 168/3358/3306 167/3360/3308
f 1818/3359/3307 167/3360/3308 1819/3361/3309
f 1819/3361/3309 167/3360/3308 166/3362/3310
f 1819/3361/3309 166/3362/3310 1820/3363/3269
f 1820/3363/3269 166/3362/3310 165/3364/3270
f 1821/3365/3271 164/3366/3272 1822/3367/3311
f 1822/3367/3311 164/3366/3272 163/3368/3312
f 1822/3367/3311 163/3368/3312 1823/3369/3313
f 1823/3369/3313 163/3368/3312 162/3370/3314
f 1823/3369/3313 162/3370/3314 1824/3371/3315
f 1824/3371/3315 162/3370/3314 161/3372/3316
f 1824/3371/3315 161/3372/3316 1825/3373/3317
f 1825/3373/3317 161/3372/3316 160/3374/3318
f 1825/3373/3317 160/3374/3318 1826/3375/3319
f 1826/3375/3319 160/3374/3318 159/3376/3320
f 1826/3375/3319 159/3376/3320 1799/3377/3276
f 1799/3377/3276 159/3376/3320 158/3378/3275
f 1740/3379/3321 59/3380/3322 1741/3381/3323
f 1741/3381/3323 59/3380/3322 58/3382/3324
f 1741/3383/3325 58/3384/3326 1742/3385/3327
f 1742/3385/3327 58/3384/3326 57/3386/3328
f 1742/3387/3329 57/3388/3330 1743/3389/3331
f 1743/3389/3331 57/3388/3330 118/3390/3332
f 1743/3391/3333 118/3392/3334 1744/3393/3335
f 1744/3393/3335 118/3392/3334 117/3394/3336
f 1744/3395/3337 117/3396/3338 1745/3397/3339
f 1745/3397/3339 117/3396/3338 116/3398/3340
f 1745/3399/3341 116/3400/3342 1746/3401/3343
f 1746/3401/3343 116/3400/3342 115/3402/3344
f 1746/3403/3345 115/3404/3346 1747/3405/3347
f 1747/3405/3347 115/3404/3346 114/3406/3348
f 1749/3407/3349 112/3408/3350 1750/3409/3351
f 1750/3409/3351 112/3408/3350 111/3410/3352
f 1747/3411/3353 114/3412/3354 1748/3413/3355
f 1748/3413/3355 114/3412/3354 113/3414/3356
f 1748/3415/3357 113/3416/3358 1749/3417/3359
f 1749/3417/3359 113/3416/3358 112/3418/3360
f 1750/3419/3361 111/3420/3362 1751/3421/3363
f 1751/3421/3363 111/3420/3362 110/3422/3364
f 1765/3423/3365 96/3424/3366 1766/3425/3367
f 1766/3425/3367 96/3424/3366 95/3426/3368
f 1766/3427/3369 95/3428/3370 1767/3429/3371
f 1767/3429/3371 95/3428/3370 94/3430/3372
f 1767/3431/3373 94/3432/3374 1768/3433/3375
f 1768/3433/3375 94/3432/3374 93/3434/3376
f 1768/3435/3377 93/3436/3378 1769/3437/3379
f 1769/3437/3379 93/3436/3378 92/3438/3380
f 1770/3439/3381 91/3440/3382 1771/3441/3383
f 1771/3441/3383 91/3440/3382 90/3442/3384
f 1769/3443/3385 92/3444/3386 1770/3445/3387
f 1770/3445/3387 92/3444/3386 91/3446/3388
f 1771/3447/3389 90/3448/3390 1772/3449/3391
f 1772/3449/3391 90/3448/3390 89/3450/3392
f 1772/3451/3393 89/3452/3394 1773/3453/3395
f 1773/3453/3395 89/3452/3394 88/3454/3396
f 1773/3455/3397 88/3456/3398 1774/3457/3399
f 1774/3457/3399 88/3456/3398 87/3458/3400
f 1774/3459/3401 87/3460/3402 1715/3461/3403
f 1715/3461/3403 87/3460/3402 86/3462/3404
f 1715/3463/3405 86/3464/3406 1714/3465/3407
f 1714/3465/3407 86/3464/3406 85/3466/3408
f 82/3467/3409 1717/3468/3410 83/3469/3411
f 83/3469/3411 1717/3468/3410 1716/3470/3412
f 83/3471/3413 1716/3472/3414 84/3473/3415
f 84/3473/3415 1716/3472/3414 1713/3474/3416
f 98/3475/3417 1763/3476/3418 99/3477/3419
f 99/3477/3419 1763/3476/3418 1762/3478/3420
f 97/3479/3421 1764/3480/3422 98/3481/3423
f 98/3481/3423 1764/3480/3422 1763/3482/3424
# 1830 vertices
# 3482 texture params
# 3424 normals
# 3672 facets

# 1 groups
