# WaveFront *.obj file (generated by Autodesk ATF)

mtllib Top_deck.mtl

g Body1

v 1.050000 14.850000 0.000000
v 1.750000 14.850000 0.000000
v 1.750000 14.150000 0.000000
v 1.050000 14.150000 0.000000
v 1.326674 14.520020 -0.000000
v 1.296364 14.507395 0.000000
v 1.270746 14.490804 0.000000
v 1.249798 14.470336 0.000000
v 1.233623 14.446294 0.000000
v 1.222592 14.419432 0.000000
v 1.216686 14.389804 0.000000
v 1.215858 14.357694 0.000000
v 1.220074 14.326744 0.000000
v 1.229331 14.298070 0.000000
v 1.243627 14.271681 0.000000
v 1.262963 14.247587 0.000000
v 1.286829 14.226469 0.000000
v 1.313904 14.210089 0.000000
v 1.344128 14.198536 0.000000
v 1.377512 14.191811 0.000000
v 1.414027 14.189914 0.000000
v 1.449887 14.192857 0.000000
v 1.482566 14.200643 0.000000
v 1.512076 14.213269 0.000000
v 1.538432 14.230729 0.000000
v 1.561431 14.252738 0.000000
v 1.579692 14.277493 0.000000
v 1.592946 14.304654 0.000000
v 1.601186 14.334276 0.000000
v 1.604383 14.366304 0.000000
v 1.602533 14.398644 0.000000
v 1.595682 14.427845 0.000000
v 1.583885 14.453861 0.000000
v 1.567267 14.476594 0.000000
v 1.546389 14.495278 0.000000
v 1.521348 14.509752 0.000000
v 1.492118 14.520020 0.000000
v 1.513179 14.529162 0.000000
v 1.531309 14.540059 0.000000
v 1.546525 14.552710 0.000000
v 1.558839 14.567117 0.000000
v 1.569407 14.585416 0.000000
v 1.576490 14.605639 0.000000
v 1.580085 14.627791 0.000000
v 1.580219 14.651480 0.000000
v 1.577069 14.674256 0.000000
v 1.570680 14.695541 0.000000
v 1.561050 14.715394 0.000000
v 1.548154 14.733825 0.000000
v 1.532079 14.750679 0.000000
v 1.513376 14.765189 0.000000
v 1.492585 14.776614 0.000000
v 1.469728 14.784914 0.000000
v 1.417635 14.792411 0.000000
v 1.363702 14.787685 0.000000
v 1.339810 14.780728 0.000000
v 1.318000 14.770698 0.000000
v 1.298270 14.757585 0.000000
v 1.280691 14.741500 0.000000
v 1.266091 14.723748 0.000000
v 1.254693 14.704709 0.000000
v 1.246503 14.684397 0.000000
v 1.241513 14.662687 0.000000
v 1.239730 14.639700 0.000000
v 1.241271 14.616786 0.000000
v 1.246340 14.595599 0.000000
v 1.255040 14.576346 0.000000
v 1.267428 14.558936 0.000000
v 1.283495 14.543621 0.000000
v 1.303228 14.530664 0.000000
v -4.375000 0.300000 0.300000
v -4.375000 7.850000 0.300000
v -4.375000 15.400000 0.300000
v -4.375000 15.400000 0.000000
v -4.375000 7.850000 0.000000
v -4.375000 0.300000 0.000000
v -4.075000 0.000000 0.000000
v 4.075000 0.000000 0.000000
v 4.075000 0.000000 0.300000
v -4.075000 0.000000 0.300000
v 4.375000 0.300000 0.000000
v 4.375000 7.850000 0.000000
v 4.375000 15.400000 0.000000
v 4.375000 15.400000 0.300000
v 4.375000 7.850000 0.300000
v 4.375000 0.300000 0.300000
v 4.075000 15.700000 0.000000
v -4.075000 15.700000 0.000000
v -4.075000 15.700000 0.300000
v 4.075000 15.700000 0.300000
v -4.152646 15.689778 0.300000
v -4.225000 15.659808 0.300000
v -4.287132 15.612132 0.300000
v -4.334808 15.550000 0.300000
v -4.364778 15.477646 0.300000
v -4.364778 0.222354 0.300000
v -4.334808 0.150000 0.300000
v -4.287132 0.087868 0.300000
v -4.225000 0.040192 0.300000
v -4.152646 0.010222 0.300000
v 4.152646 0.010222 0.300000
v 4.225000 0.040192 0.300000
v 4.287132 0.087868 0.300000
v 4.334808 0.150000 0.300000
v 4.364778 0.222354 0.300000
v 4.364778 15.477646 0.300000
v 4.334808 15.550000 0.300000
v 4.287132 15.612132 0.300000
v 4.225000 15.659808 0.300000
v 4.152646 15.689778 0.300000
v 3.875000 6.400000 0.300000
v 3.875000 7.400000 0.300000
v 4.175000 7.400000 0.300000
v 4.175000 6.400000 0.300000
v -3.875000 15.000000 0.300000
v -3.875000 14.000000 0.300000
v -4.175000 14.000000 0.300000
v -4.175000 15.000000 0.300000
v -4.175000 6.400000 0.300000
v -4.175000 7.400000 0.300000
v -3.875000 7.400000 0.300000
v -3.875000 6.400000 0.300000
v 3.875000 14.000000 0.300000
v 3.875000 15.000000 0.300000
v 4.175000 15.000000 0.300000
v 4.175000 14.000000 0.300000
v 3.850000 9.380000 0.300000
v 3.855111 9.418823 0.300000
v 3.870096 9.455000 0.300000
v 3.893934 9.486066 0.300000
v 3.925000 9.509904 0.300000
v 3.961177 9.524889 0.300000
v 4.000000 9.530000 0.300000
v 4.038823 9.524889 0.300000
v 4.075000 9.509904 0.300000
v 4.106066 9.486066 0.300000
v 4.129904 9.455000 0.300000
v 4.144889 9.418823 0.300000
v 4.150000 9.380000 0.300000
v 4.144889 9.341177 0.300000
v 4.129904 9.305000 0.300000
v 4.106066 9.273934 0.300000
v 4.075000 9.250096 0.300000
v 4.038823 9.235111 0.300000
v 4.000000 9.230000 0.300000
v 3.961177 9.235111 0.300000
v 3.925000 9.250096 0.300000
v 3.893934 9.273934 0.300000
v 3.870096 9.305000 0.300000
v 3.855111 9.341177 0.300000
v -4.150000 9.380000 0.300000
v -4.144889 9.418823 0.300000
v -4.129904 9.455000 0.300000
v -4.106066 9.486066 0.300000
v -4.075000 9.509904 0.300000
v -4.038823 9.524889 0.300000
v -4.000000 9.530000 0.300000
v -3.961177 9.524889 0.300000
v -3.925000 9.509904 0.300000
v -3.893934 9.486066 0.300000
v -3.870096 9.455000 0.300000
v -3.855111 9.418823 0.300000
v -3.850000 9.380000 0.300000
v -3.855111 9.341177 0.300000
v -3.870096 9.305000 0.300000
v -3.893934 9.273934 0.300000
v -3.925000 9.250096 0.300000
v -3.961177 9.235111 0.300000
v -4.000000 9.230000 0.300000
v -4.038823 9.235111 0.300000
v -4.075000 9.250096 0.300000
v -4.106066 9.273934 0.300000
v -4.129904 9.305000 0.300000
v -4.144889 9.341177 0.300000
v 0.600000 14.500000 0.300000
v 0.579555 14.344709 0.300000
v 0.519615 14.200000 0.300000
v 0.424264 14.075736 0.300000
v 0.300000 13.980385 0.300000
v 0.155291 13.920445 0.300000
v -0.000000 13.900000 0.300000
v -0.155291 13.920445 0.300000
v -0.300000 13.980385 0.300000
v -0.424264 14.075736 0.300000
v -0.519615 14.200000 0.300000
v -0.579555 14.344709 0.300000
v -0.600000 14.500000 0.300000
v -0.579555 14.655291 0.300000
v -0.519615 14.800000 0.300000
v -0.424264 14.924264 0.300000
v -0.300000 15.019615 0.300000
v -0.155291 15.079555 0.300000
v 0.000000 15.100000 0.300000
v 0.155291 15.079555 0.300000
v 0.300000 15.019615 0.300000
v 0.424264 14.924264 0.300000
v 0.519615 14.800000 0.300000
v 0.579555 14.655291 0.300000
v -3.375000 9.380000 0.300000
v -3.370741 9.412352 0.300000
v -3.358253 9.442500 0.300000
v -3.338388 9.468388 0.300000
v -3.312500 9.488253 0.300000
v -3.282352 9.500741 0.300000
v -3.250000 9.505000 0.300000
v -3.217648 9.500741 0.300000
v -3.187500 9.488253 0.300000
v -3.161612 9.468388 0.300000
v -3.141747 9.442500 0.300000
v -3.129259 9.412352 0.300000
v -3.125000 9.380000 0.300000
v -3.129259 9.347648 0.300000
v -3.141747 9.317500 0.300000
v -3.161612 9.291612 0.300000
v -3.187500 9.271747 0.300000
v -3.217648 9.259259 0.300000
v -3.250000 9.255000 0.300000
v -3.282352 9.259259 0.300000
v -3.312500 9.271747 0.300000
v -3.338388 9.291612 0.300000
v -3.358253 9.317500 0.300000
v -3.370741 9.347648 0.300000
v -1.275000 9.380000 0.300000
v -1.270741 9.412352 0.300000
v -1.258253 9.442500 0.300000
v -1.238388 9.468388 0.300000
v -1.212500 9.488253 0.300000
v -1.182352 9.500741 0.300000
v -1.150000 9.505000 0.300000
v -1.117648 9.500741 0.300000
v -1.087500 9.488253 0.300000
v -1.061612 9.468388 0.300000
v -1.041747 9.442500 0.300000
v -1.029259 9.412352 0.300000
v -1.025000 9.380000 0.300000
v -1.029259 9.347648 0.300000
v -1.041747 9.317500 0.300000
v -1.061612 9.291612 0.300000
v -1.087500 9.271747 0.300000
v -1.117648 9.259259 0.300000
v -1.150000 9.255000 0.300000
v -1.182352 9.259259 0.300000
v -1.212500 9.271747 0.300000
v -1.238388 9.291612 0.300000
v -1.258253 9.317500 0.300000
v -1.270741 9.347648 0.300000
v -1.275000 11.720000 0.300000
v -1.270741 11.752352 0.300000
v -1.258253 11.782500 0.300000
v -1.238388 11.808388 0.300000
v -1.212500 11.828253 0.300000
v -1.182352 11.840741 0.300000
v -1.150000 11.845000 0.300000
v -1.117648 11.840741 0.300000
v -1.087500 11.828253 0.300000
v -1.061612 11.808388 0.300000
v -1.041747 11.782500 0.300000
v -1.029259 11.752352 0.300000
v -1.025000 11.720000 0.300000
v -1.029259 11.687648 0.300000
v -1.041747 11.657500 0.300000
v -1.061612 11.631612 0.300000
v -1.087500 11.611747 0.300000
v -1.117648 11.599259 0.300000
v -1.150000 11.595000 0.300000
v -1.182352 11.599259 0.300000
v -1.212500 11.611747 0.300000
v -1.238388 11.631612 0.300000
v -1.258253 11.657500 0.300000
v -1.270741 11.687648 0.300000
v -3.375000 11.720000 0.300000
v -3.370741 11.752352 0.300000
v -3.358253 11.782500 0.300000
v -3.338388 11.808388 0.300000
v -3.312500 11.828253 0.300000
v -3.282352 11.840741 0.300000
v -3.250000 11.845000 0.300000
v -3.217648 11.840741 0.300000
v -3.187500 11.828253 0.300000
v -3.161612 11.808388 0.300000
v -3.141747 11.782500 0.300000
v -3.129259 11.752352 0.300000
v -3.125000 11.720000 0.300000
v -3.129259 11.687648 0.300000
v -3.141747 11.657500 0.300000
v -3.161612 11.631612 0.300000
v -3.187500 11.611747 0.300000
v -3.217648 11.599259 0.300000
v -3.250000 11.595000 0.300000
v -3.282352 11.599259 0.300000
v -3.312500 11.611747 0.300000
v -3.338388 11.631612 0.300000
v -3.358253 11.657500 0.300000
v -3.370741 11.687648 0.300000
v -3.370711 11.299289 0.300000
v -3.079289 11.590711 0.300000
v -3.063397 11.611421 0.300000
v -3.053407 11.635539 0.300000
v -3.050000 11.661421 0.300000
v -3.050000 11.820000 0.300000
v -3.046593 11.845882 0.300000
v -3.036603 11.870000 0.300000
v -3.020711 11.890711 0.300000
v -3.000000 11.906603 0.300000
v -2.975882 11.916593 0.300000
v -2.950000 11.920000 0.300000
v -1.450000 11.920000 0.300000
v -1.424118 11.916593 0.300000
v -1.400000 11.906603 0.300000
v -1.379289 11.890711 0.300000
v -1.363397 11.870000 0.300000
v -1.353407 11.845882 0.300000
v -1.350000 11.820000 0.300000
v -1.350000 11.661421 0.300000
v -1.346593 11.635539 0.300000
v -1.336603 11.611421 0.300000
v -1.320711 11.590711 0.300000
v -1.029289 11.299289 0.300000
v -1.013397 11.278579 0.300000
v -1.003407 11.254461 0.300000
v -1.000000 11.228579 0.300000
v -1.000000 9.871421 0.300000
v -1.003407 9.845539 0.300000
v -1.013397 9.821421 0.300000
v -1.029289 9.800711 0.300000
v -1.320711 9.509289 0.300000
v -1.336603 9.488579 0.300000
v -1.346593 9.464461 0.300000
v -1.350000 9.438579 0.300000
v -1.350000 9.280000 0.300000
v -1.353407 9.254118 0.300000
v -1.363397 9.230000 0.300000
v -1.379289 9.209289 0.300000
v -1.400000 9.193397 0.300000
v -1.424118 9.183407 0.300000
v -1.450000 9.180000 0.300000
v -2.950000 9.180000 0.300000
v -2.975882 9.183407 0.300000
v -3.000000 9.193397 0.300000
v -3.020711 9.209289 0.300000
v -3.036603 9.230000 0.300000
v -3.046593 9.254118 0.300000
v -3.050000 9.280000 0.300000
v -3.050000 9.438579 0.300000
v -3.053407 9.464461 0.300000
v -3.063397 9.488579 0.300000
v -3.079289 9.509289 0.300000
v -3.370711 9.800711 0.300000
v -3.386603 9.821421 0.300000
v -3.396593 9.845539 0.300000
v -3.400000 9.871421 0.300000
v -3.400000 11.228579 0.300000
v -3.396593 11.254461 0.300000
v -3.386603 11.278579 0.300000
v 0.729912 9.006653 0.300000
v 0.661696 9.053974 0.300000
v 0.595672 9.104308 0.300000
v 0.531973 9.157553 0.300000
v 3.142447 11.768027 0.300000
v 3.195692 11.704328 0.300000
v 3.246026 11.638304 0.300000
v 3.293347 11.570088 0.300000
v 0.357553 9.331973 0.300000
v 0.304308 9.395672 0.300000
v 0.253974 9.461696 0.300000
v 0.206653 9.529912 0.300000
v 2.770088 12.093347 0.300000
v 2.838304 12.046026 0.300000
v 2.904328 11.995692 0.300000
v 2.968027 11.942447 0.300000
v 1.819939 8.701322 0.300000
v 1.709137 8.700451 0.300000
v 1.598482 8.706215 0.300000
v 1.488370 8.718593 0.300000
v 3.581407 10.811630 0.300000
v 3.593785 10.701518 0.300000
v 3.599549 10.590863 0.300000
v 3.598678 10.480061 0.300000
v 1.203500 8.782562 0.300000
v 1.118350 8.811173 0.300000
v 1.034690 8.843884 0.300000
v 0.952716 8.880617 0.300000
v 3.419383 11.347284 0.300000
v 3.456116 11.265310 0.300000
v 3.488827 11.181650 0.300000
v 3.517438 11.096500 0.300000
v 1.680061 12.398678 0.300000
v 1.790863 12.399549 0.300000
v 1.901518 12.393785 0.300000
v 2.011630 12.381407 0.300000
v -0.081407 10.288370 0.300000
v -0.093785 10.398482 0.300000
v -0.099549 10.509137 0.300000
v -0.098678 10.619939 0.300000
v 0.080617 9.752716 0.300000
v 0.043884 9.834690 0.300000
v 0.011173 9.918350 0.300000
v -0.017438 10.003500 0.300000
v 2.296500 12.317438 0.300000
v 2.381650 12.288827 0.300000
v 2.465310 12.256116 0.300000
v 2.547284 12.219383 0.300000
v -0.036347 11.031109 0.300000
v 0.148447 11.476028 0.300000
v 0.441852 11.858148 0.300000
v 0.823972 12.151553 0.300000
v 1.268891 12.336347 0.300000
v 2.231109 8.763653 0.300000
v 3.536347 10.068891 0.300000
v 3.351553 9.623972 0.300000
v 3.058148 9.241852 0.300000
v 2.676028 8.948447 0.300000
v -4.364778 15.477646 0.000000
v -4.334808 15.550000 0.000000
v -4.287132 15.612132 0.000000
v -4.225000 15.659808 0.000000
v -4.152646 15.689778 0.000000
v 4.152646 15.689778 0.000000
v 4.225000 15.659808 0.000000
v 4.287132 15.612132 0.000000
v 4.334808 15.550000 0.000000
v 4.364778 15.477646 0.000000
v 4.364778 0.222354 0.000000
v 4.334808 0.150000 0.000000
v 4.287132 0.087868 0.000000
v 4.225000 0.040192 0.000000
v 4.152646 0.010222 0.000000
v -4.152646 0.010222 0.000000
v -4.225000 0.040192 0.000000
v -4.287132 0.087868 0.000000
v -4.334808 0.150000 0.000000
v -4.364778 0.222354 0.000000
v 1.800000 14.100000 0.000000
v 1.800000 14.900000 0.000000
v 1.000000 14.900000 0.000000
v 1.000000 14.100000 0.000000
v 4.175000 7.400000 0.000000
v 3.875000 7.400000 0.000000
v 3.875000 6.400000 0.000000
v 4.175000 6.400000 0.000000
v -4.175000 14.000000 0.000000
v -3.875000 14.000000 0.000000
v -3.875000 15.000000 0.000000
v -4.175000 15.000000 0.000000
v -3.875000 7.400000 0.000000
v -4.175000 7.400000 0.000000
v -4.175000 6.400000 0.000000
v -3.875000 6.400000 0.000000
v 4.175000 15.000000 0.000000
v 3.875000 15.000000 0.000000
v 3.875000 14.000000 0.000000
v 4.175000 14.000000 0.000000
v 4.150000 9.380000 0.000000
v 4.144889 9.418823 0.000000
v 4.129904 9.455000 0.000000
v 4.106066 9.486066 0.000000
v 4.075000 9.509904 0.000000
v 4.038823 9.524889 0.000000
v 4.000000 9.530000 0.000000
v 3.961177 9.524889 0.000000
v 3.925000 9.509904 0.000000
v 3.893934 9.486066 0.000000
v 3.870096 9.455000 0.000000
v 3.855111 9.418823 0.000000
v 3.850000 9.380000 0.000000
v 3.855111 9.341177 0.000000
v 3.870096 9.305000 0.000000
v 3.893934 9.273934 0.000000
v 3.925000 9.250096 0.000000
v 3.961177 9.235111 0.000000
v 4.000000 9.230000 0.000000
v 4.038823 9.235111 0.000000
v 4.075000 9.250096 0.000000
v 4.106066 9.273934 0.000000
v 4.129904 9.305000 0.000000
v 4.144889 9.341177 0.000000
v -3.850000 9.380000 0.000000
v -3.855111 9.418823 0.000000
v -3.870096 9.455000 0.000000
v -3.893934 9.486066 0.000000
v -3.925000 9.509904 0.000000
v -3.961177 9.524889 0.000000
v -4.000000 9.530000 0.000000
v -4.038823 9.524889 0.000000
v -4.075000 9.509904 0.000000
v -4.106066 9.486066 0.000000
v -4.129904 9.455000 0.000000
v -4.144889 9.418823 0.000000
v -4.150000 9.380000 0.000000
v -4.144889 9.341177 0.000000
v -4.129904 9.305000 0.000000
v -4.106066 9.273934 0.000000
v -4.075000 9.250096 0.000000
v -4.038823 9.235111 0.000000
v -4.000000 9.230000 0.000000
v -3.961177 9.235111 0.000000
v -3.925000 9.250096 0.000000
v -3.893934 9.273934 0.000000
v -3.870096 9.305000 0.000000
v -3.855111 9.341177 0.000000
v 0.600000 14.500000 0.000000
v 0.579555 14.655291 0.000000
v 0.519615 14.800000 0.000000
v 0.424264 14.924264 0.000000
v 0.300000 15.019615 0.000000
v 0.155291 15.079555 0.000000
v 0.000000 15.100000 0.000000
v -0.155291 15.079555 0.000000
v -0.300000 15.019615 0.000000
v -0.424264 14.924264 0.000000
v -0.519615 14.800000 0.000000
v -0.579555 14.655291 0.000000
v -0.600000 14.500000 0.000000
v -0.579555 14.344709 0.000000
v -0.519615 14.200000 0.000000
v -0.424264 14.075736 0.000000
v -0.300000 13.980385 0.000000
v -0.155291 13.920445 0.000000
v -0.000000 13.900000 0.000000
v 0.155291 13.920445 0.000000
v 0.300000 13.980385 0.000000
v 0.424264 14.075736 0.000000
v 0.519615 14.200000 0.000000
v 0.579555 14.344709 0.000000
v -3.125000 9.380000 0.000000
v -3.129259 9.412352 0.000000
v -3.141747 9.442500 0.000000
v -3.161612 9.468388 0.000000
v -3.187500 9.488253 0.000000
v -3.217648 9.500741 0.000000
v -3.250000 9.505000 0.000000
v -3.282352 9.500741 0.000000
v -3.312500 9.488253 0.000000
v -3.338388 9.468388 0.000000
v -3.358253 9.442500 0.000000
v -3.370741 9.412352 0.000000
v -3.375000 9.380000 0.000000
v -3.370741 9.347648 0.000000
v -3.358253 9.317500 0.000000
v -3.338388 9.291612 0.000000
v -3.312500 9.271747 0.000000
v -3.282352 9.259259 0.000000
v -3.250000 9.255000 0.000000
v -3.217648 9.259259 0.000000
v -3.187500 9.271747 0.000000
v -3.161612 9.291612 0.000000
v -3.141747 9.317500 0.000000
v -3.129259 9.347648 0.000000
v -1.025000 9.380000 0.000000
v -1.029259 9.412352 0.000000
v -1.041747 9.442500 0.000000
v -1.061612 9.468388 0.000000
v -1.087500 9.488253 0.000000
v -1.117648 9.500741 0.000000
v -1.150000 9.505000 0.000000
v -1.182352 9.500741 0.000000
v -1.212500 9.488253 0.000000
v -1.238388 9.468388 0.000000
v -1.258253 9.442500 0.000000
v -1.270741 9.412352 0.000000
v -1.275000 9.380000 0.000000
v -1.270741 9.347648 0.000000
v -1.258253 9.317500 0.000000
v -1.238388 9.291612 0.000000
v -1.212500 9.271747 0.000000
v -1.182352 9.259259 0.000000
v -1.150000 9.255000 0.000000
v -1.117648 9.259259 0.000000
v -1.087500 9.271747 0.000000
v -1.061612 9.291612 0.000000
v -1.041747 9.317500 0.000000
v -1.029259 9.347648 0.000000
v -1.025000 11.720000 0.000000
v -1.029259 11.752352 0.000000
v -1.041747 11.782500 0.000000
v -1.061612 11.808388 0.000000
v -1.087500 11.828253 0.000000
v -1.117648 11.840741 0.000000
v -1.150000 11.845000 0.000000
v -1.182352 11.840741 0.000000
v -1.212500 11.828253 0.000000
v -1.238388 11.808388 0.000000
v -1.258253 11.782500 0.000000
v -1.270741 11.752352 0.000000
v -1.275000 11.720000 0.000000
v -1.270741 11.687648 0.000000
v -1.258253 11.657500 0.000000
v -1.238388 11.631612 0.000000
v -1.212500 11.611747 0.000000
v -1.182352 11.599259 0.000000
v -1.150000 11.595000 0.000000
v -1.117648 11.599259 0.000000
v -1.087500 11.611747 0.000000
v -1.061612 11.631612 0.000000
v -1.041747 11.657500 0.000000
v -1.029259 11.687648 0.000000
v -3.125000 11.720000 0.000000
v -3.129259 11.752352 0.000000
v -3.141747 11.782500 0.000000
v -3.161612 11.808388 0.000000
v -3.187500 11.828253 0.000000
v -3.217648 11.840741 0.000000
v -3.250000 11.845000 0.000000
v -3.282352 11.840741 0.000000
v -3.312500 11.828253 0.000000
v -3.338388 11.808388 0.000000
v -3.358253 11.782500 0.000000
v -3.370741 11.752352 0.000000
v -3.375000 11.720000 0.000000
v -3.370741 11.687648 0.000000
v -3.358253 11.657500 0.000000
v -3.338388 11.631612 0.000000
v -3.312500 11.611747 0.000000
v -3.282352 11.599259 0.000000
v -3.250000 11.595000 0.000000
v -3.217648 11.599259 0.000000
v -3.187500 11.611747 0.000000
v -3.161612 11.631612 0.000000
v -3.141747 11.657500 0.000000
v -3.129259 11.687648 0.000000
v -3.050000 11.820000 0.000000
v -3.050000 11.661421 0.000000
v -3.053407 11.635539 0.000000
v -3.063397 11.611421 0.000000
v -3.079289 11.590711 0.000000
v -3.370711 11.299289 0.000000
v -3.386603 11.278579 0.000000
v -3.396593 11.254461 0.000000
v -3.400000 11.228579 0.000000
v -3.400000 9.871421 0.000000
v -3.396593 9.845539 0.000000
v -3.386603 9.821421 0.000000
v -3.370711 9.800711 0.000000
v -3.079289 9.509289 0.000000
v -3.063397 9.488579 0.000000
v -3.053407 9.464461 0.000000
v -3.050000 9.438579 0.000000
v -3.050000 9.280000 0.000000
v -3.046593 9.254118 0.000000
v -3.036603 9.230000 0.000000
v -3.020711 9.209289 0.000000
v -3.000000 9.193397 0.000000
v -2.975882 9.183407 0.000000
v -2.950000 9.180000 0.000000
v -1.450000 9.180000 0.000000
v -1.424118 9.183407 0.000000
v -1.400000 9.193397 0.000000
v -1.379289 9.209289 0.000000
v -1.363397 9.230000 0.000000
v -1.353407 9.254118 0.000000
v -1.350000 9.280000 0.000000
v -1.350000 9.438579 0.000000
v -1.346593 9.464461 0.000000
v -1.336603 9.488579 0.000000
v -1.320711 9.509289 0.000000
v -1.029289 9.800711 0.000000
v -1.013397 9.821421 0.000000
v -1.003407 9.845539 0.000000
v -1.000000 9.871421 0.000000
v -1.000000 11.228579 0.000000
v -1.003407 11.254461 0.000000
v -1.013397 11.278579 0.000000
v -1.029289 11.299289 0.000000
v -1.320711 11.590711 0.000000
v -1.336603 11.611421 0.000000
v -1.346593 11.635539 0.000000
v -1.350000 11.661421 0.000000
v -1.350000 11.820000 0.000000
v -1.353407 11.845882 0.000000
v -1.363397 11.870000 0.000000
v -1.379289 11.890711 0.000000
v -1.400000 11.906603 0.000000
v -1.424118 11.916593 0.000000
v -1.450000 11.920000 0.000000
v -2.950000 11.920000 0.000000
v -2.975882 11.916593 0.000000
v -3.000000 11.906603 0.000000
v -3.020711 11.890711 0.000000
v -3.036603 11.870000 0.000000
v -3.046593 11.845882 0.000000
v 3.142447 11.768027 0.000000
v 0.531973 9.157553 0.000000
v 0.595672 9.104308 0.000000
v 0.661696 9.053974 0.000000
v 0.729912 9.006653 0.000000
v 3.293347 11.570088 0.000000
v 3.246026 11.638304 0.000000
v 3.195692 11.704328 0.000000
v 2.770088 12.093347 0.000000
v 0.206653 9.529912 0.000000
v 0.253974 9.461696 0.000000
v 0.304308 9.395672 0.000000
v 0.357553 9.331973 0.000000
v 2.968027 11.942447 0.000000
v 2.904328 11.995692 0.000000
v 2.838304 12.046026 0.000000
v 3.581407 10.811630 0.000000
v 1.488370 8.718593 0.000000
v 1.598482 8.706215 0.000000
v 1.709137 8.700451 0.000000
v 1.819939 8.701322 0.000000
v 3.598678 10.480061 0.000000
v 3.599549 10.590863 0.000000
v 3.593785 10.701518 0.000000
v 3.419383 11.347284 0.000000
v 0.952716 8.880617 0.000000
v 1.034690 8.843884 0.000000
v 1.118350 8.811173 0.000000
v 1.203500 8.782562 0.000000
v 3.517438 11.096500 0.000000
v 3.488827 11.181650 0.000000
v 3.456116 11.265310 0.000000
v -0.081407 10.288370 0.000000
v 2.011630 12.381407 0.000000
v 1.901518 12.393785 0.000000
v 1.790863 12.399549 0.000000
v 1.680061 12.398678 0.000000
v -0.098678 10.619939 0.000000
v -0.099549 10.509137 0.000000
v -0.093785 10.398482 0.000000
v 2.296500 12.317438 0.000000
v -0.017438 10.003500 0.000000
v 0.011173 9.918350 0.000000
v 0.043884 9.834690 0.000000
v 0.080617 9.752716 0.000000
v 2.547284 12.219383 0.000000
v 2.465310 12.256116 0.000000
v 2.381650 12.288827 0.000000
v -0.036347 11.031109 0.000000
v 1.268891 12.336347 0.000000
v 0.823972 12.151553 0.000000
v 0.441852 11.858148 0.000000
v 0.148447 11.476028 0.000000
v 2.231109 8.763653 0.000000
v 2.676028 8.948447 0.000000
v 3.058148 9.241852 0.000000
v 3.351553 9.623972 0.000000
v 3.536347 10.068891 0.000000
v 1.050000 14.850000 0.050000
v 1.750000 14.850000 0.050000
v 1.050000 14.150000 0.050000
v 1.750000 14.150000 0.050000
v 1.800000 14.900000 0.050000
v 1.000000 14.900000 0.050000
v 1.800000 14.100000 0.050000
v 1.000000 14.100000 0.050000
v 1.515214 14.310346 0.000000
v 1.524100 14.332026 0.000000
v 1.528894 14.354433 0.000000
v 1.529694 14.377262 0.000000
v 1.526904 14.398875 0.000000
v 1.520673 14.418727 0.000000
v 1.510955 14.436880 0.000000
v 1.497795 14.453315 0.000000
v 1.481829 14.467302 0.000000
v 1.464006 14.477768 0.000000
v 1.444355 14.484723 0.000000
v 1.422897 14.488190 0.000000
v 1.400093 14.488196 0.000000
v 1.378549 14.484801 0.000000
v 1.358813 14.478023 0.000000
v 1.340765 14.467871 0.000000
v 1.324410 14.454355 -0.000000
v 1.324410 14.454355 0.050000
v 1.340765 14.467871 0.050000
v 1.358813 14.478023 0.050000
v 1.378549 14.484801 0.050000
v 1.400093 14.488196 0.050000
v 1.422897 14.488190 0.050000
v 1.444355 14.484723 0.050000
v 1.464006 14.477768 0.050000
v 1.481829 14.467302 0.050000
v 1.497795 14.453315 0.050000
v 1.510955 14.436880 0.050000
v 1.520673 14.418727 0.050000
v 1.526904 14.398875 0.050000
v 1.529694 14.377262 0.050000
v 1.528894 14.354433 0.050000
v 1.524100 14.332026 0.050000
v 1.515214 14.310346 0.050000
v 1.479589 14.574363 0.000000
v 1.490477 14.587231 0.000000
v 1.498581 14.601699 0.000000
v 1.503891 14.617763 0.000000
v 1.506396 14.635426 0.000000
v 1.505931 14.654123 0.000000
v 1.501891 14.671625 0.000000
v 1.494227 14.687716 0.000000
v 1.482955 14.702411 0.000000
v 1.468549 14.715184 0.000000
v 1.452244 14.724561 0.000000
v 1.434064 14.730441 0.000000
v 1.413964 14.732811 0.000000
v 1.393195 14.731593 0.000000
v 1.374191 14.726668 0.000000
v 1.357038 14.718034 0.000000
v 1.341769 14.705691 0.000000
v 1.341769 14.705691 0.050000
v 1.357038 14.718034 0.050000
v 1.374191 14.726668 0.050000
v 1.393195 14.731593 0.050000
v 1.413964 14.732811 0.050000
v 1.434064 14.730441 0.050000
v 1.452244 14.724561 0.050000
v 1.468549 14.715184 0.050000
v 1.482955 14.702411 0.050000
v 1.494227 14.687716 0.050000
v 1.501891 14.671625 0.050000
v 1.505931 14.654123 0.050000
v 1.506396 14.635426 0.050000
v 1.503891 14.617763 0.050000
v 1.498581 14.601699 0.050000
v 1.490477 14.587231 0.050000
v 1.479589 14.574363 0.050000
v 1.492118 14.520020 0.050000
v 1.513179 14.529162 0.050000
v 1.531309 14.540059 0.050000
v 1.546525 14.552710 0.050000
v 1.558839 14.567117 0.050000
v 1.326674 14.520020 0.050000
v 1.296364 14.507395 0.050000
v 1.270746 14.490804 0.050000
v 1.249798 14.470336 0.050000
v 1.233623 14.446294 0.050000
v 1.222592 14.419432 0.050000
v 1.216686 14.389804 0.050000
v 1.215858 14.357694 0.050000
v 1.220074 14.326744 0.050000
v 1.229331 14.298070 0.050000
v 1.243627 14.271681 0.050000
v 1.262963 14.247587 0.050000
v 1.286829 14.226469 0.050000
v 1.313904 14.210089 0.050000
v 1.344128 14.198536 0.050000
v 1.377512 14.191811 0.050000
v 1.414027 14.189914 0.050000
v 1.449887 14.192857 0.050000
v 1.482566 14.200643 0.050000
v 1.512076 14.213269 0.050000
v 1.538432 14.230729 0.050000
v 1.561431 14.252738 0.050000
v 1.579692 14.277493 0.050000
v 1.592946 14.304654 0.050000
v 1.601186 14.334276 0.050000
v 1.604383 14.366304 0.050000
v 1.602533 14.398644 0.050000
v 1.595682 14.427845 0.050000
v 1.583885 14.453861 0.050000
v 1.567267 14.476594 0.050000
v 1.546389 14.495278 0.050000
v 1.521348 14.509752 0.050000
v 1.329957 14.691628 0.000000
v 1.321405 14.676100 0.000000
v 1.316133 14.659068 0.000000
v 1.314160 14.640519 0.000000
v 1.315559 14.621708 0.000000
v 1.320412 14.604437 0.000000
v 1.328720 14.588690 0.000000
v 1.340484 14.574439 0.000000
v 1.355009 14.562618 0.000000
v 1.371510 14.554267 0.000000
v 1.389973 14.549342 0.000000
v 1.410379 14.547797 0.000000
v 1.430632 14.549539 0.000000
v 1.448926 14.554528 0.000000
v 1.465244 14.562793 0.000000
v 1.465244 14.562793 0.050000
v 1.448926 14.554528 0.050000
v 1.430632 14.549539 0.050000
v 1.410379 14.547797 0.050000
v 1.389973 14.549342 0.050000
v 1.371510 14.554267 0.050000
v 1.355009 14.562618 0.050000
v 1.340484 14.574439 0.050000
v 1.328720 14.588690 0.050000
v 1.320412 14.604437 0.050000
v 1.315559 14.621708 0.050000
v 1.314160 14.640519 0.050000
v 1.316133 14.659068 0.050000
v 1.321405 14.676100 0.050000
v 1.329957 14.691628 0.050000
v 1.569407 14.585416 0.050000
v 1.576490 14.605639 0.050000
v 1.580085 14.627791 0.050000
v 1.580219 14.651480 0.050000
v 1.577069 14.674256 0.050000
v 1.570680 14.695541 0.050000
v 1.561050 14.715394 0.050000
v 1.548154 14.733825 0.050000
v 1.532079 14.750679 0.050000
v 1.513376 14.765189 0.050000
v 1.492585 14.776614 0.050000
v 1.469728 14.784914 0.050000
v 1.417635 14.792411 0.050000
v 1.363702 14.787685 0.050000
v 1.339810 14.780728 0.050000
v 1.318000 14.770698 0.050000
v 1.298270 14.757585 0.050000
v 1.280691 14.741500 0.050000
v 1.266091 14.723748 0.050000
v 1.254693 14.704709 0.050000
v 1.246503 14.684397 0.050000
v 1.241513 14.662687 0.050000
v 1.239730 14.639700 0.050000
v 1.241271 14.616786 0.050000
v 1.246340 14.595599 0.050000
v 1.255040 14.576346 0.050000
v 1.267428 14.558936 0.050000
v 1.283495 14.543621 0.050000
v 1.303228 14.530664 0.050000
v 1.308346 14.434914 0.000000
v 1.297202 14.412916 0.000000
v 1.290979 14.388362 0.000000
v 1.289676 14.361398 0.000000
v 1.293287 14.335577 0.000000
v 1.301797 14.312403 0.000000
v 1.315186 14.291839 0.000000
v 1.333145 14.274168 0.000000
v 1.354025 14.261127 0.000000
v 1.377539 14.252951 0.000000
v 1.403654 14.249605 0.000000
v 1.431005 14.251286 0.000000
v 1.456866 14.258448 0.000000
v 1.480878 14.271042 0.000000
v 1.500513 14.288431 0.000000
v 1.500513 14.288431 0.050000
v 1.480878 14.271042 0.050000
v 1.456866 14.258448 0.050000
v 1.431005 14.251286 0.050000
v 1.403654 14.249605 0.050000
v 1.377539 14.252951 0.050000
v 1.354025 14.261127 0.050000
v 1.333145 14.274168 0.050000
v 1.315186 14.291839 0.050000
v 1.301797 14.312403 0.050000
v 1.293287 14.335577 0.050000
v 1.289676 14.361398 0.050000
v 1.290979 14.388362 0.050000
v 1.297202 14.412916 0.050000
v 1.308346 14.434914 0.050000
vt -1.750000 14.850000 0.000000
vt -1.417635 14.792411 0.000000
vt -1.050000 14.850000 0.000000
vt -1.363702 14.787685 0.000000
vt -1.339810 14.780728 0.000000
vt -1.750000 14.150000 0.000000
vt -1.602533 14.398644 0.000000
vt -1.595682 14.427845 0.000000
vt -1.576490 14.605639 0.000000
vt -1.583885 14.453861 0.000000
vt -1.569407 14.585416 0.000000
vt -1.567267 14.476594 0.000000
vt -1.558839 14.567117 0.000000
vt -1.546525 14.552710 0.000000
vt -1.546389 14.495278 0.000000
vt -1.531309 14.540059 0.000000
vt -1.521348 14.509752 0.000000
vt -1.513179 14.529162 0.000000
vt -1.492118 14.520020 0.000000
vt -1.050000 14.150000 0.000000
vt -1.414027 14.189914 0.000000
vt -1.449887 14.192857 0.000000
vt -1.482566 14.200643 0.000000
vt -1.222592 14.419432 0.000000
vt -1.216686 14.389804 0.000000
vt -1.215858 14.357694 0.000000
vt -1.326674 14.520020 0.000000
vt -1.296364 14.507395 0.000000
vt -1.303228 14.530664 0.000000
vt -1.283495 14.543621 0.000000
vt -1.270746 14.490804 0.000000
vt -1.267428 14.558936 0.000000
vt -1.249798 14.470336 0.000000
vt -1.255040 14.576346 0.000000
vt -1.233623 14.446294 0.000000
vt -1.246340 14.595599 0.000000
vt -1.241271 14.616786 0.000000
vt -1.220074 14.326744 0.000000
vt -1.229331 14.298070 0.000000
vt -1.243627 14.271681 0.000000
vt -1.262963 14.247587 0.000000
vt -1.286829 14.226469 0.000000
vt -1.313904 14.210089 0.000000
vt -1.344128 14.198536 0.000000
vt -1.377512 14.191811 0.000000
vt -1.512076 14.213269 0.000000
vt -1.538432 14.230729 0.000000
vt -1.561431 14.252738 0.000000
vt -1.579692 14.277493 0.000000
vt -1.592946 14.304654 0.000000
vt -1.601186 14.334276 0.000000
vt -1.604383 14.366304 0.000000
vt -1.580085 14.627791 0.000000
vt -1.580219 14.651480 0.000000
vt -1.577069 14.674256 0.000000
vt -1.570680 14.695541 0.000000
vt -1.561050 14.715394 0.000000
vt -1.548154 14.733825 0.000000
vt -1.532079 14.750679 0.000000
vt -1.513376 14.765189 0.000000
vt -1.492585 14.776614 0.000000
vt -1.469728 14.784914 0.000000
vt -1.318000 14.770698 0.000000
vt -1.298270 14.757585 0.000000
vt -1.280691 14.741500 0.000000
vt -1.266091 14.723748 0.000000
vt -1.254693 14.704709 0.000000
vt -1.246503 14.684397 0.000000
vt -1.241513 14.662687 0.000000
vt -1.239730 14.639700 0.000000
vt 0.000000 -15.400000 0.000000
vt 0.000000 -7.850000 0.000000
vt -0.300000 -15.400000 0.000000
vt -0.300000 -7.850000 0.000000
vt 0.000000 -0.300000 0.000000
vt -0.300000 -0.300000 0.000000
vt 0.300000 8.450000 0.000000
vt -0.000000 8.450000 0.000000
vt 0.300000 0.300000 0.000000
vt -0.000000 0.300000 0.000000
vt 0.300000 0.300000 0.000000
vt 0.300000 7.850000 0.000000
vt -0.000000 0.300000 0.000000
vt -0.000000 7.850000 0.000000
vt 0.300000 15.400000 0.000000
vt -0.000000 15.400000 0.000000
vt -0.300000 -8.450000 0.000000
vt -0.000000 -8.450000 0.000000
vt -0.300000 -0.300000 0.000000
vt -0.000000 -0.300000 0.000000
vt -4.075000 15.700000 0.000000
vt 0.000000 15.100000 0.000000
vt 4.075000 15.700000 0.000000
vt 0.155291 15.079555 0.000000
vt 0.300000 15.019615 0.000000
vt -4.152646 15.689778 0.000000
vt -4.225000 15.659808 0.000000
vt -4.287132 15.612132 0.000000
vt -4.334808 15.550000 0.000000
vt -4.364778 15.477646 0.000000
vt -4.375000 15.400000 0.000000
vt -4.175000 15.000000 0.000000
vt -4.175000 14.000000 0.000000
vt -4.375000 7.850000 0.000000
vt -4.150000 9.380000 0.000000
vt -4.144889 9.341177 0.000000
vt -4.129904 9.305000 0.000000
vt -4.106066 9.273934 0.000000
vt -4.075000 9.250096 0.000000
vt -4.038823 9.235111 0.000000
vt -4.000000 9.230000 0.000000
vt -3.961177 9.235111 0.000000
vt -3.282352 9.259259 0.000000
vt -3.925000 9.250096 0.000000
vt -3.312500 9.271747 0.000000
vt -3.893934 9.273934 0.000000
vt -3.338388 9.291612 0.000000
vt -3.870096 9.305000 0.000000
vt -3.358253 9.317500 0.000000
vt -3.855111 9.341177 0.000000
vt -3.370741 9.347648 0.000000
vt -3.850000 9.380000 0.000000
vt -3.375000 9.380000 0.000000
vt -3.370741 9.412352 0.000000
vt -4.375000 0.300000 0.000000
vt -4.175000 6.400000 0.000000
vt -4.175000 7.400000 0.000000
vt -3.875000 7.400000 0.000000
vt -4.364778 0.222354 0.000000
vt -4.075000 0.000000 0.000000
vt -3.875000 6.400000 0.000000
vt -4.334808 0.150000 0.000000
vt -4.287132 0.087868 0.000000
vt -4.225000 0.040192 0.000000
vt -4.152646 0.010222 0.000000
vt 4.075000 0.000000 0.000000
vt 3.875000 6.400000 0.000000
vt 3.875000 7.400000 0.000000
vt 4.375000 7.850000 0.000000
vt 1.488370 8.718593 0.000000
vt 1.598482 8.706215 0.000000
vt 1.709137 8.700451 0.000000
vt 1.819939 8.701322 0.000000
vt 2.231109 8.763653 0.000000
vt 3.536347 10.068891 0.000000
vt 4.152646 0.010222 0.000000
vt 4.225000 0.040192 0.000000
vt 4.287132 0.087868 0.000000
vt 4.334808 0.150000 0.000000
vt 4.364778 0.222354 0.000000
vt 4.375000 0.300000 0.000000
vt 4.175000 6.400000 0.000000
vt 4.175000 7.400000 0.000000
vt 4.375000 15.400000 0.000000
vt 4.175000 14.000000 0.000000
vt 4.150000 9.380000 0.000000
vt 4.144889 9.341177 0.000000
vt 4.364778 15.477646 0.000000
vt 4.175000 15.000000 0.000000
vt 4.334808 15.550000 0.000000
vt 4.287132 15.612132 0.000000
vt 4.225000 15.659808 0.000000
vt 4.152646 15.689778 0.000000
vt -3.875000 14.000000 0.000000
vt -0.600000 14.500000 0.000000
vt -3.875000 15.000000 0.000000
vt -0.579555 14.655291 0.000000
vt -0.519615 14.800000 0.000000
vt -3.312500 11.828253 0.000000
vt -3.282352 11.840741 0.000000
vt -2.975882 11.916593 0.000000
vt -3.250000 11.845000 0.000000
vt -3.000000 11.906603 0.000000
vt -3.217648 11.840741 0.000000
vt -3.020711 11.890711 0.000000
vt -3.036603 11.870000 0.000000
vt -3.187500 11.828253 0.000000
vt -3.046593 11.845882 0.000000
vt -3.161612 11.808388 0.000000
vt -3.050000 11.820000 0.000000
vt -3.141747 11.782500 0.000000
vt -3.129259 11.752352 0.000000
vt -0.424264 14.924264 0.000000
vt 3.875000 15.000000 0.000000
vt 0.600000 14.500000 0.000000
vt 3.875000 14.000000 0.000000
vt 0.579555 14.344709 0.000000
vt 2.011630 12.381407 0.000000
vt 1.901518 12.393785 0.000000
vt 0.519615 14.200000 0.000000
vt 1.790863 12.399549 0.000000
vt 1.680061 12.398678 0.000000
vt 0.424264 14.075736 0.000000
vt 1.268891 12.336347 0.000000
vt 0.300000 13.980385 0.000000
vt 0.155291 13.920445 0.000000
vt 0.519615 14.800000 0.000000
vt 0.579555 14.655291 0.000000
vt 2.968027 11.942447 0.000000
vt 3.142447 11.768027 0.000000
vt 3.195692 11.704328 0.000000
vt 3.855111 9.341177 0.000000
vt 3.850000 9.380000 0.000000
vt 3.351553 9.623972 0.000000
vt 3.855111 9.418823 0.000000
vt 3.870096 9.455000 0.000000
vt 3.893934 9.486066 0.000000
vt 3.925000 9.509904 0.000000
vt 3.961177 9.524889 0.000000
vt 4.000000 9.530000 0.000000
vt 4.038823 9.524889 0.000000
vt 3.598678 10.480061 0.000000
vt 4.075000 9.509904 0.000000
vt 4.106066 9.486066 0.000000
vt 3.599549 10.590863 0.000000
vt 3.593785 10.701518 0.000000
vt 3.581407 10.811630 0.000000
vt 4.129904 9.455000 0.000000
vt 4.144889 9.418823 0.000000
vt 4.129904 9.305000 0.000000
vt 4.106066 9.273934 0.000000
vt 4.075000 9.250096 0.000000
vt 4.038823 9.235111 0.000000
vt 4.000000 9.230000 0.000000
vt 3.961177 9.235111 0.000000
vt 2.676028 8.948447 0.000000
vt 3.925000 9.250096 0.000000
vt 3.058148 9.241852 0.000000
vt 3.893934 9.273934 0.000000
vt 3.870096 9.305000 0.000000
vt -4.144889 9.418823 0.000000
vt -4.129904 9.455000 0.000000
vt -3.375000 11.720000 0.000000
vt -3.400000 11.228579 0.000000
vt -3.396593 11.254461 0.000000
vt -4.106066 9.486066 0.000000
vt -4.075000 9.509904 0.000000
vt -4.038823 9.524889 0.000000
vt -3.400000 9.871421 0.000000
vt -4.000000 9.530000 0.000000
vt -3.961177 9.524889 0.000000
vt -3.925000 9.509904 0.000000
vt -3.396593 9.845539 0.000000
vt -3.386603 9.821421 0.000000
vt -3.893934 9.486066 0.000000
vt -3.370711 9.800711 0.000000
vt -3.870096 9.455000 0.000000
vt -3.358253 9.442500 0.000000
vt -3.855111 9.418823 0.000000
vt 0.823972 12.151553 0.000000
vt -0.000000 13.900000 0.000000
vt 0.441852 11.858148 0.000000
vt -0.155291 13.920445 0.000000
vt -1.087500 11.828253 0.000000
vt -1.117648 11.840741 0.000000
vt -0.300000 13.980385 0.000000
vt -1.424118 11.916593 0.000000
vt -0.424264 14.075736 0.000000
vt -1.450000 11.920000 0.000000
vt -0.519615 14.200000 0.000000
vt -0.579555 14.344709 0.000000
vt -0.300000 15.019615 0.000000
vt -0.155291 15.079555 0.000000
vt 0.424264 14.924264 0.000000
vt -3.338388 9.468388 0.000000
vt -3.312500 9.488253 0.000000
vt -3.282352 9.500741 0.000000
vt -3.250000 9.505000 0.000000
vt -3.217648 9.500741 0.000000
vt -3.079289 9.509289 0.000000
vt -3.187500 9.488253 0.000000
vt -3.161612 9.468388 0.000000
vt -3.141747 9.442500 0.000000
vt -3.063397 9.488579 0.000000
vt -3.053407 9.464461 0.000000
vt -3.050000 9.438579 0.000000
vt -3.129259 9.412352 0.000000
vt -3.125000 9.380000 0.000000
vt -3.050000 9.280000 0.000000
vt -3.129259 9.347648 0.000000
vt -3.141747 9.317500 0.000000
vt -3.161612 9.291612 0.000000
vt -3.046593 9.254118 0.000000
vt -3.187500 9.271747 0.000000
vt -3.036603 9.230000 0.000000
vt -3.217648 9.259259 0.000000
vt -3.020711 9.209289 0.000000
vt -3.000000 9.193397 0.000000
vt -3.250000 9.255000 0.000000
vt -2.975882 9.183407 0.000000
vt -2.950000 9.180000 0.000000
vt -1.450000 9.180000 0.000000
vt 1.034690 8.843884 0.000000
vt -1.424118 9.183407 0.000000
vt 0.952716 8.880617 0.000000
vt 0.729912 9.006653 0.000000
vt 3.419383 11.347284 0.000000
vt 3.293347 11.570088 0.000000
vt 3.246026 11.638304 0.000000
vt -1.270741 9.412352 0.000000
vt -1.350000 9.438579 0.000000
vt -1.275000 9.380000 0.000000
vt -1.350000 9.280000 0.000000
vt -1.270741 9.347648 0.000000
vt -1.258253 9.317500 0.000000
vt -1.238388 9.291612 0.000000
vt -1.353407 9.254118 0.000000
vt -1.212500 9.271747 0.000000
vt -1.363397 9.230000 0.000000
vt -1.182352 9.259259 0.000000
vt -1.379289 9.209289 0.000000
vt -1.400000 9.193397 0.000000
vt -1.258253 9.442500 0.000000
vt -1.346593 9.464461 0.000000
vt -1.336603 9.488579 0.000000
vt -1.320711 9.509289 0.000000
vt -1.238388 9.468388 0.000000
vt -1.212500 9.488253 0.000000
vt -1.182352 9.500741 0.000000
vt -1.029289 9.800711 0.000000
vt -1.150000 9.505000 0.000000
vt -1.117648 9.500741 0.000000
vt -1.087500 9.488253 0.000000
vt -1.061612 9.468388 0.000000
vt -1.041747 9.442500 0.000000
vt -1.013397 9.821421 0.000000
vt -1.029259 9.412352 0.000000
vt 0.043884 9.834690 0.000000
vt 0.080617 9.752716 0.000000
vt -1.025000 9.380000 0.000000
vt 0.206653 9.529912 0.000000
vt -1.029259 9.347648 0.000000
vt 0.253974 9.461696 0.000000
vt -1.041747 9.317500 0.000000
vt 0.304308 9.395672 0.000000
vt 0.357553 9.331973 0.000000
vt -1.061612 9.291612 0.000000
vt 0.531973 9.157553 0.000000
vt -1.087500 9.271747 0.000000
vt 0.595672 9.104308 0.000000
vt 0.661696 9.053974 0.000000
vt -1.117648 9.259259 0.000000
vt -1.150000 9.255000 0.000000
vt -1.270741 11.752352 0.000000
vt -1.350000 11.820000 0.000000
vt -1.275000 11.720000 0.000000
vt -1.350000 11.661421 0.000000
vt -1.270741 11.687648 0.000000
vt -1.258253 11.657500 0.000000
vt -1.346593 11.635539 0.000000
vt -1.336603 11.611421 0.000000
vt -1.258253 11.782500 0.000000
vt -1.238388 11.808388 0.000000
vt -1.353407 11.845882 0.000000
vt -1.212500 11.828253 0.000000
vt -1.363397 11.870000 0.000000
vt -1.182352 11.840741 0.000000
vt -1.379289 11.890711 0.000000
vt -1.400000 11.906603 0.000000
vt -1.150000 11.845000 0.000000
vt -1.061612 11.808388 0.000000
vt -1.041747 11.782500 0.000000
vt 0.148447 11.476028 0.000000
vt -1.029259 11.752352 0.000000
vt -1.025000 11.720000 0.000000
vt -1.029259 11.687648 0.000000
vt -1.013397 11.278579 0.000000
vt -1.003407 11.254461 0.000000
vt -1.041747 11.657500 0.000000
vt -1.029289 11.299289 0.000000
vt -1.061612 11.631612 0.000000
vt -1.087500 11.611747 0.000000
vt -1.117648 11.599259 0.000000
vt -1.150000 11.595000 0.000000
vt -1.182352 11.599259 0.000000
vt -1.320711 11.590711 0.000000
vt -1.212500 11.611747 0.000000
vt -1.238388 11.631612 0.000000
vt -3.370741 11.752352 0.000000
vt -3.358253 11.782500 0.000000
vt -3.338388 11.808388 0.000000
vt -3.125000 11.720000 0.000000
vt -3.050000 11.661421 0.000000
vt -3.129259 11.687648 0.000000
vt -3.141747 11.657500 0.000000
vt -3.161612 11.631612 0.000000
vt -3.079289 11.590711 0.000000
vt -3.063397 11.611421 0.000000
vt -3.053407 11.635539 0.000000
vt -3.187500 11.611747 0.000000
vt -3.217648 11.599259 0.000000
vt -3.370711 11.299289 0.000000
vt -3.250000 11.595000 0.000000
vt -3.282352 11.599259 0.000000
vt -3.312500 11.611747 0.000000
vt -3.338388 11.631612 0.000000
vt -3.358253 11.657500 0.000000
vt -3.386603 11.278579 0.000000
vt -3.370741 11.687648 0.000000
vt -2.950000 11.920000 0.000000
vt -0.036347 11.031109 0.000000
vt -1.000000 11.228579 0.000000
vt -0.098678 10.619939 0.000000
vt -0.099549 10.509137 0.000000
vt -1.000000 9.871421 0.000000
vt -0.093785 10.398482 0.000000
vt -0.081407 10.288370 0.000000
vt -0.017438 10.003500 0.000000
vt 2.296500 12.317438 0.000000
vt 0.011173 9.918350 0.000000
vt -1.003407 9.845539 0.000000
vt 2.770088 12.093347 0.000000
vt 2.547284 12.219383 0.000000
vt 2.465310 12.256116 0.000000
vt 2.381650 12.288827 0.000000
vt 2.838304 12.046026 0.000000
vt 2.904328 11.995692 0.000000
vt 1.203500 8.782562 0.000000
vt 3.517438 11.096500 0.000000
vt 3.488827 11.181650 0.000000
vt 3.456116 11.265310 0.000000
vt 1.118350 8.811173 0.000000
vt 4.375000 7.850000 0.000000
vt 4.175000 6.400000 0.000000
vt 4.375000 0.300000 0.000000
vt 3.875000 6.400000 0.000000
vt 4.075000 0.000000 0.000000
vt -3.875000 6.400000 0.000000
vt -4.075000 0.000000 0.000000
vt -4.375000 0.300000 0.000000
vt -4.364778 0.222354 0.000000
vt 4.375000 15.400000 0.000000
vt 4.175000 14.000000 0.000000
vt 4.150000 9.380000 0.000000
vt 4.144889 9.341177 0.000000
vt 4.364778 15.477646 0.000000
vt 4.075000 15.700000 0.000000
vt 4.175000 15.000000 0.000000
vt 4.334808 15.550000 0.000000
vt 4.287132 15.612132 0.000000
vt 4.225000 15.659808 0.000000
vt 4.152646 15.689778 0.000000
vt -4.075000 15.700000 0.000000
vt -0.000000 15.100000 0.000000
vt 0.155291 15.079555 0.000000
vt 0.300000 15.019615 0.000000
vt -4.152646 15.689778 0.000000
vt -4.225000 15.659808 0.000000
vt -4.287132 15.612132 0.000000
vt -4.334808 15.550000 0.000000
vt -4.364778 15.477646 0.000000
vt -4.375000 15.400000 0.000000
vt -4.175000 15.000000 0.000000
vt -4.175000 14.000000 0.000000
vt -4.375000 7.850000 0.000000
vt -4.150000 9.380000 0.000000
vt -4.144889 9.341177 0.000000
vt -4.129904 9.305000 0.000000
vt -4.106066 9.273934 0.000000
vt -4.075000 9.250096 0.000000
vt -4.038823 9.235111 0.000000
vt -4.000000 9.230000 0.000000
vt -3.961177 9.235111 0.000000
vt -2.676028 8.948447 0.000000
vt -3.925000 9.250096 0.000000
vt -3.058148 9.241852 0.000000
vt -3.893934 9.273934 0.000000
vt -3.870096 9.305000 0.000000
vt -3.855111 9.341177 0.000000
vt -3.351553 9.623972 0.000000
vt -3.850000 9.380000 0.000000
vt -3.855111 9.418823 0.000000
vt -3.870096 9.455000 0.000000
vt -3.893934 9.486066 0.000000
vt -3.925000 9.509904 0.000000
vt -3.536347 10.068891 0.000000
vt -3.961177 9.524889 0.000000
vt -4.000000 9.530000 0.000000
vt -4.038823 9.524889 0.000000
vt -3.598678 10.480061 0.000000
vt -4.075000 9.509904 0.000000
vt -4.106066 9.486066 0.000000
vt -3.599549 10.590863 0.000000
vt -3.593785 10.701518 0.000000
vt -4.175000 6.400000 0.000000
vt -4.175000 7.400000 0.000000
vt -3.875000 7.400000 0.000000
vt -4.334808 0.150000 0.000000
vt -4.287132 0.087868 0.000000
vt -4.225000 0.040192 0.000000
vt -4.152646 0.010222 0.000000
vt 4.152646 0.010222 0.000000
vt 4.225000 0.040192 0.000000
vt 4.287132 0.087868 0.000000
vt 4.334808 0.150000 0.000000
vt 4.364778 0.222354 0.000000
vt -1.800000 14.900000 0.000000
vt -3.875000 14.000000 0.000000
vt -1.800000 14.100000 0.000000
vt -2.381650 12.288827 0.000000
vt -2.296500 12.317438 0.000000
vt -1.000000 14.900000 0.000000
vt -3.875000 15.000000 0.000000
vt -1.000000 14.100000 0.000000
vt -0.600000 14.500000 0.000000
vt -0.579555 14.655291 0.000000
vt -0.519615 14.800000 0.000000
vt -1.680061 12.398678 0.000000
vt -1.268891 12.336347 0.000000
vt -0.300000 13.980385 0.000000
vt -0.155291 13.920445 0.000000
vt -0.823972 12.151553 0.000000
vt 0.000000 13.900000 0.000000
vt -0.441852 11.858148 0.000000
vt 0.155291 13.920445 0.000000
vt 1.087500 11.828253 0.000000
vt 1.117648 11.840741 0.000000
vt 3.875000 7.400000 0.000000
vt -1.488370 8.718593 0.000000
vt -1.203500 8.782562 0.000000
vt -3.581407 10.811630 0.000000
vt -3.517438 11.096500 0.000000
vt -3.488827 11.181650 0.000000
vt -3.456116 11.265310 0.000000
vt 3.875000 14.000000 0.000000
vt 3.312500 11.828253 0.000000
vt 3.338388 11.808388 0.000000
vt 3.358253 11.782500 0.000000
vt 3.875000 15.000000 0.000000
vt 0.600000 14.500000 0.000000
vt 0.579555 14.344709 0.000000
vt 0.519615 14.200000 0.000000
vt 0.519615 14.800000 0.000000
vt 0.579555 14.655291 0.000000
vt 4.175000 7.400000 0.000000
vt -2.968027 11.942447 0.000000
vt -2.904328 11.995692 0.000000
vt -2.838304 12.046026 0.000000
vt -4.144889 9.418823 0.000000
vt -4.129904 9.455000 0.000000
vt 3.855111 9.418823 0.000000
vt 3.370741 9.412352 0.000000
vt 3.850000 9.380000 0.000000
vt 3.375000 9.380000 0.000000
vt 3.370741 9.347648 0.000000
vt 3.358253 9.442500 0.000000
vt 3.870096 9.455000 0.000000
vt 3.370711 9.800711 0.000000
vt 3.893934 9.486066 0.000000
vt 3.386603 9.821421 0.000000
vt 3.925000 9.509904 0.000000
vt 3.396593 9.845539 0.000000
vt 3.400000 9.871421 0.000000
vt 3.961177 9.524889 0.000000
vt 4.000000 9.530000 0.000000
vt 4.038823 9.524889 0.000000
vt 3.400000 11.228579 0.000000
vt 4.075000 9.509904 0.000000
vt 4.106066 9.486066 0.000000
vt 4.129904 9.455000 0.000000
vt 3.375000 11.720000 0.000000
vt 3.396593 11.254461 0.000000
vt 3.370741 11.687648 0.000000
vt 3.386603 11.278579 0.000000
vt 3.358253 11.657500 0.000000
vt 3.370711 11.299289 0.000000
vt 3.338388 11.631612 0.000000
vt 3.312500 11.611747 0.000000
vt 4.144889 9.418823 0.000000
vt 4.129904 9.305000 0.000000
vt 4.106066 9.273934 0.000000
vt 4.075000 9.250096 0.000000
vt 4.038823 9.235111 0.000000
vt 4.000000 9.230000 0.000000
vt 3.961177 9.235111 0.000000
vt 3.282352 9.259259 0.000000
vt 3.925000 9.250096 0.000000
vt 3.312500 9.271747 0.000000
vt 3.893934 9.273934 0.000000
vt 3.338388 9.291612 0.000000
vt 3.870096 9.305000 0.000000
vt 3.358253 9.317500 0.000000
vt 3.855111 9.341177 0.000000
vt -0.424264 14.924264 0.000000
vt -0.300000 15.019615 0.000000
vt -0.155291 15.079555 0.000000
vt 0.424264 14.924264 0.000000
vt 1.450000 11.920000 0.000000
vt 0.424264 14.075736 0.000000
vt 1.424118 11.916593 0.000000
vt 0.300000 13.980385 0.000000
vt -0.424264 14.075736 0.000000
vt -0.519615 14.200000 0.000000
vt -0.579555 14.344709 0.000000
vt 3.129259 9.412352 0.000000
vt 3.050000 9.438579 0.000000
vt 3.125000 9.380000 0.000000
vt 3.050000 9.280000 0.000000
vt 3.129259 9.347648 0.000000
vt 3.141747 9.317500 0.000000
vt 3.161612 9.291612 0.000000
vt 3.046593 9.254118 0.000000
vt 3.187500 9.271747 0.000000
vt 3.036603 9.230000 0.000000
vt 3.217648 9.259259 0.000000
vt 3.020711 9.209289 0.000000
vt 3.000000 9.193397 0.000000
vt 3.141747 9.442500 0.000000
vt 3.053407 9.464461 0.000000
vt 3.063397 9.488579 0.000000
vt 3.079289 9.509289 0.000000
vt 3.161612 9.468388 0.000000
vt 3.187500 9.488253 0.000000
vt 3.217648 9.500741 0.000000
vt 3.250000 9.505000 0.000000
vt 3.282352 9.500741 0.000000
vt 3.312500 9.488253 0.000000
vt 3.338388 9.468388 0.000000
vt 3.250000 9.255000 0.000000
vt 2.975882 9.183407 0.000000
vt 2.950000 9.180000 0.000000
vt 1.029259 9.412352 0.000000
vt -0.080617 9.752716 0.000000
vt 1.025000 9.380000 0.000000
vt -0.206653 9.529912 0.000000
vt 1.029259 9.347648 0.000000
vt -0.253974 9.461696 0.000000
vt 1.041747 9.317500 0.000000
vt -0.304308 9.395672 0.000000
vt -0.357553 9.331973 0.000000
vt 1.041747 9.442500 0.000000
vt 1.013397 9.821421 0.000000
vt -0.043884 9.834690 0.000000
vt 1.029289 9.800711 0.000000
vt 1.061612 9.468388 0.000000
vt 1.087500 9.488253 0.000000
vt 1.117648 9.500741 0.000000
vt 1.150000 9.505000 0.000000
vt 1.182352 9.500741 0.000000
vt 1.320711 9.509289 0.000000
vt 1.212500 9.488253 0.000000
vt 1.238388 9.468388 0.000000
vt 1.258253 9.442500 0.000000
vt 1.336603 9.488579 0.000000
vt 1.346593 9.464461 0.000000
vt 1.350000 9.438579 0.000000
vt 1.270741 9.412352 0.000000
vt 1.275000 9.380000 0.000000
vt 1.350000 9.280000 0.000000
vt 1.270741 9.347648 0.000000
vt 1.258253 9.317500 0.000000
vt 1.238388 9.291612 0.000000
vt 1.353407 9.254118 0.000000
vt 1.212500 9.271747 0.000000
vt 1.363397 9.230000 0.000000
vt 1.182352 9.259259 0.000000
vt 1.379289 9.209289 0.000000
vt 1.400000 9.193397 0.000000
vt 1.150000 9.255000 0.000000
vt 1.424118 9.183407 0.000000
vt 1.117648 9.259259 0.000000
vt -0.729912 9.006653 0.000000
vt -0.661696 9.053974 0.000000
vt 1.087500 9.271747 0.000000
vt -0.595672 9.104308 0.000000
vt -0.531973 9.157553 0.000000
vt 1.061612 9.291612 0.000000
vt 1.029259 11.687648 0.000000
vt 1.025000 11.720000 0.000000
vt -0.148447 11.476028 0.000000
vt 1.029259 11.752352 0.000000
vt 1.041747 11.782500 0.000000
vt 1.061612 11.808388 0.000000
vt 1.150000 11.845000 0.000000
vt 1.400000 11.906603 0.000000
vt 1.182352 11.840741 0.000000
vt 1.379289 11.890711 0.000000
vt 1.363397 11.870000 0.000000
vt 1.212500 11.828253 0.000000
vt 1.353407 11.845882 0.000000
vt 1.238388 11.808388 0.000000
vt 1.350000 11.820000 0.000000
vt 1.258253 11.782500 0.000000
vt 1.270741 11.752352 0.000000
vt 1.275000 11.720000 0.000000
vt 1.350000 11.661421 0.000000
vt 1.270741 11.687648 0.000000
vt 1.258253 11.657500 0.000000
vt 1.238388 11.631612 0.000000
vt 1.320711 11.590711 0.000000
vt 1.336603 11.611421 0.000000
vt 1.346593 11.635539 0.000000
vt 1.212500 11.611747 0.000000
vt 1.182352 11.599259 0.000000
vt 1.029289 11.299289 0.000000
vt 1.150000 11.595000 0.000000
vt 1.117648 11.599259 0.000000
vt 1.087500 11.611747 0.000000
vt 1.061612 11.631612 0.000000
vt 1.041747 11.657500 0.000000
vt 1.013397 11.278579 0.000000
vt 3.129259 11.752352 0.000000
vt 3.050000 11.820000 0.000000
vt 3.125000 11.720000 0.000000
vt 3.050000 11.661421 0.000000
vt 3.129259 11.687648 0.000000
vt 3.141747 11.657500 0.000000
vt 3.053407 11.635539 0.000000
vt 3.063397 11.611421 0.000000
vt 3.141747 11.782500 0.000000
vt 3.161612 11.808388 0.000000
vt 3.046593 11.845882 0.000000
vt 3.187500 11.828253 0.000000
vt 3.036603 11.870000 0.000000
vt 3.217648 11.840741 0.000000
vt 3.020711 11.890711 0.000000
vt 3.000000 11.906603 0.000000
vt 3.250000 11.845000 0.000000
vt 2.975882 11.916593 0.000000
vt 3.282352 11.840741 0.000000
vt 3.370741 11.752352 0.000000
vt 3.282352 11.599259 0.000000
vt 3.250000 11.595000 0.000000
vt 3.217648 11.599259 0.000000
vt 3.079289 11.590711 0.000000
vt 3.187500 11.611747 0.000000
vt 3.161612 11.631612 0.000000
vt 1.450000 9.180000 0.000000
vt -1.034690 8.843884 0.000000
vt -1.118350 8.811173 0.000000
vt -0.952716 8.880617 0.000000
vt -3.419383 11.347284 0.000000
vt -3.293347 11.570088 0.000000
vt -3.246026 11.638304 0.000000
vt -3.195692 11.704328 0.000000
vt 1.003407 9.845539 0.000000
vt -0.011173 9.918350 0.000000
vt 1.000000 9.871421 0.000000
vt 0.017438 10.003500 0.000000
vt 0.081407 10.288370 0.000000
vt -2.011630 12.381407 0.000000
vt -1.901518 12.393785 0.000000
vt -1.790863 12.399549 0.000000
vt 1.000000 11.228579 0.000000
vt 0.099549 10.509137 0.000000
vt 0.093785 10.398482 0.000000
vt 1.003407 11.254461 0.000000
vt 0.036347 11.031109 0.000000
vt 0.098678 10.619939 0.000000
vt 2.950000 11.920000 0.000000
vt -3.142447 11.768027 0.000000
vt -2.770088 12.093347 0.000000
vt -2.547284 12.219383 0.000000
vt -2.465310 12.256116 0.000000
vt -1.598482 8.706215 0.000000
vt -1.709137 8.700451 0.000000
vt -1.819939 8.701322 0.000000
vt -2.231109 8.763653 0.000000
vt -0.300000 0.000000 0.000000
vt -0.000000 0.000000 0.000000
vt -0.300000 0.078540 0.000000
vt -0.000000 0.078540 0.000000
vt -0.300000 0.157080 0.000000
vt -0.000000 0.157080 0.000000
vt -0.300000 0.235619 0.000000
vt -0.000000 0.235619 0.000000
vt -0.300000 0.314159 0.000000
vt -0.000000 0.314159 0.000000
vt -0.300000 0.392699 0.000000
vt -0.000000 0.392699 0.000000
vt -0.300000 0.471239 0.000000
vt -0.000000 0.471239 0.000000
vt -0.300000 0.471239 0.000000
vt -0.000000 0.471239 0.000000
vt -0.300000 0.549779 0.000000
vt -0.000000 0.549779 0.000000
vt -0.300000 0.628319 0.000000
vt -0.000000 0.628319 0.000000
vt -0.300000 0.706858 0.000000
vt -0.000000 0.706858 0.000000
vt -0.300000 0.785398 0.000000
vt -0.000000 0.785398 0.000000
vt -0.300000 0.863938 0.000000
vt -0.000000 0.863938 0.000000
vt -0.300000 0.942478 0.000000
vt -0.000000 0.942478 0.000000
vt -0.300000 -0.942478 0.000000
vt -0.000000 -0.942478 0.000000
vt -0.300000 -0.863938 0.000000
vt -0.000000 -0.863938 0.000000
vt -0.300000 -0.785398 0.000000
vt -0.000000 -0.785398 0.000000
vt -0.300000 -0.706858 0.000000
vt -0.000000 -0.706858 0.000000
vt -0.300000 -0.628319 0.000000
vt -0.000000 -0.628319 0.000000
vt -0.300000 -0.549779 0.000000
vt -0.000000 -0.549779 0.000000
vt -0.300000 -0.471239 0.000000
vt -0.000000 -0.471239 0.000000
vt -0.300000 -0.471239 0.000000
vt 0.000000 -0.471239 0.000000
vt -0.300000 -0.392699 0.000000
vt -0.000000 -0.392699 0.000000
vt -0.300000 -0.314159 0.000000
vt -0.000000 -0.314159 0.000000
vt -0.300000 -0.235619 0.000000
vt -0.000000 -0.235619 0.000000
vt -0.300000 -0.157080 0.000000
vt -0.000000 -0.157080 0.000000
vt -0.300000 -0.078540 0.000000
vt -0.000000 -0.078540 0.000000
vt -0.300000 0.000000 0.000000
vt -0.000000 0.000000 0.000000
vt -0.300000 -1.845884 0.000000
vt -0.000000 -1.845884 0.000000
vt -0.300000 0.000000 0.000000
vt -0.000000 0.000000 0.000000
vt 0.000000 -2.419269 0.000000
vt 0.300000 -2.419269 0.000000
vt 0.000000 -1.936128 0.000000
vt 0.300000 -1.936128 0.000000
vt 0.000000 -1.452987 0.000000
vt 0.300000 -1.452987 0.000000
vt 0.000000 -0.969845 0.000000
vt 0.300000 -0.969845 0.000000
vt 0.000000 -0.486704 0.000000
vt 0.300000 -0.486704 0.000000
vt 0.000000 3.392677 0.000000
vt 0.300000 3.392677 0.000000
vt 0.000000 3.875819 0.000000
vt 0.300000 3.875819 0.000000
vt 0.000000 4.358960 0.000000
vt 0.300000 4.358960 0.000000
vt 0.000000 4.842101 0.000000
vt 0.300000 4.842101 0.000000
vt 0.000000 5.325242 0.000000
vt 0.300000 5.325242 0.000000
vt 0.300000 1.845884 0.000000
vt -0.000000 1.845884 0.000000
vt 0.300000 -0.000000 0.000000
vt -0.000000 -0.000000 0.000000
vt 0.000000 -5.257168 0.000000
vt 0.300000 -5.257168 0.000000
vt 0.000000 -5.167332 0.000000
vt 0.300000 -5.167332 0.000000
vt 0.000000 -5.077495 0.000000
vt 0.300000 -5.077495 0.000000
vt 0.000000 -4.987658 0.000000
vt 0.300000 -4.987658 0.000000
vt 0.300000 3.488393 0.000000
vt -0.000000 3.488393 0.000000
vt 0.300000 0.000000 0.000000
vt -0.000000 0.000000 0.000000
vt 0.000000 2.081685 0.000000
vt 0.300000 2.081685 0.000000
vt 0.000000 2.171522 0.000000
vt 0.300000 2.171522 0.000000
vt 0.000000 2.261358 0.000000
vt 0.300000 2.261358 0.000000
vt 0.000000 2.351195 0.000000
vt 0.300000 2.351195 0.000000
vt -0.300000 -3.272403 0.000000
vt -0.000000 -3.272403 0.000000
vt -0.300000 -0.000000 0.000000
vt -0.000000 -0.000000 0.000000
vt 0.000000 2.643464 0.000000
vt 0.300000 2.643464 0.000000
vt 0.000000 2.754285 0.000000
vt 0.300000 2.754285 0.000000
vt 0.000000 2.865107 0.000000
vt 0.300000 2.865107 0.000000
vt 0.000000 2.975929 0.000000
vt 0.300000 2.975929 0.000000
vt -0.300000 -2.515516 0.000000
vt -0.000000 -2.515516 0.000000
vt -0.300000 -0.000000 0.000000
vt -0.000000 -0.000000 0.000000
vt 0.000000 5.741991 0.000000
vt 0.300000 5.741991 0.000000
vt 0.000000 5.852813 0.000000
vt 0.300000 5.852813 0.000000
vt 0.000000 5.963634 0.000000
vt 0.300000 5.963634 0.000000
vt 0.000000 6.074456 0.000000
vt 0.300000 6.074456 0.000000
vt 0.300000 2.960000 0.000000
vt -0.000000 2.960000 0.000000
vt 0.300000 0.000000 0.000000
vt -0.000000 -0.000000 0.000000
vt 0.000000 -3.730262 0.000000
vt 0.300000 -3.730262 0.000000
vt 0.000000 -3.640425 0.000000
vt 0.300000 -3.640425 0.000000
vt 0.000000 -3.550588 0.000000
vt 0.300000 -3.550588 0.000000
vt 0.000000 -3.460751 0.000000
vt 0.300000 -3.460751 0.000000
vt 0.300000 3.272403 0.000000
vt -0.000000 3.272403 0.000000
vt 0.300000 -0.000000 0.000000
vt -0.000000 -0.000000 0.000000
vt 0.000000 0.554778 0.000000
vt 0.300000 0.554778 0.000000
vt 0.000000 0.644615 0.000000
vt 0.300000 0.644615 0.000000
vt 0.000000 0.734452 0.000000
vt 0.300000 0.734452 0.000000
vt 0.000000 0.824288 0.000000
vt 0.300000 0.824288 0.000000
vt -0.300000 -3.488393 0.000000
vt -0.000000 -3.488393 0.000000
vt -0.300000 0.000000 0.000000
vt -0.000000 0.000000 0.000000
vt 0.000000 -3.168483 0.000000
vt 0.300000 -3.168483 0.000000
vt 0.000000 -3.057661 0.000000
vt 0.300000 -3.057661 0.000000
vt 0.000000 -2.946839 0.000000
vt 0.300000 -2.946839 0.000000
vt 0.000000 -2.836018 0.000000
vt 0.300000 -2.836018 0.000000
vt 0.300000 2.515516 0.000000
vt -0.000000 2.515516 0.000000
vt 0.300000 -0.000000 0.000000
vt -0.000000 -0.000000 0.000000
vt 0.000000 -0.069956 0.000000
vt 0.300000 -0.069956 0.000000
vt 0.000000 0.040866 0.000000
vt 0.300000 0.040866 0.000000
vt 0.000000 0.151688 0.000000
vt 0.300000 0.151688 0.000000
vt 0.000000 0.262510 0.000000
vt 0.300000 0.262510 0.000000
vt -0.300000 -2.960000 0.000000
vt -0.000000 -2.960000 0.000000
vt -0.300000 -0.000000 0.000000
vt -0.000000 0.000000 0.000000
vt 0.000000 -4.731472 0.000000
vt 0.300000 -4.731472 0.000000
vt 0.000000 -4.648443 0.000000
vt 0.300000 -4.648443 0.000000
vt 0.000000 -4.565414 0.000000
vt 0.300000 -4.565414 0.000000
vt 0.000000 -4.482385 0.000000
vt 0.300000 -4.482385 0.000000
vt 0.300000 3.691769 0.000000
vt -0.000000 3.691769 0.000000
vt 0.300000 -0.000000 0.000000
vt -0.000000 -0.000000 0.000000
vt 0.000000 1.576411 0.000000
vt 0.300000 1.576411 0.000000
vt 0.000000 1.659441 0.000000
vt 0.300000 1.659441 0.000000
vt 0.000000 1.742470 0.000000
vt 0.300000 1.742470 0.000000
vt 0.000000 1.825499 0.000000
vt 0.300000 1.825499 0.000000
vt -0.300000 -3.625245 0.000000
vt -0.000000 -3.625245 0.000000
vt -0.300000 -0.000000 0.000000
vt -0.000000 -0.000000 0.000000
vt 0.000000 -4.235535 0.000000
vt 0.300000 -4.235535 0.000000
vt 0.000000 -4.152506 0.000000
vt 0.300000 -4.152506 0.000000
vt 0.000000 -4.069477 0.000000
vt 0.300000 -4.069477 0.000000
vt 0.000000 -3.986448 0.000000
vt 0.300000 -3.986448 0.000000
vt 0.300000 3.625245 0.000000
vt -0.000000 3.625245 0.000000
vt 0.300000 -0.000000 0.000000
vt -0.000000 -0.000000 0.000000
vt 0.000000 1.080474 0.000000
vt 0.300000 1.080474 0.000000
vt 0.000000 1.163504 0.000000
vt 0.300000 1.163504 0.000000
vt 0.000000 1.246533 0.000000
vt 0.300000 1.246533 0.000000
vt 0.000000 1.329562 0.000000
vt 0.300000 1.329562 0.000000
vt -0.300000 -3.691769 0.000000
vt -0.000000 -3.691769 0.000000
vt -0.300000 -0.000000 0.000000
vt -0.000000 0.000000 0.000000
vt -0.300000 -0.200000 0.000000
vt -0.000000 -0.200000 0.000000
vt -0.300000 -0.041421 0.000000
vt -0.000000 -0.041421 0.000000
vt 0.300000 1.600000 0.000000
vt -0.000000 1.600000 0.000000
vt 0.300000 0.100000 0.000000
vt -0.000000 0.100000 0.000000
vt -0.000000 0.100000 0.000000
vt 0.300000 0.100000 0.000000
vt -0.000000 0.258579 0.000000
vt 0.300000 0.258579 0.000000
vt -0.000000 0.041421 0.000000
vt 0.300000 0.041421 0.000000
vt -0.000000 0.453553 0.000000
vt 0.300000 0.453553 0.000000
vt 0.300000 1.398579 0.000000
vt -0.000000 1.398579 0.000000
vt 0.300000 0.041421 0.000000
vt -0.000000 0.041421 0.000000
vt 0.300000 0.453553 0.000000
vt -0.000000 0.453553 0.000000
vt 0.300000 0.041421 0.000000
vt -0.000000 0.041421 0.000000
vt 0.300000 0.200000 0.000000
vt -0.000000 0.200000 0.000000
vt 0.300000 0.041421 0.000000
vt -0.000000 0.041421 0.000000
vt -0.300000 -1.600000 0.000000
vt -0.000000 -1.600000 0.000000
vt -0.300000 -0.100000 0.000000
vt -0.000000 -0.100000 0.000000
vt -0.300000 -0.258579 0.000000
vt -0.000000 -0.258579 0.000000
vt -0.300000 -0.100000 0.000000
vt -0.000000 -0.100000 0.000000
vt -0.300000 -0.453553 0.000000
vt -0.000000 -0.453553 0.000000
vt -0.300000 -0.041421 0.000000
vt -0.000000 -0.041421 0.000000
vt -0.000000 -0.041421 0.000000
vt -0.300000 -0.041421 0.000000
vt -0.000000 -1.398579 0.000000
vt -0.300000 -1.398579 0.000000
vt -0.000000 -0.041421 0.000000
vt -0.300000 -0.041421 0.000000
vt -0.000000 -0.453553 0.000000
vt -0.300000 -0.453553 0.000000
vt 0.000000 0.235619 0.000000
vt 0.300000 0.235619 0.000000
vt 0.000000 0.261799 0.000000
vt 0.300000 0.261799 0.000000
vt 0.000000 0.287979 0.000000
vt 0.300000 0.287979 0.000000
vt 0.000000 0.314159 0.000000
vt 0.300000 0.314159 0.000000
vt -0.000000 -0.314159 0.000000
vt 0.300000 -0.314159 0.000000
vt -0.000000 -0.287979 0.000000
vt 0.300000 -0.287979 0.000000
vt -0.000000 -0.261799 0.000000
vt 0.300000 -0.261799 0.000000
vt -0.000000 -0.235619 0.000000
vt 0.300000 -0.235619 0.000000
vt 0.000000 0.157080 0.000000
vt 0.300000 0.157080 0.000000
vt 0.000000 0.183260 0.000000
vt 0.300000 0.183260 0.000000
vt 0.000000 0.209440 0.000000
vt 0.300000 0.209440 0.000000
vt 0.000000 0.235619 0.000000
vt 0.300000 0.235619 0.000000
vt 0.000000 0.261799 0.000000
vt 0.300000 0.261799 0.000000
vt 0.000000 0.287979 0.000000
vt 0.300000 0.287979 0.000000
vt 0.000000 0.314159 0.000000
vt 0.300000 0.314159 0.000000
vt 0.000000 0.000000 0.000000
vt 0.300000 0.000000 0.000000
vt 0.000000 0.026180 0.000000
vt 0.300000 0.026180 0.000000
vt 0.000000 0.052360 0.000000
vt 0.300000 0.052360 0.000000
vt 0.000000 0.078540 0.000000
vt 0.300000 0.078540 0.000000
vt 0.000000 0.104720 0.000000
vt 0.300000 0.104720 0.000000
vt 0.000000 0.130900 0.000000
vt 0.300000 0.130900 0.000000
vt 0.000000 0.157080 0.000000
vt 0.300000 0.157080 0.000000
vt -0.000000 -0.078540 0.000000
vt 0.300000 -0.078540 0.000000
vt -0.000000 -0.052360 0.000000
vt 0.300000 -0.052360 0.000000
vt -0.000000 -0.026180 0.000000
vt 0.300000 -0.026180 0.000000
vt 0.000000 0.000000 0.000000
vt 0.300000 0.000000 0.000000
vt 0.000000 0.000000 0.000000
vt 0.300000 0.000000 0.000000
vt 0.000000 0.026180 0.000000
vt 0.300000 0.026180 0.000000
vt 0.000000 0.052360 0.000000
vt 0.300000 0.052360 0.000000
vt 0.000000 0.078540 0.000000
vt 0.300000 0.078540 0.000000
vt 0.000000 -0.157080 0.000000
vt 0.300000 -0.157080 0.000000
vt 0.000000 -0.130900 0.000000
vt 0.300000 -0.130900 0.000000
vt 0.000000 -0.104720 0.000000
vt 0.300000 -0.104720 0.000000
vt 0.000000 -0.078540 0.000000
vt 0.300000 -0.078540 0.000000
vt 0.000000 -0.052360 0.000000
vt 0.300000 -0.052360 0.000000
vt 0.000000 -0.026180 0.000000
vt 0.300000 -0.026180 0.000000
vt 0.000000 0.000000 0.000000
vt 0.300000 0.000000 0.000000
vt 0.000000 -0.314159 0.000000
vt 0.300000 -0.314159 0.000000
vt 0.000000 -0.287979 0.000000
vt 0.300000 -0.287979 0.000000
vt 0.000000 -0.261799 0.000000
vt 0.300000 -0.261799 0.000000
vt 0.000000 -0.235619 0.000000
vt 0.300000 -0.235619 0.000000
vt 0.000000 -0.209440 0.000000
vt 0.300000 -0.209440 0.000000
vt 0.000000 -0.183260 0.000000
vt 0.300000 -0.183260 0.000000
vt 0.000000 -0.157080 0.000000
vt 0.300000 -0.157080 0.000000
vt -0.000000 0.000000 0.000000
vt 0.300000 0.000000 0.000000
vt -0.000000 0.026180 0.000000
vt 0.300000 0.026180 0.000000
vt -0.000000 0.052360 0.000000
vt 0.300000 0.052360 0.000000
vt -0.000000 0.078540 0.000000
vt 0.300000 0.078540 0.000000
vt 0.000000 -0.078540 0.000000
vt 0.300000 -0.078540 0.000000
vt 0.000000 -0.052360 0.000000
vt 0.300000 -0.052360 0.000000
vt 0.000000 -0.026180 0.000000
vt 0.300000 -0.026180 0.000000
vt 0.000000 0.000000 0.000000
vt 0.300000 0.000000 0.000000
vt 0.000000 -0.314159 0.000000
vt 0.300000 -0.314159 0.000000
vt 0.000000 -0.287979 0.000000
vt 0.300000 -0.287979 0.000000
vt 0.000000 -0.261799 0.000000
vt 0.300000 -0.261799 0.000000
vt 0.000000 -0.235619 0.000000
vt 0.300000 -0.235619 0.000000
vt -0.000000 0.235619 0.000000
vt 0.300000 0.235619 0.000000
vt -0.000000 0.261799 0.000000
vt 0.300000 0.261799 0.000000
vt -0.000000 0.287979 0.000000
vt 0.300000 0.287979 0.000000
vt -0.000000 0.314159 0.000000
vt 0.300000 0.314159 0.000000
vt 0.000000 -0.032725 0.000000
vt 0.300000 -0.032725 0.000000
vt 0.000000 0.000000 0.000000
vt 0.300000 0.000000 0.000000
vt 0.000000 0.032725 0.000000
vt 0.300000 0.032725 0.000000
vt 0.000000 0.065450 0.000000
vt 0.300000 0.065450 0.000000
vt 0.000000 0.098175 0.000000
vt 0.300000 0.098175 0.000000
vt 0.000000 0.130900 0.000000
vt 0.300000 0.130900 0.000000
vt 0.000000 0.163625 0.000000
vt 0.300000 0.163625 0.000000
vt 0.000000 0.196350 0.000000
vt 0.300000 0.196350 0.000000
vt 0.000000 0.229074 0.000000
vt 0.300000 0.229074 0.000000
vt 0.000000 0.261799 0.000000
vt 0.300000 0.261799 0.000000
vt 0.000000 0.294524 0.000000
vt 0.300000 0.294524 0.000000
vt 0.000000 0.327249 0.000000
vt 0.300000 0.327249 0.000000
vt 0.000000 0.359974 0.000000
vt 0.300000 0.359974 0.000000
vt 0.000000 0.392699 0.000000
vt 0.300000 0.392699 0.000000
vt 0.000000 -0.392699 0.000000
vt 0.300000 -0.392699 0.000000
vt 0.000000 -0.359974 0.000000
vt 0.300000 -0.359974 0.000000
vt 0.000000 -0.327249 0.000000
vt 0.300000 -0.327249 0.000000
vt 0.000000 -0.294524 0.000000
vt 0.300000 -0.294524 0.000000
vt 0.000000 -0.261799 0.000000
vt 0.300000 -0.261799 0.000000
vt 0.000000 -0.229074 0.000000
vt 0.300000 -0.229074 0.000000
vt 0.000000 -0.196350 0.000000
vt 0.300000 -0.196350 0.000000
vt -0.000000 -0.163625 0.000000
vt 0.300000 -0.163625 0.000000
vt -0.000000 -0.130900 0.000000
vt 0.300000 -0.130900 0.000000
vt 0.000000 -0.098175 0.000000
vt 0.300000 -0.098175 0.000000
vt -0.000000 -0.065450 0.000000
vt 0.300000 -0.065450 0.000000
vt 0.000000 -0.032725 0.000000
vt 0.300000 -0.032725 0.000000
vt 0.000000 0.000000 0.000000
vt 0.300000 0.000000 0.000000
vt 0.000000 0.032725 0.000000
vt 0.300000 0.032725 0.000000
vt 0.000000 0.065450 0.000000
vt 0.300000 0.065450 0.000000
vt 0.000000 0.098175 0.000000
vt 0.300000 0.098175 0.000000
vt 0.000000 0.130900 0.000000
vt 0.300000 0.130900 0.000000
vt 0.000000 0.163625 0.000000
vt 0.300000 0.163625 0.000000
vt 0.000000 0.196350 0.000000
vt 0.300000 0.196350 0.000000
vt 0.000000 0.229074 0.000000
vt 0.300000 0.229074 0.000000
vt 0.000000 0.261799 0.000000
vt 0.300000 0.261799 0.000000
vt 0.000000 0.294524 0.000000
vt 0.300000 0.294524 0.000000
vt 0.000000 0.327249 0.000000
vt 0.300000 0.327249 0.000000
vt 0.000000 0.359974 0.000000
vt 0.300000 0.359974 0.000000
vt 0.000000 0.392699 0.000000
vt 0.300000 0.392699 0.000000
vt 0.000000 -0.392699 0.000000
vt 0.300000 -0.392699 0.000000
vt 0.000000 -0.359974 0.000000
vt 0.300000 -0.359974 0.000000
vt 0.000000 -0.327249 0.000000
vt 0.300000 -0.327249 0.000000
vt 0.000000 -0.294524 0.000000
vt 0.300000 -0.294524 0.000000
vt 0.000000 -0.261799 0.000000
vt 0.300000 -0.261799 0.000000
vt 0.000000 -0.229074 0.000000
vt 0.300000 -0.229074 0.000000
vt 0.000000 -0.196350 0.000000
vt 0.300000 -0.196350 0.000000
vt -0.000000 -0.163625 0.000000
vt 0.300000 -0.163625 0.000000
vt -0.000000 -0.130900 0.000000
vt 0.300000 -0.130900 0.000000
vt 0.000000 -0.098175 0.000000
vt 0.300000 -0.098175 0.000000
vt -0.000000 -0.065450 0.000000
vt 0.300000 -0.065450 0.000000
vt 0.000000 -0.032725 0.000000
vt 0.300000 -0.032725 0.000000
vt 0.000000 0.000000 0.000000
vt 0.300000 0.000000 0.000000
vt 0.000000 0.032725 0.000000
vt 0.300000 0.032725 0.000000
vt 0.000000 0.065450 0.000000
vt 0.300000 0.065450 0.000000
vt 0.000000 0.098175 0.000000
vt 0.300000 0.098175 0.000000
vt 0.000000 0.130900 0.000000
vt 0.300000 0.130900 0.000000
vt 0.000000 0.163625 0.000000
vt 0.300000 0.163625 0.000000
vt 0.000000 0.196350 0.000000
vt 0.300000 0.196350 0.000000
vt 0.000000 0.229074 0.000000
vt 0.300000 0.229074 0.000000
vt 0.000000 0.261799 0.000000
vt 0.300000 0.261799 0.000000
vt 0.000000 0.294524 0.000000
vt 0.300000 0.294524 0.000000
vt 0.000000 0.327249 0.000000
vt 0.300000 0.327249 0.000000
vt 0.000000 0.359974 0.000000
vt 0.300000 0.359974 0.000000
vt 0.000000 0.392699 0.000000
vt 0.300000 0.392699 0.000000
vt 0.000000 -0.392699 0.000000
vt 0.300000 -0.392699 0.000000
vt 0.000000 -0.359974 0.000000
vt 0.300000 -0.359974 0.000000
vt 0.000000 -0.327249 0.000000
vt 0.300000 -0.327249 0.000000
vt 0.000000 -0.294524 0.000000
vt 0.300000 -0.294524 0.000000
vt 0.000000 -0.261799 0.000000
vt 0.300000 -0.261799 0.000000
vt 0.000000 -0.229074 0.000000
vt 0.300000 -0.229074 0.000000
vt 0.000000 -0.196350 0.000000
vt 0.300000 -0.196350 0.000000
vt -0.000000 -0.163625 0.000000
vt 0.300000 -0.163625 0.000000
vt -0.000000 -0.130900 0.000000
vt 0.300000 -0.130900 0.000000
vt 0.000000 -0.098175 0.000000
vt 0.300000 -0.098175 0.000000
vt -0.000000 -0.065450 0.000000
vt 0.300000 -0.065450 0.000000
vt 0.000000 -0.032725 0.000000
vt 0.300000 -0.032725 0.000000
vt 0.000000 0.000000 0.000000
vt 0.300000 0.000000 0.000000
vt 0.000000 0.032725 0.000000
vt 0.300000 0.032725 0.000000
vt 0.000000 0.065450 0.000000
vt 0.300000 0.065450 0.000000
vt 0.000000 0.098175 0.000000
vt 0.300000 0.098175 0.000000
vt 0.000000 0.130900 0.000000
vt 0.300000 0.130900 0.000000
vt 0.000000 0.163625 0.000000
vt 0.300000 0.163625 0.000000
vt 0.000000 0.196350 0.000000
vt 0.300000 0.196350 0.000000
vt 0.000000 0.229074 0.000000
vt 0.300000 0.229074 0.000000
vt 0.000000 0.261799 0.000000
vt 0.300000 0.261799 0.000000
vt 0.000000 0.294524 0.000000
vt 0.300000 0.294524 0.000000
vt 0.000000 0.327249 0.000000
vt 0.300000 0.327249 0.000000
vt 0.000000 0.359974 0.000000
vt 0.300000 0.359974 0.000000
vt 0.000000 0.392699 0.000000
vt 0.300000 0.392699 0.000000
vt 0.000000 -0.392699 0.000000
vt 0.300000 -0.392699 0.000000
vt 0.000000 -0.359974 0.000000
vt 0.300000 -0.359974 0.000000
vt 0.000000 -0.327249 0.000000
vt 0.300000 -0.327249 0.000000
vt 0.000000 -0.294524 0.000000
vt 0.300000 -0.294524 0.000000
vt 0.000000 -0.261799 0.000000
vt 0.300000 -0.261799 0.000000
vt 0.000000 -0.229074 0.000000
vt 0.300000 -0.229074 0.000000
vt 0.000000 -0.196350 0.000000
vt 0.300000 -0.196350 0.000000
vt -0.000000 -0.163625 0.000000
vt 0.300000 -0.163625 0.000000
vt -0.000000 -0.130900 0.000000
vt 0.300000 -0.130900 0.000000
vt 0.000000 -0.098175 0.000000
vt 0.300000 -0.098175 0.000000
vt -0.000000 -0.065450 0.000000
vt 0.300000 -0.065450 0.000000
vt 0.000000 -0.157080 0.000000
vt 0.300000 -0.157080 0.000000
vt 0.000000 0.000000 0.000000
vt 0.300000 0.000000 0.000000
vt 0.000000 0.157080 0.000000
vt 0.300000 0.157080 0.000000
vt 0.000000 0.314159 0.000000
vt 0.300000 0.314159 0.000000
vt 0.000000 0.471239 0.000000
vt 0.300000 0.471239 0.000000
vt 0.000000 0.628319 0.000000
vt 0.300000 0.628319 0.000000
vt 0.000000 0.785398 0.000000
vt 0.300000 0.785398 0.000000
vt 0.000000 0.942478 0.000000
vt 0.300000 0.942478 0.000000
vt 0.000000 1.099557 0.000000
vt 0.300000 1.099557 0.000000
vt 0.000000 1.256637 0.000000
vt 0.300000 1.256637 0.000000
vt 0.000000 1.413717 0.000000
vt 0.300000 1.413717 0.000000
vt 0.000000 1.570796 0.000000
vt 0.300000 1.570796 0.000000
vt 0.000000 1.727876 0.000000
vt 0.300000 1.727876 0.000000
vt 0.000000 1.884956 0.000000
vt 0.300000 1.884956 0.000000
vt 0.000000 -1.884956 0.000000
vt 0.300000 -1.884956 0.000000
vt 0.000000 -1.727876 0.000000
vt 0.300000 -1.727876 0.000000
vt 0.000000 -1.570796 0.000000
vt 0.300000 -1.570796 0.000000
vt 0.000000 -1.413717 0.000000
vt 0.300000 -1.413717 0.000000
vt 0.000000 -1.256637 0.000000
vt 0.300000 -1.256637 0.000000
vt 0.000000 -1.099557 0.000000
vt 0.300000 -1.099557 0.000000
vt 0.000000 -0.942478 0.000000
vt 0.300000 -0.942478 0.000000
vt 0.000000 -0.785398 0.000000
vt 0.300000 -0.785398 0.000000
vt 0.000000 -0.628319 0.000000
vt 0.300000 -0.628319 0.000000
vt 0.000000 -0.471239 0.000000
vt 0.300000 -0.471239 0.000000
vt 0.000000 -0.314159 0.000000
vt 0.300000 -0.314159 0.000000
vt 0.000000 -0.039270 0.000000
vt 0.300000 -0.039270 0.000000
vt 0.000000 0.000000 0.000000
vt 0.300000 0.000000 0.000000
vt 0.000000 0.039270 0.000000
vt 0.300000 0.039270 0.000000
vt 0.000000 0.078540 0.000000
vt 0.300000 0.078540 0.000000
vt 0.000000 0.117810 0.000000
vt 0.300000 0.117810 0.000000
vt 0.000000 0.157080 0.000000
vt 0.300000 0.157080 0.000000
vt 0.000000 0.196350 0.000000
vt 0.300000 0.196350 0.000000
vt 0.000000 0.235619 0.000000
vt 0.300000 0.235619 0.000000
vt 0.000000 0.274889 0.000000
vt 0.300000 0.274889 0.000000
vt 0.000000 0.314159 0.000000
vt 0.300000 0.314159 0.000000
vt 0.000000 0.353429 0.000000
vt 0.300000 0.353429 0.000000
vt 0.000000 0.392699 0.000000
vt 0.300000 0.392699 0.000000
vt 0.000000 0.431969 0.000000
vt 0.300000 0.431969 0.000000
vt 0.000000 0.471239 0.000000
vt 0.300000 0.471239 0.000000
vt 0.000000 -0.471239 0.000000
vt 0.300000 -0.471239 0.000000
vt 0.000000 -0.431969 0.000000
vt 0.300000 -0.431969 0.000000
vt 0.000000 -0.392699 0.000000
vt 0.300000 -0.392699 0.000000
vt 0.000000 -0.353429 0.000000
vt 0.300000 -0.353429 0.000000
vt 0.000000 -0.314159 0.000000
vt 0.300000 -0.314159 0.000000
vt 0.000000 -0.274889 0.000000
vt 0.300000 -0.274889 0.000000
vt 0.000000 -0.235619 0.000000
vt 0.300000 -0.235619 0.000000
vt 0.000000 -0.196350 0.000000
vt 0.300000 -0.196350 0.000000
vt -0.000000 -0.157080 0.000000
vt 0.300000 -0.157080 0.000000
vt -0.000000 -0.117810 0.000000
vt 0.300000 -0.117810 0.000000
vt -0.000000 -0.078540 0.000000
vt 0.300000 -0.078540 0.000000
vt 0.000000 -0.039270 0.000000
vt 0.300000 -0.039270 0.000000
vt 0.000000 0.000000 0.000000
vt 0.300000 0.000000 0.000000
vt 0.000000 0.039270 0.000000
vt 0.300000 0.039270 0.000000
vt 0.000000 0.078540 0.000000
vt 0.300000 0.078540 0.000000
vt 0.000000 0.117810 0.000000
vt 0.300000 0.117810 0.000000
vt 0.000000 0.157080 0.000000
vt 0.300000 0.157080 0.000000
vt 0.000000 0.196350 0.000000
vt 0.300000 0.196350 0.000000
vt 0.000000 0.235619 0.000000
vt 0.300000 0.235619 0.000000
vt 0.000000 0.274889 0.000000
vt 0.300000 0.274889 0.000000
vt 0.000000 0.314159 0.000000
vt 0.300000 0.314159 0.000000
vt 0.000000 0.353429 0.000000
vt 0.300000 0.353429 0.000000
vt 0.000000 0.392699 0.000000
vt 0.300000 0.392699 0.000000
vt 0.000000 0.431969 0.000000
vt 0.300000 0.431969 0.000000
vt 0.000000 0.471239 0.000000
vt 0.300000 0.471239 0.000000
vt 0.000000 -0.471239 0.000000
vt 0.300000 -0.471239 0.000000
vt 0.000000 -0.431969 0.000000
vt 0.300000 -0.431969 0.000000
vt 0.000000 -0.392699 0.000000
vt 0.300000 -0.392699 0.000000
vt 0.000000 -0.353429 0.000000
vt 0.300000 -0.353429 0.000000
vt 0.000000 -0.314159 0.000000
vt 0.300000 -0.314159 0.000000
vt 0.000000 -0.274889 0.000000
vt 0.300000 -0.274889 0.000000
vt 0.000000 -0.235619 0.000000
vt 0.300000 -0.235619 0.000000
vt -0.000000 -0.196350 0.000000
vt 0.300000 -0.196350 0.000000
vt -0.000000 -0.157080 0.000000
vt 0.300000 -0.157080 0.000000
vt -0.000000 -0.117810 0.000000
vt 0.300000 -0.117810 0.000000
vt -0.000000 -0.078540 0.000000
vt 0.300000 -0.078540 0.000000
vt -2.670000 0.000000 0.000000
vt -2.970000 0.000000 0.000000
vt -2.670000 -1.000000 0.000000
vt -2.970000 -1.000000 0.000000
vt 2.670000 0.000000 0.000000
vt 2.970000 0.000000 0.000000
vt 2.670000 0.300000 0.000000
vt 2.970000 0.300000 0.000000
vt 2.670000 0.000000 0.000000
vt 2.970000 0.000000 0.000000
vt 2.670000 1.000000 0.000000
vt 2.970000 1.000000 0.000000
vt -2.670000 0.000000 0.000000
vt -2.970000 0.000000 0.000000
vt -2.670000 -0.300000 0.000000
vt -2.970000 -0.300000 0.000000
vt -2.670000 0.000000 0.000000
vt -2.970000 0.000000 0.000000
vt -2.670000 -1.000000 0.000000
vt -2.970000 -1.000000 0.000000
vt 2.670000 0.000000 0.000000
vt 2.970000 0.000000 0.000000
vt 2.670000 0.300000 0.000000
vt 2.970000 0.300000 0.000000
vt 2.670000 0.000000 0.000000
vt 2.970000 0.000000 0.000000
vt 2.670000 1.000000 0.000000
vt 2.970000 1.000000 0.000000
vt -2.670000 0.000000 0.000000
vt -2.970000 0.000000 0.000000
vt -2.670000 -0.300000 0.000000
vt -2.970000 -0.300000 0.000000
vt 2.670000 0.000000 0.000000
vt 2.970000 0.000000 0.000000
vt 2.670000 1.000000 0.000000
vt 2.970000 1.000000 0.000000
vt -2.670000 0.000000 0.000000
vt -2.970000 0.000000 0.000000
vt -2.670000 -0.300000 0.000000
vt -2.970000 -0.300000 0.000000
vt -2.670000 0.000000 0.000000
vt -2.970000 0.000000 0.000000
vt -2.670000 -1.000000 0.000000
vt -2.970000 -1.000000 0.000000
vt 2.670000 0.000000 0.000000
vt 2.970000 0.000000 0.000000
vt 2.670000 0.300000 0.000000
vt 2.970000 0.300000 0.000000
vt -2.670000 0.000000 0.000000
vt -2.970000 0.000000 0.000000
vt -2.670000 -1.000000 0.000000
vt -2.970000 -1.000000 0.000000
vt 2.670000 0.000000 0.000000
vt 2.970000 0.000000 0.000000
vt 2.670000 0.300000 0.000000
vt 2.970000 0.300000 0.000000
vt 2.670000 0.000000 0.000000
vt 2.970000 0.000000 0.000000
vt 2.670000 1.000000 0.000000
vt 2.970000 1.000000 0.000000
vt -2.670000 0.000000 0.000000
vt -2.970000 0.000000 0.000000
vt -2.670000 -0.300000 0.000000
vt -2.970000 -0.300000 0.000000
vt -0.050000 0.000000 0.000000
vt 0.000000 0.000000 0.000000
vt -0.050000 0.700000 0.000000
vt 0.000000 0.700000 0.000000
vt -0.050000 0.000000 0.000000
vt 0.000000 0.000000 0.000000
vt -0.050000 0.700000 0.000000
vt 0.000000 0.700000 0.000000
vt 0.050000 0.000000 0.000000
vt 0.000000 0.000000 0.000000
vt 0.050000 -0.700000 0.000000
vt 0.000000 -0.700000 0.000000
vt 0.050000 0.800000 0.000000
vt -0.000000 0.800000 0.000000
vt 0.050000 0.000000 0.000000
vt -0.000000 0.000000 0.000000
vt -0.050000 -0.800000 0.000000
vt -0.000000 -0.800000 0.000000
vt -0.050000 0.000000 0.000000
vt -0.000000 0.000000 0.000000
vt -0.050000 -0.800000 0.000000
vt -0.000000 -0.800000 0.000000
vt -0.050000 0.000000 0.000000
vt -0.000000 0.000000 0.000000
vt 0.050000 0.800000 0.000000
vt -0.000000 0.800000 0.000000
vt 0.050000 0.000000 0.000000
vt -0.000000 0.000000 0.000000
vt 0.050000 0.000000 0.000000
vt 0.000000 0.000000 0.000000
vt 0.050000 -0.700000 0.000000
vt 0.000000 -0.700000 0.000000
vt -1.000000 14.100000 0.000000
vt -1.000000 14.900000 0.000000
vt -1.050000 14.850000 0.000000
vt -1.800000 14.900000 0.000000
vt -1.750000 14.850000 0.000000
vt -1.800000 14.100000 0.000000
vt -1.750000 14.150000 0.000000
vt -1.050000 14.150000 0.000000
vt -0.000000 0.050000 0.000000
vt -0.020975 0.050000 0.000000
vt -0.000000 0.000000 0.000000
vt -0.020975 0.000000 0.000000
vt -0.041949 0.050000 0.000000
vt -0.041949 0.000000 0.000000
vt -0.062924 0.050000 0.000000
vt -0.062924 0.000000 0.000000
vt -0.083899 0.050000 0.000000
vt -0.083899 0.000000 0.000000
vt -0.104874 0.050000 0.000000
vt -0.104874 0.000000 0.000000
vt -0.125848 0.050000 0.000000
vt -0.125848 0.000000 0.000000
vt -0.146823 0.050000 0.000000
vt -0.146823 0.000000 0.000000
vt -0.167798 0.050000 0.000000
vt -0.167798 0.000000 0.000000
vt -0.188773 0.050000 0.000000
vt -0.188773 0.000000 0.000000
vt -0.209747 0.050000 0.000000
vt -0.209747 0.000000 0.000000
vt -0.230722 0.050000 0.000000
vt -0.230722 0.000000 0.000000
vt -0.251697 0.050000 0.000000
vt -0.251697 0.000000 0.000000
vt -0.272672 0.050000 0.000000
vt -0.272672 0.000000 0.000000
vt -0.293646 0.050000 0.000000
vt -0.293646 0.000000 0.000000
vt -0.314621 0.050000 0.000000
vt -0.314621 0.000000 0.000000
vt -0.335596 0.050000 0.000000
vt -0.335596 0.000000 0.000000
vt -0.000000 0.050000 0.000000
vt -0.019076 0.050000 0.000000
vt -0.000000 0.000000 0.000000
vt -0.019076 0.000000 0.000000
vt -0.038152 0.050000 0.000000
vt -0.038152 0.000000 0.000000
vt -0.057229 0.050000 0.000000
vt -0.057229 0.000000 0.000000
vt -0.076305 0.050000 0.000000
vt -0.076305 0.000000 0.000000
vt -0.095381 0.050000 0.000000
vt -0.095381 0.000000 0.000000
vt -0.114457 0.050000 0.000000
vt -0.114457 0.000000 0.000000
vt -0.133534 0.050000 0.000000
vt -0.133534 0.000000 0.000000
vt -0.152610 0.050000 0.000000
vt -0.152610 0.000000 0.000000
vt -0.171686 0.050000 0.000000
vt -0.171686 0.000000 0.000000
vt -0.190762 0.050000 0.000000
vt -0.190762 0.000000 0.000000
vt -0.209838 0.050000 0.000000
vt -0.209838 0.000000 0.000000
vt -0.228915 0.050000 0.000000
vt -0.228915 0.000000 0.000000
vt -0.247991 0.050000 0.000000
vt -0.247991 0.000000 0.000000
vt -0.267067 0.050000 0.000000
vt -0.267067 0.000000 0.000000
vt -0.286143 0.050000 0.000000
vt -0.286143 0.000000 0.000000
vt -0.305220 0.050000 0.000000
vt -0.305220 0.000000 0.000000
vt -0.000000 0.050000 0.000000
vt -0.020415 0.050000 0.000000
vt -0.000000 0.000000 0.000000
vt -0.020415 0.000000 0.000000
vt -0.040831 0.050000 0.000000
vt -0.040831 0.000000 0.000000
vt -0.061246 0.050000 0.000000
vt -0.061246 0.000000 0.000000
vt -0.081661 0.050000 0.000000
vt -0.081661 0.000000 0.000000
vt -0.143237 0.050000 0.000000
vt -0.105938 0.000000 0.000000
vt -0.143237 0.000000 0.000000
vt -0.180536 0.050000 0.000000
vt -0.180536 0.000000 0.000000
vt -0.217835 0.050000 0.000000
vt -0.217835 0.000000 0.000000
vt -0.255134 0.050000 0.000000
vt -0.255134 0.000000 0.000000
vt -0.292433 0.050000 0.000000
vt -0.292433 0.000000 0.000000
vt -0.329732 0.050000 0.000000
vt -0.329732 0.000000 0.000000
vt -0.367031 0.050000 0.000000
vt -0.367031 0.000000 0.000000
vt -0.404330 0.050000 0.000000
vt -0.404330 0.000000 0.000000
vt -0.441629 0.050000 0.000000
vt -0.441629 0.000000 0.000000
vt -0.478929 0.050000 0.000000
vt -0.478929 0.000000 0.000000
vt -0.516228 0.050000 0.000000
vt -0.516228 0.000000 0.000000
vt -0.553527 0.050000 0.000000
vt -0.553527 0.000000 0.000000
vt -0.590826 0.050000 0.000000
vt -0.590826 0.000000 0.000000
vt -0.628125 0.050000 0.000000
vt -0.628125 0.000000 0.000000
vt -0.665424 0.050000 0.000000
vt -0.665424 0.000000 0.000000
vt -0.702723 0.050000 0.000000
vt -0.702723 0.000000 0.000000
vt -0.740022 0.050000 0.000000
vt -0.740022 0.000000 0.000000
vt -0.777321 0.050000 0.000000
vt -0.777321 0.000000 0.000000
vt -0.814620 0.050000 0.000000
vt -0.814620 0.000000 0.000000
vt -0.851919 0.050000 0.000000
vt -0.851919 0.000000 0.000000
vt -0.889218 0.050000 0.000000
vt -0.889218 0.000000 0.000000
vt -0.926517 0.050000 0.000000
vt -0.926517 0.000000 0.000000
vt -0.963816 0.050000 0.000000
vt -0.963816 0.000000 0.000000
vt -1.001115 0.050000 0.000000
vt -1.001115 0.000000 0.000000
vt -1.038414 0.050000 0.000000
vt -1.038414 0.000000 0.000000
vt -1.075713 0.050000 0.000000
vt -1.075713 0.000000 0.000000
vt -1.113012 0.050000 0.000000
vt -1.113012 0.000000 0.000000
vt -1.150311 0.050000 0.000000
vt -1.150311 0.000000 0.000000
vt -1.187610 0.050000 0.000000
vt -1.187610 0.000000 0.000000
vt -1.224910 0.050000 0.000000
vt -1.224910 0.000000 0.000000
vt -1.262209 0.050000 0.000000
vt -1.262209 0.000000 0.000000
vt -1.299508 0.050000 0.000000
vt -1.299508 0.000000 0.000000
vt -0.320006 0.050000 0.000000
vt -0.338777 0.050000 0.000000
vt -0.320006 0.000000 0.000000
vt -0.338777 0.000000 0.000000
vt -0.357547 0.050000 0.000000
vt -0.357547 0.000000 0.000000
vt -0.376318 0.050000 0.000000
vt -0.376318 0.000000 0.000000
vt -0.395088 0.050000 0.000000
vt -0.395088 0.000000 0.000000
vt -0.413859 0.050000 0.000000
vt -0.413859 0.000000 0.000000
vt -0.432630 0.050000 0.000000
vt -0.432630 0.000000 0.000000
vt -0.451400 0.050000 0.000000
vt -0.451400 0.000000 0.000000
vt -0.470171 0.050000 0.000000
vt -0.470171 0.000000 0.000000
vt -0.488941 0.050000 0.000000
vt -0.488941 0.000000 0.000000
vt -0.507712 0.050000 0.000000
vt -0.507712 0.000000 0.000000
vt -0.526482 0.050000 0.000000
vt -0.526482 0.000000 0.000000
vt -0.545253 0.050000 0.000000
vt -0.545253 0.000000 0.000000
vt -0.564023 0.050000 0.000000
vt -0.564023 0.000000 0.000000
vt -0.582794 0.050000 0.000000
vt -0.582794 0.000000 0.000000
vt -0.601565 0.050000 0.000000
vt -0.601565 0.000000 0.000000
vt -0.620335 0.050000 0.000000
vt -0.620335 0.000000 0.000000
vt -1.172893 0.050000 0.000000
vt -1.198420 0.050000 0.000000
vt -1.172893 0.000000 0.000000
vt -1.198420 0.000000 0.000000
vt -1.223947 0.050000 0.000000
vt -1.223947 0.000000 0.000000
vt -1.249474 0.050000 0.000000
vt -1.249474 0.000000 0.000000
vt -1.275001 0.050000 0.000000
vt -1.275001 0.000000 0.000000
vt -1.300528 0.050000 0.000000
vt -1.300528 0.000000 0.000000
vt -1.326055 0.050000 0.000000
vt -1.326055 0.000000 0.000000
vt -1.351582 0.050000 0.000000
vt -1.351582 0.000000 0.000000
vt -1.377109 0.050000 0.000000
vt -1.377109 0.000000 0.000000
vt -1.402636 0.050000 0.000000
vt -1.402636 0.000000 0.000000
vt -1.428163 0.050000 0.000000
vt -1.428163 0.000000 0.000000
vt -1.453690 0.050000 0.000000
vt -1.453690 0.000000 0.000000
vt -1.479217 0.050000 0.000000
vt -1.479217 0.000000 0.000000
vt -1.504744 0.050000 0.000000
vt -1.504744 0.000000 0.000000
vt -1.530271 0.050000 0.000000
vt -1.530271 0.000000 0.000000
vt -1.555798 0.050000 0.000000
vt -1.555798 0.000000 0.000000
vt -1.581325 0.050000 0.000000
vt -1.581325 0.000000 0.000000
vt -1.632379 0.050000 0.000000
vt -1.632379 0.000000 0.000000
vt -1.683433 0.050000 0.000000
vt -1.683433 0.000000 0.000000
vt -1.708960 0.050000 0.000000
vt -1.708960 0.000000 0.000000
vt -1.734487 0.050000 0.000000
vt -1.734487 0.000000 0.000000
vt -1.760014 0.050000 0.000000
vt -1.760014 0.000000 0.000000
vt -1.785541 0.050000 0.000000
vt -1.785541 0.000000 0.000000
vt -1.811068 0.050000 0.000000
vt -1.811068 0.000000 0.000000
vt -1.836595 0.050000 0.000000
vt -1.836595 0.000000 0.000000
vt -1.862122 0.050000 0.000000
vt -1.862122 0.000000 0.000000
vt -1.887649 0.050000 0.000000
vt -1.887649 0.000000 0.000000
vt -1.913176 0.050000 0.000000
vt -1.913176 0.000000 0.000000
vt -1.938703 0.050000 0.000000
vt -1.938703 0.000000 0.000000
vt -1.964230 0.050000 0.000000
vt -1.964230 0.000000 0.000000
vt -1.989757 0.050000 0.000000
vt -1.989757 0.000000 0.000000
vt -0.335048 0.050000 0.000000
vt -0.360082 0.050000 0.000000
vt -0.335048 0.000000 0.000000
vt -0.360082 0.000000 0.000000
vt -0.385115 0.050000 0.000000
vt -0.385115 0.000000 0.000000
vt -0.410148 0.050000 0.000000
vt -0.410148 0.000000 0.000000
vt -0.435181 0.050000 0.000000
vt -0.435181 0.000000 0.000000
vt -0.460214 0.050000 0.000000
vt -0.460214 0.000000 0.000000
vt -0.485247 0.050000 0.000000
vt -0.485247 0.000000 0.000000
vt -0.510280 0.050000 0.000000
vt -0.510280 0.000000 0.000000
vt -0.535313 0.050000 0.000000
vt -0.535313 0.000000 0.000000
vt -0.560346 0.050000 0.000000
vt -0.560346 0.000000 0.000000
vt -0.585379 0.050000 0.000000
vt -0.585379 0.000000 0.000000
vt -0.610413 0.050000 0.000000
vt -0.610413 0.000000 0.000000
vt -0.635446 0.050000 0.000000
vt -0.635446 0.000000 0.000000
vt -0.660479 0.050000 0.000000
vt -0.660479 0.000000 0.000000
vt -0.685512 0.050000 0.000000
vt -0.685512 0.000000 0.000000
vt -0.710545 0.050000 0.000000
vt -0.710545 0.000000 0.000000
vt -0.735578 0.050000 0.000000
vt -0.735578 0.000000 0.000000
vt -0.038098 0.045357 0.000000
vt -0.027530 0.027058 0.000000
vt 0.027418 0.077705 0.000000
vt -0.015216 0.012652 0.000000
vt 0.032728 0.061640 0.000000
vt -0.000000 -0.000000 0.000000
vt 0.040832 0.047173 0.000000
vt 0.018131 -0.010897 0.000000
vt 0.051720 0.034304 0.000000
vt 0.039191 -0.020039 0.000000
vt 0.066065 0.022735 0.000000
vt 0.067303 -0.062291 0.000000
vt 0.082383 0.014469 0.000000
vt 0.086954 -0.055335 0.000000
vt 0.100678 0.009480 0.000000
vt 0.108413 -0.051869 0.000000
vt 0.120930 0.007739 0.000000
vt 0.131216 -0.051863 0.000000
vt 0.141336 0.009284 0.000000
vt 0.152760 -0.055258 0.000000
vt 0.159799 0.014209 0.000000
vt 0.172496 -0.062036 0.000000
vt 0.176300 0.022559 0.000000
vt 0.204635 -0.020039 0.000000
vt 0.190825 0.034380 0.000000
vt 0.228081 -0.009395 0.000000
vt 0.202589 0.048632 0.000000
vt 0.210897 0.064378 0.000000
vt 0.247814 0.003562 0.000000
vt 0.263881 0.018877 0.000000
vt 0.009961 -0.030306 0.000000
vt 0.033515 -0.086744 0.000000
vt 0.049480 -0.072756 0.000000
vt 0.020355 -0.103178 0.000000
vt -0.015080 -0.044780 0.000000
vt 0.010636 -0.121332 0.000000
vt -0.035957 -0.063465 0.000000
vt 0.004405 -0.141183 0.000000
vt -0.052576 -0.086197 0.000000
vt -0.064373 -0.112213 0.000000
vt 0.001616 -0.162796 0.000000
vt -0.071224 -0.141415 0.000000
vt -0.073073 -0.173754 0.000000
vt 0.002415 -0.185625 0.000000
vt -0.069877 -0.205782 0.000000
vt -0.061637 -0.235405 0.000000
vt 0.007210 -0.208032 0.000000
vt -0.048383 -0.262565 0.000000
vt -0.030122 -0.287321 0.000000
vt 0.016095 -0.229712 0.000000
vt -0.007122 -0.309330 0.000000
vt 0.030797 -0.251628 0.000000
vt 0.019233 -0.326790 0.000000
vt 0.050431 -0.269016 0.000000
vt 0.048743 -0.339415 0.000000
vt 0.074444 -0.281610 0.000000
vt 0.081422 -0.347202 0.000000
vt 0.100304 -0.288773 0.000000
vt 0.117283 -0.350145 0.000000
vt 0.127655 -0.290453 0.000000
vt 0.153798 -0.348248 0.000000
vt 0.153770 -0.287108 0.000000
vt 0.187181 -0.341523 0.000000
vt 0.177285 -0.278932 0.000000
vt 0.198164 -0.265890 0.000000
vt 0.217405 -0.329970 0.000000
vt 0.216123 -0.248220 0.000000
vt 0.244480 -0.313589 0.000000
vt 0.229513 -0.227656 0.000000
vt 0.268346 -0.292472 0.000000
vt 0.287682 -0.268377 0.000000
vt 0.238022 -0.204481 0.000000
vt 0.301979 -0.241989 0.000000
vt 0.311235 -0.213315 0.000000
vt 0.241634 -0.178661 0.000000
vt 0.315451 -0.182365 0.000000
vt 0.314623 -0.150255 0.000000
vt 0.240331 -0.151696 0.000000
vt 0.308718 -0.120626 0.000000
vt 0.297687 -0.093764 0.000000
vt 0.234107 -0.127143 0.000000
vt 0.281512 -0.069723 0.000000
vt 0.260563 -0.049254 0.000000
vt 0.222964 -0.105145 0.000000
vt 0.234945 -0.032663 0.000000
vt 0.206900 -0.085703 0.000000
vt 0.190545 -0.072188 0.000000
vt 0.215751 0.081649 0.000000
vt 0.276269 0.036288 0.000000
vt 0.284970 0.055540 0.000000
vt 0.217149 0.100460 0.000000
vt 0.290038 0.076728 0.000000
vt 0.291579 0.099642 0.000000
vt 0.289796 0.122628 0.000000
vt 0.284806 0.144338 0.000000
vt 0.215176 0.119010 0.000000
vt 0.276616 0.164650 0.000000
vt 0.265218 0.183689 0.000000
vt 0.209904 0.136042 0.000000
vt 0.250618 0.201441 0.000000
vt 0.201352 0.151569 0.000000
vt 0.233039 0.217526 0.000000
vt 0.213309 0.230639 0.000000
vt 0.189540 0.165633 0.000000
vt 0.191499 0.240670 0.000000
vt 0.174271 0.177976 0.000000
vt 0.167608 0.247626 0.000000
vt 0.157119 0.186609 0.000000
vt 0.138114 0.191534 0.000000
vt 0.113675 0.252352 0.000000
vt 0.117346 0.192752 0.000000
vt 0.097246 0.190383 0.000000
vt 0.061581 0.244855 0.000000
vt 0.079066 0.184502 0.000000
vt 0.062760 0.175126 0.000000
vt 0.038725 0.236555 0.000000
vt 0.048354 0.162352 0.000000
vt 0.017933 0.225131 0.000000
vt 0.037082 0.147657 0.000000
vt -0.000769 0.210620 0.000000
vt 0.029419 0.131566 0.000000
vt -0.016845 0.193766 0.000000
vt -0.029740 0.175336 0.000000
vt 0.025378 0.114065 0.000000
vt -0.039370 0.155483 0.000000
vt -0.045759 0.134197 0.000000
vt -0.048910 0.111422 0.000000
vt 0.024914 0.095368 0.000000
vt -0.048775 0.087732 0.000000
vt -0.045180 0.065581 0.000000
vt -1.490477 14.587231 0.000000
vt -1.479589 14.574363 0.000000
vt -1.314160 14.640519 0.000000
vt -1.465244 14.562793 0.000000
vt -1.448926 14.554528 0.000000
vt -1.430632 14.549539 0.000000
vt -1.410379 14.547797 0.000000
vt -1.315559 14.621708 0.000000
vt -1.320412 14.604437 0.000000
vt -1.328720 14.588690 0.000000
vt -1.340484 14.574439 0.000000
vt -1.389973 14.549342 0.000000
vt -1.371510 14.554267 0.000000
vt -1.355009 14.562618 0.000000
vt -1.316133 14.659068 0.000000
vt -1.506396 14.635426 0.000000
vt -1.503891 14.617763 0.000000
vt -1.498581 14.601699 0.000000
vt -1.321405 14.676100 0.000000
vt -1.329957 14.691628 0.000000
vt -1.505931 14.654123 0.000000
vt -1.501891 14.671625 0.000000
vt -1.494227 14.687716 0.000000
vt -1.341769 14.705691 0.000000
vt -1.482955 14.702411 0.000000
vt -1.468549 14.715184 0.000000
vt -1.452244 14.724561 0.000000
vt -1.434064 14.730441 0.000000
vt -1.413964 14.732811 0.000000
vt -1.393195 14.731593 0.000000
vt -1.357038 14.718034 0.000000
vt -1.374191 14.726668 0.000000
vt -1.500513 14.288431 0.000000
vt -1.480878 14.271042 0.000000
vt -1.515214 14.310346 0.000000
vt -1.456866 14.258448 0.000000
vt -1.431005 14.251286 0.000000
vt -1.403654 14.249605 0.000000
vt -1.377539 14.252951 0.000000
vt -1.354025 14.261127 0.000000
vt -1.333145 14.274168 0.000000
vt -1.315186 14.291839 0.000000
vt -1.301797 14.312403 0.000000
vt -1.293287 14.335577 0.000000
vt -1.289676 14.361398 0.000000
vt -1.524100 14.332026 0.000000
vt -1.528894 14.354433 0.000000
vt -1.290979 14.388362 0.000000
vt -1.529694 14.377262 0.000000
vt -1.297202 14.412916 0.000000
vt -1.308346 14.434914 0.000000
vt -1.324410 14.454355 0.000000
vt -1.340765 14.467871 0.000000
vt -1.358813 14.478023 0.000000
vt -1.378549 14.484801 0.000000
vt -1.400093 14.488196 0.000000
vt -1.526904 14.398875 0.000000
vt -1.520673 14.418727 0.000000
vt -1.510955 14.436880 0.000000
vt -1.497795 14.453315 0.000000
vt -1.422897 14.488190 0.000000
vt -1.444355 14.484723 0.000000
vt -1.464006 14.477768 0.000000
vt -1.481829 14.467302 0.000000
vn 0.000000 -0.000000 -1.000000
vn 0.000000 -0.000000 -1.000000
vn 0.000000 -0.000000 -1.000000
vn 0.000000 -0.000000 -1.000000
vn 0.000000 -0.000000 -1.000000
vn 0.000000 -0.000000 -1.000000
vn 0.000000 -0.000000 -1.000000
vn 0.000000 -0.000000 -1.000000
vn 0.000000 -0.000000 -1.000000
vn 0.000000 -0.000000 -1.000000
vn 0.000000 -0.000000 -1.000000
vn 0.000000 -0.000000 -1.000000
vn 0.000000 -0.000000 -1.000000
vn 0.000000 -0.000000 -1.000000
vn 0.000000 -0.000000 -1.000000
vn 0.000000 -0.000000 -1.000000
vn 0.000000 -0.000000 -1.000000
vn 0.000000 -0.000000 -1.000000
vn 0.000000 -0.000000 -1.000000
vn 0.000000 -0.000000 -1.000000
vn 0.000000 -0.000000 -1.000000
vn 0.000000 -0.000000 -1.000000
vn 0.000000 -0.000000 -1.000000
vn 0.000000 -0.000000 -1.000000
vn 0.000000 -0.000000 -1.000000
vn 0.000000 -0.000000 -1.000000
vn 0.000000 -0.000000 -1.000000
vn 0.000000 -0.000000 -1.000000
vn 0.000000 -0.000000 -1.000000
vn 0.000000 -0.000000 -1.000000
vn 0.000000 -0.000000 -1.000000
vn 0.000000 -0.000000 -1.000000
vn 0.000000 -0.000000 -1.000000
vn 0.000000 -0.000000 -1.000000
vn 0.000000 -0.000000 -1.000000
vn 0.000000 -0.000000 -1.000000
vn 0.000000 -0.000000 -1.000000
vn 0.000000 -0.000000 -1.000000
vn 0.000000 -0.000000 -1.000000
vn 0.000000 -0.000000 -1.000000
vn 0.000000 -0.000000 -1.000000
vn 0.000000 -0.000000 -1.000000
vn 0.000000 -0.000000 -1.000000
vn 0.000000 -0.000000 -1.000000
vn 0.000000 -0.000000 -1.000000
vn 0.000000 -0.000000 -1.000000
vn 0.000000 -0.000000 -1.000000
vn 0.000000 -0.000000 -1.000000
vn 0.000000 -0.000000 -1.000000
vn 0.000000 -0.000000 -1.000000
vn 0.000000 -0.000000 -1.000000
vn 0.000000 -0.000000 -1.000000
vn 0.000000 -0.000000 -1.000000
vn 0.000000 -0.000000 -1.000000
vn 0.000000 -0.000000 -1.000000
vn 0.000000 -0.000000 -1.000000
vn 0.000000 -0.000000 -1.000000
vn 0.000000 -0.000000 -1.000000
vn 0.000000 -0.000000 -1.000000
vn 0.000000 -0.000000 -1.000000
vn 0.000000 -0.000000 -1.000000
vn 0.000000 -0.000000 -1.000000
vn 0.000000 -0.000000 -1.000000
vn 0.000000 -0.000000 -1.000000
vn 0.000000 -0.000000 -1.000000
vn 0.000000 -0.000000 -1.000000
vn 0.000000 -0.000000 -1.000000
vn 0.000000 -0.000000 -1.000000
vn 0.000000 -0.000000 -1.000000
vn 0.000000 -0.000000 -1.000000
vn -1.000000 -0.000000 0.000000
vn -1.000000 -0.000000 0.000000
vn -1.000000 -0.000000 0.000000
vn -1.000000 -0.000000 0.000000
vn -1.000000 -0.000000 0.000000
vn -1.000000 -0.000000 0.000000
vn -0.000000 -1.000000 -0.000000
vn -0.000000 -1.000000 -0.000000
vn -0.000000 -1.000000 -0.000000
vn -0.000000 -1.000000 -0.000000
vn 1.000000 -0.000000 -0.000000
vn 1.000000 -0.000000 -0.000000
vn 1.000000 -0.000000 -0.000000
vn 1.000000 -0.000000 -0.000000
vn 1.000000 -0.000000 -0.000000
vn 1.000000 -0.000000 -0.000000
vn -0.000000 1.000000 -0.000000
vn -0.000000 1.000000 -0.000000
vn -0.000000 1.000000 -0.000000
vn -0.000000 1.000000 -0.000000
vn -0.000000 0.000000 1.000000
vn -0.000000 0.000000 1.000000
vn -0.000000 0.000000 1.000000
vn -0.000000 0.000000 1.000000
vn -0.000000 0.000000 1.000000
vn -0.000000 0.000000 1.000000
vn -0.000000 0.000000 1.000000
vn -0.000000 0.000000 1.000000
vn -0.000000 0.000000 1.000000
vn -0.000000 0.000000 1.000000
vn -0.000000 0.000000 1.000000
vn -0.000000 0.000000 1.000000
vn -0.000000 0.000000 1.000000
vn -0.000000 0.000000 1.000000
vn -0.000000 0.000000 1.000000
vn -0.000000 0.000000 1.000000
vn -0.000000 0.000000 1.000000
vn -0.000000 0.000000 1.000000
vn -0.000000 0.000000 1.000000
vn -0.000000 0.000000 1.000000
vn -0.000000 0.000000 1.000000
vn -0.000000 0.000000 1.000000
vn -0.000000 0.000000 1.000000
vn -0.000000 0.000000 1.000000
vn -0.000000 0.000000 1.000000
vn -0.000000 0.000000 1.000000
vn -0.000000 0.000000 1.000000
vn -0.000000 0.000000 1.000000
vn -0.000000 0.000000 1.000000
vn -0.000000 0.000000 1.000000
vn -0.000000 0.000000 1.000000
vn -0.000000 0.000000 1.000000
vn -0.000000 0.000000 1.000000
vn -0.000000 0.000000 1.000000
vn -0.000000 0.000000 1.000000
vn -0.000000 0.000000 1.000000
vn -0.000000 0.000000 1.000000
vn -0.000000 0.000000 1.000000
vn -0.000000 0.000000 1.000000
vn -0.000000 0.000000 1.000000
vn -0.000000 0.000000 1.000000
vn -0.000000 0.000000 1.000000
vn -0.000000 0.000000 1.000000
vn -0.000000 0.000000 1.000000
vn -0.000000 0.000000 1.000000
vn -0.000000 0.000000 1.000000
vn -0.000000 0.000000 1.000000
vn -0.000000 0.000000 1.000000
vn -0.000000 0.000000 1.000000
vn -0.000000 0.000000 1.000000
vn -0.000000 0.000000 1.000000
vn -0.000000 0.000000 1.000000
vn -0.000000 0.000000 1.000000
vn -0.000000 0.000000 1.000000
vn -0.000000 0.000000 1.000000
vn -0.000000 0.000000 1.000000
vn -0.000000 0.000000 1.000000
vn -0.000000 0.000000 1.000000
vn -0.000000 0.000000 1.000000
vn -0.000000 0.000000 1.000000
vn -0.000000 0.000000 1.000000
vn -0.000000 0.000000 1.000000
vn -0.000000 0.000000 1.000000
vn -0.000000 0.000000 1.000000
vn -0.000000 0.000000 1.000000
vn -0.000000 0.000000 1.000000
vn -0.000000 0.000000 1.000000
vn -0.000000 0.000000 1.000000
vn -0.000000 0.000000 1.000000
vn -0.000000 0.000000 1.000000
vn -0.000000 0.000000 1.000000
vn -0.000000 0.000000 1.000000
vn -0.000000 0.000000 1.000000
vn -0.000000 0.000000 1.000000
vn -0.000000 0.000000 1.000000
vn -0.000000 0.000000 1.000000
vn -0.000000 0.000000 1.000000
vn -0.000000 0.000000 1.000000
vn -0.000000 0.000000 1.000000
vn -0.000000 0.000000 1.000000
vn -0.000000 0.000000 1.000000
vn -0.000000 0.000000 1.000000
vn -0.000000 0.000000 1.000000
vn -0.000000 0.000000 1.000000
vn -0.000000 0.000000 1.000000
vn -0.000000 0.000000 1.000000
vn -0.000000 0.000000 1.000000
vn -0.000000 0.000000 1.000000
vn -0.000000 0.000000 1.000000
vn -0.000000 0.000000 1.000000
vn -0.000000 0.000000 1.000000
vn -0.000000 0.000000 1.000000
vn -0.000000 0.000000 1.000000
vn -0.000000 0.000000 1.000000
vn -0.000000 0.000000 1.000000
vn -0.000000 0.000000 1.000000
vn -0.000000 0.000000 1.000000
vn -0.000000 0.000000 1.000000
vn -0.000000 0.000000 1.000000
vn -0.000000 0.000000 1.000000
vn -0.000000 0.000000 1.000000
vn -0.000000 0.000000 1.000000
vn -0.000000 0.000000 1.000000
vn -0.000000 0.000000 1.000000
vn -0.000000 0.000000 1.000000
vn -0.000000 0.000000 1.000000
vn -0.000000 0.000000 1.000000
vn -0.000000 0.000000 1.000000
vn -0.000000 0.000000 1.000000
vn -0.000000 0.000000 1.000000
vn -0.000000 0.000000 1.000000
vn -0.000000 0.000000 1.000000
vn -0.000000 0.000000 1.000000
vn -0.000000 0.000000 1.000000
vn -0.000000 0.000000 1.000000
vn -0.000000 0.000000 1.000000
vn -0.000000 0.000000 1.000000
vn -0.000000 0.000000 1.000000
vn -0.000000 0.000000 1.000000
vn -0.000000 0.000000 1.000000
vn -0.000000 0.000000 1.000000
vn -0.000000 0.000000 1.000000
vn -0.000000 0.000000 1.000000
vn -0.000000 0.000000 1.000000
vn -0.000000 0.000000 1.000000
vn -0.000000 0.000000 1.000000
vn -0.000000 0.000000 1.000000
vn -0.000000 0.000000 1.000000
vn -0.000000 0.000000 1.000000
vn -0.000000 0.000000 1.000000
vn -0.000000 0.000000 1.000000
vn -0.000000 0.000000 1.000000
vn -0.000000 0.000000 1.000000
vn -0.000000 0.000000 1.000000
vn -0.000000 0.000000 1.000000
vn -0.000000 0.000000 1.000000
vn -0.000000 0.000000 1.000000
vn -0.000000 0.000000 1.000000
vn -0.000000 0.000000 1.000000
vn -0.000000 0.000000 1.000000
vn -0.000000 0.000000 1.000000
vn -0.000000 0.000000 1.000000
vn -0.000000 0.000000 1.000000
vn -0.000000 0.000000 1.000000
vn -0.000000 0.000000 1.000000
vn -0.000000 0.000000 1.000000
vn -0.000000 0.000000 1.000000
vn -0.000000 0.000000 1.000000
vn -0.000000 0.000000 1.000000
vn -0.000000 0.000000 1.000000
vn -0.000000 0.000000 1.000000
vn -0.000000 0.000000 1.000000
vn -0.000000 0.000000 1.000000
vn -0.000000 0.000000 1.000000
vn -0.000000 0.000000 1.000000
vn -0.000000 0.000000 1.000000
vn -0.000000 0.000000 1.000000
vn -0.000000 0.000000 1.000000
vn -0.000000 0.000000 1.000000
vn -0.000000 0.000000 1.000000
vn -0.000000 0.000000 1.000000
vn -0.000000 0.000000 1.000000
vn -0.000000 0.000000 1.000000
vn -0.000000 0.000000 1.000000
vn -0.000000 0.000000 1.000000
vn -0.000000 0.000000 1.000000
vn -0.000000 0.000000 1.000000
vn -0.000000 0.000000 1.000000
vn -0.000000 0.000000 1.000000
vn -0.000000 0.000000 1.000000
vn -0.000000 0.000000 1.000000
vn -0.000000 0.000000 1.000000
vn -0.000000 0.000000 1.000000
vn -0.000000 0.000000 1.000000
vn -0.000000 0.000000 1.000000
vn -0.000000 0.000000 1.000000
vn -0.000000 0.000000 1.000000
vn -0.000000 0.000000 1.000000
vn -0.000000 0.000000 1.000000
vn -0.000000 0.000000 1.000000
vn -0.000000 0.000000 1.000000
vn -0.000000 0.000000 1.000000
vn -0.000000 0.000000 1.000000
vn -0.000000 0.000000 1.000000
vn -0.000000 0.000000 1.000000
vn -0.000000 0.000000 1.000000
vn -0.000000 0.000000 1.000000
vn -0.000000 0.000000 1.000000
vn -0.000000 0.000000 1.000000
vn -0.000000 0.000000 1.000000
vn -0.000000 0.000000 1.000000
vn -0.000000 0.000000 1.000000
vn -0.000000 0.000000 1.000000
vn -0.000000 0.000000 1.000000
vn -0.000000 0.000000 1.000000
vn -0.000000 0.000000 1.000000
vn -0.000000 0.000000 1.000000
vn -0.000000 0.000000 1.000000
vn -0.000000 0.000000 1.000000
vn -0.000000 0.000000 1.000000
vn -0.000000 0.000000 1.000000
vn -0.000000 0.000000 1.000000
vn -0.000000 0.000000 1.000000
vn -0.000000 0.000000 1.000000
vn -0.000000 0.000000 1.000000
vn -0.000000 0.000000 1.000000
vn -0.000000 0.000000 1.000000
vn -0.000000 0.000000 1.000000
vn -0.000000 0.000000 1.000000
vn -0.000000 0.000000 1.000000
vn -0.000000 0.000000 1.000000
vn -0.000000 0.000000 1.000000
vn -0.000000 0.000000 1.000000
vn -0.000000 0.000000 1.000000
vn -0.000000 0.000000 1.000000
vn -0.000000 0.000000 1.000000
vn -0.000000 0.000000 1.000000
vn -0.000000 0.000000 1.000000
vn -0.000000 0.000000 1.000000
vn -0.000000 0.000000 1.000000
vn -0.000000 0.000000 1.000000
vn -0.000000 0.000000 1.000000
vn -0.000000 0.000000 1.000000
vn -0.000000 0.000000 1.000000
vn -0.000000 0.000000 1.000000
vn -0.000000 0.000000 1.000000
vn -0.000000 0.000000 1.000000
vn -0.000000 0.000000 1.000000
vn -0.000000 0.000000 1.000000
vn -0.000000 0.000000 1.000000
vn -0.000000 0.000000 1.000000
vn -0.000000 0.000000 1.000000
vn -0.000000 0.000000 1.000000
vn -0.000000 0.000000 1.000000
vn -0.000000 0.000000 1.000000
vn -0.000000 0.000000 1.000000
vn -0.000000 0.000000 1.000000
vn -0.000000 0.000000 1.000000
vn -0.000000 0.000000 1.000000
vn -0.000000 0.000000 1.000000
vn -0.000000 0.000000 1.000000
vn -0.000000 0.000000 1.000000
vn -0.000000 0.000000 1.000000
vn -0.000000 0.000000 1.000000
vn -0.000000 0.000000 1.000000
vn -0.000000 0.000000 1.000000
vn -0.000000 0.000000 1.000000
vn -0.000000 0.000000 1.000000
vn -0.000000 0.000000 1.000000
vn -0.000000 0.000000 1.000000
vn -0.000000 0.000000 1.000000
vn -0.000000 0.000000 1.000000
vn -0.000000 0.000000 1.000000
vn -0.000000 0.000000 1.000000
vn -0.000000 0.000000 1.000000
vn -0.000000 0.000000 1.000000
vn -0.000000 0.000000 1.000000
vn -0.000000 0.000000 1.000000
vn -0.000000 0.000000 1.000000
vn -0.000000 0.000000 1.000000
vn -0.000000 0.000000 1.000000
vn -0.000000 0.000000 1.000000
vn -0.000000 0.000000 1.000000
vn -0.000000 0.000000 1.000000
vn -0.000000 0.000000 1.000000
vn -0.000000 0.000000 1.000000
vn -0.000000 0.000000 1.000000
vn -0.000000 0.000000 1.000000
vn -0.000000 0.000000 1.000000
vn -0.000000 0.000000 1.000000
vn -0.000000 0.000000 1.000000
vn -0.000000 0.000000 1.000000
vn -0.000000 0.000000 1.000000
vn -0.000000 0.000000 1.000000
vn -0.000000 0.000000 1.000000
vn -0.000000 0.000000 1.000000
vn -0.000000 0.000000 1.000000
vn -0.000000 0.000000 1.000000
vn -0.000000 0.000000 1.000000
vn -0.000000 0.000000 1.000000
vn -0.000000 0.000000 1.000000
vn -0.000000 0.000000 1.000000
vn -0.000000 0.000000 1.000000
vn -0.000000 0.000000 1.000000
vn -0.000000 0.000000 1.000000
vn -0.000000 0.000000 1.000000
vn -0.000000 0.000000 1.000000
vn -0.000000 0.000000 1.000000
vn -0.000000 0.000000 1.000000
vn -0.000000 0.000000 1.000000
vn -0.000000 0.000000 1.000000
vn -0.000000 0.000000 1.000000
vn -0.000000 0.000000 1.000000
vn -0.000000 0.000000 1.000000
vn -0.000000 0.000000 1.000000
vn -0.000000 0.000000 1.000000
vn -0.000000 0.000000 1.000000
vn -0.000000 0.000000 1.000000
vn -0.000000 0.000000 1.000000
vn -0.000000 0.000000 1.000000
vn -0.000000 0.000000 1.000000
vn -0.000000 0.000000 1.000000
vn -0.000000 0.000000 1.000000
vn -0.000000 0.000000 1.000000
vn -0.000000 0.000000 1.000000
vn -0.000000 0.000000 1.000000
vn -0.000000 0.000000 1.000000
vn -0.000000 0.000000 1.000000
vn -0.000000 0.000000 1.000000
vn -0.000000 0.000000 1.000000
vn -0.000000 0.000000 1.000000
vn -0.000000 0.000000 1.000000
vn -0.000000 0.000000 1.000000
vn -0.000000 0.000000 1.000000
vn -0.000000 0.000000 1.000000
vn -0.000000 0.000000 1.000000
vn -0.000000 0.000000 1.000000
vn -0.000000 0.000000 1.000000
vn -0.000000 0.000000 1.000000
vn -0.000000 0.000000 1.000000
vn -0.000000 0.000000 1.000000
vn -0.000000 0.000000 1.000000
vn -0.000000 0.000000 1.000000
vn -0.000000 0.000000 1.000000
vn -0.000000 0.000000 1.000000
vn -0.000000 0.000000 1.000000
vn -0.000000 0.000000 1.000000
vn -0.000000 0.000000 1.000000
vn -0.000000 0.000000 1.000000
vn -0.000000 0.000000 1.000000
vn -0.000000 0.000000 1.000000
vn -0.000000 0.000000 1.000000
vn 0.000000 -0.000000 -1.000000
vn 0.000000 -0.000000 -1.000000
vn 0.000000 -0.000000 -1.000000
vn 0.000000 -0.000000 -1.000000
vn 0.000000 -0.000000 -1.000000
vn 0.000000 -0.000000 -1.000000
vn 0.000000 -0.000000 -1.000000
vn 0.000000 -0.000000 -1.000000
vn 0.000000 -0.000000 -1.000000
vn 0.000000 -0.000000 -1.000000
vn 0.000000 -0.000000 -1.000000
vn 0.000000 -0.000000 -1.000000
vn 0.000000 -0.000000 -1.000000
vn 0.000000 -0.000000 -1.000000
vn 0.000000 -0.000000 -1.000000
vn 0.000000 -0.000000 -1.000000
vn 0.000000 -0.000000 -1.000000
vn 0.000000 -0.000000 -1.000000
vn 0.000000 -0.000000 -1.000000
vn 0.000000 -0.000000 -1.000000
vn 0.000000 -0.000000 -1.000000
vn 0.000000 -0.000000 -1.000000
vn 0.000000 -0.000000 -1.000000
vn 0.000000 -0.000000 -1.000000
vn 0.000000 -0.000000 -1.000000
vn 0.000000 -0.000000 -1.000000
vn 0.000000 -0.000000 -1.000000
vn 0.000000 -0.000000 -1.000000
vn 0.000000 -0.000000 -1.000000
vn 0.000000 -0.000000 -1.000000
vn 0.000000 -0.000000 -1.000000
vn 0.000000 -0.000000 -1.000000
vn 0.000000 -0.000000 -1.000000
vn 0.000000 -0.000000 -1.000000
vn 0.000000 -0.000000 -1.000000
vn 0.000000 -0.000000 -1.000000
vn 0.000000 -0.000000 -1.000000
vn 0.000000 -0.000000 -1.000000
vn 0.000000 -0.000000 -1.000000
vn 0.000000 -0.000000 -1.000000
vn 0.000000 -0.000000 -1.000000
vn 0.000000 -0.000000 -1.000000
vn 0.000000 -0.000000 -1.000000
vn 0.000000 -0.000000 -1.000000
vn 0.000000 -0.000000 -1.000000
vn 0.000000 -0.000000 -1.000000
vn 0.000000 -0.000000 -1.000000
vn 0.000000 -0.000000 -1.000000
vn 0.000000 -0.000000 -1.000000
vn 0.000000 -0.000000 -1.000000
vn 0.000000 -0.000000 -1.000000
vn 0.000000 -0.000000 -1.000000
vn 0.000000 -0.000000 -1.000000
vn 0.000000 -0.000000 -1.000000
vn 0.000000 -0.000000 -1.000000
vn 0.000000 -0.000000 -1.000000
vn 0.000000 -0.000000 -1.000000
vn 0.000000 -0.000000 -1.000000
vn 0.000000 -0.000000 -1.000000
vn 0.000000 -0.000000 -1.000000
vn 0.000000 -0.000000 -1.000000
vn 0.000000 -0.000000 -1.000000
vn 0.000000 -0.000000 -1.000000
vn 0.000000 -0.000000 -1.000000
vn 0.000000 -0.000000 -1.000000
vn 0.000000 -0.000000 -1.000000
vn 0.000000 -0.000000 -1.000000
vn 0.000000 -0.000000 -1.000000
vn 0.000000 -0.000000 -1.000000
vn 0.000000 -0.000000 -1.000000
vn 0.000000 -0.000000 -1.000000
vn 0.000000 -0.000000 -1.000000
vn 0.000000 -0.000000 -1.000000
vn 0.000000 -0.000000 -1.000000
vn 0.000000 -0.000000 -1.000000
vn 0.000000 -0.000000 -1.000000
vn 0.000000 -0.000000 -1.000000
vn 0.000000 -0.000000 -1.000000
vn 0.000000 -0.000000 -1.000000
vn 0.000000 -0.000000 -1.000000
vn 0.000000 -0.000000 -1.000000
vn 0.000000 -0.000000 -1.000000
vn 0.000000 -0.000000 -1.000000
vn 0.000000 -0.000000 -1.000000
vn 0.000000 -0.000000 -1.000000
vn 0.000000 -0.000000 -1.000000
vn 0.000000 -0.000000 -1.000000
vn 0.000000 -0.000000 -1.000000
vn 0.000000 -0.000000 -1.000000
vn 0.000000 -0.000000 -1.000000
vn 0.000000 -0.000000 -1.000000
vn 0.000000 -0.000000 -1.000000
vn 0.000000 -0.000000 -1.000000
vn 0.000000 -0.000000 -1.000000
vn 0.000000 -0.000000 -1.000000
vn 0.000000 -0.000000 -1.000000
vn 0.000000 -0.000000 -1.000000
vn 0.000000 -0.000000 -1.000000
vn 0.000000 -0.000000 -1.000000
vn 0.000000 -0.000000 -1.000000
vn 0.000000 -0.000000 -1.000000
vn 0.000000 -0.000000 -1.000000
vn 0.000000 -0.000000 -1.000000
vn 0.000000 -0.000000 -1.000000
vn 0.000000 -0.000000 -1.000000
vn 0.000000 -0.000000 -1.000000
vn 0.000000 -0.000000 -1.000000
vn 0.000000 -0.000000 -1.000000
vn 0.000000 -0.000000 -1.000000
vn 0.000000 -0.000000 -1.000000
vn 0.000000 -0.000000 -1.000000
vn 0.000000 -0.000000 -1.000000
vn 0.000000 -0.000000 -1.000000
vn 0.000000 -0.000000 -1.000000
vn 0.000000 -0.000000 -1.000000
vn 0.000000 -0.000000 -1.000000
vn 0.000000 -0.000000 -1.000000
vn 0.000000 -0.000000 -1.000000
vn 0.000000 -0.000000 -1.000000
vn 0.000000 -0.000000 -1.000000
vn 0.000000 -0.000000 -1.000000
vn 0.000000 -0.000000 -1.000000
vn 0.000000 -0.000000 -1.000000
vn 0.000000 -0.000000 -1.000000
vn 0.000000 -0.000000 -1.000000
vn 0.000000 -0.000000 -1.000000
vn 0.000000 -0.000000 -1.000000
vn 0.000000 -0.000000 -1.000000
vn 0.000000 -0.000000 -1.000000
vn 0.000000 -0.000000 -1.000000
vn 0.000000 -0.000000 -1.000000
vn 0.000000 -0.000000 -1.000000
vn 0.000000 -0.000000 -1.000000
vn 0.000000 -0.000000 -1.000000
vn 0.000000 -0.000000 -1.000000
vn 0.000000 -0.000000 -1.000000
vn 0.000000 -0.000000 -1.000000
vn 0.000000 -0.000000 -1.000000
vn 0.000000 -0.000000 -1.000000
vn 0.000000 -0.000000 -1.000000
vn 0.000000 -0.000000 -1.000000
vn 0.000000 -0.000000 -1.000000
vn 0.000000 -0.000000 -1.000000
vn 0.000000 -0.000000 -1.000000
vn 0.000000 -0.000000 -1.000000
vn 0.000000 -0.000000 -1.000000
vn 0.000000 -0.000000 -1.000000
vn 0.000000 -0.000000 -1.000000
vn 0.000000 -0.000000 -1.000000
vn 0.000000 -0.000000 -1.000000
vn 0.000000 -0.000000 -1.000000
vn 0.000000 -0.000000 -1.000000
vn 0.000000 -0.000000 -1.000000
vn 0.000000 -0.000000 -1.000000
vn 0.000000 -0.000000 -1.000000
vn 0.000000 -0.000000 -1.000000
vn 0.000000 -0.000000 -1.000000
vn 0.000000 -0.000000 -1.000000
vn 0.000000 -0.000000 -1.000000
vn 0.000000 -0.000000 -1.000000
vn 0.000000 -0.000000 -1.000000
vn 0.000000 -0.000000 -1.000000
vn 0.000000 -0.000000 -1.000000
vn 0.000000 -0.000000 -1.000000
vn 0.000000 -0.000000 -1.000000
vn 0.000000 -0.000000 -1.000000
vn 0.000000 -0.000000 -1.000000
vn 0.000000 -0.000000 -1.000000
vn 0.000000 -0.000000 -1.000000
vn 0.000000 -0.000000 -1.000000
vn 0.000000 -0.000000 -1.000000
vn 0.000000 -0.000000 -1.000000
vn 0.000000 -0.000000 -1.000000
vn 0.000000 -0.000000 -1.000000
vn 0.000000 -0.000000 -1.000000
vn 0.000000 -0.000000 -1.000000
vn 0.000000 -0.000000 -1.000000
vn 0.000000 -0.000000 -1.000000
vn 0.000000 -0.000000 -1.000000
vn 0.000000 -0.000000 -1.000000
vn 0.000000 -0.000000 -1.000000
vn 0.000000 -0.000000 -1.000000
vn 0.000000 -0.000000 -1.000000
vn 0.000000 -0.000000 -1.000000
vn 0.000000 -0.000000 -1.000000
vn 0.000000 -0.000000 -1.000000
vn 0.000000 -0.000000 -1.000000
vn 0.000000 -0.000000 -1.000000
vn 0.000000 -0.000000 -1.000000
vn 0.000000 -0.000000 -1.000000
vn 0.000000 -0.000000 -1.000000
vn 0.000000 -0.000000 -1.000000
vn 0.000000 -0.000000 -1.000000
vn 0.000000 -0.000000 -1.000000
vn 0.000000 -0.000000 -1.000000
vn 0.000000 -0.000000 -1.000000
vn 0.000000 -0.000000 -1.000000
vn 0.000000 -0.000000 -1.000000
vn 0.000000 -0.000000 -1.000000
vn 0.000000 -0.000000 -1.000000
vn 0.000000 -0.000000 -1.000000
vn 0.000000 -0.000000 -1.000000
vn 0.000000 -0.000000 -1.000000
vn 0.000000 -0.000000 -1.000000
vn 0.000000 -0.000000 -1.000000
vn 0.000000 -0.000000 -1.000000
vn 0.000000 -0.000000 -1.000000
vn 0.000000 -0.000000 -1.000000
vn 0.000000 -0.000000 -1.000000
vn 0.000000 -0.000000 -1.000000
vn 0.000000 -0.000000 -1.000000
vn 0.000000 -0.000000 -1.000000
vn 0.000000 -0.000000 -1.000000
vn 0.000000 -0.000000 -1.000000
vn 0.000000 -0.000000 -1.000000
vn 0.000000 -0.000000 -1.000000
vn 0.000000 -0.000000 -1.000000
vn 0.000000 -0.000000 -1.000000
vn 0.000000 -0.000000 -1.000000
vn 0.000000 -0.000000 -1.000000
vn 0.000000 -0.000000 -1.000000
vn 0.000000 -0.000000 -1.000000
vn 0.000000 -0.000000 -1.000000
vn 0.000000 -0.000000 -1.000000
vn 0.000000 -0.000000 -1.000000
vn 0.000000 -0.000000 -1.000000
vn 0.000000 -0.000000 -1.000000
vn 0.000000 -0.000000 -1.000000
vn 0.000000 -0.000000 -1.000000
vn 0.000000 -0.000000 -1.000000
vn 0.000000 -0.000000 -1.000000
vn 0.000000 -0.000000 -1.000000
vn 0.000000 -0.000000 -1.000000
vn 0.000000 -0.000000 -1.000000
vn 0.000000 -0.000000 -1.000000
vn 0.000000 -0.000000 -1.000000
vn 0.000000 -0.000000 -1.000000
vn 0.000000 -0.000000 -1.000000
vn 0.000000 -0.000000 -1.000000
vn 0.000000 -0.000000 -1.000000
vn 0.000000 -0.000000 -1.000000
vn 0.000000 -0.000000 -1.000000
vn 0.000000 -0.000000 -1.000000
vn 0.000000 -0.000000 -1.000000
vn 0.000000 -0.000000 -1.000000
vn 0.000000 -0.000000 -1.000000
vn 0.000000 -0.000000 -1.000000
vn 0.000000 -0.000000 -1.000000
vn 0.000000 -0.000000 -1.000000
vn 0.000000 -0.000000 -1.000000
vn 0.000000 -0.000000 -1.000000
vn 0.000000 -0.000000 -1.000000
vn 0.000000 -0.000000 -1.000000
vn 0.000000 -0.000000 -1.000000
vn 0.000000 -0.000000 -1.000000
vn 0.000000 -0.000000 -1.000000
vn 0.000000 -0.000000 -1.000000
vn 0.000000 -0.000000 -1.000000
vn 0.000000 -0.000000 -1.000000
vn 0.000000 -0.000000 -1.000000
vn 0.000000 -0.000000 -1.000000
vn 0.000000 -0.000000 -1.000000
vn 0.000000 -0.000000 -1.000000
vn 0.000000 -0.000000 -1.000000
vn 0.000000 -0.000000 -1.000000
vn 0.000000 -0.000000 -1.000000
vn 0.000000 -0.000000 -1.000000
vn 0.000000 -0.000000 -1.000000
vn 0.000000 -0.000000 -1.000000
vn 0.000000 -0.000000 -1.000000
vn 0.000000 -0.000000 -1.000000
vn 0.000000 -0.000000 -1.000000
vn 0.000000 -0.000000 -1.000000
vn 0.000000 -0.000000 -1.000000
vn 0.000000 -0.000000 -1.000000
vn 0.000000 -0.000000 -1.000000
vn 0.000000 -0.000000 -1.000000
vn 0.000000 -0.000000 -1.000000
vn 0.000000 -0.000000 -1.000000
vn 0.000000 -0.000000 -1.000000
vn 0.000000 -0.000000 -1.000000
vn 0.000000 -0.000000 -1.000000
vn 0.000000 -0.000000 -1.000000
vn 0.000000 -0.000000 -1.000000
vn 0.000000 -0.000000 -1.000000
vn 0.000000 -0.000000 -1.000000
vn 0.000000 -0.000000 -1.000000
vn 0.000000 -0.000000 -1.000000
vn 0.000000 -0.000000 -1.000000
vn 0.000000 -0.000000 -1.000000
vn 0.000000 -0.000000 -1.000000
vn 0.000000 -0.000000 -1.000000
vn 0.000000 -0.000000 -1.000000
vn 0.000000 -0.000000 -1.000000
vn 0.000000 -0.000000 -1.000000
vn 0.000000 -0.000000 -1.000000
vn 0.000000 -0.000000 -1.000000
vn 0.000000 -0.000000 -1.000000
vn 0.000000 -0.000000 -1.000000
vn 0.000000 -0.000000 -1.000000
vn 0.000000 -0.000000 -1.000000
vn 0.000000 -0.000000 -1.000000
vn 0.000000 -0.000000 -1.000000
vn 0.000000 -0.000000 -1.000000
vn 0.000000 -0.000000 -1.000000
vn 0.000000 -0.000000 -1.000000
vn 0.000000 -0.000000 -1.000000
vn 0.000000 -0.000000 -1.000000
vn 0.000000 -0.000000 -1.000000
vn 0.000000 -0.000000 -1.000000
vn 0.000000 -0.000000 -1.000000
vn 0.000000 -0.000000 -1.000000
vn 0.000000 -0.000000 -1.000000
vn 0.000000 -0.000000 -1.000000
vn 0.000000 -0.000000 -1.000000
vn 0.000000 -0.000000 -1.000000
vn 0.000000 -0.000000 -1.000000
vn 0.000000 -0.000000 -1.000000
vn 0.000000 -0.000000 -1.000000
vn 0.000000 -0.000000 -1.000000
vn 0.000000 -0.000000 -1.000000
vn 0.000000 -0.000000 -1.000000
vn 0.000000 -0.000000 -1.000000
vn 0.000000 -0.000000 -1.000000
vn 0.000000 -0.000000 -1.000000
vn 0.000000 -0.000000 -1.000000
vn 0.000000 -0.000000 -1.000000
vn 0.000000 -0.000000 -1.000000
vn 0.000000 -0.000000 -1.000000
vn 0.000000 -0.000000 -1.000000
vn 0.000000 -0.000000 -1.000000
vn 0.000000 -0.000000 -1.000000
vn 0.000000 -0.000000 -1.000000
vn 0.000000 -0.000000 -1.000000
vn 0.000000 -0.000000 -1.000000
vn 0.000000 -0.000000 -1.000000
vn -0.965926 0.258819 -0.000000
vn -0.965926 0.258819 -0.000000
vn -0.866025 0.500000 -0.000000
vn -0.866025 0.500000 -0.000000
vn -0.707107 0.707107 -0.000000
vn -0.707107 0.707107 -0.000000
vn -0.500000 0.866025 -0.000000
vn -0.500000 0.866025 -0.000000
vn -0.258819 0.965926 -0.000000
vn -0.258819 0.965926 -0.000000
vn 0.258819 0.965926 0.000000
vn 0.258819 0.965926 0.000000
vn 0.500000 0.866025 0.000000
vn 0.500000 0.866025 0.000000
vn 0.707107 0.707107 0.000000
vn 0.707107 0.707107 0.000000
vn 0.866025 0.500000 0.000000
vn 0.866025 0.500000 0.000000
vn 0.965926 0.258819 0.000000
vn 0.965926 0.258819 0.000000
vn 0.965926 -0.258819 -0.000000
vn 0.965926 -0.258819 -0.000000
vn 0.866025 -0.500000 -0.000000
vn 0.866025 -0.500000 -0.000000
vn 0.707107 -0.707107 -0.000000
vn 0.707107 -0.707107 -0.000000
vn 0.500000 -0.866025 -0.000000
vn 0.500000 -0.866025 -0.000000
vn 0.258819 -0.965926 -0.000000
vn 0.258819 -0.965926 -0.000000
vn -0.258819 -0.965926 -0.000000
vn -0.258819 -0.965926 -0.000000
vn -0.500000 -0.866025 -0.000000
vn -0.500000 -0.866025 -0.000000
vn -0.707107 -0.707107 -0.000000
vn -0.707107 -0.707107 -0.000000
vn -0.866025 -0.500000 -0.000000
vn -0.866025 -0.500000 -0.000000
vn -0.965926 -0.258819 -0.000000
vn -0.965926 -0.258819 -0.000000
vn 0.707107 -0.707107 -0.000000
vn 0.707107 -0.707107 -0.000000
vn 0.707107 -0.707107 -0.000000
vn 0.707107 -0.707107 -0.000000
vn -0.260059 0.965593 0.000000
vn -0.260059 0.965593 0.000000
vn -0.500556 0.865704 0.000000
vn -0.500556 0.865704 0.000000
vn -0.707107 0.707107 0.000000
vn -0.707107 0.707107 0.000000
vn -0.865704 0.500556 0.000000
vn -0.865704 0.500556 0.000000
vn -0.965593 0.260059 0.000000
vn -0.965593 0.260059 0.000000
vn 0.260059 -0.965593 0.000000
vn 0.260059 -0.965593 0.000000
vn 0.500556 -0.865704 0.000000
vn 0.500556 -0.865704 0.000000
vn 0.707107 -0.707107 0.000000
vn 0.707107 -0.707107 0.000000
vn 0.865704 -0.500556 0.000000
vn 0.865704 -0.500556 0.000000
vn 0.965593 -0.260059 0.000000
vn 0.965593 -0.260059 0.000000
vn -0.707107 0.707107 -0.000000
vn -0.707107 0.707107 -0.000000
vn -0.707107 0.707107 -0.000000
vn -0.707107 0.707107 -0.000000
vn 0.955372 0.295406 -0.000000
vn 0.955372 0.295406 -0.000000
vn 0.939906 0.341432 -0.000000
vn 0.939906 0.341432 -0.000000
vn 0.922225 0.386654 -0.000000
vn 0.922225 0.386654 -0.000000
vn 0.902369 0.430964 -0.000000
vn 0.902369 0.430964 -0.000000
vn -0.707107 0.707107 -0.000000
vn -0.707107 0.707107 -0.000000
vn -0.707107 0.707107 -0.000000
vn -0.707107 0.707107 -0.000000
vn -0.430964 -0.902369 0.000000
vn -0.430964 -0.902369 0.000000
vn -0.386654 -0.922225 0.000000
vn -0.386654 -0.922225 0.000000
vn -0.341432 -0.939906 0.000000
vn -0.341432 -0.939906 0.000000
vn -0.295406 -0.955372 0.000000
vn -0.295406 -0.955372 0.000000
vn 0.707107 -0.707107 -0.000000
vn 0.707107 -0.707107 -0.000000
vn 0.707107 -0.707107 -0.000000
vn 0.707107 -0.707107 -0.000000
vn -0.141421 -0.989949 0.000000
vn -0.141421 -0.989949 0.000000
vn -0.081902 -0.996640 0.000000
vn -0.081902 -0.996640 0.000000
vn -0.022088 -0.999756 0.000000
vn -0.022088 -0.999756 0.000000
vn 0.037805 -0.999285 0.000000
vn 0.037805 -0.999285 0.000000
vn 0.707107 -0.707107 -0.000000
vn 0.707107 -0.707107 -0.000000
vn 0.707107 -0.707107 -0.000000
vn 0.707107 -0.707107 -0.000000
vn 0.999285 -0.037805 0.000000
vn 0.999285 -0.037805 0.000000
vn 0.999756 0.022088 -0.000000
vn 0.999756 0.022088 -0.000000
vn 0.996640 0.081902 -0.000000
vn 0.996640 0.081902 -0.000000
vn 0.989949 0.141421 -0.000000
vn 0.989949 0.141421 -0.000000
vn -0.707107 0.707107 -0.000000
vn -0.707107 0.707107 -0.000000
vn -0.707107 0.707107 -0.000000
vn -0.707107 0.707107 -0.000000
vn 0.430964 0.902369 -0.000000
vn 0.430964 0.902369 -0.000000
vn 0.386654 0.922225 -0.000000
vn 0.386654 0.922225 -0.000000
vn 0.341432 0.939906 -0.000000
vn 0.341432 0.939906 -0.000000
vn 0.295406 0.955372 -0.000000
vn 0.295406 0.955372 -0.000000
vn -0.707107 0.707107 -0.000000
vn -0.707107 0.707107 -0.000000
vn -0.707107 0.707107 -0.000000
vn -0.707107 0.707107 -0.000000
vn -0.955372 -0.295406 0.000000
vn -0.955372 -0.295406 0.000000
vn -0.939906 -0.341432 0.000000
vn -0.939906 -0.341432 0.000000
vn -0.922225 -0.386654 0.000000
vn -0.922225 -0.386654 0.000000
vn -0.902369 -0.430964 0.000000
vn -0.902369 -0.430964 0.000000
vn 0.707107 -0.707107 -0.000000
vn 0.707107 -0.707107 -0.000000
vn 0.707107 -0.707107 -0.000000
vn 0.707107 -0.707107 -0.000000
vn 0.141421 0.989949 -0.000000
vn 0.141421 0.989949 -0.000000
vn 0.081902 0.996640 -0.000000
vn 0.081902 0.996640 -0.000000
vn 0.022088 0.999756 -0.000000
vn 0.022088 0.999756 -0.000000
vn -0.037805 0.999285 0.000000
vn -0.037805 0.999285 0.000000
vn -0.707107 0.707107 -0.000000
vn -0.707107 0.707107 -0.000000
vn -0.707107 0.707107 -0.000000
vn -0.707107 0.707107 -0.000000
vn -0.999285 0.037805 0.000000
vn -0.999285 0.037805 0.000000
vn -0.999756 -0.022088 0.000000
vn -0.999756 -0.022088 0.000000
vn -0.996640 -0.081902 0.000000
vn -0.996640 -0.081902 0.000000
vn -0.989949 -0.141421 0.000000
vn -0.989949 -0.141421 0.000000
vn 0.707107 -0.707107 -0.000000
vn 0.707107 -0.707107 -0.000000
vn 0.707107 -0.707107 -0.000000
vn 0.707107 -0.707107 -0.000000
vn 0.834242 0.551399 -0.000000
vn 0.834242 0.551399 -0.000000
vn 0.808663 0.588272 -0.000000
vn 0.808663 0.588272 -0.000000
vn 0.781455 0.623961 -0.000000
vn 0.781455 0.623961 -0.000000
vn 0.752674 0.658393 -0.000000
vn 0.752674 0.658393 -0.000000
vn -0.707107 0.707107 -0.000000
vn -0.707107 0.707107 -0.000000
vn -0.707107 0.707107 -0.000000
vn -0.707107 0.707107 -0.000000
vn -0.658393 -0.752674 0.000000
vn -0.658393 -0.752674 0.000000
vn -0.623961 -0.781455 0.000000
vn -0.623961 -0.781455 0.000000
vn -0.588272 -0.808663 0.000000
vn -0.588272 -0.808663 0.000000
vn -0.551399 -0.834242 0.000000
vn -0.551399 -0.834242 0.000000
vn 0.707107 -0.707107 -0.000000
vn 0.707107 -0.707107 -0.000000
vn 0.707107 -0.707107 -0.000000
vn 0.707107 -0.707107 -0.000000
vn 0.658393 0.752674 -0.000000
vn 0.658393 0.752674 -0.000000
vn 0.623961 0.781455 -0.000000
vn 0.623961 0.781455 -0.000000
vn 0.588272 0.808663 -0.000000
vn 0.588272 0.808663 -0.000000
vn 0.551399 0.834242 -0.000000
vn 0.551399 0.834242 -0.000000
vn -0.707107 0.707107 -0.000000
vn -0.707107 0.707107 -0.000000
vn -0.707107 0.707107 -0.000000
vn -0.707107 0.707107 -0.000000
vn -0.834242 -0.551399 0.000000
vn -0.834242 -0.551399 0.000000
vn -0.808663 -0.588272 0.000000
vn -0.808663 -0.588272 0.000000
vn -0.781455 -0.623961 0.000000
vn -0.781455 -0.623961 0.000000
vn -0.752674 -0.658393 0.000000
vn -0.752674 -0.658393 0.000000
vn 0.707107 -0.707107 -0.000000
vn 0.707107 -0.707107 -0.000000
vn 0.707107 -0.707107 -0.000000
vn 0.707107 -0.707107 -0.000000
vn 1.000000 0.000000 -0.000000
vn 1.000000 0.000000 -0.000000
vn 1.000000 0.000000 -0.000000
vn 1.000000 0.000000 -0.000000
vn -0.000000 1.000000 -0.000000
vn -0.000000 1.000000 -0.000000
vn -0.000000 1.000000 -0.000000
vn -0.000000 1.000000 -0.000000
vn -1.000000 0.000000 -0.000000
vn -1.000000 0.000000 -0.000000
vn -1.000000 0.000000 -0.000000
vn -1.000000 0.000000 -0.000000
vn -0.707107 0.707107 -0.000000
vn -0.707107 0.707107 -0.000000
vn -0.707107 0.707107 -0.000000
vn -0.707107 0.707107 -0.000000
vn -1.000000 -0.000000 0.000000
vn -1.000000 -0.000000 0.000000
vn -1.000000 -0.000000 0.000000
vn -1.000000 -0.000000 0.000000
vn -0.707107 -0.707107 0.000000
vn -0.707107 -0.707107 0.000000
vn -0.707107 -0.707107 0.000000
vn -0.707107 -0.707107 0.000000
vn -1.000000 -0.000000 -0.000000
vn -1.000000 -0.000000 -0.000000
vn -1.000000 -0.000000 -0.000000
vn -1.000000 -0.000000 -0.000000
vn -0.000000 -1.000000 0.000000
vn -0.000000 -1.000000 0.000000
vn -0.000000 -1.000000 0.000000
vn -0.000000 -1.000000 0.000000
vn 1.000000 -0.000000 -0.000000
vn 1.000000 -0.000000 -0.000000
vn 1.000000 -0.000000 -0.000000
vn 1.000000 -0.000000 -0.000000
vn 0.707107 -0.707107 -0.000000
vn 0.707107 -0.707107 -0.000000
vn 0.707107 -0.707107 -0.000000
vn 0.707107 -0.707107 -0.000000
vn 1.000000 -0.000000 -0.000000
vn 1.000000 -0.000000 -0.000000
vn 1.000000 -0.000000 -0.000000
vn 1.000000 -0.000000 -0.000000
vn 0.707107 0.707107 -0.000000
vn 0.707107 0.707107 -0.000000
vn 0.707107 0.707107 -0.000000
vn 0.707107 0.707107 -0.000000
vn 0.866025 -0.500000 0.000000
vn 0.866025 -0.500000 0.000000
vn 0.965926 -0.258819 0.000000
vn 0.965926 -0.258819 0.000000
vn 0.965926 -0.258819 -0.000000
vn 0.965926 -0.258819 -0.000000
vn 0.866025 -0.500000 -0.000000
vn 0.866025 -0.500000 -0.000000
vn 0.258819 -0.965926 0.000000
vn 0.258819 -0.965926 0.000000
vn 0.500000 -0.866025 0.000000
vn 0.500000 -0.866025 0.000000
vn 0.707107 -0.707107 0.000000
vn 0.707107 -0.707107 0.000000
vn 0.866025 -0.500000 0.000000
vn 0.866025 -0.500000 0.000000
vn 0.965926 -0.258819 0.000000
vn 0.965926 -0.258819 0.000000
vn -0.965926 -0.258819 0.000000
vn -0.965926 -0.258819 0.000000
vn -0.866025 -0.500000 0.000000
vn -0.866025 -0.500000 0.000000
vn -0.707107 -0.707107 0.000000
vn -0.707107 -0.707107 0.000000
vn -0.500000 -0.866025 0.000000
vn -0.500000 -0.866025 0.000000
vn -0.258819 -0.965926 0.000000
vn -0.258819 -0.965926 0.000000
vn -0.866025 -0.500000 -0.000000
vn -0.866025 -0.500000 -0.000000
vn -0.965926 -0.258819 -0.000000
vn -0.965926 -0.258819 -0.000000
vn -0.965926 -0.258819 0.000000
vn -0.965926 -0.258819 0.000000
vn -0.866025 -0.500000 0.000000
vn -0.866025 -0.500000 0.000000
vn -0.258819 0.965926 0.000000
vn -0.258819 0.965926 0.000000
vn -0.500000 0.866025 0.000000
vn -0.500000 0.866025 0.000000
vn -0.707107 0.707107 0.000000
vn -0.707107 0.707107 0.000000
vn -0.866025 0.500000 0.000000
vn -0.866025 0.500000 0.000000
vn -0.965926 0.258819 0.000000
vn -0.965926 0.258819 0.000000
vn 0.965926 0.258819 -0.000000
vn 0.965926 0.258819 -0.000000
vn 0.866025 0.500000 -0.000000
vn 0.866025 0.500000 -0.000000
vn 0.707107 0.707107 -0.000000
vn 0.707107 0.707107 -0.000000
vn 0.500000 0.866025 -0.000000
vn 0.500000 0.866025 -0.000000
vn 0.258819 0.965926 -0.000000
vn 0.258819 0.965926 -0.000000
vn -0.965926 0.258819 -0.000000
vn -0.965926 0.258819 -0.000000
vn -0.866025 0.500000 -0.000000
vn -0.866025 0.500000 -0.000000
vn -0.866025 0.500000 0.000000
vn -0.866025 0.500000 0.000000
vn -0.965926 0.258819 0.000000
vn -0.965926 0.258819 0.000000
vn 0.965926 0.258819 -0.000000
vn 0.965926 0.258819 -0.000000
vn 0.866025 0.500000 -0.000000
vn 0.866025 0.500000 -0.000000
vn 0.866025 0.500000 0.000000
vn 0.866025 0.500000 0.000000
vn 0.965926 0.258819 0.000000
vn 0.965926 0.258819 0.000000
vn 0.965926 0.258819 0.000000
vn 0.965926 0.258819 0.000000
vn 1.000000 -0.000000 0.000000
vn 1.000000 -0.000000 0.000000
vn 0.965926 -0.258819 0.000000
vn 0.965926 -0.258819 0.000000
vn 0.866025 -0.500000 0.000000
vn 0.866025 -0.500000 0.000000
vn 0.707107 -0.707107 0.000000
vn 0.707107 -0.707107 0.000000
vn 0.500000 -0.866025 0.000000
vn 0.500000 -0.866025 0.000000
vn 0.258819 -0.965926 0.000000
vn 0.258819 -0.965926 0.000000
vn 0.000000 -1.000000 0.000000
vn 0.000000 -1.000000 0.000000
vn -0.258819 -0.965926 -0.000000
vn -0.258819 -0.965926 -0.000000
vn -0.500000 -0.866025 -0.000000
vn -0.500000 -0.866025 -0.000000
vn -0.707107 -0.707107 -0.000000
vn -0.707107 -0.707107 -0.000000
vn -0.866025 -0.500000 -0.000000
vn -0.866025 -0.500000 -0.000000
vn -0.965926 -0.258819 -0.000000
vn -0.965926 -0.258819 -0.000000
vn -1.000000 -0.000000 -0.000000
vn -1.000000 -0.000000 -0.000000
vn -0.965926 0.258819 0.000000
vn -0.965926 0.258819 0.000000
vn -0.866025 0.500000 0.000000
vn -0.866025 0.500000 0.000000
vn -0.707107 0.707107 0.000000
vn -0.707107 0.707107 0.000000
vn -0.500000 0.866025 0.000000
vn -0.500000 0.866025 0.000000
vn -0.258819 0.965926 0.000000
vn -0.258819 0.965926 0.000000
vn 0.000000 1.000000 0.000000
vn 0.000000 1.000000 0.000000
vn 0.258819 0.965926 0.000000
vn 0.258819 0.965926 0.000000
vn 0.500000 0.866025 0.000000
vn 0.500000 0.866025 0.000000
vn 0.707107 0.707107 0.000000
vn 0.707107 0.707107 0.000000
vn 0.866025 0.500000 0.000000
vn 0.866025 0.500000 0.000000
vn 0.965926 0.258819 0.000000
vn 0.965926 0.258819 0.000000
vn 1.000000 -0.000000 0.000000
vn 1.000000 -0.000000 0.000000
vn 0.965926 -0.258819 0.000000
vn 0.965926 -0.258819 0.000000
vn 0.866025 -0.500000 0.000000
vn 0.866025 -0.500000 0.000000
vn 0.707107 -0.707107 0.000000
vn 0.707107 -0.707107 0.000000
vn 0.500000 -0.866025 0.000000
vn 0.500000 -0.866025 0.000000
vn 0.258819 -0.965926 0.000000
vn 0.258819 -0.965926 0.000000
vn 0.000000 -1.000000 0.000000
vn 0.000000 -1.000000 0.000000
vn -0.258819 -0.965926 -0.000000
vn -0.258819 -0.965926 -0.000000
vn -0.500000 -0.866025 -0.000000
vn -0.500000 -0.866025 -0.000000
vn -0.707107 -0.707107 -0.000000
vn -0.707107 -0.707107 -0.000000
vn -0.866025 -0.500000 -0.000000
vn -0.866025 -0.500000 -0.000000
vn -0.965926 -0.258819 -0.000000
vn -0.965926 -0.258819 -0.000000
vn -1.000000 -0.000000 -0.000000
vn -1.000000 -0.000000 -0.000000
vn -0.965926 0.258819 0.000000
vn -0.965926 0.258819 0.000000
vn -0.866025 0.500000 0.000000
vn -0.866025 0.500000 0.000000
vn -0.707107 0.707107 0.000000
vn -0.707107 0.707107 0.000000
vn -0.500000 0.866025 0.000000
vn -0.500000 0.866025 0.000000
vn -0.258819 0.965926 0.000000
vn -0.258819 0.965926 0.000000
vn 0.000000 1.000000 0.000000
vn 0.000000 1.000000 0.000000
vn 0.258819 0.965926 0.000000
vn 0.258819 0.965926 0.000000
vn 0.500000 0.866025 0.000000
vn 0.500000 0.866025 0.000000
vn 0.707107 0.707107 0.000000
vn 0.707107 0.707107 0.000000
vn 0.866025 0.500000 0.000000
vn 0.866025 0.500000 0.000000
vn 0.965926 0.258819 0.000000
vn 0.965926 0.258819 0.000000
vn 1.000000 -0.000000 0.000000
vn 1.000000 -0.000000 0.000000
vn 0.965926 -0.258819 0.000000
vn 0.965926 -0.258819 0.000000
vn 0.866025 -0.500000 0.000000
vn 0.866025 -0.500000 0.000000
vn 0.707107 -0.707107 0.000000
vn 0.707107 -0.707107 0.000000
vn 0.500000 -0.866025 0.000000
vn 0.500000 -0.866025 0.000000
vn 0.258819 -0.965926 0.000000
vn 0.258819 -0.965926 0.000000
vn 0.000000 -1.000000 0.000000
vn 0.000000 -1.000000 0.000000
vn -0.258819 -0.965926 -0.000000
vn -0.258819 -0.965926 -0.000000
vn -0.500000 -0.866025 -0.000000
vn -0.500000 -0.866025 -0.000000
vn -0.707107 -0.707107 -0.000000
vn -0.707107 -0.707107 -0.000000
vn -0.866025 -0.500000 -0.000000
vn -0.866025 -0.500000 -0.000000
vn -0.965926 -0.258819 -0.000000
vn -0.965926 -0.258819 -0.000000
vn -1.000000 -0.000000 -0.000000
vn -1.000000 -0.000000 -0.000000
vn -0.965926 0.258819 0.000000
vn -0.965926 0.258819 0.000000
vn -0.866025 0.500000 0.000000
vn -0.866025 0.500000 0.000000
vn -0.707107 0.707107 0.000000
vn -0.707107 0.707107 0.000000
vn -0.500000 0.866025 0.000000
vn -0.500000 0.866025 0.000000
vn -0.258819 0.965926 0.000000
vn -0.258819 0.965926 0.000000
vn 0.000000 1.000000 0.000000
vn 0.000000 1.000000 0.000000
vn 0.258819 0.965926 0.000000
vn 0.258819 0.965926 0.000000
vn 0.500000 0.866025 0.000000
vn 0.500000 0.866025 0.000000
vn 0.707107 0.707107 0.000000
vn 0.707107 0.707107 0.000000
vn 0.866025 0.500000 0.000000
vn 0.866025 0.500000 0.000000
vn 0.965926 0.258819 0.000000
vn 0.965926 0.258819 0.000000
vn 1.000000 -0.000000 0.000000
vn 1.000000 -0.000000 0.000000
vn 0.965926 -0.258819 0.000000
vn 0.965926 -0.258819 0.000000
vn 0.866025 -0.500000 0.000000
vn 0.866025 -0.500000 0.000000
vn 0.707107 -0.707107 0.000000
vn 0.707107 -0.707107 0.000000
vn 0.500000 -0.866025 0.000000
vn 0.500000 -0.866025 0.000000
vn 0.258819 -0.965926 0.000000
vn 0.258819 -0.965926 0.000000
vn 0.000000 -1.000000 0.000000
vn 0.000000 -1.000000 0.000000
vn -0.258819 -0.965926 -0.000000
vn -0.258819 -0.965926 -0.000000
vn -0.500000 -0.866025 -0.000000
vn -0.500000 -0.866025 -0.000000
vn -0.707107 -0.707107 -0.000000
vn -0.707107 -0.707107 -0.000000
vn -0.866025 -0.500000 -0.000000
vn -0.866025 -0.500000 -0.000000
vn -0.965926 -0.258819 -0.000000
vn -0.965926 -0.258819 -0.000000
vn -1.000000 -0.000000 -0.000000
vn -1.000000 -0.000000 -0.000000
vn -0.965926 0.258819 0.000000
vn -0.965926 0.258819 0.000000
vn -0.866025 0.500000 0.000000
vn -0.866025 0.500000 0.000000
vn -0.707107 0.707107 0.000000
vn -0.707107 0.707107 0.000000
vn -0.500000 0.866025 0.000000
vn -0.500000 0.866025 0.000000
vn -0.258819 0.965926 0.000000
vn -0.258819 0.965926 0.000000
vn 0.000000 1.000000 0.000000
vn 0.000000 1.000000 0.000000
vn 0.258819 0.965926 0.000000
vn 0.258819 0.965926 0.000000
vn 0.500000 0.866025 0.000000
vn 0.500000 0.866025 0.000000
vn 0.707107 0.707107 0.000000
vn 0.707107 0.707107 0.000000
vn 0.866025 0.500000 0.000000
vn 0.866025 0.500000 0.000000
vn -0.965926 0.258819 0.000000
vn -0.965926 0.258819 0.000000
vn -1.000000 -0.000000 0.000000
vn -1.000000 -0.000000 0.000000
vn -0.965926 -0.258819 0.000000
vn -0.965926 -0.258819 0.000000
vn -0.866025 -0.500000 0.000000
vn -0.866025 -0.500000 0.000000
vn -0.707107 -0.707107 0.000000
vn -0.707107 -0.707107 0.000000
vn -0.500000 -0.866025 0.000000
vn -0.500000 -0.866025 0.000000
vn -0.258819 -0.965926 0.000000
vn -0.258819 -0.965926 0.000000
vn -0.000000 -1.000000 0.000000
vn -0.000000 -1.000000 0.000000
vn 0.258819 -0.965926 0.000000
vn 0.258819 -0.965926 0.000000
vn 0.500000 -0.866025 0.000000
vn 0.500000 -0.866025 0.000000
vn 0.707107 -0.707107 0.000000
vn 0.707107 -0.707107 0.000000
vn 0.866025 -0.500000 0.000000
vn 0.866025 -0.500000 0.000000
vn 0.965926 -0.258819 0.000000
vn 0.965926 -0.258819 0.000000
vn 1.000000 -0.000000 0.000000
vn 1.000000 -0.000000 0.000000
vn 0.965926 0.258819 -0.000000
vn 0.965926 0.258819 -0.000000
vn 0.866025 0.500000 -0.000000
vn 0.866025 0.500000 -0.000000
vn 0.707107 0.707107 -0.000000
vn 0.707107 0.707107 -0.000000
vn 0.500000 0.866025 -0.000000
vn 0.500000 0.866025 -0.000000
vn 0.258819 0.965926 -0.000000
vn 0.258819 0.965926 -0.000000
vn 0.000000 1.000000 -0.000000
vn 0.000000 1.000000 -0.000000
vn -0.258819 0.965926 0.000000
vn -0.258819 0.965926 0.000000
vn -0.500000 0.866025 0.000000
vn -0.500000 0.866025 0.000000
vn -0.707107 0.707107 0.000000
vn -0.707107 0.707107 0.000000
vn -0.866025 0.500000 0.000000
vn -0.866025 0.500000 0.000000
vn 0.965926 0.258819 0.000000
vn 0.965926 0.258819 0.000000
vn 1.000000 -0.000000 0.000000
vn 1.000000 -0.000000 0.000000
vn 0.965926 -0.258819 0.000000
vn 0.965926 -0.258819 0.000000
vn 0.866025 -0.500000 0.000000
vn 0.866025 -0.500000 0.000000
vn 0.707107 -0.707107 0.000000
vn 0.707107 -0.707107 0.000000
vn 0.500000 -0.866025 0.000000
vn 0.500000 -0.866025 0.000000
vn 0.258819 -0.965926 0.000000
vn 0.258819 -0.965926 0.000000
vn 0.000000 -1.000000 0.000000
vn 0.000000 -1.000000 0.000000
vn -0.258819 -0.965926 -0.000000
vn -0.258819 -0.965926 -0.000000
vn -0.500000 -0.866025 -0.000000
vn -0.500000 -0.866025 -0.000000
vn -0.707107 -0.707107 -0.000000
vn -0.707107 -0.707107 -0.000000
vn -0.866025 -0.500000 -0.000000
vn -0.866025 -0.500000 -0.000000
vn -0.965926 -0.258819 -0.000000
vn -0.965926 -0.258819 -0.000000
vn -1.000000 -0.000000 -0.000000
vn -1.000000 -0.000000 -0.000000
vn -0.965926 0.258819 0.000000
vn -0.965926 0.258819 0.000000
vn -0.866025 0.500000 0.000000
vn -0.866025 0.500000 0.000000
vn -0.707107 0.707107 0.000000
vn -0.707107 0.707107 0.000000
vn -0.500000 0.866025 0.000000
vn -0.500000 0.866025 0.000000
vn -0.258819 0.965926 0.000000
vn -0.258819 0.965926 0.000000
vn 0.000000 1.000000 0.000000
vn 0.000000 1.000000 0.000000
vn 0.258819 0.965926 0.000000
vn 0.258819 0.965926 0.000000
vn 0.500000 0.866025 0.000000
vn 0.500000 0.866025 0.000000
vn 0.707107 0.707107 0.000000
vn 0.707107 0.707107 0.000000
vn 0.866025 0.500000 0.000000
vn 0.866025 0.500000 0.000000
vn 0.965926 0.258819 0.000000
vn 0.965926 0.258819 0.000000
vn 1.000000 -0.000000 0.000000
vn 1.000000 -0.000000 0.000000
vn 0.965926 -0.258819 0.000000
vn 0.965926 -0.258819 0.000000
vn 0.866025 -0.500000 0.000000
vn 0.866025 -0.500000 0.000000
vn 0.707107 -0.707107 0.000000
vn 0.707107 -0.707107 0.000000
vn 0.500000 -0.866025 0.000000
vn 0.500000 -0.866025 0.000000
vn 0.258819 -0.965926 0.000000
vn 0.258819 -0.965926 0.000000
vn 0.000000 -1.000000 0.000000
vn 0.000000 -1.000000 0.000000
vn -0.258819 -0.965926 -0.000000
vn -0.258819 -0.965926 -0.000000
vn -0.500000 -0.866025 -0.000000
vn -0.500000 -0.866025 -0.000000
vn -0.707107 -0.707107 -0.000000
vn -0.707107 -0.707107 -0.000000
vn -0.866025 -0.500000 -0.000000
vn -0.866025 -0.500000 -0.000000
vn -0.965926 -0.258819 -0.000000
vn -0.965926 -0.258819 -0.000000
vn -1.000000 -0.000000 -0.000000
vn -1.000000 -0.000000 -0.000000
vn -0.965926 0.258819 0.000000
vn -0.965926 0.258819 0.000000
vn -0.866025 0.500000 0.000000
vn -0.866025 0.500000 0.000000
vn -0.707107 0.707107 0.000000
vn -0.707107 0.707107 0.000000
vn -0.500000 0.866025 0.000000
vn -0.500000 0.866025 0.000000
vn -0.258819 0.965926 0.000000
vn -0.258819 0.965926 0.000000
vn 0.000000 1.000000 0.000000
vn 0.000000 1.000000 0.000000
vn 0.258819 0.965926 0.000000
vn 0.258819 0.965926 0.000000
vn 0.500000 0.866025 0.000000
vn 0.500000 0.866025 0.000000
vn 0.707107 0.707107 0.000000
vn 0.707107 0.707107 0.000000
vn 0.866025 0.500000 0.000000
vn 0.866025 0.500000 0.000000
vn 1.000000 -0.000000 -0.000000
vn 1.000000 -0.000000 -0.000000
vn 1.000000 -0.000000 -0.000000
vn 1.000000 -0.000000 -0.000000
vn -0.000000 1.000000 -0.000000
vn -0.000000 1.000000 -0.000000
vn -0.000000 1.000000 -0.000000
vn -0.000000 1.000000 -0.000000
vn -1.000000 -0.000000 -0.000000
vn -1.000000 -0.000000 -0.000000
vn -1.000000 -0.000000 -0.000000
vn -1.000000 -0.000000 -0.000000
vn -0.000000 -1.000000 0.000000
vn -0.000000 -1.000000 0.000000
vn -0.000000 -1.000000 0.000000
vn -0.000000 -1.000000 0.000000
vn 1.000000 -0.000000 -0.000000
vn 1.000000 -0.000000 -0.000000
vn 1.000000 -0.000000 -0.000000
vn 1.000000 -0.000000 -0.000000
vn -0.000000 1.000000 -0.000000
vn -0.000000 1.000000 -0.000000
vn -0.000000 1.000000 -0.000000
vn -0.000000 1.000000 -0.000000
vn -1.000000 -0.000000 -0.000000
vn -1.000000 -0.000000 -0.000000
vn -1.000000 -0.000000 -0.000000
vn -1.000000 -0.000000 -0.000000
vn -0.000000 -1.000000 0.000000
vn -0.000000 -1.000000 0.000000
vn -0.000000 -1.000000 0.000000
vn -0.000000 -1.000000 0.000000
vn -1.000000 -0.000000 -0.000000
vn -1.000000 -0.000000 -0.000000
vn -1.000000 -0.000000 -0.000000
vn -1.000000 -0.000000 -0.000000
vn -0.000000 -1.000000 0.000000
vn -0.000000 -1.000000 0.000000
vn -0.000000 -1.000000 0.000000
vn -0.000000 -1.000000 0.000000
vn 1.000000 -0.000000 -0.000000
vn 1.000000 -0.000000 -0.000000
vn 1.000000 -0.000000 -0.000000
vn 1.000000 -0.000000 -0.000000
vn -0.000000 1.000000 -0.000000
vn -0.000000 1.000000 -0.000000
vn -0.000000 1.000000 -0.000000
vn -0.000000 1.000000 -0.000000
vn 1.000000 -0.000000 -0.000000
vn 1.000000 -0.000000 -0.000000
vn 1.000000 -0.000000 -0.000000
vn 1.000000 -0.000000 -0.000000
vn -0.000000 1.000000 -0.000000
vn -0.000000 1.000000 -0.000000
vn -0.000000 1.000000 -0.000000
vn -0.000000 1.000000 -0.000000
vn -1.000000 -0.000000 -0.000000
vn -1.000000 -0.000000 -0.000000
vn -1.000000 -0.000000 -0.000000
vn -1.000000 -0.000000 -0.000000
vn -0.000000 -1.000000 0.000000
vn -0.000000 -1.000000 0.000000
vn -0.000000 -1.000000 0.000000
vn -0.000000 -1.000000 0.000000
vn -0.000000 1.000000 0.000000
vn -0.000000 1.000000 0.000000
vn -0.000000 1.000000 0.000000
vn -0.000000 1.000000 0.000000
vn -1.000000 0.000000 -0.000000
vn -1.000000 0.000000 -0.000000
vn -1.000000 0.000000 -0.000000
vn -1.000000 0.000000 -0.000000
vn 0.000000 -1.000000 -0.000000
vn 0.000000 -1.000000 -0.000000
vn 0.000000 -1.000000 -0.000000
vn 0.000000 -1.000000 -0.000000
vn 0.000000 -1.000000 -0.000000
vn 0.000000 -1.000000 -0.000000
vn 0.000000 -1.000000 -0.000000
vn 0.000000 -1.000000 -0.000000
vn -1.000000 -0.000000 -0.000000
vn -1.000000 -0.000000 -0.000000
vn -1.000000 -0.000000 -0.000000
vn -1.000000 -0.000000 -0.000000
vn -0.000000 1.000000 0.000000
vn -0.000000 1.000000 0.000000
vn -0.000000 1.000000 0.000000
vn -0.000000 1.000000 0.000000
vn 1.000000 0.000000 0.000000
vn 1.000000 0.000000 0.000000
vn 1.000000 0.000000 0.000000
vn 1.000000 0.000000 0.000000
vn 1.000000 0.000000 0.000000
vn 1.000000 0.000000 0.000000
vn 1.000000 0.000000 0.000000
vn 1.000000 0.000000 0.000000
vn 0.000000 0.000000 -1.000000
vn 0.000000 0.000000 -1.000000
vn 0.000000 0.000000 -1.000000
vn 0.000000 0.000000 -1.000000
vn 0.000000 0.000000 -1.000000
vn 0.000000 0.000000 -1.000000
vn 0.000000 0.000000 -1.000000
vn 0.000000 0.000000 -1.000000
vn 0.890182 -0.455605 -0.000000
vn 0.954997 -0.296616 -0.000000
vn 0.890182 -0.455605 -0.000000
vn 0.954997 -0.296616 -0.000000
vn 0.992820 -0.119621 -0.000000
vn 0.992820 -0.119621 -0.000000
vn 0.998904 0.046803 0.000000
vn 0.998904 0.046803 0.000000
vn 0.977149 0.212556 0.000000
vn 0.977149 0.212556 0.000000
vn 0.922151 0.386829 0.000000
vn 0.922151 0.386829 0.000000
vn 0.833766 0.552118 0.000000
vn 0.833766 0.552118 0.000000
vn 0.722703 0.691159 0.000000
vn 0.722703 0.691159 0.000000
vn 0.587283 0.809382 0.000000
vn 0.587283 0.809382 0.000000
vn 0.420639 0.907228 0.000000
vn 0.420639 0.907228 0.000000
vn 0.246045 0.969258 0.000000
vn 0.246045 0.969258 0.000000
vn 0.076716 0.997053 0.000000
vn 0.076716 0.997053 0.000000
vn -0.075420 0.997152 -0.000000
vn -0.075420 0.997152 -0.000000
vn -0.239622 0.970866 -0.000000
vn -0.239622 0.970866 -0.000000
vn -0.409123 0.912479 -0.000000
vn -0.409123 0.912479 -0.000000
vn -0.566694 0.823929 -0.000000
vn -0.566694 0.823929 -0.000000
vn -0.700118 0.714027 -0.000000
vn -0.700118 0.714027 -0.000000
vn 0.701089 -0.713074 -0.000000
vn 0.821193 -0.570651 -0.000000
vn 0.701089 -0.713074 -0.000000
vn 0.821193 -0.570651 -0.000000
vn 0.915501 -0.402317 -0.000000
vn 0.915501 -0.402317 -0.000000
vn 0.974173 -0.225804 -0.000000
vn 0.974173 -0.225804 -0.000000
vn 0.998231 -0.059457 -0.000000
vn 0.998231 -0.059457 -0.000000
vn 0.992958 0.118469 0.000000
vn 0.992958 0.118469 0.000000
vn 0.943923 0.330166 0.000000
vn 0.943923 0.330166 0.000000
vn 0.851771 0.523914 0.000000
vn 0.851771 0.523914 0.000000
vn 0.730874 0.682512 0.000000
vn 0.730874 0.682512 0.000000
vn 0.587164 0.809468 0.000000
vn 0.587164 0.809468 0.000000
vn 0.404095 0.914717 0.000000
vn 0.404095 0.914717 0.000000
vn 0.211138 0.977456 0.000000
vn 0.211138 0.977456 0.000000
vn 0.028755 0.999586 0.000000
vn 0.028755 0.999586 0.000000
vn -0.152638 0.988282 -0.000000
vn -0.152638 0.988282 -0.000000
vn -0.350846 0.936433 -0.000000
vn -0.350846 0.936433 -0.000000
vn -0.543143 0.839640 -0.000000
vn -0.543143 0.839640 -0.000000
vn -0.704167 0.710035 -0.000000
vn -0.704167 0.710035 -0.000000
vn -0.814955 0.579524 -0.000000
vn -0.701031 0.713131 -0.000000
vn -0.814955 0.579524 -0.000000
vn -0.701031 0.713131 -0.000000
vn -0.576901 0.816814 -0.000000
vn -0.576901 0.816814 -0.000000
vn -0.455298 0.890339 -0.000000
vn -0.455298 0.890339 -0.000000
vn -0.344393 0.938825 -0.000000
vn -0.344393 0.938825 -0.000000
vn -0.252091 -0.967704 -0.000000
vn -0.414884 -0.909874 -0.000000
vn -0.252091 -0.967704 -0.000000
vn -0.414884 -0.909874 -0.000000
vn -0.585447 -0.810711 -0.000000
vn -0.585447 -0.810711 -0.000000
vn -0.741687 -0.670746 -0.000000
vn -0.741687 -0.670746 -0.000000
vn -0.863628 -0.504129 -0.000000
vn -0.863628 -0.504129 -0.000000
vn -0.947420 -0.319991 -0.000000
vn -0.947420 -0.319991 -0.000000
vn -0.990089 -0.140441 -0.000000
vn -0.990089 -0.140441 -0.000000
vn -0.999796 0.020208 -0.000000
vn -0.999796 0.020208 -0.000000
vn -0.983245 0.182288 -0.000000
vn -0.983245 0.182288 -0.000000
vn -0.935152 0.354247 -0.000000
vn -0.935152 0.354247 -0.000000
vn -0.854806 0.518948 -0.000000
vn -0.854806 0.518948 -0.000000
vn -0.750255 0.661148 -0.000000
vn -0.750255 0.661148 -0.000000
vn -0.626122 0.779725 -0.000000
vn -0.626122 0.779725 -0.000000
vn -0.473950 0.880552 -0.000000
vn -0.473950 0.880552 -0.000000
vn -0.311969 0.950092 -0.000000
vn -0.311969 0.950092 -0.000000
vn -0.154744 0.987955 -0.000000
vn -0.154744 0.987955 -0.000000
vn -0.013932 0.999903 -0.000000
vn -0.013932 0.999903 -0.000000
vn 0.122529 0.992465 0.000000
vn 0.122529 0.992465 0.000000
vn 0.276259 0.961083 0.000000
vn 0.276259 0.961083 0.000000
vn 0.437713 0.899115 0.000000
vn 0.437713 0.899115 0.000000
vn 0.594411 0.804161 0.000000
vn 0.594411 0.804161 0.000000
vn 0.723843 0.689965 0.000000
vn 0.723843 0.689965 0.000000
vn 0.832174 0.554514 0.000000
vn 0.832174 0.554514 0.000000
vn 0.919507 0.393073 0.000000
vn 0.919507 0.393073 0.000000
vn 0.975335 0.220729 0.000000
vn 0.975335 0.220729 0.000000
vn 0.998620 0.052508 0.000000
vn 0.998620 0.052508 0.000000
vn 0.994189 -0.107645 -0.000000
vn 0.994189 -0.107645 -0.000000
vn 0.957971 -0.286865 -0.000000
vn 0.957971 -0.286865 -0.000000
vn 0.882031 -0.471191 -0.000000
vn 0.882031 -0.471191 -0.000000
vn 0.768614 -0.639713 -0.000000
vn 0.768614 -0.639713 -0.000000
vn 0.623121 -0.782126 -0.000000
vn 0.623121 -0.782126 -0.000000
vn 0.463381 -0.886159 -0.000000
vn 0.463381 -0.886159 -0.000000
vn 0.309086 -0.951034 -0.000000
vn 0.309086 -0.951034 -0.000000
vn -0.823757 0.566942 -0.000000
vn -0.823757 0.566942 -0.000000
vn -0.920182 0.391492 -0.000000
vn -0.920182 0.391492 -0.000000
vn -0.979998 0.199007 -0.000000
vn -0.979998 0.199007 -0.000000
vn -0.999872 0.016007 -0.000000
vn -0.999872 0.016007 -0.000000
vn -0.985599 -0.169099 -0.000000
vn -0.985599 -0.169099 -0.000000
vn -0.928643 -0.370974 -0.000000
vn -0.928643 -0.370974 -0.000000
vn -0.831142 -0.556060 -0.000000
vn -0.831142 -0.556060 -0.000000
vn -0.705570 -0.708640 -0.000000
vn -0.705570 -0.708640 -0.000000
vn -0.546587 -0.837403 -0.000000
vn -0.546587 -0.837403 -0.000000
vn -0.353600 -0.935397 -0.000000
vn -0.353600 -0.935397 -0.000000
vn -0.164355 -0.986401 -0.000000
vn -0.164355 -0.986401 -0.000000
vn 0.005607 -0.999984 -0.000000
vn 0.005607 -0.999984 -0.000000
vn 0.171224 -0.985232 -0.000000
vn 0.171224 -0.985232 -0.000000
vn 0.357736 -0.933823 -0.000000
vn 0.357736 -0.933823 -0.000000
vn 0.542750 -0.839895 -0.000000
vn 0.542750 -0.839895 -0.000000
vn 0.704117 -0.710084 -0.000000
vn 0.704117 -0.710084 -0.000000
vn 0.352181 0.935932 0.000000
vn 0.479157 0.877729 0.000000
vn 0.352181 0.935932 0.000000
vn 0.479157 0.877729 0.000000
vn 0.620317 0.784351 0.000000
vn 0.620317 0.784351 0.000000
vn 0.755644 0.654982 0.000000
vn 0.755644 0.654982 0.000000
vn 0.867063 0.498199 0.000000
vn 0.867063 0.498199 0.000000
vn 0.946662 0.322227 0.000000
vn 0.946662 0.322227 0.000000
vn 0.989295 0.145927 0.000000
vn 0.989295 0.145927 0.000000
vn 0.999979 -0.006544 -0.000000
vn 0.999979 -0.006544 -0.000000
vn 0.988772 -0.149433 -0.000000
vn 0.988772 -0.149433 -0.000000
vn 0.954089 -0.299523 -0.000000
vn 0.954089 -0.299523 -0.000000
vn 0.895146 -0.445773 -0.000000
vn 0.895146 -0.445773 -0.000000
vn 0.816758 -0.576980 -0.000000
vn 0.816758 -0.576980 -0.000000
vn 0.725833 -0.687871 -0.000000
vn 0.725833 -0.687871 -0.000000
vn 0.618127 -0.786078 -0.000000
vn 0.618127 -0.786078 -0.000000
vn 0.486208 -0.873843 -0.000000
vn 0.486208 -0.873843 -0.000000
vn 0.348538 -0.937295 -0.000000
vn 0.348538 -0.937295 -0.000000
vn 0.212400 -0.977183 -0.000000
vn 0.212400 -0.977183 -0.000000
vn -0.024485 -0.999700 -0.000000
vn -0.024485 -0.999700 -0.000000
vn -0.272825 -0.962064 -0.000000
vn -0.272825 -0.962064 -0.000000
vn -0.411273 -0.911512 -0.000000
vn -0.411273 -0.911512 -0.000000
vn -0.549917 -0.835219 -0.000000
vn -0.549917 -0.835219 -0.000000
vn -0.670960 -0.741493 -0.000000
vn -0.670960 -0.741493 -0.000000
vn -0.773074 -0.634316 -0.000000
vn -0.773074 -0.634316 -0.000000
vn -0.861975 -0.506951 -0.000000
vn -0.861975 -0.506951 -0.000000
vn -0.931848 -0.362850 -0.000000
vn -0.931848 -0.362850 -0.000000
vn -0.977327 -0.211735 -0.000000
vn -0.977327 -0.211735 -0.000000
vn -0.997893 -0.064880 -0.000000
vn -0.997893 -0.064880 -0.000000
vn -0.996855 0.079251 -0.000000
vn -0.996855 0.079251 -0.000000
vn -0.969597 0.244706 -0.000000
vn -0.969597 0.244706 -0.000000
vn -0.909222 0.416311 -0.000000
vn -0.909222 0.416311 -0.000000
vn -0.835901 0.548880 -0.000000
vn -0.835901 0.548880 -0.000000
vn -0.936959 0.349440 -0.000000
vn -0.936959 0.349440 -0.000000
vn -0.989533 0.144310 -0.000000
vn -0.989533 0.144310 -0.000000
vn -0.999100 -0.042418 -0.000000
vn -0.999100 -0.042418 -0.000000
vn -0.970627 -0.240589 -0.000000
vn -0.970627 -0.240589 -0.000000
vn -0.894233 -0.447602 -0.000000
vn -0.894233 -0.447602 -0.000000
vn -0.772709 -0.634760 -0.000000
vn -0.772709 -0.634760 -0.000000
vn -0.621424 -0.783474 -0.000000
vn -0.621424 -0.783474 -0.000000
vn -0.430574 -0.902555 -0.000000
vn -0.430574 -0.902555 -0.000000
vn -0.226003 -0.974127 -0.000000
vn -0.226003 -0.974127 -0.000000
vn -0.034418 -0.999408 -0.000000
vn -0.034418 -0.999408 -0.000000
vn 0.163761 -0.986500 -0.000000
vn 0.163761 -0.986500 -0.000000
vn 0.366766 -0.930313 -0.000000
vn 0.366766 -0.930313 -0.000000
vn 0.562977 -0.826473 -0.000000
vn 0.562977 -0.826473 -0.000000
vn 0.753749 -0.657163 -0.000000
vn 0.753749 -0.657163 -0.000000
vn 0.891624 -0.452778 -0.000000
vn 0.891624 -0.452778 -0.000000
vn 0.000000 -0.000000 -1.000000
vn 0.000000 -0.000000 -1.000000
vn 0.000000 -0.000000 -1.000000
vn 0.000000 -0.000000 -1.000000
vn 0.000000 -0.000000 -1.000000
vn 0.000000 -0.000000 -1.000000
vn 0.000000 -0.000000 -1.000000
vn 0.000000 -0.000000 -1.000000
vn 0.000000 -0.000000 -1.000000
vn 0.000000 -0.000000 -1.000000
vn 0.000000 -0.000000 -1.000000
vn 0.000000 -0.000000 -1.000000
vn 0.000000 -0.000000 -1.000000
vn 0.000000 -0.000000 -1.000000
vn 0.000000 -0.000000 -1.000000
vn 0.000000 -0.000000 -1.000000
vn 0.000000 -0.000000 -1.000000
vn 0.000000 -0.000000 -1.000000
vn 0.000000 -0.000000 -1.000000
vn 0.000000 -0.000000 -1.000000
vn 0.000000 -0.000000 -1.000000
vn 0.000000 -0.000000 -1.000000
vn 0.000000 -0.000000 -1.000000
vn 0.000000 -0.000000 -1.000000
vn 0.000000 -0.000000 -1.000000
vn 0.000000 -0.000000 -1.000000
vn 0.000000 -0.000000 -1.000000
vn 0.000000 -0.000000 -1.000000
vn 0.000000 -0.000000 -1.000000
vn 0.000000 -0.000000 -1.000000
vn 0.000000 -0.000000 -1.000000
vn 0.000000 -0.000000 -1.000000
vn 0.000000 -0.000000 -1.000000
vn 0.000000 -0.000000 -1.000000
vn 0.000000 -0.000000 -1.000000
vn 0.000000 -0.000000 -1.000000
vn 0.000000 -0.000000 -1.000000
vn 0.000000 -0.000000 -1.000000
vn 0.000000 -0.000000 -1.000000
vn 0.000000 -0.000000 -1.000000
vn 0.000000 -0.000000 -1.000000
vn 0.000000 -0.000000 -1.000000
vn 0.000000 -0.000000 -1.000000
vn 0.000000 -0.000000 -1.000000
vn 0.000000 -0.000000 -1.000000
vn 0.000000 -0.000000 -1.000000
vn 0.000000 -0.000000 -1.000000
vn 0.000000 -0.000000 -1.000000
vn 0.000000 -0.000000 -1.000000
vn 0.000000 -0.000000 -1.000000
vn 0.000000 -0.000000 -1.000000
vn 0.000000 -0.000000 -1.000000
vn 0.000000 -0.000000 -1.000000
vn 0.000000 -0.000000 -1.000000
vn 0.000000 -0.000000 -1.000000
vn 0.000000 -0.000000 -1.000000
vn 0.000000 -0.000000 -1.000000
vn 0.000000 -0.000000 -1.000000
vn 0.000000 -0.000000 -1.000000
vn 0.000000 -0.000000 -1.000000
vn 0.000000 -0.000000 -1.000000
vn 0.000000 -0.000000 -1.000000
vn 0.000000 -0.000000 -1.000000
vn 0.000000 -0.000000 -1.000000
vn 0.000000 -0.000000 -1.000000
vn 0.000000 -0.000000 -1.000000
vn 0.000000 -0.000000 -1.000000
vn 0.000000 -0.000000 -1.000000
vn 0.000000 -0.000000 -1.000000
vn 0.000000 -0.000000 -1.000000
vn 0.000000 -0.000000 -1.000000
vn 0.000000 -0.000000 -1.000000
vn 0.000000 -0.000000 -1.000000
vn 0.000000 -0.000000 -1.000000
vn 0.000000 -0.000000 -1.000000
vn 0.000000 -0.000000 -1.000000
vn 0.000000 -0.000000 -1.000000
vn 0.000000 -0.000000 -1.000000
vn 0.000000 -0.000000 -1.000000
vn 0.000000 -0.000000 -1.000000
vn 0.000000 -0.000000 -1.000000
vn 0.000000 -0.000000 -1.000000
vn 0.000000 -0.000000 -1.000000
vn 0.000000 -0.000000 -1.000000
vn 0.000000 -0.000000 -1.000000
vn 0.000000 -0.000000 -1.000000
vn 0.000000 -0.000000 -1.000000
vn 0.000000 -0.000000 -1.000000
vn 0.000000 -0.000000 -1.000000
vn 0.000000 -0.000000 -1.000000
vn 0.000000 -0.000000 -1.000000
vn 0.000000 -0.000000 -1.000000
vn 0.000000 -0.000000 -1.000000
vn 0.000000 -0.000000 -1.000000
vn 0.000000 -0.000000 -1.000000
vn 0.000000 -0.000000 -1.000000
vn 0.000000 -0.000000 -1.000000
vn 0.000000 -0.000000 -1.000000
vn 0.000000 -0.000000 -1.000000
vn 0.000000 -0.000000 -1.000000
vn 0.000000 -0.000000 -1.000000
vn 0.000000 -0.000000 -1.000000
vn 0.000000 -0.000000 -1.000000
vn 0.000000 -0.000000 -1.000000
vn 0.000000 -0.000000 -1.000000
vn 0.000000 -0.000000 -1.000000
vn 0.000000 -0.000000 -1.000000
vn 0.000000 -0.000000 -1.000000
vn 0.000000 -0.000000 -1.000000
vn 0.000000 -0.000000 -1.000000
vn 0.000000 -0.000000 -1.000000
vn 0.000000 -0.000000 -1.000000
vn 0.000000 -0.000000 -1.000000
vn 0.000000 -0.000000 -1.000000
vn 0.000000 -0.000000 -1.000000
vn 0.000000 -0.000000 -1.000000
vn 0.000000 -0.000000 -1.000000
vn 0.000000 -0.000000 -1.000000
vn 0.000000 -0.000000 -1.000000
vn 0.000000 -0.000000 -1.000000
vn 0.000000 -0.000000 -1.000000
vn 0.000000 -0.000000 -1.000000
vn 0.000000 -0.000000 -1.000000
vn 0.000000 -0.000000 -1.000000
vn 0.000000 -0.000000 -1.000000
vn 0.000000 -0.000000 -1.000000
vn 0.000000 -0.000000 -1.000000
vn 0.000000 -0.000000 -1.000000
vn 0.000000 -0.000000 -1.000000
vn 0.000000 -0.000000 -1.000000
vn 0.000000 -0.000000 -1.000000
vn 0.000000 -0.000000 -1.000000
vn 0.000000 -0.000000 -1.000000
vn 0.000000 -0.000000 -1.000000
vn 0.000000 -0.000000 -1.000000
vn 0.000000 -0.000000 -1.000000
vn 0.000000 -0.000000 -1.000000
vn 0.000000 -0.000000 -1.000000
vn 0.000000 -0.000000 -1.000000
vn 0.000000 -0.000000 -1.000000
vn 0.000000 -0.000000 -1.000000
vn 0.000000 -0.000000 -1.000000
vn 0.000000 -0.000000 -1.000000
vn 0.000000 -0.000000 -1.000000
vn 0.000000 -0.000000 -1.000000
vn 0.000000 -0.000000 -1.000000
vn 0.000000 -0.000000 -1.000000
vn 0.000000 -0.000000 -1.000000
vn 0.000000 -0.000000 -1.000000
vn 0.000000 -0.000000 -1.000000
vn 0.000000 -0.000000 -1.000000
vn 0.000000 -0.000000 -1.000000
vn 0.000000 -0.000000 -1.000000
vn 0.000000 -0.000000 -1.000000
vn 0.000000 -0.000000 -1.000000
vn 0.000000 -0.000000 -1.000000
vn 0.000000 -0.000000 -1.000000
vn 0.000000 -0.000000 -1.000000
vn 0.000000 -0.000000 -1.000000
vn 0.000000 -0.000000 -1.000000
vn 0.000000 -0.000000 -1.000000
vn 0.000000 -0.000000 -1.000000
vn 0.000000 -0.000000 -1.000000
vn 0.000000 -0.000000 -1.000000
vn 0.000000 -0.000000 -1.000000
vn 0.000000 -0.000000 -1.000000
vn 0.000000 -0.000000 -1.000000
vn 0.000000 -0.000000 -1.000000
vn 0.000000 -0.000000 -1.000000
vn 0.000000 -0.000000 -1.000000
vn 0.000000 -0.000000 -1.000000
vn 0.000000 -0.000000 -1.000000
vn 0.000000 -0.000000 -1.000000
vn 0.000000 -0.000000 -1.000000
vn 0.000000 -0.000000 -1.000000
vn 0.000000 -0.000000 -1.000000
vn 0.000000 -0.000000 -1.000000
vn 0.000000 -0.000000 -1.000000
vn 0.000000 -0.000000 -1.000000
vn 0.000000 -0.000000 -1.000000
vn 0.000000 -0.000000 -1.000000
vn 0.000000 -0.000000 -1.000000
vn 0.000000 -0.000000 -1.000000
vn 0.000000 -0.000000 -1.000000
vn 0.000000 -0.000000 -1.000000
vn 0.000000 -0.000000 -1.000000
vn 0.000000 -0.000000 -1.000000
vn 0.000000 -0.000000 -1.000000
vn 0.000000 -0.000000 -1.000000
vn 0.000000 -0.000000 -1.000000
vn 0.000000 -0.000000 -1.000000
vn 0.000000 -0.000000 -1.000000
vn 0.000000 -0.000000 -1.000000
vn 0.000000 -0.000000 -1.000000
usemtl Opaque(65,96,255)
f 2/1/1 54/2/2 1/3/3
f 1/3/3 54/2/2 55/4/4
f 1/3/3 55/4/4 56/5/5
f 3/6/6 31/7/7 2/1/1
f 2/1/1 31/7/7 32/8/8
f 2/1/1 32/8/8 43/9/9
f 43/9/9 32/8/8 33/10/10
f 43/9/9 33/10/10 42/11/11
f 42/11/11 33/10/10 34/12/12
f 42/11/11 34/12/12 41/13/13
f 41/13/13 34/12/12 40/14/14
f 40/14/14 34/12/12 35/15/15
f 40/14/14 35/15/15 39/16/16
f 39/16/16 35/15/15 36/17/17
f 39/16/16 36/17/17 38/18/18
f 38/18/18 36/17/17 37/19/19
f 4/20/20 21/21/21 3/6/6
f 3/6/6 21/21/21 22/22/22
f 3/6/6 22/22/22 23/23/23
f 1/3/3 10/24/24 4/20/20
f 4/20/20 10/24/24 11/25/25
f 4/20/20 11/25/25 12/26/26
f 5/27/27 6/28/28 70/29/29
f 70/29/29 6/28/28 69/30/30
f 69/30/30 6/28/28 7/31/31
f 69/30/30 7/31/31 68/32/32
f 68/32/32 7/31/31 8/33/33
f 68/32/32 8/33/33 67/34/34
f 67/34/34 8/33/33 9/35/35
f 67/34/34 9/35/35 66/36/36
f 66/36/36 9/35/35 65/37/37
f 65/37/37 9/35/35 10/24/24
f 65/37/37 10/24/24 1/3/3
f 12/26/26 13/38/38 4/20/20
f 4/20/20 13/38/38 14/39/39
f 4/20/20 14/39/39 15/40/40
f 15/40/40 16/41/41 4/20/20
f 4/20/20 16/41/41 17/42/42
f 4/20/20 17/42/42 18/43/43
f 18/43/43 19/44/44 4/20/20
f 4/20/20 19/44/44 20/45/45
f 4/20/20 20/45/45 21/21/21
f 23/23/23 24/46/46 3/6/6
f 3/6/6 24/46/46 25/47/47
f 3/6/6 25/47/47 26/48/48
f 26/48/48 27/49/49 3/6/6
f 3/6/6 27/49/49 28/50/50
f 3/6/6 28/50/50 29/51/51
f 29/51/51 30/52/52 3/6/6
f 3/6/6 30/52/52 31/7/7
f 43/9/9 44/53/53 2/1/1
f 2/1/1 44/53/53 45/54/54
f 2/1/1 45/54/54 46/55/55
f 46/55/55 47/56/56 2/1/1
f 2/1/1 47/56/56 48/57/57
f 2/1/1 48/57/57 49/58/58
f 49/58/58 50/59/59 2/1/1
f 2/1/1 50/59/59 51/60/60
f 2/1/1 51/60/60 52/61/61
f 52/61/61 53/62/62 2/1/1
f 2/1/1 53/62/62 54/2/2
f 56/5/5 57/63/63 1/3/3
f 1/3/3 57/63/63 58/64/64
f 1/3/3 58/64/64 59/65/65
f 59/65/65 60/66/66 1/3/3
f 1/3/3 60/66/66 61/67/67
f 1/3/3 61/67/67 62/68/68
f 62/68/68 63/69/69 1/3/3
f 1/3/3 63/69/69 64/70/70
f 1/3/3 64/70/70 65/37/37
f 71/71/71 72/72/72 76/73/73
f 76/73/73 72/72/72 75/74/74
f 75/74/74 72/72/72 73/75/75
f 75/74/74 73/75/75 74/76/76
f 78/77/77 79/78/78 77/79/79
f 77/79/79 79/78/78 80/80/80
f 81/81/81 82/82/82 86/83/83
f 86/83/83 82/82/82 85/84/84
f 85/84/84 82/82/82 83/85/85
f 85/84/84 83/85/85 84/86/86
f 88/87/87 89/88/88 87/89/89
f 87/89/89 89/88/88 90/90/90
f 89/91/91 193/92/92 90/93/93
f 90/93/93 193/92/92 194/94/94
f 90/93/93 194/94/94 195/95/95
f 91/96/96 92/97/97 89/91/91
f 89/91/91 92/97/97 93/98/98
f 89/91/91 93/98/98 94/99/99
f 94/99/99 95/100/100 89/91/91
f 89/91/91 95/100/100 73/101/101
f 89/91/91 73/101/101 118/102/102
f 118/102/102 73/101/101 117/103/103
f 117/103/103 73/101/101 72/104/104
f 117/103/103 72/104/104 151/105/105
f 151/105/105 72/104/104 174/106/106
f 174/106/106 72/104/104 173/107/107
f 173/107/107 72/104/104 172/108/108
f 172/108/108 72/104/104 171/109/109
f 171/109/109 72/104/104 170/110/110
f 170/110/110 72/104/104 169/111/111
f 169/111/111 72/104/104 168/112/112
f 168/112/112 72/104/104 218/113/113
f 168/112/112 218/113/113 167/114/114
f 167/114/114 218/113/113 219/115/115
f 167/114/114 219/115/115 166/116/116
f 166/116/116 219/115/115 220/117/117
f 166/116/116 220/117/117 165/118/118
f 165/118/118 220/117/117 221/119/119
f 165/118/118 221/119/119 164/120/120
f 164/120/120 221/119/119 222/121/121
f 164/120/120 222/121/121 163/122/122
f 163/122/122 222/121/121 199/123/123
f 163/122/122 199/123/123 200/124/124
f 71/125/125 119/126/126 72/104/104
f 72/104/104 119/126/126 120/127/127
f 72/104/104 120/127/127 121/128/128
f 96/129/129 80/130/130 71/125/125
f 71/125/125 80/130/130 122/131/131
f 71/125/125 122/131/131 119/126/126
f 96/129/129 97/132/132 80/130/130
f 80/130/130 97/132/132 98/133/133
f 80/130/130 98/133/133 99/134/134
f 99/134/134 100/135/135 80/130/130
f 80/130/130 79/136/136 122/131/131
f 122/131/131 79/136/136 111/137/137
f 122/131/131 111/137/137 121/128/128
f 121/128/128 111/137/137 112/138/138
f 121/128/128 112/138/138 72/104/104
f 72/104/104 112/138/138 85/139/139
f 72/104/104 85/139/139 374/140/140
f 374/140/140 85/139/139 373/141/141
f 373/141/141 85/139/139 372/142/142
f 372/142/142 85/139/139 371/143/143
f 371/143/143 85/139/139 408/144/144
f 371/143/143 408/144/144 409/145/145
f 101/146/146 102/147/147 79/136/136
f 79/136/136 102/147/147 103/148/148
f 79/136/136 103/148/148 104/149/149
f 104/149/149 105/150/150 79/136/136
f 79/136/136 105/150/150 86/151/151
f 79/136/136 86/151/151 111/137/137
f 111/137/137 86/151/151 114/152/152
f 114/152/152 86/151/151 85/139/139
f 114/152/152 85/139/139 113/153/153
f 113/153/153 85/139/139 112/138/138
f 84/154/154 126/155/155 85/139/139
f 85/139/139 126/155/155 139/156/156
f 85/139/139 139/156/156 140/157/157
f 106/158/158 90/93/93 84/154/154
f 84/154/154 90/93/93 125/159/159
f 84/154/154 125/159/159 126/155/155
f 106/158/158 107/160/160 90/93/93
f 90/93/93 107/160/160 108/161/161
f 90/93/93 108/161/161 109/162/162
f 109/162/162 110/163/163 90/93/93
f 116/164/164 187/165/165 115/166/166
f 115/166/166 187/165/165 188/167/167
f 115/166/166 188/167/167 189/168/168
f 117/103/103 275/169/169 116/164/164
f 116/164/164 275/169/169 276/170/170
f 116/164/164 276/170/170 305/171/171
f 305/171/171 276/170/170 277/172/172
f 305/171/171 277/172/172 304/173/173
f 304/173/173 277/172/172 278/174/174
f 304/173/173 278/174/174 303/175/175
f 303/175/175 278/174/174 302/176/176
f 302/176/176 278/174/174 279/177/177
f 302/176/176 279/177/177 301/178/178
f 301/178/178 279/177/177 280/179/179
f 301/178/178 280/179/179 300/180/180
f 300/180/180 280/179/179 281/181/181
f 300/180/180 281/181/181 282/182/182
f 118/102/102 115/166/166 89/91/91
f 89/91/91 115/166/166 189/168/168
f 89/91/91 189/168/168 190/183/183
f 124/184/184 175/185/185 123/186/186
f 123/186/186 175/185/185 176/187/187
f 123/186/186 176/187/187 390/188/188
f 390/188/188 176/187/187 389/189/189
f 389/189/189 176/187/187 177/190/190
f 389/189/189 177/190/190 388/191/191
f 388/191/191 177/190/190 387/192/192
f 387/192/192 177/190/190 178/193/193
f 387/192/192 178/193/193 407/194/194
f 407/194/194 178/193/193 179/195/195
f 407/194/194 179/195/195 180/196/196
f 125/159/159 90/93/93 124/184/184
f 124/184/184 90/93/93 197/197/197
f 124/184/184 197/197/197 198/198/198
f 123/186/186 370/199/199 126/155/155
f 126/155/155 370/199/199 359/200/200
f 126/155/155 359/200/200 360/201/201
f 150/202/202 127/203/203 410/204/204
f 410/204/204 127/203/203 128/205/205
f 410/204/204 128/205/205 129/206/206
f 129/206/206 130/207/207 410/204/204
f 410/204/204 130/207/207 131/208/208
f 410/204/204 131/208/208 409/145/145
f 409/145/145 131/208/208 132/209/209
f 409/145/145 132/209/209 133/210/210
f 133/210/210 134/211/211 409/145/145
f 409/145/145 134/211/211 378/212/212
f 409/145/145 378/212/212 371/143/143
f 134/211/211 135/213/213 378/212/212
f 378/212/212 135/213/213 136/214/214
f 378/212/212 136/214/214 377/215/215
f 377/215/215 136/214/214 376/216/216
f 376/216/216 136/214/214 375/217/217
f 375/217/217 136/214/214 137/218/218
f 375/217/217 137/218/218 126/155/155
f 126/155/155 137/218/218 138/219/219
f 126/155/155 138/219/219 139/156/156
f 140/157/157 141/220/220 85/139/139
f 85/139/139 141/220/220 142/221/221
f 85/139/139 142/221/221 143/222/222
f 143/222/222 144/223/223 85/139/139
f 85/139/139 144/223/223 145/224/224
f 85/139/139 145/224/224 146/225/225
f 85/139/139 146/225/225 412/226/226
f 412/226/226 146/225/225 147/227/227
f 412/226/226 147/227/227 411/228/228
f 411/228/228 147/227/227 148/229/229
f 411/228/228 148/229/229 149/230/230
f 149/230/230 150/202/202 411/228/228
f 411/228/228 150/202/202 410/204/204
f 151/105/105 152/231/231 117/103/103
f 117/103/103 152/231/231 153/232/232
f 117/103/103 153/232/232 271/233/233
f 271/233/233 153/232/232 352/234/234
f 271/233/233 352/234/234 353/235/235
f 153/232/232 154/236/236 352/234/234
f 352/234/234 154/236/236 155/237/237
f 352/234/234 155/237/237 156/238/238
f 352/234/234 156/238/238 351/239/239
f 351/239/239 156/238/238 157/240/240
f 351/239/239 157/240/240 158/241/241
f 158/241/241 159/242/242 351/239/239
f 351/239/239 159/242/242 350/243/243
f 350/243/243 159/242/242 349/244/244
f 349/244/244 159/242/242 160/245/245
f 349/244/244 160/245/245 348/246/246
f 348/246/246 160/245/245 161/247/247
f 348/246/246 161/247/247 201/248/248
f 201/248/248 161/247/247 162/249/249
f 201/248/248 162/249/249 200/124/124
f 200/124/124 162/249/249 163/122/122
f 407/194/194 180/196/196 406/250/250
f 406/250/250 180/196/196 181/251/251
f 406/250/250 181/251/251 405/252/252
f 405/252/252 181/251/251 182/253/253
f 405/252/252 182/253/253 255/254/254
f 255/254/254 182/253/253 254/255/255
f 254/255/255 182/253/253 183/256/256
f 254/255/255 183/256/256 308/257/257
f 308/257/257 183/256/256 184/258/258
f 308/257/257 184/258/258 307/259/259
f 307/259/259 184/258/258 185/260/260
f 307/259/259 185/260/260 116/164/164
f 116/164/164 185/260/260 186/261/261
f 116/164/164 186/261/261 187/165/165
f 190/183/183 191/262/262 89/91/91
f 89/91/91 191/262/262 192/263/263
f 89/91/91 192/263/263 193/92/92
f 195/95/95 196/264/264 90/93/93
f 90/93/93 196/264/264 197/197/197
f 198/198/198 175/185/185 124/184/184
f 201/248/248 202/265/265 348/246/246
f 348/246/246 202/265/265 203/266/266
f 348/246/246 203/266/266 204/267/267
f 204/267/267 205/268/268 348/246/246
f 348/246/246 205/268/268 206/269/269
f 348/246/246 206/269/269 347/270/270
f 347/270/270 206/269/269 207/271/271
f 347/270/270 207/271/271 208/272/272
f 208/272/272 209/273/273 347/270/270
f 347/270/270 209/273/273 346/274/274
f 346/274/274 209/273/273 345/275/275
f 345/275/275 209/273/273 344/276/276
f 344/276/276 209/273/273 210/277/277
f 344/276/276 210/277/277 211/278/278
f 344/276/276 211/278/278 343/279/279
f 343/279/279 211/278/278 212/280/280
f 343/279/279 212/280/280 213/281/281
f 213/281/281 214/282/282 343/279/279
f 343/279/279 214/282/282 342/283/283
f 342/283/283 214/282/282 215/284/284
f 342/283/283 215/284/284 341/285/285
f 341/285/285 215/284/284 216/286/286
f 341/285/285 216/286/286 340/287/287
f 340/287/287 216/286/286 339/288/288
f 339/288/288 216/286/286 217/289/289
f 339/288/288 217/289/289 338/290/290
f 338/290/290 217/289/289 72/104/104
f 338/290/290 72/104/104 337/291/291
f 337/291/291 72/104/104 336/292/292
f 336/292/292 72/104/104 381/293/293
f 336/292/292 381/293/293 335/294/294
f 335/294/294 381/293/293 382/295/295
f 335/294/294 382/295/295 355/296/296
f 355/296/296 382/295/295 383/297/297
f 355/296/296 383/297/297 362/298/298
f 362/298/298 383/297/297 126/155/155
f 362/298/298 126/155/155 361/299/299
f 361/299/299 126/155/155 360/201/201
f 217/289/289 218/113/113 72/104/104
f 224/300/300 329/301/301 223/302/302
f 223/302/302 329/301/301 330/303/303
f 223/302/302 330/303/303 246/304/304
f 246/304/304 330/303/303 245/305/305
f 245/305/305 330/303/303 244/306/306
f 244/306/306 330/303/303 331/307/307
f 244/306/306 331/307/307 243/308/308
f 243/308/308 331/307/307 332/309/309
f 243/308/308 332/309/309 242/310/310
f 242/310/310 332/309/309 333/311/311
f 242/310/310 333/311/311 334/312/312
f 224/300/300 225/313/313 329/301/301
f 329/301/301 225/313/313 328/314/314
f 328/314/314 225/313/313 327/315/315
f 327/315/315 225/313/313 326/316/316
f 326/316/316 225/313/313 226/317/317
f 326/316/316 226/317/317 227/318/318
f 227/318/318 228/319/319 326/316/316
f 326/316/316 228/319/319 325/320/320
f 325/320/320 228/319/319 229/321/321
f 325/320/320 229/321/321 230/322/322
f 230/322/322 231/323/323 325/320/320
f 325/320/320 231/323/323 232/324/324
f 325/320/320 232/324/324 233/325/325
f 325/320/320 233/325/325 324/326/326
f 324/326/326 233/325/325 234/327/327
f 324/326/326 234/327/327 396/328/328
f 396/328/328 234/327/327 395/329/329
f 395/329/329 234/327/327 235/330/330
f 395/329/329 235/330/330 366/331/331
f 366/331/331 235/330/330 236/332/332
f 366/331/331 236/332/332 365/333/333
f 365/333/333 236/332/332 237/334/334
f 365/333/333 237/334/334 364/335/335
f 364/335/335 237/334/334 363/336/336
f 363/336/336 237/334/334 238/337/337
f 363/336/336 238/337/337 358/338/338
f 358/338/338 238/337/337 239/339/339
f 358/338/338 239/339/339 357/340/340
f 357/340/340 239/339/339 356/341/341
f 356/341/341 239/339/339 240/342/342
f 356/341/341 240/342/342 355/296/296
f 355/296/296 240/342/342 335/294/294
f 240/342/342 241/343/343 335/294/294
f 335/294/294 241/343/343 334/312/312
f 334/312/312 241/343/343 242/310/310
f 248/344/344 313/345/345 247/346/346
f 247/346/346 313/345/345 314/347/347
f 247/346/346 314/347/347 270/348/348
f 270/348/348 314/347/347 269/349/349
f 269/349/349 314/347/347 315/350/350
f 269/349/349 315/350/350 316/351/351
f 248/344/344 249/352/352 313/345/345
f 313/345/345 249/352/352 250/353/353
f 313/345/345 250/353/353 312/354/354
f 312/354/354 250/353/353 251/355/355
f 312/354/354 251/355/355 311/356/356
f 311/356/356 251/355/355 252/357/357
f 311/356/356 252/357/357 310/358/358
f 310/358/358 252/357/357 309/359/359
f 309/359/359 252/357/357 253/360/360
f 309/359/359 253/360/360 308/257/257
f 308/257/257 253/360/360 254/255/255
f 255/254/254 256/361/361 405/252/252
f 405/252/252 256/361/361 257/362/362
f 405/252/252 257/362/362 404/363/363
f 404/363/363 257/362/362 258/364/364
f 404/363/363 258/364/364 259/365/365
f 259/365/365 260/366/366 404/363/363
f 404/363/363 260/366/366 319/367/367
f 404/363/363 319/367/367 320/368/368
f 260/366/366 261/369/369 319/367/367
f 319/367/367 261/369/369 318/370/370
f 318/370/370 261/369/369 262/371/371
f 318/370/370 262/371/371 263/372/372
f 263/372/372 264/373/373 318/370/370
f 318/370/370 264/373/373 265/374/374
f 318/370/370 265/374/374 266/375/375
f 318/370/370 266/375/375 317/376/376
f 317/376/376 266/375/375 267/377/377
f 317/376/376 267/377/377 268/378/378
f 268/378/378 269/349/349 317/376/376
f 317/376/376 269/349/349 316/351/351
f 271/233/233 272/379/379 117/103/103
f 117/103/103 272/379/379 273/380/380
f 117/103/103 273/380/380 274/381/381
f 274/381/381 275/169/169 117/103/103
f 282/182/182 283/382/382 300/180/180
f 300/180/180 283/382/382 299/383/383
f 299/383/383 283/382/382 284/384/384
f 299/383/383 284/384/384 285/385/385
f 286/386/386 296/387/387 285/385/385
f 285/385/385 296/387/387 297/388/388
f 285/385/385 297/388/388 298/389/389
f 286/386/386 287/390/390 296/387/387
f 296/387/387 287/390/390 288/391/391
f 296/387/387 288/391/391 295/392/392
f 295/392/392 288/391/391 289/393/393
f 295/392/392 289/393/393 290/394/394
f 290/394/394 291/395/395 295/392/392
f 295/392/392 291/395/395 292/396/396
f 295/392/392 292/396/396 293/397/397
f 295/392/392 293/397/397 354/398/398
f 354/398/398 293/397/397 294/399/399
f 354/398/398 294/399/399 353/235/235
f 353/235/235 294/399/399 271/233/233
f 298/389/389 299/383/383 285/385/385
f 305/171/171 306/400/400 116/164/164
f 116/164/164 306/400/400 307/259/259
f 404/363/363 320/368/368 403/401/401
f 403/401/401 320/368/368 321/402/402
f 403/401/401 321/402/402 394/403/403
f 394/403/403 321/402/402 393/404/404
f 393/404/404 321/402/402 322/405/405
f 393/404/404 322/405/405 392/406/406
f 392/406/406 322/405/405 391/407/407
f 391/407/407 322/405/405 398/408/408
f 391/407/407 398/408/408 399/409/409
f 398/408/408 322/405/405 397/410/410
f 397/410/410 322/405/405 323/411/411
f 397/410/410 323/411/411 396/328/328
f 396/328/328 323/411/411 324/326/326
f 358/338/338 359/200/200 363/336/336
f 363/336/336 359/200/200 370/199/199
f 366/331/331 367/412/412 395/329/329
f 395/329/329 367/412/412 402/413/413
f 402/413/413 367/412/412 123/186/186
f 402/413/413 123/186/186 401/414/414
f 401/414/414 123/186/186 400/415/415
f 400/415/415 123/186/186 399/409/409
f 399/409/409 123/186/186 390/188/188
f 399/409/409 390/188/188 391/407/407
f 367/412/412 368/416/416 123/186/186
f 123/186/186 368/416/416 369/417/417
f 123/186/186 369/417/417 370/199/199
f 72/104/104 374/140/140 379/418/418
f 379/418/418 374/140/140 375/217/217
f 379/418/418 375/217/217 386/419/419
f 386/419/419 375/217/217 126/155/155
f 386/419/419 126/155/155 385/420/420
f 385/420/420 126/155/155 384/421/421
f 384/421/421 126/155/155 383/297/297
f 379/418/418 380/422/422 72/104/104
f 72/104/104 380/422/422 381/293/293
f 394/403/403 387/192/192 403/401/401
f 403/401/401 387/192/192 407/194/194
f 412/226/226 408/144/144 85/139/139
f 75/423/423 447/424/424 76/425/425
f 76/425/425 447/424/424 448/426/426
f 76/425/425 448/426/426 77/427/427
f 77/427/427 448/426/426 439/428/428
f 77/427/427 439/428/428 78/429/429
f 78/429/429 439/428/428 81/430/430
f 78/429/429 81/430/430 423/431/431
f 74/432/432 441/433/433 75/423/423
f 75/423/423 441/433/433 489/434/434
f 75/423/423 489/434/434 490/435/435
f 413/436/436 88/437/437 74/432/432
f 74/432/432 88/437/437 444/438/438
f 74/432/432 444/438/438 441/433/433
f 413/436/436 414/439/439 88/437/437
f 88/437/437 414/439/439 415/440/440
f 88/437/437 415/440/440 416/441/441
f 416/441/441 417/442/442 88/437/437
f 87/443/443 507/444/444 88/437/437
f 88/437/437 507/444/444 508/445/445
f 88/437/437 508/445/445 509/446/446
f 418/447/447 419/448/448 87/443/443
f 87/443/443 419/448/448 420/449/449
f 87/443/443 420/449/449 421/450/450
f 421/450/450 422/451/451 87/443/443
f 87/443/443 422/451/451 83/452/452
f 87/443/443 83/452/452 449/453/453
f 449/453/453 83/452/452 452/454/454
f 452/454/454 83/452/452 82/455/455
f 452/454/454 82/455/455 453/456/456
f 453/456/456 82/455/455 476/457/457
f 476/457/457 82/455/455 475/458/458
f 475/458/458 82/455/455 474/459/459
f 474/459/459 82/455/455 473/460/460
f 473/460/460 82/455/455 472/461/461
f 472/461/461 82/455/455 471/462/462
f 471/462/462 82/455/455 470/463/463
f 470/463/463 82/455/455 735/464/464
f 470/463/463 735/464/464 469/465/465
f 469/465/465 735/464/464 736/466/466
f 469/465/465 736/466/466 468/467/467
f 468/467/467 736/466/466 467/468/468
f 467/468/468 736/466/466 466/469/469
f 466/469/469 736/466/466 737/470/470
f 466/469/469 737/470/470 465/471/471
f 465/471/471 737/470/470 464/472/472
f 464/472/472 737/470/470 463/473/473
f 463/473/473 737/470/470 462/474/474
f 462/474/474 737/470/470 461/475/475
f 461/475/475 737/470/470 738/476/476
f 461/475/475 738/476/476 460/477/477
f 460/477/477 738/476/476 459/478/478
f 459/478/478 738/476/476 458/479/479
f 458/479/479 738/476/476 702/480/480
f 458/479/479 702/480/480 457/481/481
f 457/481/481 702/480/480 456/482/482
f 456/482/482 702/480/480 703/483/483
f 456/482/482 703/483/483 704/484/484
f 81/430/430 440/485/485 82/455/455
f 82/455/455 440/485/485 437/486/486
f 82/455/455 437/486/486 438/487/487
f 423/431/431 424/488/488 78/429/429
f 78/429/429 424/488/488 425/489/489
f 78/429/429 425/489/489 426/490/490
f 426/490/490 427/491/491 78/429/429
f 428/492/492 429/493/493 77/427/427
f 77/427/427 429/493/493 430/494/494
f 77/427/427 430/494/494 431/495/495
f 431/495/495 432/496/496 77/427/427
f 77/427/427 432/496/496 76/425/425
f 434/497/497 451/498/498 433/499/499
f 433/499/499 451/498/498 728/500/500
f 433/499/499 728/500/500 721/501/501
f 435/502/502 87/443/443 434/497/497
f 434/497/497 87/443/443 450/503/503
f 434/497/497 450/503/503 451/498/498
f 436/504/504 501/505/505 435/502/502
f 435/502/502 501/505/505 502/506/506
f 435/502/502 502/506/506 503/507/507
f 433/499/499 717/508/508 436/504/504
f 436/504/504 717/508/508 730/509/509
f 436/504/504 730/509/509 521/510/510
f 521/510/510 730/509/509 520/511/511
f 520/511/511 730/509/509 731/512/512
f 520/511/511 731/512/512 519/513/513
f 519/513/513 731/512/512 732/514/514
f 519/513/513 732/514/514 518/515/515
f 518/515/515 732/514/514 577/516/516
f 518/515/515 577/516/516 578/517/517
f 439/428/428 448/426/426 438/487/487
f 438/487/487 448/426/426 445/518/518
f 438/487/487 445/518/518 82/455/455
f 82/455/455 445/518/518 75/423/423
f 82/455/455 75/423/423 698/519/519
f 698/519/519 75/423/423 709/520/520
f 698/519/519 709/520/520 697/521/521
f 697/521/521 709/520/520 710/522/522
f 697/521/521 710/522/522 452/454/454
f 452/454/454 710/522/522 711/523/523
f 452/454/454 711/523/523 712/524/524
f 439/428/428 440/485/485 81/430/430
f 442/525/525 605/526/526 441/433/433
f 441/433/433 605/526/526 606/527/527
f 441/433/433 606/527/527 607/528/528
f 443/529/529 513/530/530 442/525/525
f 442/525/525 513/530/530 514/531/531
f 442/525/525 514/531/531 515/532/532
f 444/438/438 88/437/437 443/529/529
f 443/529/529 88/437/437 511/533/533
f 443/529/529 511/533/533 512/534/534
f 445/518/518 446/535/535 75/423/423
f 75/423/423 446/535/535 447/424/424
f 449/453/453 450/503/503 87/443/443
f 452/454/454 694/536/536 451/498/498
f 451/498/498 694/536/536 695/537/537
f 451/498/498 695/537/537 696/538/538
f 453/456/456 454/539/539 452/454/454
f 452/454/454 454/539/539 455/540/540
f 452/454/454 455/540/540 697/521/521
f 697/521/521 455/540/540 456/482/482
f 697/521/521 456/482/482 704/484/484
f 478/541/541 536/542/542 477/543/543
f 477/543/543 536/542/542 537/544/544
f 477/543/543 537/544/544 538/545/545
f 536/542/542 478/541/541 535/546/546
f 535/546/546 478/541/541 479/547/547
f 535/546/546 479/547/547 633/548/548
f 633/548/548 479/547/547 480/549/549
f 633/548/548 480/549/549 632/550/550
f 632/550/550 480/549/549 481/551/551
f 632/550/550 481/551/551 631/552/552
f 631/552/552 481/551/551 630/553/553
f 630/553/553 481/551/551 482/554/554
f 630/553/553 482/554/554 483/555/555
f 483/555/555 484/556/556 630/553/553
f 630/553/553 484/556/556 629/557/557
f 629/557/557 484/556/556 485/558/558
f 629/557/557 485/558/558 486/559/559
f 486/559/559 487/560/560 629/557/557
f 629/557/557 487/560/560 609/561/561
f 629/557/557 609/561/561 628/562/562
f 628/562/562 609/561/561 610/563/563
f 628/562/562 610/563/563 627/564/564
f 627/564/564 610/563/563 611/565/565
f 627/564/564 611/565/565 626/566/566
f 626/566/566 611/565/565 612/567/567
f 626/566/566 612/567/567 613/568/568
f 609/561/561 487/560/560 441/433/433
f 441/433/433 487/560/560 488/569/569
f 441/433/433 488/569/569 489/434/434
f 490/435/435 491/570/570 75/423/423
f 75/423/423 491/570/570 492/571/571
f 75/423/423 492/571/571 493/572/572
f 493/572/572 494/573/573 75/423/423
f 75/423/423 494/573/573 495/574/574
f 75/423/423 495/574/574 496/575/575
f 75/423/423 496/575/575 542/576/576
f 542/576/576 496/575/575 497/577/577
f 542/576/576 497/577/577 541/578/578
f 541/578/578 497/577/577 498/579/579
f 541/578/578 498/579/579 540/580/580
f 540/580/580 498/579/579 499/581/581
f 540/580/580 499/581/581 539/582/582
f 539/582/582 499/581/581 500/583/583
f 539/582/582 500/583/583 538/545/545
f 538/545/545 500/583/583 477/543/543
f 503/507/507 504/584/584 435/502/502
f 435/502/502 504/584/584 505/585/585
f 435/502/502 505/585/585 506/586/586
f 435/502/502 506/586/586 87/443/443
f 87/443/443 506/586/586 507/444/444
f 509/446/446 510/587/587 88/437/437
f 88/437/437 510/587/587 511/533/533
f 512/534/534 513/530/530 443/529/529
f 442/525/525 515/532/532 674/588/588
f 674/588/588 515/532/532 516/589/589
f 674/588/588 516/589/589 673/590/590
f 673/590/590 516/589/589 517/591/591
f 673/590/590 517/591/591 578/517/517
f 578/517/517 517/591/591 518/515/515
f 521/510/510 522/592/592 436/504/504
f 436/504/504 522/592/592 523/593/593
f 436/504/504 523/593/593 524/594/594
f 524/594/594 501/505/505 436/504/504
f 526/595/595 637/596/596 525/597/597
f 525/597/597 637/596/596 638/598/598
f 525/597/597 638/598/598 548/599/599
f 548/599/599 638/598/598 547/600/600
f 547/600/600 638/598/598 546/601/601
f 546/601/601 638/598/598 639/602/602
f 546/601/601 639/602/602 545/603/603
f 545/603/603 639/602/602 640/604/604
f 545/603/603 640/604/604 544/605/605
f 544/605/605 640/604/604 641/606/606
f 544/605/605 641/606/606 642/607/607
f 526/595/595 527/608/608 637/596/596
f 637/596/596 527/608/608 636/609/609
f 636/609/609 527/608/608 635/610/610
f 635/610/610 527/608/608 634/611/611
f 634/611/611 527/608/608 528/612/612
f 634/611/611 528/612/612 529/613/613
f 529/613/613 530/614/614 634/611/611
f 634/611/611 530/614/614 633/548/548
f 633/548/548 530/614/614 531/615/615
f 633/548/548 531/615/615 532/616/616
f 532/616/616 533/617/617 633/548/548
f 633/548/548 533/617/617 534/618/618
f 633/548/548 534/618/618 535/546/546
f 542/576/576 543/619/619 75/423/423
f 75/423/423 543/619/619 643/620/620
f 75/423/423 643/620/620 644/621/621
f 643/620/620 543/619/619 642/607/607
f 642/607/607 543/619/619 544/605/605
f 550/622/622 725/623/623 549/624/624
f 549/624/624 725/623/623 690/625/625
f 549/624/624 690/625/625 572/626/626
f 572/626/626 690/625/625 691/627/627
f 572/626/626 691/627/627 571/628/628
f 571/628/628 691/627/627 692/629/629
f 571/628/628 692/629/629 693/630/630
f 551/631/631 657/632/632 550/622/622
f 550/622/622 657/632/632 724/633/633
f 550/622/622 724/633/633 725/623/623
f 657/632/632 551/631/631 656/634/634
f 656/634/634 551/631/631 552/635/635
f 656/634/634 552/635/635 553/636/636
f 553/636/636 554/637/637 656/634/634
f 656/634/634 554/637/637 555/638/638
f 656/634/634 555/638/638 556/639/639
f 656/634/634 556/639/639 655/640/640
f 655/640/640 556/639/639 557/641/641
f 655/640/640 557/641/641 558/642/642
f 558/642/642 559/643/643 655/640/640
f 655/640/640 559/643/643 654/644/644
f 654/644/644 559/643/643 653/645/645
f 653/645/645 559/643/643 652/646/646
f 652/646/646 559/643/643 560/647/647
f 652/646/646 560/647/647 561/648/648
f 652/646/646 561/648/648 651/649/649
f 651/649/649 561/648/648 562/650/650
f 651/649/649 562/650/650 563/651/651
f 563/651/651 564/652/652 651/649/649
f 651/649/649 564/652/652 650/653/653
f 650/653/653 564/652/652 565/654/654
f 650/653/653 565/654/654 649/655/655
f 649/655/655 565/654/654 566/656/656
f 649/655/655 566/656/656 648/657/657
f 648/657/657 566/656/656 647/658/658
f 647/658/658 566/656/656 567/659/659
f 647/658/658 567/659/659 646/660/660
f 646/660/660 567/659/659 568/661/661
f 646/660/660 568/661/661 685/662/662
f 685/662/662 568/661/661 684/663/663
f 684/663/663 568/661/661 569/664/664
f 684/663/663 569/664/664 683/665/665
f 683/665/665 569/664/664 682/666/666
f 682/666/666 569/664/664 570/667/667
f 682/666/666 570/667/667 693/630/630
f 693/630/630 570/667/667 571/628/628
f 596/668/668 573/669/669 733/670/670
f 733/670/670 573/669/669 574/671/671
f 733/670/670 574/671/671 575/672/672
f 733/670/670 575/672/672 732/514/514
f 732/514/514 575/672/672 576/673/673
f 732/514/514 576/673/673 577/516/516
f 578/517/517 579/674/674 673/590/590
f 673/590/590 579/674/674 672/675/675
f 672/675/675 579/674/674 580/676/676
f 672/675/675 580/676/676 671/677/677
f 671/677/677 580/676/676 670/678/678
f 670/678/678 580/676/676 581/679/679
f 670/678/678 581/679/679 669/680/680
f 669/680/680 581/679/679 582/681/681
f 669/680/680 582/681/681 668/682/682
f 668/682/682 582/681/681 583/683/683
f 668/682/682 583/683/683 584/684/684
f 584/684/684 585/685/685 668/682/682
f 668/682/682 585/685/685 667/686/686
f 667/686/686 585/685/685 586/687/687
f 667/686/686 586/687/687 587/688/688
f 588/689/689 664/690/690 587/688/688
f 587/688/688 664/690/690 665/691/691
f 587/688/688 665/691/691 666/692/692
f 588/689/689 589/693/693 664/690/690
f 664/690/690 589/693/693 590/694/694
f 664/690/690 590/694/694 663/695/695
f 663/695/695 590/694/694 591/696/696
f 663/695/695 591/696/696 592/697/697
f 592/697/697 593/698/698 663/695/695
f 663/695/695 593/698/698 594/699/699
f 663/695/695 594/699/699 595/700/700
f 663/695/695 595/700/700 662/701/701
f 662/701/701 595/700/700 596/668/668
f 662/701/701 596/668/668 733/670/670
f 598/702/702 621/703/703 597/704/704
f 597/704/704 621/703/703 622/705/705
f 597/704/704 622/705/705 620/706/706
f 620/706/706 622/705/705 619/707/707
f 619/707/707 622/705/705 623/708/708
f 619/707/707 623/708/708 624/709/709
f 598/702/702 599/710/710 621/703/703
f 621/703/703 599/710/710 600/711/711
f 621/703/703 600/711/711 680/712/712
f 680/712/712 600/711/711 601/713/713
f 680/712/712 601/713/713 679/714/714
f 679/714/714 601/713/713 602/715/715
f 679/714/714 602/715/715 678/716/716
f 678/716/716 602/715/715 677/717/717
f 677/717/717 602/715/715 603/718/718
f 677/717/717 603/718/718 676/719/719
f 676/719/719 603/718/718 604/720/720
f 676/719/719 604/720/720 442/525/525
f 442/525/525 604/720/720 605/526/526
f 607/528/528 608/721/721 441/433/433
f 441/433/433 608/721/721 609/561/561
f 613/568/568 614/722/722 626/566/566
f 626/566/566 614/722/722 615/723/723
f 626/566/566 615/723/723 616/724/724
f 626/566/566 616/724/724 625/725/725
f 625/725/725 616/724/724 617/726/726
f 625/725/725 617/726/726 618/727/727
f 618/727/727 619/707/707 625/725/725
f 625/725/725 619/707/707 624/709/709
f 644/621/621 645/728/728 75/423/423
f 75/423/423 645/728/728 707/729/729
f 75/423/423 707/729/729 708/730/730
f 645/728/728 646/660/660 707/729/729
f 707/729/729 646/660/660 706/731/731
f 706/731/731 646/660/660 685/662/662
f 706/731/731 685/662/662 705/732/732
f 705/732/732 685/662/662 686/733/733
f 705/732/732 686/733/733 452/454/454
f 452/454/454 686/733/733 687/734/734
f 452/454/454 687/734/734 688/735/735
f 657/632/632 658/736/736 724/633/633
f 724/633/633 658/736/736 723/737/737
f 723/737/737 658/736/736 659/738/738
f 723/737/737 659/738/738 722/739/739
f 722/739/739 659/738/738 713/740/740
f 722/739/739 713/740/740 721/501/501
f 721/501/501 713/740/740 714/741/741
f 721/501/501 714/741/741 433/499/499
f 433/499/499 714/741/741 715/742/742
f 433/499/499 715/742/742 716/743/743
f 660/744/744 719/745/745 659/738/738
f 659/738/738 719/745/745 720/746/746
f 659/738/738 720/746/746 713/740/740
f 661/747/747 729/748/748 660/744/744
f 660/744/744 729/748/748 718/749/749
f 660/744/744 718/749/749 719/745/745
f 729/748/748 661/747/747 733/670/670
f 733/670/670 661/747/747 662/701/701
f 666/692/692 667/686/686 587/688/688
f 674/588/588 675/750/750 442/525/525
f 442/525/525 675/750/750 676/719/719
f 682/666/666 693/630/630 681/751/751
f 681/751/751 693/630/630 694/536/536
f 681/751/751 694/536/536 452/454/454
f 688/735/735 681/751/751 452/454/454
f 690/625/625 725/623/623 689/752/752
f 689/752/752 725/623/623 726/753/753
f 689/752/752 726/753/753 451/498/498
f 451/498/498 726/753/753 727/754/754
f 451/498/498 727/754/754 728/500/500
f 696/538/538 689/752/752 451/498/498
f 698/519/519 699/755/755 82/455/455
f 82/455/455 699/755/755 700/756/756
f 82/455/455 700/756/756 701/757/757
f 702/480/480 738/476/476 701/757/757
f 701/757/757 738/476/476 734/758/758
f 701/757/757 734/758/758 82/455/455
f 82/455/455 734/758/758 735/464/464
f 708/730/730 709/520/520 75/423/423
f 712/524/524 705/732/732 452/454/454
f 716/743/743 717/508/508 433/499/499
f 730/509/509 717/508/508 729/748/748
f 729/748/748 717/508/508 718/749/749
f 74/759/76 73/760/75 413/761/759
f 413/761/759 73/760/75 95/762/760
f 413/761/759 95/762/760 414/763/761
f 414/763/761 95/762/760 94/764/762
f 414/763/761 94/764/762 415/765/763
f 415/765/763 94/764/762 93/766/764
f 415/765/763 93/766/764 416/767/765
f 416/767/765 93/766/764 92/768/766
f 416/767/765 92/768/766 417/769/767
f 417/769/767 92/768/766 91/770/768
f 417/769/767 91/770/768 88/771/87
f 88/771/87 91/770/768 89/772/88
f 87/773/89 90/774/90 418/775/769
f 418/775/769 90/774/90 110/776/770
f 418/775/769 110/776/770 419/777/771
f 419/777/771 110/776/770 109/778/772
f 419/777/771 109/778/772 420/779/773
f 420/779/773 109/778/772 108/780/774
f 420/779/773 108/780/774 421/781/775
f 421/781/775 108/780/774 107/782/776
f 421/781/775 107/782/776 422/783/777
f 422/783/777 107/782/776 106/784/778
f 422/783/777 106/784/778 83/785/85
f 83/785/85 106/784/778 84/786/86
f 81/787/81 86/788/83 423/789/779
f 423/789/779 86/788/83 105/790/780
f 423/789/779 105/790/780 424/791/781
f 424/791/781 105/790/780 104/792/782
f 424/791/781 104/792/782 425/793/783
f 425/793/783 104/792/782 103/794/784
f 425/793/783 103/794/784 426/795/785
f 426/795/785 103/794/784 102/796/786
f 426/795/785 102/796/786 427/797/787
f 427/797/787 102/796/786 101/798/788
f 427/797/787 101/798/788 78/799/77
f 78/799/77 101/798/788 79/800/78
f 77/801/79 80/802/80 428/803/789
f 428/803/789 80/802/80 100/804/790
f 428/803/789 100/804/790 429/805/791
f 429/805/791 100/804/790 99/806/792
f 429/805/791 99/806/792 430/807/793
f 430/807/793 99/806/792 98/808/794
f 430/807/793 98/808/794 431/809/795
f 431/809/795 98/808/794 97/810/796
f 431/809/795 97/810/796 432/811/797
f 432/811/797 97/810/796 96/812/798
f 432/811/797 96/812/798 76/813/73
f 76/813/73 96/812/798 71/814/71
f 408/815/799 734/816/800 409/817/801
f 409/817/801 734/816/800 738/818/802
f 734/819/803 408/820/804 735/821/805
f 735/821/805 408/820/804 412/822/806
f 735/821/805 412/822/806 736/823/807
f 736/823/807 412/822/806 411/824/808
f 736/823/807 411/824/808 737/825/809
f 737/825/809 411/824/808 410/826/810
f 737/825/809 410/826/810 738/827/811
f 738/827/811 410/826/810 409/828/812
f 730/829/813 407/830/814 731/831/815
f 731/831/815 407/830/814 406/832/816
f 731/831/815 406/832/816 732/833/817
f 732/833/817 406/832/816 405/834/818
f 732/833/817 405/834/818 733/835/819
f 733/835/819 405/834/818 404/836/820
f 733/835/819 404/836/820 729/837/821
f 729/837/821 404/836/820 403/838/822
f 407/839/823 730/840/824 403/841/825
f 403/841/825 730/840/824 729/842/826
f 722/843/827 398/844/828 723/845/829
f 723/845/829 398/844/828 397/846/830
f 723/845/829 397/846/830 724/847/831
f 724/847/831 397/846/830 396/848/832
f 724/847/831 396/848/832 725/849/833
f 725/849/833 396/848/832 395/850/834
f 402/851/835 726/852/836 395/853/837
f 395/853/837 726/852/836 725/854/838
f 726/855/839 402/856/840 727/857/841
f 727/857/841 402/856/840 401/858/842
f 727/857/841 401/858/842 728/859/843
f 728/859/843 401/858/842 400/860/844
f 728/859/843 400/860/844 721/861/845
f 721/861/845 400/860/844 399/862/846
f 398/863/847 722/864/848 399/865/849
f 399/865/849 722/864/848 721/866/850
f 714/867/851 390/868/852 715/869/853
f 715/869/853 390/868/852 389/870/854
f 715/869/853 389/870/854 716/871/855
f 716/871/855 389/870/854 388/872/856
f 716/871/855 388/872/856 717/873/857
f 717/873/857 388/872/856 387/874/858
f 394/875/859 718/876/860 387/877/861
f 387/877/861 718/876/860 717/878/862
f 718/879/863 394/880/864 719/881/865
f 719/881/865 394/880/864 393/882/866
f 719/881/865 393/882/866 720/883/867
f 720/883/867 393/882/866 392/884/868
f 720/883/867 392/884/868 713/885/869
f 713/885/869 392/884/868 391/886/870
f 390/887/871 714/888/872 391/889/873
f 391/889/873 714/888/872 713/890/874
f 706/891/875 382/892/876 707/893/877
f 707/893/877 382/892/876 381/894/878
f 707/893/877 381/894/878 708/895/879
f 708/895/879 381/894/878 380/896/880
f 708/895/879 380/896/880 709/897/881
f 709/897/881 380/896/880 379/898/882
f 386/899/883 710/900/884 379/901/885
f 379/901/885 710/900/884 709/902/886
f 710/903/887 386/904/888 711/905/889
f 711/905/889 386/904/888 385/906/890
f 711/905/889 385/906/890 712/907/891
f 712/907/891 385/906/890 384/908/892
f 712/907/891 384/908/892 705/909/893
f 705/909/893 384/908/892 383/910/894
f 382/911/895 706/912/896 383/913/897
f 383/913/897 706/912/896 705/914/898
f 698/915/899 374/916/900 699/917/901
f 699/917/901 374/916/900 373/918/902
f 699/917/901 373/918/902 700/919/903
f 700/919/903 373/918/902 372/920/904
f 700/919/903 372/920/904 701/921/905
f 701/921/905 372/920/904 371/922/906
f 378/923/907 702/924/908 371/925/909
f 371/925/909 702/924/908 701/926/910
f 702/927/911 378/928/912 703/929/913
f 703/929/913 378/928/912 377/930/914
f 703/929/913 377/930/914 704/931/915
f 704/931/915 377/930/914 376/932/916
f 704/931/915 376/932/916 697/933/917
f 697/933/917 376/932/916 375/934/918
f 374/935/919 698/936/920 375/937/921
f 375/937/921 698/936/920 697/938/922
f 690/939/923 366/940/924 691/941/925
f 691/941/925 366/940/924 365/942/926
f 691/941/925 365/942/926 692/943/927
f 692/943/927 365/942/926 364/944/928
f 692/943/927 364/944/928 693/945/929
f 693/945/929 364/944/928 363/946/930
f 370/947/931 694/948/932 363/949/933
f 363/949/933 694/948/932 693/950/934
f 694/951/935 370/952/936 695/953/937
f 695/953/937 370/952/936 369/954/938
f 695/953/937 369/954/938 696/955/939
f 696/955/939 369/954/938 368/956/940
f 696/955/939 368/956/940 689/957/941
f 689/957/941 368/956/940 367/958/942
f 366/959/943 690/960/944 367/961/945
f 367/961/945 690/960/944 689/962/946
f 682/963/947 358/964/948 683/965/949
f 683/965/949 358/964/948 357/966/950
f 683/965/949 357/966/950 684/967/951
f 684/967/951 357/966/950 356/968/952
f 684/967/951 356/968/952 685/969/953
f 685/969/953 356/968/952 355/970/954
f 362/971/955 686/972/956 355/973/957
f 355/973/957 686/972/956 685/974/958
f 686/975/959 362/976/960 687/977/961
f 687/977/961 362/976/960 361/978/962
f 687/977/961 361/978/962 688/979/963
f 688/979/963 361/978/962 360/980/964
f 688/979/963 360/980/964 681/981/965
f 681/981/965 360/980/964 359/982/966
f 358/983/967 682/984/968 359/985/969
f 359/985/969 682/984/968 681/986/970
f 343/987/971 638/988/972 344/989/973
f 344/989/973 638/988/972 637/990/974
f 336/991/975 645/992/976 337/993/977
f 337/993/977 645/992/976 644/994/978
f 651/995/979 330/996/980 652/997/981
f 652/997/981 330/996/980 329/998/982
f 655/999/983 326/1000/984 656/1001/985
f 656/1001/985 326/1000/984 325/1002/986
f 321/1003/987 660/1004/988 322/1005/989
f 322/1005/989 660/1004/988 659/1006/990
f 317/1007/991 664/1008/992 318/1009/993
f 318/1009/993 664/1008/992 663/1010/994
f 313/1011/995 668/1012/996 314/1013/997
f 314/1013/997 668/1012/996 667/1014/998
f 306/1015/999 675/1016/1000 307/1017/1001
f 307/1017/1001 675/1016/1000 674/1018/1002
f 299/1019/1003 622/1020/1004 300/1021/1005
f 300/1021/1005 622/1020/1004 621/1022/1006
f 295/1023/1007 626/1024/1008 296/1025/1009
f 296/1025/1009 626/1024/1008 625/1026/1010
f 629/1027/1011 352/1028/1012 630/1029/1013
f 630/1029/1013 352/1028/1012 351/1030/1014
f 633/1031/1015 348/1032/1016 634/1033/1017
f 634/1033/1017 348/1032/1016 347/1034/1018
f 626/1035/1008 295/1036/1007 627/1037/1019
f 627/1037/1019 295/1036/1007 354/1038/1020
f 627/1037/1019 354/1038/1020 628/1039/1021
f 628/1039/1021 354/1038/1020 353/1040/1022
f 628/1039/1021 353/1040/1022 629/1041/1011
f 629/1041/1011 353/1040/1022 352/1042/1012
f 622/1043/1004 299/1044/1003 623/1045/1023
f 623/1045/1023 299/1044/1003 298/1046/1024
f 623/1045/1023 298/1046/1024 624/1047/1025
f 624/1047/1025 298/1046/1024 297/1048/1026
f 624/1047/1025 297/1048/1026 625/1049/1010
f 625/1049/1010 297/1048/1026 296/1050/1009
f 675/1051/1000 306/1052/999 676/1053/1027
f 676/1053/1027 306/1052/999 305/1054/1028
f 676/1053/1027 305/1054/1028 677/1055/1029
f 677/1055/1029 305/1054/1028 304/1056/1030
f 677/1055/1029 304/1056/1030 678/1057/1031
f 678/1057/1031 304/1056/1030 303/1058/1032
f 678/1057/1031 303/1058/1032 679/1059/1033
f 679/1059/1033 303/1058/1032 302/1060/1034
f 679/1059/1033 302/1060/1034 680/1061/1035
f 680/1061/1035 302/1060/1034 301/1062/1036
f 680/1061/1035 301/1062/1036 621/1063/1006
f 621/1063/1006 301/1062/1036 300/1064/1005
f 668/1065/996 313/1066/995 669/1067/1037
f 669/1067/1037 313/1066/995 312/1068/1038
f 669/1067/1037 312/1068/1038 670/1069/1039
f 670/1069/1039 312/1068/1038 311/1070/1040
f 670/1069/1039 311/1070/1040 671/1071/1041
f 671/1071/1041 311/1070/1040 310/1072/1042
f 671/1071/1041 310/1072/1042 672/1073/1043
f 672/1073/1043 310/1072/1042 309/1074/1044
f 672/1073/1043 309/1074/1044 673/1075/1045
f 673/1075/1045 309/1074/1044 308/1076/1046
f 673/1075/1045 308/1076/1046 674/1077/1002
f 674/1077/1002 308/1076/1046 307/1078/1001
f 664/1079/992 317/1080/991 665/1081/1047
f 665/1081/1047 317/1080/991 316/1082/1048
f 665/1081/1047 316/1082/1048 666/1083/1049
f 666/1083/1049 316/1082/1048 315/1084/1050
f 666/1083/1049 315/1084/1050 667/1085/998
f 667/1085/998 315/1084/1050 314/1086/997
f 660/1087/988 321/1088/987 661/1089/1051
f 661/1089/1051 321/1088/987 320/1090/1052
f 661/1089/1051 320/1090/1052 662/1091/1053
f 662/1091/1053 320/1090/1052 319/1092/1054
f 662/1091/1053 319/1092/1054 663/1093/994
f 663/1093/994 319/1092/1054 318/1094/993
f 645/1095/976 336/1096/975 646/1097/1055
f 646/1097/1055 336/1096/975 335/1098/1056
f 646/1097/1055 335/1098/1056 647/1099/1057
f 647/1099/1057 335/1098/1056 334/1100/1058
f 647/1099/1057 334/1100/1058 648/1101/1059
f 648/1101/1059 334/1100/1058 333/1102/1060
f 648/1101/1059 333/1102/1060 649/1103/1061
f 649/1103/1061 333/1102/1060 332/1104/1062
f 649/1103/1061 332/1104/1062 650/1105/1063
f 650/1105/1063 332/1104/1062 331/1106/1064
f 650/1105/1063 331/1106/1064 651/1107/979
f 651/1107/979 331/1106/1064 330/1108/980
f 638/1109/972 343/1110/971 639/1111/1065
f 639/1111/1065 343/1110/971 342/1112/1066
f 639/1111/1065 342/1112/1066 640/1113/1067
f 640/1113/1067 342/1112/1066 341/1114/1068
f 640/1113/1067 341/1114/1068 641/1115/1069
f 641/1115/1069 341/1114/1068 340/1116/1070
f 641/1115/1069 340/1116/1070 642/1117/1071
f 642/1117/1071 340/1116/1070 339/1118/1072
f 642/1117/1071 339/1118/1072 643/1119/1073
f 643/1119/1073 339/1118/1072 338/1120/1074
f 643/1119/1073 338/1120/1074 644/1121/978
f 644/1121/978 338/1120/1074 337/1122/977
f 652/1123/981 329/1124/982 653/1125/1075
f 653/1125/1075 329/1124/982 328/1126/1076
f 653/1125/1075 328/1126/1076 654/1127/1077
f 654/1127/1077 328/1126/1076 327/1128/1078
f 654/1127/1077 327/1128/1078 655/1129/983
f 655/1129/983 327/1128/1078 326/1130/984
f 656/1131/985 325/1132/986 657/1133/1079
f 657/1133/1079 325/1132/986 324/1134/1080
f 657/1133/1079 324/1134/1080 658/1135/1081
f 658/1135/1081 324/1134/1080 323/1136/1082
f 658/1135/1081 323/1136/1082 659/1137/990
f 659/1137/990 323/1136/1082 322/1138/989
f 630/1139/1013 351/1140/1014 631/1141/1083
f 631/1141/1083 351/1140/1014 350/1142/1084
f 631/1141/1083 350/1142/1084 632/1143/1085
f 632/1143/1085 350/1142/1084 349/1144/1086
f 632/1143/1085 349/1144/1086 633/1145/1015
f 633/1145/1015 349/1144/1086 348/1146/1016
f 634/1147/1017 347/1148/1018 635/1149/1087
f 635/1149/1087 347/1148/1018 346/1150/1088
f 635/1149/1087 346/1150/1088 636/1151/1089
f 636/1151/1089 346/1150/1088 345/1152/1090
f 636/1151/1089 345/1152/1090 637/1153/974
f 637/1153/974 345/1152/1090 344/1154/973
f 294/1155/1091 610/1156/1092 271/1157/1093
f 271/1157/1093 610/1156/1092 609/1158/1094
f 271/1157/1093 609/1158/1094 272/1159/1095
f 272/1159/1095 609/1158/1094 608/1160/1096
f 272/1159/1095 608/1160/1096 273/1161/1097
f 273/1161/1097 608/1160/1096 607/1162/1098
f 273/1161/1097 607/1162/1098 274/1163/1099
f 274/1163/1099 607/1162/1098 606/1164/1100
f 274/1163/1099 606/1164/1100 275/1165/1101
f 275/1165/1101 606/1164/1100 605/1166/1102
f 275/1165/1101 605/1166/1102 276/1167/1103
f 276/1167/1103 605/1166/1102 604/1168/1104
f 276/1167/1103 604/1168/1104 277/1169/1105
f 277/1169/1105 604/1168/1104 603/1170/1106
f 277/1169/1105 603/1170/1106 278/1171/1107
f 278/1171/1107 603/1170/1106 602/1172/1108
f 278/1171/1107 602/1172/1108 279/1173/1109
f 279/1173/1109 602/1172/1108 601/1174/1110
f 279/1173/1109 601/1174/1110 280/1175/1111
f 280/1175/1111 601/1174/1110 600/1176/1112
f 280/1175/1111 600/1176/1112 281/1177/1113
f 281/1177/1113 600/1176/1112 599/1178/1114
f 281/1177/1113 599/1178/1114 282/1179/1115
f 282/1179/1115 599/1178/1114 598/1180/1116
f 282/1179/1115 598/1180/1116 283/1181/1117
f 283/1181/1117 598/1180/1116 597/1182/1118
f 283/1183/1117 597/1184/1118 284/1185/1119
f 284/1185/1119 597/1184/1118 620/1186/1120
f 284/1185/1119 620/1186/1120 285/1187/1121
f 285/1187/1121 620/1186/1120 619/1188/1122
f 285/1187/1121 619/1188/1122 286/1189/1123
f 286/1189/1123 619/1188/1122 618/1190/1124
f 286/1189/1123 618/1190/1124 287/1191/1125
f 287/1191/1125 618/1190/1124 617/1192/1126
f 287/1191/1125 617/1192/1126 288/1193/1127
f 288/1193/1127 617/1192/1126 616/1194/1128
f 288/1193/1127 616/1194/1128 289/1195/1129
f 289/1195/1129 616/1194/1128 615/1196/1130
f 289/1195/1129 615/1196/1130 290/1197/1131
f 290/1197/1131 615/1196/1130 614/1198/1132
f 290/1197/1131 614/1198/1132 291/1199/1133
f 291/1199/1133 614/1198/1132 613/1200/1134
f 291/1199/1133 613/1200/1134 292/1201/1135
f 292/1201/1135 613/1200/1134 612/1202/1136
f 292/1201/1135 612/1202/1136 293/1203/1137
f 293/1203/1137 612/1202/1136 611/1204/1138
f 293/1203/1137 611/1204/1138 294/1155/1091
f 294/1155/1091 611/1204/1138 610/1156/1092
f 270/1205/1139 586/1206/1140 247/1207/1141
f 247/1207/1141 586/1206/1140 585/1208/1142
f 247/1207/1141 585/1208/1142 248/1209/1143
f 248/1209/1143 585/1208/1142 584/1210/1144
f 248/1209/1143 584/1210/1144 249/1211/1145
f 249/1211/1145 584/1210/1144 583/1212/1146
f 249/1211/1145 583/1212/1146 250/1213/1147
f 250/1213/1147 583/1212/1146 582/1214/1148
f 250/1213/1147 582/1214/1148 251/1215/1149
f 251/1215/1149 582/1214/1148 581/1216/1150
f 251/1215/1149 581/1216/1150 252/1217/1151
f 252/1217/1151 581/1216/1150 580/1218/1152
f 252/1217/1151 580/1218/1152 253/1219/1153
f 253/1219/1153 580/1218/1152 579/1220/1154
f 253/1219/1153 579/1220/1154 254/1221/1155
f 254/1221/1155 579/1220/1154 578/1222/1156
f 254/1221/1155 578/1222/1156 255/1223/1157
f 255/1223/1157 578/1222/1156 577/1224/1158
f 255/1223/1157 577/1224/1158 256/1225/1159
f 256/1225/1159 577/1224/1158 576/1226/1160
f 256/1225/1159 576/1226/1160 257/1227/1161
f 257/1227/1161 576/1226/1160 575/1228/1162
f 257/1227/1161 575/1228/1162 258/1229/1163
f 258/1229/1163 575/1228/1162 574/1230/1164
f 258/1229/1163 574/1230/1164 259/1231/1165
f 259/1231/1165 574/1230/1164 573/1232/1166
f 259/1233/1165 573/1234/1166 260/1235/1167
f 260/1235/1167 573/1234/1166 596/1236/1168
f 260/1235/1167 596/1236/1168 261/1237/1169
f 261/1237/1169 596/1236/1168 595/1238/1170
f 261/1237/1169 595/1238/1170 262/1239/1171
f 262/1239/1171 595/1238/1170 594/1240/1172
f 262/1239/1171 594/1240/1172 263/1241/1173
f 263/1241/1173 594/1240/1172 593/1242/1174
f 263/1241/1173 593/1242/1174 264/1243/1175
f 264/1243/1175 593/1242/1174 592/1244/1176
f 264/1243/1175 592/1244/1176 265/1245/1177
f 265/1245/1177 592/1244/1176 591/1246/1178
f 265/1245/1177 591/1246/1178 266/1247/1179
f 266/1247/1179 591/1246/1178 590/1248/1180
f 266/1247/1179 590/1248/1180 267/1249/1181
f 267/1249/1181 590/1248/1180 589/1250/1182
f 267/1249/1181 589/1250/1182 268/1251/1183
f 268/1251/1183 589/1250/1182 588/1252/1184
f 268/1251/1183 588/1252/1184 269/1253/1185
f 269/1253/1185 588/1252/1184 587/1254/1186
f 269/1253/1185 587/1254/1186 270/1205/1139
f 270/1205/1139 587/1254/1186 586/1206/1140
f 246/1255/1187 562/1256/1188 223/1257/1189
f 223/1257/1189 562/1256/1188 561/1258/1190
f 223/1257/1189 561/1258/1190 224/1259/1191
f 224/1259/1191 561/1258/1190 560/1260/1192
f 224/1259/1191 560/1260/1192 225/1261/1193
f 225/1261/1193 560/1260/1192 559/1262/1194
f 225/1261/1193 559/1262/1194 226/1263/1195
f 226/1263/1195 559/1262/1194 558/1264/1196
f 226/1263/1195 558/1264/1196 227/1265/1197
f 227/1265/1197 558/1264/1196 557/1266/1198
f 227/1265/1197 557/1266/1198 228/1267/1199
f 228/1267/1199 557/1266/1198 556/1268/1200
f 228/1267/1199 556/1268/1200 229/1269/1201
f 229/1269/1201 556/1268/1200 555/1270/1202
f 229/1269/1201 555/1270/1202 230/1271/1203
f 230/1271/1203 555/1270/1202 554/1272/1204
f 230/1271/1203 554/1272/1204 231/1273/1205
f 231/1273/1205 554/1272/1204 553/1274/1206
f 231/1273/1205 553/1274/1206 232/1275/1207
f 232/1275/1207 553/1274/1206 552/1276/1208
f 232/1275/1207 552/1276/1208 233/1277/1209
f 233/1277/1209 552/1276/1208 551/1278/1210
f 233/1277/1209 551/1278/1210 234/1279/1211
f 234/1279/1211 551/1278/1210 550/1280/1212
f 234/1279/1211 550/1280/1212 235/1281/1213
f 235/1281/1213 550/1280/1212 549/1282/1214
f 235/1283/1213 549/1284/1214 236/1285/1215
f 236/1285/1215 549/1284/1214 572/1286/1216
f 236/1285/1215 572/1286/1216 237/1287/1217
f 237/1287/1217 572/1286/1216 571/1288/1218
f 237/1287/1217 571/1288/1218 238/1289/1219
f 238/1289/1219 571/1288/1218 570/1290/1220
f 238/1289/1219 570/1290/1220 239/1291/1221
f 239/1291/1221 570/1290/1220 569/1292/1222
f 239/1291/1221 569/1292/1222 240/1293/1223
f 240/1293/1223 569/1292/1222 568/1294/1224
f 240/1293/1223 568/1294/1224 241/1295/1225
f 241/1295/1225 568/1294/1224 567/1296/1226
f 241/1295/1225 567/1296/1226 242/1297/1227
f 242/1297/1227 567/1296/1226 566/1298/1228
f 242/1297/1227 566/1298/1228 243/1299/1229
f 243/1299/1229 566/1298/1228 565/1300/1230
f 243/1299/1229 565/1300/1230 244/1301/1231
f 244/1301/1231 565/1300/1230 564/1302/1232
f 244/1301/1231 564/1302/1232 245/1303/1233
f 245/1303/1233 564/1302/1232 563/1304/1234
f 245/1303/1233 563/1304/1234 246/1255/1187
f 246/1255/1187 563/1304/1234 562/1256/1188
f 222/1305/1235 538/1306/1236 199/1307/1237
f 199/1307/1237 538/1306/1236 537/1308/1238
f 199/1307/1237 537/1308/1238 200/1309/1239
f 200/1309/1239 537/1308/1238 536/1310/1240
f 200/1309/1239 536/1310/1240 201/1311/1241
f 201/1311/1241 536/1310/1240 535/1312/1242
f 201/1311/1241 535/1312/1242 202/1313/1243
f 202/1313/1243 535/1312/1242 534/1314/1244
f 202/1313/1243 534/1314/1244 203/1315/1245
f 203/1315/1245 534/1314/1244 533/1316/1246
f 203/1315/1245 533/1316/1246 204/1317/1247
f 204/1317/1247 533/1316/1246 532/1318/1248
f 204/1317/1247 532/1318/1248 205/1319/1249
f 205/1319/1249 532/1318/1248 531/1320/1250
f 205/1319/1249 531/1320/1250 206/1321/1251
f 206/1321/1251 531/1320/1250 530/1322/1252
f 206/1321/1251 530/1322/1252 207/1323/1253
f 207/1323/1253 530/1322/1252 529/1324/1254
f 207/1323/1253 529/1324/1254 208/1325/1255
f 208/1325/1255 529/1324/1254 528/1326/1256
f 208/1325/1255 528/1326/1256 209/1327/1257
f 209/1327/1257 528/1326/1256 527/1328/1258
f 209/1327/1257 527/1328/1258 210/1329/1259
f 210/1329/1259 527/1328/1258 526/1330/1260
f 210/1329/1259 526/1330/1260 211/1331/1261
f 211/1331/1261 526/1330/1260 525/1332/1262
f 211/1333/1261 525/1334/1262 212/1335/1263
f 212/1335/1263 525/1334/1262 548/1336/1264
f 212/1335/1263 548/1336/1264 213/1337/1265
f 213/1337/1265 548/1336/1264 547/1338/1266
f 213/1337/1265 547/1338/1266 214/1339/1267
f 214/1339/1267 547/1338/1266 546/1340/1268
f 214/1339/1267 546/1340/1268 215/1341/1269
f 215/1341/1269 546/1340/1268 545/1342/1270
f 215/1341/1269 545/1342/1270 216/1343/1271
f 216/1343/1271 545/1342/1270 544/1344/1272
f 216/1343/1271 544/1344/1272 217/1345/1273
f 217/1345/1273 544/1344/1272 543/1346/1274
f 217/1345/1273 543/1346/1274 218/1347/1275
f 218/1347/1275 543/1346/1274 542/1348/1276
f 218/1347/1275 542/1348/1276 219/1349/1277
f 219/1349/1277 542/1348/1276 541/1350/1278
f 219/1349/1277 541/1350/1278 220/1351/1279
f 220/1351/1279 541/1350/1278 540/1352/1280
f 220/1351/1279 540/1352/1280 221/1353/1281
f 221/1353/1281 540/1352/1280 539/1354/1282
f 221/1353/1281 539/1354/1282 222/1305/1235
f 222/1305/1235 539/1354/1282 538/1306/1236
f 524/1355/1283 176/1356/1284 501/1357/1285
f 501/1357/1285 176/1356/1284 175/1358/1286
f 501/1357/1285 175/1358/1286 502/1359/1287
f 502/1359/1287 175/1358/1286 198/1360/1288
f 502/1359/1287 198/1360/1288 503/1361/1289
f 503/1361/1289 198/1360/1288 197/1362/1290
f 503/1361/1289 197/1362/1290 504/1363/1291
f 504/1363/1291 197/1362/1290 196/1364/1292
f 504/1363/1291 196/1364/1292 505/1365/1293
f 505/1365/1293 196/1364/1292 195/1366/1294
f 505/1365/1293 195/1366/1294 506/1367/1295
f 506/1367/1295 195/1366/1294 194/1368/1296
f 506/1367/1295 194/1368/1296 507/1369/1297
f 507/1369/1297 194/1368/1296 193/1370/1298
f 507/1369/1297 193/1370/1298 508/1371/1299
f 508/1371/1299 193/1370/1298 192/1372/1300
f 508/1371/1299 192/1372/1300 509/1373/1301
f 509/1373/1301 192/1372/1300 191/1374/1302
f 509/1373/1301 191/1374/1302 510/1375/1303
f 510/1375/1303 191/1374/1302 190/1376/1304
f 510/1375/1303 190/1376/1304 511/1377/1305
f 511/1377/1305 190/1376/1304 189/1378/1306
f 511/1377/1305 189/1378/1306 512/1379/1307
f 512/1379/1307 189/1378/1306 188/1380/1308
f 512/1379/1307 188/1380/1308 513/1381/1309
f 513/1381/1309 188/1380/1308 187/1382/1310
f 513/1383/1309 187/1384/1310 514/1385/1311
f 514/1385/1311 187/1384/1310 186/1386/1312
f 514/1385/1311 186/1386/1312 515/1387/1313
f 515/1387/1313 186/1386/1312 185/1388/1314
f 515/1387/1313 185/1388/1314 516/1389/1315
f 516/1389/1315 185/1388/1314 184/1390/1316
f 516/1389/1315 184/1390/1316 517/1391/1317
f 517/1391/1317 184/1390/1316 183/1392/1318
f 517/1391/1317 183/1392/1318 518/1393/1319
f 518/1393/1319 183/1392/1318 182/1394/1320
f 518/1393/1319 182/1394/1320 519/1395/1321
f 519/1395/1321 182/1394/1320 181/1396/1322
f 519/1395/1321 181/1396/1322 520/1397/1323
f 520/1397/1323 181/1396/1322 180/1398/1324
f 520/1397/1323 180/1398/1324 521/1399/1325
f 521/1399/1325 180/1398/1324 179/1400/1326
f 521/1399/1325 179/1400/1326 522/1401/1327
f 522/1401/1327 179/1400/1326 178/1402/1328
f 522/1401/1327 178/1402/1328 523/1403/1329
f 523/1403/1329 178/1402/1328 177/1404/1330
f 523/1403/1329 177/1404/1330 524/1355/1283
f 524/1355/1283 177/1404/1330 176/1356/1284
f 174/1405/1331 490/1406/1332 151/1407/1333
f 151/1407/1333 490/1406/1332 489/1408/1334
f 151/1407/1333 489/1408/1334 152/1409/1335
f 152/1409/1335 489/1408/1334 488/1410/1336
f 152/1409/1335 488/1410/1336 153/1411/1337
f 153/1411/1337 488/1410/1336 487/1412/1338
f 153/1411/1337 487/1412/1338 154/1413/1339
f 154/1413/1339 487/1412/1338 486/1414/1340
f 154/1413/1339 486/1414/1340 155/1415/1341
f 155/1415/1341 486/1414/1340 485/1416/1342
f 155/1415/1341 485/1416/1342 156/1417/1343
f 156/1417/1343 485/1416/1342 484/1418/1344
f 156/1417/1343 484/1418/1344 157/1419/1345
f 157/1419/1345 484/1418/1344 483/1420/1346
f 157/1419/1345 483/1420/1346 158/1421/1347
f 158/1421/1347 483/1420/1346 482/1422/1348
f 158/1421/1347 482/1422/1348 159/1423/1349
f 159/1423/1349 482/1422/1348 481/1424/1350
f 159/1423/1349 481/1424/1350 160/1425/1351
f 160/1425/1351 481/1424/1350 480/1426/1352
f 160/1425/1351 480/1426/1352 161/1427/1353
f 161/1427/1353 480/1426/1352 479/1428/1354
f 161/1427/1353 479/1428/1354 162/1429/1355
f 162/1429/1355 479/1428/1354 478/1430/1356
f 162/1429/1355 478/1430/1356 163/1431/1357
f 163/1431/1357 478/1430/1356 477/1432/1358
f 163/1433/1357 477/1434/1358 164/1435/1359
f 164/1435/1359 477/1434/1358 500/1436/1360
f 164/1435/1359 500/1436/1360 165/1437/1361
f 165/1437/1361 500/1436/1360 499/1438/1362
f 165/1437/1361 499/1438/1362 166/1439/1363
f 166/1439/1363 499/1438/1362 498/1440/1364
f 166/1439/1363 498/1440/1364 167/1441/1365
f 167/1441/1365 498/1440/1364 497/1442/1366
f 167/1441/1365 497/1442/1366 168/1443/1367
f 168/1443/1367 497/1442/1366 496/1444/1368
f 168/1443/1367 496/1444/1368 169/1445/1369
f 169/1445/1369 496/1444/1368 495/1446/1370
f 169/1445/1369 495/1446/1370 170/1447/1371
f 170/1447/1371 495/1446/1370 494/1448/1372
f 170/1447/1371 494/1448/1372 171/1449/1373
f 171/1449/1373 494/1448/1372 493/1450/1374
f 171/1449/1373 493/1450/1374 172/1451/1375
f 172/1451/1375 493/1450/1374 492/1452/1376
f 172/1451/1375 492/1452/1376 173/1453/1377
f 173/1453/1377 492/1452/1376 491/1454/1378
f 173/1453/1377 491/1454/1378 174/1405/1331
f 174/1405/1331 491/1454/1378 490/1406/1332
f 150/1455/1379 466/1456/1380 127/1457/1381
f 127/1457/1381 466/1456/1380 465/1458/1382
f 127/1457/1381 465/1458/1382 128/1459/1383
f 128/1459/1383 465/1458/1382 464/1460/1384
f 128/1459/1383 464/1460/1384 129/1461/1385
f 129/1461/1385 464/1460/1384 463/1462/1386
f 129/1461/1385 463/1462/1386 130/1463/1387
f 130/1463/1387 463/1462/1386 462/1464/1388
f 130/1463/1387 462/1464/1388 131/1465/1389
f 131/1465/1389 462/1464/1388 461/1466/1390
f 131/1465/1389 461/1466/1390 132/1467/1391
f 132/1467/1391 461/1466/1390 460/1468/1392
f 132/1467/1391 460/1468/1392 133/1469/1393
f 133/1469/1393 460/1468/1392 459/1470/1394
f 133/1469/1393 459/1470/1394 134/1471/1395
f 134/1471/1395 459/1470/1394 458/1472/1396
f 134/1471/1395 458/1472/1396 135/1473/1397
f 135/1473/1397 458/1472/1396 457/1474/1398
f 135/1473/1397 457/1474/1398 136/1475/1399
f 136/1475/1399 457/1474/1398 456/1476/1400
f 136/1475/1399 456/1476/1400 137/1477/1401
f 137/1477/1401 456/1476/1400 455/1478/1402
f 137/1477/1401 455/1478/1402 138/1479/1403
f 138/1479/1403 455/1478/1402 454/1480/1404
f 138/1479/1403 454/1480/1404 139/1481/1405
f 139/1481/1405 454/1480/1404 453/1482/1406
f 139/1483/1405 453/1484/1406 140/1485/1407
f 140/1485/1407 453/1484/1406 476/1486/1408
f 140/1485/1407 476/1486/1408 141/1487/1409
f 141/1487/1409 476/1486/1408 475/1488/1410
f 141/1487/1409 475/1488/1410 142/1489/1411
f 142/1489/1411 475/1488/1410 474/1490/1412
f 142/1489/1411 474/1490/1412 143/1491/1413
f 143/1491/1413 474/1490/1412 473/1492/1414
f 143/1491/1413 473/1492/1414 144/1493/1415
f 144/1493/1415 473/1492/1414 472/1494/1416
f 144/1493/1415 472/1494/1416 145/1495/1417
f 145/1495/1417 472/1494/1416 471/1496/1418
f 145/1495/1417 471/1496/1418 146/1497/1419
f 146/1497/1419 471/1496/1418 470/1498/1420
f 146/1497/1419 470/1498/1420 147/1499/1421
f 147/1499/1421 470/1498/1420 469/1500/1422
f 147/1499/1421 469/1500/1422 148/1501/1423
f 148/1501/1423 469/1500/1422 468/1502/1424
f 148/1501/1423 468/1502/1424 149/1503/1425
f 149/1503/1425 468/1502/1424 467/1504/1426
f 149/1503/1425 467/1504/1426 150/1455/1379
f 150/1455/1379 467/1504/1426 466/1456/1380
f 450/1505/1427 124/1506/1428 451/1507/1429
f 451/1507/1429 124/1506/1428 123/1508/1430
f 451/1509/1431 123/1510/1432 452/1511/1433
f 452/1511/1433 123/1510/1432 126/1512/1434
f 452/1513/1435 126/1514/1436 449/1515/1437
f 449/1515/1437 126/1514/1436 125/1516/1438
f 449/1517/1439 125/1518/1440 450/1519/1441
f 450/1519/1441 125/1518/1440 124/1520/1442
f 446/1521/1443 120/1522/1444 447/1523/1445
f 447/1523/1445 120/1522/1444 119/1524/1446
f 447/1525/1447 119/1526/1448 448/1527/1449
f 448/1527/1449 119/1526/1448 122/1528/1450
f 448/1529/1451 122/1530/1452 445/1531/1453
f 445/1531/1453 122/1530/1452 121/1532/1454
f 445/1533/1455 121/1534/1456 446/1535/1457
f 446/1535/1457 121/1534/1456 120/1536/1458
f 442/1537/1459 116/1538/1460 443/1539/1461
f 443/1539/1461 116/1538/1460 115/1540/1462
f 443/1541/1463 115/1542/1464 444/1543/1465
f 444/1543/1465 115/1542/1464 118/1544/1466
f 444/1545/1467 118/1546/1468 441/1547/1469
f 441/1547/1469 118/1546/1468 117/1548/1470
f 441/1549/1471 117/1550/1472 442/1551/1473
f 442/1551/1473 117/1550/1472 116/1552/1474
f 438/1553/1475 112/1554/1476 439/1555/1477
f 439/1555/1477 112/1554/1476 111/1556/1478
f 439/1557/1479 111/1558/1480 440/1559/1481
f 440/1559/1481 111/1558/1480 114/1560/1482
f 440/1561/1483 114/1562/1484 437/1563/1485
f 437/1563/1485 114/1562/1484 113/1564/1486
f 437/1565/1487 113/1566/1488 438/1567/1489
f 438/1567/1489 113/1566/1488 112/1568/1490
f 1/1569/1491 739/1570/1492 2/1571/1493
f 2/1571/1493 739/1570/1492 740/1572/1494
f 4/1573/1495 741/1574/1496 1/1575/1497
f 1/1575/1497 741/1574/1496 739/1576/1498
f 3/1577/1499 742/1578/1500 4/1579/1501
f 4/1579/1501 742/1578/1500 741/1580/1502
f 434/1581/1503 743/1582/1504 435/1583/1505
f 435/1583/1505 743/1582/1504 744/1584/1506
f 433/1585/1507 745/1586/1508 434/1587/1509
f 434/1587/1509 745/1586/1508 743/1588/1510
f 436/1589/1511 746/1590/1512 433/1591/1513
f 433/1591/1513 746/1590/1512 745/1592/1514
f 435/1593/1515 744/1594/1516 436/1595/1517
f 436/1595/1517 744/1594/1516 746/1596/1518
f 2/1597/1519 740/1598/1520 3/1599/1521
f 3/1599/1521 740/1598/1520 742/1600/1522
f 746/1601/1523 744/1602/1524 739/1603/1525
f 739/1603/1525 744/1602/1524 743/1604/1526
f 739/1603/1525 743/1604/1526 740/1605/1527
f 740/1605/1527 743/1604/1526 745/1606/1528
f 740/1605/1527 745/1606/1528 742/1607/1529
f 742/1607/1529 745/1606/1528 746/1601/1523
f 742/1607/1529 746/1601/1523 741/1608/1530
f 741/1608/1530 746/1601/1523 739/1603/1525
f 747/1609/1531 748/1610/1532 780/1611/1533
f 780/1611/1533 748/1610/1532 779/1612/1534
f 779/1612/1534 748/1610/1532 749/1613/1535
f 779/1612/1534 749/1613/1535 778/1614/1536
f 778/1614/1536 749/1613/1535 750/1615/1537
f 778/1614/1536 750/1615/1537 777/1616/1538
f 777/1616/1538 750/1615/1537 751/1617/1539
f 777/1616/1538 751/1617/1539 776/1618/1540
f 776/1618/1540 751/1617/1539 752/1619/1541
f 776/1618/1540 752/1619/1541 775/1620/1542
f 775/1620/1542 752/1619/1541 753/1621/1543
f 775/1620/1542 753/1621/1543 774/1622/1544
f 774/1622/1544 753/1621/1543 754/1623/1545
f 774/1622/1544 754/1623/1545 773/1624/1546
f 773/1624/1546 754/1623/1545 755/1625/1547
f 773/1624/1546 755/1625/1547 772/1626/1548
f 772/1626/1548 755/1625/1547 756/1627/1549
f 772/1626/1548 756/1627/1549 771/1628/1550
f 771/1628/1550 756/1627/1549 757/1629/1551
f 771/1628/1550 757/1629/1551 770/1630/1552
f 770/1630/1552 757/1629/1551 758/1631/1553
f 770/1630/1552 758/1631/1553 769/1632/1554
f 769/1632/1554 758/1631/1553 759/1633/1555
f 769/1632/1554 759/1633/1555 768/1634/1556
f 768/1634/1556 759/1633/1555 760/1635/1557
f 768/1634/1556 760/1635/1557 767/1636/1558
f 767/1636/1558 760/1635/1557 761/1637/1559
f 767/1636/1558 761/1637/1559 766/1638/1560
f 766/1638/1560 761/1637/1559 762/1639/1561
f 766/1638/1560 762/1639/1561 765/1640/1562
f 765/1640/1562 762/1639/1561 763/1641/1563
f 765/1640/1562 763/1641/1563 764/1642/1564
f 781/1643/1565 782/1644/1566 814/1645/1567
f 814/1645/1567 782/1644/1566 813/1646/1568
f 813/1646/1568 782/1644/1566 783/1647/1569
f 813/1646/1568 783/1647/1569 812/1648/1570
f 812/1648/1570 783/1647/1569 784/1649/1571
f 812/1648/1570 784/1649/1571 811/1650/1572
f 811/1650/1572 784/1649/1571 785/1651/1573
f 811/1650/1572 785/1651/1573 810/1652/1574
f 810/1652/1574 785/1651/1573 786/1653/1575
f 810/1652/1574 786/1653/1575 809/1654/1576
f 809/1654/1576 786/1653/1575 787/1655/1577
f 809/1654/1576 787/1655/1577 808/1656/1578
f 808/1656/1578 787/1655/1577 788/1657/1579
f 808/1656/1578 788/1657/1579 807/1658/1580
f 807/1658/1580 788/1657/1579 789/1659/1581
f 807/1658/1580 789/1659/1581 806/1660/1582
f 806/1660/1582 789/1659/1581 790/1661/1583
f 806/1660/1582 790/1661/1583 805/1662/1584
f 805/1662/1584 790/1661/1583 791/1663/1585
f 805/1662/1584 791/1663/1585 804/1664/1586
f 804/1664/1586 791/1663/1585 792/1665/1587
f 804/1664/1586 792/1665/1587 803/1666/1588
f 803/1666/1588 792/1665/1587 793/1667/1589
f 803/1666/1588 793/1667/1589 802/1668/1590
f 802/1668/1590 793/1667/1589 794/1669/1591
f 802/1668/1590 794/1669/1591 801/1670/1592
f 801/1670/1592 794/1669/1591 795/1671/1593
f 801/1670/1592 795/1671/1593 800/1672/1594
f 800/1672/1594 795/1671/1593 796/1673/1595
f 800/1672/1594 796/1673/1595 799/1674/1596
f 799/1674/1596 796/1673/1595 797/1675/1597
f 799/1674/1596 797/1675/1597 798/1676/1598
f 41/1677/1599 40/1678/1600 819/1679/1601
f 819/1679/1601 40/1678/1600 818/1680/1602
f 818/1680/1602 40/1678/1600 39/1681/1603
f 818/1680/1602 39/1681/1603 817/1682/1604
f 817/1682/1604 39/1681/1603 38/1683/1605
f 817/1682/1604 38/1683/1605 816/1684/1606
f 816/1684/1606 38/1683/1605 37/1685/1607
f 816/1684/1606 37/1685/1607 815/1686/1608
f 37/1685/1609 36/1687/1610 815/1688/1611
f 815/1688/1611 36/1687/1610 851/1689/1612
f 851/1689/1612 36/1687/1610 35/1690/1613
f 851/1689/1612 35/1690/1613 850/1691/1614
f 850/1691/1614 35/1690/1613 34/1692/1615
f 850/1691/1614 34/1692/1615 849/1693/1616
f 849/1693/1616 34/1692/1615 33/1694/1617
f 849/1693/1616 33/1694/1617 848/1695/1618
f 848/1695/1618 33/1694/1617 32/1696/1619
f 848/1695/1618 32/1696/1619 847/1697/1620
f 847/1697/1620 32/1696/1619 31/1698/1621
f 847/1697/1620 31/1698/1621 846/1699/1622
f 846/1699/1622 31/1698/1621 30/1700/1623
f 846/1699/1622 30/1700/1623 845/1701/1624
f 845/1701/1624 30/1700/1623 29/1702/1625
f 845/1701/1624 29/1702/1625 844/1703/1626
f 844/1703/1626 29/1702/1625 28/1704/1627
f 844/1703/1626 28/1704/1627 843/1705/1628
f 843/1705/1628 28/1704/1627 27/1706/1629
f 843/1705/1628 27/1706/1629 842/1707/1630
f 842/1707/1630 27/1706/1629 26/1708/1631
f 842/1707/1630 26/1708/1631 841/1709/1632
f 841/1709/1632 26/1708/1631 25/1710/1633
f 841/1709/1632 25/1710/1633 840/1711/1634
f 840/1711/1634 25/1710/1633 24/1712/1635
f 840/1711/1634 24/1712/1635 839/1713/1636
f 839/1713/1636 24/1712/1635 23/1714/1637
f 839/1713/1636 23/1714/1637 838/1715/1638
f 838/1715/1638 23/1714/1637 22/1716/1639
f 838/1715/1638 22/1716/1639 837/1717/1640
f 837/1717/1640 22/1716/1639 21/1718/1641
f 837/1717/1640 21/1718/1641 836/1719/1642
f 836/1719/1642 21/1718/1641 20/1720/1643
f 836/1719/1642 20/1720/1643 835/1721/1644
f 835/1721/1644 20/1720/1643 19/1722/1645
f 835/1721/1644 19/1722/1645 834/1723/1646
f 834/1723/1646 19/1722/1645 18/1724/1647
f 834/1723/1646 18/1724/1647 833/1725/1648
f 833/1725/1648 18/1724/1647 17/1726/1649
f 833/1725/1648 17/1726/1649 832/1727/1650
f 832/1727/1650 17/1726/1649 16/1728/1651
f 832/1727/1650 16/1728/1651 831/1729/1652
f 831/1729/1652 16/1728/1651 15/1730/1653
f 831/1729/1652 15/1730/1653 830/1731/1654
f 830/1731/1654 15/1730/1653 14/1732/1655
f 830/1731/1654 14/1732/1655 829/1733/1656
f 829/1733/1656 14/1732/1655 13/1734/1657
f 829/1733/1656 13/1734/1657 828/1735/1658
f 828/1735/1658 13/1734/1657 12/1736/1659
f 828/1735/1658 12/1736/1659 827/1737/1660
f 827/1737/1660 12/1736/1659 11/1738/1661
f 827/1737/1660 11/1738/1661 826/1739/1662
f 826/1739/1662 11/1738/1661 10/1740/1663
f 826/1739/1662 10/1740/1663 825/1741/1664
f 825/1741/1664 10/1740/1663 9/1742/1665
f 825/1741/1664 9/1742/1665 824/1743/1666
f 824/1743/1666 9/1742/1665 8/1744/1667
f 824/1743/1666 8/1744/1667 823/1745/1668
f 823/1745/1668 8/1744/1667 7/1746/1669
f 823/1745/1668 7/1746/1669 822/1747/1670
f 822/1747/1670 7/1746/1669 6/1748/1671
f 822/1747/1670 6/1748/1671 821/1749/1672
f 821/1749/1672 6/1748/1671 5/1750/1673
f 821/1749/1672 5/1750/1673 820/1751/1674
f 797/1752/1597 852/1753/1675 798/1754/1598
f 798/1754/1598 852/1753/1675 881/1755/1676
f 881/1755/1676 852/1753/1675 853/1756/1677
f 881/1755/1676 853/1756/1677 880/1757/1678
f 880/1757/1678 853/1756/1677 854/1758/1679
f 880/1757/1678 854/1758/1679 879/1759/1680
f 879/1759/1680 854/1758/1679 855/1760/1681
f 879/1759/1680 855/1760/1681 878/1761/1682
f 878/1761/1682 855/1760/1681 856/1762/1683
f 878/1761/1682 856/1762/1683 877/1763/1684
f 877/1763/1684 856/1762/1683 857/1764/1685
f 877/1763/1684 857/1764/1685 876/1765/1686
f 876/1765/1686 857/1764/1685 858/1766/1687
f 876/1765/1686 858/1766/1687 875/1767/1688
f 875/1767/1688 858/1766/1687 859/1768/1689
f 875/1767/1688 859/1768/1689 874/1769/1690
f 874/1769/1690 859/1768/1689 860/1770/1691
f 874/1769/1690 860/1770/1691 873/1771/1692
f 873/1771/1692 860/1770/1691 861/1772/1693
f 873/1771/1692 861/1772/1693 872/1773/1694
f 872/1773/1694 861/1772/1693 862/1774/1695
f 872/1773/1694 862/1774/1695 871/1775/1696
f 871/1775/1696 862/1774/1695 863/1776/1697
f 871/1775/1696 863/1776/1697 870/1777/1698
f 870/1777/1698 863/1776/1697 864/1778/1699
f 870/1777/1698 864/1778/1699 869/1779/1700
f 869/1779/1700 864/1778/1699 865/1780/1701
f 869/1779/1700 865/1780/1701 868/1781/1702
f 868/1781/1702 865/1780/1701 866/1782/1703
f 868/1781/1702 866/1782/1703 867/1783/1704
f 867/1783/1704 866/1782/1703 781/1784/1705
f 867/1783/1704 781/1784/1705 814/1785/1706
f 5/1786/1707 70/1787/1708 820/1788/1709
f 820/1788/1709 70/1787/1708 910/1789/1710
f 910/1789/1710 70/1787/1708 69/1790/1711
f 910/1789/1710 69/1790/1711 909/1791/1712
f 909/1791/1712 69/1790/1711 68/1792/1713
f 909/1791/1712 68/1792/1713 908/1793/1714
f 908/1793/1714 68/1792/1713 67/1794/1715
f 908/1793/1714 67/1794/1715 907/1795/1716
f 907/1795/1716 67/1794/1715 66/1796/1717
f 907/1795/1716 66/1796/1717 906/1797/1718
f 906/1797/1718 66/1796/1717 65/1798/1719
f 906/1797/1718 65/1798/1719 905/1799/1720
f 905/1799/1720 65/1798/1719 64/1800/1721
f 905/1799/1720 64/1800/1721 904/1801/1722
f 904/1801/1722 64/1800/1721 63/1802/1723
f 904/1801/1722 63/1802/1723 903/1803/1724
f 903/1803/1724 63/1802/1723 62/1804/1725
f 903/1803/1724 62/1804/1725 902/1805/1726
f 902/1805/1726 62/1804/1725 61/1806/1727
f 902/1805/1726 61/1806/1727 901/1807/1728
f 901/1807/1728 61/1806/1727 60/1808/1729
f 901/1807/1728 60/1808/1729 900/1809/1730
f 900/1809/1730 60/1808/1729 59/1810/1731
f 900/1809/1730 59/1810/1731 899/1811/1732
f 899/1811/1732 59/1810/1731 58/1812/1733
f 899/1811/1732 58/1812/1733 898/1813/1734
f 898/1813/1734 58/1812/1733 57/1814/1735
f 898/1813/1734 57/1814/1735 897/1815/1736
f 897/1815/1736 57/1814/1735 56/1816/1737
f 897/1815/1736 56/1816/1737 896/1817/1738
f 896/1817/1738 56/1816/1737 55/1818/1739
f 896/1817/1738 55/1818/1739 895/1819/1740
f 895/1819/1740 55/1818/1739 54/1820/1741
f 895/1819/1740 54/1820/1741 894/1821/1742
f 894/1821/1742 54/1820/1741 53/1822/1743
f 894/1821/1742 53/1822/1743 893/1823/1744
f 893/1823/1744 53/1822/1743 52/1824/1745
f 893/1823/1744 52/1824/1745 892/1825/1746
f 892/1825/1746 52/1824/1745 51/1826/1747
f 892/1825/1746 51/1826/1747 891/1827/1748
f 891/1827/1748 51/1826/1747 50/1828/1749
f 891/1827/1748 50/1828/1749 890/1829/1750
f 890/1829/1750 50/1828/1749 49/1830/1751
f 890/1829/1750 49/1830/1751 889/1831/1752
f 889/1831/1752 49/1830/1751 48/1832/1753
f 889/1831/1752 48/1832/1753 888/1833/1754
f 888/1833/1754 48/1832/1753 47/1834/1755
f 888/1833/1754 47/1834/1755 887/1835/1756
f 887/1835/1756 47/1834/1755 46/1836/1757
f 887/1835/1756 46/1836/1757 886/1837/1758
f 886/1837/1758 46/1836/1757 45/1838/1759
f 886/1837/1758 45/1838/1759 885/1839/1760
f 885/1839/1760 45/1838/1759 44/1840/1761
f 885/1839/1760 44/1840/1761 884/1841/1762
f 884/1841/1762 44/1840/1761 43/1842/1763
f 884/1841/1762 43/1842/1763 883/1843/1764
f 883/1843/1764 43/1842/1763 42/1844/1765
f 883/1843/1764 42/1844/1765 882/1845/1766
f 882/1845/1766 42/1844/1765 41/1846/1599
f 882/1845/1766 41/1846/1599 819/1847/1601
f 763/1848/1563 911/1849/1767 764/1850/1564
f 764/1850/1564 911/1849/1767 940/1851/1768
f 940/1851/1768 911/1849/1767 912/1852/1769
f 940/1851/1768 912/1852/1769 939/1853/1770
f 939/1853/1770 912/1852/1769 913/1854/1771
f 939/1853/1770 913/1854/1771 938/1855/1772
f 938/1855/1772 913/1854/1771 914/1856/1773
f 938/1855/1772 914/1856/1773 937/1857/1774
f 937/1857/1774 914/1856/1773 915/1858/1775
f 937/1857/1774 915/1858/1775 936/1859/1776
f 936/1859/1776 915/1858/1775 916/1860/1777
f 936/1859/1776 916/1860/1777 935/1861/1778
f 935/1861/1778 916/1860/1777 917/1862/1779
f 935/1861/1778 917/1862/1779 934/1863/1780
f 934/1863/1780 917/1862/1779 918/1864/1781
f 934/1863/1780 918/1864/1781 933/1865/1782
f 933/1865/1782 918/1864/1781 919/1866/1783
f 933/1865/1782 919/1866/1783 932/1867/1784
f 932/1867/1784 919/1866/1783 920/1868/1785
f 932/1867/1784 920/1868/1785 931/1869/1786
f 931/1869/1786 920/1868/1785 921/1870/1787
f 931/1869/1786 921/1870/1787 930/1871/1788
f 930/1871/1788 921/1870/1787 922/1872/1789
f 930/1871/1788 922/1872/1789 929/1873/1790
f 929/1873/1790 922/1872/1789 923/1874/1791
f 929/1873/1790 923/1874/1791 928/1875/1792
f 928/1875/1792 923/1874/1791 924/1876/1793
f 928/1875/1792 924/1876/1793 927/1877/1794
f 927/1877/1794 924/1876/1793 925/1878/1795
f 927/1877/1794 925/1878/1795 926/1879/1796
f 926/1879/1796 925/1878/1795 747/1880/1797
f 926/1879/1796 747/1880/1797 780/1881/1798
f 882/1882/1799 819/1883/1800 811/1884/1801
f 811/1884/1801 819/1883/1800 818/1885/1802
f 811/1884/1801 818/1885/1802 812/1886/1803
f 812/1886/1803 818/1885/1802 817/1887/1804
f 812/1886/1803 817/1887/1804 813/1888/1805
f 813/1888/1805 817/1887/1804 816/1889/1806
f 813/1888/1805 816/1889/1806 814/1890/1807
f 814/1890/1807 816/1889/1806 815/1891/1808
f 814/1890/1807 815/1891/1808 867/1892/1809
f 867/1892/1809 815/1891/1808 771/1893/1810
f 867/1892/1809 771/1893/1810 868/1894/1811
f 868/1894/1811 771/1893/1810 770/1895/1812
f 868/1894/1811 770/1895/1812 869/1896/1813
f 869/1896/1813 770/1895/1812 769/1897/1814
f 869/1896/1813 769/1897/1814 870/1898/1815
f 870/1898/1815 769/1897/1814 768/1899/1816
f 870/1898/1815 768/1899/1816 871/1900/1817
f 871/1900/1817 768/1899/1816 767/1901/1818
f 871/1900/1817 767/1901/1818 872/1902/1819
f 872/1902/1819 767/1901/1818 766/1903/1820
f 872/1902/1819 766/1903/1820 873/1904/1821
f 873/1904/1821 766/1903/1820 820/1905/1822
f 873/1904/1821 820/1905/1822 874/1906/1823
f 874/1906/1823 820/1905/1822 910/1907/1824
f 874/1906/1823 910/1907/1824 875/1908/1825
f 875/1908/1825 910/1907/1824 876/1909/1826
f 876/1909/1826 910/1907/1824 909/1910/1827
f 876/1909/1826 909/1910/1827 908/1911/1828
f 851/1912/1829 773/1913/1830 815/1891/1808
f 815/1891/1808 773/1913/1830 772/1914/1831
f 815/1891/1808 772/1914/1831 771/1893/1810
f 773/1913/1830 851/1912/1829 774/1915/1832
f 774/1915/1832 851/1912/1829 850/1916/1833
f 774/1915/1832 850/1916/1833 775/1917/1834
f 775/1917/1834 850/1916/1833 849/1918/1835
f 775/1917/1834 849/1918/1835 776/1919/1836
f 776/1919/1836 849/1918/1835 848/1920/1837
f 776/1919/1836 848/1920/1837 847/1921/1838
f 776/1919/1836 847/1921/1838 777/1922/1839
f 777/1922/1839 847/1921/1838 846/1923/1840
f 777/1922/1839 846/1923/1840 845/1924/1841
f 777/1922/1839 845/1924/1841 778/1925/1842
f 778/1925/1842 845/1924/1841 844/1926/1843
f 778/1925/1842 844/1926/1843 843/1927/1844
f 778/1925/1842 843/1927/1844 779/1928/1845
f 779/1928/1845 843/1927/1844 842/1929/1846
f 779/1928/1845 842/1929/1846 841/1930/1847
f 779/1928/1845 841/1930/1847 780/1931/1848
f 780/1931/1848 841/1930/1847 840/1932/1849
f 780/1931/1848 840/1932/1849 926/1933/1850
f 926/1933/1850 840/1932/1849 839/1934/1851
f 926/1933/1850 839/1934/1851 927/1935/1852
f 927/1935/1852 839/1934/1851 838/1936/1853
f 927/1935/1852 838/1936/1853 928/1937/1854
f 928/1937/1854 838/1936/1853 837/1938/1855
f 928/1937/1854 837/1938/1855 929/1939/1856
f 929/1939/1856 837/1938/1855 836/1940/1857
f 929/1939/1856 836/1940/1857 930/1941/1858
f 930/1941/1858 836/1940/1857 835/1942/1859
f 930/1941/1858 835/1942/1859 931/1943/1860
f 931/1943/1860 835/1942/1859 834/1944/1861
f 931/1943/1860 834/1944/1861 932/1945/1862
f 932/1945/1862 834/1944/1861 933/1946/1863
f 933/1946/1863 834/1944/1861 833/1947/1864
f 933/1946/1863 833/1947/1864 934/1948/1865
f 934/1948/1865 833/1947/1864 832/1949/1866
f 934/1948/1865 832/1949/1866 935/1950/1867
f 935/1950/1867 832/1949/1866 831/1951/1868
f 935/1950/1867 831/1951/1868 830/1952/1869
f 935/1950/1867 830/1952/1869 936/1953/1870
f 936/1953/1870 830/1952/1869 829/1954/1871
f 936/1953/1870 829/1954/1871 828/1955/1872
f 936/1953/1870 828/1955/1872 937/1956/1873
f 937/1956/1873 828/1955/1872 827/1957/1874
f 937/1956/1873 827/1957/1874 826/1958/1875
f 937/1956/1873 826/1958/1875 938/1959/1876
f 938/1959/1876 826/1958/1875 825/1960/1877
f 938/1959/1876 825/1960/1877 824/1961/1878
f 938/1959/1876 824/1961/1878 939/1962/1879
f 939/1962/1879 824/1961/1878 823/1963/1880
f 939/1962/1879 823/1963/1880 822/1964/1881
f 939/1962/1879 822/1964/1881 940/1965/1882
f 940/1965/1882 822/1964/1881 821/1966/1883
f 940/1965/1882 821/1966/1883 764/1967/1884
f 764/1967/1884 821/1966/1883 820/1905/1822
f 764/1967/1884 820/1905/1822 765/1968/1885
f 765/1968/1885 820/1905/1822 766/1903/1820
f 876/1909/1826 908/1911/1828 877/1969/1886
f 877/1969/1886 908/1911/1828 907/1970/1887
f 877/1969/1886 907/1970/1887 906/1971/1888
f 877/1969/1886 906/1971/1888 878/1972/1889
f 878/1972/1889 906/1971/1888 905/1973/1890
f 878/1972/1889 905/1973/1890 904/1974/1891
f 904/1974/1891 903/1975/1892 878/1972/1889
f 878/1972/1889 903/1975/1892 902/1976/1893
f 878/1972/1889 902/1976/1893 879/1977/1894
f 879/1977/1894 902/1976/1893 901/1978/1895
f 879/1977/1894 901/1978/1895 900/1979/1896
f 879/1977/1894 900/1979/1896 880/1980/1897
f 880/1980/1897 900/1979/1896 899/1981/1898
f 880/1980/1897 899/1981/1898 881/1982/1899
f 881/1982/1899 899/1981/1898 898/1983/1900
f 881/1982/1899 898/1983/1900 897/1984/1901
f 881/1982/1899 897/1984/1901 798/1985/1902
f 798/1985/1902 897/1984/1901 896/1986/1903
f 798/1985/1902 896/1986/1903 799/1987/1904
f 799/1987/1904 896/1986/1903 895/1988/1905
f 799/1987/1904 895/1988/1905 800/1989/1906
f 800/1989/1906 895/1988/1905 801/1990/1907
f 801/1990/1907 895/1988/1905 894/1991/1908
f 801/1990/1907 894/1991/1908 802/1992/1909
f 802/1992/1909 894/1991/1908 803/1993/1910
f 803/1993/1910 894/1991/1908 893/1994/1911
f 803/1993/1910 893/1994/1911 804/1995/1912
f 804/1995/1912 893/1994/1911 805/1996/1913
f 805/1996/1913 893/1994/1911 892/1997/1914
f 805/1996/1913 892/1997/1914 806/1998/1915
f 806/1998/1915 892/1997/1914 891/1999/1916
f 806/1998/1915 891/1999/1916 807/2000/1917
f 807/2000/1917 891/1999/1916 890/2001/1918
f 807/2000/1917 890/2001/1918 808/2002/1919
f 808/2002/1919 890/2001/1918 889/2003/1920
f 808/2002/1919 889/2003/1920 888/2004/1921
f 808/2002/1919 888/2004/1921 809/2005/1922
f 809/2005/1922 888/2004/1921 887/2006/1923
f 809/2005/1922 887/2006/1923 886/2007/1924
f 886/2007/1924 885/2008/1925 809/2005/1922
f 809/2005/1922 885/2008/1925 810/2009/1926
f 810/2009/1926 885/2008/1925 884/2010/1927
f 810/2009/1926 884/2010/1927 883/2011/1928
f 883/2011/1928 882/1882/1799 810/2009/1926
f 810/2009/1926 882/1882/1799 811/1884/1801
f 782/2012/1929 781/2013/1930 855/2014/1931
f 855/2014/1931 781/2013/1930 866/2015/1932
f 855/2014/1931 866/2015/1932 865/2016/1933
f 865/2016/1933 864/2017/1934 855/2014/1931
f 855/2014/1931 864/2017/1934 863/2018/1935
f 855/2014/1931 863/2018/1935 856/2019/1936
f 856/2019/1936 863/2018/1935 857/2020/1937
f 857/2020/1937 863/2018/1935 858/2021/1938
f 858/2021/1938 863/2018/1935 859/2022/1939
f 859/2022/1939 863/2018/1935 862/2023/1940
f 859/2022/1939 862/2023/1940 861/2024/1941
f 861/2024/1941 860/2025/1942 859/2022/1939
f 854/2026/1943 785/2027/1944 855/2014/1931
f 855/2014/1931 785/2027/1944 784/2028/1945
f 855/2014/1931 784/2028/1945 783/2029/1946
f 854/2026/1943 853/2030/1947 785/2027/1944
f 785/2027/1944 853/2030/1947 852/2031/1948
f 785/2027/1944 852/2031/1948 786/2032/1949
f 786/2032/1949 852/2031/1948 787/2033/1950
f 787/2033/1950 852/2031/1948 788/2034/1951
f 788/2034/1951 852/2031/1948 797/2035/1952
f 788/2034/1951 797/2035/1952 789/2036/1953
f 789/2036/1953 797/2035/1952 790/2037/1954
f 790/2037/1954 797/2035/1952 791/2038/1955
f 791/2038/1955 797/2035/1952 792/2039/1956
f 792/2039/1956 797/2035/1952 793/2040/1957
f 793/2040/1957 797/2035/1952 794/2041/1958
f 794/2041/1958 797/2035/1952 796/2042/1959
f 794/2041/1958 796/2042/1959 795/2043/1960
f 783/2029/1946 782/2012/1929 855/2014/1931
f 925/2044/1961 924/2045/1962 747/2046/1963
f 747/2046/1963 924/2045/1962 923/2047/1964
f 747/2046/1963 923/2047/1964 922/2048/1965
f 922/2048/1965 921/2049/1966 747/2046/1963
f 747/2046/1963 921/2049/1966 920/2050/1967
f 747/2046/1963 920/2050/1967 919/2051/1968
f 919/2051/1968 918/2052/1969 747/2046/1963
f 747/2046/1963 918/2052/1969 917/2053/1970
f 747/2046/1963 917/2053/1970 916/2054/1971
f 916/2054/1971 915/2055/1972 747/2046/1963
f 747/2046/1963 915/2055/1972 914/2056/1973
f 747/2046/1963 914/2056/1973 748/2057/1974
f 748/2057/1974 914/2056/1973 749/2058/1975
f 749/2058/1975 914/2056/1973 913/2059/1976
f 749/2058/1975 913/2059/1976 750/2060/1977
f 750/2060/1977 913/2059/1976 912/2061/1978
f 750/2060/1977 912/2061/1978 911/2062/1979
f 911/2062/1979 763/2063/1980 750/2060/1977
f 750/2060/1977 763/2063/1980 762/2064/1981
f 750/2060/1977 762/2064/1981 761/2065/1982
f 761/2065/1982 760/2066/1983 750/2060/1977
f 750/2060/1977 760/2066/1983 759/2067/1984
f 750/2060/1977 759/2067/1984 751/2068/1985
f 751/2068/1985 759/2067/1984 752/2069/1986
f 752/2069/1986 759/2067/1984 753/2070/1987
f 753/2070/1987 759/2067/1984 754/2071/1988
f 754/2071/1988 759/2067/1984 758/2072/1989
f 754/2071/1988 758/2072/1989 757/2073/1990
f 756/2074/1991 755/2075/1992 757/2073/1990
f 757/2073/1990 755/2075/1992 754/2071/1988
# 940 vertices
# 2075 texture params
# 1992 normals
# 1956 facets

# 1 groups
