# WaveFront *.obj file (generated by Autodesk ATF)

mtllib Wheel.mtl

g Body1

v -0.068303 2.900208 -0.107661
v -0.068303 2.000000 -0.107661
v -0.042425 2.000000 -0.120235
v -0.014386 2.000000 -0.126686
v 0.014386 2.000000 -0.126686
v 0.042425 2.000000 -0.120235
v 0.068303 2.000000 -0.107661
v 0.068303 2.900208 -0.107661
v 0.042425 2.900208 -0.120235
v 0.014386 2.900208 -0.126686
v -0.014386 2.900208 -0.126686
v -0.042425 2.900208 -0.120235
v -0.042425 2.450104 -0.120235
v -0.014386 2.450104 -0.126686
v 0.014386 2.450104 -0.126686
v 0.042425 2.450104 -0.120235
v -0.068303 2.900208 0.107661
v 0.068303 2.900208 0.107661
v 0.042425 2.900208 0.120235
v 0.014386 2.900208 0.126686
v -0.014386 2.900208 0.126686
v -0.042425 2.900208 0.120235
v 0.068303 2.000000 0.107661
v 0.042425 2.000000 0.120235
v 0.014386 2.000000 0.126686
v -0.014386 2.000000 0.126686
v -0.042425 2.000000 0.120235
v -0.068303 2.000000 0.107661
v 0.042425 2.450104 0.120235
v 0.014386 2.450104 0.126686
v -0.014386 2.450104 0.126686
v -0.042425 2.450104 0.120235
v -0.253050 2.000000 0.107661
v -0.253050 4.000000 0.107661
v 0.253050 4.000000 0.107661
v 0.253050 2.000000 0.107661
v 0.253050 2.000000 -0.107661
v 0.253050 4.000000 -0.107661
v -0.253050 4.000000 -0.107661
v -0.253050 2.000000 -0.107661
v 0.250915 4.062698 0.112698
v 0.243518 4.125218 0.127766
v 0.229101 4.183056 0.152108
v 0.205935 4.232612 0.182252
v 0.169357 4.274057 0.216454
v 0.146753 4.290378 0.232564
v 0.121813 4.302976 0.246510
v 0.093551 4.312976 0.258576
v 0.062967 4.320018 0.267677
v 0.031294 4.324074 0.273168
v 0.000000 4.325375 0.275000
v -0.031294 4.324074 0.273168
v -0.062967 4.320018 0.267677
v -0.093551 4.312976 0.258576
v -0.121813 4.302976 0.246510
v -0.146753 4.290378 0.232564
v -0.169357 4.274057 0.216454
v -0.205935 4.232612 0.182252
v -0.229101 4.183056 0.152108
v -0.243518 4.125218 0.127766
v -0.250915 4.062698 0.112698
v -0.269457 2.000000 0.054938
v -0.275000 2.000000 -0.000000
v -0.269457 2.000000 -0.054938
v -0.250915 4.062698 -0.112698
v -0.243518 4.125218 -0.127766
v -0.229101 4.183056 -0.152108
v -0.205935 4.232612 -0.182252
v -0.169357 4.274057 -0.216454
v -0.146753 4.290378 -0.232564
v -0.121813 4.302976 -0.246510
v -0.093551 4.312976 -0.258576
v -0.062967 4.320018 -0.267677
v -0.031294 4.324074 -0.273168
v 0.000000 4.325375 -0.275000
v 0.031294 4.324074 -0.273168
v 0.062967 4.320018 -0.267677
v 0.093551 4.312976 -0.258576
v 0.121813 4.302976 -0.246510
v 0.146753 4.290378 -0.232564
v 0.169357 4.274057 -0.216454
v 0.205935 4.232612 -0.182252
v 0.229101 4.183056 -0.152108
v 0.243518 4.125218 -0.127766
v 0.250915 4.062698 -0.112698
v 0.269457 2.000000 -0.054938
v 0.275000 2.000000 0.000000
v 0.269457 2.000000 0.054938
v 0.000000 4.600000 0.275000
v 0.071175 4.600000 0.265630
v 0.137500 4.600000 0.238157
v 0.194454 4.600000 0.194454
v 0.238157 4.600000 0.137500
v 0.265630 4.600000 0.071175
v 0.275000 4.600000 0.000000
v 0.265630 4.600000 -0.071175
v 0.238157 4.600000 -0.137500
v 0.194454 4.600000 -0.194454
v 0.137500 4.600000 -0.238157
v 0.071175 4.600000 -0.265630
v 0.000000 4.600000 -0.275000
v -0.071175 4.600000 -0.265630
v -0.137500 4.600000 -0.238157
v -0.194454 4.600000 -0.194454
v -0.238157 4.600000 -0.137500
v -0.265630 4.600000 -0.071175
v -0.275000 4.600000 -0.000000
v -0.265630 4.600000 0.071175
v -0.238157 4.600000 0.137500
v -0.194454 4.600000 0.194454
v -0.137500 4.600000 0.238157
v -0.071175 4.600000 0.265630
v 0.265630 3.300000 0.071175
v -0.265630 3.300000 0.071175
v -0.275000 3.300000 -0.000000
v -0.265630 3.300000 -0.071175
v 0.265630 3.300000 -0.071175
v 0.275000 3.300000 -0.000000
v 0.000000 2.000000 0.525000
v 0.109154 2.000000 0.513527
v 0.213537 2.000000 0.479611
v 0.308587 2.000000 0.424734
v 0.390151 2.000000 0.351294
v 0.454663 2.000000 0.262500
v 0.499305 2.000000 0.162234
v 0.522124 2.000000 0.054877
v 0.522124 2.000000 -0.054877
v 0.499305 2.000000 -0.162234
v 0.454663 2.000000 -0.262500
v 0.390151 2.000000 -0.351294
v 0.308587 2.000000 -0.424734
v 0.213537 2.000000 -0.479611
v 0.109154 2.000000 -0.513527
v 0.000000 2.000000 -0.525000
v -0.109154 2.000000 -0.513527
v -0.213537 2.000000 -0.479611
v -0.308587 2.000000 -0.424734
v -0.390151 2.000000 -0.351294
v -0.454663 2.000000 -0.262500
v -0.499305 2.000000 -0.162234
v -0.522124 2.000000 -0.054877
v -0.522124 2.000000 0.054877
v -0.499305 2.000000 0.162234
v -0.454663 2.000000 0.262500
v -0.390151 2.000000 0.351294
v -0.308587 2.000000 0.424734
v -0.213537 2.000000 0.479611
v -0.109154 2.000000 0.513527
v 0.000000 4.600000 0.525000
v -0.109154 4.600000 0.513527
v -0.213537 4.600000 0.479611
v -0.308587 4.600000 0.424734
v -0.390151 4.600000 0.351294
v -0.454663 4.600000 0.262500
v -0.499305 4.600000 0.162234
v -0.522124 4.600000 0.054877
v -0.522124 4.600000 -0.054877
v -0.499305 4.600000 -0.162234
v -0.454663 4.600000 -0.262500
v -0.390151 4.600000 -0.351294
v -0.308587 4.600000 -0.424734
v -0.213537 4.600000 -0.479611
v -0.109154 4.600000 -0.513527
v 0.000000 4.600000 -0.525000
v 0.109154 4.600000 -0.513527
v 0.213537 4.600000 -0.479611
v 0.308587 4.600000 -0.424734
v 0.390151 4.600000 -0.351294
v 0.454663 4.600000 -0.262500
v 0.499305 4.600000 -0.162234
v 0.522124 4.600000 -0.054877
v 0.522124 4.600000 0.054877
v 0.499305 4.600000 0.162234
v 0.454663 4.600000 0.262500
v 0.390151 4.600000 0.351294
v 0.308587 4.600000 0.424734
v 0.213537 4.600000 0.479611
v 0.109154 4.600000 0.513527
vt 1.000000 0.243526 0.000000
vt 1.000000 0.272359 0.000000
vt 0.549896 0.243526 0.000000
vt 0.099792 0.272359 0.000000
vt 0.099792 0.243526 0.000000
vt 0.549896 0.214693 0.000000
vt 0.099792 0.214693 0.000000
vt 0.549896 0.185860 0.000000
vt 0.099792 0.185860 0.000000
vt 0.549896 0.157027 0.000000
vt 0.099792 0.157027 0.000000
vt 0.099792 0.128195 0.000000
vt 1.000000 0.128195 0.000000
vt 1.000000 0.157027 0.000000
vt 1.000000 0.185860 0.000000
vt 1.000000 0.214693 0.000000
vt 0.068303 -0.107661 0.000000
vt -0.068303 -0.107661 0.000000
vt 0.042425 -0.120235 0.000000
vt -0.042425 -0.120235 0.000000
vt 0.014386 -0.126686 0.000000
vt -0.014386 -0.126686 0.000000
vt -0.068303 0.107661 0.000000
vt 0.068303 0.107661 0.000000
vt -0.042425 0.120235 0.000000
vt 0.042425 0.120235 0.000000
vt -0.014386 0.126686 0.000000
vt 0.014386 0.126686 0.000000
vt 1.000000 -0.157027 0.000000
vt 1.000000 -0.128195 0.000000
vt 0.549896 -0.157027 0.000000
vt 0.099792 -0.128195 0.000000
vt 0.099792 -0.157027 0.000000
vt 0.549896 -0.185860 0.000000
vt 0.099792 -0.185860 0.000000
vt 0.549896 -0.214693 0.000000
vt 0.099792 -0.214693 0.000000
vt 0.549896 -0.243526 0.000000
vt 0.099792 -0.243526 0.000000
vt 0.099792 -0.272359 0.000000
vt 1.000000 -0.272359 0.000000
vt 1.000000 -0.243526 0.000000
vt 1.000000 -0.214693 0.000000
vt 1.000000 -0.185860 0.000000
vt -0.321353 0.100000 0.000000
vt -0.321353 1.000208 0.000000
vt -0.506099 0.100000 0.000000
vt -0.506099 2.100000 0.000000
vt -0.184746 1.000208 0.000000
vt -0.000000 2.100000 0.000000
vt -0.000000 0.100000 0.000000
vt -0.184746 0.100000 0.000000
vt 0.184746 0.100000 0.000000
vt 0.184746 1.000208 0.000000
vt -0.000000 0.100000 0.000000
vt -0.000000 2.100000 0.000000
vt 0.321353 1.000208 0.000000
vt 0.506099 2.100000 0.000000
vt 0.506099 0.100000 0.000000
vt 0.321353 0.100000 0.000000
vt -0.337302 -0.548059 0.000000
vt 0.200000 -0.575959 0.000000
vt -0.400000 -0.542589 0.000000
vt 0.200000 -0.503964 0.000000
vt -1.100000 -0.503964 0.000000
vt -1.100000 -0.431969 0.000000
vt -2.400000 -0.487279 0.000000
vt -2.400000 -0.431969 0.000000
vt -2.400000 -0.376659 0.000000
vt -1.100000 -0.359974 0.000000
vt -2.400000 -0.321349 0.000000
vt -0.400000 -0.321349 0.000000
vt 0.200000 -0.359974 0.000000
vt -0.337302 -0.315879 0.000000
vt 0.200000 -0.287979 0.000000
vt -0.274782 -0.299093 0.000000
vt -0.216944 -0.270789 0.000000
vt -0.167388 -0.232742 0.000000
vt 0.200000 -0.215984 0.000000
vt -0.125943 -0.182580 0.000000
vt 0.200000 -0.143990 0.000000
vt -0.109622 -0.154803 0.000000
vt -0.097024 -0.126213 0.000000
vt -0.087024 -0.095464 0.000000
vt 0.200000 -0.071995 0.000000
vt -0.079982 -0.063534 0.000000
vt -0.075926 -0.031368 0.000000
vt 0.200000 -0.000000 0.000000
vt -0.074625 0.000000 0.000000
vt -0.075926 0.031368 0.000000
vt 0.200000 0.071995 0.000000
vt -0.079982 0.063534 0.000000
vt -0.087024 0.095464 0.000000
vt 0.200000 0.143990 0.000000
vt -0.097024 0.126213 0.000000
vt -0.109622 0.154803 0.000000
vt -0.125943 0.182580 0.000000
vt 0.200000 0.215984 0.000000
vt -0.167388 0.232742 0.000000
vt -0.216944 0.270789 0.000000
vt 0.200000 0.287979 0.000000
vt -0.274782 0.299093 0.000000
vt -0.337302 0.315879 0.000000
vt -0.400000 0.321349 0.000000
vt 0.200000 0.359974 0.000000
vt -1.100000 0.359974 0.000000
vt -1.100000 0.431969 0.000000
vt -2.400000 0.376659 0.000000
vt -2.400000 0.431969 0.000000
vt -2.400000 0.487279 0.000000
vt -1.100000 0.503964 0.000000
vt -2.400000 0.542589 0.000000
vt -0.400000 0.542589 0.000000
vt 0.200000 0.503964 0.000000
vt -0.337302 0.548059 0.000000
vt 0.200000 0.575959 0.000000
vt -0.274782 0.564845 0.000000
vt -0.216944 0.593149 0.000000
vt -0.167388 0.631196 0.000000
vt 0.200000 0.647953 0.000000
vt -0.125943 0.681358 0.000000
vt 0.200000 0.719948 0.000000
vt -0.109622 0.709135 0.000000
vt -0.097024 0.737725 0.000000
vt -0.087024 0.768474 0.000000
vt 0.200000 0.791943 0.000000
vt -0.079982 0.800404 0.000000
vt -0.075926 0.832570 0.000000
vt 0.200000 0.863938 0.000000
vt -0.074625 0.863938 0.000000
vt -0.074625 -0.863938 0.000000
vt 0.200000 -0.863938 0.000000
vt -0.075926 -0.832570 0.000000
vt 0.200000 -0.791943 0.000000
vt -0.079982 -0.800404 0.000000
vt -0.087024 -0.768474 0.000000
vt 0.200000 -0.719948 0.000000
vt -0.097024 -0.737725 0.000000
vt -0.109622 -0.709135 0.000000
vt -0.125943 -0.681358 0.000000
vt 0.200000 -0.647953 0.000000
vt -0.167388 -0.631196 0.000000
vt -0.216944 -0.593149 0.000000
vt -0.274782 -0.564845 0.000000
vt -2.400000 0.321349 0.000000
vt -2.400000 -0.542589 0.000000
vt 0.200000 -0.431969 0.000000
vt 0.200000 0.431969 0.000000
vt -2.600000 -0.109956 0.000000
vt -0.000000 -0.109956 0.000000
vt -2.600000 -0.000000 0.000000
vt -0.000000 -0.000000 0.000000
vt -2.600000 0.109956 0.000000
vt -0.000000 0.109956 0.000000
vt -2.600000 0.219911 0.000000
vt -0.000000 0.219911 0.000000
vt -2.600000 0.329867 0.000000
vt -0.000000 0.329867 0.000000
vt -2.600000 0.439823 0.000000
vt -0.000000 0.439823 0.000000
vt -2.600000 0.549779 0.000000
vt -0.000000 0.549779 0.000000
vt -2.600000 0.659734 0.000000
vt -0.000000 0.659734 0.000000
vt -2.600000 0.769690 0.000000
vt -0.000000 0.769690 0.000000
vt -2.600000 0.879646 0.000000
vt -0.000000 0.879646 0.000000
vt -2.600000 0.989602 0.000000
vt -0.000000 0.989602 0.000000
vt -2.600000 1.099557 0.000000
vt -0.000000 1.099557 0.000000
vt -2.600000 1.209513 0.000000
vt -0.000000 1.209513 0.000000
vt -2.600000 1.319469 0.000000
vt -0.000000 1.319469 0.000000
vt -2.600000 1.429425 0.000000
vt -0.000000 1.429425 0.000000
vt -2.600000 1.539380 0.000000
vt -0.000000 1.539380 0.000000
vt -2.600000 1.649336 0.000000
vt 0.000000 1.649336 0.000000
vt -2.600000 -1.649336 0.000000
vt 0.000000 -1.649336 0.000000
vt -2.600000 -1.539380 0.000000
vt 0.000000 -1.539380 0.000000
vt -2.600000 -1.429425 0.000000
vt 0.000000 -1.429425 0.000000
vt -2.600000 -1.319469 0.000000
vt 0.000000 -1.319469 0.000000
vt -2.600000 -1.209513 0.000000
vt 0.000000 -1.209513 0.000000
vt -2.600000 -1.099557 0.000000
vt 0.000000 -1.099557 0.000000
vt -2.600000 -0.989602 0.000000
vt 0.000000 -0.989602 0.000000
vt -2.600000 -0.879646 0.000000
vt 0.000000 -0.879646 0.000000
vt -2.600000 -0.769690 0.000000
vt -0.000000 -0.769690 0.000000
vt -2.600000 -0.659734 0.000000
vt -0.000000 -0.659734 0.000000
vt -2.600000 -0.549779 0.000000
vt -0.000000 -0.549779 0.000000
vt -2.600000 -0.439823 0.000000
vt -0.000000 -0.439823 0.000000
vt -2.600000 -0.329867 0.000000
vt -0.000000 -0.329867 0.000000
vt -2.600000 -0.219911 0.000000
vt -0.000000 -0.219911 0.000000
vt 0.506099 0.000000 0.000000
vt -0.000000 0.000000 0.000000
vt 0.503965 -0.062972 0.000000
vt 0.002134 -0.062972 0.000000
vt 0.009532 -0.127359 0.000000
vt 0.023949 -0.190182 0.000000
vt 0.482151 -0.190182 0.000000
vt 0.496567 -0.127359 0.000000
vt 0.458985 -0.248244 0.000000
vt 0.047114 -0.248244 0.000000
vt 0.083693 -0.302027 0.000000
vt 0.106296 -0.324965 0.000000
vt 0.399803 -0.324965 0.000000
vt 0.422407 -0.302027 0.000000
vt 0.374862 -0.343762 0.000000
vt 0.131237 -0.343762 0.000000
vt 0.346601 -0.359434 0.000000
vt 0.159498 -0.359434 0.000000
vt 0.316016 -0.370942 0.000000
vt 0.190083 -0.370942 0.000000
vt 0.284344 -0.377768 0.000000
vt 0.221755 -0.377768 0.000000
vt 0.253050 -0.380015 0.000000
vt -0.000000 0.000000 0.000000
vt -0.506099 0.000000 0.000000
vt -0.002134 -0.062972 0.000000
vt -0.503965 -0.062972 0.000000
vt -0.496567 -0.127359 0.000000
vt -0.482151 -0.190182 0.000000
vt -0.023949 -0.190182 0.000000
vt -0.009532 -0.127359 0.000000
vt -0.047114 -0.248244 0.000000
vt -0.458985 -0.248244 0.000000
vt -0.422407 -0.302027 0.000000
vt -0.399803 -0.324965 0.000000
vt -0.106296 -0.324965 0.000000
vt -0.083693 -0.302027 0.000000
vt -0.131237 -0.343762 0.000000
vt -0.374862 -0.343762 0.000000
vt -0.159498 -0.359434 0.000000
vt -0.346601 -0.359434 0.000000
vt -0.190083 -0.370942 0.000000
vt -0.316016 -0.370942 0.000000
vt -0.221755 -0.377768 0.000000
vt -0.284344 -0.377768 0.000000
vt -0.253050 -0.380015 0.000000
vt 0.513527 -0.109154 0.000000
vt 0.525000 0.000000 0.000000
vt 0.275000 0.000000 0.000000
vt 0.513527 0.109154 0.000000
vt 0.265630 0.071175 0.000000
vt 0.479611 0.213537 0.000000
vt 0.238157 0.137500 0.000000
vt 0.424734 0.308587 0.000000
vt 0.194454 0.194454 0.000000
vt 0.351294 0.390151 0.000000
vt 0.137500 0.238157 0.000000
vt 0.262500 0.454663 0.000000
vt 0.162234 0.499305 0.000000
vt 0.071175 0.265630 0.000000
vt 0.054877 0.522124 0.000000
vt 0.000000 0.275000 0.000000
vt -0.054877 0.522124 0.000000
vt -0.071175 0.265630 0.000000
vt -0.162234 0.499305 0.000000
vt -0.137500 0.238157 0.000000
vt -0.262500 0.454663 0.000000
vt -0.351294 0.390151 0.000000
vt -0.194454 0.194454 0.000000
vt -0.424734 0.308587 0.000000
vt -0.238157 0.137500 0.000000
vt -0.479611 0.213537 0.000000
vt -0.265630 0.071175 0.000000
vt -0.513527 0.109154 0.000000
vt -0.275000 0.000000 0.000000
vt -0.525000 0.000000 0.000000
vt -0.513527 -0.109154 0.000000
vt -0.265630 -0.071175 0.000000
vt -0.479611 -0.213537 0.000000
vt -0.238157 -0.137500 0.000000
vt -0.424734 -0.308587 0.000000
vt -0.194454 -0.194454 0.000000
vt -0.351294 -0.390151 0.000000
vt -0.137500 -0.238157 0.000000
vt -0.262500 -0.454663 0.000000
vt -0.162234 -0.499305 0.000000
vt -0.071175 -0.265630 0.000000
vt -0.054877 -0.522124 0.000000
vt -0.000000 -0.275000 0.000000
vt 0.054877 -0.522124 0.000000
vt 0.071175 -0.265630 0.000000
vt 0.162234 -0.499305 0.000000
vt 0.137500 -0.238157 0.000000
vt 0.262500 -0.454663 0.000000
vt 0.351294 -0.390151 0.000000
vt 0.194454 -0.194454 0.000000
vt 0.424734 -0.308587 0.000000
vt 0.238157 -0.137500 0.000000
vt 0.479611 -0.213537 0.000000
vt 0.265630 -0.071175 0.000000
vt -0.012574 -0.042425 0.000000
vt -0.371950 -0.213537 0.000000
vt -0.000000 -0.068303 0.000000
vt -0.317073 -0.308587 0.000000
vt -0.000000 -0.253050 0.000000
vt -0.243632 -0.390151 0.000000
vt -0.154839 -0.454663 0.000000
vt -0.405866 -0.109154 0.000000
vt -0.019025 -0.014386 0.000000
vt -0.417339 0.000000 0.000000
vt -0.019025 0.014386 0.000000
vt -0.405866 0.109154 0.000000
vt -0.012574 0.042425 0.000000
vt -0.371950 0.213537 0.000000
vt -0.000000 0.068303 0.000000
vt -0.317073 0.308587 0.000000
vt -0.000000 0.253050 0.000000
vt -0.243632 0.390151 0.000000
vt -0.154839 0.454663 0.000000
vt -0.054573 0.499305 0.000000
vt 0.052723 0.269457 0.000000
vt 0.052784 0.522124 0.000000
vt 0.107661 0.275000 0.000000
vt 0.162539 0.522124 0.000000
vt 0.162599 0.269457 0.000000
vt 0.269895 0.499305 0.000000
vt 0.215322 0.253050 0.000000
vt 0.370161 0.454663 0.000000
vt 0.458955 0.390151 0.000000
vt 0.532395 0.308587 0.000000
vt 0.215322 0.068303 0.000000
vt 0.587273 0.213537 0.000000
vt 0.227896 0.042425 0.000000
vt 0.621189 0.109154 0.000000
vt 0.234347 0.014386 0.000000
vt 0.632661 0.000000 0.000000
vt 0.234347 -0.014386 0.000000
vt 0.621189 -0.109154 0.000000
vt 0.227896 -0.042425 0.000000
vt 0.587273 -0.213537 0.000000
vt 0.215322 -0.068303 0.000000
vt 0.532395 -0.308587 0.000000
vt 0.215322 -0.253050 0.000000
vt 0.458955 -0.390151 0.000000
vt 0.370161 -0.454663 0.000000
vt 0.269895 -0.499305 0.000000
vt 0.162599 -0.269457 0.000000
vt 0.162539 -0.522124 0.000000
vt 0.107661 -0.275000 0.000000
vt 0.052784 -0.522124 0.000000
vt 0.052723 -0.269457 0.000000
vt -0.054573 -0.499305 0.000000
vn 0.332742 -0.000000 0.943018
vn 0.535710 -0.000000 0.844402
vn 0.332742 -0.000000 0.943018
vn 0.535710 -0.000000 0.844402
vn 0.332742 -0.000000 0.943018
vn 0.112829 -0.000000 0.993614
vn 0.112829 -0.000000 0.993614
vn -0.112829 0.000000 0.993614
vn -0.112829 0.000000 0.993614
vn -0.332742 0.000000 0.943018
vn -0.332742 0.000000 0.943018
vn -0.535710 0.000000 0.844402
vn -0.535710 0.000000 0.844402
vn -0.332742 0.000000 0.943018
vn -0.112829 0.000000 0.993614
vn 0.112829 -0.000000 0.993614
vn 0.000000 -1.000000 0.000000
vn 0.000000 -1.000000 0.000000
vn 0.000000 -1.000000 0.000000
vn 0.000000 -1.000000 0.000000
vn 0.000000 -1.000000 0.000000
vn 0.000000 -1.000000 0.000000
vn 0.000000 -1.000000 0.000000
vn 0.000000 -1.000000 0.000000
vn 0.000000 -1.000000 0.000000
vn 0.000000 -1.000000 0.000000
vn 0.000000 -1.000000 0.000000
vn 0.000000 -1.000000 0.000000
vn -0.332742 0.000000 -0.943018
vn -0.535710 0.000000 -0.844402
vn -0.332742 0.000000 -0.943018
vn -0.535710 0.000000 -0.844402
vn -0.332742 0.000000 -0.943018
vn -0.112829 0.000000 -0.993614
vn -0.112829 0.000000 -0.993614
vn 0.112829 0.000000 -0.993614
vn 0.112829 0.000000 -0.993614
vn 0.332742 0.000000 -0.943018
vn 0.332742 0.000000 -0.943018
vn 0.535710 0.000000 -0.844402
vn 0.535710 0.000000 -0.844402
vn 0.332742 0.000000 -0.943018
vn 0.112829 0.000000 -0.993614
vn -0.112829 0.000000 -0.993614
vn 0.000000 -0.000000 -1.000000
vn 0.000000 -0.000000 -1.000000
vn 0.000000 -0.000000 -1.000000
vn 0.000000 -0.000000 -1.000000
vn 0.000000 -0.000000 -1.000000
vn 0.000000 -0.000000 -1.000000
vn 0.000000 -0.000000 -1.000000
vn 0.000000 -0.000000 -1.000000
vn -0.000000 -0.000000 1.000000
vn -0.000000 -0.000000 1.000000
vn -0.000000 -0.000000 1.000000
vn -0.000000 -0.000000 1.000000
vn -0.000000 -0.000000 1.000000
vn -0.000000 -0.000000 1.000000
vn -0.000000 -0.000000 1.000000
vn -0.000000 -0.000000 1.000000
vn -0.912212 0.000000 -0.409719
vn -0.866025 0.000000 -0.500000
vn -0.920180 0.000000 -0.391495
vn -0.965926 0.000000 -0.258819
vn -0.965926 0.000000 -0.258819
vn -1.000000 0.000000 0.000000
vn -0.979842 0.000000 -0.199775
vn -1.000000 0.000000 0.000000
vn -0.979842 0.000000 0.199775
vn -0.965926 0.000000 0.258819
vn -0.920180 0.000000 0.391495
vn -0.920180 0.000000 0.391495
vn -0.965926 0.000000 0.258819
vn -0.912212 0.000000 0.409719
vn -0.866025 0.000000 0.500000
vn -0.885519 0.000000 0.464603
vn -0.833100 0.000000 0.553122
vn -0.748856 0.000000 0.662733
vn -0.707107 0.000000 0.707107
vn -0.616215 0.000000 0.787578
vn -0.500000 0.000000 0.866025
vn -0.533657 0.000000 0.845701
vn -0.443012 0.000000 0.896516
vn -0.340213 0.000000 0.940348
vn -0.258819 0.000000 0.965926
vn -0.228984 0.000000 0.973430
vn -0.113817 0.000000 0.993502
vn -0.000000 0.000000 1.000000
vn 0.000000 0.000000 1.000000
vn 0.113817 0.000000 0.993502
vn 0.258819 0.000000 0.965926
vn 0.228984 0.000000 0.973430
vn 0.340213 0.000000 0.940348
vn 0.500000 0.000000 0.866025
vn 0.443012 0.000000 0.896516
vn 0.533657 0.000000 0.845701
vn 0.616215 0.000000 0.787578
vn 0.707107 0.000000 0.707107
vn 0.748856 0.000000 0.662733
vn 0.833100 0.000000 0.553122
vn 0.866025 0.000000 0.500000
vn 0.885519 0.000000 0.464603
vn 0.912212 0.000000 0.409719
vn 0.920180 0.000000 0.391495
vn 0.965926 0.000000 0.258819
vn 0.965926 0.000000 0.258819
vn 1.000000 0.000000 0.000000
vn 0.979842 0.000000 0.199775
vn 1.000000 0.000000 0.000000
vn 0.979842 0.000000 -0.199775
vn 0.965926 0.000000 -0.258819
vn 0.920180 0.000000 -0.391495
vn 0.920180 0.000000 -0.391495
vn 0.965926 0.000000 -0.258819
vn 0.912212 0.000000 -0.409719
vn 0.866025 0.000000 -0.500000
vn 0.885519 0.000000 -0.464603
vn 0.833100 0.000000 -0.553122
vn 0.748856 0.000000 -0.662733
vn 0.707107 0.000000 -0.707107
vn 0.616215 0.000000 -0.787578
vn 0.500000 0.000000 -0.866025
vn 0.533657 0.000000 -0.845701
vn 0.443012 0.000000 -0.896516
vn 0.340213 0.000000 -0.940348
vn 0.258819 0.000000 -0.965926
vn 0.228984 0.000000 -0.973430
vn 0.113817 0.000000 -0.993502
vn 0.000000 0.000000 -1.000000
vn 0.000000 0.000000 -1.000000
vn -0.113817 0.000000 -0.993502
vn -0.258819 0.000000 -0.965926
vn -0.228984 0.000000 -0.973430
vn -0.340213 0.000000 -0.940348
vn -0.500000 0.000000 -0.866025
vn -0.443012 0.000000 -0.896516
vn -0.533657 0.000000 -0.845701
vn -0.616215 0.000000 -0.787578
vn -0.707107 0.000000 -0.707107
vn -0.748856 0.000000 -0.662733
vn -0.833100 0.000000 -0.553122
vn -0.885519 0.000000 -0.464603
vn 0.920180 0.000000 0.391495
vn -0.920180 0.000000 -0.391495
vn -1.000000 0.000000 0.000000
vn 1.000000 0.000000 0.000000
vn 0.207912 0.000000 0.978148
vn 0.207912 0.000000 0.978148
vn 0.000000 0.000000 1.000000
vn 0.000000 0.000000 1.000000
vn -0.207912 0.000000 0.978148
vn -0.207912 0.000000 0.978148
vn -0.406737 0.000000 0.913545
vn -0.406737 0.000000 0.913545
vn -0.587785 0.000000 0.809017
vn -0.587785 0.000000 0.809017
vn -0.743145 0.000000 0.669131
vn -0.743145 0.000000 0.669131
vn -0.866025 0.000000 0.500000
vn -0.866025 0.000000 0.500000
vn -0.951057 0.000000 0.309017
vn -0.951057 0.000000 0.309017
vn -0.994522 0.000000 0.104528
vn -0.994522 0.000000 0.104528
vn -0.994522 -0.000000 -0.104528
vn -0.994522 -0.000000 -0.104528
vn -0.951057 -0.000000 -0.309017
vn -0.951057 -0.000000 -0.309017
vn -0.866025 -0.000000 -0.500000
vn -0.866025 -0.000000 -0.500000
vn -0.743145 -0.000000 -0.669131
vn -0.743145 -0.000000 -0.669131
vn -0.587785 -0.000000 -0.809017
vn -0.587785 -0.000000 -0.809017
vn -0.406737 -0.000000 -0.913545
vn -0.406737 -0.000000 -0.913545
vn -0.207912 -0.000000 -0.978148
vn -0.207912 -0.000000 -0.978148
vn -0.000000 -0.000000 -1.000000
vn -0.000000 -0.000000 -1.000000
vn 0.207912 -0.000000 -0.978148
vn 0.207912 -0.000000 -0.978148
vn 0.406737 -0.000000 -0.913545
vn 0.406737 -0.000000 -0.913545
vn 0.587785 -0.000000 -0.809017
vn 0.587785 -0.000000 -0.809017
vn 0.743145 -0.000000 -0.669131
vn 0.743145 -0.000000 -0.669131
vn 0.866025 -0.000000 -0.500000
vn 0.866025 -0.000000 -0.500000
vn 0.951057 -0.000000 -0.309017
vn 0.951057 -0.000000 -0.309017
vn 0.994522 -0.000000 -0.104528
vn 0.994522 -0.000000 -0.104528
vn 0.994522 0.000000 0.104528
vn 0.994522 0.000000 0.104528
vn 0.951057 0.000000 0.309017
vn 0.951057 0.000000 0.309017
vn 0.866025 0.000000 0.500000
vn 0.866025 0.000000 0.500000
vn 0.743145 0.000000 0.669131
vn 0.743145 0.000000 0.669131
vn 0.587785 0.000000 0.809017
vn 0.587785 0.000000 0.809017
vn 0.406737 0.000000 0.913545
vn 0.406737 0.000000 0.913545
vn -0.000000 0.156781 -0.987633
vn -0.000000 0.156781 -0.987633
vn -0.000000 0.313044 -0.949739
vn -0.000000 0.457743 -0.889084
vn -0.000000 0.457743 -0.889084
vn -0.000000 0.313044 -0.949739
vn -0.000000 0.581531 -0.813524
vn -0.000000 0.581531 -0.813524
vn -0.000000 0.685337 -0.728226
vn -0.000000 0.725949 -0.687748
vn -0.000000 0.725949 -0.687748
vn -0.000000 0.685337 -0.728226
vn -0.000000 0.757453 -0.652889
vn -0.000000 0.757453 -0.652889
vn -0.000000 0.782446 -0.622718
vn -0.000000 0.782446 -0.622718
vn -0.000000 0.800035 -0.599953
vn -0.000000 0.800035 -0.599953
vn -0.000000 0.810157 -0.586213
vn -0.000000 0.810157 -0.586213
vn -0.000000 0.813437 -0.581653
vn -0.000000 0.156781 0.987633
vn -0.000000 0.156781 0.987633
vn -0.000000 0.313044 0.949739
vn -0.000000 0.457743 0.889084
vn -0.000000 0.457743 0.889084
vn -0.000000 0.313044 0.949739
vn -0.000000 0.581531 0.813524
vn -0.000000 0.581531 0.813524
vn -0.000000 0.685337 0.728226
vn -0.000000 0.725949 0.687748
vn -0.000000 0.725949 0.687748
vn -0.000000 0.685337 0.728226
vn -0.000000 0.757453 0.652889
vn -0.000000 0.757453 0.652889
vn -0.000000 0.782446 0.622718
vn -0.000000 0.782446 0.622718
vn -0.000000 0.800035 0.599953
vn -0.000000 0.800035 0.599953
vn -0.000000 0.810157 0.586213
vn -0.000000 0.810157 0.586213
vn -0.000000 0.813437 0.581653
vn 0.000000 1.000000 0.000000
vn 0.000000 1.000000 0.000000
vn 0.000000 1.000000 0.000000
vn 0.000000 1.000000 0.000000
vn 0.000000 1.000000 0.000000
vn 0.000000 1.000000 0.000000
vn 0.000000 1.000000 0.000000
vn 0.000000 1.000000 0.000000
vn 0.000000 1.000000 0.000000
vn 0.000000 1.000000 0.000000
vn 0.000000 1.000000 0.000000
vn 0.000000 1.000000 0.000000
vn 0.000000 1.000000 0.000000
vn 0.000000 1.000000 0.000000
vn 0.000000 1.000000 0.000000
vn 0.000000 1.000000 0.000000
vn 0.000000 1.000000 0.000000
vn 0.000000 1.000000 0.000000
vn 0.000000 1.000000 0.000000
vn 0.000000 1.000000 0.000000
vn 0.000000 1.000000 0.000000
vn 0.000000 1.000000 0.000000
vn 0.000000 1.000000 0.000000
vn 0.000000 1.000000 0.000000
vn 0.000000 1.000000 0.000000
vn 0.000000 1.000000 0.000000
vn 0.000000 1.000000 0.000000
vn 0.000000 1.000000 0.000000
vn 0.000000 1.000000 0.000000
vn 0.000000 1.000000 0.000000
vn 0.000000 1.000000 0.000000
vn 0.000000 1.000000 0.000000
vn 0.000000 1.000000 0.000000
vn 0.000000 1.000000 0.000000
vn 0.000000 1.000000 0.000000
vn 0.000000 1.000000 0.000000
vn 0.000000 1.000000 0.000000
vn 0.000000 1.000000 0.000000
vn 0.000000 1.000000 0.000000
vn 0.000000 1.000000 0.000000
vn 0.000000 1.000000 0.000000
vn 0.000000 1.000000 0.000000
vn 0.000000 1.000000 0.000000
vn 0.000000 1.000000 0.000000
vn 0.000000 1.000000 0.000000
vn 0.000000 1.000000 0.000000
vn 0.000000 1.000000 0.000000
vn 0.000000 1.000000 0.000000
vn 0.000000 1.000000 0.000000
vn 0.000000 1.000000 0.000000
vn 0.000000 1.000000 0.000000
vn 0.000000 1.000000 0.000000
vn 0.000000 1.000000 0.000000
vn 0.000000 1.000000 0.000000
vn -0.000000 -1.000000 -0.000000
vn -0.000000 -1.000000 -0.000000
vn -0.000000 -1.000000 -0.000000
vn -0.000000 -1.000000 -0.000000
vn -0.000000 -1.000000 -0.000000
vn -0.000000 -1.000000 -0.000000
vn -0.000000 -1.000000 -0.000000
vn -0.000000 -1.000000 -0.000000
vn -0.000000 -1.000000 -0.000000
vn -0.000000 -1.000000 -0.000000
vn -0.000000 -1.000000 -0.000000
vn -0.000000 -1.000000 -0.000000
vn -0.000000 -1.000000 -0.000000
vn -0.000000 -1.000000 -0.000000
vn -0.000000 -1.000000 -0.000000
vn -0.000000 -1.000000 -0.000000
vn -0.000000 -1.000000 -0.000000
vn -0.000000 -1.000000 -0.000000
vn -0.000000 -1.000000 -0.000000
vn -0.000000 -1.000000 -0.000000
vn -0.000000 -1.000000 -0.000000
vn -0.000000 -1.000000 -0.000000
vn -0.000000 -1.000000 -0.000000
vn -0.000000 -1.000000 -0.000000
vn -0.000000 -1.000000 -0.000000
vn -0.000000 -1.000000 -0.000000
vn -0.000000 -1.000000 -0.000000
vn -0.000000 -1.000000 -0.000000
vn -0.000000 -1.000000 -0.000000
vn -0.000000 -1.000000 -0.000000
vn -0.000000 -1.000000 -0.000000
vn -0.000000 -1.000000 -0.000000
vn -0.000000 -1.000000 -0.000000
vn -0.000000 -1.000000 -0.000000
vn -0.000000 -1.000000 -0.000000
vn -0.000000 -1.000000 -0.000000
vn -0.000000 -1.000000 -0.000000
vn -0.000000 -1.000000 -0.000000
vn -0.000000 -1.000000 -0.000000
vn -0.000000 -1.000000 -0.000000
vn -0.000000 -1.000000 -0.000000
vn -0.000000 -1.000000 -0.000000
vn -0.000000 -1.000000 -0.000000
vn -0.000000 -1.000000 -0.000000
vn -0.000000 -1.000000 -0.000000
vn -0.000000 -1.000000 -0.000000
vn -0.000000 -1.000000 -0.000000
vn -0.000000 -1.000000 -0.000000
vn -0.000000 -1.000000 -0.000000
vn -0.000000 -1.000000 -0.000000
vn -0.000000 -1.000000 -0.000000
vn -0.000000 -1.000000 -0.000000
usemtl Opaque(255,153,51)
f 12/1/1 1/2/2 13/3/3
f 13/3/3 1/2/2 2/4/4
f 13/3/3 2/4/4 3/5/5
f 13/3/3 3/5/5 14/6/6
f 14/6/6 3/5/5 4/7/7
f 14/6/6 4/7/7 15/8/8
f 15/8/8 4/7/7 5/9/9
f 15/8/8 5/9/9 16/10/10
f 16/10/10 5/9/9 6/11/11
f 16/10/10 6/11/11 7/12/12
f 7/12/12 8/13/13 16/10/10
f 16/10/10 8/13/13 9/14/14
f 16/10/10 9/14/14 15/8/8
f 15/8/8 9/14/14 10/15/15
f 15/8/8 10/15/15 14/6/6
f 14/6/6 10/15/15 11/16/16
f 14/6/6 11/16/16 13/3/3
f 13/3/3 11/16/16 12/1/1
f 8/17/17 1/18/18 9/19/19
f 9/19/19 1/18/18 12/20/20
f 9/19/19 12/20/20 10/21/21
f 10/21/21 12/20/20 11/22/22
f 17/23/23 18/24/24 22/25/25
f 22/25/25 18/24/24 19/26/26
f 22/25/25 19/26/26 21/27/27
f 21/27/27 19/26/26 20/28/28
f 19/29/29 18/30/30 29/31/31
f 29/31/31 18/30/30 23/32/32
f 29/31/31 23/32/32 24/33/33
f 29/31/31 24/33/33 30/34/34
f 30/34/34 24/33/33 25/35/35
f 30/34/34 25/35/35 31/36/36
f 31/36/36 25/35/35 26/37/37
f 31/36/36 26/37/37 32/38/38
f 32/38/38 26/37/37 27/39/39
f 32/38/38 27/39/39 28/40/40
f 28/40/40 17/41/41 32/38/38
f 32/38/38 17/41/41 22/42/42
f 32/38/38 22/42/42 31/36/36
f 31/36/36 22/42/42 21/43/43
f 31/36/36 21/43/43 30/34/34
f 30/34/34 21/43/43 20/44/44
f 30/34/34 20/44/44 29/31/31
f 29/31/31 20/44/44 19/29/29
usemtl Opaque(255,202,0)
f 23/45/45 18/46/46 36/47/47
f 36/47/47 18/46/46 35/48/48
f 35/48/48 18/46/46 17/49/49
f 35/48/48 17/49/49 34/50/50
f 34/50/50 17/49/49 33/51/51
f 33/51/51 17/49/49 28/52/52
f 2/53/53 1/54/54 40/55/55
f 40/55/55 1/54/54 39/56/56
f 39/56/56 1/54/54 8/57/57
f 39/56/56 8/57/57 38/58/58
f 38/58/58 8/57/57 37/59/59
f 37/59/59 8/57/57 7/60/60
f 41/61/61 93/62/62 35/63/63
f 35/63/63 93/62/62 94/64/64
f 35/63/63 94/64/64 113/65/65
f 113/65/65 94/64/64 118/66/66
f 113/65/65 118/66/66 88/67/67
f 88/67/67 118/66/66 87/68/68
f 87/68/68 118/66/66 86/69/69
f 86/69/69 118/66/66 117/70/70
f 86/69/69 117/70/70 37/71/71
f 37/71/71 117/70/70 38/72/72
f 38/72/72 117/70/70 96/73/73
f 38/72/72 96/73/73 85/74/74
f 85/74/74 96/73/73 97/75/75
f 85/74/74 97/75/75 84/76/76
f 84/76/76 97/75/75 83/77/77
f 83/77/77 97/75/75 82/78/78
f 82/78/78 97/75/75 98/79/79
f 82/78/78 98/79/79 81/80/80
f 81/80/80 98/79/79 99/81/81
f 81/80/80 99/81/81 80/82/82
f 80/82/82 99/81/81 79/83/83
f 79/83/83 99/81/81 78/84/84
f 78/84/84 99/81/81 100/85/85
f 78/84/84 100/85/85 77/86/86
f 77/86/86 100/85/85 76/87/87
f 76/87/87 100/85/85 101/88/88
f 76/87/87 101/88/88 75/89/89
f 75/89/89 101/88/88 74/90/90
f 74/90/90 101/88/88 102/91/91
f 74/90/90 102/91/91 73/92/92
f 73/92/92 102/91/91 72/93/93
f 72/93/93 102/91/91 103/94/94
f 72/93/93 103/94/94 71/95/95
f 71/95/95 103/94/94 70/96/96
f 70/96/96 103/94/94 69/97/97
f 69/97/97 103/94/94 104/98/98
f 69/97/97 104/98/98 68/99/99
f 68/99/99 104/98/98 67/100/100
f 67/100/100 104/98/98 105/101/101
f 67/100/100 105/101/101 66/102/102
f 66/102/102 105/101/101 65/103/103
f 65/103/103 105/101/101 39/104/104
f 39/104/104 105/101/101 106/105/105
f 39/104/104 106/105/105 116/106/106
f 116/106/106 106/105/105 115/107/107
f 116/106/106 115/107/107 64/108/108
f 64/108/108 115/107/107 63/109/109
f 63/109/109 115/107/107 62/110/110
f 62/110/110 115/107/107 114/111/111
f 62/110/110 114/111/111 33/112/112
f 33/112/112 114/111/111 34/113/113
f 34/113/113 114/111/111 108/114/114
f 34/113/113 108/114/114 61/115/115
f 61/115/115 108/114/114 109/116/116
f 61/115/115 109/116/116 60/117/117
f 60/117/117 109/116/116 59/118/118
f 59/118/118 109/116/116 58/119/119
f 58/119/119 109/116/116 110/120/120
f 58/119/119 110/120/120 57/121/121
f 57/121/121 110/120/120 111/122/122
f 57/121/121 111/122/122 56/123/123
f 56/123/123 111/122/122 55/124/124
f 55/124/124 111/122/122 54/125/125
f 54/125/125 111/122/122 112/126/126
f 54/125/125 112/126/126 53/127/127
f 53/127/127 112/126/126 52/128/128
f 52/128/128 112/126/126 89/129/129
f 52/128/128 89/129/129 51/130/130
f 51/131/130 89/132/129 50/133/131
f 50/133/131 89/132/129 90/134/132
f 50/133/131 90/134/132 49/135/133
f 49/135/133 90/134/132 48/136/134
f 48/136/134 90/134/132 91/137/135
f 48/136/134 91/137/135 47/138/136
f 47/138/136 91/137/135 46/139/137
f 46/139/137 91/137/135 45/140/138
f 45/140/138 91/137/135 92/141/139
f 45/140/138 92/141/139 44/142/140
f 44/142/140 92/141/139 43/143/141
f 43/143/141 92/141/139 93/62/62
f 43/143/141 93/62/62 42/144/142
f 42/144/142 93/62/62 41/61/61
f 64/108/108 40/145/143 116/106/106
f 116/106/106 40/145/143 39/104/104
f 88/67/67 36/146/144 113/65/65
f 113/65/65 36/146/144 35/63/63
f 94/64/64 95/147/145 118/66/66
f 118/66/66 95/147/145 117/70/70
f 95/147/145 96/73/73 117/70/70
f 106/105/105 107/148/146 115/107/107
f 115/107/107 107/148/146 114/111/111
f 107/148/146 108/114/114 114/111/111
f 120/149/147 178/150/148 119/151/149
f 119/151/149 178/150/148 149/152/150
f 119/151/149 149/152/150 148/153/151
f 148/153/151 149/152/150 150/154/152
f 148/153/151 150/154/152 147/155/153
f 147/155/153 150/154/152 151/156/154
f 147/155/153 151/156/154 146/157/155
f 146/157/155 151/156/154 152/158/156
f 146/157/155 152/158/156 145/159/157
f 145/159/157 152/158/156 153/160/158
f 145/159/157 153/160/158 144/161/159
f 144/161/159 153/160/158 154/162/160
f 144/161/159 154/162/160 143/163/161
f 143/163/161 154/162/160 155/164/162
f 143/163/161 155/164/162 142/165/163
f 142/165/163 155/164/162 156/166/164
f 142/165/163 156/166/164 141/167/165
f 141/167/165 156/166/164 157/168/166
f 141/167/165 157/168/166 140/169/167
f 140/169/167 157/168/166 158/170/168
f 140/169/167 158/170/168 139/171/169
f 139/171/169 158/170/168 159/172/170
f 139/171/169 159/172/170 138/173/171
f 138/173/171 159/172/170 160/174/172
f 138/173/171 160/174/172 137/175/173
f 137/175/173 160/174/172 161/176/174
f 137/175/173 161/176/174 136/177/175
f 136/177/175 161/176/174 162/178/176
f 136/177/175 162/178/176 135/179/177
f 135/179/177 162/178/176 163/180/178
f 135/179/177 163/180/178 134/181/179
f 134/181/179 163/180/178 164/182/180
f 134/183/179 164/184/180 133/185/181
f 133/185/181 164/184/180 165/186/182
f 133/185/181 165/186/182 132/187/183
f 132/187/183 165/186/182 166/188/184
f 132/187/183 166/188/184 131/189/185
f 131/189/185 166/188/184 167/190/186
f 131/189/185 167/190/186 130/191/187
f 130/191/187 167/190/186 168/192/188
f 130/191/187 168/192/188 129/193/189
f 129/193/189 168/192/188 169/194/190
f 129/193/189 169/194/190 128/195/191
f 128/195/191 169/194/190 170/196/192
f 128/195/191 170/196/192 127/197/193
f 127/197/193 170/196/192 171/198/194
f 127/197/193 171/198/194 126/199/195
f 126/199/195 171/198/194 172/200/196
f 126/199/195 172/200/196 125/201/197
f 125/201/197 172/200/196 173/202/198
f 125/201/197 173/202/198 124/203/199
f 124/203/199 173/202/198 174/204/200
f 124/203/199 174/204/200 123/205/201
f 123/205/201 174/204/200 175/206/202
f 123/205/201 175/206/202 122/207/203
f 122/207/203 175/206/202 176/208/204
f 122/207/203 176/208/204 121/209/205
f 121/209/205 176/208/204 177/210/206
f 121/209/205 177/210/206 120/149/147
f 120/149/147 177/210/206 178/150/148
f 35/211/48 34/212/50 41/213/207
f 41/213/207 34/212/50 61/214/208
f 41/213/207 61/214/208 60/215/209
f 59/216/210 43/217/211 60/215/209
f 60/215/209 43/217/211 42/218/212
f 60/215/209 42/218/212 41/213/207
f 43/217/211 59/216/210 44/219/213
f 44/219/213 59/216/210 58/220/214
f 44/219/213 58/220/214 57/221/215
f 56/222/216 46/223/217 57/221/215
f 57/221/215 46/223/217 45/224/218
f 57/221/215 45/224/218 44/219/213
f 46/223/217 56/222/216 47/225/219
f 47/225/219 56/222/216 55/226/220
f 47/225/219 55/226/220 48/227/221
f 48/227/221 55/226/220 54/228/222
f 48/227/221 54/228/222 49/229/223
f 49/229/223 54/228/222 53/230/224
f 49/229/223 53/230/224 50/231/225
f 50/231/225 53/230/224 52/232/226
f 50/231/225 52/232/226 51/233/227
f 39/234/56 38/235/58 65/236/228
f 65/236/228 38/235/58 85/237/229
f 65/236/228 85/237/229 84/238/230
f 83/239/231 67/240/232 84/238/230
f 84/238/230 67/240/232 66/241/233
f 84/238/230 66/241/233 65/236/228
f 67/240/232 83/239/231 68/242/234
f 68/242/234 83/239/231 82/243/235
f 68/242/234 82/243/235 81/244/236
f 80/245/237 70/246/238 81/244/236
f 81/244/236 70/246/238 69/247/239
f 81/244/236 69/247/239 68/242/234
f 70/246/238 80/245/237 71/248/240
f 71/248/240 80/245/237 79/249/241
f 71/248/240 79/249/241 72/250/242
f 72/250/242 79/249/241 78/251/243
f 72/250/242 78/251/243 73/252/244
f 73/252/244 78/251/243 77/253/245
f 73/252/244 77/253/245 74/254/246
f 74/254/246 77/253/245 76/255/247
f 74/254/246 76/255/247 75/256/248
f 150/257/249 149/258/250 89/259/251
f 89/259/251 149/258/250 178/260/252
f 89/259/251 178/260/252 90/261/253
f 90/261/253 178/260/252 177/262/254
f 90/261/253 177/262/254 91/263/255
f 91/263/255 177/262/254 176/264/256
f 91/263/255 176/264/256 92/265/257
f 92/265/257 176/264/256 175/266/258
f 92/265/257 175/266/258 93/267/259
f 93/267/259 175/266/258 174/268/260
f 93/267/259 174/268/260 173/269/261
f 93/267/259 173/269/261 94/270/262
f 94/270/262 173/269/261 172/271/263
f 94/270/262 172/271/263 95/272/264
f 95/272/264 172/271/263 171/273/265
f 95/272/264 171/273/265 96/274/266
f 96/274/266 171/273/265 170/275/267
f 96/274/266 170/275/267 97/276/268
f 97/276/268 170/275/267 169/277/269
f 97/276/268 169/277/269 168/278/270
f 97/276/268 168/278/270 98/279/271
f 98/279/271 168/278/270 167/280/272
f 98/279/271 167/280/272 99/281/273
f 99/281/273 167/280/272 166/282/274
f 99/281/273 166/282/274 100/283/275
f 100/283/275 166/282/274 165/284/276
f 100/283/275 165/284/276 101/285/277
f 101/285/277 165/284/276 164/286/278
f 101/285/277 164/286/278 163/287/279
f 101/285/277 163/287/279 102/288/280
f 102/288/280 163/287/279 162/289/281
f 102/288/280 162/289/281 103/290/282
f 103/290/282 162/289/281 161/291/283
f 103/290/282 161/291/283 104/292/284
f 104/292/284 161/291/283 160/293/285
f 104/292/284 160/293/285 105/294/286
f 105/294/286 160/293/285 159/295/287
f 105/294/286 159/295/287 158/296/288
f 105/294/286 158/296/288 106/297/289
f 106/297/289 158/296/288 157/298/290
f 106/297/289 157/298/290 107/299/291
f 107/299/291 157/298/290 156/300/292
f 107/299/291 156/300/292 108/301/293
f 108/301/293 156/300/292 155/302/294
f 108/301/293 155/302/294 109/303/295
f 109/303/295 155/302/294 154/304/296
f 109/303/295 154/304/296 153/305/297
f 109/303/295 153/305/297 110/306/298
f 110/306/298 153/305/297 152/307/299
f 110/306/298 152/307/299 111/308/300
f 111/308/300 152/307/299 151/309/301
f 111/308/300 151/309/301 112/310/302
f 112/310/302 151/309/301 150/257/249
f 112/310/302 150/257/249 89/259/251
f 27/311/303 147/312/304 28/313/305
f 28/313/305 147/312/304 146/314/306
f 28/313/305 146/314/306 33/315/307
f 33/315/307 146/314/306 145/316/308
f 33/315/307 145/316/308 144/317/309
f 147/312/304 27/311/303 148/318/310
f 148/318/310 27/311/303 26/319/311
f 148/318/310 26/319/311 119/320/312
f 119/320/312 26/319/311 25/321/313
f 119/320/312 25/321/313 120/322/314
f 120/322/314 25/321/313 24/323/315
f 120/322/314 24/323/315 121/324/316
f 121/324/316 24/323/315 23/325/317
f 121/324/316 23/325/317 122/326/318
f 122/326/318 23/325/317 36/327/319
f 122/326/318 36/327/319 123/328/320
f 123/328/320 36/327/319 124/329/321
f 124/329/321 36/327/319 125/330/322
f 125/330/322 36/327/319 88/331/323
f 125/330/322 88/331/323 126/332/324
f 126/332/324 88/331/323 87/333/325
f 126/332/324 87/333/325 127/334/326
f 127/334/326 87/333/325 86/335/327
f 127/334/326 86/335/327 128/336/328
f 128/336/328 86/335/327 37/337/329
f 128/336/328 37/337/329 129/338/330
f 129/338/330 37/337/329 130/339/331
f 130/339/331 37/337/329 131/340/332
f 131/340/332 37/337/329 7/341/333
f 131/340/332 7/341/333 132/342/334
f 132/342/334 7/341/333 6/343/335
f 132/342/334 6/343/335 133/344/336
f 133/344/336 6/343/335 5/345/337
f 133/344/336 5/345/337 134/346/338
f 134/346/338 5/345/337 4/347/339
f 134/346/338 4/347/339 135/348/340
f 135/348/340 4/347/339 3/349/341
f 135/348/340 3/349/341 136/350/342
f 136/350/342 3/349/341 2/351/343
f 136/350/342 2/351/343 137/352/344
f 137/352/344 2/351/343 40/353/345
f 137/352/344 40/353/345 138/354/346
f 138/354/346 40/353/345 139/355/347
f 139/355/347 40/353/345 140/356/348
f 140/356/348 40/353/345 64/357/349
f 140/356/348 64/357/349 141/358/350
f 141/358/350 64/357/349 63/359/351
f 141/358/350 63/359/351 142/360/352
f 142/360/352 63/359/351 62/361/353
f 142/360/352 62/361/353 143/362/354
f 143/362/354 62/361/353 33/315/307
f 143/362/354 33/315/307 144/317/309
g Body2

v 2.650000 1.700000 0.000000
v 2.618943 1.700000 -0.404521
v 2.526500 1.700000 -0.799560
v 2.374839 1.700000 -1.175858
v 2.167513 1.700000 -1.524594
v 1.909382 1.700000 -1.837596
v 1.606497 1.700000 -2.107526
v 1.265958 1.700000 -2.328057
v 0.895745 1.700000 -2.494021
v 0.504536 1.700000 -2.601527
v 0.101502 1.700000 -2.648055
v -0.303911 1.700000 -2.632516
v -0.702201 1.700000 -2.555272
v -1.084032 1.700000 -2.418135
v -1.440454 1.700000 -2.224318
v -1.763113 1.700000 -1.978366
v -2.044446 1.700000 -1.686042
v -2.277859 1.700000 -1.354200
v -2.457881 1.700000 -0.990615
v -2.580293 1.700000 -0.603812
v -2.642224 1.700000 -0.202856
v -2.642224 1.700000 0.202856
v -2.580293 1.700000 0.603812
v -2.457881 1.700000 0.990615
v -2.277859 1.700000 1.354200
v -2.044446 1.700000 1.686042
v -1.763113 1.700000 1.978366
v -1.440454 1.700000 2.224318
v -1.084032 1.700000 2.418135
v -0.702201 1.700000 2.555272
v -0.303911 1.700000 2.632516
v 0.101502 1.700000 2.648055
v 0.504536 1.700000 2.601527
v 0.895745 1.700000 2.494021
v 1.265958 1.700000 2.328057
v 1.606497 1.700000 2.107526
v 1.909382 1.700000 1.837596
v 2.167513 1.700000 1.524594
v 2.374839 1.700000 1.175858
v 2.526500 1.700000 0.799560
v 2.618943 1.700000 0.404521
v 2.650000 4.200000 0.000000
v 2.618943 4.200000 0.404521
v 2.526500 4.200000 0.799560
v 2.374839 4.200000 1.175858
v 2.167513 4.200000 1.524594
v 1.909382 4.200000 1.837596
v 1.606497 4.200000 2.107526
v 1.265958 4.200000 2.328057
v 0.895745 4.200000 2.494021
v 0.504536 4.200000 2.601527
v 0.101502 4.200000 2.648055
v -0.303911 4.200000 2.632516
v -0.702201 4.200000 2.555272
v -1.084032 4.200000 2.418135
v -1.440454 4.200000 2.224318
v -1.763113 4.200000 1.978366
v -2.044446 4.200000 1.686042
v -2.277859 4.200000 1.354200
v -2.457881 4.200000 0.990615
v -2.580293 4.200000 0.603812
v -2.642224 4.200000 0.202856
v -2.642224 4.200000 -0.202856
v -2.580293 4.200000 -0.603812
v -2.457881 4.200000 -0.990615
v -2.277859 4.200000 -1.354200
v -2.044446 4.200000 -1.686042
v -1.763113 4.200000 -1.978366
v -1.440454 4.200000 -2.224318
v -1.084032 4.200000 -2.418135
v -0.702201 4.200000 -2.555272
v -0.303911 4.200000 -2.632516
v 0.101502 4.200000 -2.648055
v 0.504536 4.200000 -2.601527
v 0.895745 4.200000 -2.494021
v 1.265958 4.200000 -2.328057
v 1.606497 4.200000 -2.107526
v 1.909382 4.200000 -1.837596
v 2.167513 4.200000 -1.524594
v 2.374839 4.200000 -1.175858
v 2.526500 4.200000 -0.799560
v 2.618943 4.200000 -0.404521
v 0.000000 1.750000 2.300000
v -0.378568 1.750000 2.268631
v -0.746809 1.750000 2.175380
v -1.094679 1.750000 2.022790
v -1.412689 1.750000 1.815023
v -1.692165 1.750000 1.557748
v -1.925483 1.750000 1.257981
v -2.106279 1.750000 0.923899
v -2.229621 1.750000 0.564617
v -2.292144 1.750000 0.189932
v -2.292144 1.750000 -0.189932
v -2.229621 1.750000 -0.564617
v -2.106279 1.750000 -0.923899
v -1.925483 1.750000 -1.257981
v -1.692165 1.750000 -1.557748
v -1.412689 1.750000 -1.815023
v -1.094679 1.750000 -2.022790
v -0.746809 1.750000 -2.175380
v -0.378568 1.750000 -2.268631
v 0.000000 1.750000 -2.300000
v 0.378568 1.750000 -2.268631
v 0.746809 1.750000 -2.175380
v 1.094679 1.750000 -2.022790
v 1.412689 1.750000 -1.815023
v 1.692165 1.750000 -1.557748
v 1.925483 1.750000 -1.257981
v 2.106279 1.750000 -0.923899
v 2.229621 1.750000 -0.564617
v 2.292144 1.750000 -0.189932
v 2.292144 1.750000 0.189932
v 2.229621 1.750000 0.564617
v 2.106279 1.750000 0.923899
v 1.925483 1.750000 1.257981
v 1.692165 1.750000 1.557748
v 1.412689 1.750000 1.815023
v 1.094679 1.750000 2.022790
v 0.746809 1.750000 2.175380
v 0.378568 1.750000 2.268631
v 2.300000 4.200000 0.000000
v 2.268631 4.200000 -0.378568
v 2.175380 4.200000 -0.746809
v 2.022790 4.200000 -1.094679
v 1.815023 4.200000 -1.412689
v 1.557748 4.200000 -1.692165
v 1.257981 4.200000 -1.925483
v 0.923899 4.200000 -2.106279
v 0.564617 4.200000 -2.229621
v 0.189932 4.200000 -2.292144
v -0.189932 4.200000 -2.292144
v -0.564617 4.200000 -2.229621
v -0.923899 4.200000 -2.106279
v -1.257981 4.200000 -1.925483
v -1.557748 4.200000 -1.692165
v -1.815023 4.200000 -1.412689
v -2.022790 4.200000 -1.094679
v -2.175380 4.200000 -0.746809
v -2.268631 4.200000 -0.378568
v -2.300000 4.200000 -0.000000
v -2.268631 4.200000 0.378568
v -2.175380 4.200000 0.746809
v -2.022790 4.200000 1.094679
v -1.815023 4.200000 1.412689
v -1.557748 4.200000 1.692165
v -1.257981 4.200000 1.925483
v -0.923899 4.200000 2.106279
v -0.564617 4.200000 2.229621
v -0.189932 4.200000 2.292144
v 0.189932 4.200000 2.292144
v 0.564617 4.200000 2.229621
v 0.923899 4.200000 2.106279
v 1.257981 4.200000 1.925483
v 1.557748 4.200000 1.692165
v 1.815023 4.200000 1.412689
v 2.022790 4.200000 1.094679
v 2.175380 4.200000 0.746809
v 2.268631 4.200000 0.378568
v 0.000000 1.700000 2.350000
v 0.376967 1.700000 2.319568
v 0.744170 1.700000 2.229061
v 1.092099 1.700000 2.080822
v 1.411744 1.700000 1.878690
v 1.694826 1.700000 1.627902
v 1.934012 1.700000 1.334952
v 2.123109 1.700000 1.007428
v 2.257218 1.700000 0.653811
v 2.332866 1.700000 0.283261
v 2.348094 1.700000 -0.094625
v 2.302508 1.700000 -0.470060
v 2.197288 1.700000 -0.833321
v 2.035160 1.700000 -1.175000
v 1.820322 1.700000 -1.486247
v 1.558338 1.700000 -1.759000
v 1.255995 1.700000 -1.986197
v 0.921122 1.700000 -2.161952
v 0.562392 1.700000 -2.281713
v 0.189096 1.700000 -2.342380
v -0.189096 1.700000 -2.342380
v -0.562392 1.700000 -2.281713
v -0.921122 1.700000 -2.161952
v -1.255995 1.700000 -1.986197
v -1.558338 1.700000 -1.759000
v -1.820322 1.700000 -1.486247
v -2.035160 1.700000 -1.175000
v -2.197288 1.700000 -0.833321
v -2.302508 1.700000 -0.470060
v -2.348094 1.700000 -0.094625
v -2.332866 1.700000 0.283261
v -2.257218 1.700000 0.653811
v -2.123109 1.700000 1.007428
v -1.934012 1.700000 1.334952
v -1.694826 1.700000 1.627902
v -1.411744 1.700000 1.878690
v -1.092099 1.700000 2.080822
v -0.744170 1.700000 2.229061
v -0.376967 1.700000 2.319568
v 0.000000 1.737059 -2.301704
v 0.000000 1.725000 -2.306699
v 0.000000 1.714645 -2.314645
v 0.000000 1.706699 -2.325000
v -0.000000 1.701704 -2.337059
v -0.271316 1.701704 -2.321257
v -1.033003 1.737059 -2.056878
v -1.502233 1.701704 -1.790291
v -1.479507 1.737059 -1.763207
v -2.205008 1.737059 -0.660136
v -2.301554 1.701704 -0.405826
v -2.297810 1.737059 -0.133832
v -2.145925 1.701704 0.925662
v -2.205008 1.737059 0.660136
v -1.874609 1.701704 1.395595
v -1.479507 1.737059 1.763207
v -0.799321 1.701704 2.196117
v -1.033003 1.737059 2.056878
v 0.799321 1.701704 2.196117
v 1.033003 1.737059 2.056878
v 1.874609 1.701704 1.395595
v 1.479507 1.737059 1.763207
v 2.145925 1.701704 0.925662
v 2.205008 1.737059 0.660136
v 2.301554 1.701704 -0.405826
v 2.297810 1.737059 0.133832
v 2.205008 1.737059 -0.660136
v 1.502233 1.701704 -1.790291
v 1.479507 1.737059 -1.763207
v 1.033003 1.737059 -2.056878
v 0.271316 1.701704 -2.321257
v 0.267211 1.737059 2.286140
v 0.267791 1.725000 2.291102
v 0.268714 1.714645 2.298994
v 0.269916 1.706699 2.309279
v 0.271316 1.701704 2.321257
v 0.000000 1.701704 2.337059
v 0.000000 1.706699 2.325000
v 0.000000 1.714645 2.314645
v 0.000000 1.725000 2.306699
v 0.000000 1.737059 2.301704
v 0.530809 1.737059 2.239661
v 0.531961 1.725000 2.244521
v 0.533794 1.714645 2.252253
v 0.536182 1.706699 2.262329
v 0.538963 1.701704 2.274063
v 0.787229 1.737059 2.162894
v 0.788937 1.725000 2.167588
v 0.791655 1.714645 2.175055
v 0.795197 1.706699 2.184785
v 1.264807 1.737059 1.923045
v 1.267552 1.725000 1.927219
v 1.271918 1.714645 1.933857
v 1.277608 1.706699 1.942509
v 1.284235 1.701704 1.952584
v 1.048870 1.701704 2.088472
v 1.043458 1.706699 2.077696
v 1.038811 1.714645 2.068442
v 1.035244 1.725000 2.061341
v 1.482717 1.725000 1.767034
v 1.487825 1.714645 1.773121
v 1.494481 1.706699 1.781053
v 1.502233 1.701704 1.790291
v 1.846250 1.737059 1.374482
v 1.850257 1.725000 1.377465
v 1.856630 1.714645 1.382210
v 1.864936 1.706699 1.388394
v 1.699915 1.701704 1.603787
v 1.691144 1.706699 1.595512
v 1.683612 1.714645 1.588406
v 1.677832 1.725000 1.582953
v 1.674199 1.737059 1.579525
v 1.993334 1.737059 1.150852
v 1.997660 1.725000 1.153349
v 2.004541 1.714645 1.157322
v 2.013509 1.706699 1.162500
v 2.023953 1.701704 1.168530
v 2.113461 1.737059 0.911658
v 2.118048 1.725000 0.913637
v 2.125344 1.714645 0.916784
v 2.134852 1.706699 0.920885
v 2.266736 1.737059 0.399687
v 2.271655 1.725000 0.400554
v 2.279480 1.714645 0.401934
v 2.289678 1.706699 0.403732
v 2.301554 1.701704 0.405826
v 2.238878 1.701704 0.670276
v 2.227326 1.706699 0.666818
v 2.217405 1.714645 0.663848
v 2.209793 1.725000 0.661569
v 2.302796 1.725000 0.134123
v 2.310729 1.714645 0.134585
v 2.321066 1.706699 0.135187
v 2.333105 1.701704 0.135888
v 2.266736 1.737059 -0.399687
v 2.271655 1.725000 -0.400554
v 2.279480 1.714645 -0.401934
v 2.289678 1.706699 -0.403732
v 2.333105 1.701704 -0.135888
v 2.321066 1.706699 -0.135187
v 2.310729 1.714645 -0.134585
v 2.302796 1.725000 -0.134123
v 2.297810 1.737059 -0.133832
v 2.209793 1.725000 -0.661569
v 2.217405 1.714645 -0.663848
v 2.227326 1.706699 -0.666818
v 2.238878 1.701704 -0.670276
v 1.993334 1.737059 -1.150852
v 1.997660 1.725000 -1.153349
v 2.004541 1.714645 -1.157322
v 2.013509 1.706699 -1.162500
v 2.023953 1.701704 -1.168530
v 2.145925 1.701704 -0.925662
v 2.134852 1.706699 -0.920885
v 2.125344 1.714645 -0.916784
v 2.118048 1.725000 -0.913637
v 2.113461 1.737059 -0.911658
v 1.846250 1.737059 -1.374482
v 1.850257 1.725000 -1.377465
v 1.856630 1.714645 -1.382210
v 1.864936 1.706699 -1.388394
v 1.874609 1.701704 -1.395595
v 1.674199 1.737059 -1.579525
v 1.677832 1.725000 -1.582953
v 1.683612 1.714645 -1.588406
v 1.691144 1.706699 -1.595512
v 1.699915 1.701704 -1.603787
v 1.264807 1.737059 -1.923045
v 1.267552 1.725000 -1.927219
v 1.271918 1.714645 -1.933857
v 1.277608 1.706699 -1.942509
v 1.284235 1.701704 -1.952584
v 1.494481 1.706699 -1.781053
v 1.487825 1.714645 -1.773121
v 1.482717 1.725000 -1.767034
v 1.035244 1.725000 -2.061341
v 1.038811 1.714645 -2.068442
v 1.043458 1.706699 -2.077696
v 1.048870 1.701704 -2.088472
v 0.530809 1.737059 -2.239661
v 0.531961 1.725000 -2.244521
v 0.533794 1.714645 -2.252253
v 0.536182 1.706699 -2.262329
v 0.538963 1.701704 -2.274063
v 0.799321 1.701704 -2.196117
v 0.795197 1.706699 -2.184785
v 0.791655 1.714645 -2.175055
v 0.788937 1.725000 -2.167588
v 0.787229 1.737059 -2.162894
v 0.267211 1.737059 -2.286140
v 0.267791 1.725000 -2.291102
v 0.268714 1.714645 -2.298994
v 0.269916 1.706699 -2.309279
v -0.267211 1.737059 -2.286140
v -0.267791 1.725000 -2.291102
v -0.268714 1.714645 -2.298994
v -0.269916 1.706699 -2.309279
v -0.530809 1.737059 -2.239661
v -0.531961 1.725000 -2.244521
v -0.533794 1.714645 -2.252253
v -0.536182 1.706699 -2.262329
v -0.538963 1.701704 -2.274063
v -0.787229 1.737059 -2.162894
v -0.788937 1.725000 -2.167588
v -0.791655 1.714645 -2.175055
v -0.795197 1.706699 -2.184785
v -0.799321 1.701704 -2.196117
v -1.264807 1.737059 -1.923045
v -1.267552 1.725000 -1.927219
v -1.271918 1.714645 -1.933857
v -1.277608 1.706699 -1.942509
v -1.284235 1.701704 -1.952584
v -1.048870 1.701704 -2.088472
v -1.043458 1.706699 -2.077696
v -1.038811 1.714645 -2.068442
v -1.035244 1.725000 -2.061341
v -1.482717 1.725000 -1.767034
v -1.487825 1.714645 -1.773121
v -1.494481 1.706699 -1.781053
v -1.846250 1.737059 -1.374482
v -1.850257 1.725000 -1.377465
v -1.856630 1.714645 -1.382210
v -1.864936 1.706699 -1.388394
v -1.874609 1.701704 -1.395595
v -1.699915 1.701704 -1.603787
v -1.691144 1.706699 -1.595512
v -1.683612 1.714645 -1.588406
v -1.677832 1.725000 -1.582953
v -1.674199 1.737059 -1.579525
v -1.993334 1.737059 -1.150852
v -1.997660 1.725000 -1.153349
v -2.004541 1.714645 -1.157322
v -2.013509 1.706699 -1.162500
v -2.023953 1.701704 -1.168530
v -2.113461 1.737059 -0.911658
v -2.118048 1.725000 -0.913637
v -2.125344 1.714645 -0.916784
v -2.134852 1.706699 -0.920885
v -2.145925 1.701704 -0.925662
v -2.266736 1.737059 -0.399687
v -2.271655 1.725000 -0.400554
v -2.279480 1.714645 -0.401934
v -2.289678 1.706699 -0.403732
v -2.238878 1.701704 -0.670276
v -2.227326 1.706699 -0.666818
v -2.217405 1.714645 -0.663848
v -2.209793 1.725000 -0.661569
v -2.302796 1.725000 -0.134123
v -2.310729 1.714645 -0.134585
v -2.321066 1.706699 -0.135187
v -2.333105 1.701704 -0.135888
v -2.266736 1.737059 0.399687
v -2.271655 1.725000 0.400554
v -2.279480 1.714645 0.401934
v -2.289678 1.706699 0.403732
v -2.301554 1.701704 0.405826
v -2.333105 1.701704 0.135888
v -2.321066 1.706699 0.135187
v -2.310729 1.714645 0.134585
v -2.302796 1.725000 0.134123
v -2.297810 1.737059 0.133832
v -2.209793 1.725000 0.661569
v -2.217405 1.714645 0.663848
v -2.227326 1.706699 0.666818
v -2.238878 1.701704 0.670276
v -1.993334 1.737059 1.150852
v -1.997660 1.725000 1.153349
v -2.004541 1.714645 1.157322
v -2.013509 1.706699 1.162500
v -2.023953 1.701704 1.168530
v -2.134852 1.706699 0.920885
v -2.125344 1.714645 0.916784
v -2.118048 1.725000 0.913637
v -2.113461 1.737059 0.911658
v -1.846250 1.737059 1.374482
v -1.850257 1.725000 1.377465
v -1.856630 1.714645 1.382210
v -1.864936 1.706699 1.388394
v -1.674199 1.737059 1.579525
v -1.677832 1.725000 1.582953
v -1.683612 1.714645 1.588406
v -1.691144 1.706699 1.595512
v -1.699915 1.701704 1.603787
v -1.264807 1.737059 1.923045
v -1.267552 1.725000 1.927219
v -1.271918 1.714645 1.933857
v -1.277608 1.706699 1.942509
v -1.284235 1.701704 1.952584
v -1.502233 1.701704 1.790291
v -1.494481 1.706699 1.781053
v -1.487825 1.714645 1.773121
v -1.482717 1.725000 1.767034
v -1.035244 1.725000 2.061341
v -1.038811 1.714645 2.068442
v -1.043458 1.706699 2.077696
v -1.048870 1.701704 2.088472
v -0.530809 1.737059 2.239661
v -0.531961 1.725000 2.244521
v -0.533794 1.714645 2.252253
v -0.536182 1.706699 2.262329
v -0.538963 1.701704 2.274063
v -0.795197 1.706699 2.184785
v -0.791655 1.714645 2.175055
v -0.788937 1.725000 2.167588
v -0.787229 1.737059 2.162894
v -0.267211 1.737059 2.286140
v -0.267791 1.725000 2.291102
v -0.268714 1.714645 2.298994
v -0.269916 1.706699 2.309279
v -0.271316 1.701704 2.321257
vt -0.000000 4.568719 0.000000
vt -2.500000 4.162610 0.000000
vt -0.000000 4.162610 0.000000
vt -2.500000 3.756502 0.000000
vt -0.000000 3.756502 0.000000
vt -2.500000 3.350394 0.000000
vt -0.000000 3.350394 0.000000
vt -2.500000 2.944285 0.000000
vt -0.000000 2.944285 0.000000
vt -2.500000 2.538177 0.000000
vt -0.000000 2.538177 0.000000
vt -2.500000 2.132069 0.000000
vt -0.000000 2.132069 0.000000
vt -2.500000 1.725960 0.000000
vt -0.000000 1.725960 0.000000
vt -2.500000 1.319852 0.000000
vt -0.000000 1.319852 0.000000
vt -2.500000 0.913744 0.000000
vt -0.000000 0.913744 0.000000
vt -2.500000 0.507635 0.000000
vt -0.000000 0.507635 0.000000
vt -2.500000 0.101527 0.000000
vt -0.000000 0.101527 0.000000
vt -2.500000 -0.304581 0.000000
vt -0.000000 -0.304581 0.000000
vt -2.500000 -0.710690 0.000000
vt -0.000000 -0.710690 0.000000
vt -2.500000 -1.116798 0.000000
vt -0.000000 -1.116798 0.000000
vt -2.500000 -1.522906 0.000000
vt -0.000000 -1.522906 0.000000
vt -2.500000 -1.929015 0.000000
vt -0.000000 -1.929015 0.000000
vt -2.500000 -2.335123 0.000000
vt -0.000000 -2.335123 0.000000
vt -2.500000 -2.741231 0.000000
vt -0.000000 -2.741231 0.000000
vt -2.500000 -3.147339 0.000000
vt -0.000000 -3.147339 0.000000
vt -2.500000 -3.553448 0.000000
vt -0.000000 -3.553448 0.000000
vt -2.500000 -3.959556 0.000000
vt -0.000000 -3.959556 0.000000
vt -2.500000 -4.365664 0.000000
vt -0.000000 -4.365664 0.000000
vt -2.500000 -4.771773 0.000000
vt -0.000000 -4.771773 0.000000
vt -2.500000 -5.177881 0.000000
vt -0.000000 -5.177881 0.000000
vt -2.500000 -5.583989 0.000000
vt -0.000000 -5.583989 0.000000
vt -2.500000 -5.990098 0.000000
vt -0.000000 -5.990098 0.000000
vt -2.500000 -6.396206 0.000000
vt -0.000000 -6.396206 0.000000
vt -2.500000 -6.802314 0.000000
vt -0.000000 -6.802314 0.000000
vt -2.500000 -7.208423 0.000000
vt -0.000000 -7.208423 0.000000
vt -2.500000 -7.614531 0.000000
vt -0.000000 -7.614531 0.000000
vt -2.500000 -8.020639 0.000000
vt -0.000000 -8.020639 0.000000
vt 0.000000 8.629802 0.000000
vt -2.500000 8.629802 0.000000
vt -2.500000 8.223693 0.000000
vt 0.000000 8.223693 0.000000
vt -2.500000 7.817585 0.000000
vt -0.000000 7.817585 0.000000
vt -2.500000 7.411477 0.000000
vt -0.000000 7.411477 0.000000
vt -2.500000 7.005368 0.000000
vt -0.000000 7.005368 0.000000
vt -2.500000 6.599260 0.000000
vt -0.000000 6.599260 0.000000
vt -2.500000 6.193152 0.000000
vt -0.000000 6.193152 0.000000
vt -2.500000 5.787044 0.000000
vt -0.000000 5.787044 0.000000
vt -2.500000 5.380935 0.000000
vt -0.000000 5.380935 0.000000
vt -2.500000 4.974827 0.000000
vt -0.000000 4.974827 0.000000
vt -2.500000 4.568719 0.000000
vt 0.050000 -0.380298 0.000000
vt 2.500000 -0.190149 0.000000
vt 0.050000 0.000000 0.000000
vt 2.500000 0.190149 0.000000
vt 0.050000 0.380298 0.000000
vt 2.500000 0.570447 0.000000
vt 0.050000 0.760596 0.000000
vt 2.500000 0.950745 0.000000
vt 0.050000 1.140894 0.000000
vt 2.500000 1.331043 0.000000
vt 0.050000 1.521192 0.000000
vt 2.500000 1.711341 0.000000
vt 0.050000 1.901490 0.000000
vt 2.500000 2.091639 0.000000
vt 0.050000 2.281788 0.000000
vt 2.500000 2.471937 0.000000
vt 0.050000 2.662086 0.000000
vt 2.500000 2.852235 0.000000
vt 0.050000 3.042384 0.000000
vt 2.500000 3.232533 0.000000
vt 0.050000 3.422683 0.000000
vt 2.500000 3.612832 0.000000
vt 0.050000 3.802981 0.000000
vt 2.500000 3.993130 0.000000
vt 0.050000 4.183279 0.000000
vt 2.500000 4.373428 0.000000
vt 0.050000 4.563577 0.000000
vt 2.500000 4.753726 0.000000
vt 0.050000 4.943875 0.000000
vt 2.500000 5.134024 0.000000
vt 0.050000 5.324173 0.000000
vt 2.500000 5.514322 0.000000
vt 0.050000 5.704471 0.000000
vt 2.500000 5.894620 0.000000
vt 0.050000 6.084769 0.000000
vt 2.500000 6.274918 0.000000
vt 0.050000 6.465067 0.000000
vt 2.500000 6.655216 0.000000
vt 0.050000 6.845365 0.000000
vt 2.500000 7.035514 0.000000
vt 0.050000 7.225663 0.000000
vt 0.050000 -7.225663 0.000000
vt 2.500000 -7.415812 0.000000
vt 2.500000 -7.035514 0.000000
vt 0.050000 -6.845365 0.000000
vt 2.500000 -6.655216 0.000000
vt 0.050000 -6.465067 0.000000
vt 2.500000 -6.274918 0.000000
vt 0.050000 -6.084769 0.000000
vt 2.500000 -5.894620 0.000000
vt 0.050000 -5.704471 0.000000
vt 2.500000 -5.514322 0.000000
vt 0.050000 -5.324173 0.000000
vt 2.500000 -5.134024 0.000000
vt 0.050000 -4.943875 0.000000
vt 2.500000 -4.753726 0.000000
vt 0.050000 -4.563577 0.000000
vt 2.500000 -4.373428 0.000000
vt 0.050000 -4.183279 0.000000
vt 2.500000 -3.993130 0.000000
vt 0.050000 -3.802981 0.000000
vt 2.500000 -3.612832 0.000000
vt 0.050000 -3.422683 0.000000
vt 2.500000 -3.232533 0.000000
vt 0.050000 -3.042384 0.000000
vt 2.500000 -2.852235 0.000000
vt 0.050000 -2.662086 0.000000
vt 2.500000 -2.471937 0.000000
vt 0.050000 -2.281788 0.000000
vt 2.500000 -2.091639 0.000000
vt 0.050000 -1.901490 0.000000
vt 2.500000 -1.711341 0.000000
vt 0.050000 -1.521192 0.000000
vt 2.500000 -1.331043 0.000000
vt 0.050000 -1.140894 0.000000
vt 2.500000 -0.950745 0.000000
vt 0.050000 -0.760596 0.000000
vt 2.500000 -0.570447 0.000000
vt -0.404521 2.618943 0.000000
vt -0.283261 2.332866 0.000000
vt -0.000000 2.650000 0.000000
vt 0.094625 2.348094 0.000000
vt 0.404521 2.618943 0.000000
vt 0.470060 2.302508 0.000000
vt 0.799560 2.526500 0.000000
vt 0.833321 2.197288 0.000000
vt 1.175858 2.374839 0.000000
vt 1.175000 2.035160 0.000000
vt 1.524594 2.167513 0.000000
vt 1.486247 1.820322 0.000000
vt 1.837596 1.909382 0.000000
vt 1.759000 1.558338 0.000000
vt 2.107526 1.606497 0.000000
vt 1.986197 1.255995 0.000000
vt 2.328057 1.265958 0.000000
vt 2.161952 0.921122 0.000000
vt 2.494021 0.895745 0.000000
vt 2.281713 0.562392 0.000000
vt 2.601527 0.504536 0.000000
vt 2.342380 0.189096 0.000000
vt 2.648055 0.101502 0.000000
vt 2.342380 -0.189096 0.000000
vt 2.632516 -0.303911 0.000000
vt 2.281713 -0.562392 0.000000
vt 2.555272 -0.702201 0.000000
vt 2.161952 -0.921122 0.000000
vt 2.418135 -1.084032 0.000000
vt 1.986197 -1.255995 0.000000
vt 2.224318 -1.440454 0.000000
vt 1.759000 -1.558338 0.000000
vt 1.978366 -1.763113 0.000000
vt 1.686042 -2.044446 0.000000
vt 1.486247 -1.820322 0.000000
vt 1.354200 -2.277859 0.000000
vt 1.175000 -2.035160 0.000000
vt 0.990615 -2.457881 0.000000
vt 0.833321 -2.197288 0.000000
vt 0.603812 -2.580293 0.000000
vt 0.470060 -2.302508 0.000000
vt 0.202856 -2.642224 0.000000
vt 0.094625 -2.348094 0.000000
vt -0.202856 -2.642224 0.000000
vt -0.283261 -2.332866 0.000000
vt -0.603812 -2.580293 0.000000
vt -0.653811 -2.257218 0.000000
vt -0.990615 -2.457881 0.000000
vt -1.007428 -2.123109 0.000000
vt -1.354200 -2.277859 0.000000
vt -1.334952 -1.934012 0.000000
vt -1.686042 -2.044446 0.000000
vt -1.627902 -1.694826 0.000000
vt -1.978366 -1.763113 0.000000
vt -1.878690 -1.411744 0.000000
vt -2.224318 -1.440454 0.000000
vt -2.080822 -1.092099 0.000000
vt -2.418135 -1.084032 0.000000
vt -2.229061 -0.744170 0.000000
vt -2.555272 -0.702201 0.000000
vt -2.319568 -0.376967 0.000000
vt -2.632516 -0.303911 0.000000
vt -2.350000 0.000000 0.000000
vt -2.648055 0.101502 0.000000
vt -2.319568 0.376967 0.000000
vt -2.601527 0.504536 0.000000
vt -2.229061 0.744170 0.000000
vt -2.494021 0.895745 0.000000
vt -2.080822 1.092099 0.000000
vt -2.328057 1.265958 0.000000
vt -1.878690 1.411744 0.000000
vt -2.107526 1.606497 0.000000
vt -1.627902 1.694826 0.000000
vt -1.837596 1.909382 0.000000
vt -1.524594 2.167513 0.000000
vt -1.334952 1.934012 0.000000
vt -1.175858 2.374839 0.000000
vt -1.007428 2.123109 0.000000
vt -0.799560 2.526500 0.000000
vt -0.653811 2.257218 0.000000
vt 0.404521 2.618943 0.000000
vt 0.000000 2.650000 0.000000
vt 0.000000 2.300000 0.000000
vt -0.404521 2.618943 0.000000
vt -0.378568 2.268631 0.000000
vt -0.799560 2.526500 0.000000
vt -0.746809 2.175380 0.000000
vt -1.175858 2.374839 0.000000
vt -1.094679 2.022790 0.000000
vt -1.524594 2.167513 0.000000
vt -1.412689 1.815023 0.000000
vt -1.837596 1.909382 0.000000
vt -1.692165 1.557748 0.000000
vt -2.107526 1.606497 0.000000
vt -1.925483 1.257981 0.000000
vt -2.328057 1.265958 0.000000
vt -2.106279 0.923899 0.000000
vt -2.494021 0.895745 0.000000
vt -2.229621 0.564617 0.000000
vt -2.601527 0.504536 0.000000
vt -2.292144 0.189932 0.000000
vt -2.648055 0.101502 0.000000
vt -2.292144 -0.189932 0.000000
vt -2.632516 -0.303911 0.000000
vt -2.229621 -0.564617 0.000000
vt -2.555272 -0.702201 0.000000
vt -2.106279 -0.923899 0.000000
vt -2.418135 -1.084032 0.000000
vt -1.925483 -1.257981 0.000000
vt -2.224318 -1.440454 0.000000
vt -1.978366 -1.763113 0.000000
vt -1.692165 -1.557748 0.000000
vt -1.686042 -2.044446 0.000000
vt -1.412689 -1.815023 0.000000
vt -1.354200 -2.277859 0.000000
vt -1.094679 -2.022790 0.000000
vt -0.990615 -2.457881 0.000000
vt -0.746809 -2.175380 0.000000
vt -0.603812 -2.580293 0.000000
vt -0.378568 -2.268631 0.000000
vt -0.202856 -2.642224 0.000000
vt -0.000000 -2.300000 0.000000
vt 0.202856 -2.642224 0.000000
vt 0.378568 -2.268631 0.000000
vt 0.603812 -2.580293 0.000000
vt 0.746809 -2.175380 0.000000
vt 0.990615 -2.457881 0.000000
vt 1.094679 -2.022790 0.000000
vt 1.354200 -2.277859 0.000000
vt 1.412689 -1.815023 0.000000
vt 1.686042 -2.044446 0.000000
vt 1.692165 -1.557748 0.000000
vt 1.978366 -1.763113 0.000000
vt 1.925483 -1.257981 0.000000
vt 2.224318 -1.440454 0.000000
vt 2.418135 -1.084032 0.000000
vt 2.106279 -0.923899 0.000000
vt 2.555272 -0.702201 0.000000
vt 2.229621 -0.564617 0.000000
vt 2.632516 -0.303911 0.000000
vt 2.292144 -0.189932 0.000000
vt 2.648055 0.101502 0.000000
vt 2.292144 0.189932 0.000000
vt 2.601527 0.504536 0.000000
vt 2.229621 0.564617 0.000000
vt 2.494021 0.895745 0.000000
vt 2.106279 0.923899 0.000000
vt 2.328057 1.265958 0.000000
vt 1.925483 1.257981 0.000000
vt 2.107526 1.606497 0.000000
vt 1.692165 1.557748 0.000000
vt 1.837596 1.909382 0.000000
vt 1.412689 1.815023 0.000000
vt 1.524594 2.167513 0.000000
vt 1.094679 2.022790 0.000000
vt 1.175858 2.374839 0.000000
vt 0.746809 2.175380 0.000000
vt 0.799560 2.526500 0.000000
vt 0.378568 2.268631 0.000000
vt 0.157080 0.382720 0.000000
vt 0.143990 0.269321 0.000000
vt 0.157080 0.000000 0.000000
vt 0.143990 0.000000 0.000000
vt 0.143990 -0.269321 0.000000
vt 0.130900 0.000000 0.000000
vt 0.130900 -0.269321 0.000000
vt 0.117810 0.000000 0.000000
vt 0.117810 -0.269321 0.000000
vt 0.104720 0.000000 0.000000
vt 0.104720 -0.269321 0.000000
vt 0.091630 0.000000 0.000000
vt 0.091630 -0.269321 0.000000
vt 0.078540 0.000000 0.000000
vt 0.078540 -0.372906 0.000000
vt 0.143990 0.538642 0.000000
vt 0.157080 0.765439 0.000000
vt 0.143990 0.807963 0.000000
vt 0.143990 1.077285 0.000000
vt 0.130900 1.077285 0.000000
vt 0.130900 1.346606 0.000000
vt 0.117810 1.346606 0.000000
vt 0.117810 1.615927 0.000000
vt 0.104720 1.615927 0.000000
vt 0.104720 1.885248 0.000000
vt 0.091630 1.885248 0.000000
vt 0.091630 2.154569 0.000000
vt 0.078540 1.864531 0.000000
vt 0.078540 2.237437 0.000000
vt 0.091630 2.423890 0.000000
vt 0.078540 2.610343 0.000000
vt 0.091630 2.693211 0.000000
vt 0.078540 2.983250 0.000000
vt 0.091630 2.962532 0.000000
vt 0.091630 3.231854 0.000000
vt 0.104720 2.962532 0.000000
vt 0.104720 3.231854 0.000000
vt 0.117810 2.962532 0.000000
vt 0.117810 3.231854 0.000000
vt 0.130900 2.962532 0.000000
vt 0.130900 3.231854 0.000000
vt 0.143990 2.962532 0.000000
vt 0.143990 3.231854 0.000000
vt 0.157080 3.061756 0.000000
vt 0.157080 3.444476 0.000000
vt 0.157080 1.148159 0.000000
vt 0.143990 1.346606 0.000000
vt 0.130900 1.615927 0.000000
vt 0.117810 1.885248 0.000000
vt 0.104720 2.154569 0.000000
vt 0.157080 1.530878 0.000000
vt 0.143990 1.615927 0.000000
vt 0.130900 1.885248 0.000000
vt 0.117810 2.154569 0.000000
vt 0.104720 2.423890 0.000000
vt 0.157080 1.913598 0.000000
vt 0.143990 1.885248 0.000000
vt 0.130900 2.154569 0.000000
vt 0.117810 2.423890 0.000000
vt 0.104720 2.693211 0.000000
vt 0.143990 2.154569 0.000000
vt 0.157080 2.296317 0.000000
vt 0.143990 2.423890 0.000000
vt 0.157080 2.679037 0.000000
vt 0.143990 2.693211 0.000000
vt 0.143990 3.501175 0.000000
vt 0.157080 3.827195 0.000000
vt 0.143990 3.770496 0.000000
vt 0.143990 4.039817 0.000000
vt 0.130900 4.039817 0.000000
vt 0.130900 4.309138 0.000000
vt 0.117810 4.309138 0.000000
vt 0.117810 4.578459 0.000000
vt 0.104720 4.578459 0.000000
vt 0.104720 4.847780 0.000000
vt 0.091630 4.847780 0.000000
vt 0.091630 5.117102 0.000000
vt 0.078540 4.847780 0.000000
vt 0.078540 5.220687 0.000000
vt 0.091630 5.386423 0.000000
vt 0.078540 5.593593 0.000000
vt 0.091630 5.655744 0.000000
vt 0.078540 5.966499 0.000000
vt 0.091630 5.925065 0.000000
vt 0.091630 6.194386 0.000000
vt 0.104720 5.925065 0.000000
vt 0.104720 6.194386 0.000000
vt 0.117810 5.925065 0.000000
vt 0.117810 6.194386 0.000000
vt 0.130900 5.925065 0.000000
vt 0.130900 6.194386 0.000000
vt 0.143990 5.925065 0.000000
vt 0.143990 6.194386 0.000000
vt 0.157080 6.123512 0.000000
vt 0.157080 6.506232 0.000000
vt 0.157080 4.209915 0.000000
vt 0.143990 4.309138 0.000000
vt 0.130900 4.578459 0.000000
vt 0.117810 4.847780 0.000000
vt 0.104720 5.117102 0.000000
vt 0.157080 4.592634 0.000000
vt 0.143990 4.578459 0.000000
vt 0.130900 4.847780 0.000000
vt 0.117810 5.117102 0.000000
vt 0.104720 5.386423 0.000000
vt 0.143990 4.847780 0.000000
vt 0.157080 4.975354 0.000000
vt 0.143990 5.117102 0.000000
vt 0.157080 5.358073 0.000000
vt 0.143990 5.386423 0.000000
vt 0.143990 5.655744 0.000000
vt 0.130900 5.655744 0.000000
vt 0.157080 5.740793 0.000000
vt 0.157080 6.888951 0.000000
vt 0.143990 6.733028 0.000000
vt 0.143990 6.463707 0.000000
vt 0.130900 6.463707 0.000000
vt 0.117810 6.463707 0.000000
vt 0.104720 6.463707 0.000000
vt 0.091630 6.463707 0.000000
vt 0.078540 6.339405 0.000000
vt 0.143990 7.002350 0.000000
vt 0.157080 7.271671 0.000000
vt 0.143990 7.271671 0.000000
vt 0.143990 -7.271671 0.000000
vt 0.157080 -7.271671 0.000000
vt 0.143990 -7.002350 0.000000
vt 0.130900 -7.002350 0.000000
vt 0.130900 -6.733028 0.000000
vt 0.117810 -6.733028 0.000000
vt 0.117810 -6.463707 0.000000
vt 0.104720 -6.463707 0.000000
vt 0.104720 -6.194386 0.000000
vt 0.091630 -6.194386 0.000000
vt 0.091630 -5.925065 0.000000
vt 0.078540 -5.966499 0.000000
vt 0.091630 -5.655744 0.000000
vt 0.078540 -5.593593 0.000000
vt 0.091630 -5.386423 0.000000
vt 0.078540 -5.220687 0.000000
vt 0.091630 -5.117102 0.000000
vt 0.078540 -4.847780 0.000000
vt 0.091630 -4.847780 0.000000
vt 0.091630 -4.578459 0.000000
vt 0.104720 -4.847780 0.000000
vt 0.104720 -4.578459 0.000000
vt 0.117810 -4.847780 0.000000
vt 0.117810 -4.578459 0.000000
vt 0.130900 -4.847780 0.000000
vt 0.130900 -4.578459 0.000000
vt 0.143990 -4.847780 0.000000
vt 0.143990 -4.578459 0.000000
vt 0.157080 -4.592634 0.000000
vt 0.143990 -4.309138 0.000000
vt 0.157080 -4.209915 0.000000
vt 0.143990 -4.039817 0.000000
vt 0.157080 -3.827195 0.000000
vt 0.143990 -3.770496 0.000000
vt 0.157080 -3.444476 0.000000
vt 0.143990 -3.501175 0.000000
vt 0.143990 -3.231854 0.000000
vt 0.130900 -3.231854 0.000000
vt 0.130900 -2.962532 0.000000
vt 0.117810 -2.962532 0.000000
vt 0.117810 -2.693211 0.000000
vt 0.104720 -2.693211 0.000000
vt 0.104720 -2.423890 0.000000
vt 0.091630 -2.423890 0.000000
vt 0.091630 -2.154569 0.000000
vt 0.078540 -2.237437 0.000000
vt 0.078540 -1.864531 0.000000
vt 0.091630 -1.885248 0.000000
vt 0.091630 -1.615927 0.000000
vt 0.104720 -1.885248 0.000000
vt 0.104720 -1.615927 0.000000
vt 0.117810 -1.885248 0.000000
vt 0.117810 -1.615927 0.000000
vt 0.130900 -1.885248 0.000000
vt 0.130900 -1.615927 0.000000
vt 0.143990 -1.885248 0.000000
vt 0.143990 -1.615927 0.000000
vt 0.157080 -1.913598 0.000000
vt 0.157080 -1.530878 0.000000
vt 0.157080 -6.888951 0.000000
vt 0.143990 -6.733028 0.000000
vt 0.130900 -6.463707 0.000000
vt 0.117810 -6.194386 0.000000
vt 0.104720 -5.925065 0.000000
vt 0.157080 -6.506232 0.000000
vt 0.143990 -6.463707 0.000000
vt 0.130900 -6.194386 0.000000
vt 0.117810 -5.925065 0.000000
vt 0.104720 -5.655744 0.000000
vt 0.143990 -6.194386 0.000000
vt 0.157080 -6.123512 0.000000
vt 0.143990 -5.925065 0.000000
vt 0.157080 -5.740793 0.000000
vt 0.143990 -5.655744 0.000000
vt 0.157080 -5.358073 0.000000
vt 0.143990 -5.386423 0.000000
vt 0.143990 -5.117102 0.000000
vt 0.130900 -5.117102 0.000000
vt 0.157080 -4.975354 0.000000
vt 0.157080 -3.061756 0.000000
vt 0.143990 -2.962532 0.000000
vt 0.130900 -2.693211 0.000000
vt 0.117810 -2.423890 0.000000
vt 0.104720 -2.154569 0.000000
vt 0.157080 -2.679037 0.000000
vt 0.143990 -2.693211 0.000000
vt 0.130900 -2.423890 0.000000
vt 0.117810 -2.154569 0.000000
vt 0.143990 -2.423890 0.000000
vt 0.157080 -2.296317 0.000000
vt 0.143990 -2.154569 0.000000
vt 0.143990 -1.346606 0.000000
vt 0.157080 -1.148159 0.000000
vt 0.143990 -1.077285 0.000000
vt 0.157080 -0.765439 0.000000
vt 0.143990 -0.807963 0.000000
vt 0.143990 -0.538642 0.000000
vt 0.130900 -0.538642 0.000000
vt 0.157080 -0.382720 0.000000
vt 0.091630 -0.538642 0.000000
vt 0.078540 -0.745812 0.000000
vt 0.091630 -0.807963 0.000000
vt 0.078540 -1.118719 0.000000
vt 0.091630 -1.077285 0.000000
vt 0.091630 -1.346606 0.000000
vt 0.104720 -1.346606 0.000000
vt 0.078540 -1.491625 0.000000
vt 0.078540 -2.610343 0.000000
vt 0.091630 -2.693211 0.000000
vt 0.104720 -2.962532 0.000000
vt 0.117810 -3.231854 0.000000
vt 0.130900 -3.501175 0.000000
vt 0.078540 -2.983250 0.000000
vt 0.091630 -2.962532 0.000000
vt 0.104720 -3.231854 0.000000
vt 0.117810 -3.501175 0.000000
vt 0.130900 -3.770496 0.000000
vt 0.091630 -3.231854 0.000000
vt 0.078540 -3.356156 0.000000
vt 0.091630 -3.501175 0.000000
vt 0.078540 -3.729062 0.000000
vt 0.091630 -3.770496 0.000000
vt 0.091630 -4.039817 0.000000
vt 0.104720 -4.039817 0.000000
vt 0.104720 -4.309138 0.000000
vt 0.117810 -4.309138 0.000000
vt 0.078540 -4.101968 0.000000
vt 0.091630 -4.309138 0.000000
vt 0.078540 -4.474874 0.000000
vt 0.078540 -6.339405 0.000000
vt 0.091630 -6.463707 0.000000
vt 0.104720 -6.733028 0.000000
vt 0.117810 -7.002350 0.000000
vt 0.130900 -7.271671 0.000000
vt 0.130900 7.271671 0.000000
vt 0.078540 -6.712311 0.000000
vt 0.091630 -6.733028 0.000000
vt 0.104720 -7.002350 0.000000
vt 0.117810 -7.271671 0.000000
vt 0.117810 7.271671 0.000000
vt 0.130900 7.002350 0.000000
vt 0.091630 -7.002350 0.000000
vt 0.078540 -7.085218 0.000000
vt 0.091630 -7.271671 0.000000
vt 0.091630 7.271671 0.000000
vt 0.078540 7.458124 0.000000
vt 0.078540 7.085218 0.000000
vt 0.091630 7.002350 0.000000
vt 0.078540 6.712311 0.000000
vt 0.091630 6.733028 0.000000
vt 0.091630 4.578459 0.000000
vt 0.078540 4.474874 0.000000
vt 0.091630 4.309138 0.000000
vt 0.078540 4.101968 0.000000
vt 0.091630 4.039817 0.000000
vt 0.078540 3.729062 0.000000
vt 0.091630 3.770496 0.000000
vt 0.091630 3.501175 0.000000
vt 0.104720 3.501175 0.000000
vt 0.078540 3.356156 0.000000
vt 0.091630 1.615927 0.000000
vt 0.078540 1.491625 0.000000
vt 0.091630 1.346606 0.000000
vt 0.078540 1.118719 0.000000
vt 0.091630 1.077285 0.000000
vt 0.091630 0.807963 0.000000
vt 0.104720 0.807963 0.000000
vt 0.104720 0.538642 0.000000
vt 0.117810 0.538642 0.000000
vt 0.117810 0.269321 0.000000
vt 0.130900 0.269321 0.000000
vt 0.078540 0.745812 0.000000
vt 0.091630 0.538642 0.000000
vt 0.104720 0.269321 0.000000
vt 0.078540 0.372906 0.000000
vt 0.091630 0.269321 0.000000
vt 0.104720 7.271671 0.000000
vt 0.117810 7.002350 0.000000
vt 0.104720 7.002350 0.000000
vt 0.117810 6.733028 0.000000
vt 0.104720 6.733028 0.000000
vt 0.104720 -7.271671 0.000000
vt 0.130900 0.538642 0.000000
vt 0.117810 0.807963 0.000000
vt 0.104720 1.077285 0.000000
vt 0.130900 0.807963 0.000000
vt 0.117810 1.077285 0.000000
vt 0.104720 1.346606 0.000000
vt 0.130900 2.423890 0.000000
vt 0.117810 2.693211 0.000000
vt 0.130900 2.693211 0.000000
vt 0.130900 3.501175 0.000000
vt 0.130900 3.770496 0.000000
vt 0.117810 3.501175 0.000000
vt 0.117810 3.770496 0.000000
vt 0.117810 4.039817 0.000000
vt 0.104720 3.770496 0.000000
vt 0.104720 4.039817 0.000000
vt 0.104720 4.309138 0.000000
vt 0.130900 5.117102 0.000000
vt 0.117810 5.386423 0.000000
vt 0.104720 5.655744 0.000000
vt 0.130900 5.386423 0.000000
vt 0.117810 5.655744 0.000000
vt 0.130900 6.733028 0.000000
vt 0.130900 -5.925065 0.000000
vt 0.117810 -5.655744 0.000000
vt 0.104720 -5.386423 0.000000
vt 0.130900 -5.655744 0.000000
vt 0.130900 -5.386423 0.000000
vt 0.117810 -5.386423 0.000000
vt 0.104720 -5.117102 0.000000
vt 0.117810 -5.117102 0.000000
vt 0.130900 -4.309138 0.000000
vt 0.130900 -4.039817 0.000000
vt 0.117810 -4.039817 0.000000
vt 0.104720 -3.770496 0.000000
vt 0.117810 -3.770496 0.000000
vt 0.104720 -3.501175 0.000000
vt 0.130900 -2.154569 0.000000
vt 0.130900 -1.346606 0.000000
vt 0.130900 -1.077285 0.000000
vt 0.130900 -0.807963 0.000000
vt 0.117810 -1.346606 0.000000
vt 0.117810 -1.077285 0.000000
vt 0.117810 -0.807963 0.000000
vt 0.117810 -0.538642 0.000000
vt 0.104720 -1.077285 0.000000
vt 0.104720 -0.807963 0.000000
vt 0.104720 -0.538642 0.000000
vn 0.988280 -0.000000 -0.152649
vn 1.000000 -0.000000 0.000000
vn 1.000000 -0.000000 0.000000
vn 0.988280 -0.000000 0.152649
vn 0.988280 -0.000000 0.152649
vn 0.953396 -0.000000 0.301721
vn 0.953396 -0.000000 0.301721
vn 0.896166 -0.000000 0.443720
vn 0.896166 -0.000000 0.443720
vn 0.817929 -0.000000 0.575319
vn 0.817929 -0.000000 0.575319
vn 0.720522 -0.000000 0.693433
vn 0.720522 -0.000000 0.693433
vn 0.606225 -0.000000 0.795293
vn 0.606225 -0.000000 0.795293
vn 0.477720 -0.000000 0.878512
vn 0.477720 -0.000000 0.878512
vn 0.338017 -0.000000 0.941140
vn 0.338017 -0.000000 0.941140
vn 0.190391 -0.000000 0.981708
vn 0.190391 -0.000000 0.981708
vn 0.038303 -0.000000 0.999266
vn 0.038303 -0.000000 0.999266
vn -0.114683 -0.000000 0.993402
vn -0.114683 -0.000000 0.993402
vn -0.264982 -0.000000 0.964253
vn -0.264982 -0.000000 0.964253
vn -0.409069 -0.000000 0.912504
vn -0.409069 -0.000000 0.912504
vn -0.543568 -0.000000 0.839365
vn -0.543568 -0.000000 0.839365
vn -0.665326 -0.000000 0.746553
vn -0.665326 -0.000000 0.746553
vn -0.771489 -0.000000 0.636242
vn -0.771489 -0.000000 0.636242
vn -0.859570 -0.000000 0.511019
vn -0.859570 -0.000000 0.511019
vn -0.927502 -0.000000 0.373817
vn -0.927502 -0.000000 0.373817
vn -0.973695 -0.000000 0.227854
vn -0.973695 -0.000000 0.227854
vn -0.997066 -0.000000 0.076549
vn -0.997066 -0.000000 0.076549
vn -0.997066 0.000000 -0.076549
vn -0.997066 0.000000 -0.076549
vn -0.973695 0.000000 -0.227854
vn -0.973695 0.000000 -0.227854
vn -0.927502 0.000000 -0.373817
vn -0.927502 0.000000 -0.373817
vn -0.859570 0.000000 -0.511019
vn -0.859570 0.000000 -0.511019
vn -0.771489 0.000000 -0.636242
vn -0.771489 0.000000 -0.636242
vn -0.665326 0.000000 -0.746553
vn -0.665326 0.000000 -0.746553
vn -0.543568 0.000000 -0.839365
vn -0.543568 0.000000 -0.839365
vn -0.409069 0.000000 -0.912504
vn -0.409069 0.000000 -0.912504
vn -0.264982 0.000000 -0.964253
vn -0.264982 0.000000 -0.964253
vn -0.114683 0.000000 -0.993402
vn -0.114683 0.000000 -0.993402
vn 0.038303 -0.000000 -0.999266
vn 0.038303 -0.000000 -0.999266
vn 0.190391 -0.000000 -0.981708
vn 0.190391 -0.000000 -0.981708
vn 0.338017 -0.000000 -0.941140
vn 0.338017 -0.000000 -0.941140
vn 0.477720 -0.000000 -0.878512
vn 0.477720 -0.000000 -0.878512
vn 0.606225 -0.000000 -0.795293
vn 0.606225 -0.000000 -0.795293
vn 0.720522 -0.000000 -0.693433
vn 0.720522 -0.000000 -0.693433
vn 0.817929 -0.000000 -0.575319
vn 0.817929 -0.000000 -0.575319
vn 0.896166 -0.000000 -0.443720
vn 0.896166 -0.000000 -0.443720
vn 0.953396 -0.000000 -0.301721
vn 0.953396 -0.000000 -0.301721
vn 0.988280 -0.000000 -0.152649
vn 0.164595 0.000000 -0.986361
vn 0.082579 0.000000 -0.996584
vn -0.000000 0.000000 -1.000000
vn -0.082579 0.000000 -0.996584
vn -0.164595 0.000000 -0.986361
vn -0.245485 0.000000 -0.969400
vn -0.324699 0.000000 -0.945817
vn -0.401695 0.000000 -0.915773
vn -0.475947 0.000000 -0.879474
vn -0.546948 0.000000 -0.837166
vn -0.614213 0.000000 -0.789141
vn -0.677282 0.000000 -0.735724
vn -0.735724 0.000000 -0.677282
vn -0.789141 0.000000 -0.614213
vn -0.837166 0.000000 -0.546948
vn -0.879474 0.000000 -0.475947
vn -0.915773 0.000000 -0.401695
vn -0.945817 0.000000 -0.324699
vn -0.969400 0.000000 -0.245485
vn -0.986361 0.000000 -0.164595
vn -0.996584 0.000000 -0.082579
vn -1.000000 0.000000 -0.000000
vn -0.996584 0.000000 0.082579
vn -0.986361 0.000000 0.164595
vn -0.969400 0.000000 0.245485
vn -0.945817 0.000000 0.324699
vn -0.915773 0.000000 0.401695
vn -0.879474 0.000000 0.475947
vn -0.837166 0.000000 0.546948
vn -0.789141 0.000000 0.614213
vn -0.735724 0.000000 0.677282
vn -0.677282 0.000000 0.735724
vn -0.614213 0.000000 0.789141
vn -0.546948 0.000000 0.837166
vn -0.475947 0.000000 0.879474
vn -0.401695 0.000000 0.915773
vn -0.324699 0.000000 0.945817
vn -0.245485 0.000000 0.969400
vn -0.164595 0.000000 0.986361
vn -0.082579 0.000000 0.996584
vn -0.000000 0.000000 1.000000
vn 0.082579 -0.000000 0.996584
vn 0.164595 -0.000000 0.986361
vn 0.245485 -0.000000 0.969400
vn 0.324699 -0.000000 0.945817
vn 0.401695 -0.000000 0.915773
vn 0.475947 -0.000000 0.879474
vn 0.546948 -0.000000 0.837166
vn 0.614213 -0.000000 0.789141
vn 0.677282 -0.000000 0.735724
vn 0.735724 -0.000000 0.677282
vn 0.789141 -0.000000 0.614213
vn 0.837166 -0.000000 0.546948
vn 0.879474 -0.000000 0.475947
vn 0.915773 -0.000000 0.401695
vn 0.945817 -0.000000 0.324699
vn 0.969400 -0.000000 0.245485
vn 0.986361 -0.000000 0.164595
vn 0.996584 -0.000000 0.082579
vn 1.000000 -0.000000 0.000000
vn 0.996584 0.000000 -0.082579
vn 0.986361 0.000000 -0.164595
vn 0.969400 0.000000 -0.245485
vn 0.945817 0.000000 -0.324699
vn 0.915773 0.000000 -0.401695
vn 0.879474 0.000000 -0.475947
vn 0.837166 0.000000 -0.546948
vn 0.789141 0.000000 -0.614213
vn 0.735724 0.000000 -0.677282
vn 0.677282 0.000000 -0.735724
vn 0.614213 0.000000 -0.789141
vn 0.546948 0.000000 -0.837166
vn 0.475947 0.000000 -0.879474
vn 0.401695 0.000000 -0.915773
vn 0.324699 0.000000 -0.945817
vn 0.245485 0.000000 -0.969400
vn -0.000000 -1.000000 -0.000000
vn -0.000000 -1.000000 -0.000000
vn -0.000000 -1.000000 -0.000000
vn -0.000000 -1.000000 -0.000000
vn -0.000000 -1.000000 -0.000000
vn -0.000000 -1.000000 -0.000000
vn -0.000000 -1.000000 -0.000000
vn -0.000000 -1.000000 -0.000000
vn -0.000000 -1.000000 -0.000000
vn -0.000000 -1.000000 -0.000000
vn -0.000000 -1.000000 -0.000000
vn -0.000000 -1.000000 -0.000000
vn -0.000000 -1.000000 -0.000000
vn -0.000000 -1.000000 -0.000000
vn -0.000000 -1.000000 -0.000000
vn -0.000000 -1.000000 -0.000000
vn -0.000000 -1.000000 -0.000000
vn -0.000000 -1.000000 -0.000000
vn -0.000000 -1.000000 -0.000000
vn -0.000000 -1.000000 -0.000000
vn -0.000000 -1.000000 -0.000000
vn -0.000000 -1.000000 -0.000000
vn -0.000000 -1.000000 -0.000000
vn -0.000000 -1.000000 -0.000000
vn -0.000000 -1.000000 -0.000000
vn -0.000000 -1.000000 -0.000000
vn -0.000000 -1.000000 -0.000000
vn -0.000000 -1.000000 -0.000000
vn -0.000000 -1.000000 -0.000000
vn -0.000000 -1.000000 -0.000000
vn -0.000000 -1.000000 -0.000000
vn -0.000000 -1.000000 -0.000000
vn -0.000000 -1.000000 -0.000000
vn -0.000000 -1.000000 -0.000000
vn -0.000000 -1.000000 -0.000000
vn -0.000000 -1.000000 -0.000000
vn -0.000000 -1.000000 -0.000000
vn -0.000000 -1.000000 -0.000000
vn -0.000000 -1.000000 -0.000000
vn -0.000000 -1.000000 -0.000000
vn -0.000000 -1.000000 -0.000000
vn -0.000000 -1.000000 -0.000000
vn -0.000000 -1.000000 -0.000000
vn -0.000000 -1.000000 -0.000000
vn -0.000000 -1.000000 -0.000000
vn -0.000000 -1.000000 -0.000000
vn -0.000000 -1.000000 -0.000000
vn -0.000000 -1.000000 -0.000000
vn -0.000000 -1.000000 -0.000000
vn -0.000000 -1.000000 -0.000000
vn -0.000000 -1.000000 -0.000000
vn -0.000000 -1.000000 -0.000000
vn -0.000000 -1.000000 -0.000000
vn -0.000000 -1.000000 -0.000000
vn -0.000000 -1.000000 -0.000000
vn -0.000000 -1.000000 -0.000000
vn -0.000000 -1.000000 -0.000000
vn -0.000000 -1.000000 -0.000000
vn -0.000000 -1.000000 -0.000000
vn -0.000000 -1.000000 -0.000000
vn -0.000000 -1.000000 -0.000000
vn -0.000000 -1.000000 -0.000000
vn -0.000000 -1.000000 -0.000000
vn -0.000000 -1.000000 -0.000000
vn -0.000000 -1.000000 -0.000000
vn -0.000000 -1.000000 -0.000000
vn -0.000000 -1.000000 -0.000000
vn -0.000000 -1.000000 -0.000000
vn -0.000000 -1.000000 -0.000000
vn -0.000000 -1.000000 -0.000000
vn -0.000000 -1.000000 -0.000000
vn -0.000000 -1.000000 -0.000000
vn -0.000000 -1.000000 -0.000000
vn -0.000000 -1.000000 -0.000000
vn -0.000000 -1.000000 -0.000000
vn -0.000000 -1.000000 -0.000000
vn -0.000000 -1.000000 -0.000000
vn -0.000000 -1.000000 -0.000000
vn -0.000000 -1.000000 -0.000000
vn -0.000000 -1.000000 -0.000000
vn 0.000000 1.000000 0.000000
vn 0.000000 1.000000 0.000000
vn 0.000000 1.000000 0.000000
vn 0.000000 1.000000 0.000000
vn 0.000000 1.000000 0.000000
vn 0.000000 1.000000 0.000000
vn 0.000000 1.000000 0.000000
vn 0.000000 1.000000 0.000000
vn 0.000000 1.000000 0.000000
vn 0.000000 1.000000 0.000000
vn 0.000000 1.000000 0.000000
vn 0.000000 1.000000 0.000000
vn 0.000000 1.000000 0.000000
vn 0.000000 1.000000 0.000000
vn 0.000000 1.000000 0.000000
vn 0.000000 1.000000 0.000000
vn 0.000000 1.000000 0.000000
vn 0.000000 1.000000 0.000000
vn 0.000000 1.000000 0.000000
vn 0.000000 1.000000 0.000000
vn 0.000000 1.000000 0.000000
vn 0.000000 1.000000 0.000000
vn 0.000000 1.000000 0.000000
vn 0.000000 1.000000 0.000000
vn 0.000000 1.000000 0.000000
vn 0.000000 1.000000 0.000000
vn 0.000000 1.000000 0.000000
vn 0.000000 1.000000 0.000000
vn 0.000000 1.000000 0.000000
vn 0.000000 1.000000 0.000000
vn 0.000000 1.000000 0.000000
vn 0.000000 1.000000 0.000000
vn 0.000000 1.000000 0.000000
vn 0.000000 1.000000 0.000000
vn 0.000000 1.000000 0.000000
vn 0.000000 1.000000 0.000000
vn 0.000000 1.000000 0.000000
vn 0.000000 1.000000 0.000000
vn 0.000000 1.000000 0.000000
vn 0.000000 1.000000 0.000000
vn 0.000000 1.000000 0.000000
vn 0.000000 1.000000 0.000000
vn 0.000000 1.000000 0.000000
vn 0.000000 1.000000 0.000000
vn 0.000000 1.000000 0.000000
vn 0.000000 1.000000 0.000000
vn 0.000000 1.000000 0.000000
vn 0.000000 1.000000 0.000000
vn 0.000000 1.000000 0.000000
vn 0.000000 1.000000 0.000000
vn 0.000000 1.000000 0.000000
vn 0.000000 1.000000 0.000000
vn 0.000000 1.000000 0.000000
vn 0.000000 1.000000 0.000000
vn 0.000000 1.000000 0.000000
vn 0.000000 1.000000 0.000000
vn 0.000000 1.000000 0.000000
vn 0.000000 1.000000 0.000000
vn 0.000000 1.000000 0.000000
vn 0.000000 1.000000 0.000000
vn 0.000000 1.000000 0.000000
vn 0.000000 1.000000 0.000000
vn 0.000000 1.000000 0.000000
vn 0.000000 1.000000 0.000000
vn 0.000000 1.000000 0.000000
vn 0.000000 1.000000 0.000000
vn 0.000000 1.000000 0.000000
vn 0.000000 1.000000 0.000000
vn 0.000000 1.000000 0.000000
vn 0.000000 1.000000 0.000000
vn 0.000000 1.000000 0.000000
vn 0.000000 1.000000 0.000000
vn 0.000000 1.000000 0.000000
vn 0.000000 1.000000 0.000000
vn 0.000000 1.000000 0.000000
vn 0.000000 1.000000 0.000000
vn 0.000000 1.000000 0.000000
vn 0.000000 1.000000 0.000000
vn 0.000000 1.000000 0.000000
vn -0.112137 -0.258819 -0.959395
vn 0.000000 -0.258819 -0.965926
vn 0.112137 -0.258819 -0.959395
vn 0.000000 -0.500000 -0.866025
vn 0.100539 -0.500000 -0.860170
vn 0.000000 -0.707107 -0.707107
vn 0.082090 -0.707107 -0.702326
vn 0.000000 -0.866025 -0.500000
vn 0.058046 -0.866025 -0.496619
vn 0.000000 -0.965926 -0.258819
vn 0.030047 -0.965926 -0.257069
vn -0.222758 -0.258819 -0.939889
vn -0.330366 -0.258819 -0.907673
vn -0.433507 -0.258819 -0.863183
vn -0.388671 -0.500000 -0.773909
vn -0.475889 -0.500000 -0.723554
vn -0.388562 -0.707107 -0.590779
vn -0.454519 -0.707107 -0.541675
vn -0.321394 -0.866025 -0.383022
vn -0.363687 -0.866025 -0.343121
vn -0.188258 -0.965926 -0.177612
vn -0.207605 -0.965926 -0.154556
vn -0.224144 -0.965926 -0.129410
vn -0.237652 -0.965926 -0.102513
vn -0.247946 -0.965926 -0.074230
vn -0.254887 -0.965926 -0.044943
vn -0.478995 -0.866025 -0.143402
vn -0.492404 -0.866025 -0.086824
vn -0.677401 -0.707107 -0.202801
vn -0.696364 -0.707107 -0.122788
vn -0.829643 -0.500000 -0.248379
vn -0.852869 -0.500000 -0.150384
vn -0.925347 -0.258819 -0.277031
vn -0.951251 -0.258819 -0.167731
vn -0.530785 -0.258819 -0.807019
vn -0.556670 -0.500000 -0.663414
vn -0.514331 -0.707107 -0.485246
vn -0.401062 -0.866025 -0.298579
vn -0.620885 -0.258819 -0.739942
vn -0.629924 -0.500000 -0.594303
vn -0.567187 -0.707107 -0.422255
vn -0.433013 -0.866025 -0.250000
vn -0.702589 -0.258819 -0.662859
vn -0.694659 -0.500000 -0.517155
vn -0.612372 -0.707107 -0.353553
vn -0.459108 -0.866025 -0.198040
vn -0.774792 -0.258819 -0.576811
vn -0.836516 -0.258819 -0.482963
vn -0.886929 -0.258819 -0.382584
vn -0.964292 -0.258819 -0.056164
vn -0.964292 -0.258819 0.056164
vn -0.951251 -0.258819 0.167731
vn -0.852869 -0.500000 0.150384
vn -0.829643 -0.500000 0.248379
vn -0.677401 -0.707107 0.202801
vn -0.649277 -0.707107 0.280071
vn -0.459108 -0.866025 0.198040
vn -0.433013 -0.866025 0.250000
vn -0.224144 -0.965926 0.129410
vn -0.207605 -0.965926 0.154556
vn -0.188258 -0.965926 0.177612
vn -0.166366 -0.965926 0.198267
vn -0.142223 -0.965926 0.216240
vn -0.116158 -0.965926 0.231289
vn -0.274754 -0.866025 0.417744
vn -0.224400 -0.866025 0.446816
vn -0.388562 -0.707107 0.590779
vn -0.317349 -0.707107 0.631894
vn -0.475889 -0.500000 0.723554
vn -0.388671 -0.500000 0.773909
vn -0.530785 -0.258819 0.807019
vn -0.433507 -0.258819 0.863183
vn -0.925347 -0.258819 0.277031
vn -0.795198 -0.500000 0.343015
vn -0.612372 -0.707107 0.353553
vn -0.401062 -0.866025 0.298579
vn -0.886929 -0.258819 0.382584
vn -0.750000 -0.500000 0.433013
vn -0.567187 -0.707107 0.422255
vn -0.363687 -0.866025 0.343121
vn -0.836516 -0.258819 0.482963
vn -0.774792 -0.258819 0.576811
vn -0.702589 -0.258819 0.662859
vn -0.620885 -0.258819 0.739942
vn -0.556670 -0.500000 0.663414
vn -0.222758 -0.258819 0.939889
vn -0.330366 -0.258819 0.907673
vn -0.296198 -0.500000 0.813798
vn -0.241845 -0.707107 0.664463
vn -0.171010 -0.866025 0.469846
vn -0.088521 -0.965926 0.243210
vn -0.112137 -0.258819 0.959395
vn -0.000000 -0.258819 0.965926
vn 0.112137 -0.258819 0.959395
vn 0.100539 -0.500000 0.860170
vn 0.199719 -0.500000 0.842682
vn 0.163070 -0.707107 0.688047
vn 0.241845 -0.707107 0.664463
vn 0.171010 -0.866025 0.469846
vn 0.224400 -0.866025 0.446816
vn 0.116158 -0.965926 0.231289
vn 0.142223 -0.965926 0.216240
vn 0.166366 -0.965926 0.198267
vn 0.188258 -0.965926 0.177612
vn 0.207605 -0.965926 0.154556
vn 0.224144 -0.965926 0.129410
vn 0.237652 -0.965926 0.102513
vn 0.433013 -0.866025 0.250000
vn 0.459108 -0.866025 0.198040
vn 0.612372 -0.707107 0.353553
vn 0.649277 -0.707107 0.280071
vn 0.750000 -0.500000 0.433013
vn 0.795198 -0.500000 0.343015
vn 0.836516 -0.258819 0.482963
vn 0.886929 -0.258819 0.382584
vn 0.925347 -0.258819 0.277031
vn 0.951251 -0.258819 0.167731
vn 0.964292 -0.258819 0.056164
vn 0.964292 -0.258819 -0.056164
vn 0.951251 -0.258819 -0.167731
vn 0.852869 -0.500000 -0.150384
vn 0.829643 -0.500000 -0.248379
vn 0.677401 -0.707107 -0.202801
vn 0.649277 -0.707107 -0.280071
vn 0.459108 -0.866025 -0.198040
vn 0.433013 -0.866025 -0.250000
vn 0.224144 -0.965926 -0.129410
vn 0.207605 -0.965926 -0.154556
vn 0.188258 -0.965926 -0.177612
vn 0.166366 -0.965926 -0.198267
vn 0.363687 -0.866025 -0.343121
vn 0.321394 -0.866025 -0.383022
vn 0.514331 -0.707107 -0.485246
vn 0.454519 -0.707107 -0.541675
vn 0.629924 -0.500000 -0.594303
vn 0.556670 -0.500000 -0.663414
vn 0.702589 -0.258819 -0.662859
vn 0.620885 -0.258819 -0.739942
vn 0.222758 -0.258819 0.939889
vn 0.296198 -0.500000 0.813798
vn 0.317349 -0.707107 0.631894
vn 0.274754 -0.866025 0.417744
vn 0.330366 -0.258819 0.907673
vn 0.388671 -0.500000 0.773909
vn 0.388562 -0.707107 0.590779
vn 0.321394 -0.866025 0.383022
vn 0.433507 -0.258819 0.863183
vn 0.530785 -0.258819 0.807019
vn 0.620885 -0.258819 0.739942
vn 0.702589 -0.258819 0.662859
vn 0.774792 -0.258819 0.576811
vn 0.694659 -0.500000 0.517155
vn 0.925347 -0.258819 -0.277031
vn 0.795198 -0.500000 -0.343015
vn 0.612372 -0.707107 -0.353553
vn 0.401062 -0.866025 -0.298579
vn 0.886929 -0.258819 -0.382584
vn 0.750000 -0.500000 -0.433013
vn 0.567187 -0.707107 -0.422255
vn 0.836516 -0.258819 -0.482963
vn 0.774792 -0.258819 -0.576811
vn 0.530785 -0.258819 -0.807019
vn 0.433507 -0.258819 -0.863183
vn 0.330366 -0.258819 -0.907673
vn 0.222758 -0.258819 -0.939889
vn 0.199719 -0.500000 -0.842682
vn 0.059688 -0.965926 -0.251843
vn 0.088521 -0.965926 -0.243210
vn 0.116158 -0.965926 -0.231289
vn 0.142223 -0.965926 -0.216240
vn 0.274754 -0.866025 -0.417744
vn 0.237652 -0.965926 -0.102513
vn 0.478995 -0.866025 -0.143402
vn 0.696364 -0.707107 -0.122788
vn 0.864560 -0.500000 -0.050355
vn 0.247946 -0.965926 -0.074230
vn 0.492404 -0.866025 -0.086824
vn 0.705910 -0.707107 -0.041115
vn 0.864560 -0.500000 0.050355
vn 0.254887 -0.965926 -0.044943
vn 0.258381 -0.965926 -0.015049
vn 0.258381 -0.965926 0.015049
vn 0.254887 -0.965926 0.044943
vn 0.492404 -0.866025 0.086824
vn 0.478995 -0.866025 0.143402
vn 0.677401 -0.707107 0.202801
vn 0.247946 -0.965926 0.074230
vn 0.088521 -0.965926 0.243210
vn 0.115308 -0.866025 0.486522
vn 0.082090 -0.707107 0.702326
vn 0.000000 -0.500000 0.866025
vn 0.059688 -0.965926 0.251843
vn 0.058046 -0.866025 0.496619
vn 0.000000 -0.707107 0.707107
vn -0.100539 -0.500000 0.860170
vn 0.030047 -0.965926 0.257069
vn 0.000000 -0.965926 0.258819
vn -0.030047 -0.965926 0.257069
vn -0.059688 -0.965926 0.251843
vn -0.237652 -0.965926 0.102513
vn -0.247946 -0.965926 0.074230
vn -0.254887 -0.965926 0.044943
vn -0.258381 -0.965926 0.015049
vn -0.258381 -0.965926 -0.015049
vn -0.499154 -0.866025 -0.029072
vn -0.166366 -0.965926 -0.198267
vn -0.142223 -0.965926 -0.216240
vn -0.116158 -0.965926 -0.231289
vn -0.088521 -0.965926 -0.243210
vn -0.171010 -0.866025 -0.469846
vn -0.115308 -0.866025 -0.486522
vn -0.163070 -0.707107 -0.688047
vn -0.082090 -0.707107 -0.702326
vn -0.100539 -0.500000 -0.860170
vn -0.059688 -0.965926 -0.251843
vn -0.058046 -0.866025 -0.496619
vn -0.030047 -0.965926 -0.257069
vn -0.000000 -0.866025 0.500000
vn -0.082090 -0.707107 0.702326
vn -0.058046 -0.866025 0.496619
vn -0.163070 -0.707107 0.688047
vn -0.115308 -0.866025 0.486522
vn -0.199719 -0.500000 -0.842682
vn -0.241845 -0.707107 -0.664463
vn -0.224400 -0.866025 -0.446816
vn -0.296198 -0.500000 -0.813798
vn -0.317349 -0.707107 -0.631894
vn -0.274754 -0.866025 -0.417744
vn -0.750000 -0.500000 -0.433013
vn -0.649277 -0.707107 -0.280071
vn -0.795198 -0.500000 -0.343015
vn -0.864560 -0.500000 -0.050355
vn -0.864560 -0.500000 0.050355
vn -0.705910 -0.707107 -0.041115
vn -0.705910 -0.707107 0.041115
vn -0.696364 -0.707107 0.122788
vn -0.499154 -0.866025 0.029072
vn -0.492404 -0.866025 0.086824
vn -0.478995 -0.866025 0.143402
vn -0.694659 -0.500000 0.517155
vn -0.514331 -0.707107 0.485246
vn -0.321394 -0.866025 0.383022
vn -0.629924 -0.500000 0.594303
vn -0.454519 -0.707107 0.541675
vn -0.199719 -0.500000 0.842682
vn 0.475889 -0.500000 0.723554
vn 0.454519 -0.707107 0.541675
vn 0.363687 -0.866025 0.343121
vn 0.556670 -0.500000 0.663414
vn 0.629924 -0.500000 0.594303
vn 0.514331 -0.707107 0.485246
vn 0.401062 -0.866025 0.298579
vn 0.567187 -0.707107 0.422255
vn 0.829643 -0.500000 0.248379
vn 0.852869 -0.500000 0.150384
vn 0.696364 -0.707107 0.122788
vn 0.499154 -0.866025 0.029072
vn 0.705910 -0.707107 0.041115
vn 0.499154 -0.866025 -0.029072
vn 0.694659 -0.500000 -0.517155
vn 0.475889 -0.500000 -0.723554
vn 0.388671 -0.500000 -0.773909
vn 0.296198 -0.500000 -0.813798
vn 0.388562 -0.707107 -0.590779
vn 0.317349 -0.707107 -0.631894
vn 0.241845 -0.707107 -0.664463
vn 0.163070 -0.707107 -0.688047
vn 0.224400 -0.866025 -0.446816
vn 0.171010 -0.866025 -0.469846
vn 0.115308 -0.866025 -0.486522
f 180/363/355 220/364/356 179/365/357
f 179/365/357 220/364/356 221/366/358
f 179/365/357 221/366/358 219/367/359
f 219/367/359 221/366/358 222/368/360
f 219/367/359 222/368/360 218/369/361
f 218/369/361 222/368/360 223/370/362
f 218/369/361 223/370/362 217/371/363
f 217/371/363 223/370/362 224/372/364
f 217/371/363 224/372/364 216/373/365
f 216/373/365 224/372/364 225/374/366
f 216/373/365 225/374/366 215/375/367
f 215/375/367 225/374/366 226/376/368
f 215/375/367 226/376/368 214/377/369
f 214/377/369 226/376/368 227/378/370
f 214/377/369 227/378/370 213/379/371
f 213/379/371 227/378/370 228/380/372
f 213/379/371 228/380/372 212/381/373
f 212/381/373 228/380/372 229/382/374
f 212/381/373 229/382/374 211/383/375
f 211/383/375 229/382/374 230/384/376
f 211/383/375 230/384/376 210/385/377
f 210/385/377 230/384/376 231/386/378
f 210/385/377 231/386/378 209/387/379
f 209/387/379 231/386/378 232/388/380
f 209/387/379 232/388/380 208/389/381
f 208/389/381 232/388/380 233/390/382
f 208/389/381 233/390/382 207/391/383
f 207/391/383 233/390/382 234/392/384
f 207/391/383 234/392/384 206/393/385
f 206/393/385 234/392/384 235/394/386
f 206/393/385 235/394/386 205/395/387
f 205/395/387 235/394/386 236/396/388
f 205/395/387 236/396/388 204/397/389
f 204/397/389 236/396/388 237/398/390
f 204/397/389 237/398/390 203/399/391
f 203/399/391 237/398/390 238/400/392
f 203/399/391 238/400/392 202/401/393
f 202/401/393 238/400/392 239/402/394
f 202/401/393 239/402/394 201/403/395
f 201/403/395 239/402/394 240/404/396
f 201/403/395 240/404/396 200/405/397
f 200/405/397 240/404/396 241/406/398
f 200/405/397 241/406/398 199/407/399
f 199/407/399 241/406/398 242/408/400
f 199/407/399 242/408/400 198/409/401
f 198/409/401 242/408/400 243/410/402
f 198/409/401 243/410/402 197/411/403
f 197/411/403 243/410/402 244/412/404
f 197/411/403 244/412/404 196/413/405
f 196/413/405 244/412/404 245/414/406
f 196/413/405 245/414/406 195/415/407
f 195/415/407 245/414/406 246/416/408
f 195/415/407 246/416/408 194/417/409
f 194/417/409 246/416/408 247/418/410
f 194/417/409 247/418/410 193/419/411
f 193/419/411 247/418/410 248/420/412
f 193/419/411 248/420/412 192/421/413
f 192/421/413 248/420/412 249/422/414
f 192/421/413 249/422/414 191/423/415
f 191/423/415 249/422/414 250/424/416
f 191/423/415 250/424/416 190/425/417
f 190/426/417 250/427/416 251/428/418
f 190/426/417 251/428/418 189/429/419
f 189/429/419 251/428/418 252/430/420
f 189/429/419 252/430/420 188/431/421
f 188/431/421 252/430/420 253/432/422
f 188/431/421 253/432/422 187/433/423
f 187/433/423 253/432/422 254/434/424
f 187/433/423 254/434/424 186/435/425
f 186/435/425 254/434/424 255/436/426
f 186/435/425 255/436/426 185/437/427
f 185/437/427 255/436/426 256/438/428
f 185/437/427 256/438/428 184/439/429
f 184/439/429 256/438/428 257/440/430
f 184/439/429 257/440/430 183/441/431
f 183/441/431 257/440/430 258/442/432
f 183/441/431 258/442/432 182/443/433
f 182/443/433 258/442/432 259/444/434
f 182/443/433 259/444/434 181/445/435
f 181/445/435 259/444/434 260/446/436
f 181/445/435 260/446/436 180/363/355
f 180/363/355 260/446/436 220/364/356
f 262/447/437 327/448/438 261/449/439
f 261/449/439 327/448/438 328/450/440
f 261/449/439 328/450/440 298/451/441
f 298/451/441 328/450/440 329/452/442
f 298/451/441 329/452/442 297/453/443
f 297/453/443 329/452/442 330/454/444
f 297/453/443 330/454/444 296/455/445
f 296/455/445 330/454/444 331/456/446
f 296/455/445 331/456/446 295/457/447
f 295/457/447 331/456/446 332/458/448
f 295/457/447 332/458/448 294/459/449
f 294/459/449 332/458/448 333/460/450
f 294/459/449 333/460/450 293/461/451
f 293/461/451 333/460/450 334/462/452
f 293/461/451 334/462/452 292/463/453
f 292/463/453 334/462/452 335/464/454
f 292/463/453 335/464/454 291/465/455
f 291/465/455 335/464/454 336/466/456
f 291/465/455 336/466/456 290/467/457
f 290/467/457 336/466/456 299/468/458
f 290/467/457 299/468/458 289/469/459
f 289/469/459 299/468/458 300/470/460
f 289/469/459 300/470/460 288/471/461
f 288/471/461 300/470/460 301/472/462
f 288/471/461 301/472/462 287/473/463
f 287/473/463 301/472/462 302/474/464
f 287/473/463 302/474/464 286/475/465
f 286/475/465 302/474/464 303/476/466
f 286/475/465 303/476/466 285/477/467
f 285/477/467 303/476/466 304/478/468
f 285/477/467 304/478/468 284/479/469
f 284/479/469 304/478/468 305/480/470
f 284/479/469 305/480/470 283/481/471
f 283/481/471 305/480/470 306/482/472
f 283/481/471 306/482/472 282/483/473
f 282/483/473 306/482/472 307/484/474
f 282/483/473 307/484/474 281/485/475
f 281/485/475 307/484/474 308/486/476
f 281/485/475 308/486/476 280/487/477
f 280/488/477 308/489/476 309/490/478
f 280/488/477 309/490/478 279/491/479
f 279/491/479 309/490/478 310/492/480
f 279/491/479 310/492/480 278/493/481
f 278/493/481 310/492/480 311/494/482
f 278/493/481 311/494/482 277/495/483
f 277/495/483 311/494/482 312/496/484
f 277/495/483 312/496/484 276/497/485
f 276/497/485 312/496/484 313/498/486
f 276/497/485 313/498/486 275/499/487
f 275/499/487 313/498/486 314/500/488
f 275/499/487 314/500/488 274/501/489
f 274/501/489 314/500/488 315/502/490
f 274/501/489 315/502/490 273/503/491
f 273/503/491 315/502/490 316/504/492
f 273/503/491 316/504/492 272/505/493
f 272/505/493 316/504/492 317/506/494
f 272/505/493 317/506/494 271/507/495
f 271/507/495 317/506/494 318/508/496
f 271/507/495 318/508/496 270/509/497
f 270/509/497 318/508/496 319/510/498
f 270/509/497 319/510/498 269/511/499
f 269/511/499 319/510/498 320/512/500
f 269/511/499 320/512/500 268/513/501
f 268/513/501 320/512/500 321/514/502
f 268/513/501 321/514/502 267/515/503
f 267/515/503 321/514/502 322/516/504
f 267/515/503 322/516/504 266/517/505
f 266/517/505 322/516/504 323/518/506
f 266/517/505 323/518/506 265/519/507
f 265/519/507 323/518/506 324/520/508
f 265/519/507 324/520/508 264/521/509
f 264/521/509 324/520/508 325/522/510
f 264/521/509 325/522/510 263/523/511
f 263/523/511 325/522/510 326/524/512
f 263/523/511 326/524/512 262/447/437
f 262/447/437 326/524/512 327/448/438
f 219/525/513 346/526/514 179/527/515
f 179/527/515 346/526/514 347/528/516
f 179/527/515 347/528/516 180/529/517
f 180/529/517 347/528/516 348/530/518
f 180/529/517 348/530/518 181/531/519
f 181/531/519 348/530/518 349/532/520
f 181/531/519 349/532/520 182/533/521
f 182/533/521 349/532/520 350/534/522
f 182/533/521 350/534/522 183/535/523
f 183/535/523 350/534/522 351/536/524
f 183/535/523 351/536/524 184/537/525
f 184/537/525 351/536/524 352/538/526
f 184/537/525 352/538/526 185/539/527
f 185/539/527 352/538/526 353/540/528
f 185/539/527 353/540/528 186/541/529
f 186/541/529 353/540/528 354/542/530
f 186/541/529 354/542/530 187/543/531
f 187/543/531 354/542/530 355/544/532
f 187/543/531 355/544/532 188/545/533
f 188/545/533 355/544/532 356/546/534
f 188/545/533 356/546/534 189/547/535
f 189/547/535 356/546/534 357/548/536
f 189/547/535 357/548/536 190/549/537
f 190/549/537 357/548/536 358/550/538
f 190/549/537 358/550/538 191/551/539
f 191/551/539 358/550/538 359/552/540
f 191/551/539 359/552/540 192/553/541
f 192/553/541 359/552/540 360/554/542
f 192/553/541 360/554/542 193/555/543
f 193/555/543 360/554/542 361/556/544
f 193/555/543 361/556/544 194/557/545
f 194/557/545 361/556/544 195/558/546
f 195/558/546 361/556/544 362/559/547
f 195/558/546 362/559/547 196/560/548
f 196/560/548 362/559/547 363/561/549
f 196/560/548 363/561/549 197/562/550
f 197/562/550 363/561/549 364/563/551
f 197/562/550 364/563/551 198/564/552
f 198/564/552 364/563/551 365/565/553
f 198/564/552 365/565/553 199/566/554
f 199/566/554 365/565/553 366/567/555
f 199/566/554 366/567/555 200/568/556
f 200/568/556 366/567/555 367/569/557
f 200/568/556 367/569/557 201/570/558
f 201/570/558 367/569/557 368/571/559
f 201/570/558 368/571/559 202/572/560
f 202/572/560 368/571/559 369/573/561
f 202/572/560 369/573/561 203/574/562
f 203/574/562 369/573/561 370/575/563
f 203/574/562 370/575/563 204/576/564
f 204/576/564 370/575/563 371/577/565
f 204/576/564 371/577/565 205/578/566
f 205/578/566 371/577/565 372/579/567
f 205/578/566 372/579/567 206/580/568
f 206/580/568 372/579/567 373/581/569
f 206/580/568 373/581/569 207/582/570
f 207/582/570 373/581/569 374/583/571
f 207/582/570 374/583/571 208/584/572
f 208/584/572 374/583/571 375/585/573
f 208/584/572 375/585/573 209/586/574
f 209/586/574 375/585/573 337/587/575
f 209/586/574 337/587/575 210/588/576
f 210/588/576 337/587/575 338/589/577
f 210/588/576 338/589/577 211/590/578
f 211/590/578 338/589/577 339/591/579
f 211/590/578 339/591/579 212/592/580
f 212/592/580 339/591/579 340/593/581
f 212/592/580 340/593/581 213/594/582
f 213/594/582 340/593/581 341/595/583
f 213/594/582 341/595/583 214/596/584
f 214/596/584 341/595/583 342/597/585
f 214/596/584 342/597/585 215/598/586
f 215/598/586 342/597/585 216/599/587
f 216/599/587 342/597/585 343/600/588
f 216/599/587 343/600/588 217/601/589
f 217/601/589 343/600/588 344/602/590
f 217/601/589 344/602/590 218/603/591
f 218/603/591 344/602/590 345/604/592
f 218/603/591 345/604/592 219/525/513
f 219/525/513 345/604/592 346/526/514
f 221/605/593 220/606/594 299/607/595
f 299/607/595 220/606/594 260/608/596
f 299/607/595 260/608/596 300/609/597
f 300/609/597 260/608/596 259/610/598
f 300/609/597 259/610/598 301/611/599
f 301/611/599 259/610/598 258/612/600
f 301/611/599 258/612/600 302/613/601
f 302/613/601 258/612/600 257/614/602
f 302/613/601 257/614/602 303/615/603
f 303/615/603 257/614/602 256/616/604
f 303/615/603 256/616/604 304/617/605
f 304/617/605 256/616/604 255/618/606
f 304/617/605 255/618/606 305/619/607
f 305/619/607 255/618/606 254/620/608
f 305/619/607 254/620/608 306/621/609
f 306/621/609 254/620/608 253/622/610
f 306/621/609 253/622/610 307/623/611
f 307/623/611 253/622/610 252/624/612
f 307/623/611 252/624/612 308/625/613
f 308/625/613 252/624/612 251/626/614
f 308/625/613 251/626/614 309/627/615
f 309/627/615 251/626/614 250/628/616
f 309/627/615 250/628/616 310/629/617
f 310/629/617 250/628/616 249/630/618
f 310/629/617 249/630/618 311/631/619
f 311/631/619 249/630/618 248/632/620
f 311/631/619 248/632/620 312/633/621
f 312/633/621 248/632/620 247/634/622
f 312/633/621 247/634/622 246/635/623
f 312/633/621 246/635/623 313/636/624
f 313/636/624 246/635/623 245/637/625
f 313/636/624 245/637/625 314/638/626
f 314/638/626 245/637/625 244/639/627
f 314/638/626 244/639/627 315/640/628
f 315/640/628 244/639/627 243/641/629
f 315/640/628 243/641/629 316/642/630
f 316/642/630 243/641/629 242/643/631
f 316/642/630 242/643/631 317/644/632
f 317/644/632 242/643/631 241/645/633
f 317/644/632 241/645/633 318/646/634
f 318/646/634 241/645/633 240/647/635
f 318/646/634 240/647/635 319/648/636
f 319/648/636 240/647/635 239/649/637
f 319/648/636 239/649/637 320/650/638
f 320/650/638 239/649/637 238/651/639
f 320/650/638 238/651/639 321/652/640
f 321/652/640 238/651/639 237/653/641
f 321/652/640 237/653/641 322/654/642
f 322/654/642 237/653/641 236/655/643
f 322/654/642 236/655/643 323/656/644
f 323/656/644 236/655/643 235/657/645
f 323/656/644 235/657/645 324/658/646
f 324/658/646 235/657/645 234/659/647
f 324/658/646 234/659/647 233/660/648
f 324/658/646 233/660/648 325/661/649
f 325/661/649 233/660/648 232/662/650
f 325/661/649 232/662/650 326/663/651
f 326/663/651 232/662/650 231/664/652
f 326/663/651 231/664/652 327/665/653
f 327/665/653 231/664/652 230/666/654
f 327/665/653 230/666/654 328/667/655
f 328/667/655 230/666/654 229/668/656
f 328/667/655 229/668/656 329/669/657
f 329/669/657 229/668/656 228/670/658
f 329/669/657 228/670/658 330/671/659
f 330/671/659 228/670/658 227/672/660
f 330/671/659 227/672/660 331/673/661
f 331/673/661 227/672/660 226/674/662
f 331/673/661 226/674/662 332/675/663
f 332/675/663 226/674/662 225/676/664
f 332/675/663 225/676/664 333/677/665
f 333/677/665 225/676/664 224/678/666
f 333/677/665 224/678/666 334/679/667
f 334/679/667 224/678/666 223/680/668
f 334/679/667 223/680/668 335/681/669
f 335/681/669 223/680/668 222/682/670
f 335/681/669 222/682/670 336/683/671
f 336/683/671 222/682/670 221/605/593
f 336/683/671 221/605/593 299/607/595
f 298/684/441 407/685/672 261/686/439
f 261/686/439 407/685/672 416/687/673
f 261/686/439 416/687/673 641/688/674
f 641/688/674 416/687/673 415/689/675
f 641/688/674 415/689/675 642/690/676
f 642/690/676 415/689/675 414/691/677
f 642/690/676 414/691/677 643/692/678
f 643/692/678 414/691/677 413/693/679
f 643/692/678 413/693/679 644/694/680
f 644/694/680 413/693/679 412/695/681
f 644/694/680 412/695/681 645/696/682
f 645/696/682 412/695/681 337/697/575
f 645/696/682 337/697/575 375/698/573
f 407/685/672 298/684/441 417/699/683
f 417/699/683 298/684/441 297/700/443
f 417/699/683 297/700/443 422/701/684
f 422/701/684 297/700/443 395/702/685
f 422/701/684 395/702/685 434/703/686
f 434/703/686 395/702/685 427/704/687
f 434/703/686 427/704/687 428/705/688
f 428/705/688 427/704/687 436/706/689
f 428/705/688 436/706/689 437/707/690
f 437/707/690 436/706/689 444/708/691
f 437/707/690 444/708/691 443/709/692
f 443/709/692 444/708/691 396/710/693
f 443/709/692 396/710/693 342/711/585
f 342/711/585 396/710/693 343/712/588
f 343/712/588 396/710/693 452/713/694
f 343/712/588 452/713/694 344/714/590
f 344/714/590 452/713/694 398/715/695
f 344/714/590 398/715/695 345/716/592
f 345/716/592 398/715/695 462/717/696
f 345/716/592 462/717/696 461/718/697
f 461/718/697 462/717/696 463/719/698
f 461/718/697 463/719/698 460/720/699
f 460/720/699 463/719/698 464/721/700
f 460/720/699 464/721/700 459/722/701
f 459/722/701 464/721/700 465/723/702
f 459/722/701 465/723/702 458/724/703
f 458/724/703 465/723/702 399/725/704
f 458/724/703 399/725/704 457/726/705
f 457/726/705 399/725/704 291/727/455
f 457/726/705 291/727/455 290/728/457
f 297/700/443 296/729/445 395/702/685
f 395/702/685 296/729/445 426/730/706
f 395/702/685 426/730/706 427/704/687
f 427/704/687 426/730/706 435/731/707
f 427/704/687 435/731/707 436/706/689
f 436/706/689 435/731/707 445/732/708
f 436/706/689 445/732/708 444/708/691
f 444/708/691 445/732/708 442/733/709
f 444/708/691 442/733/709 396/710/693
f 396/710/693 442/733/709 452/713/694
f 296/729/445 295/734/447 426/730/706
f 426/730/706 295/734/447 397/735/710
f 426/730/706 397/735/710 435/731/707
f 435/731/707 397/735/710 446/736/711
f 435/731/707 446/736/711 445/732/708
f 445/732/708 446/736/711 441/737/712
f 445/732/708 441/737/712 442/733/709
f 442/733/709 441/737/712 451/738/713
f 442/733/709 451/738/713 452/713/694
f 452/713/694 451/738/713 398/715/695
f 295/734/447 294/739/449 397/735/710
f 397/735/710 294/739/449 447/740/714
f 397/735/710 447/740/714 446/736/711
f 446/736/711 447/740/714 440/741/715
f 446/736/711 440/741/715 441/737/712
f 441/737/712 440/741/715 450/742/716
f 441/737/712 450/742/716 451/738/713
f 451/738/713 450/742/716 456/743/717
f 451/738/713 456/743/717 398/715/695
f 398/715/695 456/743/717 462/717/696
f 447/740/714 294/739/449 439/744/718
f 439/744/718 294/739/449 293/745/451
f 439/744/718 293/745/451 448/746/719
f 448/746/719 293/745/451 292/747/453
f 448/746/719 292/747/453 453/748/720
f 453/748/720 292/747/453 399/725/704
f 453/748/720 399/725/704 465/723/702
f 292/747/453 291/727/455 399/725/704
f 457/726/705 290/728/457 401/749/721
f 401/749/721 290/728/457 289/750/459
f 401/749/721 289/750/459 478/751/722
f 478/751/722 289/750/459 470/752/723
f 478/751/722 470/752/723 471/753/724
f 471/753/724 470/752/723 479/754/725
f 471/753/724 479/754/725 480/755/726
f 480/755/726 479/754/725 490/756/727
f 480/755/726 490/756/727 489/757/728
f 489/757/728 490/756/727 486/758/729
f 489/757/728 486/758/729 487/759/730
f 487/759/730 486/758/729 497/760/731
f 487/759/730 497/760/731 350/761/522
f 350/761/522 497/760/731 351/762/524
f 351/762/524 497/760/731 502/763/732
f 351/762/524 502/763/732 352/764/526
f 352/764/526 502/763/732 403/765/733
f 352/764/526 403/765/733 353/766/528
f 353/766/528 403/765/733 507/767/734
f 353/766/528 507/767/734 514/768/735
f 514/768/735 507/767/734 506/769/736
f 514/768/735 506/769/736 513/770/737
f 513/770/737 506/769/736 505/771/738
f 513/770/737 505/771/738 512/772/739
f 512/772/739 505/771/738 504/773/740
f 512/772/739 504/773/740 511/774/741
f 511/774/741 504/773/740 503/775/742
f 511/774/741 503/775/742 405/776/743
f 405/776/743 503/775/742 283/777/471
f 405/776/743 283/777/471 282/778/473
f 289/750/459 288/779/461 470/752/723
f 470/752/723 288/779/461 402/780/744
f 470/752/723 402/780/744 479/754/725
f 479/754/725 402/780/744 491/781/745
f 479/754/725 491/781/745 490/756/727
f 490/756/727 491/781/745 485/782/746
f 490/756/727 485/782/746 486/758/729
f 486/758/729 485/782/746 496/783/747
f 486/758/729 496/783/747 497/760/731
f 497/760/731 496/783/747 502/763/732
f 288/779/461 287/784/463 402/780/744
f 402/780/744 287/784/463 492/785/748
f 402/780/744 492/785/748 491/781/745
f 491/781/745 492/785/748 484/786/749
f 491/781/745 484/786/749 485/782/746
f 485/782/746 484/786/749 495/787/750
f 485/782/746 495/787/750 496/783/747
f 496/783/747 495/787/750 501/788/751
f 496/783/747 501/788/751 502/763/732
f 502/763/732 501/788/751 403/765/733
f 492/785/748 287/784/463 483/789/752
f 483/789/752 287/784/463 286/790/465
f 483/789/752 286/790/465 493/791/753
f 493/791/753 286/790/465 285/792/467
f 493/791/753 285/792/467 498/793/754
f 498/793/754 285/792/467 404/794/755
f 498/793/754 404/794/755 510/795/756
f 510/795/756 404/794/755 504/773/740
f 510/795/756 504/773/740 505/771/738
f 285/792/467 284/796/469 404/794/755
f 404/794/755 284/796/469 503/775/742
f 404/794/755 503/775/742 504/773/740
f 284/796/469 283/777/471 503/775/742
f 281/797/475 515/798/757 282/778/473
f 282/778/473 515/798/757 524/799/758
f 282/778/473 524/799/758 405/776/743
f 405/776/743 524/799/758 523/800/759
f 405/776/743 523/800/759 511/774/741
f 511/774/741 523/800/759 522/801/760
f 511/774/741 522/801/760 512/772/739
f 512/772/739 522/801/760 521/802/761
f 512/772/739 521/802/761 513/770/737
f 513/770/737 521/802/761 520/803/762
f 513/770/737 520/803/762 514/768/735
f 514/768/735 520/803/762 354/804/530
f 514/768/735 354/804/530 353/766/528
f 515/798/757 281/797/475 525/805/763
f 525/805/763 281/797/475 280/806/477
f 525/805/763 280/806/477 376/807/764
f 376/808/764 280/809/477 529/810/765
f 376/808/764 529/810/765 530/811/766
f 530/811/766 529/810/765 534/812/767
f 530/811/766 534/812/767 535/813/768
f 535/813/768 534/812/767 540/814/769
f 535/813/768 540/814/769 541/815/770
f 541/815/770 540/814/769 549/816/771
f 541/815/770 549/816/771 548/817/772
f 548/817/772 549/816/771 547/818/773
f 548/817/772 547/818/773 360/819/542
f 360/819/542 547/818/773 383/820/774
f 360/819/542 383/820/774 361/821/544
f 361/821/544 383/820/774 560/822/775
f 361/821/544 560/822/775 362/823/547
f 362/823/547 560/822/775 559/824/776
f 362/823/547 559/824/776 363/825/549
f 363/825/549 559/824/776 569/826/777
f 363/825/549 569/826/777 574/827/778
f 574/827/778 569/826/777 568/828/779
f 574/827/778 568/828/779 573/829/780
f 573/829/780 568/828/779 567/830/781
f 573/829/780 567/830/781 572/831/782
f 572/831/782 567/830/781 566/832/783
f 572/831/782 566/832/783 571/833/784
f 571/833/784 566/832/783 565/834/785
f 571/833/784 565/834/785 570/835/786
f 570/835/786 565/834/785 273/836/491
f 570/835/786 273/836/491 385/837/787
f 385/837/787 273/836/491 272/838/493
f 385/837/787 272/838/493 575/839/788
f 575/839/788 272/838/493 271/840/495
f 575/839/788 271/840/495 387/841/789
f 387/841/789 271/840/495 270/842/497
f 387/841/789 270/842/497 596/843/790
f 596/843/790 270/842/497 587/844/791
f 596/843/790 587/844/791 588/845/792
f 588/845/792 587/844/791 597/846/793
f 588/845/792 597/846/793 598/847/794
f 598/847/794 597/846/793 607/848/795
f 598/847/794 607/848/795 606/849/796
f 606/849/796 607/848/795 604/850/797
f 606/849/796 604/850/797 605/851/798
f 605/851/798 604/850/797 390/852/799
f 605/851/798 390/852/799 370/853/563
f 370/853/563 390/852/799 371/854/565
f 371/854/565 390/852/799 618/855/800
f 371/854/565 618/855/800 624/856/801
f 624/856/801 618/855/800 617/857/802
f 624/856/801 617/857/802 625/858/803
f 625/858/803 617/857/802 616/859/804
f 625/858/803 616/859/804 626/860/805
f 626/860/805 616/859/804 615/861/806
f 626/860/805 615/861/806 627/862/807
f 627/862/807 615/861/806 614/863/808
f 627/862/807 614/863/808 391/864/809
f 391/864/809 614/863/808 266/865/505
f 391/864/809 266/865/505 265/866/507
f 280/809/477 279/867/479 529/810/765
f 529/810/765 279/867/479 533/868/810
f 529/810/765 533/868/810 534/812/767
f 534/812/767 533/868/810 539/869/811
f 534/812/767 539/869/811 540/814/769
f 540/814/769 539/869/811 550/870/812
f 540/814/769 550/870/812 549/816/771
f 549/816/771 550/870/812 546/871/813
f 549/816/771 546/871/813 547/818/773
f 547/818/773 546/871/813 383/820/774
f 279/867/479 278/872/481 533/868/810
f 533/868/810 278/872/481 538/873/814
f 533/868/810 538/873/814 539/869/811
f 539/869/811 538/873/814 551/874/815
f 539/869/811 551/874/815 550/870/812
f 550/870/812 551/874/815 545/875/816
f 550/870/812 545/875/816 546/871/813
f 546/871/813 545/875/816 554/876/817
f 546/871/813 554/876/817 383/820/774
f 383/820/774 554/876/817 560/822/775
f 538/873/814 278/872/481 382/877/818
f 382/877/818 278/872/481 277/878/483
f 382/877/818 277/878/483 543/879/819
f 543/879/819 277/878/483 276/880/485
f 543/879/819 276/880/485 384/881/820
f 384/881/820 276/880/485 275/882/487
f 384/881/820 275/882/487 564/883/821
f 564/883/821 275/882/487 555/884/822
f 564/883/821 555/884/822 556/885/823
f 556/885/823 555/884/822 566/832/783
f 556/885/823 566/832/783 567/830/781
f 275/882/487 274/886/489 555/884/822
f 555/884/822 274/886/489 565/834/785
f 555/884/822 565/834/785 566/832/783
f 274/886/489 273/836/491 565/834/785
f 270/842/497 269/887/499 587/844/791
f 587/844/791 269/887/499 389/888/824
f 587/844/791 389/888/824 597/846/793
f 597/846/793 389/888/824 608/889/825
f 597/846/793 608/889/825 607/848/795
f 607/848/795 608/889/825 603/890/826
f 607/848/795 603/890/826 604/850/797
f 604/850/797 603/890/826 613/891/827
f 604/850/797 613/891/827 390/852/799
f 390/852/799 613/891/827 618/855/800
f 269/887/499 268/892/501 389/888/824
f 389/888/824 268/892/501 609/893/828
f 389/888/824 609/893/828 608/889/825
f 608/889/825 609/893/828 602/894/829
f 608/889/825 602/894/829 603/890/826
f 603/890/826 602/894/829 612/895/830
f 603/890/826 612/895/830 613/891/827
f 613/891/827 612/895/830 617/857/802
f 613/891/827 617/857/802 618/855/800
f 609/893/828 268/892/501 601/896/831
f 601/896/831 268/892/501 267/897/503
f 601/896/831 267/897/503 610/898/832
f 610/898/832 267/897/503 266/865/505
f 610/898/832 266/865/505 614/863/808
f 391/864/809 265/866/507 619/899/833
f 619/899/833 265/866/507 264/900/509
f 619/899/833 264/900/509 393/901/834
f 393/901/834 264/900/509 263/902/511
f 393/901/834 263/902/511 640/903/835
f 640/903/835 263/902/511 632/904/836
f 640/903/835 632/904/836 633/905/837
f 633/905/837 632/904/836 642/690/676
f 633/905/837 642/690/676 643/692/678
f 263/902/511 262/906/437 632/904/836
f 632/904/836 262/906/437 641/688/674
f 632/904/836 641/688/674 642/690/676
f 262/906/437 261/686/439 641/688/674
f 645/696/682 375/698/573 636/907/838
f 636/907/838 375/698/573 374/908/571
f 636/907/838 374/908/571 392/909/839
f 392/909/839 374/908/571 373/910/569
f 392/909/839 373/910/569 631/911/840
f 631/911/840 373/910/569 623/912/841
f 631/911/840 623/912/841 622/913/842
f 622/913/842 623/912/841 625/858/803
f 622/913/842 625/858/803 626/860/805
f 373/910/569 372/914/567 623/912/841
f 623/912/841 372/914/567 624/856/801
f 623/912/841 624/856/801 625/858/803
f 372/914/567 371/854/565 624/856/801
f 370/853/563 369/915/561 605/851/798
f 605/851/798 369/915/561 388/916/843
f 605/851/798 388/916/843 606/849/796
f 606/849/796 388/916/843 599/917/844
f 606/849/796 599/917/844 598/847/794
f 598/847/794 599/917/844 589/918/845
f 598/847/794 589/918/845 588/845/792
f 588/845/792 589/918/845 595/919/846
f 588/845/792 595/919/846 596/843/790
f 596/843/790 595/919/846 387/841/789
f 369/915/561 368/920/559 388/916/843
f 388/916/843 368/920/559 600/921/847
f 388/916/843 600/921/847 599/917/844
f 599/917/844 600/921/847 590/922/848
f 599/917/844 590/922/848 589/918/845
f 589/918/845 590/922/848 594/923/849
f 589/918/845 594/923/849 595/919/846
f 595/919/846 594/923/849 583/924/850
f 595/919/846 583/924/850 387/841/789
f 387/841/789 583/924/850 575/839/788
f 600/921/847 368/920/559 591/925/851
f 591/925/851 368/920/559 367/926/557
f 591/925/851 367/926/557 592/927/852
f 592/927/852 367/926/557 366/928/555
f 592/927/852 366/928/555 586/929/853
f 586/929/853 366/928/555 386/930/854
f 586/929/853 386/930/854 578/931/855
f 578/931/855 386/930/854 580/932/856
f 578/931/855 580/932/856 581/933/857
f 581/933/857 580/932/856 572/831/782
f 581/933/857 572/831/782 571/833/784
f 366/928/555 365/934/553 386/930/854
f 386/930/854 365/934/553 579/935/858
f 386/930/854 579/935/858 580/932/856
f 580/932/856 579/935/858 573/829/780
f 580/932/856 573/829/780 572/831/782
f 365/934/553 364/936/551 579/935/858
f 579/935/858 364/936/551 574/827/778
f 579/935/858 574/827/778 573/829/780
f 364/936/551 363/825/549 574/827/778
f 360/819/542 359/937/540 548/817/772
f 548/817/772 359/937/540 542/938/859
f 548/817/772 542/938/859 541/815/770
f 541/815/770 542/938/859 536/939/860
f 541/815/770 536/939/860 535/813/768
f 535/813/768 536/939/860 531/940/861
f 535/813/768 531/940/861 530/811/766
f 530/811/766 531/940/861 377/941/862
f 530/811/766 377/941/862 376/808/764
f 376/807/764 377/942/862 525/805/763
f 359/937/540 358/943/538 542/938/859
f 542/938/859 358/943/538 537/944/863
f 542/938/859 537/944/863 536/939/860
f 536/939/860 537/944/863 532/945/864
f 536/939/860 532/945/864 531/940/861
f 531/940/861 532/945/864 378/946/865
f 531/940/861 378/946/865 377/941/862
f 377/942/862 378/947/865 526/948/866
f 377/942/862 526/948/866 525/805/763
f 525/805/763 526/948/866 515/798/757
f 537/944/863 358/943/538 381/949/867
f 381/949/867 358/943/538 357/950/536
f 381/949/867 357/950/536 380/951/868
f 380/952/868 357/953/536 356/954/534
f 380/952/868 356/954/534 406/955/869
f 406/955/869 356/954/534 355/956/532
f 406/955/869 355/956/532 519/957/870
f 519/957/870 355/956/532 520/803/762
f 519/957/870 520/803/762 521/802/761
f 355/956/532 354/804/530 520/803/762
f 487/759/730 350/761/522 488/958/871
f 488/958/871 350/761/522 349/959/520
f 488/958/871 349/959/520 482/960/872
f 482/960/872 349/959/520 348/961/518
f 482/960/872 348/961/518 400/962/873
f 400/962/873 348/961/518 347/963/516
f 400/962/873 347/963/516 474/964/874
f 474/964/874 347/963/516 469/965/875
f 474/964/874 469/965/875 468/966/876
f 468/966/876 469/965/875 460/720/699
f 468/966/876 460/720/699 459/722/701
f 347/963/516 346/967/514 469/965/875
f 469/965/875 346/967/514 461/718/697
f 469/965/875 461/718/697 460/720/699
f 346/967/514 345/716/592 461/718/697
f 443/709/692 342/711/585 438/968/877
f 438/968/877 342/711/585 341/969/583
f 438/968/877 341/969/583 430/970/878
f 430/970/878 341/969/583 340/971/581
f 430/970/878 340/971/581 431/972/879
f 431/972/879 340/971/581 394/973/880
f 431/972/879 394/973/880 425/974/881
f 425/974/881 394/973/880 420/975/882
f 425/974/881 420/975/882 419/976/883
f 419/976/883 420/975/882 409/977/884
f 419/976/883 409/977/884 408/978/885
f 408/978/885 409/977/884 415/689/675
f 408/978/885 415/689/675 416/687/673
f 340/971/581 339/979/579 394/973/880
f 394/973/880 339/979/579 421/980/886
f 394/973/880 421/980/886 420/975/882
f 420/975/882 421/980/886 410/981/887
f 420/975/882 410/981/887 409/977/884
f 409/977/884 410/981/887 414/691/677
f 409/977/884 414/691/677 415/689/675
f 339/979/579 338/982/577 421/980/886
f 421/980/886 338/982/577 411/983/888
f 421/980/886 411/983/888 410/981/887
f 410/981/887 411/983/888 413/693/679
f 410/981/887 413/693/679 414/691/677
f 338/982/577 337/697/575 411/983/888
f 411/983/888 337/697/575 412/695/681
f 411/983/888 412/695/681 413/693/679
f 378/947/865 379/984/889 527/985/890
f 527/985/890 379/984/889 528/986/891
f 527/985/890 528/986/891 517/987/892
f 517/987/892 528/986/891 518/988/893
f 517/987/892 518/988/893 522/801/760
f 522/801/760 518/988/893 521/802/761
f 379/984/889 380/952/868 528/986/891
f 528/986/891 380/952/868 406/955/869
f 528/986/891 406/955/869 518/988/893
f 518/988/893 406/955/869 519/957/870
f 518/988/893 519/957/870 521/802/761
f 378/946/865 532/945/864 379/989/889
f 379/989/889 532/945/864 381/949/867
f 379/989/889 381/949/867 380/951/868
f 416/687/673 407/685/672 408/978/885
f 408/978/885 407/685/672 418/990/894
f 408/978/885 418/990/894 419/976/883
f 419/976/883 418/990/894 424/991/895
f 419/976/883 424/991/895 425/974/881
f 425/974/881 424/991/895 432/992/896
f 425/974/881 432/992/896 431/972/879
f 431/972/879 432/992/896 430/970/878
f 407/685/672 417/699/683 418/990/894
f 418/990/894 417/699/683 423/993/897
f 418/990/894 423/993/897 424/991/895
f 424/991/895 423/993/897 433/994/898
f 424/991/895 433/994/898 432/992/896
f 432/992/896 433/994/898 429/995/899
f 432/992/896 429/995/899 430/970/878
f 430/970/878 429/995/899 438/968/877
f 417/699/683 422/701/684 423/993/897
f 423/993/897 422/701/684 434/703/686
f 423/993/897 434/703/686 433/994/898
f 433/994/898 434/703/686 428/705/688
f 433/994/898 428/705/688 429/995/899
f 429/995/899 428/705/688 437/707/690
f 429/995/899 437/707/690 438/968/877
f 438/968/877 437/707/690 443/709/692
f 447/740/714 439/744/718 440/741/715
f 440/741/715 439/744/718 449/996/900
f 440/741/715 449/996/900 450/742/716
f 450/742/716 449/996/900 455/997/901
f 450/742/716 455/997/901 456/743/717
f 456/743/717 455/997/901 463/719/698
f 456/743/717 463/719/698 462/717/696
f 439/744/718 448/746/719 449/996/900
f 449/996/900 448/746/719 454/998/902
f 449/996/900 454/998/902 455/997/901
f 455/997/901 454/998/902 464/721/700
f 455/997/901 464/721/700 463/719/698
f 448/746/719 453/748/720 454/998/902
f 454/998/902 453/748/720 465/723/702
f 454/998/902 465/723/702 464/721/700
f 458/724/703 457/726/705 466/999/903
f 466/999/903 457/726/705 401/749/721
f 466/999/903 401/749/721 477/1000/904
f 477/1000/904 401/749/721 478/751/722
f 477/1000/904 478/751/722 471/753/724
f 459/722/701 458/724/703 467/1001/905
f 467/1001/905 458/724/703 466/999/903
f 467/1001/905 466/999/903 476/1002/906
f 476/1002/906 466/999/903 477/1000/904
f 476/1002/906 477/1000/904 472/1003/907
f 472/1003/907 477/1000/904 471/753/724
f 472/1003/907 471/753/724 480/755/726
f 459/722/701 467/1001/905 468/966/876
f 468/966/876 467/1001/905 475/1004/908
f 468/966/876 475/1004/908 474/964/874
f 474/964/874 475/1004/908 400/962/873
f 475/1004/908 467/1001/905 476/1002/906
f 475/1004/908 476/1002/906 473/1005/909
f 473/1005/909 476/1002/906 472/1003/907
f 473/1005/909 472/1003/907 481/1006/910
f 481/1006/910 472/1003/907 480/755/726
f 481/1006/910 480/755/726 489/757/728
f 482/960/872 400/962/873 473/1005/909
f 473/1005/909 400/962/873 475/1004/908
f 482/960/872 473/1005/909 481/1006/910
f 488/958/871 482/960/872 481/1006/910
f 488/958/871 481/1006/910 489/757/728
f 492/785/748 483/789/752 484/786/749
f 484/786/749 483/789/752 494/1007/911
f 484/786/749 494/1007/911 495/787/750
f 495/787/750 494/1007/911 500/1008/912
f 495/787/750 500/1008/912 501/788/751
f 501/788/751 500/1008/912 508/1009/913
f 501/788/751 508/1009/913 403/765/733
f 403/765/733 508/1009/913 507/767/734
f 488/958/871 489/757/728 487/759/730
f 483/789/752 493/791/753 494/1007/911
f 494/1007/911 493/791/753 499/1010/914
f 494/1007/911 499/1010/914 500/1008/912
f 500/1008/912 499/1010/914 509/1011/915
f 500/1008/912 509/1011/915 508/1009/913
f 508/1009/913 509/1011/915 506/769/736
f 508/1009/913 506/769/736 507/767/734
f 493/791/753 498/793/754 499/1010/914
f 499/1010/914 498/793/754 510/795/756
f 499/1010/914 510/795/756 509/1011/915
f 509/1011/915 510/795/756 505/771/738
f 509/1011/915 505/771/738 506/769/736
f 523/800/759 524/799/758 516/1012/916
f 516/1012/916 524/799/758 515/798/757
f 516/1012/916 515/798/757 526/948/866
f 522/801/760 523/800/759 517/987/892
f 517/987/892 523/800/759 516/1012/916
f 517/987/892 516/1012/916 527/985/890
f 527/985/890 516/1012/916 526/948/866
f 527/985/890 526/948/866 378/947/865
f 537/944/863 381/949/867 532/945/864
f 543/879/819 544/1013/917 382/877/818
f 382/877/818 544/1013/917 551/874/815
f 382/877/818 551/874/815 538/873/814
f 551/874/815 544/1013/917 545/875/816
f 545/875/816 544/1013/917 553/1014/918
f 545/875/816 553/1014/918 554/876/817
f 554/876/817 553/1014/918 561/1015/919
f 554/876/817 561/1015/919 560/822/775
f 560/822/775 561/1015/919 559/824/776
f 544/1013/917 543/879/819 552/1016/920
f 552/1016/920 543/879/819 384/881/820
f 552/1016/920 384/881/820 563/1017/921
f 563/1017/921 384/881/820 564/883/821
f 563/1017/921 564/883/821 556/885/823
f 544/1013/917 552/1016/920 553/1014/918
f 553/1014/918 552/1016/920 562/1018/922
f 553/1014/918 562/1018/922 561/1015/919
f 561/1015/919 562/1018/922 558/1019/923
f 561/1015/919 558/1019/923 559/824/776
f 559/824/776 558/1019/923 569/826/777
f 562/1018/922 552/1016/920 563/1017/921
f 562/1018/922 563/1017/921 557/1020/924
f 557/1020/924 563/1017/921 556/885/823
f 557/1020/924 556/885/823 567/830/781
f 562/1018/922 557/1020/924 558/1019/923
f 558/1019/923 557/1020/924 568/828/779
f 558/1019/923 568/828/779 569/826/777
f 568/828/779 557/1020/924 567/830/781
f 571/833/784 570/835/786 582/1021/925
f 582/1021/925 570/835/786 385/837/787
f 582/1021/925 385/837/787 576/1022/926
f 576/1022/926 385/837/787 575/839/788
f 576/1022/926 575/839/788 583/924/850
f 576/1022/926 577/1023/927 582/1021/925
f 582/1021/925 577/1023/927 581/933/857
f 582/1021/925 581/933/857 571/833/784
f 581/933/857 577/1023/927 578/931/855
f 578/931/855 577/1023/927 585/1024/928
f 578/931/855 585/1024/928 586/929/853
f 586/929/853 585/1024/928 592/927/852
f 577/1023/927 576/1022/926 584/1025/929
f 584/1025/929 576/1022/926 583/924/850
f 584/1025/929 583/924/850 594/923/849
f 577/1023/927 584/1025/929 585/1024/928
f 585/1024/928 584/1025/929 593/1026/930
f 585/1024/928 593/1026/930 592/927/852
f 592/927/852 593/1026/930 591/925/851
f 593/1026/930 584/1025/929 594/923/849
f 593/1026/930 594/923/849 590/922/848
f 600/921/847 591/925/851 590/922/848
f 590/922/848 591/925/851 593/1026/930
f 609/893/828 601/896/831 602/894/829
f 602/894/829 601/896/831 611/1027/931
f 602/894/829 611/1027/931 612/895/830
f 612/895/830 611/1027/931 616/859/804
f 612/895/830 616/859/804 617/857/802
f 601/896/831 610/898/832 611/1027/931
f 611/1027/931 610/898/832 615/861/806
f 611/1027/931 615/861/806 616/859/804
f 614/863/808 615/861/806 610/898/832
f 627/862/807 391/864/809 620/1028/932
f 620/1028/932 391/864/809 619/899/833
f 620/1028/932 619/899/833 628/1029/933
f 628/1029/933 619/899/833 393/901/834
f 628/1029/933 393/901/834 639/1030/934
f 639/1030/934 393/901/834 640/903/835
f 639/1030/934 640/903/835 633/905/837
f 626/860/805 627/862/807 621/1031/935
f 621/1031/935 627/862/807 620/1028/932
f 621/1031/935 620/1028/932 629/1032/936
f 629/1032/936 620/1028/932 628/1029/933
f 629/1032/936 628/1029/933 638/1033/937
f 638/1033/937 628/1029/933 639/1030/934
f 638/1033/937 639/1030/934 634/1034/938
f 634/1034/938 639/1030/934 633/905/837
f 634/1034/938 633/905/837 643/692/678
f 626/860/805 621/1031/935 622/913/842
f 622/913/842 621/1031/935 630/1035/939
f 622/913/842 630/1035/939 631/911/840
f 631/911/840 630/1035/939 392/909/839
f 630/1035/939 621/1031/935 629/1032/936
f 630/1035/939 629/1032/936 637/1036/940
f 637/1036/940 629/1032/936 638/1033/937
f 637/1036/940 638/1033/937 635/1037/941
f 635/1037/941 638/1033/937 634/1034/938
f 635/1037/941 634/1034/938 644/694/680
f 644/694/680 634/1034/938 643/692/678
f 635/1037/941 636/907/838 637/1036/940
f 637/1036/940 636/907/838 392/909/839
f 637/1036/940 392/909/839 630/1035/939
f 644/694/680 645/696/682 635/1037/941
f 635/1037/941 645/696/682 636/907/838
g Body3

v 2.650000 1.700000 -0.000000
v 2.611882 1.700000 0.447852
v 2.498625 1.700000 0.882820
v 2.313487 1.700000 1.292392
v 2.061795 1.700000 1.664783
v 1.750788 1.700000 1.989282
v 1.389414 1.700000 2.256552
v 0.988070 1.700000 2.458906
v 0.558300 1.700000 2.590521
v 0.112469 1.700000 2.647612
v -0.336597 1.700000 2.628536
v -0.775980 1.700000 2.533842
v -1.193040 1.700000 2.366254
v -1.575778 1.700000 2.130592
v -1.913184 1.700000 1.833638
v -2.195551 1.700000 1.483933
v -2.414755 1.700000 1.091538
v -2.564492 1.700000 0.667742
v -2.640453 1.700000 0.224736
v -2.640453 1.700000 -0.224736
v -2.564492 1.700000 -0.667742
v -2.414755 1.700000 -1.091538
v -2.195551 1.700000 -1.483933
v -1.913184 1.700000 -1.833638
v -1.575778 1.700000 -2.130592
v -1.193040 1.700000 -2.366254
v -0.775980 1.700000 -2.533842
v -0.336597 1.700000 -2.628536
v 0.112469 1.700000 -2.647612
v 0.558300 1.700000 -2.590521
v 0.988070 1.700000 -2.458906
v 1.389414 1.700000 -2.256552
v 1.750788 1.700000 -1.989282
v 2.061795 1.700000 -1.664783
v 2.313487 1.700000 -1.292392
v 2.498625 1.700000 -0.882820
v 2.611882 1.700000 -0.447852
v 2.650000 4.200000 -0.000000
v 2.611882 4.200000 -0.447852
v 2.498625 4.200000 -0.882820
v 2.313487 4.200000 -1.292392
v 2.061795 4.200000 -1.664783
v 1.750788 4.200000 -1.989282
v 1.389414 4.200000 -2.256552
v 0.988070 4.200000 -2.458906
v 0.558300 4.200000 -2.590521
v 0.112469 4.200000 -2.647612
v -0.336597 4.200000 -2.628536
v -0.775980 4.200000 -2.533842
v -1.193040 4.200000 -2.366254
v -1.575778 4.200000 -2.130592
v -1.913184 4.200000 -1.833638
v -2.195551 4.200000 -1.483933
v -2.414755 4.200000 -1.091538
v -2.564492 4.200000 -0.667742
v -2.640453 4.200000 -0.224736
v -2.640453 4.200000 0.224736
v -2.564492 4.200000 0.667742
v -2.414755 4.200000 1.091538
v -2.195551 4.200000 1.483933
v -1.913184 4.200000 1.833638
v -1.575778 4.200000 2.130592
v -1.193040 4.200000 2.366254
v -0.775980 4.200000 2.533842
v -0.336597 4.200000 2.628536
v 0.112469 4.200000 2.647612
v 0.558300 4.200000 2.590521
v 0.988070 4.200000 2.458906
v 1.389414 4.200000 2.256552
v 1.750788 4.200000 1.989282
v 2.061795 4.200000 1.664783
v 2.313487 4.200000 1.292392
v 2.498625 4.200000 0.882820
v 2.611882 4.200000 0.447852
v 0.000000 1.700000 -3.127681
v 0.489277 1.700000 -3.089174
v 0.966506 1.700000 -2.974601
v 1.419937 1.700000 -2.786784
v 1.838404 1.700000 -2.530347
v 2.211604 1.700000 -2.211604
v 2.530347 1.700000 -1.838404
v 2.786784 1.700000 -1.419937
v 2.974601 1.700000 -0.966506
v 3.089174 1.700000 -0.489277
v 3.127681 1.700000 -0.000000
v 3.089174 1.700000 0.489277
v 2.974601 1.700000 0.966506
v 2.786784 1.700000 1.419937
v 2.530347 1.700000 1.838404
v 2.211604 1.700000 2.211604
v 1.838404 1.700000 2.530347
v 1.419937 1.700000 2.786784
v 0.966506 1.700000 2.974601
v 0.489277 1.700000 3.089174
v 0.000000 1.700000 3.127681
v -0.489277 1.700000 3.089174
v -0.966506 1.700000 2.974601
v -1.419937 1.700000 2.786784
v -1.838404 1.700000 2.530347
v -2.211604 1.700000 2.211604
v -2.530347 1.700000 1.838404
v -2.786784 1.700000 1.419937
v -2.974601 1.700000 0.966506
v -3.089174 1.700000 0.489277
v -3.127681 1.700000 0.000000
v -3.089174 1.700000 -0.489277
v -2.974601 1.700000 -0.966506
v -2.786784 1.700000 -1.419937
v -2.530347 1.700000 -1.838404
v -2.211604 1.700000 -2.211604
v -1.838404 1.700000 -2.530347
v -1.419937 1.700000 -2.786784
v -0.966506 1.700000 -2.974601
v -0.489277 1.700000 -3.089174
v 0.000000 4.200000 -3.127681
v -0.489277 4.200000 -3.089174
v -0.966506 4.200000 -2.974601
v -1.419937 4.200000 -2.786784
v -1.838404 4.200000 -2.530347
v -2.211604 4.200000 -2.211604
v -2.530347 4.200000 -1.838404
v -2.786784 4.200000 -1.419937
v -2.974601 4.200000 -0.966506
v -3.089174 4.200000 -0.489277
v -3.127681 4.200000 0.000000
v -3.089174 4.200000 0.489277
v -2.974601 4.200000 0.966506
v -2.786784 4.200000 1.419937
v -2.530347 4.200000 1.838404
v -2.211604 4.200000 2.211604
v -1.838404 4.200000 2.530347
v -1.419937 4.200000 2.786784
v -0.966506 4.200000 2.974601
v -0.489277 4.200000 3.089174
v 0.000000 4.200000 3.127681
v 0.489277 4.200000 3.089174
v 0.966506 4.200000 2.974601
v 1.419937 4.200000 2.786784
v 1.838404 4.200000 2.530347
v 2.211604 4.200000 2.211604
v 2.530347 4.200000 1.838404
v 2.786784 4.200000 1.419937
v 2.974601 4.200000 0.966506
v 3.089174 4.200000 0.489277
v 3.127681 4.200000 -0.000000
v 3.089174 4.200000 -0.489277
v 2.974601 4.200000 -0.966506
v 2.786784 4.200000 -1.419937
v 2.530347 4.200000 -1.838404
v 2.211604 4.200000 -2.211604
v 1.838404 4.200000 -2.530347
v 1.419937 4.200000 -2.786784
v 0.966506 4.200000 -2.974601
v 0.489277 4.200000 -3.089174
v 0.000000 1.792025 -3.227362
v -0.492655 1.792025 -3.189539
v -0.973762 1.792025 -3.076955
v -1.432045 1.792025 -2.892251
v -1.856762 1.792025 -2.639754
v -2.237958 1.792025 -2.325384
v -2.566698 1.792025 -1.956509
v -2.835277 1.792025 -1.541775
v -3.037400 1.792025 -1.090903
v -3.168328 1.792025 -0.614461
v -3.224994 1.792025 -0.123617
v -3.206068 1.792025 0.370125
v -3.111995 1.792025 0.855191
v -2.944980 1.792025 1.320213
v -2.708936 1.792025 1.754289
v -2.409398 1.792025 2.147247
v -2.053385 1.792025 2.489875
v -1.649242 1.792025 2.774142
v -1.206443 1.792025 2.993386
v -0.735366 1.792025 3.142468
v -0.247052 1.792025 3.217892
v 0.247052 1.792025 3.217892
v 0.735366 1.792025 3.142468
v 1.206443 1.792025 2.993386
v 1.649242 1.792025 2.774142
v 2.053385 1.792025 2.489875
v 2.409398 1.792025 2.147247
v 2.708936 1.792025 1.754289
v 2.944980 1.792025 1.320213
v 3.111995 1.792025 0.855191
v 3.206068 1.792025 0.370125
v 3.224994 1.792025 -0.123617
v 3.168328 1.792025 -0.614461
v 3.037400 1.792025 -1.090903
v 2.835277 1.792025 -1.541775
v 2.566698 1.792025 -1.956509
v 2.237958 1.792025 -2.325384
v 1.856762 1.792025 -2.639754
v 1.432045 1.792025 -2.892251
v 0.973762 1.792025 -3.076955
v 0.492655 1.792025 -3.189539
v 0.000000 2.471529 -3.281722
v 0.500953 2.471529 -3.243262
v 0.990163 2.471529 -3.128782
v 1.456165 2.471529 -2.940966
v 1.888036 2.471529 -2.684217
v 2.275653 2.471529 -2.364552
v 2.609930 2.471529 -1.989463
v 2.883033 2.471529 -1.567744
v 3.088560 2.471529 -1.109278
v 3.221694 2.471529 -0.624811
v 3.279314 2.471529 -0.125699
v 3.260070 2.471529 0.376359
v 3.164412 2.471529 0.869596
v 2.994583 2.471529 1.342450
v 2.754564 2.471529 1.783838
v 2.449980 2.471529 2.183414
v 2.087971 2.471529 2.531813
v 1.677021 2.471529 2.820869
v 1.226764 2.471529 3.043805
v 0.747752 2.471529 3.195398
v 0.251213 2.471529 3.272093
v -0.251213 2.471529 3.272093
v -0.747752 2.471529 3.195398
v -1.226764 2.471529 3.043805
v -1.677021 2.471529 2.820869
v -2.087971 2.471529 2.531813
v -2.449980 2.471529 2.183414
v -2.754564 2.471529 1.783838
v -2.994583 2.471529 1.342450
v -3.164412 2.471529 0.869596
v -3.260070 2.471529 0.376359
v -3.279314 2.471529 -0.125699
v -3.221694 2.471529 -0.624811
v -3.088560 2.471529 -1.109278
v -2.883033 2.471529 -1.567744
v -2.609930 2.471529 -1.989463
v -2.275653 2.471529 -2.364552
v -1.888036 2.471529 -2.684217
v -1.456165 2.471529 -2.940966
v -0.990163 2.471529 -3.128782
v -0.500953 2.471529 -3.243262
v 0.000000 4.107975 -3.227362
v 0.492655 4.107975 -3.189539
v 0.973762 4.107975 -3.076955
v 1.432045 4.107975 -2.892251
v 1.856762 4.107975 -2.639754
v 2.237958 4.107975 -2.325384
v 2.566698 4.107975 -1.956509
v 2.835277 4.107975 -1.541775
v 3.037400 4.107975 -1.090903
v 3.168328 4.107975 -0.614461
v 3.224994 4.107975 -0.123617
v 3.206068 4.107975 0.370125
v 3.111995 4.107975 0.855191
v 2.944980 4.107975 1.320213
v 2.708936 4.107975 1.754289
v 2.409398 4.107975 2.147247
v 2.053385 4.107975 2.489875
v 1.649242 4.107975 2.774142
v 1.206443 4.107975 2.993386
v 0.735366 4.107975 3.142468
v 0.247052 4.107975 3.217892
v -0.247052 4.107975 3.217892
v -0.735366 4.107975 3.142468
v -1.206443 4.107975 2.993386
v -1.649242 4.107975 2.774142
v -2.053385 4.107975 2.489875
v -2.409398 4.107975 2.147247
v -2.708936 4.107975 1.754289
v -2.944980 4.107975 1.320213
v -3.111995 4.107975 0.855191
v -3.206068 4.107975 0.370125
v -3.224994 4.107975 -0.123617
v -3.168328 4.107975 -0.614461
v -3.037400 4.107975 -1.090903
v -2.835277 4.107975 -1.541775
v -2.566698 4.107975 -1.956509
v -2.237958 4.107975 -2.325384
v -1.856762 4.107975 -2.639754
v -1.432045 4.107975 -2.892251
v -0.973762 4.107975 -3.076955
v -0.492655 4.107975 -3.189539
v 0.000000 3.428471 3.281722
v 0.500953 3.428471 3.243262
v 0.990163 3.428471 3.128782
v 1.456165 3.428471 2.940966
v 1.888036 3.428471 2.684217
v 2.275653 3.428471 2.364552
v 2.609930 3.428471 1.989463
v 2.883033 3.428471 1.567744
v 3.088560 3.428471 1.109278
v 3.221694 3.428471 0.624811
v 3.279314 3.428471 0.125699
v 3.260070 3.428471 -0.376359
v 3.164412 3.428471 -0.869596
v 2.994583 3.428471 -1.342450
v 2.754564 3.428471 -1.783838
v 2.449980 3.428471 -2.183414
v 2.087971 3.428471 -2.531813
v 1.677021 3.428471 -2.820869
v 1.226764 3.428471 -3.043805
v 0.747752 3.428471 -3.195398
v 0.251213 3.428471 -3.272093
v -0.251213 3.428471 -3.272093
v -0.747752 3.428471 -3.195398
v -1.226764 3.428471 -3.043805
v -1.677021 3.428471 -2.820869
v -2.087971 3.428471 -2.531813
v -2.449980 3.428471 -2.183414
v -2.754564 3.428471 -1.783838
v -2.994583 3.428471 -1.342450
v -3.164412 3.428471 -0.869596
v -3.260070 3.428471 -0.376359
v -3.279314 3.428471 0.125699
v -3.221694 3.428471 0.624811
v -3.088560 3.428471 1.109278
v -2.883033 3.428471 1.567744
v -2.609930 3.428471 1.989463
v -2.275653 3.428471 2.364552
v -1.888036 3.428471 2.684217
v -1.456165 3.428471 2.940966
v -0.990163 3.428471 3.128782
v -0.500953 3.428471 3.243262
v -0.000000 2.950000 3.300831
v -0.252676 2.950000 -3.291145
v 0.252676 2.950000 -3.291145
v -0.752106 2.950000 -3.214004
v -1.233907 2.950000 -3.061528
v -1.686786 2.950000 -2.837294
v -2.100129 2.950000 -2.546555
v -2.464246 2.950000 -2.196127
v -2.770603 2.950000 -1.794224
v -3.012020 2.950000 -1.350266
v -3.182837 2.950000 -0.874659
v -3.279052 2.950000 -0.378551
v -3.298408 2.950000 0.126431
v -3.240453 2.950000 0.628449
v -3.106544 2.950000 1.115736
v -2.899820 2.950000 1.576872
v -2.625127 2.950000 2.001047
v -2.288903 2.950000 2.378320
v -1.899029 2.950000 2.699846
v -1.464644 2.950000 2.958091
v -0.995929 2.950000 3.147000
v -0.503869 2.950000 3.262146
v 0.503869 2.950000 3.262146
v 0.995929 2.950000 3.147000
v 1.464644 2.950000 2.958091
v 1.899029 2.950000 2.699846
v 2.288903 2.950000 2.378320
v 2.625127 2.950000 2.001047
v 2.899820 2.950000 1.576872
v 3.106544 2.950000 1.115736
v 3.240453 2.950000 0.628449
v 3.298408 2.950000 0.126431
v 3.279052 2.950000 -0.378551
v 3.182837 2.950000 -0.874659
v 3.012020 2.950000 -1.350266
v 2.770603 2.950000 -1.794224
v 2.464246 2.950000 -2.196127
v 2.100129 2.950000 -2.546555
v 1.686786 2.950000 -2.837294
v 1.233907 2.950000 -3.061528
v 0.752106 2.950000 -3.214004
v 0.000000 1.767754 3.222339
v 0.000000 1.745464 3.211501
v 0.000000 1.726524 3.195513
v 0.000000 1.712098 3.175359
v 0.000000 1.703072 3.152275
v 0.246668 1.767754 -3.212884
v 0.245838 1.745464 -3.202078
v 0.244614 1.726524 -3.186137
v 0.243071 1.712098 -3.166041
v 0.241304 1.703072 -3.143026
v -0.241304 1.703072 -3.143026
v -0.243071 1.712098 -3.166041
v -0.244614 1.726524 -3.186137
v -0.245838 1.745464 -3.202078
v -0.246668 1.767754 -3.212884
v 0.734221 1.767754 -3.137577
v 0.731752 1.745464 -3.127024
v 0.728109 1.726524 -3.111457
v 0.723517 1.712098 -3.091832
v 0.718257 1.703072 -3.069356
v 1.204565 1.767754 -2.988727
v 1.200514 1.745464 -2.978675
v 1.194537 1.726524 -2.963846
v 1.187003 1.712098 -2.945153
v 1.178374 1.703072 -2.923743
v 1.646675 1.767754 -2.769825
v 1.641137 1.745464 -2.760508
v 1.632967 1.726524 -2.746766
v 1.622668 1.712098 -2.729442
v 1.610871 1.703072 -2.709600
v 2.050189 1.767754 -2.486000
v 2.043293 1.745464 -2.477638
v 2.033121 1.726524 -2.465304
v 2.020298 1.712098 -2.449755
v 2.005611 1.703072 -2.431946
v 2.405647 1.767754 -2.143905
v 2.397556 1.745464 -2.136694
v 2.385621 1.726524 -2.126057
v 2.370574 1.712098 -2.112648
v 2.353341 1.703072 -2.097290
v 2.704720 1.767754 -1.751559
v 2.695623 1.745464 -1.745668
v 2.682203 1.726524 -1.736977
v 2.665286 1.712098 -1.726022
v 2.645911 1.703072 -1.713474
v 2.940396 1.767754 -1.318158
v 2.930506 1.745464 -1.313724
v 2.915917 1.726524 -1.307184
v 2.897526 1.712098 -1.298940
v 2.876462 1.703072 -1.289497
v 3.107152 1.767754 -0.853860
v 3.096701 1.745464 -0.850988
v 3.081285 1.726524 -0.846752
v 3.061851 1.712098 -0.841411
v 3.039592 1.703072 -0.835295
v 3.201078 1.767754 -0.369549
v 3.190311 1.745464 -0.368306
v 3.174429 1.726524 -0.366472
v 3.154408 1.712098 -0.364161
v 3.131477 1.703072 -0.361514
v 3.219974 1.767754 0.123424
v 3.209144 1.745464 0.123009
v 3.193168 1.726524 0.122397
v 3.173028 1.712098 0.121625
v 3.149962 1.703072 0.120741
v 3.163397 1.767754 0.613505
v 3.152757 1.745464 0.611441
v 3.137062 1.726524 0.608397
v 3.117276 1.712098 0.604560
v 3.094615 1.703072 0.600165
v 3.032672 1.767754 1.089205
v 3.022472 1.745464 1.085541
v 3.007425 1.726524 1.080137
v 2.988457 1.712098 1.073325
v 2.966732 1.703072 1.065522
v 2.830864 1.767754 1.539375
v 2.821343 1.745464 1.534198
v 2.807297 1.726524 1.526560
v 2.789591 1.712098 1.516932
v 2.769312 1.703072 1.505904
v 2.562703 1.767754 1.953464
v 2.554084 1.745464 1.946893
v 2.541369 1.726524 1.937201
v 2.525340 1.712098 1.924983
v 2.506982 1.703072 1.910989
v 2.234475 1.767754 2.321765
v 2.226959 1.745464 2.313956
v 2.215873 1.726524 2.302436
v 2.201897 1.712098 2.287914
v 2.185890 1.703072 2.271282
v 1.853872 1.767754 2.635646
v 1.847636 1.745464 2.626781
v 1.838438 1.726524 2.613704
v 1.826843 1.712098 2.597219
v 1.813563 1.703072 2.578338
v 1.429816 1.767754 2.887749
v 1.425007 1.745464 2.878036
v 1.417913 1.726524 2.863709
v 1.408970 1.712098 2.845647
v 1.398727 1.703072 2.824960
v 0.972246 1.767754 3.072166
v 0.968976 1.745464 3.061833
v 0.964152 1.726524 3.046591
v 0.958071 1.712098 3.027375
v 0.951106 1.703072 3.005368
v 0.491888 1.767754 3.184574
v 0.490233 1.745464 3.173863
v 0.487793 1.726524 3.158063
v 0.484716 1.712098 3.138145
v 0.481193 1.703072 3.115332
v -0.491888 1.767754 3.184574
v -0.490233 1.745464 3.173863
v -0.487793 1.726524 3.158063
v -0.484716 1.712098 3.138145
v -0.481193 1.703072 3.115332
v -0.972246 1.767754 3.072166
v -0.968976 1.745464 3.061833
v -0.964152 1.726524 3.046591
v -0.958071 1.712098 3.027375
v -0.951106 1.703072 3.005368
v -1.429816 1.767754 2.887749
v -1.425007 1.745464 2.878036
v -1.417913 1.726524 2.863709
v -1.408970 1.712098 2.845647
v -1.398727 1.703072 2.824960
v -1.853872 1.767754 2.635646
v -1.847636 1.745464 2.626781
v -1.838438 1.726524 2.613704
v -1.826843 1.712098 2.597219
v -1.813563 1.703072 2.578338
v -2.234475 1.767754 2.321765
v -2.226959 1.745464 2.313956
v -2.215873 1.726524 2.302436
v -2.201897 1.712098 2.287914
v -2.185890 1.703072 2.271282
v -2.562703 1.767754 1.953464
v -2.554084 1.745464 1.946893
v -2.541369 1.726524 1.937201
v -2.525340 1.712098 1.924983
v -2.506982 1.703072 1.910989
v -2.830864 1.767754 1.539375
v -2.821343 1.745464 1.534198
v -2.807297 1.726524 1.526560
v -2.789591 1.712098 1.516932
v -2.769312 1.703072 1.505904
v -3.032672 1.767754 1.089205
v -3.022472 1.745464 1.085541
v -3.007425 1.726524 1.080137
v -2.988457 1.712098 1.073325
v -2.966732 1.703072 1.065522
v -3.163397 1.767754 0.613505
v -3.152757 1.745464 0.611441
v -3.137062 1.726524 0.608397
v -3.117276 1.712098 0.604560
v -3.094615 1.703072 0.600165
v -3.219974 1.767754 0.123424
v -3.209144 1.745464 0.123009
v -3.193168 1.726524 0.122397
v -3.173028 1.712098 0.121625
v -3.149962 1.703072 0.120741
v -3.201078 1.767754 -0.369549
v -3.190311 1.745464 -0.368306
v -3.174429 1.726524 -0.366472
v -3.154408 1.712098 -0.364161
v -3.131477 1.703072 -0.361514
v -3.107152 1.767754 -0.853860
v -3.096701 1.745464 -0.850988
v -3.081285 1.726524 -0.846752
v -3.061851 1.712098 -0.841411
v -3.039592 1.703072 -0.835295
v -2.940396 1.767754 -1.318158
v -2.930506 1.745464 -1.313724
v -2.915917 1.726524 -1.307184
v -2.897526 1.712098 -1.298940
v -2.876462 1.703072 -1.289497
v -2.704720 1.767754 -1.751559
v -2.695623 1.745464 -1.745668
v -2.682203 1.726524 -1.736977
v -2.665286 1.712098 -1.726022
v -2.645911 1.703072 -1.713474
v -2.405647 1.767754 -2.143905
v -2.397556 1.745464 -2.136694
v -2.385621 1.726524 -2.126057
v -2.370574 1.712098 -2.112648
v -2.353341 1.703072 -2.097290
v -2.050189 1.767754 -2.486000
v -2.043293 1.745464 -2.477638
v -2.033121 1.726524 -2.465304
v -2.020298 1.712098 -2.449755
v -2.005611 1.703072 -2.431946
v -1.646675 1.767754 -2.769825
v -1.641137 1.745464 -2.760508
v -1.632967 1.726524 -2.746766
v -1.622668 1.712098 -2.729442
v -1.610871 1.703072 -2.709600
v -1.204565 1.767754 -2.988727
v -1.200514 1.745464 -2.978675
v -1.194537 1.726524 -2.963846
v -1.187003 1.712098 -2.945153
v -1.178374 1.703072 -2.923743
v -0.734221 1.767754 -3.137577
v -0.731752 1.745464 -3.127024
v -0.728109 1.726524 -3.111457
v -0.723517 1.712098 -3.091832
v -0.718257 1.703072 -3.069356
v -0.000000 4.132246 3.222339
v -0.000000 4.154536 3.211501
v -0.000000 4.173476 3.195513
v -0.000000 4.187902 3.175359
v -0.000000 4.196928 3.152275
v -0.246668 4.132246 -3.212884
v -0.245838 4.154536 -3.202078
v -0.244614 4.173476 -3.186137
v -0.243071 4.187902 -3.166041
v -0.241304 4.196928 -3.143026
v 0.241304 4.196928 -3.143026
v 0.243071 4.187902 -3.166041
v 0.244614 4.173476 -3.186137
v 0.245838 4.154536 -3.202078
v 0.246668 4.132246 -3.212884
v -0.734221 4.132246 -3.137577
v -0.731752 4.154536 -3.127024
v -0.728109 4.173476 -3.111457
v -0.723517 4.187902 -3.091832
v -0.718257 4.196928 -3.069356
v -1.204565 4.132246 -2.988727
v -1.200514 4.154536 -2.978675
v -1.194537 4.173476 -2.963846
v -1.187003 4.187902 -2.945153
v -1.178374 4.196928 -2.923743
v -1.646675 4.132246 -2.769825
v -1.641137 4.154536 -2.760508
v -1.632967 4.173476 -2.746766
v -1.622668 4.187902 -2.729442
v -1.610871 4.196928 -2.709600
v -2.050189 4.132246 -2.486000
v -2.043293 4.154536 -2.477638
v -2.033121 4.173476 -2.465304
v -2.020298 4.187902 -2.449755
v -2.005611 4.196928 -2.431946
v -2.405647 4.132246 -2.143905
v -2.397556 4.154536 -2.136694
v -2.385621 4.173476 -2.126057
v -2.370574 4.187902 -2.112648
v -2.353341 4.196928 -2.097290
v -2.704720 4.132246 -1.751559
v -2.695623 4.154536 -1.745668
v -2.682203 4.173476 -1.736977
v -2.665286 4.187902 -1.726022
v -2.645911 4.196928 -1.713474
v -2.940396 4.132246 -1.318158
v -2.930506 4.154536 -1.313724
v -2.915917 4.173476 -1.307184
v -2.897526 4.187902 -1.298940
v -2.876462 4.196928 -1.289497
v -3.107152 4.132246 -0.853860
v -3.096701 4.154536 -0.850988
v -3.081285 4.173476 -0.846752
v -3.061851 4.187902 -0.841411
v -3.039592 4.196928 -0.835295
v -3.201078 4.132246 -0.369549
v -3.190311 4.154536 -0.368306
v -3.174429 4.173476 -0.366472
v -3.154408 4.187902 -0.364161
v -3.131477 4.196928 -0.361514
v -3.219974 4.132246 0.123424
v -3.209144 4.154536 0.123009
v -3.193168 4.173476 0.122397
v -3.173028 4.187902 0.121625
v -3.149962 4.196928 0.120741
v -3.163397 4.132246 0.613505
v -3.152757 4.154536 0.611441
v -3.137062 4.173476 0.608397
v -3.117276 4.187902 0.604560
v -3.094615 4.196928 0.600165
v -3.032672 4.132246 1.089205
v -3.022472 4.154536 1.085541
v -3.007425 4.173476 1.080137
v -2.988457 4.187902 1.073325
v -2.966732 4.196928 1.065522
v -2.830864 4.132246 1.539375
v -2.821343 4.154536 1.534198
v -2.807297 4.173476 1.526560
v -2.789591 4.187902 1.516932
v -2.769312 4.196928 1.505904
v -2.562703 4.132246 1.953464
v -2.554084 4.154536 1.946893
v -2.541369 4.173476 1.937201
v -2.525340 4.187902 1.924983
v -2.506982 4.196928 1.910989
v -2.234475 4.132246 2.321765
v -2.226959 4.154536 2.313956
v -2.215873 4.173476 2.302436
v -2.201897 4.187902 2.287914
v -2.185890 4.196928 2.271282
v -1.853872 4.132246 2.635646
v -1.847636 4.154536 2.626781
v -1.838438 4.173476 2.613704
v -1.826843 4.187902 2.597219
v -1.813563 4.196928 2.578338
v -1.429816 4.132246 2.887749
v -1.425007 4.154536 2.878036
v -1.417913 4.173476 2.863709
v -1.408970 4.187902 2.845647
v -1.398727 4.196928 2.824960
v -0.972246 4.132246 3.072166
v -0.968976 4.154536 3.061833
v -0.964152 4.173476 3.046591
v -0.958071 4.187902 3.027375
v -0.951106 4.196928 3.005368
v -0.491888 4.132246 3.184574
v -0.490233 4.154536 3.173863
v -0.487793 4.173476 3.158063
v -0.484716 4.187902 3.138145
v -0.481193 4.196928 3.115332
v 0.491888 4.132246 3.184574
v 0.490233 4.154536 3.173863
v 0.487793 4.173476 3.158063
v 0.484716 4.187902 3.138145
v 0.481193 4.196928 3.115332
v 0.972246 4.132246 3.072166
v 0.968976 4.154536 3.061833
v 0.964152 4.173476 3.046591
v 0.958071 4.187902 3.027375
v 0.951106 4.196928 3.005368
v 1.429816 4.132246 2.887749
v 1.425007 4.154536 2.878036
v 1.417913 4.173476 2.863709
v 1.408970 4.187902 2.845647
v 1.398727 4.196928 2.824960
v 1.853872 4.132246 2.635646
v 1.847636 4.154536 2.626781
v 1.838438 4.173476 2.613704
v 1.826843 4.187902 2.597219
v 1.813563 4.196928 2.578338
v 2.234475 4.132246 2.321765
v 2.226959 4.154536 2.313956
v 2.215873 4.173476 2.302436
v 2.201897 4.187902 2.287914
v 2.185890 4.196928 2.271282
v 2.562703 4.132246 1.953464
v 2.554084 4.154536 1.946893
v 2.541369 4.173476 1.937201
v 2.525340 4.187902 1.924983
v 2.506982 4.196928 1.910989
v 2.830864 4.132246 1.539375
v 2.821343 4.154536 1.534198
v 2.807297 4.173476 1.526560
v 2.789591 4.187902 1.516932
v 2.769312 4.196928 1.505904
v 3.032672 4.132246 1.089205
v 3.022472 4.154536 1.085541
v 3.007425 4.173476 1.080137
v 2.988457 4.187902 1.073325
v 2.966732 4.196928 1.065522
v 3.163397 4.132246 0.613505
v 3.152757 4.154536 0.611441
v 3.137062 4.173476 0.608397
v 3.117276 4.187902 0.604560
v 3.094615 4.196928 0.600165
v 3.219974 4.132246 0.123424
v 3.209144 4.154536 0.123009
v 3.193168 4.173476 0.122397
v 3.173028 4.187902 0.121625
v 3.149962 4.196928 0.120741
v 3.201078 4.132246 -0.369549
v 3.190311 4.154536 -0.368306
v 3.174429 4.173476 -0.366472
v 3.154408 4.187902 -0.364161
v 3.131477 4.196928 -0.361514
v 3.107152 4.132246 -0.853860
v 3.096701 4.154536 -0.850988
v 3.081285 4.173476 -0.846752
v 3.061851 4.187902 -0.841411
v 3.039592 4.196928 -0.835295
v 2.940396 4.132246 -1.318158
v 2.930506 4.154536 -1.313724
v 2.915917 4.173476 -1.307184
v 2.897526 4.187902 -1.298940
v 2.876462 4.196928 -1.289497
v 2.704720 4.132246 -1.751559
v 2.695623 4.154536 -1.745668
v 2.682203 4.173476 -1.736977
v 2.665286 4.187902 -1.726022
v 2.645911 4.196928 -1.713474
v 2.405647 4.132246 -2.143905
v 2.397556 4.154536 -2.136694
v 2.385621 4.173476 -2.126057
v 2.370574 4.187902 -2.112648
v 2.353341 4.196928 -2.097290
v 2.050189 4.132246 -2.486000
v 2.043293 4.154536 -2.477638
v 2.033121 4.173476 -2.465304
v 2.020298 4.187902 -2.449755
v 2.005611 4.196928 -2.431946
v 1.646675 4.132246 -2.769825
v 1.641137 4.154536 -2.760508
v 1.632967 4.173476 -2.746766
v 1.622668 4.187902 -2.729442
v 1.610871 4.196928 -2.709600
v 1.204565 4.132246 -2.988727
v 1.200514 4.154536 -2.978675
v 1.194537 4.173476 -2.963846
v 1.187003 4.187902 -2.945153
v 1.178374 4.196928 -2.923743
v 0.734221 4.132246 -3.137577
v 0.731752 4.154536 -3.127024
v 0.728109 4.173476 -3.111457
v 0.723517 4.187902 -3.091832
v 0.718257 4.196928 -3.069356
vt 0.000000 3.712598 0.000000
vt 2.500000 4.162610 0.000000
vt 0.000000 4.162610 0.000000
vt 2.500000 4.612622 0.000000
vt 0.000000 4.612622 0.000000
vt 2.500000 5.062634 0.000000
vt 0.000000 5.062634 0.000000
vt 2.500000 5.512646 0.000000
vt 0.000000 5.512646 0.000000
vt 2.500000 5.962658 0.000000
vt 0.000000 5.962658 0.000000
vt 2.500000 6.412670 0.000000
vt 0.000000 6.412670 0.000000
vt 2.500000 6.862682 0.000000
vt 0.000000 6.862682 0.000000
vt 2.500000 7.312694 0.000000
vt 0.000000 7.312694 0.000000
vt 2.500000 7.762706 0.000000
vt 0.000000 7.762706 0.000000
vt 2.500000 8.212718 0.000000
vt 0.000000 8.212718 0.000000
vt 0.000000 -8.437724 0.000000
vt 2.500000 -8.437724 0.000000
vt 2.500000 -7.987712 0.000000
vt 0.000000 -7.987712 0.000000
vt 2.500000 -7.537700 0.000000
vt 0.000000 -7.537700 0.000000
vt 2.500000 -7.087688 0.000000
vt 0.000000 -7.087688 0.000000
vt 2.500000 -6.637676 0.000000
vt 0.000000 -6.637676 0.000000
vt 2.500000 -6.187664 0.000000
vt 0.000000 -6.187664 0.000000
vt 2.500000 -5.737652 0.000000
vt 0.000000 -5.737652 0.000000
vt 2.500000 -5.287640 0.000000
vt 0.000000 -5.287640 0.000000
vt 2.500000 -4.837628 0.000000
vt 0.000000 -4.837628 0.000000
vt 2.500000 -4.387616 0.000000
vt 0.000000 -4.387616 0.000000
vt 2.500000 -3.937604 0.000000
vt 0.000000 -3.937604 0.000000
vt 2.500000 -3.487592 0.000000
vt 0.000000 -3.487592 0.000000
vt 2.500000 -3.037580 0.000000
vt 0.000000 -3.037580 0.000000
vt 2.500000 -2.587569 0.000000
vt 0.000000 -2.587569 0.000000
vt 2.500000 -2.137557 0.000000
vt 0.000000 -2.137557 0.000000
vt 2.500000 -1.687545 0.000000
vt 0.000000 -1.687545 0.000000
vt 2.500000 -1.237533 0.000000
vt 0.000000 -1.237533 0.000000
vt 2.500000 -0.787521 0.000000
vt 0.000000 -0.787521 0.000000
vt 2.500000 -0.337509 0.000000
vt 0.000000 -0.337509 0.000000
vt 2.500000 0.112503 0.000000
vt 0.000000 0.112503 0.000000
vt 2.500000 0.562515 0.000000
vt 0.000000 0.562515 0.000000
vt 2.500000 1.012527 0.000000
vt 0.000000 1.012527 0.000000
vt 2.500000 1.462539 0.000000
vt 0.000000 1.462539 0.000000
vt 2.500000 1.912551 0.000000
vt 0.000000 1.912551 0.000000
vt 2.500000 2.362563 0.000000
vt 0.000000 2.362563 0.000000
vt 2.500000 2.812575 0.000000
vt 0.000000 2.812575 0.000000
vt 2.500000 3.262586 0.000000
vt 0.000000 3.262586 0.000000
vt 2.500000 3.712598 0.000000
vt 3.089174 0.489277 0.000000
vt 2.647612 0.112469 0.000000
vt 3.127681 0.000000 0.000000
vt 2.628536 -0.336597 0.000000
vt 3.089174 -0.489277 0.000000
vt 2.533842 -0.775980 0.000000
vt 2.974601 -0.966506 0.000000
vt 2.366254 -1.193040 0.000000
vt 2.786784 -1.419937 0.000000
vt 2.530347 -1.838404 0.000000
vt 2.130592 -1.575778 0.000000
vt 2.211604 -2.211604 0.000000
vt 1.833638 -1.913184 0.000000
vt 1.838404 -2.530347 0.000000
vt 1.483933 -2.195551 0.000000
vt 1.419937 -2.786784 0.000000
vt 1.091538 -2.414755 0.000000
vt 0.966506 -2.974601 0.000000
vt 0.667742 -2.564492 0.000000
vt 0.489277 -3.089174 0.000000
vt 0.224736 -2.640453 0.000000
vt -0.000000 -3.127681 0.000000
vt -0.224736 -2.640453 0.000000
vt -0.489277 -3.089174 0.000000
vt -0.667742 -2.564492 0.000000
vt -0.966506 -2.974601 0.000000
vt -1.091538 -2.414755 0.000000
vt -1.419937 -2.786784 0.000000
vt -1.483933 -2.195551 0.000000
vt -1.838404 -2.530347 0.000000
vt -1.833638 -1.913184 0.000000
vt -2.211604 -2.211604 0.000000
vt -2.130592 -1.575778 0.000000
vt -2.530347 -1.838404 0.000000
vt -2.366254 -1.193040 0.000000
vt -2.786784 -1.419937 0.000000
vt -2.974601 -0.966506 0.000000
vt -2.533842 -0.775980 0.000000
vt -3.089174 -0.489277 0.000000
vt -2.628536 -0.336597 0.000000
vt -3.127681 0.000000 0.000000
vt -2.647612 0.112469 0.000000
vt -3.089174 0.489277 0.000000
vt -2.590521 0.558300 0.000000
vt -2.974601 0.966506 0.000000
vt -2.458906 0.988070 0.000000
vt -2.786784 1.419937 0.000000
vt -2.256552 1.389414 0.000000
vt -2.530347 1.838404 0.000000
vt -1.989282 1.750788 0.000000
vt -2.211604 2.211604 0.000000
vt -1.664783 2.061795 0.000000
vt -1.838404 2.530347 0.000000
vt -1.292392 2.313487 0.000000
vt -1.419937 2.786784 0.000000
vt -0.882820 2.498625 0.000000
vt -0.966506 2.974601 0.000000
vt -0.447852 2.611882 0.000000
vt -0.489277 3.089174 0.000000
vt 0.000000 2.650000 0.000000
vt 0.000000 3.127681 0.000000
vt 0.489277 3.089174 0.000000
vt 0.447852 2.611882 0.000000
vt 0.966506 2.974601 0.000000
vt 0.882820 2.498625 0.000000
vt 1.419937 2.786784 0.000000
vt 1.292392 2.313487 0.000000
vt 1.838404 2.530347 0.000000
vt 1.664783 2.061795 0.000000
vt 2.211604 2.211604 0.000000
vt 1.989282 1.750788 0.000000
vt 2.530347 1.838404 0.000000
vt 2.256552 1.389414 0.000000
vt 2.786784 1.419937 0.000000
vt 2.458906 0.988070 0.000000
vt 2.974601 0.966506 0.000000
vt 2.590521 0.558300 0.000000
vt -3.089174 -0.489277 0.000000
vt -2.628536 -0.336597 0.000000
vt -3.127681 0.000000 0.000000
vt -2.647612 0.112469 0.000000
vt -3.089174 0.489277 0.000000
vt -2.590521 0.558300 0.000000
vt -2.974601 0.966506 0.000000
vt -2.458906 0.988070 0.000000
vt -2.786784 1.419937 0.000000
vt -2.256552 1.389414 0.000000
vt -2.530347 1.838404 0.000000
vt -1.989282 1.750788 0.000000
vt -2.211604 2.211604 0.000000
vt -1.664783 2.061795 0.000000
vt -1.838404 2.530347 0.000000
vt -1.292392 2.313487 0.000000
vt -1.419937 2.786784 0.000000
vt -0.882820 2.498625 0.000000
vt -0.966506 2.974601 0.000000
vt -0.447852 2.611882 0.000000
vt -0.489277 3.089174 0.000000
vt -0.000000 2.650000 0.000000
vt -0.000000 3.127681 0.000000
vt 0.489277 3.089174 0.000000
vt 0.447852 2.611882 0.000000
vt 0.966506 2.974601 0.000000
vt 0.882820 2.498625 0.000000
vt 1.419937 2.786784 0.000000
vt 1.292392 2.313487 0.000000
vt 1.838404 2.530347 0.000000
vt 1.664783 2.061795 0.000000
vt 2.211604 2.211604 0.000000
vt 1.989282 1.750788 0.000000
vt 2.530347 1.838404 0.000000
vt 2.256552 1.389414 0.000000
vt 2.786784 1.419937 0.000000
vt 2.458906 0.988070 0.000000
vt 2.974601 0.966506 0.000000
vt 2.590521 0.558300 0.000000
vt 3.089174 0.489277 0.000000
vt 2.647612 0.112469 0.000000
vt 3.127681 0.000000 0.000000
vt 2.628536 -0.336597 0.000000
vt 3.089174 -0.489277 0.000000
vt 2.533842 -0.775980 0.000000
vt 2.974601 -0.966506 0.000000
vt 2.366254 -1.193040 0.000000
vt 2.786784 -1.419937 0.000000
vt 2.530347 -1.838404 0.000000
vt 2.130592 -1.575778 0.000000
vt 2.211604 -2.211604 0.000000
vt 1.833638 -1.913184 0.000000
vt 1.838404 -2.530347 0.000000
vt 1.483933 -2.195551 0.000000
vt 1.419937 -2.786784 0.000000
vt 1.091538 -2.414755 0.000000
vt 0.966506 -2.974601 0.000000
vt 0.667742 -2.564492 0.000000
vt 0.489277 -3.089174 0.000000
vt 0.224736 -2.640453 0.000000
vt 0.000000 -3.127681 0.000000
vt -0.224736 -2.640453 0.000000
vt -0.489277 -3.089174 0.000000
vt -0.667742 -2.564492 0.000000
vt -0.966506 -2.974601 0.000000
vt -1.091538 -2.414755 0.000000
vt -1.419937 -2.786784 0.000000
vt -1.483933 -2.195551 0.000000
vt -1.838404 -2.530347 0.000000
vt -1.833638 -1.913184 0.000000
vt -2.211604 -2.211604 0.000000
vt -2.130592 -1.575778 0.000000
vt -2.530347 -1.838404 0.000000
vt -2.366254 -1.193040 0.000000
vt -2.786784 -1.419937 0.000000
vt -2.974601 -0.966506 0.000000
vt -2.533842 -0.775980 0.000000
vt -0.092319 -9.725692 0.000000
vt -0.773994 -9.725692 0.000000
vt -0.092319 -10.224446 0.000000
vt -0.773994 -10.224446 0.000000
vt -0.092319 10.224446 0.000000
vt -0.773994 10.224446 0.000000
vt -0.092319 9.725692 0.000000
vt -0.773994 9.725692 0.000000
vt -0.092319 9.226939 0.000000
vt -0.773994 9.226939 0.000000
vt -0.092319 8.728185 0.000000
vt -0.773994 8.728185 0.000000
vt -0.092319 8.229432 0.000000
vt -0.773994 8.229432 0.000000
vt -0.092319 7.730678 0.000000
vt -0.773994 7.730678 0.000000
vt -0.092319 7.231925 0.000000
vt -0.773994 7.231925 0.000000
vt -0.092319 6.733172 0.000000
vt -0.773994 6.733172 0.000000
vt -0.092319 6.234418 0.000000
vt -0.773994 6.234418 0.000000
vt -0.092319 5.735665 0.000000
vt -0.773994 5.735665 0.000000
vt -0.092319 5.236911 0.000000
vt -0.773994 5.236911 0.000000
vt -0.092319 4.738158 0.000000
vt -0.773994 4.738158 0.000000
vt -0.092319 4.239404 0.000000
vt -0.773994 4.239404 0.000000
vt -0.092319 3.740651 0.000000
vt -0.773994 3.740651 0.000000
vt -0.092319 3.241897 0.000000
vt -0.773994 3.241897 0.000000
vt -0.092319 2.743144 0.000000
vt -0.773994 2.743144 0.000000
vt -0.092319 2.244391 0.000000
vt -0.773994 2.244391 0.000000
vt -0.092319 1.745637 0.000000
vt -0.773994 1.745637 0.000000
vt -0.092319 1.246884 0.000000
vt -0.773994 1.246884 0.000000
vt -0.092319 0.748130 0.000000
vt -0.773994 0.748130 0.000000
vt -0.092319 0.249377 0.000000
vt -0.773994 0.249377 0.000000
vt -0.092319 -0.249377 0.000000
vt -0.773994 -0.249377 0.000000
vt -0.092319 -0.748130 0.000000
vt -0.773994 -0.748130 0.000000
vt -0.092319 -1.246884 0.000000
vt -0.773994 -1.246884 0.000000
vt -0.092319 -1.745637 0.000000
vt -0.773994 -1.745637 0.000000
vt -0.092319 -2.244391 0.000000
vt -0.773994 -2.244391 0.000000
vt -0.092319 -2.743144 0.000000
vt -0.773994 -2.743144 0.000000
vt -0.092319 -3.241897 0.000000
vt -0.773994 -3.241897 0.000000
vt -0.092319 -3.740651 0.000000
vt -0.773994 -3.740651 0.000000
vt -0.092319 -4.239404 0.000000
vt -0.773994 -4.239404 0.000000
vt -0.092319 -4.738158 0.000000
vt -0.773994 -4.738158 0.000000
vt -0.092319 -5.236911 0.000000
vt -0.773994 -5.236911 0.000000
vt -0.092319 -5.735665 0.000000
vt -0.773994 -5.735665 0.000000
vt -0.092319 -6.234418 0.000000
vt -0.773994 -6.234418 0.000000
vt -0.092319 -6.733172 0.000000
vt -0.773994 -6.733172 0.000000
vt -0.092319 -7.231925 0.000000
vt -0.773994 -7.231925 0.000000
vt -0.092319 -7.730678 0.000000
vt -0.773994 -7.730678 0.000000
vt -0.092319 -8.229432 0.000000
vt -0.773994 -8.229432 0.000000
vt -0.092319 -8.728185 0.000000
vt -0.773994 -8.728185 0.000000
vt -0.092319 -9.226939 0.000000
vt -0.773994 -9.226939 0.000000
vt 1.161674 0.498753 0.000000
vt 0.480000 0.249377 0.000000
vt 1.161674 0.000000 0.000000
vt 0.480000 -0.249377 0.000000
vt 1.161674 -0.498753 0.000000
vt 0.480000 -0.748130 0.000000
vt 1.161674 -0.997507 0.000000
vt 0.480000 -1.246884 0.000000
vt 1.161674 -1.496260 0.000000
vt 0.480000 -1.745637 0.000000
vt 1.161674 -1.995014 0.000000
vt 0.480000 -2.244391 0.000000
vt 1.161674 -2.493767 0.000000
vt 0.480000 -2.743144 0.000000
vt 1.161674 -2.992521 0.000000
vt 0.480000 -3.241897 0.000000
vt 1.161674 -3.491274 0.000000
vt 0.480000 -3.740651 0.000000
vt 1.161674 -3.990028 0.000000
vt 0.480000 -4.239404 0.000000
vt 1.161674 -4.488781 0.000000
vt 0.480000 -4.738158 0.000000
vt 1.161674 -4.987535 0.000000
vt 0.480000 -5.236911 0.000000
vt 1.161674 -5.486288 0.000000
vt 0.480000 -5.735665 0.000000
vt 1.161674 -5.985041 0.000000
vt 0.480000 -6.234418 0.000000
vt 1.161674 -6.483795 0.000000
vt 0.480000 -6.733172 0.000000
vt 1.161674 -6.982548 0.000000
vt 0.480000 -7.231925 0.000000
vt 1.161674 -7.481302 0.000000
vt 0.480000 -7.730678 0.000000
vt 1.161674 -7.980055 0.000000
vt 0.480000 -8.229432 0.000000
vt 1.161674 -8.478809 0.000000
vt 0.480000 -8.728185 0.000000
vt 1.161674 -8.977562 0.000000
vt 0.480000 -9.226939 0.000000
vt 1.161674 -9.476316 0.000000
vt 0.480000 -9.725692 0.000000
vt 1.161674 -9.975069 0.000000
vt 0.480000 -10.224446 0.000000
vt 1.161674 -10.473822 0.000000
vt 1.161674 9.975069 0.000000
vt 0.480000 10.224446 0.000000
vt 0.480000 9.725692 0.000000
vt 1.161674 9.476316 0.000000
vt 0.480000 9.226939 0.000000
vt 1.161674 8.977562 0.000000
vt 0.480000 8.728185 0.000000
vt 1.161674 8.478809 0.000000
vt 0.480000 8.229432 0.000000
vt 1.161674 7.980055 0.000000
vt 0.480000 7.730678 0.000000
vt 1.161674 7.481302 0.000000
vt 0.480000 7.231925 0.000000
vt 1.161674 6.982548 0.000000
vt 0.480000 6.733172 0.000000
vt 1.161674 6.483795 0.000000
vt 0.480000 6.234418 0.000000
vt 1.161674 5.985041 0.000000
vt 0.480000 5.735665 0.000000
vt 1.161674 5.486288 0.000000
vt 0.480000 5.236911 0.000000
vt 1.161674 4.987535 0.000000
vt 0.480000 4.738158 0.000000
vt 1.161674 4.488781 0.000000
vt 0.480000 4.239404 0.000000
vt 1.161674 3.990028 0.000000
vt 0.480000 3.740651 0.000000
vt 1.161674 3.491274 0.000000
vt 0.480000 3.241897 0.000000
vt 1.161674 2.992521 0.000000
vt 0.480000 2.743144 0.000000
vt 1.161674 2.493767 0.000000
vt 0.480000 2.244391 0.000000
vt 1.161674 1.995014 0.000000
vt 0.480000 1.745637 0.000000
vt 1.161674 1.496260 0.000000
vt 0.480000 1.246884 0.000000
vt 1.161674 0.997507 0.000000
vt 0.480000 0.748130 0.000000
vt -0.478980 -0.505847 0.000000
vt -0.000000 -0.252924 0.000000
vt -0.478980 0.000000 0.000000
vt -0.000000 0.252924 0.000000
vt -0.478980 0.505847 0.000000
vt -0.000000 0.758771 0.000000
vt -0.478980 1.011694 0.000000
vt -0.000000 1.264618 0.000000
vt -0.478980 1.517541 0.000000
vt -0.000000 1.770465 0.000000
vt -0.478980 2.023388 0.000000
vt -0.000000 2.276312 0.000000
vt -0.478980 2.529235 0.000000
vt -0.000000 2.782159 0.000000
vt -0.478980 3.035083 0.000000
vt -0.000000 3.288006 0.000000
vt -0.478980 3.540930 0.000000
vt -0.000000 3.793853 0.000000
vt -0.478980 4.046777 0.000000
vt -0.000000 4.299700 0.000000
vt -0.478980 4.552624 0.000000
vt -0.000000 4.805547 0.000000
vt -0.478980 5.058471 0.000000
vt -0.000000 5.311394 0.000000
vt -0.478980 5.564318 0.000000
vt -0.000000 5.817241 0.000000
vt -0.478980 6.070165 0.000000
vt -0.000000 6.323089 0.000000
vt -0.478980 6.576012 0.000000
vt -0.000000 6.828936 0.000000
vt -0.478980 7.081859 0.000000
vt -0.000000 7.334783 0.000000
vt -0.478980 7.587706 0.000000
vt -0.000000 7.840630 0.000000
vt -0.478980 8.093553 0.000000
vt -0.000000 8.346477 0.000000
vt -0.478980 8.599400 0.000000
vt -0.000000 8.852324 0.000000
vt -0.478980 9.105248 0.000000
vt -0.000000 9.358171 0.000000
vt -0.478980 9.611095 0.000000
vt -0.000000 9.864018 0.000000
vt -0.478980 10.116942 0.000000
vt -0.000000 10.369865 0.000000
vt -0.478980 10.622789 0.000000
vt -0.478980 -10.116942 0.000000
vt -0.000000 -10.369865 0.000000
vt -0.000000 -9.864018 0.000000
vt -0.478980 -9.611095 0.000000
vt -0.000000 -9.358171 0.000000
vt -0.478980 -9.105248 0.000000
vt -0.000000 -8.852324 0.000000
vt -0.478980 -8.599400 0.000000
vt -0.000000 -8.346477 0.000000
vt -0.478980 -8.093553 0.000000
vt -0.000000 -7.840630 0.000000
vt -0.478980 -7.587706 0.000000
vt -0.000000 -7.334783 0.000000
vt -0.478980 -7.081859 0.000000
vt -0.000000 -6.828936 0.000000
vt -0.478980 -6.576012 0.000000
vt -0.000000 -6.323089 0.000000
vt -0.478980 -6.070165 0.000000
vt -0.000000 -5.817241 0.000000
vt -0.478980 -5.564318 0.000000
vt -0.000000 -5.311394 0.000000
vt -0.478980 -5.058471 0.000000
vt -0.000000 -4.805547 0.000000
vt -0.478980 -4.552624 0.000000
vt -0.000000 -4.299700 0.000000
vt -0.478980 -4.046777 0.000000
vt -0.000000 -3.793853 0.000000
vt -0.478980 -3.540930 0.000000
vt -0.000000 -3.288006 0.000000
vt -0.478980 -3.035083 0.000000
vt -0.000000 -2.782159 0.000000
vt -0.478980 -2.529235 0.000000
vt -0.000000 -2.276312 0.000000
vt -0.478980 -2.023388 0.000000
vt -0.000000 -1.770465 0.000000
vt -0.478980 -1.517541 0.000000
vt -0.000000 -1.264618 0.000000
vt -0.478980 -1.011694 0.000000
vt -0.000000 -0.758771 0.000000
vt 0.478980 -9.864018 0.000000
vt 0.478980 -10.369865 0.000000
vt 0.478980 10.369865 0.000000
vt 0.478980 9.864018 0.000000
vt 0.478980 9.358171 0.000000
vt 0.478980 8.852324 0.000000
vt 0.478980 8.346477 0.000000
vt 0.478980 7.840630 0.000000
vt 0.478980 7.334783 0.000000
vt 0.478980 6.828936 0.000000
vt 0.478980 6.323089 0.000000
vt 0.478980 5.817241 0.000000
vt 0.478980 5.311394 0.000000
vt 0.478980 4.805547 0.000000
vt 0.478980 4.299700 0.000000
vt 0.478980 3.793853 0.000000
vt 0.478980 3.288006 0.000000
vt 0.478980 2.782159 0.000000
vt 0.478980 2.276312 0.000000
vt 0.478980 1.770465 0.000000
vt 0.478980 1.264618 0.000000
vt 0.478980 0.758771 0.000000
vt 0.478980 0.252924 0.000000
vt 0.478980 -0.252924 0.000000
vt 0.478980 -0.758771 0.000000
vt 0.478980 -1.264618 0.000000
vt 0.478980 -1.770465 0.000000
vt 0.478980 -2.276312 0.000000
vt 0.478980 -2.782159 0.000000
vt 0.478980 -3.288006 0.000000
vt 0.478980 -3.793853 0.000000
vt 0.478980 -4.299700 0.000000
vt 0.478980 -4.805547 0.000000
vt 0.478980 -5.311394 0.000000
vt 0.478980 -5.817241 0.000000
vt 0.478980 -6.323089 0.000000
vt 0.478980 -6.828936 0.000000
vt 0.478980 -7.334783 0.000000
vt 0.478980 -7.840630 0.000000
vt 0.478980 -8.346477 0.000000
vt 0.478980 -8.852324 0.000000
vt 0.478980 -9.358171 0.000000
vt -0.007983 0.489707 0.000000
vt -0.032832 0.244854 0.000000
vt -0.007983 0.000000 0.000000
vt -0.032832 -0.244854 0.000000
vt -0.007983 -0.489707 0.000000
vt -0.032832 -0.734561 0.000000
vt -0.007983 -0.979415 0.000000
vt -0.032832 -1.224268 0.000000
vt -0.007983 -1.469122 0.000000
vt -0.032832 -1.713976 0.000000
vt -0.007983 -1.958829 0.000000
vt -0.032832 -2.203683 0.000000
vt -0.007983 -2.448537 0.000000
vt -0.032832 -2.693390 0.000000
vt -0.007983 -2.938244 0.000000
vt -0.032832 -3.183098 0.000000
vt -0.007983 -3.427951 0.000000
vt -0.032832 -3.672805 0.000000
vt -0.007983 -3.917659 0.000000
vt -0.032832 -4.162513 0.000000
vt -0.007983 -4.407366 0.000000
vt -0.032832 -4.652220 0.000000
vt -0.007983 -4.897074 0.000000
vt -0.032832 -5.141927 0.000000
vt -0.007983 -5.386781 0.000000
vt -0.032832 -5.631635 0.000000
vt -0.007983 -5.876488 0.000000
vt -0.032832 -6.121342 0.000000
vt -0.007983 -6.366196 0.000000
vt -0.032832 -6.611049 0.000000
vt -0.007983 -6.855903 0.000000
vt -0.032832 -7.100757 0.000000
vt -0.007983 -7.345610 0.000000
vt -0.032832 -7.590464 0.000000
vt -0.007983 -7.835318 0.000000
vt -0.032832 -8.080171 0.000000
vt -0.007983 -8.325025 0.000000
vt -0.032832 -8.569879 0.000000
vt -0.007983 -8.814732 0.000000
vt -0.032832 -9.059586 0.000000
vt -0.007983 -9.304440 0.000000
vt -0.032832 -9.549293 0.000000
vt -0.007983 -9.794147 0.000000
vt -0.032832 -10.039001 0.000000
vt -0.007983 -10.283854 0.000000
vt -0.007983 9.794147 0.000000
vt -0.032832 10.039001 0.000000
vt -0.032832 9.549293 0.000000
vt -0.007983 9.304440 0.000000
vt -0.032832 9.059586 0.000000
vt -0.007983 8.814732 0.000000
vt -0.032832 8.569879 0.000000
vt -0.007983 8.325025 0.000000
vt -0.032832 8.080171 0.000000
vt -0.007983 7.835318 0.000000
vt -0.032832 7.590464 0.000000
vt -0.007983 7.345610 0.000000
vt -0.032832 7.100757 0.000000
vt -0.007983 6.855903 0.000000
vt -0.032832 6.611049 0.000000
vt -0.007983 6.366196 0.000000
vt -0.032832 6.121342 0.000000
vt -0.007983 5.876488 0.000000
vt -0.032832 5.631635 0.000000
vt -0.007983 5.386781 0.000000
vt -0.032832 5.141927 0.000000
vt -0.007983 4.897074 0.000000
vt -0.032832 4.652220 0.000000
vt -0.007983 4.407366 0.000000
vt -0.032832 4.162513 0.000000
vt -0.007983 3.917659 0.000000
vt -0.032832 3.672805 0.000000
vt -0.007983 3.427951 0.000000
vt -0.032832 3.183098 0.000000
vt -0.007983 2.938244 0.000000
vt -0.032832 2.693390 0.000000
vt -0.007983 2.448537 0.000000
vt -0.032832 2.203683 0.000000
vt -0.007983 1.958829 0.000000
vt -0.032832 1.713976 0.000000
vt -0.007983 1.469122 0.000000
vt -0.032832 1.224268 0.000000
vt -0.007983 0.979415 0.000000
vt -0.032832 0.734561 0.000000
vt -0.157080 -0.501950 0.000000
vt -0.132230 -0.244854 0.000000
vt -0.157080 0.000000 0.000000
vt -0.132230 0.244854 0.000000
vt -0.157080 0.501950 0.000000
vt -0.132230 0.734561 0.000000
vt -0.157080 1.003900 0.000000
vt -0.132230 1.224268 0.000000
vt -0.157080 1.505850 0.000000
vt -0.132230 1.713976 0.000000
vt -0.157080 2.007800 0.000000
vt -0.132230 2.203683 0.000000
vt -0.157080 2.509750 0.000000
vt -0.132230 2.693390 0.000000
vt -0.157080 3.011700 0.000000
vt -0.132230 3.183098 0.000000
vt -0.157080 3.513650 0.000000
vt -0.132230 3.672805 0.000000
vt -0.157080 4.015600 0.000000
vt -0.132230 4.162513 0.000000
vt -0.157080 4.517550 0.000000
vt -0.132230 4.652220 0.000000
vt -0.157080 5.019500 0.000000
vt -0.132230 5.141927 0.000000
vt -0.157080 5.521450 0.000000
vt -0.132230 5.631635 0.000000
vt -0.157080 6.023400 0.000000
vt -0.132230 6.121342 0.000000
vt -0.157080 6.525351 0.000000
vt -0.132230 6.611049 0.000000
vt -0.157080 7.027301 0.000000
vt -0.132230 7.100757 0.000000
vt -0.157080 7.529251 0.000000
vt -0.132230 7.590464 0.000000
vt -0.157080 8.031201 0.000000
vt -0.132230 8.080171 0.000000
vt -0.157080 8.533151 0.000000
vt -0.132230 8.569879 0.000000
vt -0.157080 9.035101 0.000000
vt -0.132230 9.059586 0.000000
vt -0.157080 9.537051 0.000000
vt -0.132230 9.549293 0.000000
vt -0.157080 10.039001 0.000000
vt -0.132230 10.039001 0.000000
vt -0.157080 -10.039001 0.000000
vt -0.132230 -10.039001 0.000000
vt -0.132230 -9.549293 0.000000
vt -0.107381 -10.039001 0.000000
vt -0.107381 -9.549293 0.000000
vt -0.082531 -10.039001 0.000000
vt -0.082531 -9.549293 0.000000
vt -0.057682 -10.039001 0.000000
vt -0.057682 -9.549293 0.000000
vt -0.132230 -0.734561 0.000000
vt -0.157080 -1.003900 0.000000
vt -0.132230 -1.224268 0.000000
vt -0.157080 -1.505850 0.000000
vt -0.132230 -1.713976 0.000000
vt -0.157080 -2.007800 0.000000
vt -0.132230 -2.203683 0.000000
vt -0.157080 -2.509750 0.000000
vt -0.132230 -2.693390 0.000000
vt -0.157080 -3.011700 0.000000
vt -0.132230 -3.183098 0.000000
vt -0.157080 -3.513650 0.000000
vt -0.132230 -3.672805 0.000000
vt -0.157080 -4.015600 0.000000
vt -0.132230 -4.162513 0.000000
vt -0.157080 -4.517550 0.000000
vt -0.132230 -4.652220 0.000000
vt -0.157080 -5.019500 0.000000
vt -0.132230 -5.141927 0.000000
vt -0.157080 -5.521450 0.000000
vt -0.132230 -5.631635 0.000000
vt -0.157080 -6.023400 0.000000
vt -0.132230 -6.121342 0.000000
vt -0.157080 -6.525351 0.000000
vt -0.132230 -6.611049 0.000000
vt -0.157080 -7.027301 0.000000
vt -0.132230 -7.100757 0.000000
vt -0.157080 -7.529251 0.000000
vt -0.132230 -7.590464 0.000000
vt -0.157080 -8.031201 0.000000
vt -0.132230 -8.080171 0.000000
vt -0.157080 -8.533151 0.000000
vt -0.132230 -8.569879 0.000000
vt -0.157080 -9.035101 0.000000
vt -0.132230 -9.059586 0.000000
vt -0.157080 -9.537051 0.000000
vt -0.057682 10.039001 0.000000
vt -0.057682 9.549293 0.000000
vt -0.057682 9.059586 0.000000
vt -0.057682 8.569879 0.000000
vt -0.057682 8.080171 0.000000
vt -0.057682 7.590464 0.000000
vt -0.057682 7.100757 0.000000
vt -0.057682 6.611049 0.000000
vt -0.057682 6.121342 0.000000
vt -0.057682 5.631635 0.000000
vt -0.057682 5.141927 0.000000
vt -0.057682 4.652220 0.000000
vt -0.057682 4.162513 0.000000
vt -0.057682 3.672805 0.000000
vt -0.057682 3.183098 0.000000
vt -0.057682 2.693390 0.000000
vt -0.057682 2.203683 0.000000
vt -0.057682 1.713976 0.000000
vt -0.057682 1.224268 0.000000
vt -0.057682 0.734561 0.000000
vt -0.057682 0.244854 0.000000
vt -0.057682 -0.244854 0.000000
vt -0.057682 -0.734561 0.000000
vt -0.057682 -1.224268 0.000000
vt -0.057682 -1.713976 0.000000
vt -0.057682 -2.203683 0.000000
vt -0.057682 -2.693390 0.000000
vt -0.057682 -3.183098 0.000000
vt -0.057682 -3.672805 0.000000
vt -0.057682 -4.162513 0.000000
vt -0.057682 -4.652220 0.000000
vt -0.057682 -5.141927 0.000000
vt -0.057682 -5.631635 0.000000
vt -0.057682 -6.121342 0.000000
vt -0.057682 -6.611049 0.000000
vt -0.057682 -7.100757 0.000000
vt -0.057682 -7.590464 0.000000
vt -0.057682 -8.080171 0.000000
vt -0.057682 -8.569879 0.000000
vt -0.057682 -9.059586 0.000000
vt -0.082531 10.039001 0.000000
vt -0.082531 9.549293 0.000000
vt -0.082531 9.059586 0.000000
vt -0.082531 8.569879 0.000000
vt -0.082531 8.080171 0.000000
vt -0.082531 7.590464 0.000000
vt -0.082531 7.100757 0.000000
vt -0.082531 6.611049 0.000000
vt -0.082531 6.121342 0.000000
vt -0.082531 5.631635 0.000000
vt -0.082531 5.141927 0.000000
vt -0.082531 4.652220 0.000000
vt -0.082531 4.162513 0.000000
vt -0.082531 3.672805 0.000000
vt -0.082531 3.183098 0.000000
vt -0.082531 2.693390 0.000000
vt -0.082531 2.203683 0.000000
vt -0.082531 1.713976 0.000000
vt -0.082531 1.224268 0.000000
vt -0.082531 0.734561 0.000000
vt -0.082531 0.244854 0.000000
vt -0.082531 -0.244854 0.000000
vt -0.082531 -0.734561 0.000000
vt -0.082531 -1.224268 0.000000
vt -0.082531 -1.713976 0.000000
vt -0.082531 -2.203683 0.000000
vt -0.082531 -2.693390 0.000000
vt -0.082531 -3.183098 0.000000
vt -0.082531 -3.672805 0.000000
vt -0.082531 -4.162513 0.000000
vt -0.082531 -4.652220 0.000000
vt -0.082531 -5.141927 0.000000
vt -0.082531 -5.631635 0.000000
vt -0.082531 -6.121342 0.000000
vt -0.082531 -6.611049 0.000000
vt -0.082531 -7.100757 0.000000
vt -0.082531 -7.590464 0.000000
vt -0.082531 -8.080171 0.000000
vt -0.082531 -8.569879 0.000000
vt -0.082531 -9.059586 0.000000
vt -0.107381 10.039001 0.000000
vt -0.107381 9.549293 0.000000
vt -0.107381 9.059586 0.000000
vt -0.107381 8.569879 0.000000
vt -0.107381 8.080171 0.000000
vt -0.107381 7.590464 0.000000
vt -0.107381 7.100757 0.000000
vt -0.107381 6.611049 0.000000
vt -0.107381 6.121342 0.000000
vt -0.107381 5.631635 0.000000
vt -0.107381 5.141927 0.000000
vt -0.107381 4.652220 0.000000
vt -0.107381 4.162513 0.000000
vt -0.107381 3.672805 0.000000
vt -0.107381 3.183098 0.000000
vt -0.107381 2.693390 0.000000
vt -0.107381 2.203683 0.000000
vt -0.107381 1.713976 0.000000
vt -0.107381 1.224268 0.000000
vt -0.107381 0.734561 0.000000
vt -0.107381 0.244854 0.000000
vt -0.107381 -0.244854 0.000000
vt -0.107381 -0.734561 0.000000
vt -0.107381 -1.224268 0.000000
vt -0.107381 -1.713976 0.000000
vt -0.107381 -2.203683 0.000000
vt -0.107381 -2.693390 0.000000
vt -0.107381 -3.183098 0.000000
vt -0.107381 -3.672805 0.000000
vt -0.107381 -4.162513 0.000000
vt -0.107381 -4.652220 0.000000
vt -0.107381 -5.141927 0.000000
vt -0.107381 -5.631635 0.000000
vt -0.107381 -6.121342 0.000000
vt -0.107381 -6.611049 0.000000
vt -0.107381 -7.100757 0.000000
vt -0.107381 -7.590464 0.000000
vt -0.107381 -8.080171 0.000000
vt -0.107381 -8.569879 0.000000
vt -0.107381 -9.059586 0.000000
vt 0.007983 -0.489707 0.000000
vt 0.032832 -0.244854 0.000000
vt 0.007983 0.000000 0.000000
vt 0.032832 0.244854 0.000000
vt 0.007983 0.489707 0.000000
vt 0.032832 0.734561 0.000000
vt 0.007983 0.979415 0.000000
vt 0.032832 1.224268 0.000000
vt 0.007983 1.469122 0.000000
vt 0.032832 1.713976 0.000000
vt 0.007983 1.958829 0.000000
vt 0.032832 2.203683 0.000000
vt 0.007983 2.448537 0.000000
vt 0.032832 2.693390 0.000000
vt 0.007983 2.938244 0.000000
vt 0.032832 3.183098 0.000000
vt 0.007983 3.427951 0.000000
vt 0.032832 3.672805 0.000000
vt 0.007983 3.917659 0.000000
vt 0.032832 4.162513 0.000000
vt 0.007983 4.407366 0.000000
vt 0.032832 4.652220 0.000000
vt 0.007983 4.897074 0.000000
vt 0.032832 5.141927 0.000000
vt 0.007983 5.386781 0.000000
vt 0.032832 5.631635 0.000000
vt 0.007983 5.876488 0.000000
vt 0.032832 6.121342 0.000000
vt 0.007983 6.366196 0.000000
vt 0.032832 6.611049 0.000000
vt 0.007983 6.855903 0.000000
vt 0.032832 7.100757 0.000000
vt 0.007983 7.345610 0.000000
vt 0.032832 7.590464 0.000000
vt 0.007983 7.835318 0.000000
vt 0.032832 8.080171 0.000000
vt 0.007983 8.325025 0.000000
vt 0.032832 8.569879 0.000000
vt 0.007983 8.814732 0.000000
vt 0.032832 9.059586 0.000000
vt 0.007983 9.304440 0.000000
vt 0.032832 9.549293 0.000000
vt 0.007983 9.794147 0.000000
vt 0.032832 10.039001 0.000000
vt 0.007983 10.283854 0.000000
vt 0.007983 -9.794147 0.000000
vt 0.032832 -10.039001 0.000000
vt 0.032832 -9.549293 0.000000
vt 0.007983 -9.304440 0.000000
vt 0.032832 -9.059586 0.000000
vt 0.007983 -8.814732 0.000000
vt 0.032832 -8.569879 0.000000
vt 0.007983 -8.325025 0.000000
vt 0.032832 -8.080171 0.000000
vt 0.007983 -7.835318 0.000000
vt 0.032832 -7.590464 0.000000
vt 0.007983 -7.345610 0.000000
vt 0.032832 -7.100757 0.000000
vt 0.007983 -6.855903 0.000000
vt 0.032832 -6.611049 0.000000
vt 0.007983 -6.366196 0.000000
vt 0.032832 -6.121342 0.000000
vt 0.007983 -5.876488 0.000000
vt 0.032832 -5.631635 0.000000
vt 0.007983 -5.386781 0.000000
vt 0.032832 -5.141927 0.000000
vt 0.007983 -4.897074 0.000000
vt 0.032832 -4.652220 0.000000
vt 0.007983 -4.407366 0.000000
vt 0.032832 -4.162513 0.000000
vt 0.007983 -3.917659 0.000000
vt 0.032832 -3.672805 0.000000
vt 0.007983 -3.427951 0.000000
vt 0.032832 -3.183098 0.000000
vt 0.007983 -2.938244 0.000000
vt 0.032832 -2.693390 0.000000
vt 0.007983 -2.448537 0.000000
vt 0.032832 -2.203683 0.000000
vt 0.007983 -1.958829 0.000000
vt 0.032832 -1.713976 0.000000
vt 0.007983 -1.469122 0.000000
vt 0.032832 -1.224268 0.000000
vt 0.007983 -0.979415 0.000000
vt 0.032832 -0.734561 0.000000
vt 0.157080 0.501950 0.000000
vt 0.132230 0.244854 0.000000
vt 0.157080 0.000000 0.000000
vt 0.132230 -0.244854 0.000000
vt 0.157080 -0.501950 0.000000
vt 0.132230 -0.734561 0.000000
vt 0.157080 -1.003900 0.000000
vt 0.132230 -1.224268 0.000000
vt 0.157080 -1.505850 0.000000
vt 0.132230 -1.713976 0.000000
vt 0.157080 -2.007800 0.000000
vt 0.132230 -2.203683 0.000000
vt 0.157080 -2.509750 0.000000
vt 0.132230 -2.693390 0.000000
vt 0.157080 -3.011700 0.000000
vt 0.132230 -3.183098 0.000000
vt 0.157080 -3.513650 0.000000
vt 0.132230 -3.672805 0.000000
vt 0.157080 -4.015600 0.000000
vt 0.132230 -4.162513 0.000000
vt 0.157080 -4.517550 0.000000
vt 0.132230 -4.652220 0.000000
vt 0.157080 -5.019500 0.000000
vt 0.132230 -5.141927 0.000000
vt 0.157080 -5.521450 0.000000
vt 0.132230 -5.631635 0.000000
vt 0.157080 -6.023400 0.000000
vt 0.132230 -6.121342 0.000000
vt 0.157080 -6.525351 0.000000
vt 0.132230 -6.611049 0.000000
vt 0.157080 -7.027301 0.000000
vt 0.132230 -7.100757 0.000000
vt 0.157080 -7.529251 0.000000
vt 0.132230 -7.590464 0.000000
vt 0.157080 -8.031201 0.000000
vt 0.132230 -8.080171 0.000000
vt 0.157080 -8.533151 0.000000
vt 0.132230 -8.569879 0.000000
vt 0.157080 -9.035101 0.000000
vt 0.132230 -9.059586 0.000000
vt 0.157080 -9.537051 0.000000
vt 0.132230 -9.549293 0.000000
vt 0.157080 -10.039001 0.000000
vt 0.132230 -10.039001 0.000000
vt 0.157080 10.039001 0.000000
vt 0.132230 10.039001 0.000000
vt 0.132230 9.549293 0.000000
vt 0.107381 10.039001 0.000000
vt 0.107381 9.549293 0.000000
vt 0.082531 10.039001 0.000000
vt 0.082531 9.549293 0.000000
vt 0.057682 10.039001 0.000000
vt 0.057682 9.549293 0.000000
vt 0.132230 0.734561 0.000000
vt 0.157080 1.003900 0.000000
vt 0.132230 1.224268 0.000000
vt 0.157080 1.505850 0.000000
vt 0.132230 1.713976 0.000000
vt 0.157080 2.007800 0.000000
vt 0.132230 2.203683 0.000000
vt 0.157080 2.509750 0.000000
vt 0.132230 2.693390 0.000000
vt 0.157080 3.011700 0.000000
vt 0.132230 3.183098 0.000000
vt 0.157080 3.513650 0.000000
vt 0.132230 3.672805 0.000000
vt 0.157080 4.015600 0.000000
vt 0.132230 4.162513 0.000000
vt 0.157080 4.517550 0.000000
vt 0.132230 4.652220 0.000000
vt 0.157080 5.019500 0.000000
vt 0.132230 5.141927 0.000000
vt 0.157080 5.521450 0.000000
vt 0.132230 5.631635 0.000000
vt 0.157080 6.023400 0.000000
vt 0.132230 6.121342 0.000000
vt 0.157080 6.525351 0.000000
vt 0.132230 6.611049 0.000000
vt 0.157080 7.027301 0.000000
vt 0.132230 7.100757 0.000000
vt 0.157080 7.529251 0.000000
vt 0.132230 7.590464 0.000000
vt 0.157080 8.031201 0.000000
vt 0.132230 8.080171 0.000000
vt 0.157080 8.533151 0.000000
vt 0.132230 8.569879 0.000000
vt 0.157080 9.035101 0.000000
vt 0.132230 9.059586 0.000000
vt 0.157080 9.537051 0.000000
vt 0.057682 -10.039001 0.000000
vt 0.057682 -9.549293 0.000000
vt 0.057682 -9.059586 0.000000
vt 0.057682 -8.569879 0.000000
vt 0.057682 -8.080171 0.000000
vt 0.057682 -7.590464 0.000000
vt 0.057682 -7.100757 0.000000
vt 0.057682 -6.611049 0.000000
vt 0.057682 -6.121342 0.000000
vt 0.057682 -5.631635 0.000000
vt 0.057682 -5.141927 0.000000
vt 0.057682 -4.652220 0.000000
vt 0.057682 -4.162513 0.000000
vt 0.057682 -3.672805 0.000000
vt 0.057682 -3.183098 0.000000
vt 0.057682 -2.693390 0.000000
vt 0.057682 -2.203683 0.000000
vt 0.057682 -1.713976 0.000000
vt 0.057682 -1.224268 0.000000
vt 0.057682 -0.734561 0.000000
vt 0.057682 -0.244854 0.000000
vt 0.057682 0.244854 0.000000
vt 0.057682 0.734561 0.000000
vt 0.057682 1.224268 0.000000
vt 0.057682 1.713976 0.000000
vt 0.057682 2.203683 0.000000
vt 0.057682 2.693390 0.000000
vt 0.057682 3.183098 0.000000
vt 0.057682 3.672805 0.000000
vt 0.057682 4.162513 0.000000
vt 0.057682 4.652220 0.000000
vt 0.057682 5.141927 0.000000
vt 0.057682 5.631635 0.000000
vt 0.057682 6.121342 0.000000
vt 0.057682 6.611049 0.000000
vt 0.057682 7.100757 0.000000
vt 0.057682 7.590464 0.000000
vt 0.057682 8.080171 0.000000
vt 0.057682 8.569879 0.000000
vt 0.057682 9.059586 0.000000
vt 0.082531 -10.039001 0.000000
vt 0.082531 -9.549293 0.000000
vt 0.082531 -9.059586 0.000000
vt 0.082531 -8.569879 0.000000
vt 0.082531 -8.080171 0.000000
vt 0.082531 -7.590464 0.000000
vt 0.082531 -7.100757 0.000000
vt 0.082531 -6.611049 0.000000
vt 0.082531 -6.121342 0.000000
vt 0.082531 -5.631635 0.000000
vt 0.082531 -5.141927 0.000000
vt 0.082531 -4.652220 0.000000
vt 0.082531 -4.162513 0.000000
vt 0.082531 -3.672805 0.000000
vt 0.082531 -3.183098 0.000000
vt 0.082531 -2.693390 0.000000
vt 0.082531 -2.203683 0.000000
vt 0.082531 -1.713976 0.000000
vt 0.082531 -1.224268 0.000000
vt 0.082531 -0.734561 0.000000
vt 0.082531 -0.244854 0.000000
vt 0.082531 0.244854 0.000000
vt 0.082531 0.734561 0.000000
vt 0.082531 1.224268 0.000000
vt 0.082531 1.713976 0.000000
vt 0.082531 2.203683 0.000000
vt 0.082531 2.693390 0.000000
vt 0.082531 3.183098 0.000000
vt 0.082531 3.672805 0.000000
vt 0.082531 4.162513 0.000000
vt 0.082531 4.652220 0.000000
vt 0.082531 5.141927 0.000000
vt 0.082531 5.631635 0.000000
vt 0.082531 6.121342 0.000000
vt 0.082531 6.611049 0.000000
vt 0.082531 7.100757 0.000000
vt 0.082531 7.590464 0.000000
vt 0.082531 8.080171 0.000000
vt 0.082531 8.569879 0.000000
vt 0.082531 9.059586 0.000000
vt 0.107381 -10.039001 0.000000
vt 0.107381 -9.549293 0.000000
vt 0.107381 -9.059586 0.000000
vt 0.107381 -8.569879 0.000000
vt 0.107381 -8.080171 0.000000
vt 0.107381 -7.590464 0.000000
vt 0.107381 -7.100757 0.000000
vt 0.107381 -6.611049 0.000000
vt 0.107381 -6.121342 0.000000
vt 0.107381 -5.631635 0.000000
vt 0.107381 -5.141927 0.000000
vt 0.107381 -4.652220 0.000000
vt 0.107381 -4.162513 0.000000
vt 0.107381 -3.672805 0.000000
vt 0.107381 -3.183098 0.000000
vt 0.107381 -2.693390 0.000000
vt 0.107381 -2.203683 0.000000
vt 0.107381 -1.713976 0.000000
vt 0.107381 -1.224268 0.000000
vt 0.107381 -0.734561 0.000000
vt 0.107381 -0.244854 0.000000
vt 0.107381 0.244854 0.000000
vt 0.107381 0.734561 0.000000
vt 0.107381 1.224268 0.000000
vt 0.107381 1.713976 0.000000
vt 0.107381 2.203683 0.000000
vt 0.107381 2.693390 0.000000
vt 0.107381 3.183098 0.000000
vt 0.107381 3.672805 0.000000
vt 0.107381 4.162513 0.000000
vt 0.107381 4.652220 0.000000
vt 0.107381 5.141927 0.000000
vt 0.107381 5.631635 0.000000
vt 0.107381 6.121342 0.000000
vt 0.107381 6.611049 0.000000
vt 0.107381 7.100757 0.000000
vt 0.107381 7.590464 0.000000
vt 0.107381 8.080171 0.000000
vt 0.107381 8.569879 0.000000
vt 0.107381 9.059586 0.000000
vn -0.985616 0.000000 -0.169001
vn -1.000000 0.000000 -0.000000
vn -1.000000 0.000000 -0.000000
vn -0.985616 0.000000 0.169001
vn -0.985616 0.000000 0.169001
vn -0.942877 0.000000 0.333140
vn -0.942877 0.000000 0.333140
vn -0.873014 0.000000 0.487695
vn -0.873014 0.000000 0.487695
vn -0.778036 0.000000 0.628220
vn -0.778036 0.000000 0.628220
vn -0.660675 0.000000 0.750672
vn -0.660675 0.000000 0.750672
vn -0.524307 0.000000 0.851529
vn -0.524307 0.000000 0.851529
vn -0.372856 0.000000 0.927889
vn -0.372856 0.000000 0.927889
vn -0.210679 0.000000 0.977555
vn -0.210679 0.000000 0.977555
vn -0.042441 0.000000 0.999099
vn -0.042441 0.000000 0.999099
vn 0.127018 -0.000000 0.991900
vn 0.127018 -0.000000 0.991900
vn 0.292823 -0.000000 0.956167
vn 0.292823 -0.000000 0.956167
vn 0.450204 -0.000000 0.892926
vn 0.450204 -0.000000 0.892926
vn 0.594633 -0.000000 0.803997
vn 0.594633 -0.000000 0.803997
vn 0.721956 -0.000000 0.691939
vn 0.721956 -0.000000 0.691939
vn 0.828510 -0.000000 0.559975
vn 0.828510 -0.000000 0.559975
vn 0.911228 -0.000000 0.411901
vn 0.911228 -0.000000 0.411901
vn 0.967733 -0.000000 0.251978
vn 0.967733 -0.000000 0.251978
vn 0.996397 -0.000000 0.084806
vn 0.996397 -0.000000 0.084806
vn 0.996397 0.000000 -0.084806
vn 0.996397 0.000000 -0.084806
vn 0.967733 0.000000 -0.251978
vn 0.967733 0.000000 -0.251978
vn 0.911228 0.000000 -0.411901
vn 0.911228 0.000000 -0.411901
vn 0.828510 0.000000 -0.559975
vn 0.828510 0.000000 -0.559975
vn 0.721956 0.000000 -0.691939
vn 0.721956 0.000000 -0.691939
vn 0.594633 0.000000 -0.803997
vn 0.594633 0.000000 -0.803997
vn 0.450204 0.000000 -0.892926
vn 0.450204 0.000000 -0.892926
vn 0.292823 0.000000 -0.956167
vn 0.292823 0.000000 -0.956167
vn 0.127018 0.000000 -0.991900
vn 0.127018 0.000000 -0.991900
vn -0.042441 0.000000 -0.999099
vn -0.042441 0.000000 -0.999099
vn -0.210679 0.000000 -0.977555
vn -0.210679 0.000000 -0.977555
vn -0.372856 0.000000 -0.927889
vn -0.372856 0.000000 -0.927889
vn -0.524307 0.000000 -0.851529
vn -0.524307 0.000000 -0.851529
vn -0.660675 0.000000 -0.750672
vn -0.660675 0.000000 -0.750672
vn -0.778036 0.000000 -0.628220
vn -0.778036 0.000000 -0.628220
vn -0.873014 0.000000 -0.487695
vn -0.873014 0.000000 -0.487695
vn -0.942877 0.000000 -0.333140
vn -0.942877 0.000000 -0.333140
vn -0.985616 0.000000 -0.169001
vn 0.000000 -1.000000 0.000000
vn 0.000000 -1.000000 0.000000
vn 0.000000 -1.000000 0.000000
vn 0.000000 -1.000000 0.000000
vn 0.000000 -1.000000 0.000000
vn 0.000000 -1.000000 0.000000
vn 0.000000 -1.000000 0.000000
vn 0.000000 -1.000000 0.000000
vn 0.000000 -1.000000 0.000000
vn 0.000000 -1.000000 0.000000
vn 0.000000 -1.000000 0.000000
vn 0.000000 -1.000000 0.000000
vn 0.000000 -1.000000 0.000000
vn 0.000000 -1.000000 0.000000
vn 0.000000 -1.000000 0.000000
vn 0.000000 -1.000000 0.000000
vn 0.000000 -1.000000 0.000000
vn 0.000000 -1.000000 0.000000
vn 0.000000 -1.000000 0.000000
vn 0.000000 -1.000000 0.000000
vn 0.000000 -1.000000 0.000000
vn 0.000000 -1.000000 0.000000
vn 0.000000 -1.000000 0.000000
vn 0.000000 -1.000000 0.000000
vn 0.000000 -1.000000 0.000000
vn 0.000000 -1.000000 0.000000
vn 0.000000 -1.000000 0.000000
vn 0.000000 -1.000000 0.000000
vn 0.000000 -1.000000 0.000000
vn 0.000000 -1.000000 0.000000
vn 0.000000 -1.000000 0.000000
vn 0.000000 -1.000000 0.000000
vn 0.000000 -1.000000 0.000000
vn 0.000000 -1.000000 0.000000
vn 0.000000 -1.000000 0.000000
vn 0.000000 -1.000000 0.000000
vn 0.000000 -1.000000 0.000000
vn 0.000000 -1.000000 0.000000
vn 0.000000 -1.000000 0.000000
vn 0.000000 -1.000000 0.000000
vn 0.000000 -1.000000 0.000000
vn 0.000000 -1.000000 0.000000
vn 0.000000 -1.000000 0.000000
vn 0.000000 -1.000000 0.000000
vn 0.000000 -1.000000 0.000000
vn 0.000000 -1.000000 0.000000
vn 0.000000 -1.000000 0.000000
vn 0.000000 -1.000000 0.000000
vn 0.000000 -1.000000 0.000000
vn 0.000000 -1.000000 0.000000
vn 0.000000 -1.000000 0.000000
vn 0.000000 -1.000000 0.000000
vn 0.000000 -1.000000 0.000000
vn 0.000000 -1.000000 0.000000
vn 0.000000 -1.000000 0.000000
vn 0.000000 -1.000000 0.000000
vn 0.000000 -1.000000 0.000000
vn 0.000000 -1.000000 0.000000
vn 0.000000 -1.000000 0.000000
vn 0.000000 -1.000000 0.000000
vn 0.000000 -1.000000 0.000000
vn 0.000000 -1.000000 0.000000
vn 0.000000 -1.000000 0.000000
vn 0.000000 -1.000000 0.000000
vn 0.000000 -1.000000 0.000000
vn 0.000000 -1.000000 0.000000
vn 0.000000 -1.000000 0.000000
vn 0.000000 -1.000000 0.000000
vn 0.000000 -1.000000 0.000000
vn 0.000000 -1.000000 0.000000
vn 0.000000 -1.000000 0.000000
vn 0.000000 -1.000000 0.000000
vn 0.000000 -1.000000 0.000000
vn 0.000000 -1.000000 0.000000
vn 0.000000 -1.000000 0.000000
vn 0.000000 -1.000000 0.000000
vn 0.000000 -1.000000 0.000000
vn -0.000000 1.000000 -0.000000
vn -0.000000 1.000000 -0.000000
vn -0.000000 1.000000 -0.000000
vn -0.000000 1.000000 -0.000000
vn -0.000000 1.000000 -0.000000
vn -0.000000 1.000000 -0.000000
vn -0.000000 1.000000 -0.000000
vn -0.000000 1.000000 -0.000000
vn -0.000000 1.000000 -0.000000
vn -0.000000 1.000000 -0.000000
vn -0.000000 1.000000 -0.000000
vn -0.000000 1.000000 -0.000000
vn -0.000000 1.000000 -0.000000
vn -0.000000 1.000000 -0.000000
vn -0.000000 1.000000 -0.000000
vn -0.000000 1.000000 -0.000000
vn -0.000000 1.000000 -0.000000
vn -0.000000 1.000000 -0.000000
vn -0.000000 1.000000 -0.000000
vn -0.000000 1.000000 -0.000000
vn -0.000000 1.000000 -0.000000
vn -0.000000 1.000000 -0.000000
vn -0.000000 1.000000 -0.000000
vn -0.000000 1.000000 -0.000000
vn -0.000000 1.000000 -0.000000
vn -0.000000 1.000000 -0.000000
vn -0.000000 1.000000 -0.000000
vn -0.000000 1.000000 -0.000000
vn -0.000000 1.000000 -0.000000
vn -0.000000 1.000000 -0.000000
vn -0.000000 1.000000 -0.000000
vn -0.000000 1.000000 -0.000000
vn -0.000000 1.000000 -0.000000
vn -0.000000 1.000000 -0.000000
vn -0.000000 1.000000 -0.000000
vn -0.000000 1.000000 -0.000000
vn -0.000000 1.000000 -0.000000
vn -0.000000 1.000000 -0.000000
vn -0.000000 1.000000 -0.000000
vn -0.000000 1.000000 -0.000000
vn -0.000000 1.000000 -0.000000
vn -0.000000 1.000000 -0.000000
vn -0.000000 1.000000 -0.000000
vn -0.000000 1.000000 -0.000000
vn -0.000000 1.000000 -0.000000
vn -0.000000 1.000000 -0.000000
vn -0.000000 1.000000 -0.000000
vn -0.000000 1.000000 -0.000000
vn -0.000000 1.000000 -0.000000
vn -0.000000 1.000000 -0.000000
vn -0.000000 1.000000 -0.000000
vn -0.000000 1.000000 -0.000000
vn -0.000000 1.000000 -0.000000
vn -0.000000 1.000000 -0.000000
vn -0.000000 1.000000 -0.000000
vn -0.000000 1.000000 -0.000000
vn -0.000000 1.000000 -0.000000
vn -0.000000 1.000000 -0.000000
vn -0.000000 1.000000 -0.000000
vn -0.000000 1.000000 -0.000000
vn -0.000000 1.000000 -0.000000
vn -0.000000 1.000000 -0.000000
vn -0.000000 1.000000 -0.000000
vn -0.000000 1.000000 -0.000000
vn -0.000000 1.000000 -0.000000
vn -0.000000 1.000000 -0.000000
vn -0.000000 1.000000 -0.000000
vn -0.000000 1.000000 -0.000000
vn -0.000000 1.000000 -0.000000
vn -0.000000 1.000000 -0.000000
vn -0.000000 1.000000 -0.000000
vn -0.000000 1.000000 -0.000000
vn -0.000000 1.000000 -0.000000
vn -0.000000 1.000000 -0.000000
vn -0.000000 1.000000 -0.000000
vn -0.000000 1.000000 -0.000000
vn -0.000000 1.000000 -0.000000
vn -0.152163 -0.079745 -0.985133
vn -0.152163 -0.079745 -0.985133
vn -0.000000 -0.079745 -0.996815
vn -0.000000 -0.079745 -0.996815
vn 0.152163 -0.079745 -0.985133
vn 0.152163 -0.079745 -0.985133
vn 0.300760 -0.079745 -0.950360
vn 0.300760 -0.079745 -0.950360
vn 0.442307 -0.079745 -0.893312
vn 0.442307 -0.079745 -0.893312
vn 0.573486 -0.079745 -0.815324
vn 0.573486 -0.079745 -0.815324
vn 0.691224 -0.079745 -0.718227
vn 0.691224 -0.079745 -0.718227
vn 0.792760 -0.079745 -0.604295
vn 0.792760 -0.079745 -0.604295
vn 0.875714 -0.079745 -0.476198
vn 0.875714 -0.079745 -0.476198
vn 0.938143 -0.079745 -0.336940
vn 0.938143 -0.079745 -0.336940
vn 0.978582 -0.079745 -0.189785
vn 0.978582 -0.079745 -0.189785
vn 0.996084 -0.079745 -0.038181
vn 0.996084 -0.079745 -0.038181
vn 0.990238 -0.079745 0.114318
vn 0.990238 -0.079745 0.114318
vn 0.961183 -0.079745 0.264138
vn 0.961183 -0.079745 0.264138
vn 0.909598 -0.079745 0.407766
vn 0.909598 -0.079745 0.407766
vn 0.836692 -0.079745 0.541836
vn 0.836692 -0.079745 0.541836
vn 0.744176 -0.079745 0.663207
vn 0.744176 -0.079745 0.663207
vn 0.634216 -0.079745 0.769032
vn 0.634216 -0.079745 0.769032
vn 0.509391 -0.079745 0.856832
vn 0.509391 -0.079745 0.856832
vn 0.372627 -0.079745 0.924549
vn 0.372627 -0.079745 0.924549
vn 0.227128 -0.079745 0.970594
vn 0.227128 -0.079745 0.970594
vn 0.076305 -0.079745 0.993890
vn 0.076305 -0.079745 0.993890
vn -0.076305 -0.079745 0.993890
vn -0.076305 -0.079745 0.993890
vn -0.227128 -0.079745 0.970594
vn -0.227128 -0.079745 0.970594
vn -0.372627 -0.079745 0.924549
vn -0.372627 -0.079745 0.924549
vn -0.509391 -0.079745 0.856832
vn -0.509391 -0.079745 0.856832
vn -0.634216 -0.079745 0.769032
vn -0.634216 -0.079745 0.769032
vn -0.744176 -0.079745 0.663207
vn -0.744176 -0.079745 0.663207
vn -0.836692 -0.079745 0.541836
vn -0.836692 -0.079745 0.541836
vn -0.909598 -0.079745 0.407766
vn -0.909598 -0.079745 0.407766
vn -0.961183 -0.079745 0.264138
vn -0.961183 -0.079745 0.264138
vn -0.990238 -0.079745 0.114318
vn -0.990238 -0.079745 0.114318
vn -0.996084 -0.079745 -0.038181
vn -0.996084 -0.079745 -0.038181
vn -0.978582 -0.079745 -0.189785
vn -0.978582 -0.079745 -0.189785
vn -0.938143 -0.079745 -0.336940
vn -0.938143 -0.079745 -0.336940
vn -0.875714 -0.079745 -0.476198
vn -0.875714 -0.079745 -0.476198
vn -0.792760 -0.079745 -0.604295
vn -0.792760 -0.079745 -0.604295
vn -0.691224 -0.079745 -0.718227
vn -0.691224 -0.079745 -0.718227
vn -0.573486 -0.079745 -0.815324
vn -0.573486 -0.079745 -0.815324
vn -0.442307 -0.079745 -0.893312
vn -0.442307 -0.079745 -0.893312
vn -0.300760 -0.079745 -0.950360
vn -0.300760 -0.079745 -0.950360
vn 0.152163 0.079745 -0.985133
vn 0.076305 0.079745 -0.993890
vn 0.000000 0.079745 -0.996815
vn -0.076305 0.079745 -0.993890
vn -0.152163 0.079745 -0.985133
vn -0.227128 0.079745 -0.970594
vn -0.300760 0.079745 -0.950360
vn -0.372627 0.079745 -0.924549
vn -0.442307 0.079745 -0.893312
vn -0.509391 0.079745 -0.856832
vn -0.573486 0.079745 -0.815324
vn -0.634216 0.079745 -0.769032
vn -0.691224 0.079745 -0.718227
vn -0.744176 0.079745 -0.663207
vn -0.792760 0.079745 -0.604295
vn -0.836692 0.079745 -0.541836
vn -0.875714 0.079745 -0.476198
vn -0.909598 0.079745 -0.407766
vn -0.938143 0.079745 -0.336940
vn -0.961183 0.079745 -0.264138
vn -0.978582 0.079745 -0.189785
vn -0.990238 0.079745 -0.114318
vn -0.996084 0.079745 -0.038181
vn -0.996084 0.079745 0.038181
vn -0.990238 0.079745 0.114318
vn -0.978582 0.079745 0.189785
vn -0.961183 0.079745 0.264138
vn -0.938143 0.079745 0.336940
vn -0.909598 0.079745 0.407766
vn -0.875714 0.079745 0.476198
vn -0.836692 0.079745 0.541836
vn -0.792760 0.079745 0.604295
vn -0.744176 0.079745 0.663207
vn -0.691224 0.079745 0.718227
vn -0.634216 0.079745 0.769032
vn -0.573486 0.079745 0.815324
vn -0.509391 0.079745 0.856832
vn -0.442307 0.079745 0.893312
vn -0.372627 0.079745 0.924549
vn -0.300760 0.079745 0.950360
vn -0.227128 0.079745 0.970594
vn -0.152163 0.079745 0.985133
vn -0.076305 0.079745 0.993890
vn -0.000000 0.079745 0.996815
vn 0.076305 0.079745 0.993890
vn 0.152163 0.079745 0.985133
vn 0.227128 0.079745 0.970594
vn 0.300760 0.079745 0.950360
vn 0.372627 0.079745 0.924549
vn 0.442307 0.079745 0.893312
vn 0.509391 0.079745 0.856832
vn 0.573486 0.079745 0.815324
vn 0.634216 0.079745 0.769032
vn 0.691224 0.079745 0.718227
vn 0.744176 0.079745 0.663207
vn 0.792760 0.079745 0.604295
vn 0.836692 0.079745 0.541836
vn 0.875714 0.079745 0.476198
vn 0.909598 0.079745 0.407766
vn 0.938143 0.079745 0.336940
vn 0.961183 0.079745 0.264138
vn 0.978582 0.079745 0.189785
vn 0.990238 0.079745 0.114318
vn 0.996084 0.079745 0.038181
vn 0.996084 0.079745 -0.038181
vn 0.990238 0.079745 -0.114318
vn 0.978582 0.079745 -0.189785
vn 0.961183 0.079745 -0.264138
vn 0.938143 0.079745 -0.336940
vn 0.909598 0.079745 -0.407766
vn 0.875714 0.079745 -0.476198
vn 0.836692 0.079745 -0.541836
vn 0.792760 0.079745 -0.604295
vn 0.744176 0.079745 -0.663207
vn 0.691224 0.079745 -0.718227
vn 0.634216 0.079745 -0.769032
vn 0.573486 0.079745 -0.815324
vn 0.509391 0.079745 -0.856832
vn 0.442307 0.079745 -0.893312
vn 0.372627 0.079745 -0.924549
vn 0.300760 0.079745 -0.950360
vn 0.227128 0.079745 -0.970594
vn -0.076549 -0.000000 -0.997066
vn 0.076549 -0.000000 -0.997066
vn 0.227854 -0.000000 -0.973695
vn 0.373817 -0.000000 -0.927502
vn 0.511019 -0.000000 -0.859570
vn 0.636242 -0.000000 -0.771489
vn 0.746553 -0.000000 -0.665326
vn 0.839365 -0.000000 -0.543568
vn 0.912504 -0.000000 -0.409069
vn 0.964253 -0.000000 -0.264982
vn 0.993402 -0.000000 -0.114683
vn 0.999266 -0.000000 0.038303
vn 0.981708 -0.000000 0.190391
vn 0.941140 -0.000000 0.338017
vn 0.878512 -0.000000 0.477720
vn 0.795293 -0.000000 0.606225
vn 0.693433 -0.000000 0.720522
vn 0.575319 -0.000000 0.817929
vn 0.443720 -0.000000 0.896166
vn 0.301721 -0.000000 0.953396
vn 0.152649 -0.000000 0.988280
vn 0.000000 -0.000000 1.000000
vn -0.152649 -0.000000 0.988280
vn -0.301721 -0.000000 0.953396
vn -0.443720 -0.000000 0.896166
vn -0.575319 -0.000000 0.817929
vn -0.693433 -0.000000 0.720522
vn -0.795293 -0.000000 0.606225
vn -0.878512 -0.000000 0.477720
vn -0.941140 -0.000000 0.338017
vn -0.981708 -0.000000 0.190391
vn -0.999266 -0.000000 0.038303
vn -0.993402 -0.000000 -0.114683
vn -0.964253 -0.000000 -0.264982
vn -0.912504 -0.000000 -0.409069
vn -0.839365 -0.000000 -0.543568
vn -0.746553 -0.000000 -0.665326
vn -0.636242 -0.000000 -0.771489
vn -0.511019 -0.000000 -0.859570
vn -0.373817 -0.000000 -0.927502
vn -0.227854 -0.000000 -0.973695
vn 0.072460 -0.322457 -0.943807
vn -0.072460 -0.322457 -0.943807
vn -0.215682 -0.322457 -0.921684
vn -0.353849 -0.322457 -0.877959
vn -0.483722 -0.322457 -0.813655
vn -0.602257 -0.322457 -0.730279
vn -0.706675 -0.322457 -0.629787
vn -0.794530 -0.322457 -0.514532
vn -0.863761 -0.322457 -0.387218
vn -0.912747 -0.322457 -0.250827
vn -0.940339 -0.322457 -0.108557
vn -0.945889 -0.322457 0.036257
vn -0.929269 -0.322457 0.180221
vn -0.890868 -0.322457 0.319961
vn -0.831586 -0.322457 0.452202
vn -0.752811 -0.322457 0.573843
vn -0.656392 -0.322457 0.682034
vn -0.544587 -0.322457 0.774239
vn -0.420018 -0.322457 0.848296
vn -0.285604 -0.322457 0.902470
vn -0.144495 -0.322457 0.935490
vn -0.000000 -0.322457 0.946584
vn 0.144495 -0.322457 0.935490
vn 0.285604 -0.322457 0.902470
vn 0.420018 -0.322457 0.848296
vn 0.544587 -0.322457 0.774239
vn 0.656392 -0.322457 0.682034
vn 0.752811 -0.322457 0.573843
vn 0.831586 -0.322457 0.452202
vn 0.890868 -0.322457 0.319961
vn 0.929269 -0.322457 0.180221
vn 0.945889 -0.322457 0.036257
vn 0.940339 -0.322457 -0.108557
vn 0.912747 -0.322457 -0.250827
vn 0.863761 -0.322457 -0.387218
vn 0.794530 -0.322457 -0.514532
vn 0.706675 -0.322457 -0.629787
vn 0.602257 -0.322457 -0.730279
vn 0.483722 -0.322457 -0.813655
vn 0.353849 -0.322457 -0.877959
vn 0.215682 -0.322457 -0.921684
vn -0.018827 -0.969284 -0.245223
vn 0.018827 -0.969284 -0.245223
vn 0.056039 -0.969284 -0.239475
vn 0.091938 -0.969284 -0.228114
vn 0.125682 -0.969284 -0.211407
vn 0.156481 -0.969284 -0.189744
vn 0.183611 -0.969284 -0.163633
vn 0.206438 -0.969284 -0.133688
vn 0.224426 -0.969284 -0.100608
vn 0.237153 -0.969284 -0.065171
vn 0.244322 -0.969284 -0.028206
vn 0.245764 -0.969284 0.009420
vn 0.241446 -0.969284 0.046826
vn 0.231469 -0.969284 0.083134
vn 0.216066 -0.969284 0.117493
vn 0.195598 -0.969284 0.149098
vn 0.170546 -0.969284 0.177209
vn 0.141497 -0.969284 0.201166
vn 0.109131 -0.969284 0.220407
vn 0.074207 -0.969284 0.234483
vn 0.037543 -0.969284 0.243063
vn 0.000000 -0.969284 0.245945
vn -0.037543 -0.969284 0.243063
vn -0.000000 -0.879022 0.476781
vn -0.072780 -0.879022 0.471193
vn -0.000000 -0.734760 0.678327
vn -0.103546 -0.734760 0.670377
vn -0.000000 -0.545360 0.838202
vn -0.127951 -0.545360 0.828378
vn -0.056039 -0.969284 -0.239475
vn -0.091938 -0.969284 -0.228114
vn -0.125682 -0.969284 -0.211407
vn -0.156481 -0.969284 -0.189744
vn -0.183611 -0.969284 -0.163633
vn -0.206438 -0.969284 -0.133688
vn -0.224426 -0.969284 -0.100608
vn -0.237153 -0.969284 -0.065171
vn -0.244322 -0.969284 -0.028206
vn -0.245764 -0.969284 0.009420
vn -0.241446 -0.969284 0.046826
vn -0.231469 -0.969284 0.083134
vn -0.216066 -0.969284 0.117493
vn -0.195598 -0.969284 0.149098
vn -0.170546 -0.969284 0.177209
vn -0.141497 -0.969284 0.201166
vn -0.109131 -0.969284 0.220407
vn -0.074207 -0.969284 0.234483
vn 0.127951 -0.545360 0.828378
vn 0.252903 -0.545360 0.799139
vn 0.371927 -0.545360 0.751168
vn 0.482233 -0.545360 0.685590
vn 0.581236 -0.545360 0.603943
vn 0.666616 -0.545360 0.508139
vn 0.736371 -0.545360 0.400426
vn 0.788865 -0.545360 0.283326
vn 0.822870 -0.545360 0.159586
vn 0.837587 -0.545360 0.032105
vn 0.832671 -0.545360 -0.096128
vn 0.808239 -0.545360 -0.222108
vn 0.764862 -0.545360 -0.342882
vn 0.703558 -0.545360 -0.455619
vn 0.625762 -0.545360 -0.557677
vn 0.533300 -0.545360 -0.646664
vn 0.428337 -0.545360 -0.720493
vn 0.313334 -0.545360 -0.777434
vn 0.190987 -0.545360 -0.816153
vn 0.064164 -0.545360 -0.835742
vn -0.064164 -0.545360 -0.835742
vn -0.190987 -0.545360 -0.816153
vn -0.313334 -0.545360 -0.777434
vn -0.428337 -0.545360 -0.720493
vn -0.533300 -0.545360 -0.646664
vn -0.625762 -0.545360 -0.557677
vn -0.703558 -0.545360 -0.455619
vn -0.764862 -0.545360 -0.342882
vn -0.808239 -0.545360 -0.222108
vn -0.832671 -0.545360 -0.096128
vn -0.837587 -0.545360 0.032105
vn -0.822870 -0.545360 0.159586
vn -0.788865 -0.545360 0.283326
vn -0.736371 -0.545360 0.400426
vn -0.666616 -0.545360 0.508139
vn -0.581236 -0.545360 0.603943
vn -0.482233 -0.545360 0.685590
vn -0.371927 -0.545360 0.751168
vn -0.252903 -0.545360 0.799139
vn 0.103546 -0.734760 0.670377
vn 0.204665 -0.734760 0.646714
vn 0.300987 -0.734760 0.607893
vn 0.390254 -0.734760 0.554823
vn 0.470374 -0.734760 0.488749
vn 0.539469 -0.734760 0.411219
vn 0.595918 -0.734760 0.324050
vn 0.638401 -0.734760 0.229286
vn 0.665919 -0.734760 0.129147
vn 0.677829 -0.734760 0.025982
vn 0.673851 -0.734760 -0.077793
vn 0.654079 -0.734760 -0.179744
vn 0.618976 -0.734760 -0.277482
vn 0.569364 -0.734760 -0.368716
vn 0.506407 -0.734760 -0.451308
vn 0.431580 -0.734760 -0.523322
vn 0.346638 -0.734760 -0.583069
vn 0.253570 -0.734760 -0.629150
vn 0.154559 -0.734760 -0.660484
vn 0.051925 -0.734760 -0.676337
vn -0.051925 -0.734760 -0.676337
vn -0.154559 -0.734760 -0.660484
vn -0.253570 -0.734760 -0.629150
vn -0.346638 -0.734760 -0.583069
vn -0.431580 -0.734760 -0.523322
vn -0.506407 -0.734760 -0.451308
vn -0.569364 -0.734760 -0.368716
vn -0.618976 -0.734760 -0.277482
vn -0.654079 -0.734760 -0.179744
vn -0.673851 -0.734760 -0.077793
vn -0.677829 -0.734760 0.025982
vn -0.665919 -0.734760 0.129147
vn -0.638401 -0.734760 0.229286
vn -0.595918 -0.734760 0.324050
vn -0.539469 -0.734760 0.411219
vn -0.470374 -0.734760 0.488749
vn -0.390254 -0.734760 0.554823
vn -0.300987 -0.734760 0.607893
vn -0.204665 -0.734760 0.646714
vn 0.072780 -0.879022 0.471193
vn 0.143855 -0.879022 0.454561
vn 0.211557 -0.879022 0.427275
vn 0.274301 -0.879022 0.389973
vn 0.330615 -0.879022 0.343531
vn 0.379180 -0.879022 0.289037
vn 0.418858 -0.879022 0.227768
vn 0.448717 -0.879022 0.161160
vn 0.468060 -0.879022 0.090775
vn 0.476431 -0.879022 0.018262
vn 0.473635 -0.879022 -0.054679
vn 0.459738 -0.879022 -0.126338
vn 0.435064 -0.879022 -0.195036
vn 0.400193 -0.879022 -0.259163
vn 0.355942 -0.879022 -0.317215
vn 0.303348 -0.879022 -0.367831
vn 0.243644 -0.879022 -0.409826
vn 0.178229 -0.879022 -0.442215
vn 0.108636 -0.879022 -0.464239
vn 0.036497 -0.879022 -0.475382
vn -0.036497 -0.879022 -0.475382
vn -0.108636 -0.879022 -0.464239
vn -0.178229 -0.879022 -0.442215
vn -0.243644 -0.879022 -0.409826
vn -0.303348 -0.879022 -0.367831
vn -0.355942 -0.879022 -0.317215
vn -0.400193 -0.879022 -0.259163
vn -0.435064 -0.879022 -0.195036
vn -0.459738 -0.879022 -0.126338
vn -0.473635 -0.879022 -0.054679
vn -0.476431 -0.879022 0.018262
vn -0.468060 -0.879022 0.090775
vn -0.448717 -0.879022 0.161160
vn -0.418858 -0.879022 0.227768
vn -0.379180 -0.879022 0.289037
vn -0.330615 -0.879022 0.343531
vn -0.274301 -0.879022 0.389973
vn -0.211557 -0.879022 0.427275
vn -0.143855 -0.879022 0.454561
vn -0.072460 0.322457 -0.943807
vn 0.072460 0.322457 -0.943807
vn 0.215682 0.322457 -0.921684
vn 0.353849 0.322457 -0.877959
vn 0.483722 0.322457 -0.813655
vn 0.602257 0.322457 -0.730279
vn 0.706675 0.322457 -0.629787
vn 0.794530 0.322457 -0.514532
vn 0.863761 0.322457 -0.387218
vn 0.912747 0.322457 -0.250827
vn 0.940339 0.322457 -0.108557
vn 0.945889 0.322457 0.036257
vn 0.929269 0.322457 0.180221
vn 0.890868 0.322457 0.319961
vn 0.831586 0.322457 0.452202
vn 0.752811 0.322457 0.573843
vn 0.656392 0.322457 0.682034
vn 0.544587 0.322457 0.774239
vn 0.420018 0.322457 0.848296
vn 0.285604 0.322457 0.902470
vn 0.144495 0.322457 0.935490
vn 0.000000 0.322457 0.946584
vn -0.144495 0.322457 0.935490
vn -0.285604 0.322457 0.902470
vn -0.420018 0.322457 0.848296
vn -0.544587 0.322457 0.774239
vn -0.656392 0.322457 0.682034
vn -0.752811 0.322457 0.573843
vn -0.831586 0.322457 0.452202
vn -0.890868 0.322457 0.319961
vn -0.929269 0.322457 0.180221
vn -0.945889 0.322457 0.036257
vn -0.940339 0.322457 -0.108557
vn -0.912747 0.322457 -0.250827
vn -0.863761 0.322457 -0.387218
vn -0.794530 0.322457 -0.514532
vn -0.706675 0.322457 -0.629787
vn -0.602257 0.322457 -0.730279
vn -0.483722 0.322457 -0.813655
vn -0.353849 0.322457 -0.877959
vn -0.215682 0.322457 -0.921684
vn 0.018827 0.969284 -0.245223
vn -0.018827 0.969284 -0.245223
vn -0.056039 0.969284 -0.239475
vn -0.091938 0.969284 -0.228114
vn -0.125682 0.969284 -0.211407
vn -0.156481 0.969284 -0.189744
vn -0.183611 0.969284 -0.163633
vn -0.206438 0.969284 -0.133688
vn -0.224426 0.969284 -0.100608
vn -0.237153 0.969284 -0.065171
vn -0.244322 0.969284 -0.028206
vn -0.245764 0.969284 0.009420
vn -0.241446 0.969284 0.046826
vn -0.231469 0.969284 0.083134
vn -0.216066 0.969284 0.117493
vn -0.195598 0.969284 0.149098
vn -0.170546 0.969284 0.177209
vn -0.141497 0.969284 0.201166
vn -0.109131 0.969284 0.220407
vn -0.074207 0.969284 0.234483
vn -0.037543 0.969284 0.243063
vn -0.000000 0.969284 0.245945
vn 0.037543 0.969284 0.243063
vn 0.000000 0.879022 0.476781
vn 0.072780 0.879022 0.471193
vn 0.000000 0.734760 0.678327
vn 0.103546 0.734760 0.670377
vn 0.000000 0.545360 0.838202
vn 0.127951 0.545360 0.828378
vn 0.056039 0.969284 -0.239475
vn 0.091938 0.969284 -0.228114
vn 0.125682 0.969284 -0.211407
vn 0.156481 0.969284 -0.189744
vn 0.183611 0.969284 -0.163633
vn 0.206438 0.969284 -0.133688
vn 0.224426 0.969284 -0.100608
vn 0.237153 0.969284 -0.065171
vn 0.244322 0.969284 -0.028206
vn 0.245764 0.969284 0.009420
vn 0.241446 0.969284 0.046826
vn 0.231469 0.969284 0.083134
vn 0.216066 0.969284 0.117493
vn 0.195598 0.969284 0.149098
vn 0.170546 0.969284 0.177209
vn 0.141497 0.969284 0.201166
vn 0.109131 0.969284 0.220407
vn 0.074207 0.969284 0.234483
vn -0.127951 0.545360 0.828378
vn -0.252903 0.545360 0.799139
vn -0.371927 0.545360 0.751168
vn -0.482233 0.545360 0.685590
vn -0.581236 0.545360 0.603943
vn -0.666616 0.545360 0.508139
vn -0.736371 0.545360 0.400426
vn -0.788865 0.545360 0.283326
vn -0.822870 0.545360 0.159586
vn -0.837587 0.545360 0.032105
vn -0.832671 0.545360 -0.096128
vn -0.808239 0.545360 -0.222108
vn -0.764862 0.545360 -0.342882
vn -0.703558 0.545360 -0.455619
vn -0.625762 0.545360 -0.557677
vn -0.533300 0.545360 -0.646664
vn -0.428337 0.545360 -0.720493
vn -0.313334 0.545360 -0.777434
vn -0.190987 0.545360 -0.816153
vn -0.064164 0.545360 -0.835742
vn 0.064164 0.545360 -0.835742
vn 0.190987 0.545360 -0.816153
vn 0.313334 0.545360 -0.777434
vn 0.428337 0.545360 -0.720493
vn 0.533300 0.545360 -0.646664
vn 0.625762 0.545360 -0.557677
vn 0.703558 0.545360 -0.455619
vn 0.764862 0.545360 -0.342882
vn 0.808239 0.545360 -0.222108
vn 0.832671 0.545360 -0.096128
vn 0.837587 0.545360 0.032105
vn 0.822870 0.545360 0.159586
vn 0.788865 0.545360 0.283326
vn 0.736371 0.545360 0.400426
vn 0.666616 0.545360 0.508139
vn 0.581236 0.545360 0.603943
vn 0.482233 0.545360 0.685590
vn 0.371927 0.545360 0.751168
vn 0.252903 0.545360 0.799139
vn -0.103546 0.734760 0.670377
vn -0.204665 0.734760 0.646714
vn -0.300987 0.734760 0.607893
vn -0.390254 0.734760 0.554823
vn -0.470374 0.734760 0.488749
vn -0.539469 0.734760 0.411219
vn -0.595918 0.734760 0.324050
vn -0.638401 0.734760 0.229286
vn -0.665919 0.734760 0.129147
vn -0.677829 0.734760 0.025982
vn -0.673851 0.734760 -0.077793
vn -0.654079 0.734760 -0.179744
vn -0.618976 0.734760 -0.277482
vn -0.569364 0.734760 -0.368716
vn -0.506407 0.734760 -0.451308
vn -0.431580 0.734760 -0.523322
vn -0.346638 0.734760 -0.583069
vn -0.253570 0.734760 -0.629150
vn -0.154559 0.734760 -0.660484
vn -0.051925 0.734760 -0.676337
vn 0.051925 0.734760 -0.676337
vn 0.154559 0.734760 -0.660484
vn 0.253570 0.734760 -0.629150
vn 0.346638 0.734760 -0.583069
vn 0.431580 0.734760 -0.523322
vn 0.506407 0.734760 -0.451308
vn 0.569364 0.734760 -0.368716
vn 0.618976 0.734760 -0.277482
vn 0.654079 0.734760 -0.179744
vn 0.673851 0.734760 -0.077793
vn 0.677829 0.734760 0.025982
vn 0.665919 0.734760 0.129147
vn 0.638401 0.734760 0.229286
vn 0.595918 0.734760 0.324050
vn 0.539469 0.734760 0.411219
vn 0.470374 0.734760 0.488749
vn 0.390254 0.734760 0.554823
vn 0.300987 0.734760 0.607893
vn 0.204665 0.734760 0.646714
vn -0.072780 0.879022 0.471193
vn -0.143855 0.879022 0.454561
vn -0.211557 0.879022 0.427275
vn -0.274301 0.879022 0.389973
vn -0.330615 0.879022 0.343531
vn -0.379180 0.879022 0.289037
vn -0.418858 0.879022 0.227768
vn -0.448717 0.879022 0.161160
vn -0.468060 0.879022 0.090775
vn -0.476431 0.879022 0.018262
vn -0.473635 0.879022 -0.054679
vn -0.459738 0.879022 -0.126338
vn -0.435064 0.879022 -0.195036
vn -0.400193 0.879022 -0.259163
vn -0.355942 0.879022 -0.317215
vn -0.303348 0.879022 -0.367831
vn -0.243644 0.879022 -0.409826
vn -0.178229 0.879022 -0.442215
vn -0.108636 0.879022 -0.464239
vn -0.036497 0.879022 -0.475382
vn 0.036497 0.879022 -0.475382
vn 0.108636 0.879022 -0.464239
vn 0.178229 0.879022 -0.442215
vn 0.243644 0.879022 -0.409826
vn 0.303348 0.879022 -0.367831
vn 0.355942 0.879022 -0.317215
vn 0.400193 0.879022 -0.259163
vn 0.435064 0.879022 -0.195036
vn 0.459738 0.879022 -0.126338
vn 0.473635 0.879022 -0.054679
vn 0.476431 0.879022 0.018262
vn 0.468060 0.879022 0.090775
vn 0.448717 0.879022 0.161160
vn 0.418858 0.879022 0.227768
vn 0.379180 0.879022 0.289037
vn 0.330615 0.879022 0.343531
vn 0.274301 0.879022 0.389973
vn 0.211557 0.879022 0.427275
vn 0.143855 0.879022 0.454561
usemtl Opaque(51,51,51)
f 647/1038/942 683/1039/943 646/1040/944
f 646/1040/944 683/1039/943 684/1041/945
f 646/1040/944 684/1041/945 682/1042/946
f 682/1042/946 684/1041/945 685/1043/947
f 682/1042/946 685/1043/947 681/1044/948
f 681/1044/948 685/1043/947 686/1045/949
f 681/1044/948 686/1045/949 680/1046/950
f 680/1046/950 686/1045/949 687/1047/951
f 680/1046/950 687/1047/951 679/1048/952
f 679/1048/952 687/1047/951 688/1049/953
f 679/1048/952 688/1049/953 678/1050/954
f 678/1050/954 688/1049/953 689/1051/955
f 678/1050/954 689/1051/955 677/1052/956
f 677/1052/956 689/1051/955 690/1053/957
f 677/1052/956 690/1053/957 676/1054/958
f 676/1054/958 690/1053/957 691/1055/959
f 676/1054/958 691/1055/959 675/1056/960
f 675/1056/960 691/1055/959 692/1057/961
f 675/1056/960 692/1057/961 674/1058/962
f 674/1059/962 692/1060/961 693/1061/963
f 674/1059/962 693/1061/963 673/1062/964
f 673/1062/964 693/1061/963 694/1063/965
f 673/1062/964 694/1063/965 672/1064/966
f 672/1064/966 694/1063/965 695/1065/967
f 672/1064/966 695/1065/967 671/1066/968
f 671/1066/968 695/1065/967 696/1067/969
f 671/1066/968 696/1067/969 670/1068/970
f 670/1068/970 696/1067/969 697/1069/971
f 670/1068/970 697/1069/971 669/1070/972
f 669/1070/972 697/1069/971 698/1071/973
f 669/1070/972 698/1071/973 668/1072/974
f 668/1072/974 698/1071/973 699/1073/975
f 668/1072/974 699/1073/975 667/1074/976
f 667/1074/976 699/1073/975 700/1075/977
f 667/1074/976 700/1075/977 666/1076/978
f 666/1076/978 700/1075/977 701/1077/979
f 666/1076/978 701/1077/979 665/1078/980
f 665/1078/980 701/1077/979 702/1079/981
f 665/1078/980 702/1079/981 664/1080/982
f 664/1080/982 702/1079/981 703/1081/983
f 664/1080/982 703/1081/983 663/1082/984
f 663/1082/984 703/1081/983 704/1083/985
f 663/1082/984 704/1083/985 662/1084/986
f 662/1084/986 704/1083/985 705/1085/987
f 662/1084/986 705/1085/987 661/1086/988
f 661/1086/988 705/1085/987 706/1087/989
f 661/1086/988 706/1087/989 660/1088/990
f 660/1088/990 706/1087/989 707/1089/991
f 660/1088/990 707/1089/991 659/1090/992
f 659/1090/992 707/1089/991 708/1091/993
f 659/1090/992 708/1091/993 658/1092/994
f 658/1092/994 708/1091/993 709/1093/995
f 658/1092/994 709/1093/995 657/1094/996
f 657/1094/996 709/1093/995 710/1095/997
f 657/1094/996 710/1095/997 656/1096/998
f 656/1096/998 710/1095/997 711/1097/999
f 656/1096/998 711/1097/999 655/1098/1000
f 655/1098/1000 711/1097/999 712/1099/1001
f 655/1098/1000 712/1099/1001 654/1100/1002
f 654/1100/1002 712/1099/1001 713/1101/1003
f 654/1100/1002 713/1101/1003 653/1102/1004
f 653/1102/1004 713/1101/1003 714/1103/1005
f 653/1102/1004 714/1103/1005 652/1104/1006
f 652/1104/1006 714/1103/1005 715/1105/1007
f 652/1104/1006 715/1105/1007 651/1106/1008
f 651/1106/1008 715/1105/1007 716/1107/1009
f 651/1106/1008 716/1107/1009 650/1108/1010
f 650/1108/1010 716/1107/1009 717/1109/1011
f 650/1108/1010 717/1109/1011 649/1110/1012
f 649/1110/1012 717/1109/1011 718/1111/1013
f 649/1110/1012 718/1111/1013 648/1112/1014
f 648/1112/1014 718/1111/1013 719/1113/1015
f 648/1112/1014 719/1113/1015 647/1038/942
f 647/1038/942 719/1113/1015 683/1039/943
f 721/1114/1016 674/1115/1017 720/1116/1018
f 720/1116/1018 674/1115/1017 673/1117/1019
f 720/1116/1018 673/1117/1019 759/1118/1020
f 759/1118/1020 673/1117/1019 672/1119/1021
f 759/1118/1020 672/1119/1021 758/1120/1022
f 758/1120/1022 672/1119/1021 671/1121/1023
f 758/1120/1022 671/1121/1023 757/1122/1024
f 757/1122/1024 671/1121/1023 756/1123/1025
f 756/1123/1025 671/1121/1023 670/1124/1026
f 756/1123/1025 670/1124/1026 755/1125/1027
f 755/1125/1027 670/1124/1026 669/1126/1028
f 755/1125/1027 669/1126/1028 754/1127/1029
f 754/1127/1029 669/1126/1028 668/1128/1030
f 754/1127/1029 668/1128/1030 753/1129/1031
f 753/1129/1031 668/1128/1030 667/1130/1032
f 753/1129/1031 667/1130/1032 752/1131/1033
f 752/1131/1033 667/1130/1032 666/1132/1034
f 752/1131/1033 666/1132/1034 751/1133/1035
f 751/1133/1035 666/1132/1034 665/1134/1036
f 751/1133/1035 665/1134/1036 750/1135/1037
f 750/1135/1037 665/1134/1036 664/1136/1038
f 750/1135/1037 664/1136/1038 749/1137/1039
f 749/1137/1039 664/1136/1038 663/1138/1040
f 749/1137/1039 663/1138/1040 748/1139/1041
f 748/1139/1041 663/1138/1040 662/1140/1042
f 748/1139/1041 662/1140/1042 747/1141/1043
f 747/1141/1043 662/1140/1042 661/1142/1044
f 747/1141/1043 661/1142/1044 746/1143/1045
f 746/1143/1045 661/1142/1044 660/1144/1046
f 746/1143/1045 660/1144/1046 745/1145/1047
f 745/1145/1047 660/1144/1046 659/1146/1048
f 745/1145/1047 659/1146/1048 744/1147/1049
f 744/1147/1049 659/1146/1048 658/1148/1050
f 744/1147/1049 658/1148/1050 743/1149/1051
f 743/1149/1051 658/1148/1050 742/1150/1052
f 742/1150/1052 658/1148/1050 657/1151/1053
f 742/1150/1052 657/1151/1053 741/1152/1054
f 741/1152/1054 657/1151/1053 656/1153/1055
f 741/1152/1054 656/1153/1055 740/1154/1056
f 740/1154/1056 656/1153/1055 655/1155/1057
f 740/1154/1056 655/1155/1057 739/1156/1058
f 739/1156/1058 655/1155/1057 654/1157/1059
f 739/1156/1058 654/1157/1059 738/1158/1060
f 738/1158/1060 654/1157/1059 653/1159/1061
f 738/1158/1060 653/1159/1061 737/1160/1062
f 737/1160/1062 653/1159/1061 652/1161/1063
f 737/1160/1062 652/1161/1063 736/1162/1064
f 736/1162/1064 652/1161/1063 651/1163/1065
f 736/1162/1064 651/1163/1065 735/1164/1066
f 735/1164/1066 651/1163/1065 650/1165/1067
f 735/1164/1066 650/1165/1067 734/1166/1068
f 734/1166/1068 650/1165/1067 649/1167/1069
f 734/1166/1068 649/1167/1069 733/1168/1070
f 733/1168/1070 649/1167/1069 648/1169/1071
f 733/1168/1070 648/1169/1071 732/1170/1072
f 732/1170/1072 648/1169/1071 647/1171/1073
f 732/1170/1072 647/1171/1073 731/1172/1074
f 731/1172/1074 647/1171/1073 646/1173/1075
f 731/1172/1074 646/1173/1075 730/1174/1076
f 730/1174/1076 646/1173/1075 729/1175/1077
f 729/1175/1077 646/1173/1075 682/1176/1078
f 729/1175/1077 682/1176/1078 728/1177/1079
f 728/1177/1079 682/1176/1078 681/1178/1080
f 728/1177/1079 681/1178/1080 727/1179/1081
f 727/1179/1081 681/1178/1080 680/1180/1082
f 727/1179/1081 680/1180/1082 726/1181/1083
f 726/1181/1083 680/1180/1082 679/1182/1084
f 726/1181/1083 679/1182/1084 725/1183/1085
f 725/1183/1085 679/1182/1084 678/1184/1086
f 725/1183/1085 678/1184/1086 724/1185/1087
f 724/1185/1087 678/1184/1086 677/1186/1088
f 724/1185/1087 677/1186/1088 723/1187/1089
f 723/1187/1089 677/1186/1088 676/1188/1090
f 723/1187/1089 676/1188/1090 722/1189/1091
f 722/1189/1091 676/1188/1090 675/1190/1092
f 722/1189/1091 675/1190/1092 721/1114/1016
f 721/1114/1016 675/1190/1092 674/1115/1017
f 761/1191/1093 693/1192/1094 760/1193/1095
f 760/1193/1095 693/1192/1094 692/1194/1096
f 760/1193/1095 692/1194/1096 799/1195/1097
f 799/1195/1097 692/1194/1096 691/1196/1098
f 799/1195/1097 691/1196/1098 798/1197/1099
f 798/1197/1099 691/1196/1098 690/1198/1100
f 798/1197/1099 690/1198/1100 797/1199/1101
f 797/1199/1101 690/1198/1100 689/1200/1102
f 797/1199/1101 689/1200/1102 796/1201/1103
f 796/1201/1103 689/1200/1102 688/1202/1104
f 796/1201/1103 688/1202/1104 795/1203/1105
f 795/1203/1105 688/1202/1104 687/1204/1106
f 795/1203/1105 687/1204/1106 794/1205/1107
f 794/1205/1107 687/1204/1106 686/1206/1108
f 794/1205/1107 686/1206/1108 793/1207/1109
f 793/1207/1109 686/1206/1108 685/1208/1110
f 793/1207/1109 685/1208/1110 792/1209/1111
f 792/1209/1111 685/1208/1110 684/1210/1112
f 792/1209/1111 684/1210/1112 791/1211/1113
f 791/1211/1113 684/1210/1112 683/1212/1114
f 791/1211/1113 683/1212/1114 790/1213/1115
f 790/1213/1115 683/1212/1114 789/1214/1116
f 789/1214/1116 683/1212/1114 719/1215/1117
f 789/1214/1116 719/1215/1117 788/1216/1118
f 788/1216/1118 719/1215/1117 718/1217/1119
f 788/1216/1118 718/1217/1119 787/1218/1120
f 787/1218/1120 718/1217/1119 717/1219/1121
f 787/1218/1120 717/1219/1121 786/1220/1122
f 786/1220/1122 717/1219/1121 716/1221/1123
f 786/1220/1122 716/1221/1123 785/1222/1124
f 785/1222/1124 716/1221/1123 715/1223/1125
f 785/1222/1124 715/1223/1125 784/1224/1126
f 784/1224/1126 715/1223/1125 714/1225/1127
f 784/1224/1126 714/1225/1127 783/1226/1128
f 783/1226/1128 714/1225/1127 713/1227/1129
f 783/1226/1128 713/1227/1129 782/1228/1130
f 782/1228/1130 713/1227/1129 712/1229/1131
f 782/1228/1130 712/1229/1131 781/1230/1132
f 781/1230/1132 712/1229/1131 711/1231/1133
f 781/1230/1132 711/1231/1133 780/1232/1134
f 780/1232/1134 711/1231/1133 710/1233/1135
f 780/1232/1134 710/1233/1135 779/1234/1136
f 779/1234/1136 710/1233/1135 709/1235/1137
f 779/1234/1136 709/1235/1137 778/1236/1138
f 778/1236/1138 709/1235/1137 708/1237/1139
f 778/1236/1138 708/1237/1139 777/1238/1140
f 777/1238/1140 708/1237/1139 776/1239/1141
f 776/1239/1141 708/1237/1139 707/1240/1142
f 776/1239/1141 707/1240/1142 775/1241/1143
f 775/1241/1143 707/1240/1142 706/1242/1144
f 775/1241/1143 706/1242/1144 774/1243/1145
f 774/1243/1145 706/1242/1144 705/1244/1146
f 774/1243/1145 705/1244/1146 773/1245/1147
f 773/1245/1147 705/1244/1146 704/1246/1148
f 773/1245/1147 704/1246/1148 772/1247/1149
f 772/1247/1149 704/1246/1148 703/1248/1150
f 772/1247/1149 703/1248/1150 771/1249/1151
f 771/1249/1151 703/1248/1150 702/1250/1152
f 771/1249/1151 702/1250/1152 770/1251/1153
f 770/1251/1153 702/1250/1152 701/1252/1154
f 770/1251/1153 701/1252/1154 769/1253/1155
f 769/1253/1155 701/1252/1154 700/1254/1156
f 769/1253/1155 700/1254/1156 768/1255/1157
f 768/1255/1157 700/1254/1156 699/1256/1158
f 768/1255/1157 699/1256/1158 767/1257/1159
f 767/1257/1159 699/1256/1158 698/1258/1160
f 767/1257/1159 698/1258/1160 766/1259/1161
f 766/1259/1161 698/1258/1160 697/1260/1162
f 766/1259/1161 697/1260/1162 765/1261/1163
f 765/1261/1163 697/1260/1162 696/1262/1164
f 765/1261/1163 696/1262/1164 764/1263/1165
f 764/1263/1165 696/1262/1164 695/1264/1166
f 764/1263/1165 695/1264/1166 763/1265/1167
f 763/1265/1167 695/1264/1166 762/1266/1168
f 762/1266/1168 695/1264/1166 694/1267/1169
f 762/1266/1168 694/1267/1169 761/1191/1093
f 761/1191/1093 694/1267/1169 693/1192/1094
f 801/1268/1170 881/1269/1171 800/1270/1172
f 800/1270/1172 881/1269/1171 841/1271/1173
f 800/1272/1172 841/1273/1173 840/1274/1174
f 840/1274/1174 841/1273/1173 842/1275/1175
f 840/1274/1174 842/1275/1175 839/1276/1176
f 839/1276/1176 842/1275/1175 843/1277/1177
f 839/1276/1176 843/1277/1177 838/1278/1178
f 838/1278/1178 843/1277/1177 844/1279/1179
f 838/1278/1178 844/1279/1179 837/1280/1180
f 837/1280/1180 844/1279/1179 845/1281/1181
f 837/1280/1180 845/1281/1181 836/1282/1182
f 836/1282/1182 845/1281/1181 846/1283/1183
f 836/1282/1182 846/1283/1183 835/1284/1184
f 835/1284/1184 846/1283/1183 847/1285/1185
f 835/1284/1184 847/1285/1185 834/1286/1186
f 834/1286/1186 847/1285/1185 848/1287/1187
f 834/1286/1186 848/1287/1187 833/1288/1188
f 833/1288/1188 848/1287/1187 849/1289/1189
f 833/1288/1188 849/1289/1189 832/1290/1190
f 832/1290/1190 849/1289/1189 850/1291/1191
f 832/1290/1190 850/1291/1191 831/1292/1192
f 831/1292/1192 850/1291/1191 851/1293/1193
f 831/1292/1192 851/1293/1193 830/1294/1194
f 830/1294/1194 851/1293/1193 852/1295/1195
f 830/1294/1194 852/1295/1195 829/1296/1196
f 829/1296/1196 852/1295/1195 853/1297/1197
f 829/1296/1196 853/1297/1197 828/1298/1198
f 828/1298/1198 853/1297/1197 854/1299/1199
f 828/1298/1198 854/1299/1199 827/1300/1200
f 827/1300/1200 854/1299/1199 855/1301/1201
f 827/1300/1200 855/1301/1201 826/1302/1202
f 826/1302/1202 855/1301/1201 856/1303/1203
f 826/1302/1202 856/1303/1203 825/1304/1204
f 825/1304/1204 856/1303/1203 857/1305/1205
f 825/1304/1204 857/1305/1205 824/1306/1206
f 824/1306/1206 857/1305/1205 858/1307/1207
f 824/1306/1206 858/1307/1207 823/1308/1208
f 823/1308/1208 858/1307/1207 859/1309/1209
f 823/1308/1208 859/1309/1209 822/1310/1210
f 822/1310/1210 859/1309/1209 860/1311/1211
f 822/1310/1210 860/1311/1211 821/1312/1212
f 821/1312/1212 860/1311/1211 861/1313/1213
f 821/1312/1212 861/1313/1213 820/1314/1214
f 820/1314/1214 861/1313/1213 862/1315/1215
f 820/1314/1214 862/1315/1215 819/1316/1216
f 819/1316/1216 862/1315/1215 863/1317/1217
f 819/1316/1216 863/1317/1217 818/1318/1218
f 818/1318/1218 863/1317/1217 864/1319/1219
f 818/1318/1218 864/1319/1219 817/1320/1220
f 817/1320/1220 864/1319/1219 865/1321/1221
f 817/1320/1220 865/1321/1221 816/1322/1222
f 816/1322/1222 865/1321/1221 866/1323/1223
f 816/1322/1222 866/1323/1223 815/1324/1224
f 815/1324/1224 866/1323/1223 867/1325/1225
f 815/1324/1224 867/1325/1225 814/1326/1226
f 814/1326/1226 867/1325/1225 868/1327/1227
f 814/1326/1226 868/1327/1227 813/1328/1228
f 813/1328/1228 868/1327/1227 869/1329/1229
f 813/1328/1228 869/1329/1229 812/1330/1230
f 812/1330/1230 869/1329/1229 870/1331/1231
f 812/1330/1230 870/1331/1231 811/1332/1232
f 811/1332/1232 870/1331/1231 871/1333/1233
f 811/1332/1232 871/1333/1233 810/1334/1234
f 810/1334/1234 871/1333/1233 872/1335/1235
f 810/1334/1234 872/1335/1235 809/1336/1236
f 809/1336/1236 872/1335/1235 873/1337/1237
f 809/1336/1236 873/1337/1237 808/1338/1238
f 808/1338/1238 873/1337/1237 874/1339/1239
f 808/1338/1238 874/1339/1239 807/1340/1240
f 807/1340/1240 874/1339/1239 875/1341/1241
f 807/1340/1240 875/1341/1241 806/1342/1242
f 806/1342/1242 875/1341/1241 876/1343/1243
f 806/1342/1242 876/1343/1243 805/1344/1244
f 805/1344/1244 876/1343/1243 877/1345/1245
f 805/1344/1244 877/1345/1245 804/1346/1246
f 804/1346/1246 877/1345/1245 878/1347/1247
f 804/1346/1246 878/1347/1247 803/1348/1248
f 803/1348/1248 878/1347/1247 879/1349/1249
f 803/1348/1248 879/1349/1249 802/1350/1250
f 802/1350/1250 879/1349/1249 880/1351/1251
f 802/1350/1250 880/1351/1251 801/1268/1170
f 801/1268/1170 880/1351/1251 881/1269/1171
f 883/1352/1252 943/1353/1253 882/1354/1254
f 882/1354/1254 943/1353/1253 944/1355/1255
f 882/1354/1254 944/1355/1255 922/1356/1256
f 922/1356/1256 944/1355/1255 945/1357/1257
f 922/1356/1256 945/1357/1257 921/1358/1258
f 921/1358/1258 945/1357/1257 946/1359/1259
f 921/1358/1258 946/1359/1259 920/1360/1260
f 920/1360/1260 946/1359/1259 947/1361/1261
f 920/1360/1260 947/1361/1261 919/1362/1262
f 919/1362/1262 947/1361/1261 948/1363/1263
f 919/1362/1262 948/1363/1263 918/1364/1264
f 918/1364/1264 948/1363/1263 949/1365/1265
f 918/1364/1264 949/1365/1265 917/1366/1266
f 917/1366/1266 949/1365/1265 950/1367/1267
f 917/1366/1266 950/1367/1267 916/1368/1268
f 916/1368/1268 950/1367/1267 951/1369/1269
f 916/1368/1268 951/1369/1269 915/1370/1270
f 915/1370/1270 951/1369/1269 952/1371/1271
f 915/1370/1270 952/1371/1271 914/1372/1272
f 914/1372/1272 952/1371/1271 953/1373/1273
f 914/1372/1272 953/1373/1273 913/1374/1274
f 913/1374/1274 953/1373/1273 954/1375/1275
f 913/1374/1274 954/1375/1275 912/1376/1276
f 912/1376/1276 954/1375/1275 955/1377/1277
f 912/1376/1276 955/1377/1277 911/1378/1278
f 911/1378/1278 955/1377/1277 956/1379/1279
f 911/1378/1278 956/1379/1279 910/1380/1280
f 910/1380/1280 956/1379/1279 957/1381/1281
f 910/1380/1280 957/1381/1281 909/1382/1282
f 909/1382/1282 957/1381/1281 958/1383/1283
f 909/1382/1282 958/1383/1283 908/1384/1284
f 908/1384/1284 958/1383/1283 959/1385/1285
f 908/1384/1284 959/1385/1285 907/1386/1286
f 907/1386/1286 959/1385/1285 960/1387/1287
f 907/1386/1286 960/1387/1287 906/1388/1288
f 906/1388/1288 960/1387/1287 961/1389/1289
f 906/1388/1288 961/1389/1289 905/1390/1290
f 905/1390/1290 961/1389/1289 962/1391/1291
f 905/1390/1290 962/1391/1291 904/1392/1292
f 904/1392/1292 962/1391/1291 963/1393/1293
f 904/1392/1292 963/1393/1293 903/1394/1294
f 903/1394/1294 963/1393/1293 923/1395/1295
f 903/1394/1294 923/1395/1295 902/1396/1296
f 902/1397/1296 923/1398/1295 924/1399/1297
f 902/1397/1296 924/1399/1297 901/1400/1298
f 901/1400/1298 924/1399/1297 925/1401/1299
f 901/1400/1298 925/1401/1299 900/1402/1300
f 900/1402/1300 925/1401/1299 926/1403/1301
f 900/1402/1300 926/1403/1301 899/1404/1302
f 899/1404/1302 926/1403/1301 927/1405/1303
f 899/1404/1302 927/1405/1303 898/1406/1304
f 898/1406/1304 927/1405/1303 928/1407/1305
f 898/1406/1304 928/1407/1305 897/1408/1306
f 897/1408/1306 928/1407/1305 929/1409/1307
f 897/1408/1306 929/1409/1307 896/1410/1308
f 896/1410/1308 929/1409/1307 930/1411/1309
f 896/1410/1308 930/1411/1309 895/1412/1310
f 895/1412/1310 930/1411/1309 931/1413/1311
f 895/1412/1310 931/1413/1311 894/1414/1312
f 894/1414/1312 931/1413/1311 932/1415/1313
f 894/1414/1312 932/1415/1313 893/1416/1314
f 893/1416/1314 932/1415/1313 933/1417/1315
f 893/1416/1314 933/1417/1315 892/1418/1316
f 892/1418/1316 933/1417/1315 934/1419/1317
f 892/1418/1316 934/1419/1317 891/1420/1318
f 891/1420/1318 934/1419/1317 935/1421/1319
f 891/1420/1318 935/1421/1319 890/1422/1320
f 890/1422/1320 935/1421/1319 936/1423/1321
f 890/1422/1320 936/1423/1321 889/1424/1322
f 889/1424/1322 936/1423/1321 937/1425/1323
f 889/1424/1322 937/1425/1323 888/1426/1324
f 888/1426/1324 937/1425/1323 938/1427/1325
f 888/1426/1324 938/1427/1325 887/1428/1326
f 887/1428/1326 938/1427/1325 939/1429/1327
f 887/1428/1326 939/1429/1327 886/1430/1328
f 886/1430/1328 939/1429/1327 940/1431/1329
f 886/1430/1328 940/1431/1329 885/1432/1330
f 885/1432/1330 940/1431/1329 941/1433/1331
f 885/1432/1330 941/1433/1331 884/1434/1332
f 884/1434/1332 941/1433/1331 942/1435/1333
f 884/1434/1332 942/1435/1333 883/1352/1252
f 883/1352/1252 942/1435/1333 943/1353/1253
f 881/1436/1171 965/1437/1334 841/1438/1173
f 841/1438/1173 965/1437/1334 966/1439/1335
f 841/1438/1173 966/1439/1335 842/1440/1175
f 842/1440/1175 966/1439/1335 1004/1441/1336
f 842/1440/1175 1004/1441/1336 843/1442/1177
f 843/1442/1177 1004/1441/1336 1003/1443/1337
f 843/1442/1177 1003/1443/1337 844/1444/1179
f 844/1444/1179 1003/1443/1337 1002/1445/1338
f 844/1444/1179 1002/1445/1338 845/1446/1181
f 845/1446/1181 1002/1445/1338 1001/1447/1339
f 845/1446/1181 1001/1447/1339 846/1448/1183
f 846/1448/1183 1001/1447/1339 1000/1449/1340
f 846/1448/1183 1000/1449/1340 847/1450/1185
f 847/1450/1185 1000/1449/1340 999/1451/1341
f 847/1450/1185 999/1451/1341 848/1452/1187
f 848/1452/1187 999/1451/1341 998/1453/1342
f 848/1452/1187 998/1453/1342 849/1454/1189
f 849/1454/1189 998/1453/1342 997/1455/1343
f 849/1454/1189 997/1455/1343 850/1456/1191
f 850/1456/1191 997/1455/1343 996/1457/1344
f 850/1456/1191 996/1457/1344 851/1458/1193
f 851/1458/1193 996/1457/1344 995/1459/1345
f 851/1458/1193 995/1459/1345 852/1460/1195
f 852/1460/1195 995/1459/1345 994/1461/1346
f 852/1460/1195 994/1461/1346 853/1462/1197
f 853/1462/1197 994/1461/1346 993/1463/1347
f 853/1462/1197 993/1463/1347 854/1464/1199
f 854/1464/1199 993/1463/1347 992/1465/1348
f 854/1464/1199 992/1465/1348 855/1466/1201
f 855/1466/1201 992/1465/1348 991/1467/1349
f 855/1466/1201 991/1467/1349 856/1468/1203
f 856/1468/1203 991/1467/1349 990/1469/1350
f 856/1468/1203 990/1469/1350 857/1470/1205
f 857/1470/1205 990/1469/1350 989/1471/1351
f 857/1470/1205 989/1471/1351 858/1472/1207
f 858/1472/1207 989/1471/1351 988/1473/1352
f 858/1472/1207 988/1473/1352 859/1474/1209
f 859/1474/1209 988/1473/1352 987/1475/1353
f 859/1474/1209 987/1475/1353 860/1476/1211
f 860/1476/1211 987/1475/1353 986/1477/1354
f 860/1476/1211 986/1477/1354 861/1478/1213
f 861/1478/1213 986/1477/1354 964/1479/1355
f 861/1478/1213 964/1479/1355 862/1480/1215
f 862/1481/1215 964/1482/1355 985/1483/1356
f 862/1481/1215 985/1483/1356 863/1484/1217
f 863/1484/1217 985/1483/1356 984/1485/1357
f 863/1484/1217 984/1485/1357 864/1486/1219
f 864/1486/1219 984/1485/1357 983/1487/1358
f 864/1486/1219 983/1487/1358 865/1488/1221
f 865/1488/1221 983/1487/1358 982/1489/1359
f 865/1488/1221 982/1489/1359 866/1490/1223
f 866/1490/1223 982/1489/1359 981/1491/1360
f 866/1490/1223 981/1491/1360 867/1492/1225
f 867/1492/1225 981/1491/1360 980/1493/1361
f 867/1492/1225 980/1493/1361 868/1494/1227
f 868/1494/1227 980/1493/1361 979/1495/1362
f 868/1494/1227 979/1495/1362 869/1496/1229
f 869/1496/1229 979/1495/1362 978/1497/1363
f 869/1496/1229 978/1497/1363 870/1498/1231
f 870/1498/1231 978/1497/1363 977/1499/1364
f 870/1498/1231 977/1499/1364 871/1500/1233
f 871/1500/1233 977/1499/1364 976/1501/1365
f 871/1500/1233 976/1501/1365 872/1502/1235
f 872/1502/1235 976/1501/1365 975/1503/1366
f 872/1502/1235 975/1503/1366 873/1504/1237
f 873/1504/1237 975/1503/1366 974/1505/1367
f 873/1504/1237 974/1505/1367 874/1506/1239
f 874/1506/1239 974/1505/1367 973/1507/1368
f 874/1506/1239 973/1507/1368 875/1508/1241
f 875/1508/1241 973/1507/1368 972/1509/1369
f 875/1508/1241 972/1509/1369 876/1510/1243
f 876/1510/1243 972/1509/1369 971/1511/1370
f 876/1510/1243 971/1511/1370 877/1512/1245
f 877/1512/1245 971/1511/1370 970/1513/1371
f 877/1512/1245 970/1513/1371 878/1514/1247
f 878/1514/1247 970/1513/1371 969/1515/1372
f 878/1514/1247 969/1515/1372 879/1516/1249
f 879/1516/1249 969/1515/1372 968/1517/1373
f 879/1516/1249 968/1517/1373 880/1518/1251
f 880/1518/1251 968/1517/1373 967/1519/1374
f 880/1518/1251 967/1519/1374 881/1436/1171
f 881/1436/1171 967/1519/1374 965/1437/1334
f 963/1520/1293 985/1483/1356 923/1521/1295
f 923/1521/1295 985/1483/1356 964/1482/1355
f 923/1522/1295 964/1479/1355 924/1523/1297
f 924/1523/1297 964/1479/1355 986/1477/1354
f 924/1523/1297 986/1477/1354 925/1524/1299
f 925/1524/1299 986/1477/1354 987/1475/1353
f 925/1524/1299 987/1475/1353 926/1525/1301
f 926/1525/1301 987/1475/1353 988/1473/1352
f 926/1525/1301 988/1473/1352 927/1526/1303
f 927/1526/1303 988/1473/1352 989/1471/1351
f 927/1526/1303 989/1471/1351 928/1527/1305
f 928/1527/1305 989/1471/1351 990/1469/1350
f 928/1527/1305 990/1469/1350 929/1528/1307
f 929/1528/1307 990/1469/1350 991/1467/1349
f 929/1528/1307 991/1467/1349 930/1529/1309
f 930/1529/1309 991/1467/1349 992/1465/1348
f 930/1529/1309 992/1465/1348 931/1530/1311
f 931/1530/1311 992/1465/1348 993/1463/1347
f 931/1530/1311 993/1463/1347 932/1531/1313
f 932/1531/1313 993/1463/1347 994/1461/1346
f 932/1531/1313 994/1461/1346 933/1532/1315
f 933/1532/1315 994/1461/1346 995/1459/1345
f 933/1532/1315 995/1459/1345 934/1533/1317
f 934/1533/1317 995/1459/1345 996/1457/1344
f 934/1533/1317 996/1457/1344 935/1534/1319
f 935/1534/1319 996/1457/1344 997/1455/1343
f 935/1534/1319 997/1455/1343 936/1535/1321
f 936/1535/1321 997/1455/1343 998/1453/1342
f 936/1535/1321 998/1453/1342 937/1536/1323
f 937/1536/1323 998/1453/1342 999/1451/1341
f 937/1536/1323 999/1451/1341 938/1537/1325
f 938/1537/1325 999/1451/1341 1000/1449/1340
f 938/1537/1325 1000/1449/1340 939/1538/1327
f 939/1538/1327 1000/1449/1340 1001/1447/1339
f 939/1538/1327 1001/1447/1339 940/1539/1329
f 940/1539/1329 1001/1447/1339 1002/1445/1338
f 940/1539/1329 1002/1445/1338 941/1540/1331
f 941/1540/1331 1002/1445/1338 1003/1443/1337
f 941/1540/1331 1003/1443/1337 942/1541/1333
f 942/1541/1333 1003/1443/1337 1004/1441/1336
f 942/1541/1333 1004/1441/1336 943/1542/1253
f 943/1542/1253 1004/1441/1336 966/1439/1335
f 943/1542/1253 966/1439/1335 944/1543/1255
f 944/1543/1255 966/1439/1335 965/1437/1334
f 944/1543/1255 965/1437/1334 945/1544/1257
f 945/1544/1257 965/1437/1334 967/1519/1374
f 945/1544/1257 967/1519/1374 946/1545/1259
f 946/1545/1259 967/1519/1374 968/1517/1373
f 946/1545/1259 968/1517/1373 947/1546/1261
f 947/1546/1261 968/1517/1373 969/1515/1372
f 947/1546/1261 969/1515/1372 948/1547/1263
f 948/1547/1263 969/1515/1372 970/1513/1371
f 948/1547/1263 970/1513/1371 949/1548/1265
f 949/1548/1265 970/1513/1371 971/1511/1370
f 949/1548/1265 971/1511/1370 950/1549/1267
f 950/1549/1267 971/1511/1370 972/1509/1369
f 950/1549/1267 972/1509/1369 951/1550/1269
f 951/1550/1269 972/1509/1369 973/1507/1368
f 951/1550/1269 973/1507/1368 952/1551/1271
f 952/1551/1271 973/1507/1368 974/1505/1367
f 952/1551/1271 974/1505/1367 953/1552/1273
f 953/1552/1273 974/1505/1367 975/1503/1366
f 953/1552/1273 975/1503/1366 954/1553/1275
f 954/1553/1275 975/1503/1366 976/1501/1365
f 954/1553/1275 976/1501/1365 955/1554/1277
f 955/1554/1277 976/1501/1365 977/1499/1364
f 955/1554/1277 977/1499/1364 956/1555/1279
f 956/1555/1279 977/1499/1364 978/1497/1363
f 956/1555/1279 978/1497/1363 957/1556/1281
f 957/1556/1281 978/1497/1363 979/1495/1362
f 957/1556/1281 979/1495/1362 958/1557/1283
f 958/1557/1283 979/1495/1362 980/1493/1361
f 958/1557/1283 980/1493/1361 959/1558/1285
f 959/1558/1285 980/1493/1361 981/1491/1360
f 959/1558/1285 981/1491/1360 960/1559/1287
f 960/1559/1287 981/1491/1360 982/1489/1359
f 960/1559/1287 982/1489/1359 961/1560/1289
f 961/1560/1289 982/1489/1359 983/1487/1358
f 961/1560/1289 983/1487/1358 962/1561/1291
f 962/1561/1291 983/1487/1358 984/1485/1357
f 962/1561/1291 984/1485/1357 963/1520/1293
f 963/1520/1293 984/1485/1357 985/1483/1356
f 840/1562/1174 1010/1563/1375 800/1564/1172
f 800/1564/1172 1010/1563/1375 1019/1565/1376
f 800/1564/1172 1019/1565/1376 801/1566/1170
f 801/1566/1170 1019/1565/1376 1205/1567/1377
f 801/1566/1170 1205/1567/1377 802/1568/1250
f 802/1568/1250 1205/1567/1377 1200/1569/1378
f 802/1568/1250 1200/1569/1378 803/1570/1248
f 803/1570/1248 1200/1569/1378 1195/1571/1379
f 803/1570/1248 1195/1571/1379 804/1572/1246
f 804/1572/1246 1195/1571/1379 1190/1573/1380
f 804/1572/1246 1190/1573/1380 805/1574/1244
f 805/1574/1244 1190/1573/1380 1185/1575/1381
f 805/1574/1244 1185/1575/1381 806/1576/1242
f 806/1576/1242 1185/1575/1381 1180/1577/1382
f 806/1576/1242 1180/1577/1382 807/1578/1240
f 807/1578/1240 1180/1577/1382 1175/1579/1383
f 807/1578/1240 1175/1579/1383 808/1580/1238
f 808/1580/1238 1175/1579/1383 1170/1581/1384
f 808/1580/1238 1170/1581/1384 809/1582/1236
f 809/1582/1236 1170/1581/1384 1165/1583/1385
f 809/1582/1236 1165/1583/1385 810/1584/1234
f 810/1584/1234 1165/1583/1385 1160/1585/1386
f 810/1584/1234 1160/1585/1386 811/1586/1232
f 811/1586/1232 1160/1585/1386 1155/1587/1387
f 811/1586/1232 1155/1587/1387 812/1588/1230
f 812/1588/1230 1155/1587/1387 1150/1589/1388
f 812/1588/1230 1150/1589/1388 813/1590/1228
f 813/1590/1228 1150/1589/1388 1145/1591/1389
f 813/1590/1228 1145/1591/1389 814/1592/1226
f 814/1592/1226 1145/1591/1389 1140/1593/1390
f 814/1592/1226 1140/1593/1390 815/1594/1224
f 815/1594/1224 1140/1593/1390 1135/1595/1391
f 815/1594/1224 1135/1595/1391 816/1596/1222
f 816/1596/1222 1135/1595/1391 1130/1597/1392
f 816/1596/1222 1130/1597/1392 817/1598/1220
f 817/1598/1220 1130/1597/1392 1125/1599/1393
f 817/1598/1220 1125/1599/1393 818/1600/1218
f 818/1600/1218 1125/1599/1393 1120/1601/1394
f 818/1600/1218 1120/1601/1394 819/1602/1216
f 819/1602/1216 1120/1601/1394 1115/1603/1395
f 819/1602/1216 1115/1603/1395 820/1604/1214
f 820/1604/1214 1115/1603/1395 1005/1605/1396
f 820/1604/1214 1005/1605/1396 821/1606/1212
f 821/1607/1212 1005/1608/1396 1110/1609/1397
f 821/1607/1212 1110/1609/1397 822/1610/1210
f 822/1610/1210 1110/1609/1397 1105/1611/1398
f 822/1610/1210 1105/1611/1398 823/1612/1208
f 823/1612/1208 1105/1611/1398 1100/1613/1399
f 823/1612/1208 1100/1613/1399 824/1614/1206
f 824/1614/1206 1100/1613/1399 1095/1615/1400
f 824/1614/1206 1095/1615/1400 825/1616/1204
f 825/1616/1204 1095/1615/1400 1090/1617/1401
f 825/1616/1204 1090/1617/1401 826/1618/1202
f 826/1618/1202 1090/1617/1401 1085/1619/1402
f 826/1618/1202 1085/1619/1402 827/1620/1200
f 827/1620/1200 1085/1619/1402 1080/1621/1403
f 827/1620/1200 1080/1621/1403 828/1622/1198
f 828/1622/1198 1080/1621/1403 1075/1623/1404
f 828/1622/1198 1075/1623/1404 829/1624/1196
f 829/1624/1196 1075/1623/1404 1070/1625/1405
f 829/1624/1196 1070/1625/1405 830/1626/1194
f 830/1626/1194 1070/1625/1405 1065/1627/1406
f 830/1626/1194 1065/1627/1406 831/1628/1192
f 831/1628/1192 1065/1627/1406 1060/1629/1407
f 831/1628/1192 1060/1629/1407 832/1630/1190
f 832/1630/1190 1060/1629/1407 1055/1631/1408
f 832/1630/1190 1055/1631/1408 833/1632/1188
f 833/1632/1188 1055/1631/1408 1050/1633/1409
f 833/1632/1188 1050/1633/1409 834/1634/1186
f 834/1634/1186 1050/1633/1409 1045/1635/1410
f 834/1634/1186 1045/1635/1410 835/1636/1184
f 835/1636/1184 1045/1635/1410 1040/1637/1411
f 835/1636/1184 1040/1637/1411 836/1638/1182
f 836/1638/1182 1040/1637/1411 1035/1639/1412
f 836/1638/1182 1035/1639/1412 837/1640/1180
f 837/1640/1180 1035/1639/1412 1030/1641/1413
f 837/1640/1180 1030/1641/1413 838/1642/1178
f 838/1642/1178 1030/1641/1413 1025/1643/1414
f 838/1642/1178 1025/1643/1414 839/1644/1176
f 839/1644/1176 1025/1643/1414 1020/1645/1415
f 839/1644/1176 1020/1645/1415 840/1562/1174
f 840/1562/1174 1020/1645/1415 1010/1563/1375
f 759/1646/1020 1015/1647/1416 720/1648/1018
f 720/1648/1018 1015/1647/1416 1014/1649/1417
f 720/1648/1018 1014/1649/1417 721/1650/1016
f 721/1650/1016 1014/1649/1417 1024/1651/1418
f 721/1650/1016 1024/1651/1418 722/1652/1091
f 722/1652/1091 1024/1651/1418 1029/1653/1419
f 722/1652/1091 1029/1653/1419 723/1654/1089
f 723/1654/1089 1029/1653/1419 1034/1655/1420
f 723/1654/1089 1034/1655/1420 724/1656/1087
f 724/1656/1087 1034/1655/1420 1039/1657/1421
f 724/1656/1087 1039/1657/1421 725/1658/1085
f 725/1658/1085 1039/1657/1421 1044/1659/1422
f 725/1658/1085 1044/1659/1422 726/1660/1083
f 726/1660/1083 1044/1659/1422 1049/1661/1423
f 726/1660/1083 1049/1661/1423 727/1662/1081
f 727/1662/1081 1049/1661/1423 1054/1663/1424
f 727/1662/1081 1054/1663/1424 728/1664/1079
f 728/1664/1079 1054/1663/1424 1059/1665/1425
f 728/1664/1079 1059/1665/1425 729/1666/1077
f 729/1666/1077 1059/1665/1425 1064/1667/1426
f 729/1666/1077 1064/1667/1426 730/1668/1076
f 730/1668/1076 1064/1667/1426 1069/1669/1427
f 730/1668/1076 1069/1669/1427 731/1670/1074
f 731/1670/1074 1069/1669/1427 1074/1671/1428
f 731/1670/1074 1074/1671/1428 732/1672/1072
f 732/1672/1072 1074/1671/1428 1079/1673/1429
f 732/1672/1072 1079/1673/1429 733/1674/1070
f 733/1674/1070 1079/1673/1429 1084/1675/1430
f 733/1674/1070 1084/1675/1430 734/1676/1068
f 734/1676/1068 1084/1675/1430 1089/1677/1431
f 734/1676/1068 1089/1677/1431 735/1678/1066
f 735/1678/1066 1089/1677/1431 1094/1679/1432
f 735/1678/1066 1094/1679/1432 736/1680/1064
f 736/1680/1064 1094/1679/1432 1099/1681/1433
f 736/1680/1064 1099/1681/1433 737/1682/1062
f 737/1682/1062 1099/1681/1433 1104/1683/1434
f 737/1682/1062 1104/1683/1434 738/1684/1060
f 738/1684/1060 1104/1683/1434 1109/1685/1435
f 738/1684/1060 1109/1685/1435 739/1686/1058
f 739/1686/1058 1109/1685/1435 1114/1687/1436
f 739/1686/1058 1114/1687/1436 740/1688/1056
f 740/1688/1056 1114/1687/1436 1009/1689/1437
f 740/1690/1056 1009/1691/1437 1119/1692/1438
f 1119/1692/1438 1009/1691/1437 1008/1693/1439
f 1119/1692/1438 1008/1693/1439 1118/1694/1440
f 1118/1694/1440 1008/1693/1439 1007/1695/1441
f 1118/1694/1440 1007/1695/1441 1117/1696/1442
f 1117/1696/1442 1007/1695/1441 1006/1697/1443
f 1117/1696/1442 1006/1697/1443 1116/1698/1444
f 1116/1698/1444 1006/1697/1443 1005/1605/1396
f 1116/1698/1444 1005/1605/1396 1115/1603/1395
f 1015/1647/1416 759/1646/1020 1209/1699/1445
f 1209/1699/1445 759/1646/1020 758/1700/1022
f 1209/1699/1445 758/1700/1022 1204/1701/1446
f 1204/1701/1446 758/1700/1022 757/1702/1024
f 1204/1701/1446 757/1702/1024 1199/1703/1447
f 1199/1703/1447 757/1702/1024 756/1704/1025
f 1199/1703/1447 756/1704/1025 1194/1705/1448
f 1194/1705/1448 756/1704/1025 755/1706/1027
f 1194/1705/1448 755/1706/1027 1189/1707/1449
f 1189/1707/1449 755/1706/1027 754/1708/1029
f 1189/1707/1449 754/1708/1029 1184/1709/1450
f 1184/1709/1450 754/1708/1029 753/1710/1031
f 1184/1709/1450 753/1710/1031 1179/1711/1451
f 1179/1711/1451 753/1710/1031 752/1712/1033
f 1179/1711/1451 752/1712/1033 1174/1713/1452
f 1174/1713/1452 752/1712/1033 751/1714/1035
f 1174/1713/1452 751/1714/1035 1169/1715/1453
f 1169/1715/1453 751/1714/1035 750/1716/1037
f 1169/1715/1453 750/1716/1037 1164/1717/1454
f 1164/1717/1454 750/1716/1037 749/1718/1039
f 1164/1717/1454 749/1718/1039 1159/1719/1455
f 1159/1719/1455 749/1718/1039 748/1720/1041
f 1159/1719/1455 748/1720/1041 1154/1721/1456
f 1154/1721/1456 748/1720/1041 747/1722/1043
f 1154/1721/1456 747/1722/1043 1149/1723/1457
f 1149/1723/1457 747/1722/1043 746/1724/1045
f 1149/1723/1457 746/1724/1045 1144/1725/1458
f 1144/1725/1458 746/1724/1045 745/1726/1047
f 1144/1725/1458 745/1726/1047 1139/1727/1459
f 1139/1727/1459 745/1726/1047 744/1728/1049
f 1139/1727/1459 744/1728/1049 1134/1729/1460
f 1134/1729/1460 744/1728/1049 743/1730/1051
f 1134/1729/1460 743/1730/1051 1129/1731/1461
f 1129/1731/1461 743/1730/1051 742/1732/1052
f 1129/1731/1461 742/1732/1052 1124/1733/1462
f 1124/1733/1462 742/1732/1052 741/1734/1054
f 1124/1733/1462 741/1734/1054 1119/1692/1438
f 1119/1692/1438 741/1734/1054 740/1690/1056
f 1005/1608/1396 1006/1735/1443 1110/1609/1397
f 1110/1609/1397 1006/1735/1443 1111/1736/1463
f 1110/1609/1397 1111/1736/1463 1105/1611/1398
f 1105/1611/1398 1111/1736/1463 1106/1737/1464
f 1105/1611/1398 1106/1737/1464 1100/1613/1399
f 1100/1613/1399 1106/1737/1464 1101/1738/1465
f 1100/1613/1399 1101/1738/1465 1095/1615/1400
f 1095/1615/1400 1101/1738/1465 1096/1739/1466
f 1095/1615/1400 1096/1739/1466 1090/1617/1401
f 1090/1617/1401 1096/1739/1466 1091/1740/1467
f 1090/1617/1401 1091/1740/1467 1085/1619/1402
f 1085/1619/1402 1091/1740/1467 1086/1741/1468
f 1085/1619/1402 1086/1741/1468 1080/1621/1403
f 1080/1621/1403 1086/1741/1468 1081/1742/1469
f 1080/1621/1403 1081/1742/1469 1075/1623/1404
f 1075/1623/1404 1081/1742/1469 1076/1743/1470
f 1075/1623/1404 1076/1743/1470 1070/1625/1405
f 1070/1625/1405 1076/1743/1470 1071/1744/1471
f 1070/1625/1405 1071/1744/1471 1065/1627/1406
f 1065/1627/1406 1071/1744/1471 1066/1745/1472
f 1065/1627/1406 1066/1745/1472 1060/1629/1407
f 1060/1629/1407 1066/1745/1472 1061/1746/1473
f 1060/1629/1407 1061/1746/1473 1055/1631/1408
f 1055/1631/1408 1061/1746/1473 1056/1747/1474
f 1055/1631/1408 1056/1747/1474 1050/1633/1409
f 1050/1633/1409 1056/1747/1474 1051/1748/1475
f 1050/1633/1409 1051/1748/1475 1045/1635/1410
f 1045/1635/1410 1051/1748/1475 1046/1749/1476
f 1045/1635/1410 1046/1749/1476 1040/1637/1411
f 1040/1637/1411 1046/1749/1476 1041/1750/1477
f 1040/1637/1411 1041/1750/1477 1035/1639/1412
f 1035/1639/1412 1041/1750/1477 1036/1751/1478
f 1035/1639/1412 1036/1751/1478 1030/1641/1413
f 1030/1641/1413 1036/1751/1478 1031/1752/1479
f 1030/1641/1413 1031/1752/1479 1025/1643/1414
f 1025/1643/1414 1031/1752/1479 1026/1753/1480
f 1025/1643/1414 1026/1753/1480 1020/1645/1415
f 1020/1645/1415 1026/1753/1480 1021/1754/1481
f 1020/1645/1415 1021/1754/1481 1010/1563/1375
f 1010/1563/1375 1021/1754/1481 1011/1755/1482
f 1010/1563/1375 1011/1755/1482 1019/1565/1376
f 1019/1565/1376 1011/1755/1482 1018/1756/1483
f 1019/1565/1376 1018/1756/1483 1205/1567/1377
f 1205/1567/1377 1018/1756/1483 1206/1757/1484
f 1205/1567/1377 1206/1757/1484 1200/1569/1378
f 1200/1569/1378 1206/1757/1484 1201/1758/1485
f 1200/1569/1378 1201/1758/1485 1195/1571/1379
f 1195/1571/1379 1201/1758/1485 1196/1759/1486
f 1195/1571/1379 1196/1759/1486 1190/1573/1380
f 1190/1573/1380 1196/1759/1486 1191/1760/1487
f 1190/1573/1380 1191/1760/1487 1185/1575/1381
f 1185/1575/1381 1191/1760/1487 1186/1761/1488
f 1185/1575/1381 1186/1761/1488 1180/1577/1382
f 1180/1577/1382 1186/1761/1488 1181/1762/1489
f 1180/1577/1382 1181/1762/1489 1175/1579/1383
f 1175/1579/1383 1181/1762/1489 1176/1763/1490
f 1175/1579/1383 1176/1763/1490 1170/1581/1384
f 1170/1581/1384 1176/1763/1490 1171/1764/1491
f 1170/1581/1384 1171/1764/1491 1165/1583/1385
f 1165/1583/1385 1171/1764/1491 1166/1765/1492
f 1165/1583/1385 1166/1765/1492 1160/1585/1386
f 1160/1585/1386 1166/1765/1492 1161/1766/1493
f 1160/1585/1386 1161/1766/1493 1155/1587/1387
f 1155/1587/1387 1161/1766/1493 1156/1767/1494
f 1155/1587/1387 1156/1767/1494 1150/1589/1388
f 1150/1589/1388 1156/1767/1494 1151/1768/1495
f 1150/1589/1388 1151/1768/1495 1145/1591/1389
f 1145/1591/1389 1151/1768/1495 1146/1769/1496
f 1145/1591/1389 1146/1769/1496 1140/1593/1390
f 1140/1593/1390 1146/1769/1496 1141/1770/1497
f 1140/1593/1390 1141/1770/1497 1135/1595/1391
f 1135/1595/1391 1141/1770/1497 1136/1771/1498
f 1135/1595/1391 1136/1771/1498 1130/1597/1392
f 1130/1597/1392 1136/1771/1498 1131/1772/1499
f 1130/1597/1392 1131/1772/1499 1125/1599/1393
f 1125/1599/1393 1131/1772/1499 1126/1773/1500
f 1125/1599/1393 1126/1773/1500 1120/1601/1394
f 1120/1601/1394 1126/1773/1500 1121/1774/1501
f 1120/1601/1394 1121/1774/1501 1115/1603/1395
f 1115/1603/1395 1121/1774/1501 1116/1698/1444
f 1006/1735/1443 1007/1775/1441 1111/1736/1463
f 1111/1736/1463 1007/1775/1441 1112/1776/1502
f 1111/1736/1463 1112/1776/1502 1106/1737/1464
f 1106/1737/1464 1112/1776/1502 1107/1777/1503
f 1106/1737/1464 1107/1777/1503 1101/1738/1465
f 1101/1738/1465 1107/1777/1503 1102/1778/1504
f 1101/1738/1465 1102/1778/1504 1096/1739/1466
f 1096/1739/1466 1102/1778/1504 1097/1779/1505
f 1096/1739/1466 1097/1779/1505 1091/1740/1467
f 1091/1740/1467 1097/1779/1505 1092/1780/1506
f 1091/1740/1467 1092/1780/1506 1086/1741/1468
f 1086/1741/1468 1092/1780/1506 1087/1781/1507
f 1086/1741/1468 1087/1781/1507 1081/1742/1469
f 1081/1742/1469 1087/1781/1507 1082/1782/1508
f 1081/1742/1469 1082/1782/1508 1076/1743/1470
f 1076/1743/1470 1082/1782/1508 1077/1783/1509
f 1076/1743/1470 1077/1783/1509 1071/1744/1471
f 1071/1744/1471 1077/1783/1509 1072/1784/1510
f 1071/1744/1471 1072/1784/1510 1066/1745/1472
f 1066/1745/1472 1072/1784/1510 1067/1785/1511
f 1066/1745/1472 1067/1785/1511 1061/1746/1473
f 1061/1746/1473 1067/1785/1511 1062/1786/1512
f 1061/1746/1473 1062/1786/1512 1056/1747/1474
f 1056/1747/1474 1062/1786/1512 1057/1787/1513
f 1056/1747/1474 1057/1787/1513 1051/1748/1475
f 1051/1748/1475 1057/1787/1513 1052/1788/1514
f 1051/1748/1475 1052/1788/1514 1046/1749/1476
f 1046/1749/1476 1052/1788/1514 1047/1789/1515
f 1046/1749/1476 1047/1789/1515 1041/1750/1477
f 1041/1750/1477 1047/1789/1515 1042/1790/1516
f 1041/1750/1477 1042/1790/1516 1036/1751/1478
f 1036/1751/1478 1042/1790/1516 1037/1791/1517
f 1036/1751/1478 1037/1791/1517 1031/1752/1479
f 1031/1752/1479 1037/1791/1517 1032/1792/1518
f 1031/1752/1479 1032/1792/1518 1026/1753/1480
f 1026/1753/1480 1032/1792/1518 1027/1793/1519
f 1026/1753/1480 1027/1793/1519 1021/1754/1481
f 1021/1754/1481 1027/1793/1519 1022/1794/1520
f 1021/1754/1481 1022/1794/1520 1011/1755/1482
f 1011/1755/1482 1022/1794/1520 1012/1795/1521
f 1011/1755/1482 1012/1795/1521 1018/1756/1483
f 1018/1756/1483 1012/1795/1521 1017/1796/1522
f 1018/1756/1483 1017/1796/1522 1206/1757/1484
f 1206/1757/1484 1017/1796/1522 1207/1797/1523
f 1206/1757/1484 1207/1797/1523 1201/1758/1485
f 1201/1758/1485 1207/1797/1523 1202/1798/1524
f 1201/1758/1485 1202/1798/1524 1196/1759/1486
f 1196/1759/1486 1202/1798/1524 1197/1799/1525
f 1196/1759/1486 1197/1799/1525 1191/1760/1487
f 1191/1760/1487 1197/1799/1525 1192/1800/1526
f 1191/1760/1487 1192/1800/1526 1186/1761/1488
f 1186/1761/1488 1192/1800/1526 1187/1801/1527
f 1186/1761/1488 1187/1801/1527 1181/1762/1489
f 1181/1762/1489 1187/1801/1527 1182/1802/1528
f 1181/1762/1489 1182/1802/1528 1176/1763/1490
f 1176/1763/1490 1182/1802/1528 1177/1803/1529
f 1176/1763/1490 1177/1803/1529 1171/1764/1491
f 1171/1764/1491 1177/1803/1529 1172/1804/1530
f 1171/1764/1491 1172/1804/1530 1166/1765/1492
f 1166/1765/1492 1172/1804/1530 1167/1805/1531
f 1166/1765/1492 1167/1805/1531 1161/1766/1493
f 1161/1766/1493 1167/1805/1531 1162/1806/1532
f 1161/1766/1493 1162/1806/1532 1156/1767/1494
f 1156/1767/1494 1162/1806/1532 1157/1807/1533
f 1156/1767/1494 1157/1807/1533 1151/1768/1495
f 1151/1768/1495 1157/1807/1533 1152/1808/1534
f 1151/1768/1495 1152/1808/1534 1146/1769/1496
f 1146/1769/1496 1152/1808/1534 1147/1809/1535
f 1146/1769/1496 1147/1809/1535 1141/1770/1497
f 1141/1770/1497 1147/1809/1535 1142/1810/1536
f 1141/1770/1497 1142/1810/1536 1136/1771/1498
f 1136/1771/1498 1142/1810/1536 1137/1811/1537
f 1136/1771/1498 1137/1811/1537 1131/1772/1499
f 1131/1772/1499 1137/1811/1537 1132/1812/1538
f 1131/1772/1499 1132/1812/1538 1126/1773/1500
f 1126/1773/1500 1132/1812/1538 1127/1813/1539
f 1126/1773/1500 1127/1813/1539 1121/1774/1501
f 1121/1774/1501 1127/1813/1539 1122/1814/1540
f 1121/1774/1501 1122/1814/1540 1116/1698/1444
f 1116/1698/1444 1122/1814/1540 1117/1696/1442
f 1007/1775/1441 1008/1815/1439 1112/1776/1502
f 1112/1776/1502 1008/1815/1439 1113/1816/1541
f 1112/1776/1502 1113/1816/1541 1107/1777/1503
f 1107/1777/1503 1113/1816/1541 1108/1817/1542
f 1107/1777/1503 1108/1817/1542 1102/1778/1504
f 1102/1778/1504 1108/1817/1542 1103/1818/1543
f 1102/1778/1504 1103/1818/1543 1097/1779/1505
f 1097/1779/1505 1103/1818/1543 1098/1819/1544
f 1097/1779/1505 1098/1819/1544 1092/1780/1506
f 1092/1780/1506 1098/1819/1544 1093/1820/1545
f 1092/1780/1506 1093/1820/1545 1087/1781/1507
f 1087/1781/1507 1093/1820/1545 1088/1821/1546
f 1087/1781/1507 1088/1821/1546 1082/1782/1508
f 1082/1782/1508 1088/1821/1546 1083/1822/1547
f 1082/1782/1508 1083/1822/1547 1077/1783/1509
f 1077/1783/1509 1083/1822/1547 1078/1823/1548
f 1077/1783/1509 1078/1823/1548 1072/1784/1510
f 1072/1784/1510 1078/1823/1548 1073/1824/1549
f 1072/1784/1510 1073/1824/1549 1067/1785/1511
f 1067/1785/1511 1073/1824/1549 1068/1825/1550
f 1067/1785/1511 1068/1825/1550 1062/1786/1512
f 1062/1786/1512 1068/1825/1550 1063/1826/1551
f 1062/1786/1512 1063/1826/1551 1057/1787/1513
f 1057/1787/1513 1063/1826/1551 1058/1827/1552
f 1057/1787/1513 1058/1827/1552 1052/1788/1514
f 1052/1788/1514 1058/1827/1552 1053/1828/1553
f 1052/1788/1514 1053/1828/1553 1047/1789/1515
f 1047/1789/1515 1053/1828/1553 1048/1829/1554
f 1047/1789/1515 1048/1829/1554 1042/1790/1516
f 1042/1790/1516 1048/1829/1554 1043/1830/1555
f 1042/1790/1516 1043/1830/1555 1037/1791/1517
f 1037/1791/1517 1043/1830/1555 1038/1831/1556
f 1037/1791/1517 1038/1831/1556 1032/1792/1518
f 1032/1792/1518 1038/1831/1556 1033/1832/1557
f 1032/1792/1518 1033/1832/1557 1027/1793/1519
f 1027/1793/1519 1033/1832/1557 1028/1833/1558
f 1027/1793/1519 1028/1833/1558 1022/1794/1520
f 1022/1794/1520 1028/1833/1558 1023/1834/1559
f 1022/1794/1520 1023/1834/1559 1012/1795/1521
f 1012/1795/1521 1023/1834/1559 1013/1835/1560
f 1012/1795/1521 1013/1835/1560 1017/1796/1522
f 1017/1796/1522 1013/1835/1560 1016/1836/1561
f 1017/1796/1522 1016/1836/1561 1207/1797/1523
f 1207/1797/1523 1016/1836/1561 1208/1837/1562
f 1207/1797/1523 1208/1837/1562 1202/1798/1524
f 1202/1798/1524 1208/1837/1562 1203/1838/1563
f 1202/1798/1524 1203/1838/1563 1197/1799/1525
f 1197/1799/1525 1203/1838/1563 1198/1839/1564
f 1197/1799/1525 1198/1839/1564 1192/1800/1526
f 1192/1800/1526 1198/1839/1564 1193/1840/1565
f 1192/1800/1526 1193/1840/1565 1187/1801/1527
f 1187/1801/1527 1193/1840/1565 1188/1841/1566
f 1187/1801/1527 1188/1841/1566 1182/1802/1528
f 1182/1802/1528 1188/1841/1566 1183/1842/1567
f 1182/1802/1528 1183/1842/1567 1177/1803/1529
f 1177/1803/1529 1183/1842/1567 1178/1843/1568
f 1177/1803/1529 1178/1843/1568 1172/1804/1530
f 1172/1804/1530 1178/1843/1568 1173/1844/1569
f 1172/1804/1530 1173/1844/1569 1167/1805/1531
f 1167/1805/1531 1173/1844/1569 1168/1845/1570
f 1167/1805/1531 1168/1845/1570 1162/1806/1532
f 1162/1806/1532 1168/1845/1570 1163/1846/1571
f 1162/1806/1532 1163/1846/1571 1157/1807/1533
f 1157/1807/1533 1163/1846/1571 1158/1847/1572
f 1157/1807/1533 1158/1847/1572 1152/1808/1534
f 1152/1808/1534 1158/1847/1572 1153/1848/1573
f 1152/1808/1534 1153/1848/1573 1147/1809/1535
f 1147/1809/1535 1153/1848/1573 1148/1849/1574
f 1147/1809/1535 1148/1849/1574 1142/1810/1536
f 1142/1810/1536 1148/1849/1574 1143/1850/1575
f 1142/1810/1536 1143/1850/1575 1137/1811/1537
f 1137/1811/1537 1143/1850/1575 1138/1851/1576
f 1137/1811/1537 1138/1851/1576 1132/1812/1538
f 1132/1812/1538 1138/1851/1576 1133/1852/1577
f 1132/1812/1538 1133/1852/1577 1127/1813/1539
f 1127/1813/1539 1133/1852/1577 1128/1853/1578
f 1127/1813/1539 1128/1853/1578 1122/1814/1540
f 1122/1814/1540 1128/1853/1578 1123/1854/1579
f 1122/1814/1540 1123/1854/1579 1117/1696/1442
f 1117/1696/1442 1123/1854/1579 1118/1694/1440
f 1008/1815/1439 1009/1689/1437 1113/1816/1541
f 1113/1816/1541 1009/1689/1437 1114/1687/1436
f 1113/1816/1541 1114/1687/1436 1108/1817/1542
f 1108/1817/1542 1114/1687/1436 1109/1685/1435
f 1108/1817/1542 1109/1685/1435 1103/1818/1543
f 1103/1818/1543 1109/1685/1435 1104/1683/1434
f 1103/1818/1543 1104/1683/1434 1098/1819/1544
f 1098/1819/1544 1104/1683/1434 1099/1681/1433
f 1098/1819/1544 1099/1681/1433 1093/1820/1545
f 1093/1820/1545 1099/1681/1433 1094/1679/1432
f 1093/1820/1545 1094/1679/1432 1088/1821/1546
f 1088/1821/1546 1094/1679/1432 1089/1677/1431
f 1088/1821/1546 1089/1677/1431 1083/1822/1547
f 1083/1822/1547 1089/1677/1431 1084/1675/1430
f 1083/1822/1547 1084/1675/1430 1078/1823/1548
f 1078/1823/1548 1084/1675/1430 1079/1673/1429
f 1078/1823/1548 1079/1673/1429 1073/1824/1549
f 1073/1824/1549 1079/1673/1429 1074/1671/1428
f 1073/1824/1549 1074/1671/1428 1068/1825/1550
f 1068/1825/1550 1074/1671/1428 1069/1669/1427
f 1068/1825/1550 1069/1669/1427 1063/1826/1551
f 1063/1826/1551 1069/1669/1427 1064/1667/1426
f 1063/1826/1551 1064/1667/1426 1058/1827/1552
f 1058/1827/1552 1064/1667/1426 1059/1665/1425
f 1058/1827/1552 1059/1665/1425 1053/1828/1553
f 1053/1828/1553 1059/1665/1425 1054/1663/1424
f 1053/1828/1553 1054/1663/1424 1048/1829/1554
f 1048/1829/1554 1054/1663/1424 1049/1661/1423
f 1048/1829/1554 1049/1661/1423 1043/1830/1555
f 1043/1830/1555 1049/1661/1423 1044/1659/1422
f 1043/1830/1555 1044/1659/1422 1038/1831/1556
f 1038/1831/1556 1044/1659/1422 1039/1657/1421
f 1038/1831/1556 1039/1657/1421 1033/1832/1557
f 1033/1832/1557 1039/1657/1421 1034/1655/1420
f 1033/1832/1557 1034/1655/1420 1028/1833/1558
f 1028/1833/1558 1034/1655/1420 1029/1653/1419
f 1028/1833/1558 1029/1653/1419 1023/1834/1559
f 1023/1834/1559 1029/1653/1419 1024/1651/1418
f 1023/1834/1559 1024/1651/1418 1013/1835/1560
f 1013/1835/1560 1024/1651/1418 1014/1649/1417
f 1013/1835/1560 1014/1649/1417 1016/1836/1561
f 1016/1836/1561 1014/1649/1417 1015/1647/1416
f 1016/1836/1561 1015/1647/1416 1208/1837/1562
f 1208/1837/1562 1015/1647/1416 1209/1699/1445
f 1208/1837/1562 1209/1699/1445 1203/1838/1563
f 1203/1838/1563 1209/1699/1445 1204/1701/1446
f 1203/1838/1563 1204/1701/1446 1198/1839/1564
f 1198/1839/1564 1204/1701/1446 1199/1703/1447
f 1198/1839/1564 1199/1703/1447 1193/1840/1565
f 1193/1840/1565 1199/1703/1447 1194/1705/1448
f 1193/1840/1565 1194/1705/1448 1188/1841/1566
f 1188/1841/1566 1194/1705/1448 1189/1707/1449
f 1188/1841/1566 1189/1707/1449 1183/1842/1567
f 1183/1842/1567 1189/1707/1449 1184/1709/1450
f 1183/1842/1567 1184/1709/1450 1178/1843/1568
f 1178/1843/1568 1184/1709/1450 1179/1711/1451
f 1178/1843/1568 1179/1711/1451 1173/1844/1569
f 1173/1844/1569 1179/1711/1451 1174/1713/1452
f 1173/1844/1569 1174/1713/1452 1168/1845/1570
f 1168/1845/1570 1174/1713/1452 1169/1715/1453
f 1168/1845/1570 1169/1715/1453 1163/1846/1571
f 1163/1846/1571 1169/1715/1453 1164/1717/1454
f 1163/1846/1571 1164/1717/1454 1158/1847/1572
f 1158/1847/1572 1164/1717/1454 1159/1719/1455
f 1158/1847/1572 1159/1719/1455 1153/1848/1573
f 1153/1848/1573 1159/1719/1455 1154/1721/1456
f 1153/1848/1573 1154/1721/1456 1148/1849/1574
f 1148/1849/1574 1154/1721/1456 1149/1723/1457
f 1148/1849/1574 1149/1723/1457 1143/1850/1575
f 1143/1850/1575 1149/1723/1457 1144/1725/1458
f 1143/1850/1575 1144/1725/1458 1138/1851/1576
f 1138/1851/1576 1144/1725/1458 1139/1727/1459
f 1138/1851/1576 1139/1727/1459 1133/1852/1577
f 1133/1852/1577 1139/1727/1459 1134/1729/1460
f 1133/1852/1577 1134/1729/1460 1128/1853/1578
f 1128/1853/1578 1134/1729/1460 1129/1731/1461
f 1128/1853/1578 1129/1731/1461 1123/1854/1579
f 1123/1854/1579 1129/1731/1461 1124/1733/1462
f 1123/1854/1579 1124/1733/1462 1118/1694/1440
f 1118/1694/1440 1124/1733/1462 1119/1692/1438
f 922/1855/1256 1215/1856/1580 882/1857/1254
f 882/1857/1254 1215/1856/1580 1224/1858/1581
f 882/1857/1254 1224/1858/1581 883/1859/1252
f 883/1859/1252 1224/1858/1581 1410/1860/1582
f 883/1859/1252 1410/1860/1582 884/1861/1332
f 884/1861/1332 1410/1860/1582 1405/1862/1583
f 884/1861/1332 1405/1862/1583 885/1863/1330
f 885/1863/1330 1405/1862/1583 1400/1864/1584
f 885/1863/1330 1400/1864/1584 886/1865/1328
f 886/1865/1328 1400/1864/1584 1395/1866/1585
f 886/1865/1328 1395/1866/1585 887/1867/1326
f 887/1867/1326 1395/1866/1585 1390/1868/1586
f 887/1867/1326 1390/1868/1586 888/1869/1324
f 888/1869/1324 1390/1868/1586 1385/1870/1587
f 888/1869/1324 1385/1870/1587 889/1871/1322
f 889/1871/1322 1385/1870/1587 1380/1872/1588
f 889/1871/1322 1380/1872/1588 890/1873/1320
f 890/1873/1320 1380/1872/1588 1375/1874/1589
f 890/1873/1320 1375/1874/1589 891/1875/1318
f 891/1875/1318 1375/1874/1589 1370/1876/1590
f 891/1875/1318 1370/1876/1590 892/1877/1316
f 892/1877/1316 1370/1876/1590 1365/1878/1591
f 892/1877/1316 1365/1878/1591 893/1879/1314
f 893/1879/1314 1365/1878/1591 1360/1880/1592
f 893/1879/1314 1360/1880/1592 894/1881/1312
f 894/1881/1312 1360/1880/1592 1355/1882/1593
f 894/1881/1312 1355/1882/1593 895/1883/1310
f 895/1883/1310 1355/1882/1593 1350/1884/1594
f 895/1883/1310 1350/1884/1594 896/1885/1308
f 896/1885/1308 1350/1884/1594 1345/1886/1595
f 896/1885/1308 1345/1886/1595 897/1887/1306
f 897/1887/1306 1345/1886/1595 1340/1888/1596
f 897/1887/1306 1340/1888/1596 898/1889/1304
f 898/1889/1304 1340/1888/1596 1335/1890/1597
f 898/1889/1304 1335/1890/1597 899/1891/1302
f 899/1891/1302 1335/1890/1597 1330/1892/1598
f 899/1891/1302 1330/1892/1598 900/1893/1300
f 900/1893/1300 1330/1892/1598 1325/1894/1599
f 900/1893/1300 1325/1894/1599 901/1895/1298
f 901/1895/1298 1325/1894/1599 1320/1896/1600
f 901/1895/1298 1320/1896/1600 902/1897/1296
f 902/1897/1296 1320/1896/1600 1210/1898/1601
f 902/1897/1296 1210/1898/1601 903/1899/1294
f 903/1900/1294 1210/1901/1601 1315/1902/1602
f 903/1900/1294 1315/1902/1602 904/1903/1292
f 904/1903/1292 1315/1902/1602 1310/1904/1603
f 904/1903/1292 1310/1904/1603 905/1905/1290
f 905/1905/1290 1310/1904/1603 1305/1906/1604
f 905/1905/1290 1305/1906/1604 906/1907/1288
f 906/1907/1288 1305/1906/1604 1300/1908/1605
f 906/1907/1288 1300/1908/1605 907/1909/1286
f 907/1909/1286 1300/1908/1605 1295/1910/1606
f 907/1909/1286 1295/1910/1606 908/1911/1284
f 908/1911/1284 1295/1910/1606 1290/1912/1607
f 908/1911/1284 1290/1912/1607 909/1913/1282
f 909/1913/1282 1290/1912/1607 1285/1914/1608
f 909/1913/1282 1285/1914/1608 910/1915/1280
f 910/1915/1280 1285/1914/1608 1280/1916/1609
f 910/1915/1280 1280/1916/1609 911/1917/1278
f 911/1917/1278 1280/1916/1609 1275/1918/1610
f 911/1917/1278 1275/1918/1610 912/1919/1276
f 912/1919/1276 1275/1918/1610 1270/1920/1611
f 912/1919/1276 1270/1920/1611 913/1921/1274
f 913/1921/1274 1270/1920/1611 1265/1922/1612
f 913/1921/1274 1265/1922/1612 914/1923/1272
f 914/1923/1272 1265/1922/1612 1260/1924/1613
f 914/1923/1272 1260/1924/1613 915/1925/1270
f 915/1925/1270 1260/1924/1613 1255/1926/1614
f 915/1925/1270 1255/1926/1614 916/1927/1268
f 916/1927/1268 1255/1926/1614 1250/1928/1615
f 916/1927/1268 1250/1928/1615 917/1929/1266
f 917/1929/1266 1250/1928/1615 1245/1930/1616
f 917/1929/1266 1245/1930/1616 918/1931/1264
f 918/1931/1264 1245/1930/1616 1240/1932/1617
f 918/1931/1264 1240/1932/1617 919/1933/1262
f 919/1933/1262 1240/1932/1617 1235/1934/1618
f 919/1933/1262 1235/1934/1618 920/1935/1260
f 920/1935/1260 1235/1934/1618 1230/1936/1619
f 920/1935/1260 1230/1936/1619 921/1937/1258
f 921/1937/1258 1230/1936/1619 1225/1938/1620
f 921/1937/1258 1225/1938/1620 922/1855/1256
f 922/1855/1256 1225/1938/1620 1215/1856/1580
f 799/1939/1097 1220/1940/1621 760/1941/1095
f 760/1941/1095 1220/1940/1621 1219/1942/1622
f 760/1941/1095 1219/1942/1622 761/1943/1093
f 761/1943/1093 1219/1942/1622 1229/1944/1623
f 761/1943/1093 1229/1944/1623 762/1945/1168
f 762/1945/1168 1229/1944/1623 1234/1946/1624
f 762/1945/1168 1234/1946/1624 763/1947/1167
f 763/1947/1167 1234/1946/1624 1239/1948/1625
f 763/1947/1167 1239/1948/1625 764/1949/1165
f 764/1949/1165 1239/1948/1625 1244/1950/1626
f 764/1949/1165 1244/1950/1626 765/1951/1163
f 765/1951/1163 1244/1950/1626 1249/1952/1627
f 765/1951/1163 1249/1952/1627 766/1953/1161
f 766/1953/1161 1249/1952/1627 1254/1954/1628
f 766/1953/1161 1254/1954/1628 767/1955/1159
f 767/1955/1159 1254/1954/1628 1259/1956/1629
f 767/1955/1159 1259/1956/1629 768/1957/1157
f 768/1957/1157 1259/1956/1629 1264/1958/1630
f 768/1957/1157 1264/1958/1630 769/1959/1155
f 769/1959/1155 1264/1958/1630 1269/1960/1631
f 769/1959/1155 1269/1960/1631 770/1961/1153
f 770/1961/1153 1269/1960/1631 1274/1962/1632
f 770/1961/1153 1274/1962/1632 771/1963/1151
f 771/1963/1151 1274/1962/1632 1279/1964/1633
f 771/1963/1151 1279/1964/1633 772/1965/1149
f 772/1965/1149 1279/1964/1633 1284/1966/1634
f 772/1965/1149 1284/1966/1634 773/1967/1147
f 773/1967/1147 1284/1966/1634 1289/1968/1635
f 773/1967/1147 1289/1968/1635 774/1969/1145
f 774/1969/1145 1289/1968/1635 1294/1970/1636
f 774/1969/1145 1294/1970/1636 775/1971/1143
f 775/1971/1143 1294/1970/1636 1299/1972/1637
f 775/1971/1143 1299/1972/1637 776/1973/1141
f 776/1973/1141 1299/1972/1637 1304/1974/1638
f 776/1973/1141 1304/1974/1638 777/1975/1140
f 777/1975/1140 1304/1974/1638 1309/1976/1639
f 777/1975/1140 1309/1976/1639 778/1977/1138
f 778/1977/1138 1309/1976/1639 1314/1978/1640
f 778/1977/1138 1314/1978/1640 779/1979/1136
f 779/1979/1136 1314/1978/1640 1319/1980/1641
f 779/1979/1136 1319/1980/1641 780/1981/1134
f 780/1981/1134 1319/1980/1641 1214/1982/1642
f 780/1983/1134 1214/1984/1642 1324/1985/1643
f 1324/1985/1643 1214/1984/1642 1213/1986/1644
f 1324/1985/1643 1213/1986/1644 1323/1987/1645
f 1323/1987/1645 1213/1986/1644 1212/1988/1646
f 1323/1987/1645 1212/1988/1646 1322/1989/1647
f 1322/1989/1647 1212/1988/1646 1211/1990/1648
f 1322/1989/1647 1211/1990/1648 1321/1991/1649
f 1321/1991/1649 1211/1990/1648 1210/1898/1601
f 1321/1991/1649 1210/1898/1601 1320/1896/1600
f 1220/1940/1621 799/1939/1097 1414/1992/1650
f 1414/1992/1650 799/1939/1097 798/1993/1099
f 1414/1992/1650 798/1993/1099 1409/1994/1651
f 1409/1994/1651 798/1993/1099 797/1995/1101
f 1409/1994/1651 797/1995/1101 1404/1996/1652
f 1404/1996/1652 797/1995/1101 796/1997/1103
f 1404/1996/1652 796/1997/1103 1399/1998/1653
f 1399/1998/1653 796/1997/1103 795/1999/1105
f 1399/1998/1653 795/1999/1105 1394/2000/1654
f 1394/2000/1654 795/1999/1105 794/2001/1107
f 1394/2000/1654 794/2001/1107 1389/2002/1655
f 1389/2002/1655 794/2001/1107 793/2003/1109
f 1389/2002/1655 793/2003/1109 1384/2004/1656
f 1384/2004/1656 793/2003/1109 792/2005/1111
f 1384/2004/1656 792/2005/1111 1379/2006/1657
f 1379/2006/1657 792/2005/1111 791/2007/1113
f 1379/2006/1657 791/2007/1113 1374/2008/1658
f 1374/2008/1658 791/2007/1113 790/2009/1115
f 1374/2008/1658 790/2009/1115 1369/2010/1659
f 1369/2010/1659 790/2009/1115 789/2011/1116
f 1369/2010/1659 789/2011/1116 1364/2012/1660
f 1364/2012/1660 789/2011/1116 788/2013/1118
f 1364/2012/1660 788/2013/1118 1359/2014/1661
f 1359/2014/1661 788/2013/1118 787/2015/1120
f 1359/2014/1661 787/2015/1120 1354/2016/1662
f 1354/2016/1662 787/2015/1120 786/2017/1122
f 1354/2016/1662 786/2017/1122 1349/2018/1663
f 1349/2018/1663 786/2017/1122 785/2019/1124
f 1349/2018/1663 785/2019/1124 1344/2020/1664
f 1344/2020/1664 785/2019/1124 784/2021/1126
f 1344/2020/1664 784/2021/1126 1339/2022/1665
f 1339/2022/1665 784/2021/1126 783/2023/1128
f 1339/2022/1665 783/2023/1128 1334/2024/1666
f 1334/2024/1666 783/2023/1128 782/2025/1130
f 1334/2024/1666 782/2025/1130 1329/2026/1667
f 1329/2026/1667 782/2025/1130 781/2027/1132
f 1329/2026/1667 781/2027/1132 1324/1985/1643
f 1324/1985/1643 781/2027/1132 780/1983/1134
f 1210/1901/1601 1211/2028/1648 1315/1902/1602
f 1315/1902/1602 1211/2028/1648 1316/2029/1668
f 1315/1902/1602 1316/2029/1668 1310/1904/1603
f 1310/1904/1603 1316/2029/1668 1311/2030/1669
f 1310/1904/1603 1311/2030/1669 1305/1906/1604
f 1305/1906/1604 1311/2030/1669 1306/2031/1670
f 1305/1906/1604 1306/2031/1670 1300/1908/1605
f 1300/1908/1605 1306/2031/1670 1301/2032/1671
f 1300/1908/1605 1301/2032/1671 1295/1910/1606
f 1295/1910/1606 1301/2032/1671 1296/2033/1672
f 1295/1910/1606 1296/2033/1672 1290/1912/1607
f 1290/1912/1607 1296/2033/1672 1291/2034/1673
f 1290/1912/1607 1291/2034/1673 1285/1914/1608
f 1285/1914/1608 1291/2034/1673 1286/2035/1674
f 1285/1914/1608 1286/2035/1674 1280/1916/1609
f 1280/1916/1609 1286/2035/1674 1281/2036/1675
f 1280/1916/1609 1281/2036/1675 1275/1918/1610
f 1275/1918/1610 1281/2036/1675 1276/2037/1676
f 1275/1918/1610 1276/2037/1676 1270/1920/1611
f 1270/1920/1611 1276/2037/1676 1271/2038/1677
f 1270/1920/1611 1271/2038/1677 1265/1922/1612
f 1265/1922/1612 1271/2038/1677 1266/2039/1678
f 1265/1922/1612 1266/2039/1678 1260/1924/1613
f 1260/1924/1613 1266/2039/1678 1261/2040/1679
f 1260/1924/1613 1261/2040/1679 1255/1926/1614
f 1255/1926/1614 1261/2040/1679 1256/2041/1680
f 1255/1926/1614 1256/2041/1680 1250/1928/1615
f 1250/1928/1615 1256/2041/1680 1251/2042/1681
f 1250/1928/1615 1251/2042/1681 1245/1930/1616
f 1245/1930/1616 1251/2042/1681 1246/2043/1682
f 1245/1930/1616 1246/2043/1682 1240/1932/1617
f 1240/1932/1617 1246/2043/1682 1241/2044/1683
f 1240/1932/1617 1241/2044/1683 1235/1934/1618
f 1235/1934/1618 1241/2044/1683 1236/2045/1684
f 1235/1934/1618 1236/2045/1684 1230/1936/1619
f 1230/1936/1619 1236/2045/1684 1231/2046/1685
f 1230/1936/1619 1231/2046/1685 1225/1938/1620
f 1225/1938/1620 1231/2046/1685 1226/2047/1686
f 1225/1938/1620 1226/2047/1686 1215/1856/1580
f 1215/1856/1580 1226/2047/1686 1216/2048/1687
f 1215/1856/1580 1216/2048/1687 1224/1858/1581
f 1224/1858/1581 1216/2048/1687 1223/2049/1688
f 1224/1858/1581 1223/2049/1688 1410/1860/1582
f 1410/1860/1582 1223/2049/1688 1411/2050/1689
f 1410/1860/1582 1411/2050/1689 1405/1862/1583
f 1405/1862/1583 1411/2050/1689 1406/2051/1690
f 1405/1862/1583 1406/2051/1690 1400/1864/1584
f 1400/1864/1584 1406/2051/1690 1401/2052/1691
f 1400/1864/1584 1401/2052/1691 1395/1866/1585
f 1395/1866/1585 1401/2052/1691 1396/2053/1692
f 1395/1866/1585 1396/2053/1692 1390/1868/1586
f 1390/1868/1586 1396/2053/1692 1391/2054/1693
f 1390/1868/1586 1391/2054/1693 1385/1870/1587
f 1385/1870/1587 1391/2054/1693 1386/2055/1694
f 1385/1870/1587 1386/2055/1694 1380/1872/1588
f 1380/1872/1588 1386/2055/1694 1381/2056/1695
f 1380/1872/1588 1381/2056/1695 1375/1874/1589
f 1375/1874/1589 1381/2056/1695 1376/2057/1696
f 1375/1874/1589 1376/2057/1696 1370/1876/1590
f 1370/1876/1590 1376/2057/1696 1371/2058/1697
f 1370/1876/1590 1371/2058/1697 1365/1878/1591
f 1365/1878/1591 1371/2058/1697 1366/2059/1698
f 1365/1878/1591 1366/2059/1698 1360/1880/1592
f 1360/1880/1592 1366/2059/1698 1361/2060/1699
f 1360/1880/1592 1361/2060/1699 1355/1882/1593
f 1355/1882/1593 1361/2060/1699 1356/2061/1700
f 1355/1882/1593 1356/2061/1700 1350/1884/1594
f 1350/1884/1594 1356/2061/1700 1351/2062/1701
f 1350/1884/1594 1351/2062/1701 1345/1886/1595
f 1345/1886/1595 1351/2062/1701 1346/2063/1702
f 1345/1886/1595 1346/2063/1702 1340/1888/1596
f 1340/1888/1596 1346/2063/1702 1341/2064/1703
f 1340/1888/1596 1341/2064/1703 1335/1890/1597
f 1335/1890/1597 1341/2064/1703 1336/2065/1704
f 1335/1890/1597 1336/2065/1704 1330/1892/1598
f 1330/1892/1598 1336/2065/1704 1331/2066/1705
f 1330/1892/1598 1331/2066/1705 1325/1894/1599
f 1325/1894/1599 1331/2066/1705 1326/2067/1706
f 1325/1894/1599 1326/2067/1706 1320/1896/1600
f 1320/1896/1600 1326/2067/1706 1321/1991/1649
f 1211/2028/1648 1212/2068/1646 1316/2029/1668
f 1316/2029/1668 1212/2068/1646 1317/2069/1707
f 1316/2029/1668 1317/2069/1707 1311/2030/1669
f 1311/2030/1669 1317/2069/1707 1312/2070/1708
f 1311/2030/1669 1312/2070/1708 1306/2031/1670
f 1306/2031/1670 1312/2070/1708 1307/2071/1709
f 1306/2031/1670 1307/2071/1709 1301/2032/1671
f 1301/2032/1671 1307/2071/1709 1302/2072/1710
f 1301/2032/1671 1302/2072/1710 1296/2033/1672
f 1296/2033/1672 1302/2072/1710 1297/2073/1711
f 1296/2033/1672 1297/2073/1711 1291/2034/1673
f 1291/2034/1673 1297/2073/1711 1292/2074/1712
f 1291/2034/1673 1292/2074/1712 1286/2035/1674
f 1286/2035/1674 1292/2074/1712 1287/2075/1713
f 1286/2035/1674 1287/2075/1713 1281/2036/1675
f 1281/2036/1675 1287/2075/1713 1282/2076/1714
f 1281/2036/1675 1282/2076/1714 1276/2037/1676
f 1276/2037/1676 1282/2076/1714 1277/2077/1715
f 1276/2037/1676 1277/2077/1715 1271/2038/1677
f 1271/2038/1677 1277/2077/1715 1272/2078/1716
f 1271/2038/1677 1272/2078/1716 1266/2039/1678
f 1266/2039/1678 1272/2078/1716 1267/2079/1717
f 1266/2039/1678 1267/2079/1717 1261/2040/1679
f 1261/2040/1679 1267/2079/1717 1262/2080/1718
f 1261/2040/1679 1262/2080/1718 1256/2041/1680
f 1256/2041/1680 1262/2080/1718 1257/2081/1719
f 1256/2041/1680 1257/2081/1719 1251/2042/1681
f 1251/2042/1681 1257/2081/1719 1252/2082/1720
f 1251/2042/1681 1252/2082/1720 1246/2043/1682
f 1246/2043/1682 1252/2082/1720 1247/2083/1721
f 1246/2043/1682 1247/2083/1721 1241/2044/1683
f 1241/2044/1683 1247/2083/1721 1242/2084/1722
f 1241/2044/1683 1242/2084/1722 1236/2045/1684
f 1236/2045/1684 1242/2084/1722 1237/2085/1723
f 1236/2045/1684 1237/2085/1723 1231/2046/1685
f 1231/2046/1685 1237/2085/1723 1232/2086/1724
f 1231/2046/1685 1232/2086/1724 1226/2047/1686
f 1226/2047/1686 1232/2086/1724 1227/2087/1725
f 1226/2047/1686 1227/2087/1725 1216/2048/1687
f 1216/2048/1687 1227/2087/1725 1217/2088/1726
f 1216/2048/1687 1217/2088/1726 1223/2049/1688
f 1223/2049/1688 1217/2088/1726 1222/2089/1727
f 1223/2049/1688 1222/2089/1727 1411/2050/1689
f 1411/2050/1689 1222/2089/1727 1412/2090/1728
f 1411/2050/1689 1412/2090/1728 1406/2051/1690
f 1406/2051/1690 1412/2090/1728 1407/2091/1729
f 1406/2051/1690 1407/2091/1729 1401/2052/1691
f 1401/2052/1691 1407/2091/1729 1402/2092/1730
f 1401/2052/1691 1402/2092/1730 1396/2053/1692
f 1396/2053/1692 1402/2092/1730 1397/2093/1731
f 1396/2053/1692 1397/2093/1731 1391/2054/1693
f 1391/2054/1693 1397/2093/1731 1392/2094/1732
f 1391/2054/1693 1392/2094/1732 1386/2055/1694
f 1386/2055/1694 1392/2094/1732 1387/2095/1733
f 1386/2055/1694 1387/2095/1733 1381/2056/1695
f 1381/2056/1695 1387/2095/1733 1382/2096/1734
f 1381/2056/1695 1382/2096/1734 1376/2057/1696
f 1376/2057/1696 1382/2096/1734 1377/2097/1735
f 1376/2057/1696 1377/2097/1735 1371/2058/1697
f 1371/2058/1697 1377/2097/1735 1372/2098/1736
f 1371/2058/1697 1372/2098/1736 1366/2059/1698
f 1366/2059/1698 1372/2098/1736 1367/2099/1737
f 1366/2059/1698 1367/2099/1737 1361/2060/1699
f 1361/2060/1699 1367/2099/1737 1362/2100/1738
f 1361/2060/1699 1362/2100/1738 1356/2061/1700
f 1356/2061/1700 1362/2100/1738 1357/2101/1739
f 1356/2061/1700 1357/2101/1739 1351/2062/1701
f 1351/2062/1701 1357/2101/1739 1352/2102/1740
f 1351/2062/1701 1352/2102/1740 1346/2063/1702
f 1346/2063/1702 1352/2102/1740 1347/2103/1741
f 1346/2063/1702 1347/2103/1741 1341/2064/1703
f 1341/2064/1703 1347/2103/1741 1342/2104/1742
f 1341/2064/1703 1342/2104/1742 1336/2065/1704
f 1336/2065/1704 1342/2104/1742 1337/2105/1743
f 1336/2065/1704 1337/2105/1743 1331/2066/1705
f 1331/2066/1705 1337/2105/1743 1332/2106/1744
f 1331/2066/1705 1332/2106/1744 1326/2067/1706
f 1326/2067/1706 1332/2106/1744 1327/2107/1745
f 1326/2067/1706 1327/2107/1745 1321/1991/1649
f 1321/1991/1649 1327/2107/1745 1322/1989/1647
f 1212/2068/1646 1213/2108/1644 1317/2069/1707
f 1317/2069/1707 1213/2108/1644 1318/2109/1746
f 1317/2069/1707 1318/2109/1746 1312/2070/1708
f 1312/2070/1708 1318/2109/1746 1313/2110/1747
f 1312/2070/1708 1313/2110/1747 1307/2071/1709
f 1307/2071/1709 1313/2110/1747 1308/2111/1748
f 1307/2071/1709 1308/2111/1748 1302/2072/1710
f 1302/2072/1710 1308/2111/1748 1303/2112/1749
f 1302/2072/1710 1303/2112/1749 1297/2073/1711
f 1297/2073/1711 1303/2112/1749 1298/2113/1750
f 1297/2073/1711 1298/2113/1750 1292/2074/1712
f 1292/2074/1712 1298/2113/1750 1293/2114/1751
f 1292/2074/1712 1293/2114/1751 1287/2075/1713
f 1287/2075/1713 1293/2114/1751 1288/2115/1752
f 1287/2075/1713 1288/2115/1752 1282/2076/1714
f 1282/2076/1714 1288/2115/1752 1283/2116/1753
f 1282/2076/1714 1283/2116/1753 1277/2077/1715
f 1277/2077/1715 1283/2116/1753 1278/2117/1754
f 1277/2077/1715 1278/2117/1754 1272/2078/1716
f 1272/2078/1716 1278/2117/1754 1273/2118/1755
f 1272/2078/1716 1273/2118/1755 1267/2079/1717
f 1267/2079/1717 1273/2118/1755 1268/2119/1756
f 1267/2079/1717 1268/2119/1756 1262/2080/1718
f 1262/2080/1718 1268/2119/1756 1263/2120/1757
f 1262/2080/1718 1263/2120/1757 1257/2081/1719
f 1257/2081/1719 1263/2120/1757 1258/2121/1758
f 1257/2081/1719 1258/2121/1758 1252/2082/1720
f 1252/2082/1720 1258/2121/1758 1253/2122/1759
f 1252/2082/1720 1253/2122/1759 1247/2083/1721
f 1247/2083/1721 1253/2122/1759 1248/2123/1760
f 1247/2083/1721 1248/2123/1760 1242/2084/1722
f 1242/2084/1722 1248/2123/1760 1243/2124/1761
f 1242/2084/1722 1243/2124/1761 1237/2085/1723
f 1237/2085/1723 1243/2124/1761 1238/2125/1762
f 1237/2085/1723 1238/2125/1762 1232/2086/1724
f 1232/2086/1724 1238/2125/1762 1233/2126/1763
f 1232/2086/1724 1233/2126/1763 1227/2087/1725
f 1227/2087/1725 1233/2126/1763 1228/2127/1764
f 1227/2087/1725 1228/2127/1764 1217/2088/1726
f 1217/2088/1726 1228/2127/1764 1218/2128/1765
f 1217/2088/1726 1218/2128/1765 1222/2089/1727
f 1222/2089/1727 1218/2128/1765 1221/2129/1766
f 1222/2089/1727 1221/2129/1766 1412/2090/1728
f 1412/2090/1728 1221/2129/1766 1413/2130/1767
f 1412/2090/1728 1413/2130/1767 1407/2091/1729
f 1407/2091/1729 1413/2130/1767 1408/2131/1768
f 1407/2091/1729 1408/2131/1768 1402/2092/1730
f 1402/2092/1730 1408/2131/1768 1403/2132/1769
f 1402/2092/1730 1403/2132/1769 1397/2093/1731
f 1397/2093/1731 1403/2132/1769 1398/2133/1770
f 1397/2093/1731 1398/2133/1770 1392/2094/1732
f 1392/2094/1732 1398/2133/1770 1393/2134/1771
f 1392/2094/1732 1393/2134/1771 1387/2095/1733
f 1387/2095/1733 1393/2134/1771 1388/2135/1772
f 1387/2095/1733 1388/2135/1772 1382/2096/1734
f 1382/2096/1734 1388/2135/1772 1383/2136/1773
f 1382/2096/1734 1383/2136/1773 1377/2097/1735
f 1377/2097/1735 1383/2136/1773 1378/2137/1774
f 1377/2097/1735 1378/2137/1774 1372/2098/1736
f 1372/2098/1736 1378/2137/1774 1373/2138/1775
f 1372/2098/1736 1373/2138/1775 1367/2099/1737
f 1367/2099/1737 1373/2138/1775 1368/2139/1776
f 1367/2099/1737 1368/2139/1776 1362/2100/1738
f 1362/2100/1738 1368/2139/1776 1363/2140/1777
f 1362/2100/1738 1363/2140/1777 1357/2101/1739
f 1357/2101/1739 1363/2140/1777 1358/2141/1778
f 1357/2101/1739 1358/2141/1778 1352/2102/1740
f 1352/2102/1740 1358/2141/1778 1353/2142/1779
f 1352/2102/1740 1353/2142/1779 1347/2103/1741
f 1347/2103/1741 1353/2142/1779 1348/2143/1780
f 1347/2103/1741 1348/2143/1780 1342/2104/1742
f 1342/2104/1742 1348/2143/1780 1343/2144/1781
f 1342/2104/1742 1343/2144/1781 1337/2105/1743
f 1337/2105/1743 1343/2144/1781 1338/2145/1782
f 1337/2105/1743 1338/2145/1782 1332/2106/1744
f 1332/2106/1744 1338/2145/1782 1333/2146/1783
f 1332/2106/1744 1333/2146/1783 1327/2107/1745
f 1327/2107/1745 1333/2146/1783 1328/2147/1784
f 1327/2107/1745 1328/2147/1784 1322/1989/1647
f 1322/1989/1647 1328/2147/1784 1323/1987/1645
f 1213/2108/1644 1214/1982/1642 1318/2109/1746
f 1318/2109/1746 1214/1982/1642 1319/1980/1641
f 1318/2109/1746 1319/1980/1641 1313/2110/1747
f 1313/2110/1747 1319/1980/1641 1314/1978/1640
f 1313/2110/1747 1314/1978/1640 1308/2111/1748
f 1308/2111/1748 1314/1978/1640 1309/1976/1639
f 1308/2111/1748 1309/1976/1639 1303/2112/1749
f 1303/2112/1749 1309/1976/1639 1304/1974/1638
f 1303/2112/1749 1304/1974/1638 1298/2113/1750
f 1298/2113/1750 1304/1974/1638 1299/1972/1637
f 1298/2113/1750 1299/1972/1637 1293/2114/1751
f 1293/2114/1751 1299/1972/1637 1294/1970/1636
f 1293/2114/1751 1294/1970/1636 1288/2115/1752
f 1288/2115/1752 1294/1970/1636 1289/1968/1635
f 1288/2115/1752 1289/1968/1635 1283/2116/1753
f 1283/2116/1753 1289/1968/1635 1284/1966/1634
f 1283/2116/1753 1284/1966/1634 1278/2117/1754
f 1278/2117/1754 1284/1966/1634 1279/1964/1633
f 1278/2117/1754 1279/1964/1633 1273/2118/1755
f 1273/2118/1755 1279/1964/1633 1274/1962/1632
f 1273/2118/1755 1274/1962/1632 1268/2119/1756
f 1268/2119/1756 1274/1962/1632 1269/1960/1631
f 1268/2119/1756 1269/1960/1631 1263/2120/1757
f 1263/2120/1757 1269/1960/1631 1264/1958/1630
f 1263/2120/1757 1264/1958/1630 1258/2121/1758
f 1258/2121/1758 1264/1958/1630 1259/1956/1629
f 1258/2121/1758 1259/1956/1629 1253/2122/1759
f 1253/2122/1759 1259/1956/1629 1254/1954/1628
f 1253/2122/1759 1254/1954/1628 1248/2123/1760
f 1248/2123/1760 1254/1954/1628 1249/1952/1627
f 1248/2123/1760 1249/1952/1627 1243/2124/1761
f 1243/2124/1761 1249/1952/1627 1244/1950/1626
f 1243/2124/1761 1244/1950/1626 1238/2125/1762
f 1238/2125/1762 1244/1950/1626 1239/1948/1625
f 1238/2125/1762 1239/1948/1625 1233/2126/1763
f 1233/2126/1763 1239/1948/1625 1234/1946/1624
f 1233/2126/1763 1234/1946/1624 1228/2127/1764
f 1228/2127/1764 1234/1946/1624 1229/1944/1623
f 1228/2127/1764 1229/1944/1623 1218/2128/1765
f 1218/2128/1765 1229/1944/1623 1219/1942/1622
f 1218/2128/1765 1219/1942/1622 1221/2129/1766
f 1221/2129/1766 1219/1942/1622 1220/1940/1621
f 1221/2129/1766 1220/1940/1621 1413/2130/1767
f 1413/2130/1767 1220/1940/1621 1414/1992/1650
f 1413/2130/1767 1414/1992/1650 1408/2131/1768
f 1408/2131/1768 1414/1992/1650 1409/1994/1651
f 1408/2131/1768 1409/1994/1651 1403/2132/1769
f 1403/2132/1769 1409/1994/1651 1404/1996/1652
f 1403/2132/1769 1404/1996/1652 1398/2133/1770
f 1398/2133/1770 1404/1996/1652 1399/1998/1653
f 1398/2133/1770 1399/1998/1653 1393/2134/1771
f 1393/2134/1771 1399/1998/1653 1394/2000/1654
f 1393/2134/1771 1394/2000/1654 1388/2135/1772
f 1388/2135/1772 1394/2000/1654 1389/2002/1655
f 1388/2135/1772 1389/2002/1655 1383/2136/1773
f 1383/2136/1773 1389/2002/1655 1384/2004/1656
f 1383/2136/1773 1384/2004/1656 1378/2137/1774
f 1378/2137/1774 1384/2004/1656 1379/2006/1657
f 1378/2137/1774 1379/2006/1657 1373/2138/1775
f 1373/2138/1775 1379/2006/1657 1374/2008/1658
f 1373/2138/1775 1374/2008/1658 1368/2139/1776
f 1368/2139/1776 1374/2008/1658 1369/2010/1659
f 1368/2139/1776 1369/2010/1659 1363/2140/1777
f 1363/2140/1777 1369/2010/1659 1364/2012/1660
f 1363/2140/1777 1364/2012/1660 1358/2141/1778
f 1358/2141/1778 1364/2012/1660 1359/2014/1661
f 1358/2141/1778 1359/2014/1661 1353/2142/1779
f 1353/2142/1779 1359/2014/1661 1354/2016/1662
f 1353/2142/1779 1354/2016/1662 1348/2143/1780
f 1348/2143/1780 1354/2016/1662 1349/2018/1663
f 1348/2143/1780 1349/2018/1663 1343/2144/1781
f 1343/2144/1781 1349/2018/1663 1344/2020/1664
f 1343/2144/1781 1344/2020/1664 1338/2145/1782
f 1338/2145/1782 1344/2020/1664 1339/2022/1665
f 1338/2145/1782 1339/2022/1665 1333/2146/1783
f 1333/2146/1783 1339/2022/1665 1334/2024/1666
f 1333/2146/1783 1334/2024/1666 1328/2147/1784
f 1328/2147/1784 1334/2024/1666 1329/2026/1667
f 1328/2147/1784 1329/2026/1667 1323/1987/1645
f 1323/1987/1645 1329/2026/1667 1324/1985/1643
g Body4

v -0.127500 2.150208 -0.000000
v -0.123156 2.150208 0.032999
v -0.110418 2.150208 0.063750
v -0.090156 2.150208 0.090156
v -0.063750 2.150208 0.110418
v -0.032999 2.150208 0.123156
v 0.000000 2.150208 0.127500
v 0.032999 2.150208 0.123156
v 0.063750 2.150208 0.110418
v 0.090156 2.150208 0.090156
v 0.110418 2.150208 0.063750
v 0.123156 2.150208 0.032999
v 0.127500 2.150208 0.000000
v 0.123156 2.150208 -0.032999
v 0.110418 2.150208 -0.063750
v 0.090156 2.150208 -0.090156
v 0.063750 2.150208 -0.110418
v 0.032999 2.150208 -0.123156
v 0.000000 2.150208 -0.127500
v -0.032999 2.150208 -0.123156
v -0.063750 2.150208 -0.110418
v -0.090156 2.150208 -0.090156
v -0.110418 2.150208 -0.063750
v -0.123156 2.150208 -0.032999
v -0.127500 1.900208 -0.000000
v -0.123156 1.900208 -0.032999
v -0.110418 1.900208 -0.063750
v -0.090156 1.900208 -0.090156
v -0.063750 1.900208 -0.110418
v -0.032999 1.900208 -0.123156
v 0.000000 1.900208 -0.127500
v 0.032999 1.900208 -0.123156
v 0.063750 1.900208 -0.110418
v 0.090156 1.900208 -0.090156
v 0.110418 1.900208 -0.063750
v 0.123156 1.900208 -0.032999
v 0.127500 1.900208 0.000000
v 0.123156 1.900208 0.032999
v 0.110418 1.900208 0.063750
v 0.090156 1.900208 0.090156
v 0.063750 1.900208 0.110418
v 0.032999 1.900208 0.123156
v 0.000000 1.900208 0.127500
v -0.032999 1.900208 0.123156
v -0.063750 1.900208 0.110418
v -0.090156 1.900208 0.090156
v -0.110418 1.900208 0.063750
v -0.123156 1.900208 0.032999
v 0.000000 2.150208 -0.800000
v -0.198952 2.150208 -0.774867
v -0.385403 2.150208 -0.701045
v -0.547638 2.150208 -0.583175
v -0.675462 2.150208 -0.428661
v -0.760845 2.150208 -0.247214
v -0.798421 2.150208 -0.050232
v -0.785830 2.150208 0.149905
v -0.723862 2.150208 0.340623
v -0.616411 2.150208 0.509939
v -0.470228 2.150208 0.647214
v -0.294500 2.150208 0.743821
v -0.100267 2.150208 0.793692
v 0.100267 2.150208 0.793692
v 0.294500 2.150208 0.743821
v 0.470228 2.150208 0.647214
v 0.616411 2.150208 0.509939
v 0.723862 2.150208 0.340623
v 0.785830 2.150208 0.149905
v 0.798421 2.150208 -0.050232
v 0.760845 2.150208 -0.247214
v 0.675462 2.150208 -0.428661
v 0.547638 2.150208 -0.583175
v 0.385403 2.150208 -0.701045
v 0.198952 2.150208 -0.774867
v 0.470228 1.815037 -0.647214
v 0.294500 1.815037 -0.743821
v 0.100267 1.815037 -0.793692
v -0.100267 1.815037 -0.793692
v -0.294500 1.815037 -0.743821
v -0.470228 1.815037 -0.647214
v -0.616411 1.815037 -0.509939
v -0.723862 1.815037 -0.340623
v -0.785830 1.815037 -0.149905
v -0.798421 1.815037 0.050232
v -0.760845 1.815037 0.247214
v -0.675462 1.815037 0.428661
v -0.547638 1.815037 0.583175
v -0.385403 1.815037 0.701045
v -0.198952 1.815037 0.774867
v -0.000000 1.815037 0.800000
v 0.198952 1.815037 0.774867
v 0.385403 1.815037 0.701045
v 0.547638 1.815037 0.583175
v 0.675462 1.815037 0.428661
v 0.760845 1.815037 0.247214
v 0.798421 1.815037 0.050232
v 0.785830 1.815037 -0.149905
v 0.723862 1.815037 -0.340623
v 0.616411 1.815037 -0.509939
v -1.821525 1.993577 -0.984130
v -1.926839 1.993577 -0.757466
v -2.004073 1.993577 -0.519764
v -2.052102 1.993577 -0.274488
v -1.852813 1.964423 -0.193970
v -1.686434 1.940285 -0.126748
v -1.545265 1.919998 -0.069713
v -1.423830 1.902731 -0.020650
v -1.308558 1.886602 0.041353
v -1.211512 1.873773 0.124756
v -1.131391 1.864918 0.231650
v -1.077960 1.861898 0.350250
v -1.051475 1.864918 0.477606
v -1.053464 1.873773 0.611179
v -1.082952 1.886602 0.735695
v -1.139765 1.902731 0.853612
v -1.209170 1.919998 0.964683
v -1.289853 1.940285 1.093802
v -1.384945 1.964423 1.245981
v -1.498845 1.993577 1.428261
v -1.315820 1.993577 1.598463
v -1.113618 1.993577 1.745371
v -0.895188 1.993577 1.866843
v -0.757027 1.964423 1.702190
v -0.641682 1.940285 1.564726
v -0.543814 1.919998 1.448092
v -0.459627 1.902731 1.347762
v -0.365037 1.886602 1.257291
v -0.255728 1.873773 1.190768
v -0.129307 1.864918 1.147601
v -0.000000 1.861898 1.133434
v 0.129307 1.864918 1.147601
v 0.255728 1.873773 1.190768
v 0.365037 1.886602 1.257291
v 0.459627 1.902731 1.347762
v 0.543814 1.919998 1.448092
v 0.641682 1.940285 1.564726
v 0.757027 1.964423 1.702190
v 0.895188 1.993577 1.866843
v 1.113618 1.993577 1.745371
v 1.315820 1.993577 1.598463
v 1.498845 1.993577 1.428261
v 1.384945 1.964423 1.245981
v 1.289853 1.940285 1.093802
v 1.209170 1.919998 0.964683
v 1.139765 1.902731 0.853612
v 1.082952 1.886602 0.735695
v 1.053464 1.873773 0.611179
v 1.051475 1.864918 0.477606
v 1.077960 1.861898 0.350250
v 1.131391 1.864918 0.231650
v 1.211512 1.873773 0.124756
v 1.308558 1.886602 0.041353
v 1.423830 1.902731 -0.020650
v 1.545265 1.919998 -0.069713
v 1.686434 1.940285 -0.126748
v 1.852813 1.964423 -0.193970
v 2.052102 1.993577 -0.274488
v 2.004073 1.993577 -0.519764
v 1.926839 1.993577 -0.757466
v 1.821525 1.993577 -0.984130
v 1.612970 1.964423 -0.932131
v 1.438854 1.940285 -0.888719
v 1.291122 1.919998 -0.851885
v 1.164040 1.902731 -0.820200
v 1.034338 1.886602 -0.802607
v 0.906804 1.873773 -0.813039
v 0.779154 1.864918 -0.852424
v 0.666216 1.861898 -0.916968
v 0.569931 1.864918 -1.004433
v 0.493028 1.873773 -1.113665
v 0.443696 1.886602 -1.231733
v 0.420349 1.902731 -1.360524
v 0.411213 1.919998 -1.491177
v 0.400592 1.940285 -1.643061
v 0.388074 1.964423 -1.822070
v 0.373081 1.993577 -2.036486
v 0.124967 1.993577 -2.066603
v -0.124967 1.993577 -2.066603
v -0.373081 1.993577 -2.036486
v -0.388074 1.964423 -1.822070
v -0.400592 1.940285 -1.643061
v -0.411213 1.919998 -1.491177
v -0.420349 1.902731 -1.360524
v -0.443696 1.886602 -1.231733
v -0.493028 1.873773 -1.113665
v -0.569931 1.864918 -1.004433
v -0.666216 1.861898 -0.916968
v -0.779154 1.864918 -0.852424
v -0.906804 1.873773 -0.813039
v -1.034338 1.886602 -0.802607
v -1.164040 1.902731 -0.820200
v -1.291122 1.919998 -0.851885
v -1.438854 1.940285 -0.888719
v -1.612970 1.964423 -0.932131
v 0.000000 2.200208 -2.250000
v -0.343461 2.200208 -2.223631
v -0.678871 2.200208 -2.145142
v -0.998370 2.200208 -2.016373
v -1.294467 2.200208 -1.840341
v -1.560223 2.200208 -1.621174
v -1.789409 2.200208 -1.364007
v -1.976653 2.200208 -1.074870
v -2.117565 2.200208 -0.760538
v -2.208844 2.200208 -0.428380
v -2.248349 2.200208 -0.086181
v -2.235155 2.200208 0.258038
v -2.169570 2.200208 0.596208
v -2.053133 2.200208 0.920404
v -1.888572 2.200208 1.223027
v -1.679745 2.200208 1.496983
v -1.431545 2.200208 1.735851
v -1.149792 2.200208 1.934032
v -0.841088 2.200208 2.086881
v -0.512670 2.200208 2.190815
v -0.172236 2.200208 2.243398
v 0.172236 2.200208 2.243398
v 0.512670 2.200208 2.190815
v 0.841088 2.200208 2.086881
v 1.149792 2.200208 1.934032
v 1.431545 2.200208 1.735851
v 1.679745 2.200208 1.496983
v 1.888572 2.200208 1.223027
v 2.053133 2.200208 0.920404
v 2.169570 2.200208 0.596208
v 2.235155 2.200208 0.258038
v 2.248349 2.200208 -0.086181
v 2.208844 2.200208 -0.428380
v 2.117565 2.200208 -0.760538
v 1.976653 2.200208 -1.074870
v 1.789409 2.200208 -1.364007
v 1.560223 2.200208 -1.621174
v 1.294467 2.200208 -1.840341
v 0.998370 2.200208 -2.016373
v 0.678871 2.200208 -2.145142
v 0.343461 2.200208 -2.223631
v -1.591960 2.100000 1.553530
v -1.810136 2.100000 1.292748
v -1.986018 2.100000 1.001760
v -2.115495 2.100000 0.687366
v -2.195542 2.100000 0.356911
v -2.224289 2.100000 0.018117
v -2.201064 2.100000 -0.321101
v -2.177924 2.066453 -0.321267
v -2.164732 2.051878 -0.318922
v -2.151324 2.039314 -0.314576
v -2.128408 2.022450 -0.305318
v -2.104396 2.009085 -0.295616
v -2.079285 1.999793 -0.285471
v -1.849973 1.999793 -0.991223
v -1.876251 2.009085 -0.997775
v -1.901380 2.022450 -1.004040
v -1.925361 2.039314 -1.010019
v -1.939125 2.052269 -1.014528
v -1.951045 2.066773 -1.020375
v -1.969437 2.100000 -1.033977
v -1.788839 2.100000 -1.322061
v -1.566444 2.100000 -1.579254
v -1.307448 2.100000 -1.799547
v -1.017902 2.100000 -1.977793
v -0.704573 2.100000 -2.109826
v -0.374781 2.100000 -2.192562
v -0.367473 2.066453 -2.170606
v -0.365626 2.051878 -2.157335
v -0.365616 2.039314 -2.143240
v -0.367340 2.022450 -2.118585
v -0.369146 2.009085 -2.092750
v -0.371036 1.999793 -2.065733
v 0.371036 1.999793 -2.065733
v 0.369146 2.009085 -2.092750
v 0.367340 2.022450 -2.118585
v 0.365616 2.039314 -2.143240
v 0.365651 2.052269 -2.157724
v 0.367528 2.066773 -2.170867
v 0.374781 2.100000 -2.192562
v 0.704573 2.100000 -2.109826
v 1.017902 2.100000 -1.977793
v 1.307448 2.100000 -1.799547
v 1.566444 2.100000 -1.579254
v 1.788839 2.100000 -1.322061
v 1.969437 2.100000 -1.033977
v 1.950814 2.066453 -1.020242
v 1.938763 2.051878 -1.014384
v 1.925361 2.039314 -1.010019
v 1.901380 2.022450 -1.004040
v 1.876251 2.009085 -0.997775
v 1.849973 1.999793 -0.991223
v 2.079285 1.999793 -0.285471
v 2.104396 2.009085 -0.295616
v 2.128408 2.022450 -0.305318
v 2.151324 2.039314 -0.314576
v 2.165109 2.052269 -0.319018
v 2.178190 2.066773 -0.321295
v 2.201064 2.100000 -0.321101
v 2.224289 2.100000 0.018117
v 2.195542 2.100000 0.356911
v 2.115495 2.100000 0.687366
v 1.986018 2.100000 1.001760
v 1.810136 2.100000 1.292748
v 1.591960 2.100000 1.553530
v 1.573142 2.066453 1.540062
v 1.563847 2.051878 1.530411
v 1.555554 2.039314 1.519014
v 1.542457 2.022450 1.498054
v 1.528733 2.009085 1.476092
v 1.514382 1.999793 1.453124
v 0.914033 1.999793 1.889302
v 0.931442 2.009085 1.910049
v 0.948089 2.022450 1.929888
v 0.963976 2.039314 1.948821
v 0.972460 2.052269 1.960559
v 0.978668 2.066773 1.972296
v 0.985552 2.100000 1.994111
v 0.670113 2.100000 2.121023
v 0.339017 2.100000 2.198376
v 0.000000 2.100000 2.224363
v -0.339017 2.100000 2.198376
v -0.670113 2.100000 2.121023
v -0.985552 2.100000 1.994111
v -0.978558 2.066453 1.972052
v -0.972252 2.051878 1.960230
v -0.963976 2.039314 1.948821
v -0.943058 2.017762 1.923893
v -0.919872 2.002346 1.896261
v -1.514382 1.999793 1.453124
v -1.528733 2.009085 1.476092
v -1.542457 2.022450 1.498054
v -1.555554 2.039314 1.519014
v -1.564096 2.052269 1.530711
v -1.573340 2.066773 1.540241
v -0.000000 2.150907 2.244092
v -0.000000 2.104398 2.226703
v 1.218742 2.006289 1.732683
v -0.171784 2.150907 -2.237507
v -0.170452 2.104398 -2.220169
v -0.168318 2.063314 -2.192365
v -0.165501 2.029981 -2.155670
v -0.162160 2.006289 -2.112161
v 0.162160 2.006289 -2.112161
v 0.165501 2.029981 -2.155670
v 0.168318 2.063314 -2.192365
v 0.170452 2.104398 -2.220169
v 0.171784 2.150907 -2.237507
v -0.511324 2.150907 -2.185062
v -0.507362 2.104398 -2.168130
v -0.838880 2.150907 -2.081401
v -0.832380 2.104398 -2.065272
v -1.146773 2.150907 -1.928953
v -1.137887 2.104398 -1.914006
v -1.427787 2.150907 -1.731293
v -1.416723 2.104398 -1.717877
v -1.675334 2.150907 -1.493052
v -1.662352 2.104398 -1.481483
v -1.883613 2.150907 -1.219816
v -1.869017 2.104398 -1.210363
v -2.047742 2.150907 -0.917988
v -2.031874 2.104398 -0.910874
v -2.006429 2.063314 -0.899467
v -1.972846 2.029981 -0.884412
v -1.933027 2.006289 -0.866562
v -2.163874 2.150907 -0.594643
v -2.147106 2.104398 -0.590035
v -2.120217 2.063314 -0.582646
v -2.084729 2.029981 -0.572894
v -2.042653 2.006289 -0.561331
v -2.229286 2.150907 -0.257360
v -2.212011 2.104398 -0.255366
v -2.242445 2.150907 0.085955
v -2.225069 2.104398 0.085289
v -2.203044 2.150907 0.427255
v -2.185973 2.104398 0.423944
v -2.112005 2.150907 0.758541
v -2.095639 2.104398 0.752663
v -1.971462 2.150907 1.072047
v -1.956186 2.104398 1.063740
v -1.784710 2.150907 1.360426
v -1.770881 2.104398 1.349884
v -1.556126 2.150907 1.616917
v -1.544068 2.104398 1.604388
v -1.524731 2.063314 1.584295
v -1.499211 2.029981 1.557778
v -1.468952 2.006289 1.526337
v -1.291068 2.150907 1.835509
v -1.281064 2.104398 1.821286
v -1.265021 2.063314 1.798477
v -1.243847 2.029981 1.768375
v -1.218742 2.006289 1.732683
v -0.995055 2.150907 2.011421
v -0.986657 2.104398 1.996175
v -0.958673 2.029981 1.937847
v -0.939645 2.006289 1.898576
v -0.676597 2.150907 2.139665
v -0.670867 2.104398 2.123239
v -0.342304 2.150907 2.217832
v -0.339399 2.104398 2.200685
v 0.342304 2.150907 2.217832
v 0.339399 2.104398 2.200685
v 0.676597 2.150907 2.139665
v 0.670867 2.104398 2.123239
v 0.995055 2.150907 2.011421
v 0.986657 2.104398 1.996175
v 1.291068 2.150907 1.835509
v 1.281064 2.104398 1.821286
v 1.265021 2.063314 1.798477
v 1.243847 2.029981 1.768375
v 0.939645 2.006289 1.898576
v 0.958673 2.029981 1.937847
v 1.556126 2.150907 1.616917
v 1.544068 2.104398 1.604388
v 1.524731 2.063314 1.584295
v 1.499211 2.029981 1.557778
v 1.468952 2.006289 1.526337
v 1.784710 2.150907 1.360426
v 1.770881 2.104398 1.349884
v 1.971462 2.150907 1.072047
v 1.956186 2.104398 1.063740
v 2.112005 2.150907 0.758541
v 2.095639 2.104398 0.752663
v 2.203044 2.150907 0.427255
v 2.185973 2.104398 0.423944
v 2.242445 2.150907 0.085955
v 2.225069 2.104398 0.085289
v 2.229286 2.150907 -0.257360
v 2.212011 2.104398 -0.255366
v 2.163874 2.150907 -0.594643
v 2.147106 2.104398 -0.590035
v 2.120217 2.063314 -0.582646
v 2.084729 2.029981 -0.572894
v 2.042653 2.006289 -0.561331
v 2.047742 2.150907 -0.917988
v 2.031874 2.104398 -0.910874
v 2.006429 2.063314 -0.899467
v 1.972846 2.029981 -0.884412
v 1.933027 2.006289 -0.866562
v 1.883613 2.150907 -1.219816
v 1.869017 2.104398 -1.210363
v 1.675334 2.150907 -1.493052
v 1.662352 2.104398 -1.481483
v 1.427787 2.150907 -1.731293
v 1.416723 2.104398 -1.717877
v 1.146773 2.150907 -1.928953
v 1.137887 2.104398 -1.914006
v 0.838880 2.150907 -2.081401
v 0.832380 2.104398 -2.065272
v 0.511324 2.150907 -2.185062
v 0.507362 2.104398 -2.168130
v 0.000000 2.300208 -2.250000
v -0.343461 2.300208 -2.223631
v -0.678871 2.300208 -2.145142
v -0.998370 2.300208 -2.016373
v -1.294467 2.300208 -1.840341
v -1.560223 2.300208 -1.621174
v -1.789409 2.300208 -1.364007
v -1.976653 2.300208 -1.074870
v -2.117565 2.300208 -0.760538
v -2.208844 2.300208 -0.428380
v -2.248349 2.300208 -0.086181
v -2.235155 2.300208 0.258038
v -2.169570 2.300208 0.596208
v -2.053133 2.300208 0.920404
v -1.888572 2.300208 1.223027
v -1.679745 2.300208 1.496983
v -1.431545 2.300208 1.735851
v -1.149792 2.300208 1.934032
v -0.841088 2.300208 2.086881
v -0.512670 2.300208 2.190815
v -0.172236 2.300208 2.243398
v 0.172236 2.300208 2.243398
v 0.512670 2.300208 2.190815
v 0.841088 2.300208 2.086881
v 1.149792 2.300208 1.934032
v 1.431545 2.300208 1.735851
v 1.679745 2.300208 1.496983
v 1.888572 2.300208 1.223027
v 2.053133 2.300208 0.920404
v 2.169570 2.300208 0.596208
v 2.235155 2.300208 0.258038
v 2.248349 2.300208 -0.086181
v 2.208844 2.300208 -0.428380
v 2.117565 2.300208 -0.760538
v 1.976653 2.300208 -1.074870
v 1.789409 2.300208 -1.364007
v 1.560223 2.300208 -1.621174
v 1.294467 2.300208 -1.840341
v 0.998370 2.300208 -2.016373
v 0.678871 2.300208 -2.145142
v 0.343461 2.300208 -2.223631
v 0.000000 2.300208 -2.350000
v -0.350249 2.300208 -2.323752
v -0.692675 2.300208 -2.245596
v -1.019627 2.300208 -2.117277
v -1.323802 2.300208 -1.941661
v -1.598406 2.300208 -1.722672
v -1.837304 2.300208 -1.465201
v -2.035160 2.300208 -1.175000
v -2.187553 2.300208 -0.858551
v -2.291081 2.300208 -0.522924
v -2.343429 2.300208 -0.175616
v -2.343429 2.300208 0.175616
v -2.291081 2.300208 0.522924
v -2.187553 2.300208 0.858551
v -2.035160 2.300208 1.175000
v -1.837304 2.300208 1.465201
v -1.598406 2.300208 1.722672
v -1.323802 2.300208 1.941661
v -1.019627 2.300208 2.117277
v -0.692675 2.300208 2.245596
v -0.350249 2.300208 2.323752
v 0.000000 2.300208 2.350000
v 0.350249 2.300208 2.323752
v 0.692675 2.300208 2.245596
v 1.019627 2.300208 2.117277
v 1.323802 2.300208 1.941661
v 1.598406 2.300208 1.722672
v 1.837304 2.300208 1.465201
v 2.035160 2.300208 1.175000
v 2.187553 2.300208 0.858551
v 2.291081 2.300208 0.522924
v 2.343429 2.300208 0.175616
v 2.343429 2.300208 -0.175616
v 2.291081 2.300208 -0.522924
v 2.187553 2.300208 -0.858551
v 2.035160 2.300208 -1.175000
v 1.837304 2.300208 -1.465201
v 1.598406 2.300208 -1.722672
v 1.323802 2.300208 -1.941661
v 1.019627 2.300208 -2.117277
v 0.692675 2.300208 -2.245596
v 0.350249 2.300208 -2.323752
v 0.000000 2.200208 -2.350000
v -0.350249 2.200208 -2.323752
v -0.692675 2.200208 -2.245596
v -1.019627 2.200208 -2.117277
v -1.323802 2.200208 -1.941661
v -1.598406 2.200208 -1.722672
v -1.837304 2.200208 -1.465201
v -2.035160 2.200208 -1.175000
v -2.187553 2.200208 -0.858551
v -2.291081 2.200208 -0.522924
v -2.343429 2.200208 -0.175616
v -2.343429 2.200208 0.175616
v -2.291081 2.200208 0.522924
v -2.187553 2.200208 0.858551
v -2.035160 2.200208 1.175000
v -1.837304 2.200208 1.465201
v -1.598406 2.200208 1.722672
v -1.323802 2.200208 1.941661
v -1.019627 2.200208 2.117277
v -0.692675 2.200208 2.245596
v -0.350249 2.200208 2.323752
v 0.000000 2.200208 2.350000
v 0.350249 2.200208 2.323752
v 0.692675 2.200208 2.245596
v 1.019627 2.200208 2.117277
v 1.323802 2.200208 1.941661
v 1.598406 2.200208 1.722672
v 1.837304 2.200208 1.465201
v 2.035160 2.200208 1.175000
v 2.187553 2.200208 0.858551
v 2.291081 2.200208 0.522924
v 2.343429 2.200208 0.175616
v 2.343429 2.200208 -0.175616
v 2.291081 2.200208 -0.522924
v 2.187553 2.200208 -0.858551
v 2.035160 2.200208 -1.175000
v 1.837304 2.200208 -1.465201
v 1.598406 2.200208 -1.722672
v 1.323802 2.200208 -1.941661
v 1.019627 2.200208 -2.117277
v 0.692675 2.200208 -2.245596
v 0.350249 2.200208 -2.323752
v -1.835463 1.894550 -0.987605
v -1.940227 1.894550 -0.761451
v -2.017246 1.894550 -0.524409
v -2.065420 1.894550 -0.279869
v -2.110337 1.905165 -0.298017
v -2.151324 1.921606 -0.314576
v -2.176293 1.935363 -0.321078
v -2.200830 1.951500 -0.321131
v -2.223637 1.969095 -0.315590
v -2.243581 1.986748 -0.305509
v -2.260178 2.003197 -0.291880
v -2.273226 2.017142 -0.275427
v -2.278552 2.022940 -0.265922
v -2.282980 2.027600 -0.255431
v -2.286295 2.030688 -0.244035
v -2.288275 2.031786 -0.231942
v -2.298394 2.031786 0.085944
v -2.264563 2.031786 0.402187
v -2.187430 2.031786 0.710739
v -2.068469 2.031786 1.005701
v -1.909956 2.031786 1.281432
v -1.714921 2.031786 1.532660
v -1.706064 2.030653 1.541407
v -1.696506 2.027464 1.548773
v -1.686563 2.022657 1.554708
v -1.676412 2.016655 1.559296
v -1.655950 2.002452 1.564799
v -1.634426 1.985885 1.565847
v -1.612296 1.968150 1.562005
v -1.590973 1.950869 1.552978
v -1.571608 1.935095 1.538643
v -1.555554 1.921606 1.519014
v -1.532129 1.905165 1.481526
v -1.506457 1.894550 1.440442
v -1.323746 1.894550 1.609964
v -1.122106 1.894550 1.756464
v -0.904421 1.894550 1.877847
v -0.935561 1.905165 1.914958
v -0.963976 1.921606 1.948821
v -0.977875 1.935363 1.970559
v -0.985508 1.951500 1.993879
v -0.987285 1.969095 2.017282
v -0.983860 1.986748 2.039365
v -0.976028 2.003197 2.059361
v -0.964412 2.017142 2.076855
v -0.957018 2.022940 2.084857
v -0.948409 2.027600 2.092311
v -0.938595 2.030688 2.098985
v -0.927706 2.031786 2.104605
v -0.628505 2.031786 2.212460
v -0.317286 2.031786 2.278010
v -0.000000 2.031786 2.300000
v 0.317286 2.031786 2.278010
v 0.628505 2.031786 2.212460
v 0.927706 2.031786 2.104605
v 0.938762 2.030653 2.098884
v 0.948721 2.027464 2.092070
v 0.957438 2.022657 2.084448
v 0.964939 2.016655 2.076212
v 0.976496 2.002452 2.058452
v 0.984144 1.985885 2.038305
v 0.987328 1.968150 2.016071
v 0.985332 1.950869 1.993002
v 0.977683 1.935095 1.970155
v 0.963976 1.921606 1.948821
v 0.935561 1.905165 1.914958
v 0.904421 1.894550 1.877847
v 1.122106 1.894550 1.756464
v 1.323746 1.894550 1.609964
v 1.506457 1.894550 1.440442
v 1.532129 1.905165 1.481526
v 1.555554 1.921606 1.519014
v 1.571934 1.935363 1.538950
v 1.591753 1.951500 1.553416
v 1.613461 1.969095 1.562338
v 1.635521 1.986748 1.565905
v 1.656960 2.003197 1.564635
v 1.677187 2.017142 1.558994
v 1.687082 2.022940 1.554434
v 1.696831 2.027600 1.548550
v 1.706211 2.030688 1.541279
v 1.714921 2.031786 1.532660
v 1.909956 2.031786 1.281432
v 2.068469 2.031786 1.005701
v 2.187430 2.031786 0.710739
v 2.264563 2.031786 0.402187
v 2.298394 2.031786 0.085944
v 2.288275 2.031786 -0.231942
v 2.286251 2.030653 -0.244225
v 2.282848 2.027464 -0.255803
v 2.278293 2.022657 -0.266448
v 2.272777 2.016655 -0.276127
v 2.259458 2.002452 -0.292606
v 2.242660 1.985885 -0.306105
v 2.222499 1.968150 -0.316004
v 2.199941 1.950869 -0.321235
v 2.175849 1.935095 -0.321020
v 2.151324 1.921606 -0.314576
v 2.110337 1.905165 -0.298017
v 2.065420 1.894550 -0.279869
v 2.017246 1.894550 -0.524409
v 1.940227 1.894550 -0.761451
v 1.835463 1.894550 -0.987605
v 1.882469 1.905165 -0.999325
v 1.925361 1.921606 -1.010019
v 1.949383 1.935363 -1.019436
v 1.969265 1.951500 -1.033815
v 1.984459 1.969095 -1.051704
v 1.994668 1.986748 -1.071582
v 2.000085 2.003197 -1.092364
v 2.000970 2.017142 -1.113344
v 1.999692 2.022940 -1.124164
v 1.997109 2.027600 -1.135254
v 1.993092 2.030688 -1.146422
v 1.987586 2.031786 -1.157369
v 1.808923 2.031786 -1.420492
v 1.595671 2.031786 -1.656453
v 1.351906 2.031786 -1.860739
v 1.082291 2.031786 -2.029445
v 0.791980 2.031786 -2.159344
v 0.486526 2.031786 -2.247953
v 0.474219 2.030653 -2.249824
v 0.462156 2.027464 -2.250164
v 0.450624 2.022657 -2.249122
v 0.439715 2.016655 -2.246867
v 0.419926 2.002452 -2.239293
v 0.401897 1.985885 -2.227488
v 0.386252 1.968150 -2.211372
v 0.374307 1.950869 -2.191536
v 0.367066 1.935095 -2.168556
v 0.365616 1.921606 -2.143240
v 0.368699 1.905165 -2.099142
v 0.372079 1.894550 -2.050816
v 0.124620 1.894550 -2.080566
v -0.124620 1.894550 -2.080566
v -0.372079 1.894550 -2.050816
v -0.368699 1.905165 -2.099142
v -0.365616 1.921606 -2.143240
v -0.367149 1.935363 -2.168996
v -0.374680 1.951500 -2.192349
v -0.386998 1.969095 -2.212327
v -0.402749 1.986748 -2.228179
v -0.420839 2.003197 -2.239753
v -0.440519 2.017142 -2.247078
v -0.451204 2.022940 -2.249206
v -0.462550 2.027600 -2.250176
v -0.474413 2.030688 -2.249807
v -0.486526 2.031786 -2.247953
v -0.791980 2.031786 -2.159344
v -1.082291 2.031786 -2.029445
v -1.351906 2.031786 -1.860739
v -1.595671 2.031786 -1.656453
v -1.808923 2.031786 -1.420492
v -1.987586 2.031786 -1.157369
v -1.993168 2.030653 -1.146242
v -1.997220 2.027464 -1.134876
v -1.999792 2.022657 -1.123586
v -2.001018 2.016655 -1.112514
v -1.999930 2.002452 -1.091353
v -1.994275 1.985885 -1.070558
v -1.983782 1.968150 -1.050699
v -1.968607 1.950869 -1.033209
v -1.948990 1.935095 -1.019221
v -1.925361 1.921606 -1.010019
v -1.882469 1.905165 -0.999325
v -0.000000 2.058481 2.315538
v -0.000000 2.127280 2.341261
v -1.465975 1.913354 1.579945
v 0.321230 1.913354 -2.131225
v 2.101260 1.913354 -0.479599
v -2.006319 1.913354 -0.787395
v -2.066405 1.948401 -0.810982
v -2.117081 1.997708 -0.830876
v -2.155477 2.058481 -0.845951
v -2.179420 2.127280 -0.855354
v -2.027591 2.127280 -1.170630
v -2.005315 2.058481 -1.157769
v -2.101260 1.913354 -0.479599
v -2.164191 1.948401 -0.493962
v -2.217267 1.997708 -0.506077
v -2.257483 2.058481 -0.515256
v -2.282560 2.127280 -0.520980
v -2.309063 2.058481 -0.173040
v -2.334714 2.127280 -0.174963
v -2.309063 2.058481 0.173040
v -2.334714 2.127280 0.174963
v -2.257483 2.058481 0.515256
v -2.282560 2.127280 0.520980
v -2.155473 2.058481 0.845961
v -2.179418 2.127280 0.855359
v -2.005315 2.058481 1.157769
v -2.027591 2.127280 1.170630
v -1.810360 2.058481 1.443714
v -1.830471 2.127280 1.459752
v -1.509880 1.948401 1.627263
v -1.546909 1.997708 1.667171
v -1.574966 2.058481 1.697409
v -1.592462 2.127280 1.716266
v -1.214122 1.913354 1.780791
v -1.250484 1.948401 1.834124
v -1.281152 1.997708 1.879105
v -1.304389 2.058481 1.913187
v -1.318879 2.127280 1.934440
v -0.988117 1.997708 2.048417
v -1.005584 2.058481 2.085789
v -1.016295 2.127280 2.109182
v -0.682517 2.058481 2.212665
v -0.690099 2.127280 2.237245
v -0.345113 2.058481 2.289675
v -0.348947 2.127280 2.315111
v 0.345113 2.058481 2.289675
v 0.348947 2.127280 2.315111
v 0.682517 2.058481 2.212665
v 0.690099 2.127280 2.237245
v 0.988713 1.997708 2.048129
v 1.005989 2.058481 2.085594
v 1.016500 2.127280 2.109083
v 1.214122 1.913354 1.780791
v 1.250484 1.948401 1.834124
v 1.281152 1.997708 1.879105
v 1.304389 2.058481 1.913187
v 1.318879 2.127280 1.934440
v 1.465975 1.913354 1.579945
v 1.509880 1.948401 1.627263
v 1.546909 1.997708 1.667171
v 1.574966 2.058481 1.697409
v 1.592462 2.127280 1.716266
v 1.810360 2.058481 1.443714
v 1.830471 2.127280 1.459752
v 2.005315 2.058481 1.157769
v 2.027591 2.127280 1.170630
v 2.155473 2.058481 0.845961
v 2.179418 2.127280 0.855359
v 2.257483 2.058481 0.515256
v 2.282560 2.127280 0.520980
v 2.309063 2.058481 0.173040
v 2.334714 2.127280 0.174963
v 2.309063 2.058481 -0.173040
v 2.334714 2.127280 -0.174963
v 2.164191 1.948401 -0.493962
v 2.217267 1.997708 -0.506077
v 2.257483 2.058481 -0.515256
v 2.282560 2.127280 -0.520980
v 2.006319 1.913354 -0.787395
v 2.066405 1.948401 -0.810982
v 2.117081 1.997708 -0.830876
v 2.155477 2.058481 -0.845951
v 2.179420 2.127280 -0.855354
v 2.005315 2.058481 -1.157769
v 2.027591 2.127280 -1.170630
v 1.810360 2.058481 -1.443714
v 1.830471 2.127280 -1.459752
v 1.574966 2.058481 -1.697409
v 1.592462 2.127280 -1.716266
v 1.304389 2.058481 -1.913187
v 1.318879 2.127280 -1.934440
v 1.004674 2.058481 -2.086228
v 1.015835 2.127280 -2.109403
v 0.682517 2.058481 -2.212665
v 0.690099 2.127280 -2.237245
v 0.330851 1.948401 -2.195053
v 0.338965 1.997708 -2.248886
v 0.345113 2.058481 -2.289675
v 0.348947 2.127280 -2.315111
v 0.000000 1.913354 -2.155298
v 0.000000 1.948401 -2.219847
v 0.000000 1.997708 -2.274288
v 0.000000 2.058481 -2.315538
v 0.000000 2.127280 -2.341261
v -0.321230 1.913354 -2.131225
v -0.330851 1.948401 -2.195053
v -0.338965 1.997708 -2.248886
v -0.345113 2.058481 -2.289675
v -0.348947 2.127280 -2.315111
v -0.682517 2.058481 -2.212665
v -0.690099 2.127280 -2.237245
v -1.004674 2.058481 -2.086228
v -1.015835 2.127280 -2.109403
v -1.304389 2.058481 -1.913187
v -1.318879 2.127280 -1.934440
v -1.574966 2.058481 -1.697409
v -1.592462 2.127280 -1.716266
v -1.810360 2.058481 -1.443714
v -1.830471 2.127280 -1.459752
v 0.000000 1.707351 -0.752308
v -0.194712 1.707351 -0.726674
v -0.376154 1.707351 -0.651518
v -0.531962 1.707351 -0.531962
v -0.651518 1.707351 -0.376154
v -0.726674 1.707351 -0.194712
v -0.752308 1.707351 0.000000
v -0.726674 1.707351 0.194712
v -0.651518 1.707351 0.376154
v -0.531962 1.707351 0.531962
v -0.376154 1.707351 0.651518
v -0.194712 1.707351 0.726674
v 0.000000 1.707351 0.752308
v 0.194712 1.707351 0.726674
v 0.376154 1.707351 0.651518
v 0.531962 1.707351 0.531962
v 0.651518 1.707351 0.376154
v 0.726674 1.707351 0.194712
v 0.752308 1.707351 -0.000000
v 0.726674 1.707351 -0.194712
v 0.651518 1.707351 -0.376154
v 0.531962 1.707351 -0.531962
v 0.376154 1.707351 -0.651518
v 0.194712 1.707351 -0.726674
v -1.389660 1.864643 1.253528
v -1.292496 1.839971 1.098033
v -1.210298 1.819297 0.966489
v -1.139765 1.801749 0.853612
v -1.082952 1.785619 0.735695
v -1.053464 1.772790 0.611179
v -1.051475 1.763936 0.477606
v -1.077960 1.760915 0.350250
v -1.131391 1.763936 0.231650
v -1.211512 1.772790 0.124756
v -1.308558 1.785619 0.041353
v -1.423830 1.801749 -0.020650
v -1.547239 1.819297 -0.070510
v -1.691059 1.839971 -0.128617
v -1.861064 1.864643 -0.197304
v -1.621604 1.864643 -0.934284
v -1.443694 1.839971 -0.889926
v -1.293188 1.819297 -0.852401
v -1.164040 1.801749 -0.820200
v -1.034338 1.785619 -0.802607
v -0.906804 1.772790 -0.813039
v -0.779154 1.763936 -0.852424
v -0.666216 1.760915 -0.916968
v -0.569931 1.763936 -1.004433
v -0.493028 1.772790 -1.113665
v -0.443696 1.785619 -1.231733
v -0.420349 1.801749 -1.360524
v -0.411064 1.819297 -1.493301
v -0.400244 1.839971 -1.648037
v -0.387454 1.864643 -1.830947
v 0.387454 1.864643 -1.830947
v 0.400244 1.839971 -1.648037
v 0.411064 1.819297 -1.493301
v 0.420349 1.801749 -1.360524
v 0.443696 1.785619 -1.231733
v 0.493028 1.772790 -1.113665
v 0.569931 1.763936 -1.004433
v 0.666216 1.760915 -0.916968
v 0.779154 1.763936 -0.852424
v 0.906804 1.772790 -0.813039
v 1.034338 1.785619 -0.802607
v 1.164040 1.801749 -0.820200
v 1.293188 1.819297 -0.852401
v 1.443694 1.839971 -0.889926
v 1.621604 1.864643 -0.934284
v 1.861064 1.864643 -0.197304
v 1.691059 1.839971 -0.128617
v 1.547239 1.819297 -0.070510
v 1.423830 1.801749 -0.020650
v 1.308558 1.785619 0.041353
v 1.211512 1.772790 0.124756
v 1.131391 1.763936 0.231650
v 1.077960 1.760915 0.350250
v 1.051475 1.763936 0.477606
v 1.053464 1.772790 0.611179
v 1.082952 1.785619 0.735695
v 1.139765 1.801749 0.853612
v 1.210298 1.819297 0.966489
v 1.292496 1.839971 1.098033
v 1.389660 1.864643 1.253528
v 0.762747 1.864643 1.709007
v 0.644888 1.839971 1.568548
v 0.545183 1.819297 1.449723
v 0.459627 1.801749 1.347762
v 0.365037 1.785619 1.257291
v 0.255728 1.772790 1.190768
v 0.129307 1.763936 1.147601
v 0.000000 1.760915 1.133434
v -0.129307 1.763936 1.147601
v -0.255728 1.772790 1.190768
v -0.365037 1.785619 1.257291
v -0.459627 1.801749 1.347762
v -0.545183 1.819297 1.449723
v -0.644888 1.839971 1.568548
v -0.762747 1.864643 1.709007
v 0.000000 1.748741 -0.696014
v 0.180142 1.748741 -0.672298
v 0.348007 1.748741 -0.602766
v 0.492156 1.748741 -0.492156
v 0.602766 1.748741 -0.348007
v 0.672298 1.748741 -0.180142
v 0.696014 1.748741 -0.000000
v 0.672298 1.748741 0.180142
v 0.602766 1.748741 0.348007
v 0.492156 1.748741 0.492156
v 0.348007 1.748741 0.602766
v 0.180142 1.748741 0.672298
v 0.000000 1.748741 0.696014
v -0.180142 1.748741 0.672298
v -0.348007 1.748741 0.602766
v -0.492156 1.748741 0.492156
v -0.602766 1.748741 0.348007
v -0.672298 1.748741 0.180142
v -0.696014 1.748741 0.000000
v -0.672298 1.748741 -0.180142
v -0.602766 1.748741 -0.348007
v -0.492156 1.748741 -0.492156
v -0.348007 1.748741 -0.602766
v -0.180142 1.748741 -0.672298
v 0.000000 2.000000 -0.400000
v -0.103528 2.000000 -0.386370
v -0.200000 2.000000 -0.346410
v -0.282843 2.000000 -0.282843
v -0.346410 2.000000 -0.200000
v -0.386370 2.000000 -0.103528
v -0.400000 2.000000 0.000000
v -0.386370 2.000000 0.103528
v -0.346410 2.000000 0.200000
v -0.282843 2.000000 0.282843
v -0.200000 2.000000 0.346410
v -0.103528 2.000000 0.386370
v 0.000000 2.000000 0.400000
v 0.103528 2.000000 0.386370
v 0.200000 2.000000 0.346410
v 0.282843 2.000000 0.282843
v 0.346410 2.000000 0.200000
v 0.386370 2.000000 0.103528
v 0.400000 2.000000 -0.000000
v 0.386370 2.000000 -0.103528
v 0.346410 2.000000 -0.200000
v 0.282843 2.000000 -0.282843
v 0.200000 2.000000 -0.346410
v 0.103528 2.000000 -0.386370
v 0.000000 1.816216 0.676575
v 0.000000 1.877324 0.641984
v 0.000000 1.928716 0.594136
v 0.000000 1.967579 0.535652
v 0.000000 1.991782 0.469736
v 0.175111 1.816216 -0.653522
v 0.166158 1.877324 -0.620109
v 0.153774 1.928716 -0.573891
v 0.138637 1.967579 -0.517400
v 0.121577 1.991782 -0.453730
v 0.000000 1.991782 -0.469736
v 0.000000 1.967579 -0.535652
v 0.000000 1.928716 -0.594136
v 0.000000 1.877324 -0.641984
v 0.000000 1.816216 -0.676575
v 0.338288 1.816216 -0.585931
v 0.320992 1.877324 -0.555975
v 0.297068 1.928716 -0.514537
v 0.267826 1.967579 -0.463888
v 0.234868 1.991782 -0.406804
v 0.478411 1.816216 -0.478411
v 0.453951 1.877324 -0.453951
v 0.420118 1.928716 -0.420118
v 0.378763 1.967579 -0.378763
v 0.332154 1.991782 -0.332154
v 0.585931 1.816216 -0.338288
v 0.555975 1.877324 -0.320992
v 0.514537 1.928716 -0.297068
v 0.463888 1.967579 -0.267826
v 0.406804 1.991782 -0.234868
v 0.653522 1.816216 -0.175111
v 0.620109 1.877324 -0.166158
v 0.573891 1.928716 -0.153774
v 0.517400 1.967579 -0.138637
v 0.453730 1.991782 -0.121577
v 0.676575 1.816216 -0.000000
v 0.641984 1.877324 -0.000000
v 0.594136 1.928716 -0.000000
v 0.535652 1.967579 -0.000000
v 0.469736 1.991782 -0.000000
v 0.653522 1.816216 0.175111
v 0.620109 1.877324 0.166158
v 0.573891 1.928716 0.153774
v 0.517400 1.967579 0.138637
v 0.453730 1.991782 0.121577
v 0.585931 1.816216 0.338288
v 0.555975 1.877324 0.320992
v 0.514537 1.928716 0.297068
v 0.463888 1.967579 0.267826
v 0.406804 1.991782 0.234868
v 0.478411 1.816216 0.478411
v 0.453951 1.877324 0.453951
v 0.420118 1.928716 0.420118
v 0.378763 1.967579 0.378763
v 0.332154 1.991782 0.332154
v 0.338288 1.816216 0.585931
v 0.320992 1.877324 0.555975
v 0.297068 1.928716 0.514537
v 0.267826 1.967579 0.463888
v 0.234868 1.991782 0.406804
v 0.175111 1.816216 0.653522
v 0.166158 1.877324 0.620109
v 0.153774 1.928716 0.573891
v 0.138637 1.967579 0.517400
v 0.121577 1.991782 0.453730
v -0.175111 1.816216 0.653522
v -0.166158 1.877324 0.620109
v -0.153774 1.928716 0.573891
v -0.138637 1.967579 0.517400
v -0.121577 1.991782 0.453730
v -0.338288 1.816216 0.585931
v -0.320992 1.877324 0.555975
v -0.297068 1.928716 0.514537
v -0.267826 1.967579 0.463888
v -0.234868 1.991782 0.406804
v -0.478411 1.816216 0.478411
v -0.453951 1.877324 0.453951
v -0.420118 1.928716 0.420118
v -0.378763 1.967579 0.378763
v -0.332154 1.991782 0.332154
v -0.585931 1.816216 0.338288
v -0.555975 1.877324 0.320992
v -0.514537 1.928716 0.297068
v -0.463888 1.967579 0.267826
v -0.406804 1.991782 0.234868
v -0.653522 1.816216 0.175111
v -0.620109 1.877324 0.166158
v -0.573891 1.928716 0.153774
v -0.517400 1.967579 0.138637
v -0.453730 1.991782 0.121577
v -0.676575 1.816216 0.000000
v -0.641984 1.877324 0.000000
v -0.594136 1.928716 0.000000
v -0.535652 1.967579 0.000000
v -0.469736 1.991782 0.000000
v -0.653522 1.816216 -0.175111
v -0.620109 1.877324 -0.166158
v -0.573891 1.928716 -0.153774
v -0.517400 1.967579 -0.138637
v -0.453730 1.991782 -0.121577
v -0.585931 1.816216 -0.338288
v -0.555975 1.877324 -0.320992
v -0.514537 1.928716 -0.297068
v -0.463888 1.967579 -0.267826
v -0.406804 1.991782 -0.234868
v -0.478411 1.816216 -0.478411
v -0.453951 1.877324 -0.453951
v -0.420118 1.928716 -0.420118
v -0.378763 1.967579 -0.378763
v -0.332154 1.991782 -0.332154
v -0.338288 1.816216 -0.585931
v -0.320992 1.877324 -0.555975
v -0.297068 1.928716 -0.514537
v -0.267826 1.967579 -0.463888
v -0.234868 1.991782 -0.406804
v -0.175111 1.816216 -0.653522
v -0.166158 1.877324 -0.620109
v -0.153774 1.928716 -0.573891
v -0.138637 1.967579 -0.517400
v -0.121577 1.991782 -0.453730
v 0.000000 1.950208 0.400000
v 0.103528 1.950208 0.386370
v 0.200000 1.950208 0.346410
v 0.282843 1.950208 0.282843
v 0.346410 1.950208 0.200000
v 0.386370 1.950208 0.103528
v 0.400000 1.950208 0.000000
v 0.386370 1.950208 -0.103528
v 0.346410 1.950208 -0.200000
v 0.282843 1.950208 -0.282843
v 0.200000 1.950208 -0.346410
v 0.103528 1.950208 -0.386370
v 0.000000 1.950208 -0.400000
v -0.103528 1.950208 -0.386370
v -0.200000 1.950208 -0.346410
v -0.282843 1.950208 -0.282843
v -0.346410 1.950208 -0.200000
v -0.386370 1.950208 -0.103528
v -0.400000 1.950208 -0.000000
v -0.386370 1.950208 0.103528
v -0.346410 1.950208 0.200000
v -0.282843 1.950208 0.282843
v -0.200000 1.950208 0.346410
v -0.103528 1.950208 0.386370
v 0.000000 1.900208 0.350000
v -0.090587 1.900208 0.338074
v -0.175000 1.900208 0.303109
v -0.247487 1.900208 0.247487
v -0.303109 1.900208 0.175000
v -0.338074 1.900208 0.090587
v -0.350000 1.900208 -0.000000
v -0.338074 1.900208 -0.090587
v -0.303109 1.900208 -0.175000
v -0.247487 1.900208 -0.247487
v -0.175000 1.900208 -0.303109
v -0.090587 1.900208 -0.338074
v 0.000000 1.900208 -0.350000
v 0.090587 1.900208 -0.338074
v 0.175000 1.900208 -0.303109
v 0.247487 1.900208 -0.247487
v 0.303109 1.900208 -0.175000
v 0.338074 1.900208 -0.090587
v 0.350000 1.900208 0.000000
v 0.338074 1.900208 0.090587
v 0.303109 1.900208 0.175000
v 0.247487 1.900208 0.247487
v 0.175000 1.900208 0.303109
v 0.090587 1.900208 0.338074
v 0.987315 2.100000 2.016439
v 0.984066 2.100000 2.038599
v 0.975965 2.100000 2.059481
v 0.963420 2.100000 2.078035
v 0.947060 2.100000 2.093332
v 0.927706 2.100000 2.104605
v 0.628505 2.100000 2.212460
v 0.317286 2.100000 2.278010
v 0.000000 2.100000 2.300000
v -0.317286 2.100000 2.278010
v -0.628505 2.100000 2.212460
v -0.927706 2.100000 2.104605
v -0.947060 2.100000 2.093332
v -0.963420 2.100000 2.078035
v -0.975965 2.100000 2.059481
v -0.984066 2.100000 2.038599
v -0.987315 2.100000 2.016439
v 2.222845 2.100000 -0.315879
v 2.242916 2.100000 -0.305940
v 2.260272 2.100000 -0.291783
v 2.274042 2.100000 -0.274119
v 2.283535 2.100000 -0.253833
v 2.288275 2.100000 -0.231942
v 2.298394 2.100000 0.085944
v 2.264563 2.100000 0.402187
v 2.187430 2.100000 0.710739
v 2.068469 2.100000 1.005701
v 1.909956 2.100000 1.281432
v 1.714921 2.100000 1.532660
v 1.698220 2.100000 1.547583
v 1.678616 2.100000 1.558415
v 1.657093 2.100000 1.564612
v 1.634730 2.100000 1.565864
v 1.612650 2.100000 1.562107
v 0.386478 2.100000 -2.211663
v 0.402133 2.100000 -2.227681
v 0.420960 2.100000 -2.239813
v 0.442015 2.100000 -2.247450
v 0.464242 2.100000 -2.250210
v 0.486526 2.100000 -2.247953
v 0.791980 2.100000 -2.159344
v 1.082291 2.100000 -2.029445
v 1.351906 2.100000 -1.860739
v 1.595671 2.100000 -1.656453
v 1.808923 2.100000 -1.420492
v 1.987586 2.100000 -1.157369
v 1.996618 2.100000 -1.136873
v 2.000862 2.100000 -1.114882
v 2.000105 2.100000 -1.092497
v 1.994384 2.100000 -1.070842
v 1.983988 2.100000 -1.051004
v -1.983988 2.100000 -1.051004
v -1.994384 2.100000 -1.070842
v -2.000105 2.100000 -1.092497
v -2.000862 2.100000 -1.114882
v -1.996618 2.100000 -1.136873
v -1.987586 2.100000 -1.157369
v -1.808923 2.100000 -1.420492
v -1.595671 2.100000 -1.656453
v -1.351906 2.100000 -1.860739
v -1.082291 2.100000 -2.029445
v -0.791980 2.100000 -2.159344
v -0.486526 2.100000 -2.247953
v -0.464242 2.100000 -2.250210
v -0.442015 2.100000 -2.247450
v -0.420960 2.100000 -2.239813
v -0.402133 2.100000 -2.227681
v -0.386478 2.100000 -2.211663
v -1.612650 2.100000 1.562107
v -1.634730 2.100000 1.565864
v -1.657093 2.100000 1.564612
v -1.678616 2.100000 1.558415
v -1.698220 2.100000 1.547583
v -1.714921 2.100000 1.532660
v -1.909956 2.100000 1.281432
v -2.068469 2.100000 1.005701
v -2.187430 2.100000 0.710739
v -2.264563 2.100000 0.402187
v -2.298394 2.100000 0.085944
v -2.288275 2.100000 -0.231942
v -2.283535 2.100000 -0.253833
v -2.274042 2.100000 -0.274119
v -2.260272 2.100000 -0.291783
v -2.242916 2.100000 -0.305940
v -2.222845 2.100000 -0.315879
v -0.000000 1.937267 -0.398296
v -0.000000 1.925208 -0.393301
v -0.000000 1.914853 -0.385355
v -0.000000 1.906907 -0.375000
v -0.000000 1.901912 -0.362941
v -0.103087 1.937267 0.384725
v -0.101794 1.925208 0.379900
v -0.099737 1.914853 0.372225
v -0.097057 1.906907 0.362222
v -0.093936 1.901912 0.350574
v 0.000000 1.901912 0.362941
v 0.000000 1.906907 0.375000
v 0.000000 1.914853 0.385355
v 0.000000 1.925208 0.393301
v 0.000000 1.937267 0.398296
v -0.199148 1.937267 0.344935
v -0.196651 1.925208 0.340609
v -0.192678 1.914853 0.333728
v -0.187500 1.906907 0.324760
v -0.181470 1.901912 0.314316
v -0.281638 1.937267 0.281638
v -0.278106 1.925208 0.278106
v -0.272487 1.914853 0.272487
v -0.265165 1.906907 0.265165
v -0.256638 1.901912 0.256638
v -0.344935 1.937267 0.199148
v -0.340609 1.925208 0.196651
v -0.333728 1.914853 0.192678
v -0.324760 1.906907 0.187500
v -0.314316 1.901912 0.181470
v -0.384725 1.937267 0.103087
v -0.379900 1.925208 0.101794
v -0.372225 1.914853 0.099737
v -0.362222 1.906907 0.097057
v -0.350574 1.901912 0.093936
v -0.398296 1.937267 -0.000000
v -0.393301 1.925208 -0.000000
v -0.385355 1.914853 -0.000000
v -0.375000 1.906907 -0.000000
v -0.362941 1.901912 -0.000000
v -0.384725 1.937267 -0.103087
v -0.379900 1.925208 -0.101794
v -0.372225 1.914853 -0.099737
v -0.362222 1.906907 -0.097057
v -0.350574 1.901912 -0.093936
v -0.344935 1.937267 -0.199148
v -0.340609 1.925208 -0.196651
v -0.333728 1.914853 -0.192678
v -0.324760 1.906907 -0.187500
v -0.314316 1.901912 -0.181470
v -0.281638 1.937267 -0.281638
v -0.278106 1.925208 -0.278106
v -0.272487 1.914853 -0.272487
v -0.265165 1.906907 -0.265165
v -0.256638 1.901912 -0.256638
v -0.199148 1.937267 -0.344935
v -0.196651 1.925208 -0.340609
v -0.192678 1.914853 -0.333728
v -0.187500 1.906907 -0.324760
v -0.181470 1.901912 -0.314316
v -0.103087 1.937267 -0.384725
v -0.101794 1.925208 -0.379900
v -0.099737 1.914853 -0.372225
v -0.097057 1.906907 -0.362222
v -0.093936 1.901912 -0.350574
v 0.103087 1.937267 -0.384725
v 0.101794 1.925208 -0.379900
v 0.099737 1.914853 -0.372225
v 0.097057 1.906907 -0.362222
v 0.093936 1.901912 -0.350574
v 0.199148 1.937267 -0.344935
v 0.196651 1.925208 -0.340609
v 0.192678 1.914853 -0.333728
v 0.187500 1.906907 -0.324760
v 0.181470 1.901912 -0.314316
v 0.281638 1.937267 -0.281638
v 0.278106 1.925208 -0.278106
v 0.272487 1.914853 -0.272487
v 0.265165 1.906907 -0.265165
v 0.256638 1.901912 -0.256638
v 0.344935 1.937267 -0.199148
v 0.340609 1.925208 -0.196651
v 0.333728 1.914853 -0.192678
v 0.324760 1.906907 -0.187500
v 0.314316 1.901912 -0.181470
v 0.384725 1.937267 -0.103087
v 0.379900 1.925208 -0.101794
v 0.372225 1.914853 -0.099737
v 0.362222 1.906907 -0.097057
v 0.350574 1.901912 -0.093936
v 0.398296 1.937267 0.000000
v 0.393301 1.925208 0.000000
v 0.385355 1.914853 0.000000
v 0.375000 1.906907 0.000000
v 0.362941 1.901912 0.000000
v 0.384725 1.937267 0.103087
v 0.379900 1.925208 0.101794
v 0.372225 1.914853 0.099737
v 0.362222 1.906907 0.097057
v 0.350574 1.901912 0.093936
v 0.344935 1.937267 0.199148
v 0.340609 1.925208 0.196651
v 0.333728 1.914853 0.192678
v 0.324760 1.906907 0.187500
v 0.314316 1.901912 0.181470
v 0.281638 1.937267 0.281638
v 0.278106 1.925208 0.278106
v 0.272487 1.914853 0.272487
v 0.265165 1.906907 0.265165
v 0.256638 1.901912 0.256638
v 0.199148 1.937267 0.344935
v 0.196651 1.925208 0.340609
v 0.192678 1.914853 0.333728
v 0.187500 1.906907 0.324760
v 0.181470 1.901912 0.314316
v 0.103087 1.937267 0.384725
v 0.101794 1.925208 0.379900
v 0.099737 1.914853 0.372225
v 0.097057 1.906907 0.362222
v 0.093936 1.901912 0.350574
v -0.000000 1.707214 -0.739451
v -0.000000 1.710360 -0.726984
v -0.000000 1.716581 -0.715732
v -0.000000 1.725467 -0.706438
v -0.000000 1.736428 -0.699717
v 0.183894 1.707214 -0.716220
v 0.180794 1.710360 -0.704145
v 0.177995 1.716581 -0.693246
v 0.175684 1.725467 -0.684244
v 0.174013 1.736428 -0.677734
v 0.356233 1.707214 -0.647986
v 0.350227 1.710360 -0.637061
v 0.344806 1.716581 -0.627200
v 0.340329 1.725467 -0.619056
v 0.337091 1.736428 -0.613167
v 0.506189 1.707214 -0.539037
v 0.497655 1.710360 -0.529949
v 0.489952 1.716581 -0.521746
v 0.483590 1.725467 -0.514971
v 0.478989 1.736428 -0.510072
v 0.624339 1.707214 -0.396218
v 0.613813 1.710360 -0.389538
v 0.604312 1.716581 -0.383508
v 0.596465 1.725467 -0.378528
v 0.590791 1.736428 -0.374927
v 0.703260 1.707214 -0.228503
v 0.691403 1.710360 -0.224650
v 0.680701 1.716581 -0.221173
v 0.671862 1.725467 -0.218301
v 0.665470 1.736428 -0.216224
v 0.737992 1.707214 -0.046431
v 0.725550 1.710360 -0.045648
v 0.714319 1.716581 -0.044941
v 0.705044 1.725467 -0.044358
v 0.698336 1.736428 -0.043936
v 0.726353 1.707214 0.138559
v 0.714107 1.710360 0.136223
v 0.703054 1.716581 0.134115
v 0.693925 1.725467 0.132373
v 0.687323 1.736428 0.131114
v 0.669075 1.707214 0.314843
v 0.657795 1.710360 0.309535
v 0.647613 1.716581 0.304744
v 0.639204 1.725467 0.300787
v 0.633123 1.736428 0.297925
v 0.569757 1.707214 0.471344
v 0.560151 1.710360 0.463397
v 0.551481 1.716581 0.456224
v 0.544320 1.725467 0.450300
v 0.539141 1.736428 0.446016
v 0.434638 1.707214 0.598229
v 0.427311 1.710360 0.588142
v 0.420696 1.716581 0.579039
v 0.415234 1.725467 0.571520
v 0.411283 1.736428 0.566083
v 0.272210 1.707214 0.687524
v 0.267621 1.710360 0.675933
v 0.263478 1.716581 0.665470
v 0.260057 1.725467 0.656829
v 0.257583 1.736428 0.650580
v 0.092678 1.707214 0.733620
v 0.091115 1.710360 0.721252
v 0.089705 1.716581 0.710088
v 0.088540 1.725467 0.700867
v 0.087698 1.736428 0.694199
v -0.092678 1.707214 0.733620
v -0.091115 1.710360 0.721252
v -0.089705 1.716581 0.710088
v -0.088540 1.725467 0.700867
v -0.087698 1.736428 0.694199
v -0.272210 1.707214 0.687524
v -0.267621 1.710360 0.675933
v -0.263478 1.716581 0.665470
v -0.260057 1.725467 0.656829
v -0.257583 1.736428 0.650580
v -0.434638 1.707214 0.598229
v -0.427311 1.710360 0.588142
v -0.420696 1.716581 0.579039
v -0.415234 1.725467 0.571520
v -0.411283 1.736428 0.566083
v -0.569757 1.707214 0.471344
v -0.560151 1.710360 0.463397
v -0.551481 1.716581 0.456224
v -0.544320 1.725467 0.450300
v -0.539141 1.736428 0.446016
v -0.669075 1.707214 0.314843
v -0.657795 1.710360 0.309535
v -0.647613 1.716581 0.304744
v -0.639204 1.725467 0.300787
v -0.633123 1.736428 0.297925
v -0.726353 1.707214 0.138559
v -0.714107 1.710360 0.136223
v -0.703054 1.716581 0.134115
v -0.693925 1.725467 0.132373
v -0.687323 1.736428 0.131114
v -0.737992 1.707214 -0.046431
v -0.725550 1.710360 -0.045648
v -0.714319 1.716581 -0.044941
v -0.705044 1.725467 -0.044358
v -0.698336 1.736428 -0.043936
v -0.703260 1.707214 -0.228503
v -0.691403 1.710360 -0.224650
v -0.680701 1.716581 -0.221173
v -0.671862 1.725467 -0.218301
v -0.665470 1.736428 -0.216224
v -0.624339 1.707214 -0.396218
v -0.613813 1.710360 -0.389538
v -0.604312 1.716581 -0.383508
v -0.596465 1.725467 -0.378528
v -0.590791 1.736428 -0.374927
v -0.506189 1.707214 -0.539037
v -0.497655 1.710360 -0.529949
v -0.489952 1.716581 -0.521746
v -0.483590 1.725467 -0.514971
v -0.478989 1.736428 -0.510072
v -0.356233 1.707214 -0.647986
v -0.350227 1.710360 -0.637061
v -0.344806 1.716581 -0.627200
v -0.340329 1.725467 -0.619056
v -0.337091 1.736428 -0.613167
v -0.183894 1.707214 -0.716220
v -0.180794 1.710360 -0.704145
v -0.177995 1.716581 -0.693246
v -0.175684 1.725467 -0.684244
v -0.174013 1.736428 -0.677734
vt 0.250000 -0.367174 0.000000
vt 0.000000 -0.367174 0.000000
vt 0.250000 -0.400553 0.000000
vt 0.000000 -0.400553 0.000000
vt 0.250000 0.400553 0.000000
vt 0.000000 0.400553 0.000000
vt 0.250000 0.367174 0.000000
vt 0.000000 0.367174 0.000000
vt 0.250000 0.333794 0.000000
vt 0.000000 0.333794 0.000000
vt 0.250000 0.300415 0.000000
vt 0.000000 0.300415 0.000000
vt 0.250000 0.267035 0.000000
vt 0.000000 0.267035 0.000000
vt 0.250000 0.233656 0.000000
vt 0.000000 0.233656 0.000000
vt 0.250000 0.200277 0.000000
vt 0.000000 0.200277 0.000000
vt 0.250000 0.166897 0.000000
vt 0.000000 0.166897 0.000000
vt 0.250000 0.133518 0.000000
vt 0.000000 0.133518 0.000000
vt 0.250000 0.100138 0.000000
vt 0.000000 0.100138 0.000000
vt 0.250000 0.066759 0.000000
vt 0.000000 0.066759 0.000000
vt 0.250000 0.033379 0.000000
vt 0.000000 0.033379 0.000000
vt 0.250000 0.000000 0.000000
vt 0.000000 0.000000 0.000000
vt 0.250000 -0.033379 0.000000
vt 0.000000 -0.033379 0.000000
vt 0.250000 -0.066759 0.000000
vt 0.000000 -0.066759 0.000000
vt 0.250000 -0.100138 0.000000
vt 0.000000 -0.100138 0.000000
vt 0.250000 -0.133518 0.000000
vt 0.000000 -0.133518 0.000000
vt 0.250000 -0.166897 0.000000
vt 0.000000 -0.166897 0.000000
vt 0.250000 -0.200277 0.000000
vt 0.000000 -0.200277 0.000000
vt 0.250000 -0.233656 0.000000
vt 0.000000 -0.233656 0.000000
vt 0.250000 -0.267035 0.000000
vt 0.000000 -0.267035 0.000000
vt 0.250000 -0.300415 0.000000
vt 0.000000 -0.300415 0.000000
vt 0.250000 -0.333794 0.000000
vt 0.000000 -0.333794 0.000000
vt -0.032999 -0.123156 0.000000
vt -0.050232 -0.798421 0.000000
vt -0.000000 -0.127500 0.000000
vt 0.149905 -0.785830 0.000000
vt 0.032999 -0.123156 0.000000
vt 0.340623 -0.723862 0.000000
vt 0.063750 -0.110418 0.000000
vt 0.509939 -0.616411 0.000000
vt 0.090156 -0.090156 0.000000
vt 0.647214 -0.470228 0.000000
vt 0.110418 -0.063750 0.000000
vt 0.743821 -0.294500 0.000000
vt 0.123156 -0.032999 0.000000
vt 0.793692 -0.100267 0.000000
vt 0.127500 0.000000 0.000000
vt 0.793692 0.100267 0.000000
vt 0.123156 0.032999 0.000000
vt 0.743821 0.294500 0.000000
vt 0.110418 0.063750 0.000000
vt 0.647214 0.470228 0.000000
vt 0.090156 0.090156 0.000000
vt 0.509939 0.616411 0.000000
vt 0.063750 0.110418 0.000000
vt 0.340623 0.723862 0.000000
vt 0.032999 0.123156 0.000000
vt 0.149905 0.785830 0.000000
vt -0.000000 0.127500 0.000000
vt -0.050232 0.798421 0.000000
vt -0.032999 0.123156 0.000000
vt -0.247214 0.760845 0.000000
vt -0.063750 0.110418 0.000000
vt -0.428661 0.675462 0.000000
vt -0.090156 0.090156 0.000000
vt -0.583175 0.547638 0.000000
vt -0.110418 0.063750 0.000000
vt -0.701045 0.385403 0.000000
vt -0.123156 0.032999 0.000000
vt -0.774867 0.198952 0.000000
vt -0.127500 0.000000 0.000000
vt -0.800000 0.000000 0.000000
vt -0.774867 -0.198952 0.000000
vt -0.247214 -0.760845 0.000000
vt -0.063750 -0.110418 0.000000
vt -0.428661 -0.675462 0.000000
vt -0.090156 -0.090156 0.000000
vt -0.583175 -0.547638 0.000000
vt -0.110418 -0.063750 0.000000
vt -0.701045 -0.385403 0.000000
vt -0.123156 -0.032999 0.000000
vt 0.115037 0.301593 0.000000
vt 0.450208 0.402124 0.000000
vt 0.115037 0.502655 0.000000
vt 0.450208 0.603186 0.000000
vt 0.115037 0.703717 0.000000
vt 0.450208 0.804248 0.000000
vt 0.115037 0.904779 0.000000
vt 0.450208 1.005310 0.000000
vt 0.115037 1.105841 0.000000
vt 0.450208 1.206372 0.000000
vt 0.115037 1.306903 0.000000
vt 0.450208 1.407434 0.000000
vt 0.115037 1.507964 0.000000
vt 0.450208 1.608495 0.000000
vt 0.115037 1.709026 0.000000
vt 0.450208 1.809557 0.000000
vt 0.115037 1.910088 0.000000
vt 0.450208 2.010619 0.000000
vt 0.115037 2.111150 0.000000
vt 0.450208 2.211681 0.000000
vt 0.115037 2.312212 0.000000
vt 0.450208 2.412743 0.000000
vt 0.115037 2.513274 0.000000
vt 0.115037 -2.513274 0.000000
vt 0.450208 -2.613805 0.000000
vt 0.450208 -2.412743 0.000000
vt 0.115037 -2.312212 0.000000
vt 0.450208 -2.211681 0.000000
vt 0.115037 -2.111150 0.000000
vt 0.450208 -2.010619 0.000000
vt 0.115037 -1.910088 0.000000
vt 0.450208 -1.809557 0.000000
vt 0.115037 -1.709026 0.000000
vt 0.450208 -1.608495 0.000000
vt 0.115037 -1.507964 0.000000
vt 0.450208 -1.407434 0.000000
vt 0.115037 -1.306903 0.000000
vt 0.450208 -1.206372 0.000000
vt 0.115037 -1.105841 0.000000
vt 0.450208 -1.005310 0.000000
vt 0.115037 -0.904779 0.000000
vt 0.450208 -0.804248 0.000000
vt 0.115037 -0.703717 0.000000
vt 0.450208 -0.603186 0.000000
vt 0.115037 -0.502655 0.000000
vt 0.450208 -0.402124 0.000000
vt 0.115037 -0.301593 0.000000
vt 0.450208 -0.201062 0.000000
vt 0.115037 -0.100531 0.000000
vt 0.450208 0.000000 0.000000
vt 0.115037 0.100531 0.000000
vt 0.450208 0.201062 0.000000
vt 0.000000 3.246321 0.000000
vt 0.358351 3.445992 0.000000
vt 0.000000 3.607023 0.000000
vt 0.336711 3.607023 0.000000
vt 0.358351 3.768055 0.000000
vt 0.000000 2.885619 0.000000
vt 0.630112 3.135333 0.000000
vt 0.514215 3.201486 0.000000
vt 0.422026 3.303416 0.000000
vt 0.000000 2.524916 0.000000
vt 1.282863 2.791948 0.000000
vt 1.282863 2.965308 0.000000
vt 1.073385 3.006442 0.000000
vt 0.000000 2.164214 0.000000
vt 0.754177 2.319093 0.000000
vt 0.899948 2.362053 0.000000
vt 1.073385 2.404094 0.000000
vt 0.000000 1.803512 0.000000
vt 0.358351 1.964543 0.000000
vt 0.422026 2.107119 0.000000
vt 0.514215 2.209049 0.000000
vt 0.000000 1.442809 0.000000
vt 0.358351 1.642480 0.000000
vt 0.336711 1.803512 0.000000
vt 0.000000 1.082107 0.000000
vt 0.630112 1.331821 0.000000
vt 0.514215 1.397974 0.000000
vt 0.422026 1.499904 0.000000
vt 0.000000 0.721405 0.000000
vt 1.282863 0.988436 0.000000
vt 1.282863 1.161796 0.000000
vt 1.073385 1.202930 0.000000
vt 0.000000 0.360702 0.000000
vt 0.754177 0.515581 0.000000
vt 0.899948 0.558541 0.000000
vt 1.073385 0.600582 0.000000
vt 0.000000 -0.000000 0.000000
vt 0.358351 0.161032 0.000000
vt 0.422026 0.303608 0.000000
vt 0.514215 0.405538 0.000000
vt 0.000000 -0.360702 0.000000
vt 0.358351 -0.161032 0.000000
vt 0.336711 -0.000000 0.000000
vt 0.000000 -0.721405 0.000000
vt 0.630112 -0.471691 0.000000
vt 0.514215 -0.405538 0.000000
vt 0.422026 -0.303608 0.000000
vt -0.000000 -1.082107 0.000000
vt 1.282863 -0.815076 0.000000
vt 1.282863 -0.641715 0.000000
vt 1.073385 -0.600582 0.000000
vt 0.000000 -1.442809 0.000000
vt 0.754177 -1.287931 0.000000
vt 0.899948 -1.244971 0.000000
vt 1.073385 -1.202930 0.000000
vt 0.000000 -1.803512 0.000000
vt 0.358351 -1.642480 0.000000
vt 0.422026 -1.499904 0.000000
vt 0.514215 -1.397974 0.000000
vt 0.000000 -2.164214 0.000000
vt 0.358351 -1.964543 0.000000
vt 0.336711 -1.803512 0.000000
vt 0.000000 -2.524916 0.000000
vt 0.630112 -2.275203 0.000000
vt 0.514215 -2.209049 0.000000
vt 0.422026 -2.107119 0.000000
vt 0.000000 -2.885619 0.000000
vt 1.282863 -2.618587 0.000000
vt 1.282863 -2.445227 0.000000
vt 1.073385 -2.404094 0.000000
vt 0.000000 -3.246321 0.000000
vt 0.754177 -3.091443 0.000000
vt 0.899948 -3.048482 0.000000
vt 1.073385 -3.006442 0.000000
vt 0.000000 -3.607023 0.000000
vt 0.358351 -3.445992 0.000000
vt 0.422026 -3.303416 0.000000
vt 0.514215 -3.201486 0.000000
vt 0.000000 -3.967726 0.000000
vt 0.358351 -3.768055 0.000000
vt 0.336711 -3.607023 0.000000
vt 0.000000 -4.328428 0.000000
vt 0.630112 -4.078714 0.000000
vt 0.514215 -4.012561 0.000000
vt 0.422026 -3.910631 0.000000
vt 0.000000 4.328428 0.000000
vt 1.282863 4.595459 0.000000
vt 0.000000 4.689130 0.000000
vt 1.282863 -4.422099 0.000000
vt 1.282863 -4.248739 0.000000
vt 1.073385 -4.207605 0.000000
vt 0.000000 3.967726 0.000000
vt 0.754177 4.122604 0.000000
vt 0.899948 4.165564 0.000000
vt 1.073385 4.207605 0.000000
vt 0.422026 3.910631 0.000000
vt 0.514215 4.012561 0.000000
vt 1.282863 -2.965308 0.000000
vt 1.282863 -2.791948 0.000000
vt 0.899948 -2.362053 0.000000
vt 0.754177 -2.319093 0.000000
vt 0.630112 -1.331821 0.000000
vt 1.282863 -1.161796 0.000000
vt 1.282863 -0.988436 0.000000
vt 0.899948 -0.558541 0.000000
vt 0.754177 -0.515581 0.000000
vt 0.630112 0.471691 0.000000
vt 1.282863 0.641715 0.000000
vt 1.282863 0.815076 0.000000
vt 0.899948 1.244971 0.000000
vt 0.754177 1.287931 0.000000
vt 0.630112 2.275203 0.000000
vt 1.282863 2.445227 0.000000
vt 1.282863 2.618587 0.000000
vt 0.899948 3.048482 0.000000
vt 0.754177 3.091443 0.000000
vt 0.630112 4.078714 0.000000
vt 1.282863 4.248739 0.000000
vt 1.282863 4.422099 0.000000
vt 0.899948 -4.165564 0.000000
vt 0.754177 -4.122604 0.000000
vt 0.630112 -3.135333 0.000000
vt 0.000000 -0.336965 0.000000
vt 0.049772 -0.168483 0.000000
vt 0.000000 0.000000 0.000000
vt 0.049772 0.168483 0.000000
vt 0.000000 0.336965 0.000000
vt 0.049772 0.505448 0.000000
vt 0.000000 0.673931 0.000000
vt 0.049772 0.842413 0.000000
vt 0.000000 1.010896 0.000000
vt 0.049772 1.179378 0.000000
vt 0.000000 1.347861 0.000000
vt 0.049772 1.516344 0.000000
vt 0.000000 1.684826 0.000000
vt 0.049772 1.853309 0.000000
vt 0.000000 2.021792 0.000000
vt 0.049772 2.190274 0.000000
vt 0.000000 2.358757 0.000000
vt 0.049772 2.527239 0.000000
vt 0.000000 2.695722 0.000000
vt 0.049772 2.864205 0.000000
vt 0.000000 3.032687 0.000000
vt 0.049772 3.201170 0.000000
vt 0.000000 3.369653 0.000000
vt 0.049772 3.538135 0.000000
vt -0.000000 3.706618 0.000000
vt 0.049772 3.875101 0.000000
vt -0.000000 4.043583 0.000000
vt 0.049772 4.212066 0.000000
vt -0.000000 4.380548 0.000000
vt 0.049772 4.549031 0.000000
vt -0.000000 4.717514 0.000000
vt 0.049772 4.885996 0.000000
vt -0.000000 5.054479 0.000000
vt 0.049772 5.222962 0.000000
vt -0.000000 5.391444 0.000000
vt 0.049772 5.559927 0.000000
vt -0.000000 5.728409 0.000000
vt 0.049772 5.897650 0.000000
vt -0.000000 6.065375 0.000000
vt 0.049772 6.234362 0.000000
vt -0.000000 6.402340 0.000000
vt 0.049772 6.571075 0.000000
vt -0.000000 6.739305 0.000000
vt 0.049772 6.907788 0.000000
vt 0.000000 7.076271 0.000000
vt 0.000000 -6.739305 0.000000
vt 0.049772 -6.907788 0.000000
vt 0.049772 -6.571075 0.000000
vt 0.000000 -6.402340 0.000000
vt 0.049772 -6.234362 0.000000
vt 0.000000 -6.065375 0.000000
vt 0.049772 -5.897650 0.000000
vt 0.000000 -5.728409 0.000000
vt 0.049772 -5.559927 0.000000
vt 0.000000 -5.391444 0.000000
vt 0.049772 -5.222962 0.000000
vt 0.000000 -5.054479 0.000000
vt 0.049772 -4.885996 0.000000
vt 0.000000 -4.717514 0.000000
vt 0.049772 -4.549031 0.000000
vt 0.000000 -4.380548 0.000000
vt 0.049772 -4.212066 0.000000
vt 0.000000 -4.043583 0.000000
vt 0.049772 -3.875101 0.000000
vt 0.000000 -3.706618 0.000000
vt 0.049772 -3.538135 0.000000
vt 0.000000 -3.369653 0.000000
vt 0.049772 -3.201170 0.000000
vt 0.000000 -3.032687 0.000000
vt 0.049772 -2.864205 0.000000
vt 0.000000 -2.695722 0.000000
vt 0.049772 -2.527239 0.000000
vt 0.000000 -2.358757 0.000000
vt 0.049772 -2.190274 0.000000
vt 0.000000 -2.021792 0.000000
vt 0.049772 -1.853309 0.000000
vt 0.000000 -1.684826 0.000000
vt 0.049772 -1.516344 0.000000
vt 0.000000 -1.347861 0.000000
vt 0.049772 -1.179378 0.000000
vt 0.000000 -1.010896 0.000000
vt 0.049772 -0.842413 0.000000
vt 0.000000 -0.673931 0.000000
vt 0.049772 -0.505448 0.000000
vt 0.104525 -4.817543 0.000000
vt 0.099544 -4.885996 0.000000
vt 0.104525 -5.153978 0.000000
vt 0.099544 -4.549031 0.000000
vt 0.104525 -4.481108 0.000000
vt 0.099544 -4.212066 0.000000
vt 0.104525 -4.144673 0.000000
vt 0.099544 -3.875101 0.000000
vt 0.104525 -3.808238 0.000000
vt 0.099544 -3.538135 0.000000
vt 0.104525 -3.471803 0.000000
vt 0.099544 -3.201170 0.000000
vt 0.104525 -3.135368 0.000000
vt 0.099544 -2.864205 0.000000
vt 0.145191 -3.131868 0.000000
vt 0.149315 -2.864205 0.000000
vt 0.164993 -3.132264 0.000000
vt 0.199087 -2.864205 0.000000
vt 0.183733 -3.134636 0.000000
vt 0.213110 -3.140613 0.000000
vt 0.248859 -2.864205 0.000000
vt 0.241616 -3.147022 0.000000
vt 0.269512 -3.153888 0.000000
vt 0.298631 -3.161517 0.000000
vt 0.298631 -2.895916 0.000000
vt 0.298631 -2.630315 0.000000
vt 0.248859 -2.527239 0.000000
vt 0.199087 -2.527239 0.000000
vt 0.213110 -2.385617 0.000000
vt 0.183733 -2.391595 0.000000
vt 0.298631 -2.364713 0.000000
vt 0.269512 -2.372342 0.000000
vt 0.241616 -2.379208 0.000000
vt 0.164442 -2.394007 0.000000
vt 0.149315 -2.527239 0.000000
vt 0.144774 -2.394352 0.000000
vt 0.099544 -2.527239 0.000000
vt 0.104525 -2.390863 0.000000
vt 0.104525 -2.054428 0.000000
vt 0.099544 -2.190274 0.000000
vt 0.104525 -1.717993 0.000000
vt 0.099544 -1.853309 0.000000
vt 0.104525 -1.381558 0.000000
vt 0.099544 -1.516344 0.000000
vt 0.104525 -1.045123 0.000000
vt 0.099544 -1.179378 0.000000
vt 0.104525 -0.708687 0.000000
vt 0.099544 -0.842413 0.000000
vt 0.104525 -0.372252 0.000000
vt 0.099544 -0.505448 0.000000
vt 0.145191 -0.368753 0.000000
vt 0.099544 -0.168483 0.000000
vt 0.149315 -0.168483 0.000000
vt 0.164993 -0.369149 0.000000
vt 0.199087 -0.168483 0.000000
vt 0.183733 -0.371520 0.000000
vt 0.213110 -0.377498 0.000000
vt 0.248859 -0.168483 0.000000
vt 0.241616 -0.383907 0.000000
vt 0.269512 -0.390773 0.000000
vt 0.298631 -0.398402 0.000000
vt 0.298631 -0.132801 0.000000
vt 0.298631 0.132801 0.000000
vt 0.248859 0.168483 0.000000
vt 0.199087 0.168483 0.000000
vt 0.213110 0.377498 0.000000
vt 0.183733 0.371520 0.000000
vt 0.298631 0.398402 0.000000
vt 0.269512 0.390773 0.000000
vt 0.241616 0.383907 0.000000
vt 0.164442 0.369108 0.000000
vt 0.149315 0.168483 0.000000
vt 0.144774 0.368763 0.000000
vt 0.099544 0.168483 0.000000
vt 0.104525 0.372252 0.000000
vt 0.104525 0.708687 0.000000
vt 0.099544 0.505448 0.000000
vt 0.104525 1.045123 0.000000
vt 0.099544 0.842413 0.000000
vt 0.104525 1.381558 0.000000
vt 0.099544 1.179378 0.000000
vt 0.104525 1.717993 0.000000
vt 0.099544 1.516344 0.000000
vt 0.104525 2.054428 0.000000
vt 0.099544 1.853309 0.000000
vt 0.104525 2.390863 0.000000
vt 0.099544 2.190274 0.000000
vt 0.145191 2.394363 0.000000
vt 0.099544 2.527239 0.000000
vt 0.149315 2.527239 0.000000
vt 0.164993 2.393966 0.000000
vt 0.199087 2.527239 0.000000
vt 0.183733 2.391595 0.000000
vt 0.213110 2.385617 0.000000
vt 0.248859 2.527239 0.000000
vt 0.241616 2.379208 0.000000
vt 0.269512 2.372342 0.000000
vt 0.298631 2.364713 0.000000
vt 0.298631 2.630315 0.000000
vt 0.248859 2.864205 0.000000
vt 0.298631 2.895916 0.000000
vt 0.269512 3.153888 0.000000
vt 0.298631 3.161517 0.000000
vt 0.241616 3.147022 0.000000
vt 0.213110 3.140613 0.000000
vt 0.199087 2.864205 0.000000
vt 0.183733 3.134636 0.000000
vt 0.164442 3.132223 0.000000
vt 0.149315 2.864205 0.000000
vt 0.144774 3.131878 0.000000
vt 0.099544 2.864205 0.000000
vt 0.104525 3.135368 0.000000
vt 0.099544 3.201170 0.000000
vt 0.104525 3.471803 0.000000
vt 0.099544 3.538135 0.000000
vt 0.104525 3.808238 0.000000
vt 0.099544 3.875101 0.000000
vt 0.104525 4.144673 0.000000
vt 0.099544 4.212066 0.000000
vt 0.104525 4.481108 0.000000
vt 0.099544 4.549031 0.000000
vt 0.104525 4.817543 0.000000
vt 0.099544 4.885996 0.000000
vt 0.104525 5.153978 0.000000
vt 0.099544 5.222962 0.000000
vt 0.099544 5.559927 0.000000
vt 0.099544 5.898407 0.000000
vt 0.099544 6.234867 0.000000
vt 0.099544 6.571328 0.000000
vt 0.099544 6.907788 0.000000
vt 0.099544 -6.907788 0.000000
vt 0.099544 -6.571328 0.000000
vt 0.104525 -6.571353 0.000000
vt 0.104525 -6.234918 0.000000
vt 0.145191 5.157478 0.000000
vt 0.149315 5.222962 0.000000
vt 0.149315 5.559927 0.000000
vt 0.144774 5.894993 0.000000
vt 0.164442 5.895339 0.000000
vt 0.199087 5.559927 0.000000
vt 0.199087 5.897636 0.000000
vt 0.248859 5.897264 0.000000
vt 0.213110 5.903728 0.000000
vt 0.241616 5.910137 0.000000
vt 0.269512 5.917003 0.000000
vt 0.248859 5.559927 0.000000
vt 0.298631 5.659031 0.000000
vt 0.298631 5.393430 0.000000
vt 0.248859 5.222962 0.000000
vt 0.269512 5.135458 0.000000
vt 0.241616 5.142324 0.000000
vt 0.213110 5.148732 0.000000
vt 0.199087 5.222962 0.000000
vt 0.183733 5.154710 0.000000
vt 0.164993 5.157082 0.000000
vt 0.298631 5.127829 0.000000
vt 0.298631 5.924632 0.000000
vt 0.183733 5.897751 0.000000
vt 0.104525 5.898483 0.000000
vt 0.104525 6.234918 0.000000
vt 0.104525 6.571353 0.000000
vt 0.104525 6.907788 0.000000
vt 0.104525 -6.907788 0.000000
vt 0.099544 -6.234867 0.000000
vt 0.104525 -5.898483 0.000000
vt 0.099544 -5.898407 0.000000
vt 0.145191 -5.894983 0.000000
vt 0.099544 -5.559927 0.000000
vt 0.149315 -5.559927 0.000000
vt 0.099544 -5.222962 0.000000
vt 0.149315 -5.222962 0.000000
vt 0.144774 -5.157467 0.000000
vt 0.164442 -5.157122 0.000000
vt 0.199087 -5.222962 0.000000
vt 0.183733 -5.154710 0.000000
vt 0.213110 -5.148732 0.000000
vt 0.248859 -5.222962 0.000000
vt 0.241616 -5.142324 0.000000
vt 0.269512 -5.135458 0.000000
vt 0.298631 -5.393430 0.000000
vt 0.298631 -5.127829 0.000000
vt 0.164993 -5.895379 0.000000
vt 0.199087 -5.559927 0.000000
vt 0.199087 -5.897636 0.000000
vt 0.183733 -5.897751 0.000000
vt 0.222040 -5.905649 0.000000
vt 0.248859 -5.897264 0.000000
vt 0.260338 -5.914681 0.000000
vt 0.298631 -5.924632 0.000000
vt 0.298631 -5.659031 0.000000
vt 0.248859 -5.559927 0.000000
vt -0.600208 -0.344809 0.000000
vt -0.500208 0.000000 0.000000
vt -0.600208 0.000000 0.000000
vt -0.500208 0.344809 0.000000
vt -0.600208 0.344809 0.000000
vt -0.500208 0.689618 0.000000
vt -0.600208 0.689618 0.000000
vt -0.500208 1.034427 0.000000
vt -0.600208 1.034427 0.000000
vt -0.500208 1.379236 0.000000
vt -0.600208 1.379236 0.000000
vt -0.500208 1.724045 0.000000
vt -0.600208 1.724045 0.000000
vt -0.500208 2.068854 0.000000
vt -0.600208 2.068854 0.000000
vt -0.500208 2.413663 0.000000
vt -0.600208 2.413663 0.000000
vt -0.500208 2.758472 0.000000
vt -0.600208 2.758472 0.000000
vt -0.500208 3.103281 0.000000
vt -0.600208 3.103281 0.000000
vt -0.500208 3.448089 0.000000
vt -0.600208 3.448089 0.000000
vt -0.500208 3.792898 0.000000
vt -0.600208 3.792898 0.000000
vt -0.500208 4.137707 0.000000
vt -0.600208 4.137707 0.000000
vt -0.500208 4.482516 0.000000
vt -0.600208 4.482516 0.000000
vt -0.500208 4.827325 0.000000
vt -0.600208 4.827325 0.000000
vt -0.500208 5.172134 0.000000
vt -0.600208 5.172134 0.000000
vt -0.500208 5.516943 0.000000
vt -0.600208 5.516943 0.000000
vt -0.500208 5.861752 0.000000
vt -0.600208 5.861752 0.000000
vt -0.500208 6.206561 0.000000
vt -0.600208 6.206561 0.000000
vt -0.500208 6.551370 0.000000
vt -0.600208 6.551370 0.000000
vt -0.500208 6.896179 0.000000
vt -0.600208 6.896179 0.000000
vt -0.600208 -7.240988 0.000000
vt -0.500208 -7.240988 0.000000
vt -0.500208 -6.896179 0.000000
vt -0.600208 -6.896179 0.000000
vt -0.500208 -6.551370 0.000000
vt -0.600208 -6.551370 0.000000
vt -0.500208 -6.206561 0.000000
vt -0.600208 -6.206561 0.000000
vt -0.500208 -5.861752 0.000000
vt -0.600208 -5.861752 0.000000
vt -0.500208 -5.516943 0.000000
vt -0.600208 -5.516943 0.000000
vt -0.500208 -5.172134 0.000000
vt -0.600208 -5.172134 0.000000
vt -0.500208 -4.827325 0.000000
vt -0.600208 -4.827325 0.000000
vt -0.500208 -4.482516 0.000000
vt -0.600208 -4.482516 0.000000
vt -0.500208 -4.137707 0.000000
vt -0.600208 -4.137707 0.000000
vt -0.500208 -3.792898 0.000000
vt -0.600208 -3.792898 0.000000
vt -0.500208 -3.448089 0.000000
vt -0.600208 -3.448089 0.000000
vt -0.500208 -3.103281 0.000000
vt -0.600208 -3.103281 0.000000
vt -0.500208 -2.758472 0.000000
vt -0.600208 -2.758472 0.000000
vt -0.500208 -2.413663 0.000000
vt -0.600208 -2.413663 0.000000
vt -0.500208 -2.068854 0.000000
vt -0.600208 -2.068854 0.000000
vt -0.500208 -1.724045 0.000000
vt -0.600208 -1.724045 0.000000
vt -0.500208 -1.379236 0.000000
vt -0.600208 -1.379236 0.000000
vt -0.500208 -1.034427 0.000000
vt -0.600208 -1.034427 0.000000
vt -0.500208 -0.689618 0.000000
vt -0.600208 -0.689618 0.000000
vt -0.500208 -0.344809 0.000000
vt -2.323752 -1.899751 0.000000
vt -2.350000 -2.250000 0.000000
vt -2.250000 -2.250000 0.000000
vt -2.323752 -2.600249 0.000000
vt -2.223631 -2.593461 0.000000
vt -2.245596 -2.942675 0.000000
vt -2.145142 -2.928871 0.000000
vt -2.117277 -3.269627 0.000000
vt -2.016373 -3.248370 0.000000
vt -1.941661 -3.573802 0.000000
vt -1.840341 -3.544467 0.000000
vt -1.722672 -3.848406 0.000000
vt -1.621174 -3.810223 0.000000
vt -1.465201 -4.087304 0.000000
vt -1.364007 -4.039409 0.000000
vt -1.175000 -4.285160 0.000000
vt -1.074870 -4.226653 0.000000
vt -0.858551 -4.437553 0.000000
vt -0.760538 -4.367565 0.000000
vt -0.522924 -4.541081 0.000000
vt -0.428380 -4.458844 0.000000
vt -0.175616 -4.593429 0.000000
vt -0.086181 -4.498349 0.000000
vt 0.175616 -4.593429 0.000000
vt 0.258038 -4.485155 0.000000
vt 0.522924 -4.541081 0.000000
vt 0.596208 -4.419570 0.000000
vt 0.858551 -4.437553 0.000000
vt 0.920404 -4.303133 0.000000
vt 1.175000 -4.285160 0.000000
vt 1.223027 -4.138572 0.000000
vt 1.465201 -4.087304 0.000000
vt 1.496983 -3.929745 0.000000
vt 1.722672 -3.848406 0.000000
vt 1.735851 -3.681545 0.000000
vt 1.941661 -3.573802 0.000000
vt 1.934032 -3.399792 0.000000
vt 2.117277 -3.269627 0.000000
vt 2.086881 -3.091088 0.000000
vt 2.245596 -2.942675 0.000000
vt 2.190815 -2.762670 0.000000
vt 2.323752 -2.600249 0.000000
vt 2.243398 -2.422236 0.000000
vt 2.350000 -2.250000 0.000000
vt 2.243398 -2.077764 0.000000
vt 2.323752 -1.899751 0.000000
vt 2.190815 -1.737330 0.000000
vt 2.245596 -1.557325 0.000000
vt 2.086881 -1.408912 0.000000
vt 2.117277 -1.230373 0.000000
vt 1.934032 -1.100208 0.000000
vt 1.941661 -0.926198 0.000000
vt 1.735851 -0.818455 0.000000
vt 1.722672 -0.651594 0.000000
vt 1.496983 -0.570255 0.000000
vt 1.465201 -0.412696 0.000000
vt 1.223027 -0.361428 0.000000
vt 1.175000 -0.214840 0.000000
vt 0.920404 -0.196867 0.000000
vt 0.858551 -0.062447 0.000000
vt 0.596208 -0.080430 0.000000
vt 0.522924 0.041081 0.000000
vt 0.258038 -0.014845 0.000000
vt 0.175616 0.093429 0.000000
vt -0.086181 -0.001651 0.000000
vt -0.175616 0.093429 0.000000
vt -0.428380 -0.041156 0.000000
vt -0.522924 0.041081 0.000000
vt -0.760538 -0.132435 0.000000
vt -0.858551 -0.062447 0.000000
vt -1.074870 -0.273347 0.000000
vt -1.175000 -0.214840 0.000000
vt -1.364007 -0.460591 0.000000
vt -1.465201 -0.412696 0.000000
vt -1.621174 -0.689777 0.000000
vt -1.722672 -0.651594 0.000000
vt -1.840341 -0.955533 0.000000
vt -1.941661 -0.926198 0.000000
vt -2.016373 -1.251630 0.000000
vt -2.117277 -1.230373 0.000000
vt -2.145142 -1.571129 0.000000
vt -2.245596 -1.557325 0.000000
vt -2.223631 -1.906539 0.000000
vt 0.500208 -0.351559 0.000000
vt 0.600208 -0.351559 0.000000
vt 0.500208 0.000000 0.000000
vt 0.600208 0.000000 0.000000
vt 0.500208 0.351559 0.000000
vt 0.600208 0.351559 0.000000
vt 0.500208 0.703118 0.000000
vt 0.600208 0.703118 0.000000
vt 0.500208 1.054678 0.000000
vt 0.600208 1.054678 0.000000
vt 0.500208 1.406237 0.000000
vt 0.600208 1.406237 0.000000
vt 0.500208 1.757796 0.000000
vt 0.600208 1.757796 0.000000
vt 0.500208 2.109355 0.000000
vt 0.600208 2.109355 0.000000
vt 0.500208 2.460914 0.000000
vt 0.600208 2.460914 0.000000
vt 0.500208 2.812473 0.000000
vt 0.600208 2.812473 0.000000
vt 0.500208 3.164033 0.000000
vt 0.600208 3.164033 0.000000
vt 0.500208 3.515592 0.000000
vt 0.600208 3.515592 0.000000
vt 0.500208 3.867151 0.000000
vt 0.600208 3.867151 0.000000
vt 0.500208 4.218710 0.000000
vt 0.600208 4.218710 0.000000
vt 0.500208 4.570269 0.000000
vt 0.600208 4.570269 0.000000
vt 0.500208 4.921828 0.000000
vt 0.600208 4.921828 0.000000
vt 0.500208 5.273388 0.000000
vt 0.600208 5.273388 0.000000
vt 0.500208 5.624947 0.000000
vt 0.600208 5.624947 0.000000
vt 0.500208 5.976506 0.000000
vt 0.600208 5.976506 0.000000
vt 0.500208 6.328065 0.000000
vt 0.600208 6.328065 0.000000
vt 0.500208 6.679624 0.000000
vt 0.600208 6.679624 0.000000
vt 0.500208 7.031184 0.000000
vt 0.600208 7.031184 0.000000
vt 0.500208 7.382743 0.000000
vt 0.600208 7.382743 0.000000
vt 0.500208 -7.382743 0.000000
vt 0.600208 -7.382743 0.000000
vt 0.500208 -7.031184 0.000000
vt 0.600208 -7.031184 0.000000
vt 0.500208 -6.679624 0.000000
vt 0.600208 -6.679624 0.000000
vt 0.500208 -6.328065 0.000000
vt 0.600208 -6.328065 0.000000
vt 0.500208 -5.976506 0.000000
vt 0.600208 -5.976506 0.000000
vt 0.500208 -5.624947 0.000000
vt 0.600208 -5.624947 0.000000
vt 0.500208 -5.273388 0.000000
vt 0.600208 -5.273388 0.000000
vt 0.500208 -4.921828 0.000000
vt 0.600208 -4.921828 0.000000
vt 0.500208 -4.570269 0.000000
vt 0.600208 -4.570269 0.000000
vt 0.500208 -4.218710 0.000000
vt 0.600208 -4.218710 0.000000
vt 0.500208 -3.867151 0.000000
vt 0.600208 -3.867151 0.000000
vt 0.500208 -3.515592 0.000000
vt 0.600208 -3.515592 0.000000
vt 0.500208 -3.164033 0.000000
vt 0.600208 -3.164033 0.000000
vt 0.500208 -2.812473 0.000000
vt 0.600208 -2.812473 0.000000
vt 0.500208 -2.460914 0.000000
vt 0.600208 -2.460914 0.000000
vt 0.500208 -2.109355 0.000000
vt 0.600208 -2.109355 0.000000
vt 0.500208 -1.757796 0.000000
vt 0.600208 -1.757796 0.000000
vt 0.500208 -1.406237 0.000000
vt 0.600208 -1.406237 0.000000
vt 0.500208 -1.054678 0.000000
vt 0.600208 -1.054678 0.000000
vt 0.500208 -0.703118 0.000000
vt 0.600208 -0.703118 0.000000
vt -0.441748 -2.449771 0.000000
vt -0.441748 -2.721894 0.000000
vt -0.393518 -2.462526 0.000000
vt -0.368123 -2.721888 0.000000
vt -0.347493 -2.473683 0.000000
vt -0.318899 -2.476606 0.000000
vt -0.294499 -2.721883 0.000000
vt -0.290278 -2.473227 0.000000
vt -0.262621 -2.464681 0.000000
vt -0.220874 -2.721878 0.000000
vt -0.236912 -2.451982 0.000000
vt -0.214644 -2.436363 0.000000
vt -0.196576 -2.418429 0.000000
vt -0.147249 -2.721872 0.000000
vt -0.189175 -2.408243 0.000000
vt -0.183335 -2.397251 0.000000
vt -0.147249 -2.381629 0.000000
vt -0.179504 -2.385495 0.000000
vt -0.178150 -2.373206 0.000000
vt -0.178150 -2.058463 0.000000
vt -0.147249 -2.041396 0.000000
vt -0.178150 -1.743720 0.000000
vt -0.147249 -1.701164 0.000000
vt -0.178150 -1.428977 0.000000
vt -0.147249 -1.360931 0.000000
vt -0.178150 -1.114234 0.000000
vt -0.147249 -1.020698 0.000000
vt -0.178150 -0.799492 0.000000
vt -0.147249 -0.680465 0.000000
vt -0.178150 -0.484749 0.000000
vt -0.147249 -0.340233 0.000000
vt -0.179462 -0.472651 0.000000
vt -0.183172 -0.461084 0.000000
vt -0.220874 -0.340233 0.000000
vt -0.188830 -0.450260 0.000000
vt -0.195969 -0.440270 0.000000
vt -0.213674 -0.422403 0.000000
vt -0.235713 -0.406692 0.000000
vt -0.261194 -0.393852 0.000000
vt -0.294499 -0.340233 0.000000
vt -0.289208 -0.384965 0.000000
vt -0.318376 -0.381357 0.000000
vt -0.368123 -0.340233 0.000000
vt -0.347493 -0.384272 0.000000
vt -0.393518 -0.395429 0.000000
vt -0.441748 -0.136061 0.000000
vt -0.441748 -0.408183 0.000000
vt -0.441748 -2.994016 0.000000
vt -0.368123 -3.062094 0.000000
vt -0.294499 -3.062094 0.000000
vt -0.318376 -3.239311 0.000000
vt -0.289208 -3.242920 0.000000
vt -0.441748 -3.266138 0.000000
vt -0.393518 -3.253384 0.000000
vt -0.347493 -3.242227 0.000000
vt -0.261194 -3.251807 0.000000
vt -0.220874 -3.062094 0.000000
vt -0.235713 -3.264647 0.000000
vt -0.213674 -3.280358 0.000000
vt -0.195969 -3.298225 0.000000
vt -0.188830 -3.308214 0.000000
vt -0.183172 -3.319039 0.000000
vt -0.147249 -3.062094 0.000000
vt -0.147249 -3.402327 0.000000
vt -0.073625 -3.402327 0.000000
vt -0.073625 -3.742560 0.000000
vt 0.000000 -3.742560 0.000000
vt 0.000000 -4.082793 0.000000
vt -0.073625 -4.082793 0.000000
vt 0.000000 -4.423025 0.000000
vt -0.073625 -4.423025 0.000000
vt 0.000000 -4.763258 0.000000
vt -0.073625 -4.763258 0.000000
vt 0.000000 -5.103491 0.000000
vt -0.073625 -5.103491 0.000000
vt 0.000000 -5.443723 0.000000
vt -0.073625 -5.443723 0.000000
vt 0.000000 -5.783956 0.000000
vt -0.073625 -5.783956 0.000000
vt -0.073625 -6.123693 0.000000
vt -0.147249 -6.123197 0.000000
vt -0.147249 -6.464421 0.000000
vt -0.178150 -6.200658 0.000000
vt -0.178150 -6.515401 0.000000
vt -0.179462 -3.330606 0.000000
vt -0.178150 -3.342703 0.000000
vt -0.178150 -3.657446 0.000000
vt -0.147249 -3.742560 0.000000
vt -0.178150 -3.972189 0.000000
vt -0.147249 -4.082793 0.000000
vt -0.178150 -4.286932 0.000000
vt -0.147249 -4.423025 0.000000
vt -0.178150 -4.601675 0.000000
vt -0.147249 -4.763258 0.000000
vt -0.178150 -4.916418 0.000000
vt -0.147249 -5.103491 0.000000
vt -0.178150 -5.231161 0.000000
vt -0.147249 -5.443723 0.000000
vt -0.179504 -5.243450 0.000000
vt -0.183335 -5.255206 0.000000
vt -0.189175 -5.266198 0.000000
vt -0.196576 -5.276383 0.000000
vt -0.220874 -5.443723 0.000000
vt -0.214644 -5.294317 0.000000
vt -0.236912 -5.309937 0.000000
vt -0.262621 -5.322636 0.000000
vt -0.294499 -5.443723 0.000000
vt -0.220874 -5.783956 0.000000
vt -0.294499 -5.783956 0.000000
vt -0.261194 -6.109761 0.000000
vt -0.289208 -6.100874 0.000000
vt -0.318376 -6.097266 0.000000
vt -0.368123 -5.783956 0.000000
vt -0.347493 -6.100182 0.000000
vt -0.393518 -6.111339 0.000000
vt -0.441748 -5.851971 0.000000
vt -0.441748 -6.124093 0.000000
vt -0.290278 -5.331181 0.000000
vt -0.318899 -5.334561 0.000000
vt -0.368123 -5.443723 0.000000
vt -0.347493 -5.331637 0.000000
vt -0.393518 -5.320480 0.000000
vt -0.441748 -5.307726 0.000000
vt -0.441748 -5.579848 0.000000
vt -0.220874 -6.122701 0.000000
vt -0.235713 -6.122601 0.000000
vt -0.213674 -6.138313 0.000000
vt -0.195969 -6.156180 0.000000
vt -0.147249 -5.783956 0.000000
vt -0.188830 -6.166169 0.000000
vt -0.183172 -6.176994 0.000000
vt -0.179462 -6.188560 0.000000
vt -0.147249 -6.804654 0.000000
vt -0.178150 -6.830144 0.000000
vt -0.147249 -7.144887 0.000000
vt -0.178150 -7.144887 0.000000
vt -0.147249 7.144887 0.000000
vt -0.178150 7.144887 0.000000
vt -0.178150 6.830144 0.000000
vt -0.147249 6.804654 0.000000
vt -0.178150 6.515401 0.000000
vt -0.147249 6.464421 0.000000
vt -0.178150 6.200658 0.000000
vt -0.147249 6.122755 0.000000
vt -0.179504 6.188369 0.000000
vt -0.183335 6.176613 0.000000
vt -0.189175 6.165621 0.000000
vt -0.196576 6.155436 0.000000
vt -0.220874 6.122039 0.000000
vt -0.214644 6.137502 0.000000
vt -0.236912 6.121882 0.000000
vt -0.220874 5.783956 0.000000
vt -0.262621 6.109183 0.000000
vt -0.294499 5.783956 0.000000
vt -0.290278 6.100638 0.000000
vt -0.318899 6.097258 0.000000
vt -0.368123 5.783956 0.000000
vt -0.347493 6.100182 0.000000
vt -0.393518 6.111339 0.000000
vt -0.441748 6.124093 0.000000
vt -0.441748 5.851971 0.000000
vt -0.441748 5.579848 0.000000
vt -0.368123 5.443723 0.000000
vt -0.294499 5.443723 0.000000
vt -0.318376 5.334553 0.000000
vt -0.289208 5.330945 0.000000
vt -0.441748 5.307726 0.000000
vt -0.393518 5.320480 0.000000
vt -0.347493 5.331637 0.000000
vt -0.261194 5.322058 0.000000
vt -0.220874 5.443723 0.000000
vt -0.235713 5.309218 0.000000
vt -0.213674 5.293506 0.000000
vt -0.195969 5.275639 0.000000
vt -0.188830 5.265650 0.000000
vt -0.183172 5.254825 0.000000
vt -0.147249 5.443723 0.000000
vt -0.179462 5.243259 0.000000
vt -0.147249 5.103491 0.000000
vt -0.178150 5.231161 0.000000
vt -0.178150 4.916418 0.000000
vt -0.147249 4.763258 0.000000
vt -0.178150 4.601675 0.000000
vt -0.147249 4.423025 0.000000
vt -0.178150 4.286932 0.000000
vt -0.147249 4.082793 0.000000
vt -0.178150 3.972189 0.000000
vt -0.147249 3.742560 0.000000
vt -0.178150 3.657446 0.000000
vt -0.147249 3.402327 0.000000
vt -0.178150 3.342703 0.000000
vt -0.179504 3.330414 0.000000
vt -0.147249 3.062094 0.000000
vt -0.183335 3.318659 0.000000
vt -0.189175 3.307666 0.000000
vt -0.196576 3.297481 0.000000
vt -0.220874 3.062094 0.000000
vt -0.220874 2.721878 0.000000
vt -0.294499 2.721883 0.000000
vt -0.261194 2.464103 0.000000
vt -0.289208 2.472990 0.000000
vt -0.318376 2.476598 0.000000
vt -0.368123 2.721888 0.000000
vt -0.347493 2.473683 0.000000
vt -0.393518 2.462526 0.000000
vt -0.441748 2.721894 0.000000
vt -0.441748 2.449771 0.000000
vt -0.214644 3.279547 0.000000
vt -0.236912 3.263928 0.000000
vt -0.262621 3.251229 0.000000
vt -0.294499 3.062094 0.000000
vt -0.290278 3.242683 0.000000
vt -0.318899 3.239303 0.000000
vt -0.368123 3.062094 0.000000
vt -0.347493 3.242227 0.000000
vt -0.393518 3.253384 0.000000
vt -0.441748 3.266138 0.000000
vt -0.441748 2.994016 0.000000
vt -0.235713 2.451263 0.000000
vt -0.213674 2.435551 0.000000
vt -0.147249 2.721872 0.000000
vt -0.147249 2.381629 0.000000
vt -0.073625 2.721867 0.000000
vt -0.073625 2.381629 0.000000
vt 0.000000 2.721862 0.000000
vt 0.000000 2.381629 0.000000
vt 0.000000 2.041396 0.000000
vt -0.073625 2.041396 0.000000
vt 0.000000 1.701164 0.000000
vt -0.073625 1.701164 0.000000
vt 0.000000 1.360931 0.000000
vt -0.073625 1.360931 0.000000
vt 0.000000 1.020698 0.000000
vt -0.073625 1.020698 0.000000
vt 0.000000 0.680465 0.000000
vt -0.073625 0.680465 0.000000
vt 0.000000 0.340233 0.000000
vt -0.073625 0.340233 0.000000
vt 0.000000 0.000000 0.000000
vt -0.073625 0.000000 0.000000
vt 0.000000 -0.340233 0.000000
vt -0.073625 -0.340233 0.000000
vt 0.000000 -0.680465 0.000000
vt -0.073625 -0.680465 0.000000
vt 0.000000 -1.020698 0.000000
vt -0.073625 -1.020698 0.000000
vt 0.000000 -1.360931 0.000000
vt -0.073625 -1.360931 0.000000
vt 0.000000 -1.701164 0.000000
vt -0.073625 -1.701164 0.000000
vt 0.000000 -2.041396 0.000000
vt -0.073625 -2.041396 0.000000
vt 0.000000 -2.381629 0.000000
vt -0.073625 -2.381629 0.000000
vt 0.000000 -2.721862 0.000000
vt -0.073625 -2.721867 0.000000
vt 0.000000 -3.062094 0.000000
vt -0.073625 -3.062094 0.000000
vt 0.000000 -3.402327 0.000000
vt -0.195969 2.417685 0.000000
vt -0.188830 2.407695 0.000000
vt -0.183172 2.396871 0.000000
vt -0.179462 2.385304 0.000000
vt -0.178150 2.373206 0.000000
vt -0.178150 2.058463 0.000000
vt -0.147249 2.041396 0.000000
vt -0.178150 1.743720 0.000000
vt -0.147249 1.701164 0.000000
vt -0.178150 1.428977 0.000000
vt -0.147249 1.360931 0.000000
vt -0.178150 1.114234 0.000000
vt -0.147249 1.020698 0.000000
vt -0.178150 0.799492 0.000000
vt -0.147249 0.680465 0.000000
vt -0.178150 0.484749 0.000000
vt -0.147249 0.340233 0.000000
vt -0.179504 0.472459 0.000000
vt -0.183335 0.460704 0.000000
vt -0.189175 0.449712 0.000000
vt -0.196576 0.439526 0.000000
vt -0.220874 0.340233 0.000000
vt -0.214644 0.421592 0.000000
vt -0.236912 0.405973 0.000000
vt -0.262621 0.393274 0.000000
vt -0.294499 0.340233 0.000000
vt -0.220874 0.000000 0.000000
vt -0.294499 0.000000 0.000000
vt -0.290278 0.384728 0.000000
vt -0.318899 0.381349 0.000000
vt -0.368123 0.340233 0.000000
vt -0.347493 0.384272 0.000000
vt -0.393518 0.395429 0.000000
vt -0.441748 0.408183 0.000000
vt -0.441748 0.136061 0.000000
vt -0.368123 0.000000 0.000000
vt 0.000000 3.062094 0.000000
vt -0.073625 3.062094 0.000000
vt -0.073625 3.402327 0.000000
vt 0.000000 3.402327 0.000000
vt -0.073625 3.742560 0.000000
vt 0.000000 3.742560 0.000000
vt -0.073625 4.082793 0.000000
vt 0.000000 4.082793 0.000000
vt -0.073625 4.423025 0.000000
vt 0.000000 4.423025 0.000000
vt -0.073625 4.763258 0.000000
vt 0.000000 4.763258 0.000000
vt -0.073625 5.103491 0.000000
vt 0.000000 5.103491 0.000000
vt -0.073625 5.443723 0.000000
vt 0.000000 5.443723 0.000000
vt -0.073625 5.783956 0.000000
vt 0.000000 5.783956 0.000000
vt -0.073625 6.123472 0.000000
vt 0.000000 6.124189 0.000000
vt -0.073625 6.464421 0.000000
vt 0.000000 6.464421 0.000000
vt -0.073625 6.804654 0.000000
vt 0.000000 6.804654 0.000000
vt -0.073625 7.144887 0.000000
vt 0.000000 7.144887 0.000000
vt -0.073625 -7.144887 0.000000
vt 0.000000 -7.144887 0.000000
vt -0.073625 -6.804654 0.000000
vt 0.000000 -6.804654 0.000000
vt -0.073625 -6.464421 0.000000
vt 0.000000 -6.464421 0.000000
vt 0.000000 -6.124189 0.000000
vt -0.147249 5.783956 0.000000
vt -0.147249 0.000000 0.000000
vt 1.345077 -4.084416 0.000000
vt -0.000000 -4.201173 0.000000
vt 1.345077 -4.455727 0.000000
vt -0.000000 -4.370876 0.000000
vt 1.345077 4.455727 0.000000
vt 0.000000 4.540578 0.000000
vt -0.000000 4.370876 0.000000
vt 1.345077 -3.713105 0.000000
vt 0.874891 -3.864616 0.000000
vt 0.782702 -3.965347 0.000000
vt 0.666805 -4.030722 0.000000
vt 1.345077 -3.341795 0.000000
vt 0.960206 -3.564581 0.000000
vt 0.938566 -3.723718 0.000000
vt 1.345077 -2.970484 0.000000
vt 0.782702 -3.163815 0.000000
vt 0.874891 -3.264546 0.000000
vt 0.938566 -3.405444 0.000000
vt 1.345077 -2.599174 0.000000
vt -0.000000 -2.758287 0.000000
vt -0.000000 -2.927989 0.000000
vt 0.214893 -2.969205 0.000000
vt 1.345077 -2.227863 0.000000
vt -0.000000 -2.418883 0.000000
vt -0.000000 -2.588585 0.000000
vt 1.345077 -1.856553 0.000000
vt 0.874891 -2.082326 0.000000
vt 0.782702 -2.183057 0.000000
vt 0.666805 -2.248431 0.000000
vt 1.345077 -1.485242 0.000000
vt 0.938566 -1.623154 0.000000
vt 0.960206 -1.782291 0.000000
vt 0.938566 -1.941428 0.000000
vt 1.345077 -1.113932 0.000000
vt 0.782702 -1.381525 0.000000
vt 0.874891 -1.482255 0.000000
vt 1.345077 -0.742621 0.000000
vt -0.000000 -0.975996 0.000000
vt -0.000000 -1.145698 0.000000
vt 0.214893 -1.186914 0.000000
vt 1.345077 -0.371311 0.000000
vt 0.392169 -0.553237 0.000000
vt 0.214893 -0.595377 0.000000
vt -0.000000 -0.636592 0.000000
vt 1.345077 0.000000 0.000000
vt 0.938566 -0.159137 0.000000
vt 0.874891 -0.300035 0.000000
vt 0.782702 -0.400766 0.000000
vt 1.345077 0.371311 0.000000
vt 0.938566 0.159137 0.000000
vt 0.960206 0.000000 0.000000
vt 1.345077 0.742621 0.000000
vt 0.666805 0.466141 0.000000
vt 0.782702 0.400766 0.000000
vt 0.874891 0.300035 0.000000
vt 1.345077 1.113932 0.000000
vt -0.000000 0.975996 0.000000
vt -0.000000 0.806294 0.000000
vt -0.000000 0.636592 0.000000
vt 1.345077 1.485242 0.000000
vt 0.666805 1.316150 0.000000
vt 0.540712 1.272128 0.000000
vt 0.392169 1.229053 0.000000
vt 1.345077 1.856553 0.000000
vt 0.938566 1.623154 0.000000
vt 0.874891 1.482255 0.000000
vt 0.782702 1.381525 0.000000
vt 1.345077 2.227863 0.000000
vt 0.874891 2.082326 0.000000
vt 0.938566 1.941428 0.000000
vt 0.960206 1.782291 0.000000
vt 1.345077 2.599174 0.000000
vt 0.000000 2.418883 0.000000
vt 0.214893 2.377667 0.000000
vt 0.392169 2.335528 0.000000
vt 1.345077 2.970484 0.000000
vt -0.000000 2.758287 0.000000
vt -0.000000 2.588585 0.000000
vt 1.345077 3.341795 0.000000
vt 0.782702 3.163815 0.000000
vt 0.666805 3.098441 0.000000
vt 0.540712 3.054419 0.000000
vt 1.345077 3.713105 0.000000
vt 0.960206 3.564581 0.000000
vt 0.938566 3.405444 0.000000
vt 0.874891 3.264546 0.000000
vt 1.345077 4.084416 0.000000
vt 0.874891 3.864616 0.000000
vt 0.938566 3.723718 0.000000
vt -0.000000 4.201173 0.000000
vt 0.214893 4.159958 0.000000
vt 0.392169 4.117819 0.000000
vt 0.392169 -1.229053 0.000000
vt 0.540712 -1.272128 0.000000
vt 0.666805 -1.316150 0.000000
vt 0.540712 -2.292453 0.000000
vt 0.392169 -2.335528 0.000000
vt 0.214893 -2.377667 0.000000
vt 0.392169 -3.011344 0.000000
vt 0.540712 -3.054419 0.000000
vt 0.666805 -3.098441 0.000000
vt 0.540712 -4.074744 0.000000
vt 0.392169 -4.117819 0.000000
vt 0.214893 -4.159958 0.000000
vt 0.540712 4.074744 0.000000
vt 0.666805 4.030722 0.000000
vt 0.782702 3.965347 0.000000
vt 0.392169 3.011344 0.000000
vt 0.214893 2.969205 0.000000
vt -0.000000 2.927989 0.000000
vt 0.540712 2.292453 0.000000
vt 0.666805 2.248431 0.000000
vt 0.782702 2.183057 0.000000
vt 0.214893 1.186914 0.000000
vt 0.000000 1.145698 0.000000
vt 0.214893 0.595377 0.000000
vt 0.392169 0.553237 0.000000
vt 0.540712 0.510162 0.000000
vt 0.666805 -0.466141 0.000000
vt 0.540712 -0.510162 0.000000
vt -0.000000 -0.806294 0.000000
vt -0.048958 0.155544 0.000000
vt -0.119338 0.155544 0.000000
vt -0.048958 0.000000 0.000000
vt -0.119338 0.000000 0.000000
vt -0.048958 -0.155544 0.000000
vt -0.119338 -0.155544 0.000000
vt -0.048958 -0.311089 0.000000
vt -0.119338 -0.311089 0.000000
vt -0.048958 -0.466633 0.000000
vt -0.119338 -0.466633 0.000000
vt -0.048958 -0.622178 0.000000
vt -0.119338 -0.622178 0.000000
vt -0.048958 -0.777722 0.000000
vt -0.119338 -0.777722 0.000000
vt -0.048958 -0.933267 0.000000
vt -0.119338 -0.933267 0.000000
vt -0.048958 -1.088811 0.000000
vt -0.119338 -1.088811 0.000000
vt -0.048958 -1.244356 0.000000
vt -0.119338 -1.244356 0.000000
vt -0.048958 -1.399900 0.000000
vt -0.119338 -1.399900 0.000000
vt -0.048958 -1.555445 0.000000
vt -0.119338 -1.555445 0.000000
vt -0.048958 -1.710989 0.000000
vt -0.119338 -1.710989 0.000000
vt -0.048958 -1.866533 0.000000
vt -0.119338 -1.866533 0.000000
vt -0.048958 1.866533 0.000000
vt -0.119338 1.866533 0.000000
vt -0.048958 1.710989 0.000000
vt -0.119338 1.710989 0.000000
vt -0.048958 1.555445 0.000000
vt -0.119338 1.555445 0.000000
vt -0.048958 1.399900 0.000000
vt -0.119338 1.399900 0.000000
vt -0.048958 1.244356 0.000000
vt -0.119338 1.244356 0.000000
vt -0.048958 1.088811 0.000000
vt -0.119338 1.088811 0.000000
vt -0.048958 0.933267 0.000000
vt -0.119338 0.933267 0.000000
vt -0.048958 0.777722 0.000000
vt -0.119338 0.777722 0.000000
vt -0.048958 0.622178 0.000000
vt -0.119338 0.622178 0.000000
vt -0.048958 0.466633 0.000000
vt -0.119338 0.466633 0.000000
vt -0.048958 0.311089 0.000000
vt -0.119338 0.311089 0.000000
vt -0.471239 -0.155544 0.000000
vt -0.400859 -0.155544 0.000000
vt -0.471239 0.000000 0.000000
vt -0.400859 0.000000 0.000000
vt -0.471239 0.155544 0.000000
vt -0.400859 0.155544 0.000000
vt -0.471239 0.311089 0.000000
vt -0.400859 0.311089 0.000000
vt -0.471239 0.466633 0.000000
vt -0.400859 0.466633 0.000000
vt -0.471239 0.622178 0.000000
vt -0.400859 0.622178 0.000000
vt -0.471239 0.777722 0.000000
vt -0.400859 0.777722 0.000000
vt -0.471239 0.933267 0.000000
vt -0.400859 0.933267 0.000000
vt -0.471239 1.088811 0.000000
vt -0.400859 1.088811 0.000000
vt -0.471239 1.244356 0.000000
vt -0.400859 1.244356 0.000000
vt -0.471239 1.399900 0.000000
vt -0.400859 1.399900 0.000000
vt -0.471239 1.555445 0.000000
vt -0.400859 1.555445 0.000000
vt -0.471239 1.710989 0.000000
vt -0.400859 1.710989 0.000000
vt -0.471239 1.866533 0.000000
vt -0.400859 1.866533 0.000000
vt -0.471239 -1.866533 0.000000
vt -0.400859 -1.866533 0.000000
vt -0.471239 -1.710989 0.000000
vt -0.400859 -1.710989 0.000000
vt -0.471239 -1.555445 0.000000
vt -0.400859 -1.555445 0.000000
vt -0.471239 -1.399900 0.000000
vt -0.400859 -1.399900 0.000000
vt -0.471239 -1.244356 0.000000
vt -0.400859 -1.244356 0.000000
vt -0.471239 -1.088811 0.000000
vt -0.400859 -1.088811 0.000000
vt -0.471239 -0.933267 0.000000
vt -0.400859 -0.933267 0.000000
vt -0.471239 -0.777722 0.000000
vt -0.400859 -0.777722 0.000000
vt -0.471239 -0.622178 0.000000
vt -0.400859 -0.622178 0.000000
vt -0.471239 -0.466633 0.000000
vt -0.400859 -0.466633 0.000000
vt -0.471239 -0.311089 0.000000
vt -0.400859 -0.311089 0.000000
vt -0.189719 1.866533 0.000000
vt -0.189719 1.710989 0.000000
vt -0.189719 1.555445 0.000000
vt -0.189719 1.399900 0.000000
vt -0.189719 1.244356 0.000000
vt -0.189719 1.088811 0.000000
vt -0.189719 0.933267 0.000000
vt -0.189719 0.777722 0.000000
vt -0.189719 0.622178 0.000000
vt -0.189719 0.466633 0.000000
vt -0.189719 0.311089 0.000000
vt -0.189719 0.155544 0.000000
vt -0.189719 0.000000 0.000000
vt -0.189719 -0.155544 0.000000
vt -0.189719 -0.311089 0.000000
vt -0.189719 -0.466633 0.000000
vt -0.189719 -0.622178 0.000000
vt -0.189719 -0.777722 0.000000
vt -0.189719 -0.933267 0.000000
vt -0.189719 -1.088811 0.000000
vt -0.189719 -1.244356 0.000000
vt -0.189719 -1.399900 0.000000
vt -0.189719 -1.555445 0.000000
vt -0.189719 -1.710989 0.000000
vt -0.189719 -1.866533 0.000000
vt -0.260099 1.866533 0.000000
vt -0.260099 1.710989 0.000000
vt -0.260099 1.555445 0.000000
vt -0.260099 1.399900 0.000000
vt -0.260099 1.244356 0.000000
vt -0.260099 1.088811 0.000000
vt -0.260099 0.933267 0.000000
vt -0.260099 0.777722 0.000000
vt -0.260099 0.622178 0.000000
vt -0.260099 0.466633 0.000000
vt -0.260099 0.311089 0.000000
vt -0.260099 0.155544 0.000000
vt -0.260099 0.000000 0.000000
vt -0.260099 -0.155544 0.000000
vt -0.260099 -0.311089 0.000000
vt -0.260099 -0.466633 0.000000
vt -0.260099 -0.622178 0.000000
vt -0.260099 -0.777722 0.000000
vt -0.260099 -0.933267 0.000000
vt -0.260099 -1.088811 0.000000
vt -0.260099 -1.244356 0.000000
vt -0.260099 -1.399900 0.000000
vt -0.260099 -1.555445 0.000000
vt -0.260099 -1.710989 0.000000
vt -0.260099 -1.866533 0.000000
vt -0.330479 1.866533 0.000000
vt -0.330479 1.710989 0.000000
vt -0.330479 1.555445 0.000000
vt -0.330479 1.399900 0.000000
vt -0.330479 1.244356 0.000000
vt -0.330479 1.088811 0.000000
vt -0.330479 0.933267 0.000000
vt -0.330479 0.777722 0.000000
vt -0.330479 0.622178 0.000000
vt -0.330479 0.466633 0.000000
vt -0.330479 0.311089 0.000000
vt -0.330479 0.155544 0.000000
vt -0.330479 0.000000 0.000000
vt -0.330479 -0.155544 0.000000
vt -0.330479 -0.311089 0.000000
vt -0.330479 -0.466633 0.000000
vt -0.330479 -0.622178 0.000000
vt -0.330479 -0.777722 0.000000
vt -0.330479 -0.933267 0.000000
vt -0.330479 -1.088811 0.000000
vt -0.330479 -1.244356 0.000000
vt -0.330479 -1.399900 0.000000
vt -0.330479 -1.555445 0.000000
vt -0.330479 -1.710989 0.000000
vt -0.330479 -1.866533 0.000000
vt 0.250208 1.151917 0.000000
vt 0.300000 1.151917 0.000000
vt 0.250208 1.256637 0.000000
vt 0.300000 1.256637 0.000000
vt 0.250208 -1.256637 0.000000
vt 0.300000 -1.256637 0.000000
vt 0.250208 -1.151917 0.000000
vt 0.300000 -1.151917 0.000000
vt 0.250208 -1.047198 0.000000
vt 0.300000 -1.047198 0.000000
vt 0.250208 -0.942478 0.000000
vt 0.300000 -0.942478 0.000000
vt 0.250208 -0.837758 0.000000
vt 0.300000 -0.837758 0.000000
vt 0.250208 -0.733038 0.000000
vt 0.300000 -0.733038 0.000000
vt 0.250208 -0.628319 0.000000
vt 0.300000 -0.628319 0.000000
vt 0.250208 -0.523599 0.000000
vt 0.300000 -0.523599 0.000000
vt 0.250208 -0.418879 0.000000
vt 0.300000 -0.418879 0.000000
vt 0.250208 -0.314159 0.000000
vt 0.300000 -0.314159 0.000000
vt 0.250208 -0.209440 0.000000
vt 0.300000 -0.209440 0.000000
vt 0.250208 -0.104720 0.000000
vt 0.300000 -0.104720 0.000000
vt 0.250208 0.000000 0.000000
vt 0.300000 0.000000 0.000000
vt 0.250208 0.104720 0.000000
vt 0.300000 0.104720 0.000000
vt 0.250208 0.209440 0.000000
vt 0.300000 0.209440 0.000000
vt 0.250208 0.314159 0.000000
vt 0.300000 0.314159 0.000000
vt 0.250208 0.418879 0.000000
vt 0.300000 0.418879 0.000000
vt 0.250208 0.523599 0.000000
vt 0.300000 0.523599 0.000000
vt 0.250208 0.628319 0.000000
vt 0.300000 0.628319 0.000000
vt 0.250208 0.733038 0.000000
vt 0.300000 0.733038 0.000000
vt 0.250208 0.837758 0.000000
vt 0.300000 0.837758 0.000000
vt 0.250208 0.942478 0.000000
vt 0.300000 0.942478 0.000000
vt 0.250208 1.047198 0.000000
vt 0.300000 1.047198 0.000000
vt -0.032999 -0.523156 0.000000
vt -0.090587 -0.738074 0.000000
vt 0.000000 -0.527500 0.000000
vt 0.000000 -0.750000 0.000000
vt 0.090587 -0.738074 0.000000
vt -0.175000 -0.703109 0.000000
vt -0.063750 -0.510418 0.000000
vt -0.247487 -0.647487 0.000000
vt -0.090156 -0.490156 0.000000
vt -0.303109 -0.575000 0.000000
vt -0.110418 -0.463750 0.000000
vt -0.338074 -0.490587 0.000000
vt -0.123156 -0.432999 0.000000
vt -0.350000 -0.400000 0.000000
vt -0.127500 -0.400000 0.000000
vt -0.123156 -0.367001 0.000000
vt -0.338074 -0.309413 0.000000
vt -0.110418 -0.336250 0.000000
vt -0.303109 -0.225000 0.000000
vt -0.090156 -0.309844 0.000000
vt -0.247487 -0.152513 0.000000
vt -0.063750 -0.289582 0.000000
vt -0.175000 -0.096891 0.000000
vt -0.032999 -0.276844 0.000000
vt -0.090587 -0.061926 0.000000
vt -0.000000 -0.272500 0.000000
vt -0.000000 -0.050000 0.000000
vt 0.090587 -0.061926 0.000000
vt 0.032999 -0.276844 0.000000
vt 0.175000 -0.096891 0.000000
vt 0.063750 -0.289582 0.000000
vt 0.247487 -0.152513 0.000000
vt 0.090156 -0.309844 0.000000
vt 0.303109 -0.225000 0.000000
vt 0.110418 -0.336250 0.000000
vt 0.338074 -0.309413 0.000000
vt 0.123156 -0.367001 0.000000
vt 0.350000 -0.400000 0.000000
vt 0.127500 -0.400000 0.000000
vt 0.338074 -0.490587 0.000000
vt 0.123156 -0.432999 0.000000
vt 0.110418 -0.463750 0.000000
vt 0.303109 -0.575000 0.000000
vt 0.090156 -0.490156 0.000000
vt 0.247487 -0.647487 0.000000
vt 0.063750 -0.510418 0.000000
vt 0.175000 -0.703109 0.000000
vt 0.032999 -0.523156 0.000000
vt -1.994111 -0.985552 0.000000
vt -2.121023 -0.670113 0.000000
vt -2.016439 -0.987315 0.000000
vt -2.038599 -0.984066 0.000000
vt -2.059481 -0.975965 0.000000
vt -2.078035 -0.963420 0.000000
vt -2.093332 -0.947060 0.000000
vt -2.104605 -0.927706 0.000000
vt -2.212460 -0.628505 0.000000
vt -2.198376 -0.339017 0.000000
vt -2.278010 -0.317286 0.000000
vt -2.224363 0.000000 0.000000
vt -2.300000 0.000000 0.000000
vt -2.278010 0.317286 0.000000
vt -2.198376 0.339017 0.000000
vt -2.212460 0.628505 0.000000
vt -2.121023 0.670113 0.000000
vt -2.104605 0.927706 0.000000
vt -2.093332 0.947060 0.000000
vt -2.078035 0.963420 0.000000
vt -2.059481 0.975965 0.000000
vt -2.038599 0.984066 0.000000
vt -2.016439 0.987315 0.000000
vt -1.994111 0.985552 0.000000
vt 0.068214 -6.270759 0.000000
vt 0.000000 -6.270759 0.000000
vt 0.068214 -6.589061 0.000000
vt 0.000000 -6.589061 0.000000
vt 0.068214 -6.907362 0.000000
vt 0.000000 -6.907362 0.000000
vt 0.068214 -7.225663 0.000000
vt 0.000000 -7.225663 0.000000
vt 0.068214 -7.543964 0.000000
vt 0.000000 -7.543964 0.000000
vt 0.068214 -7.862266 0.000000
vt 0.000000 -7.862266 0.000000
vt 0.068214 -8.180567 0.000000
vt 0.000000 -8.180567 0.000000
vt 0.197875 -0.097654 0.000000
vt 0.129262 -0.178394 0.000000
vt 0.236277 -0.106423 0.000000
vt 0.173468 -0.194835 0.000000
vt 0.451217 -0.135577 0.000000
vt 0.221913 -0.205450 0.000000
vt 0.442318 -0.235357 0.000000
vt 0.161804 -0.082238 0.000000
vt 0.129262 -0.060686 0.000000
vt 0.630663 -0.159715 0.000000
vt 0.625675 -0.260029 0.000000
vt 0.782918 -0.180002 0.000000
vt 0.780789 -0.280703 0.000000
vt 0.913890 -0.197269 0.000000
vt 0.913890 -0.298251 0.000000
vt 1.186624 -0.235357 0.000000
vt 1.407029 -0.205450 0.000000
vt 1.177725 -0.135577 0.000000
vt 1.455474 -0.194835 0.000000
vt 1.392665 -0.106423 0.000000
vt 1.499680 -0.178394 0.000000
vt 1.421983 -0.100207 0.000000
vt 1.449066 -0.090915 0.000000
vt 1.474964 -0.077550 0.000000
vt 1.499680 -0.060686 0.000000
vt 0.998279 -0.159715 0.000000
vt 1.003268 -0.260029 0.000000
vt 0.846024 -0.180002 0.000000
vt 0.848154 -0.280703 0.000000
vt 0.715052 -0.197269 0.000000
vt 0.715052 -0.298251 0.000000
vt 0.197269 -0.523599 0.000000
vt 0.298251 -0.523599 0.000000
vt 0.213398 -0.392445 0.000000
vt 0.314381 -0.392445 0.000000
vt 0.226227 -0.264227 0.000000
vt 0.327210 -0.264227 0.000000
vt 0.235082 -0.130344 0.000000
vt 0.336064 -0.130344 0.000000
vt 0.238102 -0.000000 0.000000
vt 0.339085 0.000000 0.000000
vt 0.336064 0.130344 0.000000
vt 0.235082 0.130344 0.000000
vt 0.327210 0.264227 0.000000
vt 0.226227 0.264227 0.000000
vt 0.314381 0.392445 0.000000
vt 0.213398 0.392445 0.000000
vt 0.298251 0.523599 0.000000
vt 0.197269 0.523599 0.000000
vt 0.060686 0.087266 0.000000
vt 0.178394 0.087266 0.000000
vt 0.047731 0.101762 0.000000
vt 0.164905 0.112692 0.000000
vt 0.033227 0.115049 0.000000
vt 0.149131 0.136843 0.000000
vt 0.000000 0.137974 0.000000
vt 0.131850 0.160051 0.000000
vt 0.000000 0.160419 0.000000
vt 0.114115 0.182559 0.000000
vt 0.000000 0.182863 0.000000
vt 0.097548 0.204151 0.000000
vt 0.000000 0.205308 0.000000
vt 0.083345 0.225379 0.000000
vt 0.000000 0.227753 0.000000
vt 0.077343 0.236525 0.000000
vt 0.000000 0.250197 0.000000
vt 0.072536 0.248111 0.000000
vt 0.069347 0.260185 0.000000
vt 0.068214 0.272642 0.000000
vt 0.000000 0.272642 0.000000
vt 0.068214 -0.272642 0.000000
vt 0.069312 -0.260380 0.000000
vt 0.000000 -0.272642 0.000000
vt 0.000000 -0.250197 0.000000
vt 0.072400 -0.248505 0.000000
vt 0.077060 -0.237112 0.000000
vt 0.000000 -0.227753 0.000000
vt 0.082858 -0.226211 0.000000
vt 0.000000 -0.205308 0.000000
vt 0.096803 -0.205173 0.000000
vt 0.113252 -0.183656 0.000000
vt 0.000000 -0.182863 0.000000
vt 0.130905 -0.161263 0.000000
vt 0.000000 -0.160419 0.000000
vt 0.148500 -0.137738 0.000000
vt -0.000000 -0.137974 0.000000
vt 0.033547 -0.114782 0.000000
vt 0.164637 -0.113140 0.000000
vt 0.048122 -0.101373 0.000000
vt 0.178394 -0.087266 0.000000
vt 0.060686 -0.087266 0.000000
vt -1.553530 1.591960 0.000000
vt -1.292748 1.810136 0.000000
vt -1.562107 1.612650 0.000000
vt -1.565864 1.634730 0.000000
vt -1.564612 1.657093 0.000000
vt -1.558415 1.678616 0.000000
vt -1.547583 1.698220 0.000000
vt -1.532660 1.714921 0.000000
vt -1.281432 1.909956 0.000000
vt -1.001760 1.986018 0.000000
vt -1.005701 2.068469 0.000000
vt -0.687366 2.115495 0.000000
vt -0.710739 2.187430 0.000000
vt -0.356911 2.195542 0.000000
vt -0.402187 2.264563 0.000000
vt -0.085944 2.298394 0.000000
vt -0.018117 2.224289 0.000000
vt 0.231942 2.288275 0.000000
vt 0.291783 2.260272 0.000000
vt 0.274119 2.274042 0.000000
vt 0.321101 2.201064 0.000000
vt 0.315879 2.222845 0.000000
vt 0.305940 2.242916 0.000000
vt 0.253833 2.283535 0.000000
vt 0.068214 5.290302 0.000000
vt -0.000000 5.290302 0.000000
vt 0.068214 4.972000 0.000000
vt -0.000000 4.972000 0.000000
vt 0.068214 4.653699 0.000000
vt -0.000000 4.653699 0.000000
vt 0.068214 4.335398 0.000000
vt -0.000000 4.335398 0.000000
vt 0.068214 4.017097 0.000000
vt 0.000000 4.017097 0.000000
vt 0.068214 3.698795 0.000000
vt 0.000000 3.698795 0.000000
vt 0.068214 3.380494 0.000000
vt 0.000000 3.380494 0.000000
vt 0.206959 -0.100207 0.000000
vt 0.129262 -0.178394 0.000000
vt 0.236277 -0.106423 0.000000
vt 0.173468 -0.194835 0.000000
vt 0.451217 -0.135577 0.000000
vt 0.221913 -0.205450 0.000000
vt 0.442318 -0.235357 0.000000
vt 0.179876 -0.090915 0.000000
vt 0.153978 -0.077550 0.000000
vt 0.129262 -0.060686 0.000000
vt 0.630663 -0.159715 0.000000
vt 0.625675 -0.260029 0.000000
vt 0.782918 -0.180002 0.000000
vt 0.780789 -0.280703 0.000000
vt 0.913890 -0.197269 0.000000
vt 0.913890 -0.298251 0.000000
vt 1.186624 -0.235357 0.000000
vt 1.407029 -0.205450 0.000000
vt 1.177725 -0.135577 0.000000
vt 1.455474 -0.194835 0.000000
vt 1.392665 -0.106423 0.000000
vt 1.499680 -0.178394 0.000000
vt 1.421983 -0.100207 0.000000
vt 1.449066 -0.090915 0.000000
vt 1.474964 -0.077550 0.000000
vt 1.499680 -0.060686 0.000000
vt 0.998279 -0.159715 0.000000
vt 1.003268 -0.260029 0.000000
vt 0.846024 -0.180002 0.000000
vt 0.848154 -0.280703 0.000000
vt 0.715052 -0.197269 0.000000
vt 0.715052 -0.298251 0.000000
vt 0.197269 -1.277581 0.000000
vt 0.298251 -1.277581 0.000000
vt 0.213398 -1.146427 0.000000
vt 0.314381 -1.146427 0.000000
vt 0.226227 -1.018209 0.000000
vt 0.327210 -1.018209 0.000000
vt 0.235082 -0.884326 0.000000
vt 0.336064 -0.884326 0.000000
vt 0.238102 -0.753982 0.000000
vt 0.339085 -0.753982 0.000000
vt 0.336064 -0.623639 0.000000
vt 0.235082 -0.623639 0.000000
vt 0.327210 -0.489755 0.000000
vt 0.226227 -0.489755 0.000000
vt 0.314381 -0.361537 0.000000
vt 0.213398 -0.361537 0.000000
vt 0.298251 -0.230383 0.000000
vt 0.197269 -0.230383 0.000000
vt 0.060686 -0.038397 0.000000
vt 0.178394 -0.038397 0.000000
vt 0.047731 -0.023902 0.000000
vt 0.164905 -0.012972 0.000000
vt 0.033227 -0.010615 0.000000
vt 0.149131 0.011180 0.000000
vt 0.000000 0.012311 0.000000
vt 0.131850 0.034387 0.000000
vt 0.000000 0.034755 0.000000
vt 0.114115 0.056895 0.000000
vt 0.000000 0.057200 0.000000
vt 0.097548 0.078487 0.000000
vt 0.000000 0.079644 0.000000
vt 0.083345 0.099716 0.000000
vt 0.000000 0.102089 0.000000
vt 0.077343 0.110861 0.000000
vt 0.000000 0.124533 0.000000
vt 0.072536 0.122447 0.000000
vt 0.069347 0.134522 0.000000
vt 0.068214 0.146978 0.000000
vt 0.000000 0.146978 0.000000
vt 0.068214 0.230013 0.000000
vt 0.069312 0.242275 0.000000
vt -0.000000 0.230013 0.000000
vt -0.000000 0.252458 0.000000
vt 0.072400 0.254150 0.000000
vt 0.077060 0.265543 0.000000
vt -0.000000 0.274902 0.000000
vt 0.082858 0.276444 0.000000
vt -0.000000 0.297347 0.000000
vt 0.096803 0.297481 0.000000
vt 0.113252 0.318999 0.000000
vt 0.000000 0.319791 0.000000
vt 0.130905 0.341392 0.000000
vt 0.000000 0.342236 0.000000
vt 0.148500 0.364916 0.000000
vt 0.000000 0.364680 0.000000
vt 0.033547 0.387873 0.000000
vt 0.164637 0.389515 0.000000
vt 0.048122 0.401282 0.000000
vt 0.178394 0.415388 0.000000
vt 0.060686 0.415388 0.000000
vt 1.322061 1.788839 0.000000
vt 1.157369 1.987586 0.000000
vt 1.033977 1.969437 0.000000
vt 1.136873 1.996618 0.000000
vt 1.114882 2.000862 0.000000
vt 1.420492 1.808923 0.000000
vt 1.579254 1.566444 0.000000
vt 1.656453 1.595671 0.000000
vt 1.799547 1.307448 0.000000
vt 1.860739 1.351906 0.000000
vt 1.977793 1.017902 0.000000
vt 2.029445 1.082291 0.000000
vt 2.159344 0.791980 0.000000
vt 2.109826 0.704573 0.000000
vt 2.247953 0.486526 0.000000
vt 2.192562 0.374781 0.000000
vt 2.211663 0.386478 0.000000
vt 2.227681 0.402133 0.000000
vt 2.239813 0.420960 0.000000
vt 2.247450 0.442015 0.000000
vt 2.250210 0.464242 0.000000
vt 1.092497 2.000105 0.000000
vt 1.070842 1.994384 0.000000
vt 1.051004 1.983988 0.000000
vt 0.068214 2.400036 0.000000
vt 0.000000 2.400036 0.000000
vt 0.068214 2.081735 0.000000
vt 0.000000 2.081735 0.000000
vt 0.068214 1.763434 0.000000
vt 0.000000 1.763434 0.000000
vt 0.068214 1.445133 0.000000
vt 0.000000 1.445133 0.000000
vt 0.068214 1.126831 0.000000
vt 0.000000 1.126831 0.000000
vt 0.068214 0.808530 0.000000
vt 0.000000 0.808530 0.000000
vt 0.068214 0.490229 0.000000
vt 0.000000 0.490229 0.000000
vt 0.206959 -0.100207 0.000000
vt 0.129262 -0.178394 0.000000
vt 0.236277 -0.106423 0.000000
vt 0.173468 -0.194835 0.000000
vt 0.451217 -0.135577 0.000000
vt 0.221913 -0.205450 0.000000
vt 0.442318 -0.235357 0.000000
vt 0.179876 -0.090915 0.000000
vt 0.153978 -0.077550 0.000000
vt 0.129262 -0.060686 0.000000
vt 0.630663 -0.159715 0.000000
vt 0.625675 -0.260029 0.000000
vt 0.782918 -0.180002 0.000000
vt 0.780789 -0.280703 0.000000
vt 0.913890 -0.197269 0.000000
vt 0.913890 -0.298251 0.000000
vt 1.186624 -0.235357 0.000000
vt 1.407029 -0.205450 0.000000
vt 1.177725 -0.135577 0.000000
vt 1.455474 -0.194835 0.000000
vt 1.392665 -0.106423 0.000000
vt 1.499680 -0.178394 0.000000
vt 1.421983 -0.100207 0.000000
vt 1.449066 -0.090915 0.000000
vt 1.474964 -0.077550 0.000000
vt 1.499680 -0.060686 0.000000
vt 0.998279 -0.159715 0.000000
vt 1.003268 -0.260029 0.000000
vt 0.846024 -0.180002 0.000000
vt 0.848154 -0.280703 0.000000
vt 0.715052 -0.197269 0.000000
vt 0.715052 -0.298251 0.000000
vt 0.197269 1.738348 0.000000
vt 0.298251 1.738348 0.000000
vt 0.213398 1.869502 0.000000
vt 0.314381 1.869502 0.000000
vt 0.226227 1.997719 0.000000
vt 0.327210 1.997719 0.000000
vt 0.235082 2.131603 0.000000
vt 0.336064 2.131603 0.000000
vt 0.238102 2.261947 0.000000
vt 0.339085 2.261947 0.000000
vt 0.336064 2.392290 0.000000
vt 0.235082 2.392290 0.000000
vt 0.327210 2.526174 0.000000
vt 0.226227 2.526174 0.000000
vt 0.314381 2.654392 0.000000
vt 0.213398 2.654392 0.000000
vt 0.298251 2.785545 0.000000
vt 0.197269 2.785545 0.000000
vt 0.060686 -0.164061 0.000000
vt 0.178394 -0.164061 0.000000
vt 0.047731 -0.149565 0.000000
vt 0.164905 -0.138635 0.000000
vt 0.033227 -0.136279 0.000000
vt 0.149131 -0.114484 0.000000
vt 0.000000 -0.113353 0.000000
vt 0.131850 -0.091277 0.000000
vt 0.000000 -0.090908 0.000000
vt 0.114115 -0.068768 0.000000
vt 0.000000 -0.068464 0.000000
vt 0.097548 -0.047177 0.000000
vt 0.000000 -0.046019 0.000000
vt 0.083345 -0.025948 0.000000
vt 0.000000 -0.023575 0.000000
vt 0.077343 -0.014802 0.000000
vt 0.000000 -0.001130 0.000000
vt 0.072536 -0.003217 0.000000
vt 0.069347 0.008858 0.000000
vt 0.068214 0.021314 0.000000
vt 0.000000 0.021314 0.000000
vt 0.068214 0.104349 0.000000
vt 0.069312 0.116611 0.000000
vt 0.000000 0.104349 0.000000
vt 0.000000 0.126794 0.000000
vt 0.072400 0.128486 0.000000
vt 0.077060 0.139879 0.000000
vt 0.000000 0.149239 0.000000
vt 0.082858 0.150780 0.000000
vt 0.000000 0.171683 0.000000
vt 0.096803 0.171818 0.000000
vt 0.113252 0.193335 0.000000
vt 0.000000 0.194128 0.000000
vt 0.130905 0.215728 0.000000
vt 0.000000 0.216572 0.000000
vt 0.148500 0.239253 0.000000
vt -0.000000 0.239017 0.000000
vt 0.033547 0.262209 0.000000
vt 0.164637 0.263851 0.000000
vt 0.048122 0.275618 0.000000
vt 0.178394 0.289725 0.000000
vt 0.060686 0.289725 0.000000
vt 2.211663 -0.386478 0.000000
vt 2.192562 -0.374781 0.000000
vt 2.247953 -0.486526 0.000000
vt 2.109826 -0.704573 0.000000
vt 2.159344 -0.791980 0.000000
vt 1.977793 -1.017902 0.000000
vt 2.029445 -1.082291 0.000000
vt 1.860739 -1.351906 0.000000
vt 1.799547 -1.307448 0.000000
vt 1.656453 -1.595671 0.000000
vt 1.579254 -1.566444 0.000000
vt 1.420492 -1.808923 0.000000
vt 1.322061 -1.788839 0.000000
vt 1.157369 -1.987586 0.000000
vt 1.033977 -1.969437 0.000000
vt 1.136873 -1.996618 0.000000
vt 1.114882 -2.000862 0.000000
vt 1.092497 -2.000105 0.000000
vt 1.070842 -1.994384 0.000000
vt 1.051004 -1.983988 0.000000
vt 2.250210 -0.464242 0.000000
vt 2.247450 -0.442015 0.000000
vt 2.239813 -0.420960 0.000000
vt 2.227681 -0.402133 0.000000
vt 0.068214 -0.490229 0.000000
vt 0.000000 -0.490229 0.000000
vt 0.068214 -0.808530 0.000000
vt 0.000000 -0.808530 0.000000
vt 0.068214 -1.126831 0.000000
vt 0.000000 -1.126831 0.000000
vt 0.068214 -1.445133 0.000000
vt 0.000000 -1.445133 0.000000
vt 0.068214 -1.763434 0.000000
vt 0.000000 -1.763434 0.000000
vt 0.068214 -2.081735 0.000000
vt 0.000000 -2.081735 0.000000
vt 0.068214 -2.400036 0.000000
vt 0.000000 -2.400036 0.000000
vt 0.206959 -0.100207 0.000000
vt 0.129262 -0.178394 0.000000
vt 0.236277 -0.106423 0.000000
vt 0.173468 -0.194835 0.000000
vt 0.451217 -0.135577 0.000000
vt 0.221913 -0.205450 0.000000
vt 0.442318 -0.235357 0.000000
vt 0.179876 -0.090915 0.000000
vt 0.153978 -0.077550 0.000000
vt 0.129262 -0.060686 0.000000
vt 0.630663 -0.159715 0.000000
vt 0.625675 -0.260029 0.000000
vt 0.782918 -0.180002 0.000000
vt 0.780789 -0.280703 0.000000
vt 0.913890 -0.197269 0.000000
vt 0.913890 -0.298251 0.000000
vt 1.186624 -0.235357 0.000000
vt 1.407029 -0.205450 0.000000
vt 1.177725 -0.135577 0.000000
vt 1.455474 -0.194835 0.000000
vt 1.392665 -0.106423 0.000000
vt 1.499680 -0.178394 0.000000
vt 1.421983 -0.100207 0.000000
vt 1.449066 -0.090915 0.000000
vt 1.474964 -0.077550 0.000000
vt 1.499680 -0.060686 0.000000
vt 0.998279 -0.159715 0.000000
vt 1.003268 -0.260029 0.000000
vt 0.846024 -0.180002 0.000000
vt 0.848154 -0.280703 0.000000
vt 0.715052 -0.197269 0.000000
vt 0.715052 -0.298251 0.000000
vt 0.197269 0.984366 0.000000
vt 0.298251 0.984366 0.000000
vt 0.213398 1.115520 0.000000
vt 0.314381 1.115520 0.000000
vt 0.226227 1.243737 0.000000
vt 0.327210 1.243737 0.000000
vt 0.235082 1.377621 0.000000
vt 0.336064 1.377621 0.000000
vt 0.238102 1.507964 0.000000
vt 0.339085 1.507964 0.000000
vt 0.336064 1.638308 0.000000
vt 0.235082 1.638308 0.000000
vt 0.327210 1.772192 0.000000
vt 0.226227 1.772192 0.000000
vt 0.314381 1.900409 0.000000
vt 0.213398 1.900409 0.000000
vt 0.298251 2.031563 0.000000
vt 0.197269 2.031563 0.000000
vt 0.060686 -0.289725 0.000000
vt 0.178394 -0.289725 0.000000
vt 0.047731 -0.275229 0.000000
vt 0.164905 -0.264299 0.000000
vt 0.033227 -0.261942 0.000000
vt 0.149131 -0.240148 0.000000
vt 0.000000 -0.239017 0.000000
vt 0.131850 -0.216940 0.000000
vt 0.000000 -0.216572 0.000000
vt 0.114115 -0.194432 0.000000
vt 0.000000 -0.194128 0.000000
vt 0.097548 -0.172841 0.000000
vt 0.000000 -0.171683 0.000000
vt 0.083345 -0.151612 0.000000
vt 0.000000 -0.149239 0.000000
vt 0.077343 -0.140466 0.000000
vt 0.000000 -0.126794 0.000000
vt 0.072536 -0.128881 0.000000
vt 0.069347 -0.116806 0.000000
vt 0.068214 -0.104349 0.000000
vt 0.000000 -0.104349 0.000000
vt 0.068214 -0.021314 0.000000
vt 0.069312 -0.009053 0.000000
vt 0.000000 -0.021314 0.000000
vt 0.000000 0.001130 0.000000
vt 0.072400 0.002822 0.000000
vt 0.077060 0.014216 0.000000
vt 0.000000 0.023575 0.000000
vt 0.082858 0.025116 0.000000
vt 0.000000 0.046019 0.000000
vt 0.096803 0.046154 0.000000
vt 0.113252 0.067672 0.000000
vt 0.000000 0.068464 0.000000
vt 0.130905 0.090065 0.000000
vt 0.000000 0.090908 0.000000
vt 0.148500 0.113589 0.000000
vt 0.000000 0.113353 0.000000
vt 0.033547 0.136546 0.000000
vt 0.164637 0.138188 0.000000
vt 0.048122 0.149955 0.000000
vt 0.178394 0.164061 0.000000
vt 0.060686 0.164061 0.000000
vt 0.321101 -2.201064 0.000000
vt -0.018117 -2.224289 0.000000
vt 0.315879 -2.222845 0.000000
vt 0.305940 -2.242916 0.000000
vt 0.291783 -2.260272 0.000000
vt 0.231942 -2.288275 0.000000
vt 0.274119 -2.274042 0.000000
vt 0.253833 -2.283535 0.000000
vt -0.085944 -2.298394 0.000000
vt -0.356911 -2.195542 0.000000
vt -0.402187 -2.264563 0.000000
vt -0.710739 -2.187430 0.000000
vt -0.687366 -2.115495 0.000000
vt -1.005701 -2.068469 0.000000
vt -1.001760 -1.986018 0.000000
vt -1.281432 -1.909956 0.000000
vt -1.292748 -1.810136 0.000000
vt -1.532660 -1.714921 0.000000
vt -1.547583 -1.698220 0.000000
vt -1.558415 -1.678616 0.000000
vt -1.564612 -1.657093 0.000000
vt -1.565864 -1.634730 0.000000
vt -1.562107 -1.612650 0.000000
vt -1.553530 -1.591960 0.000000
vt 0.068214 -3.380494 0.000000
vt 0.000000 -3.380494 0.000000
vt 0.068214 -3.698795 0.000000
vt 0.000000 -3.698795 0.000000
vt 0.068214 -4.017097 0.000000
vt 0.000000 -4.017097 0.000000
vt 0.068214 -4.335398 0.000000
vt 0.000000 -4.335398 0.000000
vt 0.068214 -4.653699 0.000000
vt 0.000000 -4.653699 0.000000
vt 0.068214 -4.972000 0.000000
vt 0.000000 -4.972000 0.000000
vt 0.068214 -5.290302 0.000000
vt 0.000000 -5.290302 0.000000
vt 0.206959 -0.100207 0.000000
vt 0.129262 -0.178394 0.000000
vt 0.236277 -0.106423 0.000000
vt 0.173468 -0.194835 0.000000
vt 0.451217 -0.135577 0.000000
vt 0.221913 -0.205450 0.000000
vt 0.442318 -0.235357 0.000000
vt 0.179876 -0.090915 0.000000
vt 0.153978 -0.077550 0.000000
vt 0.129262 -0.060686 0.000000
vt 0.630663 -0.159715 0.000000
vt 0.625675 -0.260029 0.000000
vt 0.782918 -0.180002 0.000000
vt 0.780789 -0.280703 0.000000
vt 0.913890 -0.197269 0.000000
vt 0.913890 -0.298251 0.000000
vt 1.186624 -0.235357 0.000000
vt 1.407029 -0.205450 0.000000
vt 1.177725 -0.135577 0.000000
vt 1.455474 -0.194835 0.000000
vt 1.392665 -0.106423 0.000000
vt 1.499680 -0.178394 0.000000
vt 1.421983 -0.100207 0.000000
vt 1.449066 -0.090915 0.000000
vt 1.474964 -0.077550 0.000000
vt 1.499680 -0.060686 0.000000
vt 0.998279 -0.159715 0.000000
vt 1.003268 -0.260029 0.000000
vt 0.846024 -0.180002 0.000000
vt 0.848154 -0.280703 0.000000
vt 0.715052 -0.197269 0.000000
vt 0.715052 -0.298251 0.000000
vt 0.197269 0.230383 0.000000
vt 0.298251 0.230383 0.000000
vt 0.213398 0.361537 0.000000
vt 0.314381 0.361537 0.000000
vt 0.226227 0.489755 0.000000
vt 0.327210 0.489755 0.000000
vt 0.235082 0.623639 0.000000
vt 0.336064 0.623639 0.000000
vt 0.238102 0.753982 0.000000
vt 0.339085 0.753982 0.000000
vt 0.336064 0.884326 0.000000
vt 0.235082 0.884326 0.000000
vt 0.327210 1.018209 0.000000
vt 0.226227 1.018209 0.000000
vt 0.314381 1.146427 0.000000
vt 0.213398 1.146427 0.000000
vt 0.298251 1.277581 0.000000
vt 0.197269 1.277581 0.000000
vt 0.060686 0.212930 0.000000
vt 0.178394 0.212930 0.000000
vt 0.047731 0.227426 0.000000
vt 0.164905 0.238356 0.000000
vt 0.033227 0.240712 0.000000
vt 0.149131 0.262507 0.000000
vt -0.000000 0.263638 0.000000
vt 0.131850 0.285715 0.000000
vt -0.000000 0.286083 0.000000
vt 0.114115 0.308223 0.000000
vt 0.000000 0.308527 0.000000
vt 0.097548 0.329814 0.000000
vt 0.000000 0.330972 0.000000
vt 0.083345 0.351043 0.000000
vt 0.000000 0.353416 0.000000
vt 0.077343 0.362189 0.000000
vt 0.000000 0.375861 0.000000
vt 0.072536 0.373774 0.000000
vt 0.069347 0.385849 0.000000
vt 0.068214 0.398305 0.000000
vt 0.000000 0.398305 0.000000
vt 0.068214 -0.146978 0.000000
vt 0.069312 -0.134717 0.000000
vt 0.000000 -0.146978 0.000000
vt 0.000000 -0.124533 0.000000
vt 0.072400 -0.122842 0.000000
vt 0.077060 -0.111448 0.000000
vt 0.000000 -0.102089 0.000000
vt 0.082858 -0.100547 0.000000
vt 0.000000 -0.079644 0.000000
vt 0.096803 -0.079510 0.000000
vt 0.113252 -0.057992 0.000000
vt 0.000000 -0.057200 0.000000
vt 0.130905 -0.035599 0.000000
vt 0.000000 -0.034755 0.000000
vt 0.148500 -0.012075 0.000000
vt 0.000000 -0.012311 0.000000
vt 0.033547 0.010882 0.000000
vt 0.164637 0.012524 0.000000
vt 0.048122 0.024291 0.000000
vt 0.178394 0.038397 0.000000
vt 0.060686 0.038397 0.000000
vt -0.000000 -0.100886 0.000000
vt 0.013090 -0.100886 0.000000
vt -0.000000 0.000000 0.000000
vt 0.013090 0.000000 0.000000
vt -0.000000 0.100886 0.000000
vt 0.013090 0.100886 0.000000
vt -0.000000 0.201772 0.000000
vt 0.013090 0.201772 0.000000
vt -0.000000 0.302657 0.000000
vt 0.013090 0.302657 0.000000
vt -0.000000 0.403543 0.000000
vt 0.013090 0.403543 0.000000
vt -0.000000 0.504429 0.000000
vt 0.013090 0.504429 0.000000
vt -0.000000 0.605315 0.000000
vt 0.013090 0.605315 0.000000
vt -0.000000 0.706201 0.000000
vt 0.013090 0.706201 0.000000
vt -0.000000 0.807086 0.000000
vt 0.013090 0.807086 0.000000
vt -0.000000 0.907972 0.000000
vt 0.013090 0.907972 0.000000
vt -0.000000 1.008858 0.000000
vt 0.013090 1.008858 0.000000
vt -0.000000 1.109744 0.000000
vt 0.013090 1.109744 0.000000
vt -0.000000 1.210630 0.000000
vt 0.013090 1.210630 0.000000
vt -0.000000 -1.210630 0.000000
vt 0.013090 -1.210630 0.000000
vt -0.000000 -1.109744 0.000000
vt 0.013090 -1.109744 0.000000
vt -0.000000 -1.008858 0.000000
vt 0.013090 -1.008858 0.000000
vt -0.000000 -0.907972 0.000000
vt 0.013090 -0.907972 0.000000
vt -0.000000 -0.807086 0.000000
vt 0.013090 -0.807086 0.000000
vt -0.000000 -0.706201 0.000000
vt 0.013090 -0.706201 0.000000
vt -0.000000 -0.605315 0.000000
vt 0.013090 -0.605315 0.000000
vt -0.000000 -0.504429 0.000000
vt 0.013090 -0.504429 0.000000
vt -0.000000 -0.403543 0.000000
vt 0.013090 -0.403543 0.000000
vt -0.000000 -0.302657 0.000000
vt 0.013090 -0.302657 0.000000
vt -0.000000 -0.201772 0.000000
vt 0.013090 -0.201772 0.000000
vt 0.078540 0.100886 0.000000
vt 0.065450 0.100886 0.000000
vt 0.078540 0.000000 0.000000
vt 0.065450 0.000000 0.000000
vt 0.078540 -0.100886 0.000000
vt 0.065450 -0.100886 0.000000
vt 0.078540 -0.201772 0.000000
vt 0.065450 -0.201772 0.000000
vt 0.078540 -0.302657 0.000000
vt 0.065450 -0.302657 0.000000
vt 0.078540 -0.403543 0.000000
vt 0.065450 -0.403543 0.000000
vt 0.078540 -0.504429 0.000000
vt 0.065450 -0.504429 0.000000
vt 0.078540 -0.605315 0.000000
vt 0.065450 -0.605315 0.000000
vt 0.078540 -0.706201 0.000000
vt 0.065450 -0.706201 0.000000
vt 0.078540 -0.807086 0.000000
vt 0.065450 -0.807086 0.000000
vt 0.078540 -0.907972 0.000000
vt 0.065450 -0.907972 0.000000
vt 0.078540 -1.008858 0.000000
vt 0.065450 -1.008858 0.000000
vt 0.078540 -1.109744 0.000000
vt 0.065450 -1.109744 0.000000
vt 0.078540 -1.210630 0.000000
vt 0.065450 -1.210630 0.000000
vt 0.078540 1.210630 0.000000
vt 0.065450 1.210630 0.000000
vt 0.078540 1.109744 0.000000
vt 0.065450 1.109744 0.000000
vt 0.078540 1.008858 0.000000
vt 0.065450 1.008858 0.000000
vt 0.078540 0.907972 0.000000
vt 0.065450 0.907972 0.000000
vt 0.078540 0.807086 0.000000
vt 0.065450 0.807086 0.000000
vt 0.078540 0.706201 0.000000
vt 0.065450 0.706201 0.000000
vt 0.078540 0.605315 0.000000
vt 0.065450 0.605315 0.000000
vt 0.078540 0.504429 0.000000
vt 0.065450 0.504429 0.000000
vt 0.078540 0.403543 0.000000
vt 0.065450 0.403543 0.000000
vt 0.078540 0.302657 0.000000
vt 0.065450 0.302657 0.000000
vt 0.078540 0.201772 0.000000
vt 0.065450 0.201772 0.000000
vt 0.026180 -1.210630 0.000000
vt 0.026180 -1.109744 0.000000
vt 0.026180 -1.008858 0.000000
vt 0.026180 -0.907972 0.000000
vt 0.026180 -0.807086 0.000000
vt 0.026180 -0.706201 0.000000
vt 0.026180 -0.605315 0.000000
vt 0.026180 -0.504429 0.000000
vt 0.026180 -0.403543 0.000000
vt 0.026180 -0.302657 0.000000
vt 0.026180 -0.201772 0.000000
vt 0.026180 -0.100886 0.000000
vt 0.026180 0.000000 0.000000
vt 0.026180 0.100886 0.000000
vt 0.026180 0.201772 0.000000
vt 0.026180 0.302657 0.000000
vt 0.026180 0.403543 0.000000
vt 0.026180 0.504429 0.000000
vt 0.026180 0.605315 0.000000
vt 0.026180 0.706201 0.000000
vt 0.026180 0.807086 0.000000
vt 0.026180 0.907972 0.000000
vt 0.026180 1.008858 0.000000
vt 0.026180 1.109744 0.000000
vt 0.026180 1.210630 0.000000
vt 0.039270 -1.210630 0.000000
vt 0.039270 -1.109744 0.000000
vt 0.039270 -1.008858 0.000000
vt 0.039270 -0.907972 0.000000
vt 0.039270 -0.807086 0.000000
vt 0.039270 -0.706201 0.000000
vt 0.039270 -0.605315 0.000000
vt 0.039270 -0.504429 0.000000
vt 0.039270 -0.403543 0.000000
vt 0.039270 -0.302657 0.000000
vt 0.039270 -0.201772 0.000000
vt 0.039270 -0.100886 0.000000
vt 0.039270 0.000000 0.000000
vt 0.039270 0.100886 0.000000
vt 0.039270 0.201772 0.000000
vt 0.039270 0.302657 0.000000
vt 0.039270 0.403543 0.000000
vt 0.039270 0.504429 0.000000
vt 0.039270 0.605315 0.000000
vt 0.039270 0.706201 0.000000
vt 0.039270 0.807086 0.000000
vt 0.039270 0.907972 0.000000
vt 0.039270 1.008858 0.000000
vt 0.039270 1.109744 0.000000
vt 0.039270 1.210630 0.000000
vt 0.052360 -1.210630 0.000000
vt 0.052360 -1.109744 0.000000
vt 0.052360 -1.008858 0.000000
vt 0.052360 -0.907972 0.000000
vt 0.052360 -0.807086 0.000000
vt 0.052360 -0.706201 0.000000
vt 0.052360 -0.605315 0.000000
vt 0.052360 -0.504429 0.000000
vt 0.052360 -0.403543 0.000000
vt 0.052360 -0.302657 0.000000
vt 0.052360 -0.201772 0.000000
vt 0.052360 -0.100886 0.000000
vt 0.052360 0.000000 0.000000
vt 0.052360 0.100886 0.000000
vt 0.052360 0.201772 0.000000
vt 0.052360 0.302657 0.000000
vt 0.052360 0.403543 0.000000
vt 0.052360 0.504429 0.000000
vt 0.052360 0.605315 0.000000
vt 0.052360 0.706201 0.000000
vt 0.052360 0.807086 0.000000
vt 0.052360 0.907972 0.000000
vt 0.052360 1.008858 0.000000
vt 0.052360 1.109744 0.000000
vt 0.052360 1.210630 0.000000
vt 0.071558 2.061159 0.000000
vt 0.084452 2.068654 0.000000
vt 0.071558 2.248537 0.000000
vt 0.084452 2.248537 0.000000
vt 0.071558 -2.248537 0.000000
vt 0.084452 -2.248537 0.000000
vt 0.084452 -2.068654 0.000000
vt 0.097346 -2.248537 0.000000
vt 0.097346 -2.068654 0.000000
vt 0.110239 -2.248537 0.000000
vt 0.110239 -2.068654 0.000000
vt 0.123133 -2.248537 0.000000
vt 0.123133 -2.068654 0.000000
vt 0.136026 -2.248537 0.000000
vt 0.136026 -2.068654 0.000000
vt 0.148920 -2.248537 0.000000
vt 0.148920 -2.061159 0.000000
vt 0.084452 1.888771 0.000000
vt 0.071558 1.873781 0.000000
vt 0.084452 1.708888 0.000000
vt 0.071558 1.686403 0.000000
vt 0.084452 1.529005 0.000000
vt 0.071558 1.499025 0.000000
vt 0.084452 1.349122 0.000000
vt 0.071558 1.311647 0.000000
vt 0.084452 1.169239 0.000000
vt 0.071558 1.124268 0.000000
vt 0.084452 0.989356 0.000000
vt 0.071558 0.936890 0.000000
vt 0.084452 0.809473 0.000000
vt 0.071558 0.749512 0.000000
vt 0.084452 0.629590 0.000000
vt 0.071558 0.562134 0.000000
vt 0.084452 0.449707 0.000000
vt 0.071558 0.374756 0.000000
vt 0.084452 0.269824 0.000000
vt 0.071558 0.187378 0.000000
vt 0.084452 0.089941 0.000000
vt 0.071558 0.000000 0.000000
vt 0.084452 -0.089941 0.000000
vt 0.071558 -0.187378 0.000000
vt 0.084452 -0.269824 0.000000
vt 0.071558 -0.374756 0.000000
vt 0.084452 -0.449707 0.000000
vt 0.071558 -0.562134 0.000000
vt 0.084452 -0.629590 0.000000
vt 0.071558 -0.749512 0.000000
vt 0.084452 -0.809473 0.000000
vt 0.071558 -0.936890 0.000000
vt 0.084452 -0.989356 0.000000
vt 0.071558 -1.124268 0.000000
vt 0.084452 -1.169239 0.000000
vt 0.071558 -1.311647 0.000000
vt 0.084452 -1.349122 0.000000
vt 0.071558 -1.499025 0.000000
vt 0.084452 -1.529005 0.000000
vt 0.071558 -1.686403 0.000000
vt 0.084452 -1.708888 0.000000
vt 0.071558 -1.873781 0.000000
vt 0.084452 -1.888771 0.000000
vt 0.071558 -2.061159 0.000000
vt 0.136026 -1.888771 0.000000
vt 0.148920 -1.873781 0.000000
vt 0.136026 -1.708888 0.000000
vt 0.148920 -1.686403 0.000000
vt 0.136026 -1.529005 0.000000
vt 0.148920 -1.499025 0.000000
vt 0.136026 -1.349122 0.000000
vt 0.148920 -1.311647 0.000000
vt 0.136026 -1.169239 0.000000
vt 0.148920 -1.124268 0.000000
vt 0.136026 -0.989356 0.000000
vt 0.148920 -0.936890 0.000000
vt 0.136026 -0.809473 0.000000
vt 0.148920 -0.749512 0.000000
vt 0.136026 -0.629590 0.000000
vt 0.148920 -0.562134 0.000000
vt 0.136026 -0.449707 0.000000
vt 0.148920 -0.374756 0.000000
vt 0.136026 -0.269824 0.000000
vt 0.148920 -0.187378 0.000000
vt 0.136026 -0.089941 0.000000
vt 0.148920 0.000000 0.000000
vt 0.136026 0.089941 0.000000
vt 0.148920 0.187378 0.000000
vt 0.136026 0.269824 0.000000
vt 0.148920 0.374756 0.000000
vt 0.136026 0.449707 0.000000
vt 0.148920 0.562134 0.000000
vt 0.136026 0.629590 0.000000
vt 0.148920 0.749512 0.000000
vt 0.136026 0.809473 0.000000
vt 0.148920 0.936890 0.000000
vt 0.136026 0.989356 0.000000
vt 0.148920 1.124268 0.000000
vt 0.136026 1.169239 0.000000
vt 0.148920 1.311647 0.000000
vt 0.136026 1.349122 0.000000
vt 0.148920 1.499025 0.000000
vt 0.136026 1.529005 0.000000
vt 0.148920 1.686403 0.000000
vt 0.136026 1.708888 0.000000
vt 0.148920 1.873781 0.000000
vt 0.136026 1.888771 0.000000
vt 0.148920 2.061159 0.000000
vt 0.136026 2.068654 0.000000
vt 0.148920 2.248537 0.000000
vt 0.136026 2.248537 0.000000
vt 0.097346 2.248537 0.000000
vt 0.097346 2.068654 0.000000
vt 0.097346 1.888771 0.000000
vt 0.097346 1.708888 0.000000
vt 0.097346 1.529005 0.000000
vt 0.097346 1.349122 0.000000
vt 0.097346 1.169239 0.000000
vt 0.097346 0.989356 0.000000
vt 0.097346 0.809473 0.000000
vt 0.097346 0.629590 0.000000
vt 0.097346 0.449707 0.000000
vt 0.097346 0.269824 0.000000
vt 0.097346 0.089941 0.000000
vt 0.097346 -0.089941 0.000000
vt 0.097346 -0.269824 0.000000
vt 0.097346 -0.449707 0.000000
vt 0.097346 -0.629590 0.000000
vt 0.097346 -0.809473 0.000000
vt 0.097346 -0.989356 0.000000
vt 0.097346 -1.169239 0.000000
vt 0.097346 -1.349122 0.000000
vt 0.097346 -1.529005 0.000000
vt 0.097346 -1.708888 0.000000
vt 0.097346 -1.888771 0.000000
vt 0.110239 2.248537 0.000000
vt 0.110239 2.068654 0.000000
vt 0.110239 1.888771 0.000000
vt 0.110239 1.708888 0.000000
vt 0.110239 1.529005 0.000000
vt 0.110239 1.349122 0.000000
vt 0.110239 1.169239 0.000000
vt 0.110239 0.989356 0.000000
vt 0.110239 0.809473 0.000000
vt 0.110239 0.629590 0.000000
vt 0.110239 0.449707 0.000000
vt 0.110239 0.269824 0.000000
vt 0.110239 0.089941 0.000000
vt 0.110239 -0.089941 0.000000
vt 0.110239 -0.269824 0.000000
vt 0.110239 -0.449707 0.000000
vt 0.110239 -0.629590 0.000000
vt 0.110239 -0.809473 0.000000
vt 0.110239 -0.989356 0.000000
vt 0.110239 -1.169239 0.000000
vt 0.110239 -1.349122 0.000000
vt 0.110239 -1.529005 0.000000
vt 0.110239 -1.708888 0.000000
vt 0.110239 -1.888771 0.000000
vt 0.123133 2.248537 0.000000
vt 0.123133 2.068654 0.000000
vt 0.123133 1.888771 0.000000
vt 0.123133 1.708888 0.000000
vt 0.123133 1.529005 0.000000
vt 0.123133 1.349122 0.000000
vt 0.123133 1.169239 0.000000
vt 0.123133 0.989356 0.000000
vt 0.123133 0.809473 0.000000
vt 0.123133 0.629590 0.000000
vt 0.123133 0.449707 0.000000
vt 0.123133 0.269824 0.000000
vt 0.123133 0.089941 0.000000
vt 0.123133 -0.089941 0.000000
vt 0.123133 -0.269824 0.000000
vt 0.123133 -0.449707 0.000000
vt 0.123133 -0.629590 0.000000
vt 0.123133 -0.809473 0.000000
vt 0.123133 -0.989356 0.000000
vt 0.123133 -1.169239 0.000000
vt 0.123133 -1.349122 0.000000
vt 0.123133 -1.529005 0.000000
vt 0.123133 -1.708888 0.000000
vt 0.123133 -1.888771 0.000000
vn 0.965926 0.000000 -0.258819
vn 0.965926 0.000000 -0.258819
vn 1.000000 0.000000 -0.000000
vn 1.000000 0.000000 -0.000000
vn 0.965926 -0.000000 0.258819
vn 0.965926 -0.000000 0.258819
vn 0.866025 -0.000000 0.500000
vn 0.866025 -0.000000 0.500000
vn 0.707107 -0.000000 0.707107
vn 0.707107 -0.000000 0.707107
vn 0.500000 -0.000000 0.866025
vn 0.500000 -0.000000 0.866025
vn 0.258819 -0.000000 0.965926
vn 0.258819 -0.000000 0.965926
vn -0.000000 0.000000 1.000000
vn -0.000000 0.000000 1.000000
vn -0.258819 0.000000 0.965926
vn -0.258819 0.000000 0.965926
vn -0.500000 0.000000 0.866025
vn -0.500000 0.000000 0.866025
vn -0.707107 0.000000 0.707107
vn -0.707107 0.000000 0.707107
vn -0.866025 0.000000 0.500000
vn -0.866025 0.000000 0.500000
vn -0.965926 0.000000 0.258819
vn -0.965926 0.000000 0.258819
vn -1.000000 0.000000 0.000000
vn -1.000000 0.000000 0.000000
vn -0.965926 0.000000 -0.258819
vn -0.965926 0.000000 -0.258819
vn -0.866025 0.000000 -0.500000
vn -0.866025 0.000000 -0.500000
vn -0.707107 0.000000 -0.707107
vn -0.707107 0.000000 -0.707107
vn -0.500000 0.000000 -0.866025
vn -0.500000 0.000000 -0.866025
vn -0.258819 0.000000 -0.965926
vn -0.258819 0.000000 -0.965926
vn -0.000000 0.000000 -1.000000
vn -0.000000 0.000000 -1.000000
vn 0.258819 0.000000 -0.965926
vn 0.258819 0.000000 -0.965926
vn 0.500000 0.000000 -0.866025
vn 0.500000 0.000000 -0.866025
vn 0.707107 0.000000 -0.707107
vn 0.707107 0.000000 -0.707107
vn 0.866025 0.000000 -0.500000
vn 0.866025 0.000000 -0.500000
vn 0.000000 1.000000 0.000000
vn 0.000000 1.000000 0.000000
vn 0.000000 1.000000 0.000000
vn 0.000000 1.000000 0.000000
vn 0.000000 1.000000 0.000000
vn 0.000000 1.000000 0.000000
vn 0.000000 1.000000 0.000000
vn 0.000000 1.000000 0.000000
vn 0.000000 1.000000 0.000000
vn 0.000000 1.000000 0.000000
vn 0.000000 1.000000 0.000000
vn 0.000000 1.000000 0.000000
vn 0.000000 1.000000 0.000000
vn 0.000000 1.000000 0.000000
vn 0.000000 1.000000 0.000000
vn 0.000000 1.000000 0.000000
vn 0.000000 1.000000 0.000000
vn 0.000000 1.000000 0.000000
vn 0.000000 1.000000 0.000000
vn 0.000000 1.000000 0.000000
vn 0.000000 1.000000 0.000000
vn 0.000000 1.000000 0.000000
vn 0.000000 1.000000 0.000000
vn 0.000000 1.000000 0.000000
vn 0.000000 1.000000 0.000000
vn 0.000000 1.000000 0.000000
vn 0.000000 1.000000 0.000000
vn 0.000000 1.000000 0.000000
vn 0.000000 1.000000 0.000000
vn 0.000000 1.000000 0.000000
vn 0.000000 1.000000 0.000000
vn 0.000000 1.000000 0.000000
vn 0.000000 1.000000 0.000000
vn 0.000000 1.000000 0.000000
vn 0.000000 1.000000 0.000000
vn 0.000000 1.000000 0.000000
vn 0.000000 1.000000 0.000000
vn 0.000000 1.000000 0.000000
vn 0.000000 1.000000 0.000000
vn 0.000000 1.000000 0.000000
vn 0.000000 1.000000 0.000000
vn 0.000000 1.000000 0.000000
vn 0.000000 1.000000 0.000000
vn 0.000000 1.000000 0.000000
vn 0.000000 1.000000 0.000000
vn 0.000000 1.000000 0.000000
vn 0.000000 1.000000 0.000000
vn 0.000000 1.000000 0.000000
vn 0.000000 1.000000 0.000000
vn 0.368125 0.000000 -0.929776
vn 0.481754 0.000000 -0.876307
vn 0.587785 0.000000 -0.809017
vn 0.684547 0.000000 -0.728969
vn 0.770513 0.000000 -0.637424
vn 0.844328 0.000000 -0.535827
vn 0.904827 0.000000 -0.425779
vn 0.951057 0.000000 -0.309017
vn 0.982287 0.000000 -0.187381
vn 0.998027 0.000000 -0.062791
vn 0.998027 0.000000 0.062791
vn 0.982287 0.000000 0.187381
vn 0.951057 0.000000 0.309017
vn 0.904827 0.000000 0.425779
vn 0.844328 0.000000 0.535827
vn 0.770513 0.000000 0.637424
vn 0.684547 0.000000 0.728969
vn 0.587785 0.000000 0.809017
vn 0.481754 0.000000 0.876307
vn 0.368125 0.000000 0.929776
vn 0.248690 0.000000 0.968583
vn 0.125333 0.000000 0.992115
vn 0.000000 0.000000 1.000000
vn -0.125333 0.000000 0.992115
vn -0.248690 0.000000 0.968583
vn -0.368125 0.000000 0.929776
vn -0.481754 0.000000 0.876307
vn -0.587785 0.000000 0.809017
vn -0.684547 0.000000 0.728969
vn -0.770513 0.000000 0.637424
vn -0.844328 0.000000 0.535827
vn -0.904827 0.000000 0.425779
vn -0.951057 0.000000 0.309017
vn -0.982287 0.000000 0.187381
vn -0.998027 0.000000 0.062791
vn -0.998027 0.000000 -0.062791
vn -0.982287 0.000000 -0.187381
vn -0.951057 0.000000 -0.309017
vn -0.904827 0.000000 -0.425779
vn -0.844328 0.000000 -0.535827
vn -0.770513 0.000000 -0.637424
vn -0.684547 0.000000 -0.728969
vn -0.587785 0.000000 -0.809017
vn -0.481754 0.000000 -0.876307
vn -0.368125 0.000000 -0.929776
vn -0.248690 0.000000 -0.968583
vn -0.125333 0.000000 -0.992115
vn 0.000000 0.000000 -1.000000
vn 0.125333 0.000000 -0.992115
vn 0.248690 0.000000 -0.968583
vn -0.107235 0.990268 0.088712
vn -0.093896 0.990268 0.102726
vn -0.081804 0.990268 0.112593
vn -0.081804 0.990268 0.112593
vn -0.068683 0.990268 0.121045
vn -0.125928 0.990268 0.059257
vn -0.113768 0.990268 0.080163
vn -0.109953 0.990268 0.085320
vn -0.103622 0.990268 0.092907
vn -0.136708 0.990268 0.026078
vn -0.129524 0.990268 0.050918
vn -0.122445 0.990268 0.066154
vn -0.120499 0.990268 0.069636
vn -0.138898 0.990268 -0.008739
vn -0.139032 0.990268 0.006272
vn -0.138782 0.990268 0.010431
vn -0.138417 0.990268 0.014491
vn -0.132361 0.990268 -0.043007
vn -0.136345 0.990268 -0.027916
vn -0.138441 0.990268 -0.014256
vn -0.139104 0.990268 -0.004396
vn -0.117508 0.990268 -0.074573
vn -0.126714 0.990268 -0.057557
vn -0.132361 0.990268 -0.043007
vn -0.095271 0.990268 -0.101453
vn -0.111395 0.990268 -0.083428
vn -0.115121 0.990268 -0.078207
vn -0.120381 0.990268 -0.069840
vn -0.067047 0.990268 -0.121958
vn -0.088451 0.990268 -0.107450
vn -0.100754 0.990268 -0.096009
vn -0.103464 0.990268 -0.093083
vn -0.034611 0.990268 -0.134801
vn -0.048928 0.990268 -0.130289
vn -0.052806 0.990268 -0.128766
vn -0.056555 0.990268 -0.127164
vn 0.000000 0.990268 -0.139173
vn -0.015583 0.990268 -0.138298
vn -0.029222 0.990268 -0.136071
vn -0.038805 0.990268 -0.133654
vn 0.034611 0.990268 -0.134801
vn 0.015583 0.990268 -0.138298
vn 0.000000 0.990268 -0.139173
vn 0.067047 0.990268 -0.121958
vn 0.044922 0.990268 -0.131724
vn 0.038805 0.990268 -0.133654
vn 0.029222 0.990268 -0.136071
vn 0.095271 0.990268 -0.101453
vn 0.074859 0.990268 -0.117326
vn 0.060176 0.990268 -0.125491
vn 0.056555 0.990268 -0.127164
vn 0.117508 0.990268 -0.074573
vn 0.108792 0.990268 -0.086795
vn 0.106146 0.990268 -0.090012
vn 0.103464 0.990268 -0.093083
vn 0.132361 0.990268 -0.043007
vn 0.126714 0.990268 -0.057557
vn 0.120381 0.990268 -0.069840
vn 0.115121 0.990268 -0.078207
vn 0.138898 0.990268 -0.008739
vn 0.136345 0.990268 -0.027916
vn 0.132361 0.990268 -0.043007
vn 0.136708 0.990268 0.026078
vn 0.139158 0.990268 0.002018
vn 0.139104 0.990268 -0.004396
vn 0.138441 0.990268 -0.014256
vn 0.125928 0.990268 0.059257
vn 0.134716 0.990268 0.034939
vn 0.137945 0.990268 0.018451
vn 0.138417 0.990268 0.014491
vn 0.107235 0.990268 0.088712
vn 0.116166 0.990268 0.076646
vn 0.118408 0.990268 0.073135
vn 0.120499 0.990268 0.069636
vn 0.081804 0.990268 0.112593
vn 0.093896 0.990268 0.102726
vn 0.103622 0.990268 0.092907
vn 0.109953 0.990268 0.085320
vn 0.051233 0.990268 0.129400
vn 0.068683 0.990268 0.121045
vn 0.081804 0.990268 0.112593
vn 0.017443 0.990268 0.138076
vn 0.041083 0.990268 0.132971
vn 0.047166 0.990268 0.130937
vn 0.056339 0.990268 0.127260
vn -0.017443 0.990268 0.138076
vn 0.008400 0.990268 0.138919
vn 0.025079 0.990268 0.136895
vn 0.028992 0.990268 0.136120
vn -0.051233 0.990268 0.129400
vn -0.036998 0.990268 0.134165
vn -0.032966 0.990268 0.135212
vn -0.028992 0.990268 0.136120
vn -0.056339 0.990268 0.127260
vn -0.047166 0.990268 0.130937
vn 0.122445 0.990268 0.066154
vn 0.129524 0.990268 0.050918
vn 0.138782 0.990268 0.010431
vn 0.139032 0.990268 0.006272
vn 0.111395 0.990268 -0.083428
vn 0.100754 0.990268 -0.096009
vn 0.088451 0.990268 -0.107450
vn 0.052806 0.990268 -0.128766
vn 0.048928 0.990268 -0.130289
vn -0.044922 0.990268 -0.131724
vn -0.060176 0.990268 -0.125491
vn -0.074859 0.990268 -0.117326
vn -0.106146 0.990268 -0.090012
vn -0.108792 0.990268 -0.086795
vn -0.139158 0.990268 0.002018
vn -0.137945 0.990268 0.018451
vn -0.134716 0.990268 0.034939
vn -0.118408 0.990268 0.073135
vn -0.116166 0.990268 0.076646
vn -0.041083 0.990268 0.132971
vn -0.025079 0.990268 0.136895
vn -0.008400 0.990268 0.138919
vn 0.032966 0.990268 0.135212
vn 0.036998 0.990268 0.134165
vn 0.113768 0.990268 0.080163
vn 0.152649 0.000000 0.988280
vn 0.074382 0.236273 0.968836
vn 0.000000 0.000000 1.000000
vn -0.074382 0.236273 0.968836
vn -0.152649 0.000000 0.988280
vn -0.221402 0.236273 0.946127
vn -0.301721 0.000000 0.953396
vn -0.363233 0.236273 0.901242
vn -0.443720 0.000000 0.896166
vn -0.496550 0.236273 0.835232
vn -0.575319 0.000000 0.817929
vn -0.618228 0.236273 0.749646
vn -0.693433 0.000000 0.720522
vn -0.725416 0.236273 0.646488
vn -0.795293 0.000000 0.606225
vn -0.815600 0.236273 0.528177
vn -0.878512 0.000000 0.477720
vn -0.886668 0.236273 0.397487
vn -0.941140 0.000000 0.338017
vn -0.936952 0.236273 0.257479
vn -0.981708 0.000000 0.190391
vn -0.965276 0.236273 0.111436
vn -0.999266 0.000000 0.038303
vn -0.970974 0.236273 -0.037218
vn -0.993402 -0.000000 -0.114683
vn -0.953913 0.236273 -0.185001
vn -0.964253 -0.000000 -0.264982
vn -0.914493 0.236273 -0.328447
vn -0.912504 -0.000000 -0.409069
vn -0.853639 0.236273 -0.464194
vn -0.839365 -0.000000 -0.543568
vn -0.772776 0.236273 -0.589061
vn -0.746553 -0.000000 -0.665326
vn -0.673799 0.236273 -0.700121
vn -0.636242 -0.000000 -0.771489
vn -0.559030 0.236273 -0.794771
vn -0.511019 -0.000000 -0.859570
vn -0.430857 0.236273 -0.870941
vn -0.373817 -0.000000 -0.927502
vn -0.292965 0.236273 -0.926470
vn -0.227854 -0.000000 -0.973695
vn -0.148217 0.236273 -0.960316
vn -0.076549 -0.000000 -0.997066
vn -0.000000 0.236273 -0.971687
vn 0.076549 0.000000 -0.997066
vn 0.148217 0.236273 -0.960316
vn 0.227854 0.000000 -0.973695
vn 0.292965 0.236273 -0.926470
vn 0.373817 0.000000 -0.927502
vn 0.430857 0.236273 -0.870941
vn 0.511019 0.000000 -0.859570
vn 0.559030 0.236273 -0.794771
vn 0.636242 0.000000 -0.771489
vn 0.673799 0.236273 -0.700121
vn 0.746553 0.000000 -0.665326
vn 0.772776 0.236273 -0.589061
vn 0.839365 0.000000 -0.543568
vn 0.853639 0.236273 -0.464194
vn 0.912504 0.000000 -0.409069
vn 0.914493 0.236273 -0.328447
vn 0.964253 0.000000 -0.264982
vn 0.953913 0.236273 -0.185001
vn 0.993402 0.000000 -0.114683
vn 0.970974 0.236273 -0.037218
vn 0.999266 0.000000 0.038303
vn 0.965276 0.236273 0.111436
vn 0.981708 0.000000 0.190391
vn 0.936952 0.236273 0.257479
vn 0.941140 0.000000 0.338017
vn 0.886668 0.236273 0.397487
vn 0.878512 0.000000 0.477720
vn 0.815600 0.236273 0.528177
vn 0.795293 0.000000 0.606225
vn 0.725416 0.236273 0.646488
vn 0.693433 0.000000 0.720522
vn 0.618228 0.236273 0.749646
vn 0.575319 0.000000 0.817929
vn 0.496550 0.236273 0.835232
vn 0.443720 0.000000 0.896166
vn 0.363233 0.236273 0.901242
vn 0.301721 0.000000 0.953396
vn 0.221402 0.236273 0.946127
vn 0.713794 0.480242 -0.509771
vn 0.706499 0.459166 -0.538540
vn 0.627760 0.480242 -0.612605
vn 0.780427 0.459166 -0.424383
vn 0.783149 0.480242 -0.395026
vn 0.836062 0.459166 -0.300277
vn 0.834206 0.480242 -0.271050
vn 0.872101 0.459166 -0.169134
vn 0.865771 0.480242 -0.140741
vn 0.887698 0.459166 -0.034026
vn 0.877107 0.480242 -0.007144
vn 0.882489 0.459166 0.101879
vn 0.867949 0.480242 0.126620
vn 0.856595 0.459166 0.235396
vn 0.759311 0.641015 0.112006
vn 0.727731 0.656059 0.199984
vn 0.695824 0.710859 0.102513
vn 0.557659 0.815801 0.153247
vn 0.630042 0.771076 0.092128
vn 0.516953 0.852796 0.074156
vn 0.356008 0.929348 0.097833
vn 0.397335 0.915975 0.055816
vn 0.273006 0.961282 0.037482
vn 0.336902 0.929348 0.151031
vn 0.527730 0.815801 0.236578
vn 0.461812 0.852796 0.243864
vn 0.563866 0.771076 0.295797
vn 0.242898 0.961282 0.130146
vn 0.354259 0.915975 0.188392
vn 0.624856 0.709000 0.326917
vn 0.688675 0.656059 0.308728
vn 0.681264 0.639480 0.356293
vn 0.810623 0.459166 0.363396
vn 0.776611 0.480242 0.407730
vn 0.705395 0.480242 0.521330
vn 0.745650 0.459166 0.482878
vn 0.617698 0.480242 0.622750
vn 0.663201 0.459166 0.591042
vn 0.515568 0.480242 0.709618
vn 0.565206 0.459166 0.685353
vn 0.401391 0.480242 0.779906
vn 0.453964 0.459166 0.763599
vn 0.277835 0.480242 0.831971
vn 0.332080 0.459166 0.823947
vn 0.147788 0.480242 0.864596
vn 0.202414 0.459166 0.864983
vn 0.128116 0.641015 0.756760
vn 0.068003 0.459166 0.885744
vn 0.057772 0.656059 0.752495
vn 0.117526 0.710859 0.693446
vn 0.044271 0.815801 0.576635
vn 0.107075 0.771076 0.627675
vn 0.089220 0.852796 0.514567
vn 0.028262 0.929348 0.368123
vn 0.069699 0.915975 0.395136
vn 0.048716 0.961282 0.271227
vn -0.028262 0.929348 0.368123
vn -0.044271 0.815801 0.576635
vn -0.089220 0.852796 0.514567
vn -0.107075 0.771076 0.627675
vn -0.048716 0.961282 0.271227
vn -0.069699 0.915975 0.395136
vn -0.117826 0.709000 0.695296
vn -0.057772 0.656059 0.752495
vn -0.128333 0.639480 0.758021
vn -0.068003 0.459166 0.885744
vn -0.147788 0.480242 0.864596
vn -0.277835 0.480242 0.831971
vn -0.202414 0.459166 0.864983
vn -0.401391 0.480242 0.779906
vn -0.332080 0.459166 0.823947
vn -0.515568 0.480242 0.709618
vn -0.453964 0.459166 0.763599
vn -0.617698 0.480242 0.622750
vn -0.565206 0.459166 0.685353
vn -0.705395 0.480242 0.521330
vn -0.663201 0.459166 0.591042
vn -0.776611 0.480242 0.407730
vn -0.745650 0.459166 0.482878
vn -0.680132 0.641015 0.355697
vn -0.810623 0.459166 0.363396
vn -0.688675 0.656059 0.308728
vn -0.623189 0.710859 0.326060
vn -0.527730 0.815801 0.236578
vn -0.563866 0.771076 0.295797
vn -0.461812 0.852796 0.243864
vn -0.336902 0.929348 0.151031
vn -0.354259 0.915975 0.188392
vn -0.242898 0.961282 0.130146
vn -0.356008 0.929348 0.097833
vn -0.273006 0.961282 0.037482
vn -0.397335 0.915975 0.055816
vn -0.516953 0.852796 0.074156
vn -0.557659 0.815801 0.153247
vn -0.630042 0.771076 0.092128
vn -0.697676 0.709000 0.102799
vn -0.727731 0.656059 0.199984
vn -0.760578 0.639480 0.112189
vn -0.856595 0.459166 0.235396
vn -0.867949 0.480242 0.126620
vn -0.882489 0.459166 0.101879
vn -0.877107 0.480242 -0.007144
vn -0.887698 0.459166 -0.034026
vn -0.865771 0.480242 -0.140741
vn -0.872101 0.459166 -0.169134
vn -0.834206 0.480242 -0.271050
vn -0.836062 0.459166 -0.300277
vn -0.783149 0.480242 -0.395026
vn -0.780427 0.459166 -0.424383
vn -0.713794 0.480242 -0.509771
vn -0.706499 0.459166 -0.538540
vn -0.627760 0.480242 -0.612605
vn -0.616011 0.459166 -0.640076
vn -0.511084 0.459166 -0.726608
vn -0.393630 0.459166 -0.796380
vn -0.267645 0.459166 -0.847073
vn -0.135404 0.459166 -0.877970
vn -0.000000 0.459166 -0.888350
vn 0.135404 0.459166 -0.877970
vn 0.133685 0.480242 -0.866889
vn 0.264247 0.480242 -0.836386
vn -0.548460 0.641015 -0.536927
vn -0.523340 0.656059 -0.543785
vn -0.434199 0.656059 -0.617299
vn -0.341730 0.639480 -0.688684
vn -0.313362 0.709000 -0.631763
vn -0.332725 0.815801 -0.473035
vn -0.256442 0.815801 -0.518368
vn -0.163768 0.929348 -0.330898
vn -0.230274 0.852796 -0.468736
vn -0.175867 0.915975 -0.360640
vn -0.120011 0.961282 -0.248062
vn -0.212411 0.929348 -0.301985
vn -0.256020 0.929348 -0.266021
vn -0.198835 0.961282 -0.190792
vn -0.288643 0.915975 -0.278704
vn -0.374636 0.852796 -0.363851
vn -0.401034 0.815801 -0.416701
vn -0.455564 0.771076 -0.444863
vn -0.502678 0.710859 -0.491930
vn -0.282312 0.771076 -0.570737
vn -0.388634 0.480242 -0.786341
vn -0.264247 0.480242 -0.836386
vn -0.133685 0.480242 -0.866889
vn -0.000000 0.480242 -0.877136
vn 0.267645 0.459166 -0.847073
vn 0.388634 0.480242 -0.786341
vn 0.393630 0.459166 -0.796380
vn 0.341165 0.641015 -0.687536
vn 0.511084 0.459166 -0.726608
vn 0.434199 0.656059 -0.617299
vn 0.616011 0.459166 -0.640076
vn 0.523340 0.656059 -0.543785
vn 0.549377 0.639480 -0.537820
vn 0.504008 0.709000 -0.493250
vn 0.401034 0.815801 -0.416701
vn 0.455564 0.771076 -0.444863
vn 0.374636 0.852796 -0.363851
vn 0.256020 0.929348 -0.266021
vn 0.288643 0.915975 -0.278704
vn 0.198835 0.961282 -0.190792
vn 0.312517 0.710859 -0.630090
vn 0.332725 0.815801 -0.473035
vn 0.256442 0.815801 -0.518368
vn 0.282312 0.771076 -0.570737
vn 0.213594 0.874360 -0.435744
vn 0.163768 0.929348 -0.330898
vn 0.138595 0.948242 -0.285706
vn 0.212411 0.929348 -0.301985
vn 0.152649 -0.000000 0.988280
vn -0.000000 -0.000000 1.000000
vn -0.152649 -0.000000 0.988280
vn -0.301721 -0.000000 0.953396
vn -0.443720 -0.000000 0.896166
vn -0.575319 -0.000000 0.817929
vn -0.693433 -0.000000 0.720522
vn -0.795293 -0.000000 0.606225
vn -0.878512 -0.000000 0.477720
vn -0.941140 -0.000000 0.338017
vn -0.981708 -0.000000 0.190391
vn -0.999266 -0.000000 0.038303
vn -0.993402 -0.000000 -0.114683
vn -0.964253 -0.000000 -0.264982
vn -0.912504 -0.000000 -0.409069
vn -0.839365 -0.000000 -0.543568
vn -0.746553 -0.000000 -0.665326
vn -0.636242 -0.000000 -0.771489
vn -0.511019 -0.000000 -0.859570
vn -0.373817 -0.000000 -0.927502
vn -0.227854 -0.000000 -0.973695
vn -0.076549 -0.000000 -0.997066
vn 0.076549 -0.000000 -0.997066
vn 0.227854 -0.000000 -0.973695
vn 0.373817 -0.000000 -0.927502
vn 0.511019 -0.000000 -0.859570
vn 0.636242 -0.000000 -0.771489
vn 0.746553 -0.000000 -0.665326
vn 0.839365 -0.000000 -0.543568
vn 0.912504 -0.000000 -0.409069
vn 0.964253 -0.000000 -0.264982
vn 0.993402 -0.000000 -0.114683
vn 0.999266 -0.000000 0.038303
vn 0.981708 -0.000000 0.190391
vn 0.941140 -0.000000 0.338017
vn 0.878512 -0.000000 0.477720
vn 0.795293 -0.000000 0.606225
vn 0.693433 -0.000000 0.720522
vn 0.575319 -0.000000 0.817929
vn 0.443720 -0.000000 0.896166
vn 0.301721 -0.000000 0.953396
vn 0.000000 1.000000 0.000000
vn 0.000000 1.000000 0.000000
vn 0.000000 1.000000 0.000000
vn 0.000000 1.000000 0.000000
vn 0.000000 1.000000 0.000000
vn 0.000000 1.000000 0.000000
vn 0.000000 1.000000 0.000000
vn 0.000000 1.000000 0.000000
vn 0.000000 1.000000 0.000000
vn 0.000000 1.000000 0.000000
vn 0.000000 1.000000 0.000000
vn 0.000000 1.000000 0.000000
vn 0.000000 1.000000 0.000000
vn 0.000000 1.000000 0.000000
vn 0.000000 1.000000 0.000000
vn 0.000000 1.000000 0.000000
vn 0.000000 1.000000 0.000000
vn 0.000000 1.000000 0.000000
vn 0.000000 1.000000 0.000000
vn 0.000000 1.000000 0.000000
vn 0.000000 1.000000 0.000000
vn 0.000000 1.000000 0.000000
vn 0.000000 1.000000 0.000000
vn 0.000000 1.000000 0.000000
vn 0.000000 1.000000 0.000000
vn 0.000000 1.000000 0.000000
vn 0.000000 1.000000 0.000000
vn 0.000000 1.000000 0.000000
vn 0.000000 1.000000 0.000000
vn 0.000000 1.000000 0.000000
vn 0.000000 1.000000 0.000000
vn 0.000000 1.000000 0.000000
vn 0.000000 1.000000 0.000000
vn 0.000000 1.000000 0.000000
vn 0.000000 1.000000 0.000000
vn 0.000000 1.000000 0.000000
vn 0.000000 1.000000 0.000000
vn 0.000000 1.000000 0.000000
vn 0.000000 1.000000 0.000000
vn 0.000000 1.000000 0.000000
vn 0.000000 1.000000 0.000000
vn 0.000000 1.000000 0.000000
vn 0.000000 1.000000 0.000000
vn 0.000000 1.000000 0.000000
vn 0.000000 1.000000 0.000000
vn 0.000000 1.000000 0.000000
vn 0.000000 1.000000 0.000000
vn 0.000000 1.000000 0.000000
vn 0.000000 1.000000 0.000000
vn 0.000000 1.000000 0.000000
vn 0.000000 1.000000 0.000000
vn 0.000000 1.000000 0.000000
vn 0.000000 1.000000 0.000000
vn 0.000000 1.000000 0.000000
vn 0.000000 1.000000 0.000000
vn 0.000000 1.000000 0.000000
vn 0.000000 1.000000 0.000000
vn 0.000000 1.000000 0.000000
vn 0.000000 1.000000 0.000000
vn 0.000000 1.000000 0.000000
vn 0.000000 1.000000 0.000000
vn 0.000000 1.000000 0.000000
vn 0.000000 1.000000 0.000000
vn 0.000000 1.000000 0.000000
vn 0.000000 1.000000 0.000000
vn 0.000000 1.000000 0.000000
vn 0.000000 1.000000 0.000000
vn 0.000000 1.000000 0.000000
vn 0.000000 1.000000 0.000000
vn 0.000000 1.000000 0.000000
vn 0.000000 1.000000 0.000000
vn 0.000000 1.000000 0.000000
vn 0.000000 1.000000 0.000000
vn 0.000000 1.000000 0.000000
vn 0.000000 1.000000 0.000000
vn 0.000000 1.000000 0.000000
vn 0.000000 1.000000 0.000000
vn 0.000000 1.000000 0.000000
vn 0.000000 1.000000 0.000000
vn 0.000000 1.000000 0.000000
vn 0.000000 1.000000 0.000000
vn 0.000000 1.000000 0.000000
vn 0.000000 1.000000 0.000000
vn -0.149042 0.000000 -0.988831
vn -0.149042 0.000000 -0.988831
vn 0.000000 0.000000 -1.000000
vn 0.000000 0.000000 -1.000000
vn 0.149042 0.000000 -0.988831
vn 0.149042 0.000000 -0.988831
vn 0.294755 0.000000 -0.955573
vn 0.294755 0.000000 -0.955573
vn 0.433884 0.000000 -0.900969
vn 0.433884 0.000000 -0.900969
vn 0.563320 0.000000 -0.826239
vn 0.563320 0.000000 -0.826239
vn 0.680173 0.000000 -0.733052
vn 0.680173 0.000000 -0.733052
vn 0.781831 0.000000 -0.623490
vn 0.781831 0.000000 -0.623490
vn 0.866025 0.000000 -0.500000
vn 0.866025 0.000000 -0.500000
vn 0.930874 0.000000 -0.365341
vn 0.930874 0.000000 -0.365341
vn 0.974928 0.000000 -0.222521
vn 0.974928 0.000000 -0.222521
vn 0.997204 0.000000 -0.074730
vn 0.997204 0.000000 -0.074730
vn 0.997204 0.000000 0.074730
vn 0.997204 0.000000 0.074730
vn 0.974928 0.000000 0.222521
vn 0.974928 0.000000 0.222521
vn 0.930874 0.000000 0.365341
vn 0.930874 0.000000 0.365341
vn 0.866025 0.000000 0.500000
vn 0.866025 0.000000 0.500000
vn 0.781831 0.000000 0.623490
vn 0.781831 0.000000 0.623490
vn 0.680173 0.000000 0.733052
vn 0.680173 0.000000 0.733052
vn 0.563320 0.000000 0.826239
vn 0.563320 0.000000 0.826239
vn 0.433884 0.000000 0.900969
vn 0.433884 0.000000 0.900969
vn 0.294755 0.000000 0.955573
vn 0.294755 0.000000 0.955573
vn 0.149042 0.000000 0.988831
vn 0.149042 0.000000 0.988831
vn 0.000000 0.000000 1.000000
vn 0.000000 0.000000 1.000000
vn -0.149042 0.000000 0.988831
vn -0.149042 0.000000 0.988831
vn -0.294755 0.000000 0.955573
vn -0.294755 0.000000 0.955573
vn -0.433884 0.000000 0.900969
vn -0.433884 0.000000 0.900969
vn -0.563320 0.000000 0.826239
vn -0.563320 0.000000 0.826239
vn -0.680173 0.000000 0.733052
vn -0.680173 0.000000 0.733052
vn -0.781831 0.000000 0.623490
vn -0.781831 0.000000 0.623490
vn -0.866025 0.000000 0.500000
vn -0.866025 0.000000 0.500000
vn -0.930874 0.000000 0.365341
vn -0.930874 0.000000 0.365341
vn -0.974928 0.000000 0.222521
vn -0.974928 0.000000 0.222521
vn -0.997204 0.000000 0.074730
vn -0.997204 0.000000 0.074730
vn -0.997204 0.000000 -0.074730
vn -0.997204 0.000000 -0.074730
vn -0.974928 0.000000 -0.222521
vn -0.974928 0.000000 -0.222521
vn -0.930874 0.000000 -0.365341
vn -0.930874 0.000000 -0.365341
vn -0.866025 0.000000 -0.500000
vn -0.866025 0.000000 -0.500000
vn -0.781831 0.000000 -0.623490
vn -0.781831 0.000000 -0.623490
vn -0.680173 0.000000 -0.733052
vn -0.680173 0.000000 -0.733052
vn -0.563320 0.000000 -0.826239
vn -0.563320 0.000000 -0.826239
vn -0.433884 0.000000 -0.900969
vn -0.433884 0.000000 -0.900969
vn -0.294755 0.000000 -0.955573
vn -0.294755 0.000000 -0.955573
vn -0.122558 -0.990268 -0.065945
vn -0.129553 -0.990268 -0.050844
vn -0.257544 -0.956545 -0.136720
vn -0.343686 -0.929348 -0.134882
vn -0.381186 -0.902614 -0.199965
vn -0.453798 -0.858923 -0.237313
vn -0.538356 -0.815801 -0.211283
vn -0.521917 -0.807817 -0.273924
vn -0.582673 -0.751833 -0.308609
vn -0.702541 -0.656059 -0.275721
vn -0.634038 -0.694370 -0.340362
vn -0.673977 -0.640693 -0.367787
vn -0.702667 -0.594677 -0.390664
vn -0.826943 -0.459166 -0.324547
vn -0.713139 -0.575230 -0.400678
vn -0.720528 -0.559653 -0.409424
vn -0.769334 -0.459166 -0.444175
vn -0.724368 -0.549325 -0.416574
vn -0.724182 -0.545654 -0.421690
vn -0.659086 -0.545654 -0.517560
vn -0.694540 -0.459166 -0.553877
vn -0.581386 -0.545654 -0.603533
vn -0.604232 -0.459166 -0.651207
vn -0.492570 -0.545654 -0.677965
vn -0.500426 -0.459166 -0.733989
vn -0.394335 -0.545654 -0.739433
vn -0.385441 -0.459166 -0.800376
vn -0.288560 -0.545654 -0.786762
vn -0.261846 -0.459166 -0.848883
vn -0.177267 -0.545654 -0.819047
vn -0.132402 -0.459166 -0.878428
vn -0.172427 -0.549211 -0.817702
vn -0.166925 -0.559215 -0.812044
vn -0.112484 -0.656059 -0.746280
vn -0.161015 -0.574317 -0.802642
vn -0.154890 -0.593096 -0.790092
vn -0.142156 -0.638277 -0.756567
vn -0.128477 -0.691571 -0.710791
vn -0.114212 -0.748777 -0.652908
vn -0.086196 -0.815801 -0.571873
vn -0.099768 -0.805768 -0.583767
vn -0.085711 -0.858056 -0.506353
vn -0.055027 -0.929348 -0.365082
vn -0.072385 -0.902614 -0.424322
vn -0.050443 -0.956545 -0.287188
vn -0.008321 -0.990268 -0.138924
vn -0.024845 -0.990268 -0.136938
vn -0.134696 -0.990268 -0.035016
vn -0.359949 -0.929348 -0.082156
vn -0.563832 -0.815801 -0.128691
vn -0.508057 -0.858056 -0.074956
vn -0.586025 -0.805768 -0.085509
vn -0.137913 -0.990268 -0.018687
vn -0.288719 -0.956545 -0.040772
vn -0.425922 -0.902614 -0.062280
vn -0.656246 -0.748777 -0.093138
vn -0.735787 -0.656059 -0.167939
vn -0.715704 -0.691571 -0.097457
vn -0.763467 -0.638277 -0.098594
vn -0.799286 -0.593096 -0.096842
vn -0.813114 -0.574317 -0.094896
vn -0.823882 -0.559215 -0.092180
vn -0.866077 -0.459166 -0.197677
vn -0.885866 -0.459166 -0.066386
vn -0.968970 -0.236273 -0.072614
vn -0.968970 -0.236273 0.072614
vn -0.947325 -0.236273 0.216221
vn -0.904518 -0.236273 0.354997
vn -0.841505 -0.236273 0.485843
vn -0.759695 -0.236273 0.605837
vn -0.660915 -0.236273 0.712297
vn -0.547371 -0.236273 0.802845
vn -0.421790 -0.236273 0.875368
vn -0.385790 -0.459166 0.800208
vn -0.261846 -0.459166 0.848883
vn -0.338012 -0.545654 0.766818
vn -0.228997 -0.545654 0.806115
vn -0.830963 -0.549211 -0.088696
vn -0.833739 -0.545654 -0.084509
vn -0.837425 -0.545654 0.031314
vn -0.885866 -0.459166 0.066386
vn -0.825099 -0.545654 0.146538
vn -0.866077 -0.459166 0.197677
vn -0.796995 -0.545654 0.258960
vn -0.826942 -0.459166 0.324551
vn -0.753652 -0.545654 0.366430
vn -0.769334 -0.459166 0.444175
vn -0.695897 -0.545654 0.466893
vn -0.694540 -0.459166 0.553877
vn -0.624836 -0.545654 0.558428
vn -0.604232 -0.459166 0.651207
vn -0.620027 -0.549325 0.560187
vn -0.612041 -0.559653 0.558744
vn -0.601440 -0.575230 0.554419
vn -0.588680 -0.594677 0.547554
vn -0.513333 -0.656059 0.553241
vn -0.558056 -0.640693 0.527338
vn -0.519632 -0.694370 0.497829
vn -0.473561 -0.751833 0.458789
vn -0.393366 -0.815801 0.423948
vn -0.425143 -0.656059 0.623570
vn -0.325786 -0.815801 0.477841
vn -0.291370 -0.748777 0.595346
vn -0.262416 -0.805768 0.530920
vn -0.228285 -0.858056 0.460028
vn -0.207981 -0.929348 0.305052
vn -0.190849 -0.902614 0.385830
vn -0.127996 -0.956545 0.261989
vn -0.074926 -0.990268 0.117283
vn -0.060390 -0.990268 0.125388
vn -0.421799 -0.807817 0.411725
vn -0.365930 -0.858923 0.358254
vn -0.251124 -0.929348 0.270647
vn -0.307971 -0.902614 0.300736
vn -0.209614 -0.956545 0.202690
vn -0.100590 -0.990268 0.096182
vn -0.088390 -0.990268 0.107501
vn -0.327901 -0.656059 0.679756
vn -0.313852 -0.691571 0.650559
vn -0.329693 -0.638277 0.695633
vn -0.339096 -0.593096 0.730240
vn -0.500426 -0.459166 0.733989
vn -0.341517 -0.574317 0.743993
vn -0.342262 -0.559215 0.755073
vn -0.341136 -0.549211 0.762885
vn -0.132402 -0.459166 0.878428
vn -0.115604 -0.545654 0.829998
vn -0.000000 -0.459166 0.888350
vn -0.000000 -0.545654 0.838011
vn 0.115604 -0.545654 0.829998
vn 0.132402 -0.459166 0.878428
vn 0.228997 -0.545654 0.806115
vn 0.261846 -0.459166 0.848883
vn 0.338012 -0.545654 0.766818
vn 0.385945 -0.459166 0.800133
vn 0.341170 -0.549325 0.762788
vn 0.342266 -0.559653 0.754746
vn 0.341429 -0.575230 0.743328
vn 0.338843 -0.594677 0.729071
vn 0.328099 -0.656059 0.679660
vn 0.329080 -0.640693 0.693699
vn 0.312888 -0.694370 0.648037
vn 0.425143 -0.656059 0.623570
vn 0.289996 -0.751833 0.592156
vn 0.325786 -0.815801 0.477841
vn 0.261231 -0.807817 0.528384
vn 0.227641 -0.858923 0.458726
vn 0.207981 -0.929348 0.305052
vn 0.190849 -0.902614 0.385830
vn 0.127996 -0.956545 0.261989
vn 0.060390 -0.990268 0.125388
vn 0.074926 -0.990268 0.117283
vn 0.088390 -0.990268 0.107501
vn 0.251124 -0.929348 0.270647
vn 0.393366 -0.815801 0.423948
vn 0.366969 -0.858056 0.359269
vn 0.423844 -0.805768 0.413635
vn 0.100590 -0.990268 0.096182
vn 0.209614 -0.956545 0.202690
vn 0.307971 -0.902614 0.300736
vn 0.476169 -0.748777 0.461082
vn 0.513333 -0.656059 0.553241
vn 0.521733 -0.691571 0.499525
vn 0.559705 -0.638277 0.528519
vn 0.589713 -0.593096 0.548156
vn 0.602045 -0.574317 0.554709
vn 0.612353 -0.559215 0.558841
vn 0.604232 -0.459166 0.651207
vn 0.620130 -0.549211 0.560184
vn 0.694540 -0.459166 0.553877
vn 0.624836 -0.545654 0.558428
vn 0.695897 -0.545654 0.466893
vn 0.769334 -0.459166 0.444175
vn 0.753652 -0.545654 0.366430
vn 0.826942 -0.459166 0.324551
vn 0.796995 -0.545654 0.258960
vn 0.866077 -0.459166 0.197677
vn 0.825099 -0.545654 0.146538
vn 0.885866 -0.459166 0.066386
vn 0.837425 -0.545654 0.031314
vn 0.885866 -0.459166 -0.066386
vn 0.833739 -0.545654 -0.084509
vn 0.830882 -0.549325 -0.088758
vn 0.866077 -0.459166 -0.197677
vn 0.823572 -0.559653 -0.092285
vn 0.812454 -0.575230 -0.095017
vn 0.798096 -0.594677 -0.096963
vn 0.735787 -0.656059 -0.167939
vn 0.702541 -0.656059 -0.275721
vn 0.538356 -0.815801 -0.211283
vn 0.585659 -0.748777 -0.310382
vn 0.524365 -0.805768 -0.275279
vn 0.455084 -0.858056 -0.237988
vn 0.343686 -0.929348 -0.134882
vn 0.381186 -0.902614 -0.199965
vn 0.257544 -0.956545 -0.136720
vn 0.129553 -0.990268 -0.050844
vn 0.122558 -0.990268 -0.065945
vn 0.761439 -0.640693 -0.098608
vn 0.713007 -0.694370 -0.097320
vn 0.652788 -0.751833 -0.092816
vn 0.563832 -0.815801 -0.128691
vn 0.583248 -0.807817 -0.085166
vn 0.506620 -0.858923 -0.074746
vn 0.359949 -0.929348 -0.082156
vn 0.425922 -0.902614 -0.062280
vn 0.288719 -0.956545 -0.040772
vn 0.137913 -0.990268 -0.018687
vn 0.134696 -0.990268 -0.035016
vn 0.636301 -0.691571 -0.341835
vn 0.675610 -0.638277 -0.368990
vn 0.826943 -0.459166 -0.324547
vn 0.769334 -0.459166 -0.444175
vn 0.904519 -0.236273 -0.354995
vn 0.841505 -0.236273 -0.485843
vn 0.759695 -0.236273 -0.605837
vn 0.660915 -0.236273 -0.712297
vn 0.547371 -0.236273 -0.802845
vn 0.421599 -0.236273 -0.875460
vn 0.286410 -0.236273 -0.928517
vn 0.144822 -0.236273 -0.960834
vn -0.000000 -0.236273 -0.971687
vn -0.144822 -0.236273 -0.960834
vn -0.286410 -0.236273 -0.928517
vn -0.421599 -0.236273 -0.875460
vn -0.547371 -0.236273 -0.802845
vn -0.660915 -0.236273 -0.712297
vn -0.759695 -0.236273 -0.605837
vn -0.841505 -0.236273 -0.485843
vn -0.904519 -0.236273 -0.354995
vn -0.947325 -0.236273 -0.216221
vn 0.703558 -0.593096 -0.391461
vn 0.713602 -0.574317 -0.401164
vn 0.720717 -0.559215 -0.409691
vn 0.724397 -0.549211 -0.416672
vn 0.724182 -0.545654 -0.421690
vn 0.659086 -0.545654 -0.517560
vn 0.694540 -0.459166 -0.553877
vn 0.581386 -0.545654 -0.603533
vn 0.604232 -0.459166 -0.651207
vn 0.492570 -0.545654 -0.677965
vn 0.500426 -0.459166 -0.733989
vn 0.394335 -0.545654 -0.739433
vn 0.385441 -0.459166 -0.800376
vn 0.288560 -0.545654 -0.786762
vn 0.261846 -0.459166 -0.848883
vn 0.177267 -0.545654 -0.819047
vn 0.132402 -0.459166 -0.878428
vn 0.172343 -0.549325 -0.817643
vn 0.166730 -0.559653 -0.811782
vn 0.160695 -0.575230 -0.802052
vn 0.154408 -0.594677 -0.788997
vn 0.112484 -0.656059 -0.746280
vn 0.141515 -0.640693 -0.754643
vn 0.127775 -0.694370 -0.708184
vn 0.113449 -0.751833 -0.649520
vn 0.086196 -0.815801 -0.571873
vn -0.000000 -0.656059 -0.754710
vn -0.000000 -0.815801 -0.578332
vn 0.099236 -0.807817 -0.581020
vn 0.085467 -0.858923 -0.504922
vn 0.055027 -0.929348 -0.365082
vn 0.072385 -0.902614 -0.424322
vn 0.050443 -0.956545 -0.287188
vn 0.024845 -0.990268 -0.136938
vn 0.008321 -0.990268 -0.138924
vn -0.000000 -0.929348 -0.369206
vn 0.947325 -0.236273 -0.216221
vn 0.968970 -0.236273 -0.072614
vn 0.968970 -0.236273 0.072614
vn 0.947325 -0.236273 0.216221
vn 0.904518 -0.236273 0.354997
vn 0.841505 -0.236273 0.485843
vn 0.759695 -0.236273 0.605837
vn 0.660915 -0.236273 0.712297
vn 0.547371 -0.236273 0.802845
vn 0.421875 -0.236273 0.875327
vn 0.286410 -0.236273 0.928517
vn 0.144822 -0.236273 0.960834
vn 0.000000 -0.236273 0.971687
vn -0.144822 -0.236273 0.960834
vn -0.286410 -0.236273 0.928517
vn 0.500426 -0.459166 0.733989
vn -0.000000 -0.459166 -0.888350
vn -0.036021 -0.990268 -0.134431
vn -0.000000 -0.990268 -0.139173
vn -0.069587 -0.990268 -0.120527
vn -0.056339 -0.990268 -0.127260
vn -0.047166 -0.990268 -0.130937
vn -0.041083 -0.990268 -0.132971
vn -0.098410 -0.990268 -0.098410
vn -0.081804 -0.990268 -0.112593
vn -0.068683 -0.990268 -0.121045
vn -0.120527 -0.990268 -0.069587
vn -0.109953 -0.990268 -0.085320
vn -0.103622 -0.990268 -0.092907
vn -0.093896 -0.990268 -0.102726
vn -0.134431 -0.990268 -0.036021
vn -0.120590 -0.990268 -0.069478
vn -0.139173 -0.990268 0.000000
vn -0.134431 -0.990268 0.036021
vn -0.138441 -0.990268 0.014256
vn -0.139104 -0.990268 0.004396
vn -0.139158 -0.990268 -0.002018
vn -0.120527 -0.990268 0.069587
vn -0.126714 -0.990268 0.057557
vn -0.132361 -0.990268 0.043007
vn -0.136345 -0.990268 0.027916
vn -0.098410 -0.990268 0.098410
vn -0.115121 -0.990268 0.078207
vn -0.120381 -0.990268 0.069840
vn -0.069587 -0.990268 0.120527
vn -0.103342 -0.990268 0.093218
vn -0.036021 -0.990268 0.134431
vn -0.052921 -0.990268 0.128719
vn -0.056721 -0.990268 0.127090
vn 0.000000 -0.990268 0.139173
vn -0.015583 -0.990268 0.138298
vn -0.029222 -0.990268 0.136071
vn -0.038805 -0.990268 0.133654
vn 0.036021 -0.990268 0.134431
vn 0.015583 -0.990268 0.138298
vn 0.000000 -0.990268 0.139173
vn 0.069587 -0.990268 0.120527
vn 0.044922 -0.990268 0.131724
vn 0.038805 -0.990268 0.133654
vn 0.029222 -0.990268 0.136071
vn 0.098410 -0.990268 0.098410
vn 0.120527 -0.990268 0.069587
vn 0.111395 -0.990268 0.083428
vn 0.108753 -0.990268 0.086845
vn 0.106065 -0.990268 0.090107
vn 0.134431 -0.990268 0.036021
vn 0.126714 -0.990268 0.057557
vn 0.120381 -0.990268 0.069840
vn 0.115121 -0.990268 0.078207
vn 0.139173 -0.990268 0.000000
vn 0.138441 -0.990268 0.014256
vn 0.136345 -0.990268 0.027916
vn 0.132361 -0.990268 0.043007
vn 0.134431 -0.990268 -0.036021
vn 0.138398 -0.990268 -0.014672
vn 0.138772 -0.990268 -0.010555
vn 0.120527 -0.990268 -0.069587
vn 0.098410 -0.990268 -0.098410
vn 0.109953 -0.990268 -0.085320
vn 0.113768 -0.990268 -0.080163
vn 0.116201 -0.990268 -0.076593
vn 0.069587 -0.990268 -0.120527
vn 0.081804 -0.990268 -0.112593
vn 0.093896 -0.990268 -0.102726
vn 0.103622 -0.990268 -0.092907
vn 0.036021 -0.990268 -0.134431
vn 0.056339 -0.990268 -0.127260
vn 0.068683 -0.990268 -0.121045
vn 0.028813 -0.990268 -0.136158
vn 0.032845 -0.990268 -0.135242
vn -0.106065 -0.990268 0.090107
vn -0.108753 -0.990268 0.086845
vn -0.111395 -0.990268 0.083428
vn -0.139029 -0.990268 -0.006336
vn -0.138772 -0.990268 -0.010555
vn -0.138398 -0.990268 -0.014672
vn -0.118473 -0.990268 -0.073029
vn -0.116201 -0.990268 -0.076593
vn -0.113768 -0.990268 -0.080163
vn -0.036937 -0.990268 -0.134182
vn -0.032845 -0.990268 -0.135242
vn -0.028813 -0.990268 -0.136158
vn 0.036937 -0.990268 -0.134182
vn 0.041083 -0.990268 -0.132971
vn 0.047166 -0.990268 -0.130937
vn 0.118473 -0.990268 -0.073029
vn 0.120590 -0.990268 -0.069478
vn 0.139029 -0.990268 -0.006336
vn 0.139158 -0.990268 -0.002018
vn 0.139104 -0.990268 0.004396
vn 0.103342 -0.990268 0.093218
vn 0.056721 -0.990268 0.127090
vn 0.052921 -0.990268 0.128719
vn 0.048988 -0.990268 0.130266
vn -0.044922 -0.990268 0.131724
vn -0.048988 -0.990268 0.130266
vn -0.255380 -0.162471 0.953092
vn -0.238610 -0.387386 0.890504
vn -0.000000 -0.162471 0.986713
vn -0.000000 -0.387386 0.921918
vn 0.255380 -0.162471 0.953092
vn 0.238610 -0.387386 0.890504
vn 0.493357 -0.162471 0.854519
vn 0.460959 -0.387386 0.798404
vn 0.697712 -0.162471 0.697712
vn 0.651894 -0.387386 0.651894
vn 0.854519 -0.162471 0.493357
vn 0.798404 -0.387386 0.460959
vn 0.953092 -0.162471 0.255380
vn 0.890504 -0.387386 0.238610
vn 0.986713 -0.162471 -0.000000
vn 0.921918 -0.387386 -0.000000
vn 0.953092 -0.162471 -0.255380
vn 0.890504 -0.387386 -0.238610
vn 0.854519 -0.162471 -0.493357
vn 0.798404 -0.387386 -0.460959
vn 0.697712 -0.162471 -0.697712
vn 0.651894 -0.387386 -0.651894
vn 0.493357 -0.162471 -0.854519
vn 0.460959 -0.387386 -0.798404
vn 0.255380 -0.162471 -0.953092
vn 0.238610 -0.387386 -0.890504
vn 0.000000 -0.162471 -0.986713
vn 0.000000 -0.387386 -0.921918
vn -0.255380 -0.162471 -0.953092
vn -0.238610 -0.387386 -0.890504
vn -0.493357 -0.162471 -0.854519
vn -0.460959 -0.387386 -0.798404
vn -0.697712 -0.162471 -0.697712
vn -0.651894 -0.387386 -0.651894
vn -0.854519 -0.162471 -0.493357
vn -0.798404 -0.387386 -0.460959
vn -0.953092 -0.162471 -0.255380
vn -0.890504 -0.387386 -0.238610
vn -0.986713 -0.162471 0.000000
vn -0.921918 -0.387386 0.000000
vn -0.953092 -0.162471 0.255380
vn -0.890504 -0.387386 0.238610
vn -0.854519 -0.162471 0.493357
vn -0.798404 -0.387386 0.460959
vn -0.697712 -0.162471 0.697712
vn -0.651894 -0.387386 0.651894
vn -0.493357 -0.162471 0.854519
vn -0.460959 -0.387386 0.798404
vn 0.000000 -1.000000 0.000000
vn 0.060164 -0.972607 0.224534
vn -0.000000 -1.000000 0.000000
vn -0.000000 -0.972607 0.232454
vn -0.000000 -1.000000 0.000000
vn -0.060164 -0.972607 0.224534
vn -0.000000 -1.000000 0.000000
vn -0.116227 -0.972607 0.201311
vn -0.000000 -1.000000 0.000000
vn -0.164370 -0.972607 0.164370
vn -0.000000 -1.000000 0.000000
vn -0.201311 -0.972607 0.116227
vn -0.000000 -1.000000 0.000000
vn -0.224534 -0.972607 0.060164
vn -0.000000 -1.000000 0.000000
vn -0.232454 -0.972607 0.000000
vn -0.000000 -1.000000 -0.000000
vn -0.224534 -0.972607 -0.060164
vn -0.000000 -1.000000 -0.000000
vn -0.201311 -0.972607 -0.116227
vn -0.000000 -1.000000 -0.000000
vn -0.164370 -0.972607 -0.164370
vn -0.000000 -1.000000 -0.000000
vn -0.116227 -0.972607 -0.201311
vn -0.000000 -1.000000 -0.000000
vn -0.060164 -0.972607 -0.224534
vn -0.000000 -1.000000 -0.000000
vn -0.000000 -0.972607 -0.232454
vn 0.000000 -1.000000 -0.000000
vn 0.060164 -0.972607 -0.224534
vn 0.000000 -1.000000 -0.000000
vn 0.116227 -0.972607 -0.201311
vn 0.000000 -1.000000 -0.000000
vn 0.164370 -0.972607 -0.164370
vn 0.000000 -1.000000 -0.000000
vn 0.201311 -0.972607 -0.116227
vn 0.000000 -1.000000 -0.000000
vn 0.224534 -0.972607 -0.060164
vn 0.000000 -1.000000 -0.000000
vn 0.232454 -0.972607 -0.000000
vn 0.000000 -1.000000 0.000000
vn 0.224534 -0.972607 0.060164
vn 0.000000 -1.000000 0.000000
vn 0.201311 -0.972607 0.116227
vn 0.000000 -1.000000 0.000000
vn 0.164370 -0.972607 0.164370
vn 0.000000 -1.000000 0.000000
vn 0.116227 -0.972607 0.201311
vn -0.000000 -0.591078 -0.806614
vn -0.208767 -0.591078 -0.779129
vn -0.403307 -0.591078 -0.698548
vn -0.570362 -0.591078 -0.570362
vn -0.698548 -0.591078 -0.403307
vn -0.779129 -0.591078 -0.208767
vn -0.806614 -0.591078 0.000000
vn -0.779129 -0.591078 0.208767
vn -0.698548 -0.591078 0.403307
vn -0.570362 -0.591078 0.570362
vn -0.403307 -0.591078 0.698548
vn -0.208767 -0.591078 0.779129
vn -0.000000 -0.591078 0.806614
vn 0.208767 -0.591078 0.779129
vn 0.403307 -0.591078 0.698548
vn 0.570362 -0.591078 0.570362
vn 0.698548 -0.591078 0.403307
vn 0.779129 -0.591078 0.208767
vn 0.806614 -0.591078 -0.000000
vn 0.779129 -0.591078 -0.208767
vn 0.698548 -0.591078 -0.403307
vn 0.570362 -0.591078 -0.570362
vn 0.403307 -0.591078 -0.698548
vn 0.208767 -0.591078 -0.779129
vn -0.000000 -0.762388 -0.647120
vn -0.167487 -0.762388 -0.625070
vn -0.323560 -0.762388 -0.560422
vn -0.457583 -0.762388 -0.457583
vn -0.560422 -0.762388 -0.323560
vn -0.625070 -0.762388 -0.167487
vn -0.647120 -0.762388 0.000000
vn -0.625070 -0.762388 0.167487
vn -0.560422 -0.762388 0.323560
vn -0.457583 -0.762388 0.457583
vn -0.323560 -0.762388 0.560422
vn -0.167487 -0.762388 0.625070
vn -0.000000 -0.762388 0.647120
vn 0.167487 -0.762388 0.625070
vn 0.323560 -0.762388 0.560422
vn 0.457583 -0.762388 0.457583
vn 0.560422 -0.762388 0.323560
vn 0.625070 -0.762388 0.167487
vn 0.647120 -0.762388 -0.000000
vn 0.625070 -0.762388 -0.167487
vn 0.560422 -0.762388 -0.323560
vn 0.457583 -0.762388 -0.457583
vn 0.323560 -0.762388 -0.560422
vn 0.167487 -0.762388 -0.625070
vn -0.000000 -0.891930 -0.452173
vn -0.117031 -0.891930 -0.436766
vn -0.226087 -0.891930 -0.391594
vn -0.319735 -0.891930 -0.319735
vn -0.391594 -0.891930 -0.226087
vn -0.436766 -0.891930 -0.117031
vn -0.452173 -0.891930 0.000000
vn -0.436766 -0.891930 0.117031
vn -0.391594 -0.891930 0.226087
vn -0.319735 -0.891930 0.319735
vn -0.226087 -0.891930 0.391594
vn -0.117031 -0.891930 0.436766
vn -0.000000 -0.891930 0.452173
vn 0.117031 -0.891930 0.436766
vn 0.226087 -0.891930 0.391594
vn 0.319735 -0.891930 0.319735
vn 0.391594 -0.891930 0.226087
vn 0.436766 -0.891930 0.117031
vn 0.452173 -0.891930 -0.000000
vn 0.436766 -0.891930 -0.117031
vn 0.391594 -0.891930 -0.226087
vn 0.319735 -0.891930 -0.319735
vn 0.226087 -0.891930 -0.391594
vn 0.117031 -0.891930 -0.436766
vn 0.258819 0.000000 0.965926
vn 0.258819 0.000000 0.965926
vn 0.000000 0.000000 1.000000
vn 0.000000 0.000000 1.000000
vn -0.258819 0.000000 0.965926
vn -0.258819 0.000000 0.965926
vn -0.500000 0.000000 0.866025
vn -0.500000 0.000000 0.866025
vn -0.707107 0.000000 0.707107
vn -0.707107 0.000000 0.707107
vn -0.866025 0.000000 0.500000
vn -0.866025 0.000000 0.500000
vn -0.965926 0.000000 0.258819
vn -0.965926 0.000000 0.258819
vn -1.000000 0.000000 -0.000000
vn -1.000000 0.000000 0.000000
vn -0.965926 0.000000 -0.258819
vn -0.965926 0.000000 -0.258819
vn -0.866025 0.000000 -0.500000
vn -0.866025 0.000000 -0.500000
vn -0.707107 0.000000 -0.707107
vn -0.707107 0.000000 -0.707107
vn -0.500000 0.000000 -0.866025
vn -0.500000 0.000000 -0.866025
vn -0.258819 0.000000 -0.965926
vn -0.258819 0.000000 -0.965926
vn 0.000000 0.000000 -1.000000
vn 0.000000 0.000000 -1.000000
vn 0.258819 0.000000 -0.965926
vn 0.258819 0.000000 -0.965926
vn 0.500000 0.000000 -0.866025
vn 0.500000 0.000000 -0.866025
vn 0.707107 0.000000 -0.707107
vn 0.707107 0.000000 -0.707107
vn 0.866025 0.000000 -0.500000
vn 0.866025 0.000000 -0.500000
vn 0.965926 0.000000 -0.258819
vn 0.965926 0.000000 -0.258819
vn 1.000000 0.000000 -0.000000
vn 1.000000 0.000000 -0.000000
vn 0.965926 0.000000 0.258819
vn 0.965926 0.000000 0.258819
vn 0.866025 0.000000 0.500000
vn 0.866025 0.000000 0.500000
vn 0.707107 0.000000 0.707107
vn 0.707107 0.000000 0.707107
vn 0.500000 0.000000 0.866025
vn 0.500000 0.000000 0.866025
vn -0.000000 -1.000000 -0.000000
vn -0.000000 -1.000000 -0.000000
vn -0.000000 -1.000000 -0.000000
vn -0.000000 -1.000000 -0.000000
vn -0.000000 -1.000000 -0.000000
vn -0.000000 -1.000000 -0.000000
vn -0.000000 -1.000000 -0.000000
vn -0.000000 -1.000000 -0.000000
vn -0.000000 -1.000000 -0.000000
vn -0.000000 -1.000000 -0.000000
vn -0.000000 -1.000000 -0.000000
vn -0.000000 -1.000000 -0.000000
vn -0.000000 -1.000000 -0.000000
vn -0.000000 -1.000000 -0.000000
vn -0.000000 -1.000000 -0.000000
vn -0.000000 -1.000000 -0.000000
vn -0.000000 -1.000000 -0.000000
vn -0.000000 -1.000000 -0.000000
vn -0.000000 -1.000000 -0.000000
vn -0.000000 -1.000000 -0.000000
vn -0.000000 -1.000000 -0.000000
vn -0.000000 -1.000000 -0.000000
vn -0.000000 -1.000000 -0.000000
vn -0.000000 -1.000000 -0.000000
vn -0.000000 -1.000000 -0.000000
vn -0.000000 -1.000000 -0.000000
vn -0.000000 -1.000000 -0.000000
vn -0.000000 -1.000000 -0.000000
vn -0.000000 -1.000000 -0.000000
vn -0.000000 -1.000000 -0.000000
vn -0.000000 -1.000000 -0.000000
vn -0.000000 -1.000000 -0.000000
vn -0.000000 -1.000000 -0.000000
vn -0.000000 -1.000000 -0.000000
vn -0.000000 -1.000000 -0.000000
vn -0.000000 -1.000000 -0.000000
vn -0.000000 -1.000000 -0.000000
vn -0.000000 -1.000000 -0.000000
vn -0.000000 -1.000000 -0.000000
vn -0.000000 -1.000000 -0.000000
vn -0.000000 -1.000000 -0.000000
vn -0.000000 -1.000000 -0.000000
vn -0.000000 -1.000000 -0.000000
vn -0.000000 -1.000000 -0.000000
vn -0.000000 -1.000000 -0.000000
vn -0.000000 -1.000000 -0.000000
vn -0.000000 -1.000000 -0.000000
vn -0.000000 -1.000000 -0.000000
vn 0.000000 -1.000000 0.000000
vn 0.000000 -1.000000 0.000000
vn 0.000000 -1.000000 0.000000
vn 0.000000 -1.000000 0.000000
vn 0.000000 -1.000000 0.000000
vn 0.000000 -1.000000 0.000000
vn 0.000000 -1.000000 0.000000
vn 0.000000 -1.000000 0.000000
vn 0.000000 -1.000000 0.000000
vn 0.000000 -1.000000 0.000000
vn 0.000000 -1.000000 0.000000
vn 0.000000 -1.000000 0.000000
vn 0.000000 -1.000000 0.000000
vn 0.000000 -1.000000 0.000000
vn 0.000000 -1.000000 0.000000
vn 0.000000 -1.000000 0.000000
vn 0.000000 -1.000000 0.000000
vn 0.000000 -1.000000 0.000000
vn 0.000000 -1.000000 0.000000
vn 0.000000 -1.000000 0.000000
vn 0.000000 -1.000000 0.000000
vn 0.000000 -1.000000 0.000000
vn 0.000000 -1.000000 0.000000
vn 0.000000 -1.000000 0.000000
vn 0.403351 0.000000 -0.915046
vn 0.403351 0.000000 -0.915046
vn 0.273263 0.000000 -0.961939
vn 0.273263 0.000000 -0.961939
vn 0.137951 0.000000 -0.990439
vn 0.137951 0.000000 -0.990439
vn 0.000000 0.000000 -1.000000
vn 0.000000 0.000000 -1.000000
vn -0.137951 -0.000000 -0.990439
vn -0.137951 -0.000000 -0.990439
vn -0.273263 -0.000000 -0.961939
vn -0.273263 -0.000000 -0.961939
vn -0.403351 -0.000000 -0.915046
vn -0.403351 -0.000000 -0.915046
vn 0.766044 0.000000 0.642788
vn 0.766044 0.000000 0.642788
vn 0.766044 0.000000 0.642788
vn 0.766044 0.000000 0.642788
vn 0.766044 0.000000 0.642788
vn 0.766044 0.000000 0.642788
vn 0.766044 0.000000 0.642788
vn 0.766044 0.000000 0.642788
vn 0.766044 0.000000 0.642788
vn 0.766044 0.000000 0.642788
vn 0.766044 0.000000 0.642788
vn 0.766044 0.000000 0.642788
vn 0.766044 0.000000 0.642788
vn 0.766044 0.000000 0.642788
vn 0.766044 0.000000 0.642788
vn -0.766044 -0.000000 0.642788
vn -0.766044 -0.000000 0.642788
vn -0.766044 -0.000000 0.642788
vn -0.766044 -0.000000 0.642788
vn -0.766044 -0.000000 0.642788
vn -0.766044 -0.000000 0.642788
vn -0.766044 -0.000000 0.642788
vn -0.766044 -0.000000 0.642788
vn -0.766044 -0.000000 0.642788
vn -0.766044 -0.000000 0.642788
vn -0.766044 -0.000000 0.642788
vn -0.766044 -0.000000 0.642788
vn -0.766044 -0.000000 0.642788
vn -0.766044 -0.000000 0.642788
vn -0.766044 -0.000000 0.642788
vn -0.766044 -0.000000 0.642788
vn 0.608425 0.000000 0.793611
vn 0.608425 0.000000 0.793611
vn 0.426282 0.000000 0.904590
vn 0.426282 0.000000 0.904590
vn 0.215535 0.000000 0.976496
vn 0.215535 0.000000 0.976496
vn 0.000000 0.000000 1.000000
vn -0.000000 0.000000 1.000000
vn -0.215535 0.000000 0.976496
vn -0.215535 0.000000 0.976496
vn -0.426282 0.000000 0.904590
vn -0.426282 0.000000 0.904590
vn -0.608425 0.000000 0.793611
vn -0.608425 0.000000 0.793611
vn -0.850861 0.000000 0.525391
vn -0.903094 0.000000 0.429444
vn -0.912963 0.000000 0.408042
vn -0.979594 0.000000 0.200984
vn -0.981805 0.000000 0.189892
vn -0.999559 -0.000000 -0.029708
vn -0.999443 -0.000000 -0.033387
vn -0.967715 -0.000000 -0.252046
vn -0.966943 -0.000000 -0.254991
vn -0.891247 -0.000000 -0.453519
vn -0.885938 -0.000000 -0.463804
vn -0.775684 -0.000000 -0.631122
vn -0.760490 -0.000000 -0.649350
vn -0.700673 -0.000000 -0.713482
vn -0.596891 -0.000000 -0.802322
vn -0.613501 -0.000000 -0.789694
vn -0.513912 -0.000000 -0.857843
vn 0.512239 0.000000 -0.858843
vn 0.596891 0.000000 -0.802322
vn 0.610380 0.000000 -0.792109
vn 0.696477 0.000000 -0.717579
vn 0.760490 0.000000 -0.649350
vn 0.770409 0.000000 -0.637550
vn 0.885938 0.000000 -0.463804
vn 0.886562 0.000000 -0.462611
vn 0.964893 0.000000 -0.262644
vn 0.966943 0.000000 -0.254991
vn 0.999125 0.000000 -0.041819
vn 0.999443 0.000000 -0.033387
vn 0.981354 0.000000 0.192209
vn 0.981805 0.000000 0.189892
vn 0.911870 0.000000 0.410479
vn 0.905008 0.000000 0.425395
vn 0.848808 0.000000 0.528702
vn 0.000000 -1.000000 0.000000
vn 0.000000 -1.000000 0.000000
vn 0.000000 -1.000000 0.000000
vn 0.000000 -1.000000 0.000000
vn 0.000000 -1.000000 0.000000
vn 0.000000 -1.000000 0.000000
vn 0.000000 -1.000000 0.000000
vn 0.000000 -1.000000 0.000000
vn 0.000000 -1.000000 0.000000
vn 0.000000 -1.000000 0.000000
vn 0.000000 -1.000000 0.000000
vn 0.000000 -1.000000 0.000000
vn 0.000000 -1.000000 0.000000
vn 0.000000 -1.000000 0.000000
vn 0.000000 -1.000000 0.000000
vn 0.000000 -1.000000 0.000000
vn 0.000000 -1.000000 0.000000
vn 0.000000 -1.000000 0.000000
vn 0.000000 -1.000000 0.000000
vn 0.000000 -1.000000 0.000000
vn 0.000000 -1.000000 0.000000
vn 0.000000 -1.000000 0.000000
vn 0.000000 -1.000000 0.000000
vn 0.000000 -1.000000 0.000000
vn -0.745618 -0.000000 -0.666374
vn -0.745618 -0.000000 -0.666374
vn -0.830416 -0.000000 -0.557144
vn -0.830416 -0.000000 -0.557144
vn -0.899335 -0.000000 -0.437261
vn -0.899335 -0.000000 -0.437261
vn -0.951057 -0.000000 -0.309017
vn -0.951057 -0.000000 -0.309017
vn -0.984593 -0.000000 -0.174864
vn -0.984593 -0.000000 -0.174864
vn -0.999302 -0.000000 -0.037367
vn -0.999302 -0.000000 -0.037367
vn -0.994902 -0.000000 0.100845
vn -0.994902 -0.000000 0.100845
vn 0.848048 -0.000000 -0.529919
vn 0.848048 -0.000000 -0.529919
vn 0.848048 -0.000000 -0.529919
vn 0.848048 -0.000000 -0.529919
vn 0.848048 -0.000000 -0.529919
vn 0.848048 -0.000000 -0.529919
vn 0.848048 -0.000000 -0.529919
vn 0.848048 -0.000000 -0.529919
vn 0.848048 -0.000000 -0.529919
vn 0.848048 -0.000000 -0.529919
vn 0.848048 -0.000000 -0.529919
vn 0.848048 -0.000000 -0.529919
vn 0.848048 -0.000000 -0.529919
vn 0.848048 -0.000000 -0.529919
vn 0.848048 -0.000000 -0.529919
vn 0.848048 -0.000000 -0.529919
vn 0.374607 -0.000000 0.927184
vn 0.374607 -0.000000 0.927184
vn 0.374607 -0.000000 0.927184
vn 0.374607 -0.000000 0.927184
vn 0.374607 -0.000000 0.927184
vn 0.374607 -0.000000 0.927184
vn 0.374607 -0.000000 0.927184
vn 0.374607 -0.000000 0.927184
vn 0.374607 -0.000000 0.927184
vn 0.374607 -0.000000 0.927184
vn 0.374607 -0.000000 0.927184
vn 0.374607 -0.000000 0.927184
vn 0.374607 -0.000000 0.927184
vn 0.374607 -0.000000 0.927184
vn 0.374607 -0.000000 0.927184
vn 0.374607 -0.000000 0.927184
vn 0.942783 0.000000 -0.333407
vn 0.942783 0.000000 -0.333407
vn 0.992045 0.000000 -0.125885
vn 0.992045 0.000000 -0.125885
vn 0.995307 0.000000 0.096768
vn 0.995307 0.000000 0.096768
vn 0.951057 0.000000 0.309017
vn 0.951057 0.000000 0.309017
vn 0.862099 0.000000 0.506740
vn 0.862099 0.000000 0.506740
vn 0.728588 0.000000 0.684952
vn 0.728588 0.000000 0.684952
vn 0.566755 0.000000 0.823886
vn 0.566755 0.000000 0.823886
vn 0.374607 -0.000000 0.927184
vn 0.236746 -0.000000 0.971572
vn 0.129354 -0.000000 0.991598
vn 0.105950 -0.000000 0.994371
vn -0.111564 -0.000000 0.993757
vn -0.122796 -0.000000 0.992432
vn -0.337135 -0.000000 0.941456
vn -0.340597 -0.000000 0.940209
vn -0.538750 -0.000000 0.842465
vn -0.541313 -0.000000 0.840821
vn -0.706732 -0.000000 0.707481
vn -0.714874 -0.000000 0.699254
vn -0.839932 -0.000000 0.542692
vn -0.852573 -0.000000 0.522608
vn -0.895082 -0.000000 0.445902
vn -0.947503 -0.000000 0.319746
vn -0.940626 -0.000000 0.339445
vn -0.974665 -0.000000 0.223672
vn -0.658517 -0.000000 -0.752565
vn -0.578604 -0.000000 -0.815609
vn -0.564723 -0.000000 -0.825281
vn -0.467235 -0.000000 -0.884133
vn -0.382565 -0.000000 -0.923929
vn -0.368277 -0.000000 -0.929716
vn -0.167334 -0.000000 -0.985900
vn -0.166006 -0.000000 -0.986125
vn 0.048379 -0.000000 -0.998829
vn 0.056291 -0.000000 -0.998414
vn 0.268974 -0.000000 -0.963147
vn 0.277092 -0.000000 -0.960843
vn 0.486056 -0.000000 -0.873927
vn 0.483993 -0.000000 -0.875072
vn 0.672172 -0.000000 -0.740395
vn 0.684237 -0.000000 -0.729259
vn 0.765121 -0.000000 -0.643886
vn 0.000000 -1.000000 -0.000000
vn 0.000000 -1.000000 -0.000000
vn 0.000000 -1.000000 -0.000000
vn 0.000000 -1.000000 -0.000000
vn 0.000000 -1.000000 -0.000000
vn 0.000000 -1.000000 -0.000000
vn 0.000000 -1.000000 -0.000000
vn 0.000000 -1.000000 -0.000000
vn 0.000000 -1.000000 -0.000000
vn 0.000000 -1.000000 -0.000000
vn 0.000000 -1.000000 -0.000000
vn 0.000000 -1.000000 -0.000000
vn 0.000000 -1.000000 -0.000000
vn 0.000000 -1.000000 -0.000000
vn 0.000000 -1.000000 -0.000000
vn 0.000000 -1.000000 -0.000000
vn 0.000000 -1.000000 -0.000000
vn 0.000000 -1.000000 -0.000000
vn 0.000000 -1.000000 -0.000000
vn 0.000000 -1.000000 -0.000000
vn 0.000000 -1.000000 -0.000000
vn 0.000000 -1.000000 -0.000000
vn 0.000000 -1.000000 -0.000000
vn 0.000000 -1.000000 -0.000000
vn -0.864168 -0.000000 0.503204
vn -0.864168 -0.000000 0.503204
vn -0.786488 -0.000000 0.617605
vn -0.786488 -0.000000 0.617605
vn -0.693770 -0.000000 0.720197
vn -0.693770 -0.000000 0.720197
vn -0.587785 -0.000000 0.809017
vn -0.587785 -0.000000 0.809017
vn -0.470561 -0.000000 0.882367
vn -0.470561 -0.000000 0.882367
vn -0.344339 -0.000000 0.938845
vn -0.344339 -0.000000 0.938845
vn -0.211533 -0.000000 0.977371
vn -0.211533 -0.000000 0.977371
vn -0.241922 0.000000 -0.970296
vn -0.241922 0.000000 -0.970296
vn -0.241922 0.000000 -0.970296
vn -0.241922 0.000000 -0.970296
vn -0.241922 0.000000 -0.970296
vn -0.241922 0.000000 -0.970296
vn -0.241922 0.000000 -0.970296
vn -0.241922 0.000000 -0.970296
vn -0.241922 0.000000 -0.970296
vn -0.241922 0.000000 -0.970296
vn -0.241922 0.000000 -0.970296
vn -0.241922 0.000000 -0.970296
vn -0.241922 0.000000 -0.970296
vn -0.241922 0.000000 -0.970296
vn -0.241922 0.000000 -0.970296
vn -0.241922 0.000000 -0.970296
vn 0.997564 -0.000000 -0.069756
vn 0.997564 -0.000000 -0.069756
vn 0.997564 -0.000000 -0.069756
vn 0.997564 -0.000000 -0.069756
vn 0.997564 -0.000000 -0.069756
vn 0.997564 -0.000000 -0.069756
vn 0.997564 -0.000000 -0.069756
vn 0.997564 -0.000000 -0.069756
vn 0.997564 -0.000000 -0.069756
vn 0.997564 -0.000000 -0.069756
vn 0.997564 -0.000000 -0.069756
vn 0.997564 -0.000000 -0.069756
vn 0.997564 -0.000000 -0.069756
vn 0.997564 -0.000000 -0.069756
vn 0.997564 -0.000000 -0.069756
vn 0.997564 -0.000000 -0.069756
vn -0.025753 -0.000000 -0.999668
vn -0.025753 -0.000000 -0.999668
vn 0.186835 0.000000 -0.982391
vn 0.186835 0.000000 -0.982391
vn 0.399599 0.000000 -0.916690
vn 0.399599 0.000000 -0.916690
vn 0.587785 0.000000 -0.809017
vn 0.587785 0.000000 -0.809017
vn 0.748341 0.000000 -0.663314
vn 0.748341 0.000000 -0.663314
vn 0.876574 0.000000 -0.481267
vn 0.876574 0.000000 -0.481267
vn 0.958699 0.000000 -0.284422
vn 0.958699 0.000000 -0.284422
vn 0.997564 -0.000000 -0.069756
vn 0.997178 -0.000000 0.075073
vn 0.983039 -0.000000 0.183398
vn 0.978444 -0.000000 0.206513
vn 0.910644 -0.000000 0.413192
vn 0.905913 -0.000000 0.423464
vn 0.791198 -0.000000 0.611560
vn 0.788942 -0.000000 0.614468
vn 0.634749 -0.000000 0.772718
vn 0.632394 -0.000000 0.774647
vn 0.454462 -0.000000 0.890766
vn 0.444122 -0.000000 0.895967
vn 0.256577 -0.000000 0.966524
vn 0.233570 -0.000000 0.972340
vn 0.147482 -0.000000 0.989065
vn 0.011302 -0.000000 0.999936
vn 0.032162 -0.000000 0.999483
vn -0.088463 -0.000000 0.996079
vn -0.919225 -0.000000 0.393732
vn -0.954488 -0.000000 0.298248
vn -0.959398 -0.000000 0.282057
vn -0.985244 -0.000000 0.171155
vn -0.996927 -0.000000 0.078331
vn -0.998016 -0.000000 0.062954
vn -0.989356 -0.000000 -0.145516
vn -0.989159 -0.000000 -0.146848
vn -0.934993 -0.000000 -0.354666
vn -0.932154 -0.000000 -0.362063
vn -0.832890 -0.000000 -0.553438
vn -0.828190 -0.000000 -0.560447
vn -0.680955 -0.000000 -0.732326
vn -0.682681 -0.000000 -0.730717
vn -0.496445 -0.000000 -0.868068
vn -0.482126 -0.000000 -0.876102
vn -0.375937 -0.000000 -0.926645
vn 0.000000 -1.000000 0.000000
vn 0.000000 -1.000000 0.000000
vn 0.000000 -1.000000 0.000000
vn 0.000000 -1.000000 0.000000
vn 0.000000 -1.000000 0.000000
vn 0.000000 -1.000000 0.000000
vn 0.000000 -1.000000 0.000000
vn 0.000000 -1.000000 0.000000
vn 0.000000 -1.000000 0.000000
vn 0.000000 -1.000000 0.000000
vn 0.000000 -1.000000 0.000000
vn 0.000000 -1.000000 0.000000
vn 0.000000 -1.000000 0.000000
vn 0.000000 -1.000000 0.000000
vn 0.000000 -1.000000 0.000000
vn 0.000000 -1.000000 0.000000
vn 0.000000 -1.000000 0.000000
vn 0.000000 -1.000000 0.000000
vn 0.000000 -1.000000 0.000000
vn 0.000000 -1.000000 0.000000
vn 0.000000 -1.000000 0.000000
vn 0.000000 -1.000000 0.000000
vn 0.000000 -1.000000 0.000000
vn 0.000000 -1.000000 0.000000
vn 0.211533 -0.000000 0.977371
vn 0.211533 -0.000000 0.977371
vn 0.344339 -0.000000 0.938845
vn 0.344339 -0.000000 0.938845
vn 0.470561 -0.000000 0.882367
vn 0.470561 -0.000000 0.882367
vn 0.587785 -0.000000 0.809017
vn 0.587785 -0.000000 0.809017
vn 0.693770 -0.000000 0.720197
vn 0.693770 -0.000000 0.720197
vn 0.786488 -0.000000 0.617605
vn 0.786488 -0.000000 0.617605
vn 0.864168 -0.000000 0.503204
vn 0.864168 -0.000000 0.503204
vn -0.997564 0.000000 -0.069756
vn -0.997564 0.000000 -0.069756
vn -0.997564 0.000000 -0.069756
vn -0.997564 0.000000 -0.069756
vn -0.997564 0.000000 -0.069756
vn -0.997564 0.000000 -0.069756
vn -0.997564 0.000000 -0.069756
vn -0.997564 0.000000 -0.069756
vn -0.997564 0.000000 -0.069756
vn -0.997564 0.000000 -0.069756
vn -0.997564 0.000000 -0.069756
vn -0.997564 0.000000 -0.069756
vn -0.997564 0.000000 -0.069756
vn -0.997564 0.000000 -0.069756
vn -0.997564 0.000000 -0.069756
vn -0.997564 0.000000 -0.069756
vn 0.241922 -0.000000 -0.970296
vn 0.241922 -0.000000 -0.970296
vn 0.241922 -0.000000 -0.970296
vn 0.241922 -0.000000 -0.970296
vn 0.241922 -0.000000 -0.970296
vn 0.241922 -0.000000 -0.970296
vn 0.241922 -0.000000 -0.970296
vn 0.241922 -0.000000 -0.970296
vn 0.241922 -0.000000 -0.970296
vn 0.241922 -0.000000 -0.970296
vn 0.241922 -0.000000 -0.970296
vn 0.241922 -0.000000 -0.970296
vn 0.241922 -0.000000 -0.970296
vn 0.241922 -0.000000 -0.970296
vn 0.241922 -0.000000 -0.970296
vn 0.241922 -0.000000 -0.970296
vn -0.958699 -0.000000 -0.284422
vn -0.958699 -0.000000 -0.284422
vn -0.876574 -0.000000 -0.481267
vn -0.876574 -0.000000 -0.481267
vn -0.748341 -0.000000 -0.663314
vn -0.748341 -0.000000 -0.663314
vn -0.587785 -0.000000 -0.809017
vn -0.587785 -0.000000 -0.809017
vn -0.399599 -0.000000 -0.916690
vn -0.399599 -0.000000 -0.916690
vn -0.186835 -0.000000 -0.982391
vn -0.186835 -0.000000 -0.982391
vn 0.025753 0.000000 -0.999668
vn 0.025753 0.000000 -0.999668
vn 0.241922 -0.000000 -0.970296
vn 0.379544 -0.000000 -0.925174
vn 0.478197 -0.000000 -0.878252
vn 0.498761 -0.000000 -0.866739
vn 0.674373 -0.000000 -0.738391
vn 0.682681 -0.000000 -0.730717
vn 0.826122 -0.000000 -0.563491
vn 0.828190 -0.000000 -0.560447
vn 0.931047 -0.000000 -0.364899
vn 0.932154 -0.000000 -0.362063
vn 0.987605 -0.000000 -0.156957
vn 0.989356 -0.000000 -0.145516
vn 0.998505 -0.000000 0.054653
vn 0.996927 -0.000000 0.078331
vn 0.986231 -0.000000 0.165374
vn 0.954488 -0.000000 0.298248
vn 0.960503 -0.000000 0.278269
vn 0.919991 -0.000000 0.391939
vn 0.090405 -0.000000 0.995905
vn -0.011302 -0.000000 0.999936
vn -0.028218 -0.000000 0.999602
vn -0.141679 -0.000000 0.989913
vn -0.233570 -0.000000 0.972340
vn -0.248531 -0.000000 0.968624
vn -0.444122 -0.000000 0.895967
vn -0.445328 -0.000000 0.895368
vn -0.626236 -0.000000 0.779633
vn -0.632394 -0.000000 0.774647
vn -0.783728 -0.000000 0.621104
vn -0.788942 -0.000000 0.614468
vn -0.906910 -0.000000 0.421325
vn -0.905913 -0.000000 0.423464
vn -0.978992 -0.000000 0.203900
vn -0.982208 -0.000000 0.187799
vn -0.997463 -0.000000 0.071188
vn 0.000000 -1.000000 0.000000
vn 0.000000 -1.000000 0.000000
vn 0.000000 -1.000000 0.000000
vn 0.000000 -1.000000 0.000000
vn 0.000000 -1.000000 0.000000
vn 0.000000 -1.000000 0.000000
vn 0.000000 -1.000000 0.000000
vn 0.000000 -1.000000 0.000000
vn 0.000000 -1.000000 0.000000
vn 0.000000 -1.000000 0.000000
vn 0.000000 -1.000000 0.000000
vn 0.000000 -1.000000 0.000000
vn 0.000000 -1.000000 0.000000
vn 0.000000 -1.000000 0.000000
vn 0.000000 -1.000000 0.000000
vn 0.000000 -1.000000 0.000000
vn 0.000000 -1.000000 0.000000
vn 0.000000 -1.000000 0.000000
vn 0.000000 -1.000000 0.000000
vn 0.000000 -1.000000 0.000000
vn 0.000000 -1.000000 0.000000
vn 0.000000 -1.000000 0.000000
vn 0.000000 -1.000000 0.000000
vn 0.000000 -1.000000 0.000000
vn 0.994902 -0.000000 0.100845
vn 0.994902 -0.000000 0.100845
vn 0.999302 -0.000000 -0.037367
vn 0.999302 -0.000000 -0.037367
vn 0.984593 -0.000000 -0.174864
vn 0.984593 -0.000000 -0.174864
vn 0.951057 -0.000000 -0.309017
vn 0.951057 -0.000000 -0.309017
vn 0.899335 -0.000000 -0.437261
vn 0.899335 -0.000000 -0.437261
vn 0.830416 -0.000000 -0.557144
vn 0.830416 -0.000000 -0.557144
vn 0.745618 -0.000000 -0.666374
vn 0.745618 -0.000000 -0.666374
vn -0.374607 -0.000000 0.927184
vn -0.374607 -0.000000 0.927184
vn -0.374607 -0.000000 0.927184
vn -0.374607 -0.000000 0.927184
vn -0.374607 -0.000000 0.927184
vn -0.374607 -0.000000 0.927184
vn -0.374607 -0.000000 0.927184
vn -0.374607 -0.000000 0.927184
vn -0.374607 -0.000000 0.927184
vn -0.374607 -0.000000 0.927184
vn -0.374607 -0.000000 0.927184
vn -0.374607 -0.000000 0.927184
vn -0.374607 -0.000000 0.927184
vn -0.374607 -0.000000 0.927184
vn -0.374607 -0.000000 0.927184
vn -0.374607 -0.000000 0.927184
vn -0.848048 0.000000 -0.529919
vn -0.848048 0.000000 -0.529919
vn -0.848048 0.000000 -0.529919
vn -0.848048 0.000000 -0.529919
vn -0.848048 0.000000 -0.529919
vn -0.848048 0.000000 -0.529919
vn -0.848048 0.000000 -0.529919
vn -0.848048 0.000000 -0.529919
vn -0.848048 0.000000 -0.529919
vn -0.848048 0.000000 -0.529919
vn -0.848048 0.000000 -0.529919
vn -0.848048 0.000000 -0.529919
vn -0.848048 0.000000 -0.529919
vn -0.848048 0.000000 -0.529919
vn -0.848048 0.000000 -0.529919
vn -0.848048 0.000000 -0.529919
vn -0.566755 0.000000 0.823886
vn -0.566755 0.000000 0.823886
vn -0.728588 0.000000 0.684952
vn -0.728588 0.000000 0.684952
vn -0.862099 0.000000 0.506740
vn -0.862099 0.000000 0.506740
vn -0.951057 0.000000 0.309017
vn -0.951057 0.000000 0.309017
vn -0.995307 0.000000 0.096768
vn -0.995307 0.000000 0.096768
vn -0.992045 -0.000000 -0.125885
vn -0.992045 -0.000000 -0.125885
vn -0.942783 -0.000000 -0.333407
vn -0.942783 -0.000000 -0.333407
vn -0.848048 -0.000000 -0.529919
vn -0.762607 -0.000000 -0.646862
vn -0.687497 -0.000000 -0.726188
vn -0.670192 -0.000000 -0.742187
vn -0.493859 -0.000000 -0.869542
vn -0.483993 -0.000000 -0.875072
vn -0.280626 -0.000000 -0.959817
vn -0.277092 -0.000000 -0.960843
vn -0.059331 -0.000000 -0.998238
vn -0.056291 -0.000000 -0.998414
vn 0.155912 -0.000000 -0.987771
vn 0.167334 -0.000000 -0.985900
vn 0.360533 -0.000000 -0.932746
vn 0.382565 -0.000000 -0.923929
vn 0.462042 -0.000000 -0.886858
vn 0.578604 -0.000000 -0.815609
vn 0.561461 -0.000000 -0.827503
vn 0.657049 -0.000000 -0.753848
vn 0.975099 -0.000000 0.221771
vn 0.947503 -0.000000 0.319746
vn 0.941958 -0.000000 0.335731
vn 0.897682 -0.000000 0.440645
vn 0.852573 -0.000000 0.522608
vn 0.844416 -0.000000 0.535688
vn 0.714874 -0.000000 0.699254
vn 0.713931 -0.000000 0.700216
vn 0.547958 -0.000000 0.836506
vn 0.541313 -0.000000 0.840821
vn 0.348519 -0.000000 0.937302
vn 0.340597 -0.000000 0.940209
vn 0.120454 -0.000000 0.992719
vn 0.122796 -0.000000 0.992432
vn -0.108605 -0.000000 0.994085
vn -0.124912 -0.000000 0.992168
vn -0.240529 -0.000000 0.970642
vn -0.250000 -0.258819 0.933013
vn -0.000000 -0.258819 0.965926
vn 0.250000 -0.258819 0.933013
vn 0.482963 -0.258819 0.836516
vn 0.683013 -0.258819 0.683013
vn 0.836516 -0.258819 0.482963
vn 0.933013 -0.258819 0.250000
vn 0.965926 -0.258819 0.000000
vn 0.933013 -0.258819 -0.250000
vn 0.836516 -0.258819 -0.482963
vn 0.683013 -0.258819 -0.683013
vn 0.482963 -0.258819 -0.836516
vn 0.250000 -0.258819 -0.933013
vn 0.000000 -0.258819 -0.965926
vn -0.250000 -0.258819 -0.933013
vn -0.482963 -0.258819 -0.836516
vn -0.683013 -0.258819 -0.683013
vn -0.836516 -0.258819 -0.482963
vn -0.933013 -0.258819 -0.250000
vn -0.965926 -0.258819 -0.000000
vn -0.933013 -0.258819 0.250000
vn -0.836516 -0.258819 0.482963
vn -0.683013 -0.258819 0.683013
vn -0.482963 -0.258819 0.836516
vn 0.066987 -0.965926 0.250000
vn -0.000000 -0.965926 0.258819
vn -0.066987 -0.965926 0.250000
vn -0.129410 -0.965926 0.224144
vn -0.183013 -0.965926 0.183013
vn -0.224144 -0.965926 0.129410
vn -0.250000 -0.965926 0.066987
vn -0.258819 -0.965926 -0.000000
vn -0.250000 -0.965926 -0.066987
vn -0.224144 -0.965926 -0.129410
vn -0.183013 -0.965926 -0.183013
vn -0.129410 -0.965926 -0.224144
vn -0.066987 -0.965926 -0.250000
vn -0.000000 -0.965926 -0.258819
vn 0.066987 -0.965926 -0.250000
vn 0.129410 -0.965926 -0.224144
vn 0.183013 -0.965926 -0.183013
vn 0.224144 -0.965926 -0.129410
vn 0.250000 -0.965926 -0.066987
vn 0.258819 -0.965926 0.000000
vn 0.250000 -0.965926 0.066987
vn 0.224144 -0.965926 0.129410
vn 0.183013 -0.965926 0.183013
vn 0.129410 -0.965926 0.224144
vn -0.000000 -0.500000 -0.866025
vn -0.224144 -0.500000 -0.836516
vn -0.433013 -0.500000 -0.750000
vn -0.612372 -0.500000 -0.612372
vn -0.750000 -0.500000 -0.433013
vn -0.836516 -0.500000 -0.224144
vn -0.866025 -0.500000 -0.000000
vn -0.836516 -0.500000 0.224144
vn -0.750000 -0.500000 0.433013
vn -0.612372 -0.500000 0.612372
vn -0.433013 -0.500000 0.750000
vn -0.224144 -0.500000 0.836516
vn -0.000000 -0.500000 0.866025
vn 0.224144 -0.500000 0.836516
vn 0.433013 -0.500000 0.750000
vn 0.612372 -0.500000 0.612372
vn 0.750000 -0.500000 0.433013
vn 0.836516 -0.500000 0.224144
vn 0.866025 -0.500000 0.000000
vn 0.836516 -0.500000 -0.224144
vn 0.750000 -0.500000 -0.433013
vn 0.612372 -0.500000 -0.612372
vn 0.433013 -0.500000 -0.750000
vn 0.224144 -0.500000 -0.836516
vn -0.000000 -0.707107 -0.707107
vn -0.183013 -0.707107 -0.683013
vn -0.353553 -0.707107 -0.612372
vn -0.500000 -0.707107 -0.500000
vn -0.612372 -0.707107 -0.353553
vn -0.683013 -0.707107 -0.183013
vn -0.707107 -0.707107 -0.000000
vn -0.683013 -0.707107 0.183013
vn -0.612372 -0.707107 0.353553
vn -0.500000 -0.707107 0.500000
vn -0.353553 -0.707107 0.612372
vn -0.183013 -0.707107 0.683013
vn -0.000000 -0.707107 0.707107
vn 0.183013 -0.707107 0.683013
vn 0.353553 -0.707107 0.612372
vn 0.500000 -0.707107 0.500000
vn 0.612372 -0.707107 0.353553
vn 0.683013 -0.707107 0.183013
vn 0.707107 -0.707107 0.000000
vn 0.683013 -0.707107 -0.183013
vn 0.612372 -0.707107 -0.353553
vn 0.500000 -0.707107 -0.500000
vn 0.353553 -0.707107 -0.612372
vn 0.183013 -0.707107 -0.683013
vn -0.000000 -0.866025 -0.500000
vn -0.129410 -0.866025 -0.482963
vn -0.250000 -0.866025 -0.433013
vn -0.353553 -0.866025 -0.353553
vn -0.433013 -0.866025 -0.250000
vn -0.482963 -0.866025 -0.129410
vn -0.500000 -0.866025 -0.000000
vn -0.482963 -0.866025 0.129410
vn -0.433013 -0.866025 0.250000
vn -0.353553 -0.866025 0.353553
vn -0.250000 -0.866025 0.433013
vn -0.129410 -0.866025 0.482963
vn -0.000000 -0.866025 0.500000
vn 0.129410 -0.866025 0.482963
vn 0.250000 -0.866025 0.433013
vn 0.353553 -0.866025 0.353553
vn 0.433013 -0.866025 0.250000
vn 0.482963 -0.866025 0.129410
vn 0.500000 -0.866025 0.000000
vn 0.482963 -0.866025 -0.129410
vn 0.433013 -0.866025 -0.250000
vn 0.353553 -0.866025 -0.353553
vn 0.250000 -0.866025 -0.433013
vn 0.129410 -0.866025 -0.482963
vn -0.029338 -0.993017 0.114263
vn -0.000000 -0.993017 0.117970
vn 0.029338 -0.993017 0.114263
vn 0.000000 -0.930098 0.367311
vn 0.091347 -0.930098 0.355771
vn 0.000000 -0.805672 0.592362
vn 0.147315 -0.805672 0.573752
vn 0.000000 -0.627966 0.778241
vn 0.193541 -0.627966 0.753791
vn 0.000000 -0.408733 0.912654
vn 0.226968 -0.408733 0.883981
vn -0.056832 -0.993017 0.103378
vn -0.080756 -0.993017 0.085996
vn -0.099605 -0.993017 0.063211
vn -0.112196 -0.993017 0.036455
vn -0.117737 -0.993017 0.007407
vn -0.115880 -0.993017 -0.022105
vn -0.106742 -0.993017 -0.050229
vn -0.090897 -0.993017 -0.075197
vn -0.069341 -0.993017 -0.095439
vn -0.043428 -0.993017 -0.109685
vn -0.014786 -0.993017 -0.117039
vn 0.014786 -0.993017 -0.117039
vn 0.043428 -0.993017 -0.109685
vn 0.069341 -0.993017 -0.095439
vn 0.090897 -0.993017 -0.075197
vn 0.106742 -0.993017 -0.050229
vn 0.115880 -0.993017 -0.022105
vn 0.117737 -0.993017 0.007407
vn 0.112196 -0.993017 0.036455
vn 0.099605 -0.993017 0.063211
vn 0.080756 -0.993017 0.085996
vn 0.056832 -0.993017 0.103378
vn 0.439674 -0.408733 0.799765
vn 0.624755 -0.408733 0.665296
vn 0.770579 -0.408733 0.489024
vn 0.867985 -0.408733 0.282026
vn 0.910853 -0.408733 0.057306
vn 0.896488 -0.408733 -0.171014
vn 0.825794 -0.408733 -0.388589
vn 0.703212 -0.408733 -0.581747
vn 0.536444 -0.408733 -0.738352
vn 0.335970 -0.408733 -0.848564
vn 0.114386 -0.408733 -0.905457
vn -0.114386 -0.408733 -0.905457
vn -0.335970 -0.408733 -0.848564
vn -0.536444 -0.408733 -0.738352
vn -0.703212 -0.408733 -0.581747
vn -0.825794 -0.408733 -0.388589
vn -0.896488 -0.408733 -0.171014
vn -0.910853 -0.408733 0.057306
vn -0.867985 -0.408733 0.282026
vn -0.770579 -0.408733 0.489024
vn -0.624755 -0.408733 0.665296
vn -0.439674 -0.408733 0.799765
vn -0.226968 -0.408733 0.883981
vn -0.091347 -0.930098 0.355771
vn -0.176953 -0.930098 0.321877
vn -0.251442 -0.930098 0.267758
vn -0.310131 -0.930098 0.196815
vn -0.349334 -0.930098 0.113505
vn -0.366586 -0.930098 0.023064
vn -0.360805 -0.930098 -0.068827
vn -0.332353 -0.930098 -0.156393
vn -0.283018 -0.930098 -0.234133
vn -0.215900 -0.930098 -0.297161
vn -0.135216 -0.930098 -0.341517
vn -0.046036 -0.930098 -0.364415
vn 0.046036 -0.930098 -0.364415
vn 0.135216 -0.930098 -0.341517
vn 0.215900 -0.930098 -0.297161
vn 0.283018 -0.930098 -0.234133
vn 0.332353 -0.930098 -0.156393
vn 0.360805 -0.930098 -0.068827
vn 0.366586 -0.930098 0.023064
vn 0.349334 -0.930098 0.113505
vn 0.310131 -0.930098 0.196815
vn 0.251442 -0.930098 0.267758
vn 0.176953 -0.930098 0.321877
vn -0.147315 -0.805672 0.573752
vn -0.285373 -0.805672 0.519091
vn -0.405500 -0.805672 0.431814
vn -0.500148 -0.805672 0.317404
vn -0.563370 -0.805672 0.183050
vn -0.591193 -0.805672 0.037195
vn -0.581870 -0.805672 -0.110998
vn -0.535985 -0.805672 -0.252216
vn -0.456423 -0.805672 -0.377586
vn -0.348182 -0.805672 -0.479231
vn -0.218063 -0.805672 -0.550765
vn -0.074243 -0.805672 -0.587691
vn 0.074243 -0.805672 -0.587691
vn 0.218063 -0.805672 -0.550765
vn 0.348182 -0.805672 -0.479231
vn 0.456423 -0.805672 -0.377586
vn 0.535985 -0.805672 -0.252216
vn 0.581870 -0.805672 -0.110998
vn 0.591193 -0.805672 0.037195
vn 0.563370 -0.805672 0.183050
vn 0.500148 -0.805672 0.317404
vn 0.405500 -0.805672 0.431814
vn 0.285373 -0.805672 0.519091
vn -0.193541 -0.627966 0.753791
vn -0.374920 -0.627966 0.681977
vn -0.532742 -0.627966 0.567313
vn -0.657090 -0.627966 0.417002
vn -0.740151 -0.627966 0.240490
vn -0.776705 -0.627966 0.048866
vn -0.764456 -0.627966 -0.145828
vn -0.704173 -0.627966 -0.331359
vn -0.599645 -0.627966 -0.496069
vn -0.457438 -0.627966 -0.629610
vn -0.286489 -0.627966 -0.723590
vn -0.097539 -0.627966 -0.772104
vn 0.097539 -0.627966 -0.772104
vn 0.286489 -0.627966 -0.723590
vn 0.457438 -0.627966 -0.629610
vn 0.599645 -0.627966 -0.496069
vn 0.704173 -0.627966 -0.331359
vn 0.764456 -0.627966 -0.145828
vn 0.776705 -0.627966 0.048866
vn 0.740151 -0.627966 0.240490
vn 0.657090 -0.627966 0.417002
vn 0.532742 -0.627966 0.567313
vn 0.374920 -0.627966 0.681977
usemtl Opaque(152,170,175)
f 1416/2148/1785 1462/2149/1786 1415/2150/1787
f 1415/2150/1787 1462/2149/1786 1439/2151/1788
f 1415/2152/1787 1439/2153/1788 1438/2154/1789
f 1438/2154/1789 1439/2153/1788 1440/2155/1790
f 1438/2154/1789 1440/2155/1790 1437/2156/1791
f 1437/2156/1791 1440/2155/1790 1441/2157/1792
f 1437/2156/1791 1441/2157/1792 1436/2158/1793
f 1436/2158/1793 1441/2157/1792 1442/2159/1794
f 1436/2158/1793 1442/2159/1794 1435/2160/1795
f 1435/2160/1795 1442/2159/1794 1443/2161/1796
f 1435/2160/1795 1443/2161/1796 1434/2162/1797
f 1434/2162/1797 1443/2161/1796 1444/2163/1798
f 1434/2162/1797 1444/2163/1798 1433/2164/1799
f 1433/2164/1799 1444/2163/1798 1445/2165/1800
f 1433/2164/1799 1445/2165/1800 1432/2166/1801
f 1432/2166/1801 1445/2165/1800 1446/2167/1802
f 1432/2166/1801 1446/2167/1802 1431/2168/1803
f 1431/2168/1803 1446/2167/1802 1447/2169/1804
f 1431/2168/1803 1447/2169/1804 1430/2170/1805
f 1430/2170/1805 1447/2169/1804 1448/2171/1806
f 1430/2170/1805 1448/2171/1806 1429/2172/1807
f 1429/2172/1807 1448/2171/1806 1449/2173/1808
f 1429/2172/1807 1449/2173/1808 1428/2174/1809
f 1428/2174/1809 1449/2173/1808 1450/2175/1810
f 1428/2174/1809 1450/2175/1810 1427/2176/1811
f 1427/2176/1811 1450/2175/1810 1451/2177/1812
f 1427/2176/1811 1451/2177/1812 1426/2178/1813
f 1426/2178/1813 1451/2177/1812 1452/2179/1814
f 1426/2178/1813 1452/2179/1814 1425/2180/1815
f 1425/2180/1815 1452/2179/1814 1453/2181/1816
f 1425/2180/1815 1453/2181/1816 1424/2182/1817
f 1424/2182/1817 1453/2181/1816 1454/2183/1818
f 1424/2182/1817 1454/2183/1818 1423/2184/1819
f 1423/2184/1819 1454/2183/1818 1455/2185/1820
f 1423/2184/1819 1455/2185/1820 1422/2186/1821
f 1422/2186/1821 1455/2185/1820 1456/2187/1822
f 1422/2186/1821 1456/2187/1822 1421/2188/1823
f 1421/2188/1823 1456/2187/1822 1457/2189/1824
f 1421/2188/1823 1457/2189/1824 1420/2190/1825
f 1420/2190/1825 1457/2189/1824 1458/2191/1826
f 1420/2190/1825 1458/2191/1826 1419/2192/1827
f 1419/2192/1827 1458/2191/1826 1459/2193/1828
f 1419/2192/1827 1459/2193/1828 1418/2194/1829
f 1418/2194/1829 1459/2193/1828 1460/2195/1830
f 1418/2194/1829 1460/2195/1830 1417/2196/1831
f 1417/2196/1831 1460/2195/1830 1461/2197/1832
f 1417/2196/1831 1461/2197/1832 1416/2148/1785
f 1416/2148/1785 1461/2197/1832 1462/2149/1786
usemtl Opaque(255,202,0)
f 1438/2198/1833 1469/2199/1834 1415/2200/1835
f 1415/2200/1835 1469/2199/1834 1470/2201/1836
f 1415/2200/1835 1470/2201/1836 1416/2202/1837
f 1416/2202/1837 1470/2201/1836 1471/2203/1838
f 1416/2202/1837 1471/2203/1838 1417/2204/1839
f 1417/2204/1839 1471/2203/1838 1472/2205/1840
f 1417/2204/1839 1472/2205/1840 1418/2206/1841
f 1418/2206/1841 1472/2205/1840 1473/2207/1842
f 1418/2206/1841 1473/2207/1842 1419/2208/1843
f 1419/2208/1843 1473/2207/1842 1474/2209/1844
f 1419/2208/1843 1474/2209/1844 1420/2210/1845
f 1420/2210/1845 1474/2209/1844 1475/2211/1846
f 1420/2210/1845 1475/2211/1846 1421/2212/1847
f 1421/2212/1847 1475/2211/1846 1476/2213/1848
f 1421/2212/1847 1476/2213/1848 1422/2214/1849
f 1422/2214/1849 1476/2213/1848 1477/2215/1850
f 1422/2214/1849 1477/2215/1850 1423/2216/1851
f 1423/2216/1851 1477/2215/1850 1478/2217/1852
f 1423/2216/1851 1478/2217/1852 1424/2218/1853
f 1424/2218/1853 1478/2217/1852 1479/2219/1854
f 1424/2218/1853 1479/2219/1854 1425/2220/1855
f 1425/2220/1855 1479/2219/1854 1480/2221/1856
f 1425/2220/1855 1480/2221/1856 1426/2222/1857
f 1426/2222/1857 1480/2221/1856 1481/2223/1858
f 1426/2222/1857 1481/2223/1858 1427/2224/1859
f 1427/2224/1859 1481/2223/1858 1482/2225/1860
f 1427/2224/1859 1482/2225/1860 1428/2226/1861
f 1428/2226/1861 1482/2225/1860 1483/2227/1862
f 1428/2226/1861 1483/2227/1862 1429/2228/1863
f 1429/2228/1863 1483/2227/1862 1484/2229/1864
f 1429/2228/1863 1484/2229/1864 1430/2230/1865
f 1430/2230/1865 1484/2229/1864 1485/2231/1866
f 1430/2230/1865 1485/2231/1866 1431/2232/1867
f 1431/2232/1867 1485/2231/1866 1486/2233/1868
f 1431/2232/1867 1486/2233/1868 1432/2234/1869
f 1432/2234/1869 1486/2233/1868 1487/2235/1870
f 1432/2234/1869 1487/2235/1870 1433/2236/1871
f 1433/2236/1871 1487/2235/1870 1463/2237/1872
f 1433/2236/1871 1463/2237/1872 1464/2238/1873
f 1469/2199/1834 1438/2198/1833 1468/2239/1874
f 1468/2239/1874 1438/2198/1833 1437/2240/1875
f 1468/2239/1874 1437/2240/1875 1467/2241/1876
f 1467/2241/1876 1437/2240/1875 1436/2242/1877
f 1467/2241/1876 1436/2242/1877 1466/2243/1878
f 1466/2243/1878 1436/2242/1877 1435/2244/1879
f 1466/2243/1878 1435/2244/1879 1465/2245/1880
f 1465/2245/1880 1435/2244/1879 1434/2246/1881
f 1465/2245/1880 1434/2246/1881 1464/2238/1873
f 1464/2238/1873 1434/2246/1881 1433/2236/1871
f 1489/2247/1882 1486/2248/1883 1488/2249/1884
f 1488/2249/1884 1486/2248/1883 1485/2250/1885
f 1488/2249/1884 1485/2250/1885 1512/2251/1886
f 1512/2251/1886 1485/2250/1885 1484/2252/1887
f 1512/2251/1886 1484/2252/1887 1511/2253/1888
f 1511/2253/1888 1484/2252/1887 1483/2254/1889
f 1511/2253/1888 1483/2254/1889 1510/2255/1890
f 1510/2255/1890 1483/2254/1889 1482/2256/1891
f 1510/2255/1890 1482/2256/1891 1509/2257/1892
f 1509/2257/1892 1482/2256/1891 1481/2258/1893
f 1509/2257/1892 1481/2258/1893 1508/2259/1894
f 1508/2259/1894 1481/2258/1893 1480/2260/1895
f 1508/2259/1894 1480/2260/1895 1507/2261/1896
f 1507/2261/1896 1480/2260/1895 1479/2262/1897
f 1507/2261/1896 1479/2262/1897 1506/2263/1898
f 1506/2263/1898 1479/2262/1897 1478/2264/1899
f 1506/2263/1898 1478/2264/1899 1505/2265/1900
f 1505/2265/1900 1478/2264/1899 1477/2266/1901
f 1505/2265/1900 1477/2266/1901 1504/2267/1902
f 1504/2267/1902 1477/2266/1901 1476/2268/1903
f 1504/2267/1902 1476/2268/1903 1503/2269/1904
f 1503/2270/1904 1476/2271/1903 1475/2272/1905
f 1503/2270/1904 1475/2272/1905 1502/2273/1906
f 1502/2273/1906 1475/2272/1905 1474/2274/1907
f 1502/2273/1906 1474/2274/1907 1501/2275/1908
f 1501/2275/1908 1474/2274/1907 1473/2276/1909
f 1501/2275/1908 1473/2276/1909 1500/2277/1910
f 1500/2277/1910 1473/2276/1909 1472/2278/1911
f 1500/2277/1910 1472/2278/1911 1499/2279/1912
f 1499/2279/1912 1472/2278/1911 1471/2280/1913
f 1499/2279/1912 1471/2280/1913 1498/2281/1914
f 1498/2281/1914 1471/2280/1913 1470/2282/1915
f 1498/2281/1914 1470/2282/1915 1497/2283/1916
f 1497/2283/1916 1470/2282/1915 1469/2284/1917
f 1497/2283/1916 1469/2284/1917 1496/2285/1918
f 1496/2285/1918 1469/2284/1917 1468/2286/1919
f 1496/2285/1918 1468/2286/1919 1495/2287/1920
f 1495/2287/1920 1468/2286/1919 1467/2288/1921
f 1495/2287/1920 1467/2288/1921 1494/2289/1922
f 1494/2289/1922 1467/2288/1921 1466/2290/1923
f 1494/2289/1922 1466/2290/1923 1493/2291/1924
f 1493/2291/1924 1466/2290/1923 1465/2292/1925
f 1493/2291/1924 1465/2292/1925 1492/2293/1926
f 1492/2293/1926 1465/2292/1925 1464/2294/1927
f 1492/2293/1926 1464/2294/1927 1491/2295/1928
f 1491/2295/1928 1464/2294/1927 1463/2296/1929
f 1491/2295/1928 1463/2296/1929 1490/2297/1930
f 1490/2297/1930 1463/2296/1929 1487/2298/1931
f 1490/2297/1930 1487/2298/1931 1489/2247/1882
f 1489/2247/1882 1487/2298/1931 1486/2248/1883
f 1512/2299/1932 1580/2300/1933 1488/2301/1934
f 1488/2301/1934 1580/2300/1933 1581/2302/1935
f 1488/2301/1934 1581/2302/1935 1582/2303/1936
f 1511/2304/1937 1577/2305/1938 1512/2299/1932
f 1512/2299/1932 1577/2305/1938 1578/2306/1939
f 1512/2299/1932 1578/2306/1939 1579/2307/1940
f 1510/2308/1941 1572/2309/1942 1511/2304/1937
f 1511/2304/1937 1572/2309/1942 1573/2310/1943
f 1511/2304/1937 1573/2310/1943 1574/2311/1944
f 1509/2312/1945 1567/2313/1946 1510/2308/1941
f 1510/2308/1941 1567/2313/1946 1568/2314/1947
f 1510/2308/1941 1568/2314/1947 1569/2315/1948
f 1508/2316/1949 1563/2317/1950 1509/2312/1945
f 1509/2312/1945 1563/2317/1950 1564/2318/1951
f 1509/2312/1945 1564/2318/1951 1565/2319/1952
f 1507/2320/1953 1561/2321/1954 1508/2316/1949
f 1508/2316/1949 1561/2321/1954 1562/2322/1955
f 1508/2316/1949 1562/2322/1955 1563/2317/1950
f 1506/2323/1956 1558/2324/1957 1507/2320/1953
f 1507/2320/1953 1558/2324/1957 1559/2325/1958
f 1507/2320/1953 1559/2325/1958 1560/2326/1959
f 1505/2327/1960 1553/2328/1961 1506/2323/1956
f 1506/2323/1956 1553/2328/1961 1554/2329/1962
f 1506/2323/1956 1554/2329/1962 1555/2330/1963
f 1504/2331/1964 1548/2332/1965 1505/2327/1960
f 1505/2327/1960 1548/2332/1965 1549/2333/1966
f 1505/2327/1960 1549/2333/1966 1550/2334/1967
f 1503/2335/1968 1544/2336/1969 1504/2331/1964
f 1504/2331/1964 1544/2336/1969 1545/2337/1970
f 1504/2331/1964 1545/2337/1970 1546/2338/1971
f 1502/2339/1972 1542/2340/1973 1503/2335/1968
f 1503/2335/1968 1542/2340/1973 1543/2341/1974
f 1503/2335/1968 1543/2341/1974 1544/2336/1969
f 1501/2342/1975 1539/2343/1976 1502/2339/1972
f 1502/2339/1972 1539/2343/1976 1540/2344/1977
f 1502/2339/1972 1540/2344/1977 1541/2345/1978
f 1500/2346/1979 1534/2347/1980 1501/2342/1975
f 1501/2342/1975 1534/2347/1980 1535/2348/1981
f 1501/2342/1975 1535/2348/1981 1536/2349/1982
f 1499/2350/1983 1529/2351/1984 1500/2346/1979
f 1500/2346/1979 1529/2351/1984 1530/2352/1985
f 1500/2346/1979 1530/2352/1985 1531/2353/1986
f 1498/2354/1987 1525/2355/1988 1499/2350/1983
f 1499/2350/1983 1525/2355/1988 1526/2356/1989
f 1499/2350/1983 1526/2356/1989 1527/2357/1990
f 1497/2358/1991 1523/2359/1992 1498/2354/1987
f 1498/2354/1987 1523/2359/1992 1524/2360/1993
f 1498/2354/1987 1524/2360/1993 1525/2355/1988
f 1496/2361/1994 1520/2362/1995 1497/2358/1991
f 1497/2358/1991 1520/2362/1995 1521/2363/1996
f 1497/2358/1991 1521/2363/1996 1522/2364/1997
f 1495/2365/1998 1515/2366/1999 1496/2361/1994
f 1496/2361/1994 1515/2366/1999 1516/2367/2000
f 1496/2361/1994 1516/2367/2000 1517/2368/2001
f 1494/2369/2002 1605/2370/2003 1495/2365/1998
f 1495/2365/1998 1605/2370/2003 1606/2371/2004
f 1495/2365/1998 1606/2371/2004 1607/2372/2005
f 1493/2373/2006 1601/2374/2007 1494/2369/2002
f 1494/2369/2002 1601/2374/2007 1602/2375/2008
f 1494/2369/2002 1602/2375/2008 1603/2376/2009
f 1492/2377/2010 1599/2378/2011 1493/2373/2006
f 1493/2373/2006 1599/2378/2011 1600/2379/2012
f 1493/2373/2006 1600/2379/2012 1601/2374/2007
f 1491/2380/2013 1596/2381/2014 1492/2377/2010
f 1492/2377/2010 1596/2381/2014 1597/2382/2015
f 1492/2377/2010 1597/2382/2015 1598/2383/2016
f 1490/2384/2017 1591/2385/2018 1491/2386/2013
f 1491/2380/2013 1591/2387/2018 1592/2388/2019
f 1491/2380/2013 1592/2388/2019 1593/2389/2020
f 1489/2390/2021 1586/2391/2022 1490/2384/2017
f 1490/2384/2017 1586/2391/2022 1587/2392/2023
f 1490/2384/2017 1587/2392/2023 1588/2393/2024
f 1488/2301/1934 1582/2303/1936 1489/2390/2021
f 1489/2390/2021 1582/2303/1936 1583/2394/2025
f 1489/2390/2021 1583/2394/2025 1584/2395/2026
f 1607/2372/2005 1513/2396/2027 1495/2365/1998
f 1495/2365/1998 1513/2396/2027 1514/2397/2028
f 1495/2365/1998 1514/2397/2028 1515/2366/1999
f 1517/2368/2001 1518/2398/2029 1496/2361/1994
f 1496/2361/1994 1518/2398/2029 1519/2399/2030
f 1496/2361/1994 1519/2399/2030 1520/2362/1995
f 1522/2364/1997 1523/2359/1992 1497/2358/1991
f 1527/2357/1990 1528/2400/2031 1499/2350/1983
f 1499/2350/1983 1528/2400/2031 1529/2351/1984
f 1531/2353/1986 1532/2401/2032 1500/2346/1979
f 1500/2346/1979 1532/2401/2032 1533/2402/2033
f 1500/2346/1979 1533/2402/2033 1534/2347/1980
f 1536/2349/1982 1537/2403/2034 1501/2342/1975
f 1501/2342/1975 1537/2403/2034 1538/2404/2035
f 1501/2342/1975 1538/2404/2035 1539/2343/1976
f 1541/2345/1978 1542/2340/1973 1502/2339/1972
f 1546/2338/1971 1547/2405/2036 1504/2331/1964
f 1504/2331/1964 1547/2405/2036 1548/2332/1965
f 1550/2334/1967 1551/2406/2037 1505/2327/1960
f 1505/2327/1960 1551/2406/2037 1552/2407/2038
f 1505/2327/1960 1552/2407/2038 1553/2328/1961
f 1555/2330/1963 1556/2408/2039 1506/2323/1956
f 1506/2323/1956 1556/2408/2039 1557/2409/2040
f 1506/2323/1956 1557/2409/2040 1558/2324/1957
f 1560/2326/1959 1561/2321/1954 1507/2320/1953
f 1565/2319/1952 1566/2410/2041 1509/2312/1945
f 1509/2312/1945 1566/2410/2041 1567/2313/1946
f 1569/2315/1948 1570/2411/2042 1510/2308/1941
f 1510/2308/1941 1570/2411/2042 1571/2412/2043
f 1510/2308/1941 1571/2412/2043 1572/2309/1942
f 1574/2311/1944 1575/2413/2044 1511/2304/1937
f 1511/2304/1937 1575/2413/2044 1576/2414/2045
f 1511/2304/1937 1576/2414/2045 1577/2305/1938
f 1579/2307/1940 1580/2300/1933 1512/2299/1932
f 1584/2395/2026 1585/2415/2046 1489/2390/2021
f 1489/2390/2021 1585/2415/2046 1586/2391/2022
f 1588/2393/2024 1589/2416/2047 1490/2384/2017
f 1490/2384/2017 1589/2416/2047 1590/2417/2048
f 1490/2384/2017 1590/2417/2048 1591/2385/2018
f 1593/2389/2020 1594/2418/2049 1491/2380/2013
f 1491/2380/2013 1594/2418/2049 1595/2419/2050
f 1491/2380/2013 1595/2419/2050 1596/2381/2014
f 1598/2383/2016 1599/2378/2011 1492/2377/2010
f 1603/2376/2009 1604/2420/2051 1494/2369/2002
f 1494/2369/2002 1604/2420/2051 1605/2370/2003
f 1609/2421/2052 1746/2422/2053 1608/2423/2054
f 1608/2423/2054 1746/2422/2053 1755/2424/2055
f 1608/2423/2054 1755/2424/2055 1648/2425/2056
f 1648/2425/2056 1755/2424/2055 1857/2426/2057
f 1648/2425/2056 1857/2426/2057 1647/2427/2058
f 1647/2427/2058 1857/2426/2057 1855/2428/2059
f 1647/2427/2058 1855/2428/2059 1646/2429/2060
f 1646/2429/2060 1855/2428/2059 1853/2430/2061
f 1646/2429/2060 1853/2430/2061 1645/2431/2062
f 1645/2431/2062 1853/2430/2061 1851/2432/2063
f 1645/2431/2062 1851/2432/2063 1644/2433/2064
f 1644/2433/2064 1851/2432/2063 1849/2434/2065
f 1644/2433/2064 1849/2434/2065 1643/2435/2066
f 1643/2435/2066 1849/2434/2065 1847/2436/2067
f 1643/2435/2066 1847/2436/2067 1642/2437/2068
f 1642/2437/2068 1847/2436/2067 1842/2438/2069
f 1642/2437/2068 1842/2438/2069 1641/2439/2070
f 1641/2439/2070 1842/2438/2069 1837/2440/2071
f 1641/2439/2070 1837/2440/2071 1640/2441/2072
f 1640/2441/2072 1837/2440/2071 1835/2442/2073
f 1640/2441/2072 1835/2442/2073 1639/2443/2074
f 1639/2443/2074 1835/2442/2073 1833/2444/2075
f 1639/2443/2074 1833/2444/2075 1638/2445/2076
f 1638/2445/2076 1833/2444/2075 1831/2446/2077
f 1638/2445/2076 1831/2446/2077 1637/2447/2078
f 1637/2447/2078 1831/2446/2077 1829/2448/2079
f 1637/2447/2078 1829/2448/2079 1636/2449/2080
f 1636/2449/2080 1829/2448/2079 1827/2450/2081
f 1636/2449/2080 1827/2450/2081 1635/2451/2082
f 1635/2451/2082 1827/2450/2081 1825/2452/2083
f 1635/2451/2082 1825/2452/2083 1634/2453/2084
f 1634/2453/2084 1825/2452/2083 1820/2454/2085
f 1634/2453/2084 1820/2454/2085 1633/2455/2086
f 1633/2455/2086 1820/2454/2085 1814/2456/2087
f 1633/2455/2086 1814/2456/2087 1632/2457/2088
f 1632/2457/2088 1814/2456/2087 1812/2458/2089
f 1632/2457/2088 1812/2458/2089 1631/2459/2090
f 1631/2459/2090 1812/2458/2089 1810/2460/2091
f 1631/2459/2090 1810/2460/2091 1630/2461/2092
f 1630/2461/2092 1810/2460/2091 1808/2462/2093
f 1630/2461/2092 1808/2462/2093 1629/2463/2094
f 1629/2463/2094 1808/2462/2093 1743/2464/2095
f 1629/2463/2094 1743/2464/2095 1628/2465/2096
f 1628/2466/2096 1743/2467/2095 1806/2468/2097
f 1628/2466/2096 1806/2468/2097 1627/2469/2098
f 1627/2469/2098 1806/2468/2097 1804/2470/2099
f 1627/2469/2098 1804/2470/2099 1626/2471/2100
f 1626/2471/2100 1804/2470/2099 1800/2472/2101
f 1626/2471/2100 1800/2472/2101 1625/2473/2102
f 1625/2473/2102 1800/2472/2101 1795/2474/2103
f 1625/2473/2102 1795/2474/2103 1624/2475/2104
f 1624/2475/2104 1795/2474/2103 1790/2476/2105
f 1624/2475/2104 1790/2476/2105 1623/2477/2106
f 1623/2477/2106 1790/2476/2105 1788/2478/2107
f 1623/2477/2106 1788/2478/2107 1622/2479/2108
f 1622/2479/2108 1788/2478/2107 1786/2480/2109
f 1622/2479/2108 1786/2480/2109 1621/2481/2110
f 1621/2481/2110 1786/2480/2109 1784/2482/2111
f 1621/2481/2110 1784/2482/2111 1620/2483/2112
f 1620/2483/2112 1784/2482/2111 1782/2484/2113
f 1620/2483/2112 1782/2484/2113 1619/2485/2114
f 1619/2485/2114 1782/2484/2113 1780/2486/2115
f 1619/2485/2114 1780/2486/2115 1618/2487/2116
f 1618/2487/2116 1780/2486/2115 1778/2488/2117
f 1618/2487/2116 1778/2488/2117 1617/2489/2118
f 1617/2489/2118 1778/2488/2117 1773/2490/2119
f 1617/2489/2118 1773/2490/2119 1616/2491/2120
f 1616/2491/2120 1773/2490/2119 1768/2492/2121
f 1616/2491/2120 1768/2492/2121 1615/2493/2122
f 1615/2493/2122 1768/2492/2121 1766/2494/2123
f 1615/2493/2122 1766/2494/2123 1614/2495/2124
f 1614/2495/2124 1766/2494/2123 1764/2496/2125
f 1614/2495/2124 1764/2496/2125 1613/2497/2126
f 1613/2497/2126 1764/2496/2125 1762/2498/2127
f 1613/2497/2126 1762/2498/2127 1612/2499/2128
f 1612/2499/2128 1762/2498/2127 1760/2500/2129
f 1612/2499/2128 1760/2500/2129 1611/2501/2130
f 1611/2501/2130 1760/2500/2129 1758/2502/2131
f 1611/2501/2130 1758/2502/2131 1610/2503/2132
f 1610/2503/2132 1758/2502/2131 1756/2504/2133
f 1610/2503/2132 1756/2504/2133 1609/2421/2052
f 1609/2421/2052 1756/2504/2133 1746/2422/2053
f 1650/2505/2134 1789/2506/2135 1649/2507/2136
f 1649/2507/2136 1789/2506/2135 1788/2478/2107
f 1649/2507/2136 1788/2478/2107 1790/2476/2105
f 1789/2506/2135 1650/2505/2134 1787/2508/2137
f 1787/2508/2137 1650/2505/2134 1651/2509/2138
f 1787/2508/2137 1651/2509/2138 1785/2510/2139
f 1785/2510/2139 1651/2509/2138 1652/2511/2140
f 1785/2510/2139 1652/2511/2140 1783/2512/2141
f 1783/2512/2141 1652/2511/2140 1653/2513/2142
f 1783/2512/2141 1653/2513/2142 1781/2514/2143
f 1781/2514/2143 1653/2513/2142 1654/2515/2144
f 1781/2514/2143 1654/2515/2144 1779/2516/2145
f 1779/2516/2145 1654/2515/2144 1655/2517/2146
f 1779/2516/2145 1655/2517/2146 1774/2518/2147
f 1774/2518/2147 1655/2517/2146 1656/2519/2148
f 1774/2518/2147 1656/2519/2148 1775/2520/2149
f 1775/2520/2149 1656/2519/2148 1657/2521/2150
f 1775/2520/2149 1657/2521/2150 1776/2522/2151
f 1776/2522/2151 1657/2521/2150 1658/2523/2152
f 1776/2522/2151 1658/2523/2152 1659/2524/2153
f 1776/2522/2151 1659/2524/2153 1777/2525/2154
f 1777/2525/2154 1659/2524/2153 1660/2526/2155
f 1777/2525/2154 1660/2526/2155 1661/2527/2156
f 1516/2528/2000 1515/2529/1999 1661/2527/2156
f 1661/2527/2156 1515/2529/1999 1777/2525/2154
f 1515/2529/1999 1514/2530/2028 1777/2525/2154
f 1777/2525/2154 1514/2530/2028 1772/2531/2157
f 1777/2525/2154 1772/2531/2157 1771/2532/2158
f 1771/2532/2158 1772/2531/2157 1664/2533/2159
f 1771/2532/2158 1664/2533/2159 1665/2534/2160
f 1513/2535/2027 1662/2536/2161 1514/2530/2028
f 1514/2530/2028 1662/2536/2161 1772/2531/2157
f 1662/2536/2161 1663/2537/2162 1772/2531/2157
f 1772/2531/2157 1663/2537/2162 1664/2533/2159
f 1665/2534/2160 1666/2538/2163 1771/2532/2158
f 1771/2532/2158 1666/2538/2163 1770/2539/2164
f 1771/2532/2158 1770/2539/2164 1776/2522/2151
f 1776/2522/2151 1770/2539/2164 1775/2520/2149
f 1666/2538/2163 1667/2540/2165 1770/2539/2164
f 1770/2539/2164 1667/2540/2165 1769/2541/2166
f 1770/2539/2164 1769/2541/2166 1775/2520/2149
f 1775/2520/2149 1769/2541/2166 1774/2518/2147
f 1667/2540/2165 1668/2542/2167 1769/2541/2166
f 1769/2541/2166 1668/2542/2167 1768/2492/2121
f 1769/2541/2166 1768/2492/2121 1774/2518/2147
f 1774/2518/2147 1768/2492/2121 1773/2490/2119
f 1774/2518/2147 1773/2490/2119 1779/2516/2145
f 1779/2516/2145 1773/2490/2119 1778/2488/2117
f 1779/2516/2145 1778/2488/2117 1781/2514/2143
f 1781/2514/2143 1778/2488/2117 1780/2486/2115
f 1781/2514/2143 1780/2486/2115 1783/2512/2141
f 1783/2512/2141 1780/2486/2115 1782/2484/2113
f 1783/2512/2141 1782/2484/2113 1785/2510/2139
f 1785/2510/2139 1782/2484/2113 1784/2482/2111
f 1785/2510/2139 1784/2482/2111 1787/2508/2137
f 1787/2508/2137 1784/2482/2111 1786/2480/2109
f 1787/2508/2137 1786/2480/2109 1789/2506/2135
f 1789/2506/2135 1786/2480/2109 1788/2478/2107
f 1669/2543/2168 1767/2544/2169 1668/2542/2167
f 1668/2542/2167 1767/2544/2169 1766/2494/2123
f 1668/2542/2167 1766/2494/2123 1768/2492/2121
f 1670/2545/2170 1765/2546/2171 1669/2543/2168
f 1669/2543/2168 1765/2546/2171 1764/2496/2125
f 1669/2543/2168 1764/2496/2125 1766/2494/2123
f 1671/2547/2172 1763/2548/2173 1670/2545/2170
f 1670/2545/2170 1763/2548/2173 1762/2498/2127
f 1670/2545/2170 1762/2498/2127 1764/2496/2125
f 1672/2549/2174 1761/2550/2175 1671/2547/2172
f 1671/2547/2172 1761/2550/2175 1760/2500/2129
f 1671/2547/2172 1760/2500/2129 1762/2498/2127
f 1673/2551/2176 1759/2552/2177 1672/2549/2174
f 1672/2549/2174 1759/2552/2177 1758/2502/2131
f 1672/2549/2174 1758/2502/2131 1760/2500/2129
f 1674/2553/2178 1757/2554/2179 1673/2551/2176
f 1673/2551/2176 1757/2554/2179 1756/2504/2133
f 1673/2551/2176 1756/2504/2133 1758/2502/2131
f 1675/2555/2180 1747/2556/2181 1674/2553/2178
f 1674/2553/2178 1747/2556/2181 1746/2422/2053
f 1674/2553/2178 1746/2422/2053 1756/2504/2133
f 1747/2556/2181 1675/2555/2180 1748/2557/2182
f 1748/2557/2182 1675/2555/2180 1676/2558/2183
f 1748/2557/2182 1676/2558/2183 1749/2559/2184
f 1749/2559/2184 1676/2558/2183 1677/2560/2185
f 1749/2559/2184 1677/2560/2185 1678/2561/2186
f 1749/2559/2184 1678/2561/2186 1750/2562/2187
f 1750/2562/2187 1678/2561/2186 1679/2563/2188
f 1750/2562/2187 1679/2563/2188 1680/2564/2189
f 1592/2565/2019 1591/2566/2018 1680/2564/2189
f 1680/2564/2189 1591/2566/2018 1750/2562/2187
f 1591/2566/2018 1590/2567/2048 1750/2562/2187
f 1750/2562/2187 1590/2567/2048 1751/2568/2190
f 1750/2562/2187 1751/2568/2190 1752/2569/2191
f 1752/2569/2191 1751/2568/2190 1683/2570/2192
f 1752/2569/2191 1683/2570/2192 1684/2571/2193
f 1589/2572/2047 1681/2573/2194 1590/2567/2048
f 1590/2567/2048 1681/2573/2194 1751/2568/2190
f 1681/2573/2194 1682/2574/2195 1751/2568/2190
f 1751/2568/2190 1682/2574/2195 1683/2570/2192
f 1684/2571/2193 1685/2575/2196 1752/2569/2191
f 1752/2569/2191 1685/2575/2196 1753/2576/2197
f 1752/2569/2191 1753/2576/2197 1749/2559/2184
f 1749/2559/2184 1753/2576/2197 1748/2557/2182
f 1685/2575/2196 1686/2577/2198 1753/2576/2197
f 1753/2576/2197 1686/2577/2198 1754/2578/2199
f 1753/2576/2197 1754/2578/2199 1748/2557/2182
f 1748/2557/2182 1754/2578/2199 1747/2556/2181
f 1686/2577/2198 1687/2579/2200 1754/2578/2199
f 1754/2578/2199 1687/2579/2200 1755/2424/2055
f 1754/2578/2199 1755/2424/2055 1747/2556/2181
f 1747/2556/2181 1755/2424/2055 1746/2422/2053
f 1688/2580/2201 1858/2581/2202 1687/2579/2200
f 1687/2579/2200 1858/2581/2202 1857/2426/2057
f 1687/2579/2200 1857/2426/2057 1755/2424/2055
f 1689/2582/2203 1856/2583/2204 1688/2580/2201
f 1688/2580/2201 1856/2583/2204 1855/2428/2059
f 1688/2580/2201 1855/2428/2059 1857/2426/2057
f 1690/2584/2205 1854/2585/2206 1689/2582/2203
f 1689/2582/2203 1854/2585/2206 1853/2430/2061
f 1689/2582/2203 1853/2430/2061 1855/2428/2059
f 1691/2586/2207 1852/2587/2208 1690/2584/2205
f 1690/2584/2205 1852/2587/2208 1851/2432/2063
f 1690/2584/2205 1851/2432/2063 1853/2430/2061
f 1692/2588/2209 1850/2589/2210 1691/2586/2207
f 1691/2586/2207 1850/2589/2210 1849/2434/2065
f 1691/2586/2207 1849/2434/2065 1851/2432/2063
f 1693/2590/2211 1848/2591/2212 1692/2588/2209
f 1692/2588/2209 1848/2591/2212 1847/2436/2067
f 1692/2588/2209 1847/2436/2067 1849/2434/2065
f 1694/2592/2213 1843/2593/2214 1693/2590/2211
f 1693/2590/2211 1843/2593/2214 1842/2438/2069
f 1693/2590/2211 1842/2438/2069 1847/2436/2067
f 1843/2593/2214 1694/2592/2213 1844/2594/2215
f 1844/2594/2215 1694/2592/2213 1695/2595/2216
f 1844/2594/2215 1695/2595/2216 1845/2596/2217
f 1845/2596/2217 1695/2595/2216 1696/2597/2218
f 1845/2596/2217 1696/2597/2218 1697/2598/2219
f 1845/2596/2217 1697/2598/2219 1846/2599/2220
f 1846/2599/2220 1697/2598/2219 1698/2600/2221
f 1846/2599/2220 1698/2600/2221 1699/2601/2222
f 1573/2602/1943 1572/2603/1942 1699/2601/2222
f 1699/2601/2222 1572/2603/1942 1846/2599/2220
f 1846/2599/2220 1572/2603/1942 1841/2604/2223
f 1841/2604/2223 1572/2603/1942 1571/2605/2043
f 1841/2604/2223 1571/2605/2043 1700/2606/2224
f 1700/2606/2224 1571/2605/2043 1570/2607/2042
f 1700/2606/2224 1701/2608/2225 1841/2604/2223
f 1841/2604/2223 1701/2608/2225 1702/2609/2226
f 1841/2604/2223 1702/2609/2226 1840/2610/2227
f 1840/2610/2227 1702/2609/2226 1703/2611/2228
f 1840/2610/2227 1703/2611/2228 1704/2612/2229
f 1840/2610/2227 1704/2612/2229 1839/2613/2230
f 1839/2613/2230 1704/2612/2229 1705/2614/2231
f 1839/2613/2230 1705/2614/2231 1838/2615/2232
f 1838/2615/2232 1705/2614/2231 1706/2616/2233
f 1838/2615/2232 1706/2616/2233 1835/2442/2073
f 1835/2442/2073 1706/2616/2233 1836/2617/2234
f 1835/2442/2073 1836/2617/2234 1833/2444/2075
f 1833/2444/2075 1836/2617/2234 1707/2618/2235
f 1833/2444/2075 1707/2618/2235 1834/2619/2236
f 1834/2619/2236 1707/2618/2235 1708/2620/2237
f 1834/2619/2236 1708/2620/2237 1831/2446/2077
f 1831/2446/2077 1708/2620/2237 1832/2621/2238
f 1831/2446/2077 1832/2621/2238 1829/2448/2079
f 1829/2448/2079 1832/2621/2238 1709/2622/2239
f 1829/2448/2079 1709/2622/2239 1830/2623/2240
f 1830/2623/2240 1709/2622/2239 1710/2624/2241
f 1830/2623/2240 1710/2624/2241 1827/2450/2081
f 1827/2450/2081 1710/2624/2241 1828/2625/2242
f 1827/2450/2081 1828/2625/2242 1825/2452/2083
f 1825/2452/2083 1828/2625/2242 1711/2626/2243
f 1825/2452/2083 1711/2626/2243 1826/2627/2244
f 1826/2627/2244 1711/2626/2243 1712/2628/2245
f 1826/2627/2244 1712/2628/2245 1820/2454/2085
f 1820/2454/2085 1712/2628/2245 1821/2629/2246
f 1820/2454/2085 1821/2629/2246 1814/2456/2087
f 1814/2456/2087 1821/2629/2246 1815/2630/2247
f 1814/2456/2087 1815/2630/2247 1812/2458/2089
f 1812/2458/2089 1815/2630/2247 1813/2631/2248
f 1812/2458/2089 1813/2631/2248 1810/2460/2091
f 1810/2460/2091 1813/2631/2248 1811/2632/2249
f 1810/2460/2091 1811/2632/2249 1808/2462/2093
f 1808/2462/2093 1811/2632/2249 1809/2633/2250
f 1808/2462/2093 1809/2633/2250 1743/2464/2095
f 1743/2464/2095 1809/2633/2250 1744/2634/2251
f 1743/2467/2095 1744/2635/2251 1807/2636/2252
f 1807/2636/2252 1744/2635/2251 1729/2637/2253
f 1807/2636/2252 1729/2637/2253 1730/2638/2254
f 1706/2616/2233 1707/2618/2235 1836/2617/2234
f 1708/2620/2237 1709/2622/2239 1832/2621/2238
f 1710/2624/2241 1711/2626/2243 1828/2625/2242
f 1712/2628/2245 1713/2639/2255 1821/2629/2246
f 1821/2629/2246 1713/2639/2255 1822/2640/2256
f 1821/2629/2246 1822/2640/2256 1815/2630/2247
f 1815/2630/2247 1822/2640/2256 1816/2641/2257
f 1815/2630/2247 1816/2641/2257 1724/2642/2258
f 1724/2642/2258 1816/2641/2257 1723/2643/2259
f 1723/2643/2259 1816/2641/2257 1817/2644/2260
f 1723/2643/2259 1817/2644/2260 1819/2645/2261
f 1819/2645/2261 1817/2644/2260 1818/2646/2262
f 1819/2645/2261 1818/2646/2262 1721/2647/2263
f 1721/2647/2263 1818/2646/2262 1720/2648/2264
f 1720/2648/2264 1818/2646/2262 1719/2649/2265
f 1719/2649/2265 1818/2646/2262 1745/2650/2266
f 1719/2649/2265 1745/2650/2266 1552/2651/2038
f 1552/2651/2038 1745/2650/2266 1553/2652/1961
f 1553/2652/1961 1745/2650/2266 1824/2653/2267
f 1553/2652/1961 1824/2653/2267 1718/2654/2268
f 1718/2654/2268 1824/2653/2267 1717/2655/2269
f 1717/2655/2269 1824/2653/2267 1716/2656/2270
f 1716/2656/2270 1824/2653/2267 1823/2657/2271
f 1716/2656/2270 1823/2657/2271 1715/2658/2272
f 1715/2658/2272 1823/2657/2271 1714/2659/2273
f 1714/2659/2273 1823/2657/2271 1822/2640/2256
f 1714/2659/2273 1822/2640/2256 1713/2639/2255
f 1718/2654/2268 1554/2660/1962 1553/2652/1961
f 1552/2651/2038 1551/2661/2037 1719/2649/2265
f 1721/2647/2263 1722/2662/2274 1819/2645/2261
f 1819/2645/2261 1722/2662/2274 1723/2643/2259
f 1815/2630/2247 1724/2642/2258 1813/2631/2248
f 1813/2631/2248 1724/2642/2258 1725/2663/2275
f 1813/2631/2248 1725/2663/2275 1811/2632/2249
f 1811/2632/2249 1725/2663/2275 1726/2664/2276
f 1811/2632/2249 1726/2664/2276 1809/2633/2250
f 1809/2633/2250 1726/2664/2276 1727/2665/2277
f 1809/2633/2250 1727/2665/2277 1744/2634/2251
f 1744/2634/2251 1727/2665/2277 1728/2666/2278
f 1744/2635/2251 1728/2667/2278 1729/2637/2253
f 1807/2636/2252 1730/2638/2254 1805/2668/2279
f 1805/2668/2279 1730/2638/2254 1731/2669/2280
f 1805/2668/2279 1731/2669/2280 1801/2670/2281
f 1801/2670/2281 1731/2669/2280 1732/2671/2282
f 1801/2670/2281 1732/2671/2282 1796/2672/2283
f 1796/2672/2283 1732/2671/2282 1797/2673/2284
f 1796/2672/2283 1797/2673/2284 1791/2674/2285
f 1791/2674/2285 1797/2673/2284 1792/2675/2286
f 1791/2674/2285 1792/2675/2286 1742/2676/2287
f 1742/2676/2287 1792/2675/2286 1741/2677/2288
f 1741/2677/2288 1792/2675/2286 1793/2678/2289
f 1741/2677/2288 1793/2678/2289 1740/2679/2290
f 1740/2679/2290 1793/2678/2289 1739/2680/2291
f 1739/2680/2291 1793/2678/2289 1794/2681/2292
f 1739/2680/2291 1794/2681/2292 1738/2682/2293
f 1738/2682/2293 1794/2681/2292 1737/2683/2294
f 1737/2683/2294 1794/2681/2292 1533/2684/2033
f 1737/2683/2294 1533/2684/2033 1532/2685/2032
f 1732/2671/2282 1733/2686/2295 1797/2673/2284
f 1797/2673/2284 1733/2686/2295 1798/2687/2296
f 1797/2673/2284 1798/2687/2296 1792/2675/2286
f 1792/2675/2286 1798/2687/2296 1793/2678/2289
f 1798/2687/2296 1733/2686/2295 1802/2688/2297
f 1802/2688/2297 1733/2686/2295 1734/2689/2298
f 1802/2688/2297 1734/2689/2298 1735/2690/2299
f 1802/2688/2297 1735/2690/2299 1803/2691/2300
f 1803/2691/2300 1735/2690/2299 1736/2692/2301
f 1803/2691/2300 1736/2692/2301 1535/2693/1981
f 1535/2693/1981 1534/2694/1980 1803/2691/2300
f 1803/2691/2300 1534/2694/1980 1799/2695/2302
f 1803/2691/2300 1799/2695/2302 1798/2687/2296
f 1798/2687/2296 1799/2695/2302 1793/2678/2289
f 1534/2694/1980 1533/2684/2033 1799/2695/2302
f 1799/2695/2302 1533/2684/2033 1794/2681/2292
f 1799/2695/2302 1794/2681/2292 1793/2678/2289
f 1742/2676/2287 1649/2507/2136 1791/2674/2285
f 1791/2674/2285 1649/2507/2136 1790/2476/2105
f 1791/2674/2285 1790/2476/2105 1796/2672/2283
f 1796/2672/2283 1790/2476/2105 1795/2474/2103
f 1796/2672/2283 1795/2474/2103 1800/2472/2101
f 1806/2468/2097 1743/2467/2095 1807/2636/2252
f 1806/2468/2097 1807/2636/2252 1805/2668/2279
f 1749/2559/2184 1750/2562/2187 1752/2569/2191
f 1756/2504/2133 1757/2554/2179 1674/2553/2178
f 1758/2502/2131 1759/2552/2177 1673/2551/2176
f 1760/2500/2129 1761/2550/2175 1672/2549/2174
f 1762/2498/2127 1763/2548/2173 1671/2547/2172
f 1764/2496/2125 1765/2546/2171 1670/2545/2170
f 1766/2494/2123 1767/2544/2169 1669/2543/2168
f 1777/2525/2154 1771/2532/2158 1776/2522/2151
f 1801/2670/2281 1796/2672/2283 1800/2472/2101
f 1802/2688/2297 1803/2691/2300 1798/2687/2296
f 1805/2668/2279 1801/2670/2281 1804/2470/2099
f 1804/2470/2099 1801/2670/2281 1800/2472/2101
f 1806/2468/2097 1805/2668/2279 1804/2470/2099
f 1824/2653/2267 1745/2650/2266 1817/2644/2260
f 1817/2644/2260 1745/2650/2266 1818/2646/2262
f 1822/2640/2256 1823/2657/2271 1816/2641/2257
f 1816/2641/2257 1823/2657/2271 1817/2644/2260
f 1823/2657/2271 1824/2653/2267 1817/2644/2260
f 1825/2452/2083 1826/2627/2244 1820/2454/2085
f 1829/2448/2079 1830/2623/2240 1827/2450/2081
f 1833/2444/2075 1834/2619/2236 1831/2446/2077
f 1835/2442/2073 1837/2440/2071 1838/2615/2232
f 1838/2615/2232 1837/2440/2071 1843/2593/2214
f 1838/2615/2232 1843/2593/2214 1844/2594/2215
f 1842/2438/2069 1843/2593/2214 1837/2440/2071
f 1838/2615/2232 1844/2594/2215 1839/2613/2230
f 1839/2613/2230 1844/2594/2215 1845/2596/2217
f 1839/2613/2230 1845/2596/2217 1840/2610/2227
f 1840/2610/2227 1845/2596/2217 1846/2599/2220
f 1840/2610/2227 1846/2599/2220 1841/2604/2223
f 1847/2436/2067 1848/2591/2212 1693/2590/2211
f 1849/2434/2065 1850/2589/2210 1692/2588/2209
f 1851/2432/2063 1852/2587/2208 1691/2586/2207
f 1853/2430/2061 1854/2585/2206 1690/2584/2205
f 1855/2428/2059 1856/2583/2204 1689/2582/2203
f 1857/2426/2057 1858/2581/2202 1688/2580/2201
f 1860/2696/2303 1608/2697/2054 1859/2698/2304
f 1859/2698/2304 1608/2697/2054 1648/2699/2056
f 1859/2698/2304 1648/2699/2056 1899/2700/2305
f 1899/2700/2305 1648/2699/2056 1647/2701/2058
f 1899/2700/2305 1647/2701/2058 1898/2702/2306
f 1898/2702/2306 1647/2701/2058 1646/2703/2060
f 1898/2702/2306 1646/2703/2060 1897/2704/2307
f 1897/2704/2307 1646/2703/2060 1645/2705/2062
f 1897/2704/2307 1645/2705/2062 1896/2706/2308
f 1896/2706/2308 1645/2705/2062 1644/2707/2064
f 1896/2706/2308 1644/2707/2064 1895/2708/2309
f 1895/2708/2309 1644/2707/2064 1643/2709/2066
f 1895/2708/2309 1643/2709/2066 1894/2710/2310
f 1894/2710/2310 1643/2709/2066 1642/2711/2068
f 1894/2710/2310 1642/2711/2068 1893/2712/2311
f 1893/2712/2311 1642/2711/2068 1641/2713/2070
f 1893/2712/2311 1641/2713/2070 1892/2714/2312
f 1892/2714/2312 1641/2713/2070 1640/2715/2072
f 1892/2714/2312 1640/2715/2072 1891/2716/2313
f 1891/2716/2313 1640/2715/2072 1639/2717/2074
f 1891/2716/2313 1639/2717/2074 1890/2718/2314
f 1890/2718/2314 1639/2717/2074 1638/2719/2076
f 1890/2718/2314 1638/2719/2076 1889/2720/2315
f 1889/2720/2315 1638/2719/2076 1637/2721/2078
f 1889/2720/2315 1637/2721/2078 1888/2722/2316
f 1888/2722/2316 1637/2721/2078 1636/2723/2080
f 1888/2722/2316 1636/2723/2080 1887/2724/2317
f 1887/2724/2317 1636/2723/2080 1635/2725/2082
f 1887/2724/2317 1635/2725/2082 1886/2726/2318
f 1886/2726/2318 1635/2725/2082 1634/2727/2084
f 1886/2726/2318 1634/2727/2084 1885/2728/2319
f 1885/2728/2319 1634/2727/2084 1633/2729/2086
f 1885/2728/2319 1633/2729/2086 1884/2730/2320
f 1884/2730/2320 1633/2729/2086 1632/2731/2088
f 1884/2730/2320 1632/2731/2088 1883/2732/2321
f 1883/2732/2321 1632/2731/2088 1631/2733/2090
f 1883/2732/2321 1631/2733/2090 1882/2734/2322
f 1882/2734/2322 1631/2733/2090 1630/2735/2092
f 1882/2734/2322 1630/2735/2092 1881/2736/2323
f 1881/2736/2323 1630/2735/2092 1629/2737/2094
f 1881/2736/2323 1629/2737/2094 1880/2738/2324
f 1880/2739/2324 1629/2740/2094 1628/2741/2096
f 1880/2739/2324 1628/2741/2096 1879/2742/2325
f 1879/2742/2325 1628/2741/2096 1627/2743/2098
f 1879/2742/2325 1627/2743/2098 1878/2744/2326
f 1878/2744/2326 1627/2743/2098 1626/2745/2100
f 1878/2744/2326 1626/2745/2100 1877/2746/2327
f 1877/2746/2327 1626/2745/2100 1625/2747/2102
f 1877/2746/2327 1625/2747/2102 1876/2748/2328
f 1876/2748/2328 1625/2747/2102 1624/2749/2104
f 1876/2748/2328 1624/2749/2104 1875/2750/2329
f 1875/2750/2329 1624/2749/2104 1623/2751/2106
f 1875/2750/2329 1623/2751/2106 1874/2752/2330
f 1874/2752/2330 1623/2751/2106 1622/2753/2108
f 1874/2752/2330 1622/2753/2108 1873/2754/2331
f 1873/2754/2331 1622/2753/2108 1621/2755/2110
f 1873/2754/2331 1621/2755/2110 1872/2756/2332
f 1872/2756/2332 1621/2755/2110 1620/2757/2112
f 1872/2756/2332 1620/2757/2112 1871/2758/2333
f 1871/2758/2333 1620/2757/2112 1619/2759/2114
f 1871/2758/2333 1619/2759/2114 1870/2760/2334
f 1870/2760/2334 1619/2759/2114 1618/2761/2116
f 1870/2760/2334 1618/2761/2116 1869/2762/2335
f 1869/2762/2335 1618/2761/2116 1617/2763/2118
f 1869/2762/2335 1617/2763/2118 1868/2764/2336
f 1868/2764/2336 1617/2763/2118 1616/2765/2120
f 1868/2764/2336 1616/2765/2120 1867/2766/2337
f 1867/2766/2337 1616/2765/2120 1615/2767/2122
f 1867/2766/2337 1615/2767/2122 1866/2768/2338
f 1866/2768/2338 1615/2767/2122 1614/2769/2124
f 1866/2768/2338 1614/2769/2124 1865/2770/2339
f 1865/2770/2339 1614/2769/2124 1613/2771/2126
f 1865/2770/2339 1613/2771/2126 1864/2772/2340
f 1864/2772/2340 1613/2771/2126 1612/2773/2128
f 1864/2772/2340 1612/2773/2128 1863/2774/2341
f 1863/2774/2341 1612/2773/2128 1611/2775/2130
f 1863/2774/2341 1611/2775/2130 1862/2776/2342
f 1862/2776/2342 1611/2775/2130 1610/2777/2132
f 1862/2776/2342 1610/2777/2132 1861/2778/2343
f 1861/2778/2343 1610/2777/2132 1609/2779/2052
f 1861/2778/2343 1609/2779/2052 1860/2696/2303
f 1860/2696/2303 1609/2779/2052 1608/2697/2054
f 1941/2780/2344 1900/2781/2345 1859/2782/2346
f 1859/2782/2346 1900/2781/2345 1901/2783/2347
f 1859/2782/2346 1901/2783/2347 1860/2784/2348
f 1860/2784/2348 1901/2783/2347 1902/2785/2349
f 1860/2784/2348 1902/2785/2349 1861/2786/2350
f 1861/2786/2350 1902/2785/2349 1903/2787/2351
f 1861/2786/2350 1903/2787/2351 1862/2788/2352
f 1862/2788/2352 1903/2787/2351 1904/2789/2353
f 1862/2788/2352 1904/2789/2353 1863/2790/2354
f 1863/2790/2354 1904/2789/2353 1905/2791/2355
f 1863/2790/2354 1905/2791/2355 1864/2792/2356
f 1864/2792/2356 1905/2791/2355 1906/2793/2357
f 1864/2792/2356 1906/2793/2357 1865/2794/2358
f 1865/2794/2358 1906/2793/2357 1907/2795/2359
f 1865/2794/2358 1907/2795/2359 1866/2796/2360
f 1866/2796/2360 1907/2795/2359 1908/2797/2361
f 1866/2796/2360 1908/2797/2361 1867/2798/2362
f 1867/2798/2362 1908/2797/2361 1909/2799/2363
f 1867/2798/2362 1909/2799/2363 1868/2800/2364
f 1868/2800/2364 1909/2799/2363 1910/2801/2365
f 1868/2800/2364 1910/2801/2365 1869/2802/2366
f 1869/2802/2366 1910/2801/2365 1911/2803/2367
f 1869/2802/2366 1911/2803/2367 1870/2804/2368
f 1870/2804/2368 1911/2803/2367 1912/2805/2369
f 1870/2804/2368 1912/2805/2369 1871/2806/2370
f 1871/2806/2370 1912/2805/2369 1913/2807/2371
f 1871/2806/2370 1913/2807/2371 1872/2808/2372
f 1872/2808/2372 1913/2807/2371 1914/2809/2373
f 1872/2808/2372 1914/2809/2373 1873/2810/2374
f 1873/2810/2374 1914/2809/2373 1915/2811/2375
f 1873/2810/2374 1915/2811/2375 1874/2812/2376
f 1874/2812/2376 1915/2811/2375 1916/2813/2377
f 1874/2812/2376 1916/2813/2377 1875/2814/2378
f 1875/2814/2378 1916/2813/2377 1917/2815/2379
f 1875/2814/2378 1917/2815/2379 1876/2816/2380
f 1876/2816/2380 1917/2815/2379 1918/2817/2381
f 1876/2816/2380 1918/2817/2381 1877/2818/2382
f 1877/2818/2382 1918/2817/2381 1919/2819/2383
f 1877/2818/2382 1919/2819/2383 1878/2820/2384
f 1878/2820/2384 1919/2819/2383 1920/2821/2385
f 1878/2820/2384 1920/2821/2385 1879/2822/2386
f 1879/2822/2386 1920/2821/2385 1921/2823/2387
f 1879/2822/2386 1921/2823/2387 1880/2824/2388
f 1880/2824/2388 1921/2823/2387 1922/2825/2389
f 1880/2824/2388 1922/2825/2389 1881/2826/2390
f 1881/2826/2390 1922/2825/2389 1923/2827/2391
f 1881/2826/2390 1923/2827/2391 1882/2828/2392
f 1882/2828/2392 1923/2827/2391 1924/2829/2393
f 1882/2828/2392 1924/2829/2393 1883/2830/2394
f 1883/2830/2394 1924/2829/2393 1925/2831/2395
f 1883/2830/2394 1925/2831/2395 1884/2832/2396
f 1884/2832/2396 1925/2831/2395 1926/2833/2397
f 1884/2832/2396 1926/2833/2397 1885/2834/2398
f 1885/2834/2398 1926/2833/2397 1927/2835/2399
f 1885/2834/2398 1927/2835/2399 1886/2836/2400
f 1886/2836/2400 1927/2835/2399 1928/2837/2401
f 1886/2836/2400 1928/2837/2401 1887/2838/2402
f 1887/2838/2402 1928/2837/2401 1929/2839/2403
f 1887/2838/2402 1929/2839/2403 1888/2840/2404
f 1888/2840/2404 1929/2839/2403 1930/2841/2405
f 1888/2840/2404 1930/2841/2405 1889/2842/2406
f 1889/2842/2406 1930/2841/2405 1931/2843/2407
f 1889/2842/2406 1931/2843/2407 1890/2844/2408
f 1890/2844/2408 1931/2843/2407 1932/2845/2409
f 1890/2844/2408 1932/2845/2409 1891/2846/2410
f 1891/2846/2410 1932/2845/2409 1933/2847/2411
f 1891/2846/2410 1933/2847/2411 1892/2848/2412
f 1892/2848/2412 1933/2847/2411 1934/2849/2413
f 1892/2848/2412 1934/2849/2413 1893/2850/2414
f 1893/2850/2414 1934/2849/2413 1935/2851/2415
f 1893/2850/2414 1935/2851/2415 1894/2852/2416
f 1894/2852/2416 1935/2851/2415 1936/2853/2417
f 1894/2852/2416 1936/2853/2417 1895/2854/2418
f 1895/2854/2418 1936/2853/2417 1937/2855/2419
f 1895/2854/2418 1937/2855/2419 1896/2856/2420
f 1896/2856/2420 1937/2855/2419 1938/2857/2421
f 1896/2856/2420 1938/2857/2421 1897/2858/2422
f 1897/2858/2422 1938/2857/2421 1939/2859/2423
f 1897/2858/2422 1939/2859/2423 1898/2860/2424
f 1898/2860/2424 1939/2859/2423 1940/2861/2425
f 1898/2860/2424 1940/2861/2425 1899/2862/2426
f 1899/2862/2426 1940/2861/2425 1941/2780/2344
f 1899/2862/2426 1941/2780/2344 1859/2782/2346
f 1943/2863/2427 1901/2864/2428 1942/2865/2429
f 1942/2865/2429 1901/2864/2428 1900/2866/2430
f 1942/2865/2429 1900/2866/2430 1983/2867/2431
f 1983/2867/2431 1900/2866/2430 1941/2868/2432
f 1983/2867/2431 1941/2868/2432 1982/2869/2433
f 1982/2869/2433 1941/2868/2432 1940/2870/2434
f 1982/2869/2433 1940/2870/2434 1981/2871/2435
f 1981/2871/2435 1940/2870/2434 1939/2872/2436
f 1981/2871/2435 1939/2872/2436 1980/2873/2437
f 1980/2873/2437 1939/2872/2436 1938/2874/2438
f 1980/2873/2437 1938/2874/2438 1979/2875/2439
f 1979/2875/2439 1938/2874/2438 1937/2876/2440
f 1979/2875/2439 1937/2876/2440 1978/2877/2441
f 1978/2877/2441 1937/2876/2440 1936/2878/2442
f 1978/2877/2441 1936/2878/2442 1977/2879/2443
f 1977/2879/2443 1936/2878/2442 1935/2880/2444
f 1977/2879/2443 1935/2880/2444 1976/2881/2445
f 1976/2881/2445 1935/2880/2444 1934/2882/2446
f 1976/2881/2445 1934/2882/2446 1975/2883/2447
f 1975/2883/2447 1934/2882/2446 1933/2884/2448
f 1975/2883/2447 1933/2884/2448 1974/2885/2449
f 1974/2885/2449 1933/2884/2448 1932/2886/2450
f 1974/2885/2449 1932/2886/2450 1973/2887/2451
f 1973/2887/2451 1932/2886/2450 1931/2888/2452
f 1973/2887/2451 1931/2888/2452 1972/2889/2453
f 1972/2889/2453 1931/2888/2452 1930/2890/2454
f 1972/2889/2453 1930/2890/2454 1971/2891/2455
f 1971/2891/2455 1930/2890/2454 1929/2892/2456
f 1971/2891/2455 1929/2892/2456 1970/2893/2457
f 1970/2893/2457 1929/2892/2456 1928/2894/2458
f 1970/2893/2457 1928/2894/2458 1969/2895/2459
f 1969/2895/2459 1928/2894/2458 1927/2896/2460
f 1969/2895/2459 1927/2896/2460 1968/2897/2461
f 1968/2897/2461 1927/2896/2460 1926/2898/2462
f 1968/2897/2461 1926/2898/2462 1967/2899/2463
f 1967/2899/2463 1926/2898/2462 1925/2900/2464
f 1967/2899/2463 1925/2900/2464 1966/2901/2465
f 1966/2901/2465 1925/2900/2464 1924/2902/2466
f 1966/2901/2465 1924/2902/2466 1965/2903/2467
f 1965/2903/2467 1924/2902/2466 1923/2904/2468
f 1965/2903/2467 1923/2904/2468 1964/2905/2469
f 1964/2905/2469 1923/2904/2468 1922/2906/2470
f 1964/2905/2469 1922/2906/2470 1963/2907/2471
f 1963/2907/2471 1922/2906/2470 1921/2908/2472
f 1963/2909/2471 1921/2910/2472 1962/2911/2473
f 1962/2911/2473 1921/2910/2472 1920/2912/2474
f 1962/2911/2473 1920/2912/2474 1961/2913/2475
f 1961/2913/2475 1920/2912/2474 1919/2914/2476
f 1961/2913/2475 1919/2914/2476 1960/2915/2477
f 1960/2915/2477 1919/2914/2476 1918/2916/2478
f 1960/2915/2477 1918/2916/2478 1959/2917/2479
f 1959/2917/2479 1918/2916/2478 1917/2918/2480
f 1959/2917/2479 1917/2918/2480 1958/2919/2481
f 1958/2919/2481 1917/2918/2480 1916/2920/2482
f 1958/2919/2481 1916/2920/2482 1957/2921/2483
f 1957/2921/2483 1916/2920/2482 1915/2922/2484
f 1957/2921/2483 1915/2922/2484 1956/2923/2485
f 1956/2923/2485 1915/2922/2484 1914/2924/2486
f 1956/2923/2485 1914/2924/2486 1955/2925/2487
f 1955/2925/2487 1914/2924/2486 1913/2926/2488
f 1955/2925/2487 1913/2926/2488 1954/2927/2489
f 1954/2927/2489 1913/2926/2488 1912/2928/2490
f 1954/2927/2489 1912/2928/2490 1953/2929/2491
f 1953/2929/2491 1912/2928/2490 1911/2930/2492
f 1953/2929/2491 1911/2930/2492 1952/2931/2493
f 1952/2931/2493 1911/2930/2492 1910/2932/2494
f 1952/2931/2493 1910/2932/2494 1951/2933/2495
f 1951/2933/2495 1910/2932/2494 1909/2934/2496
f 1951/2933/2495 1909/2934/2496 1950/2935/2497
f 1950/2935/2497 1909/2934/2496 1908/2936/2498
f 1950/2935/2497 1908/2936/2498 1949/2937/2499
f 1949/2937/2499 1908/2936/2498 1907/2938/2500
f 1949/2937/2499 1907/2938/2500 1948/2939/2501
f 1948/2939/2501 1907/2938/2500 1906/2940/2502
f 1948/2939/2501 1906/2940/2502 1947/2941/2503
f 1947/2941/2503 1906/2940/2502 1905/2942/2504
f 1947/2941/2503 1905/2942/2504 1946/2943/2505
f 1946/2943/2505 1905/2942/2504 1904/2944/2506
f 1946/2943/2505 1904/2944/2506 1945/2945/2507
f 1945/2945/2507 1904/2944/2506 1903/2946/2508
f 1945/2945/2507 1903/2946/2508 1944/2947/2509
f 1944/2947/2509 1903/2946/2508 1902/2948/2510
f 1944/2947/2509 1902/2948/2510 1943/2863/2427
f 1943/2863/2427 1902/2948/2510 1901/2864/2428
f 1984/2949/2511 1985/2950/2512 2148/2951/2513
f 2148/2951/2513 1985/2950/2512 2154/2952/2514
f 2148/2951/2513 2154/2952/2514 2147/2953/2515
f 2147/2953/2515 2154/2952/2514 2146/2954/2516
f 2146/2954/2516 2154/2952/2514 2155/2955/2517
f 2146/2954/2516 2155/2955/2517 2145/2956/2518
f 2145/2956/2518 2155/2955/2517 2144/2957/2519
f 2144/2957/2519 2155/2955/2517 2156/2958/2520
f 2144/2957/2519 2156/2958/2520 2143/2959/2521
f 2143/2959/2521 2156/2958/2520 2142/2960/2522
f 2142/2960/2522 2156/2958/2520 2141/2961/2523
f 2141/2961/2523 2156/2958/2520 2157/2962/2524
f 2141/2961/2523 2157/2962/2524 2140/2963/2525
f 2140/2963/2525 2157/2962/2524 2139/2964/2526
f 2139/2964/2526 2157/2962/2524 2160/2965/2527
f 2139/2964/2526 2160/2965/2527 2138/2966/2528
f 2138/2966/2528 2160/2965/2527 2137/2967/2529
f 2137/2967/2529 2160/2965/2527 2136/2968/2530
f 2136/2968/2530 2160/2965/2527 2266/2969/2531
f 2136/2968/2530 2266/2969/2531 2135/2970/2532
f 2135/2970/2532 2266/2969/2531 2264/2971/2533
f 2135/2970/2532 2264/2971/2533 2134/2972/2534
f 2134/2972/2534 2264/2971/2533 2262/2973/2535
f 2134/2972/2534 2262/2973/2535 2133/2974/2536
f 2133/2974/2536 2262/2973/2535 2260/2975/2537
f 2133/2974/2536 2260/2975/2537 2132/2976/2538
f 2132/2976/2538 2260/2975/2537 2258/2977/2539
f 2132/2976/2538 2258/2977/2539 2131/2978/2540
f 2131/2978/2540 2258/2977/2539 2256/2979/2541
f 2131/2978/2540 2256/2979/2541 2130/2980/2542
f 2130/2980/2542 2256/2979/2541 2129/2981/2543
f 2129/2981/2543 2256/2979/2541 2255/2982/2544
f 2129/2981/2543 2255/2982/2544 2128/2983/2545
f 2128/2983/2545 2255/2982/2544 2127/2984/2546
f 2127/2984/2546 2255/2982/2544 2126/2985/2547
f 2126/2985/2547 2255/2982/2544 2125/2986/2548
f 2125/2986/2548 2255/2982/2544 2124/2987/2549
f 2124/2987/2549 2255/2982/2544 2254/2988/2550
f 2124/2987/2549 2254/2988/2550 2123/2989/2551
f 2123/2989/2551 2254/2988/2550 2122/2990/2552
f 2122/2990/2552 2254/2988/2550 2253/2991/2553
f 2122/2990/2552 2253/2991/2553 2121/2992/2554
f 2121/2992/2554 2253/2991/2553 2120/2993/2555
f 2120/2993/2555 2253/2991/2553 2118/2994/2556
f 2120/2993/2555 2118/2994/2556 2119/2995/2557
f 1985/2950/2512 1986/2996/2558 2154/2952/2514
f 2154/2952/2514 1986/2996/2558 2161/2997/2559
f 2154/2952/2514 2161/2997/2559 2162/2998/2560
f 2162/2998/2560 2161/2997/2559 1990/2999/2561
f 2162/2998/2560 1990/2999/2561 1991/3000/2562
f 1987/3001/2563 1988/3002/2564 1986/2996/2558
f 1986/2996/2558 1988/3002/2564 2161/2997/2559
f 1988/3002/2564 1989/3003/2565 2161/2997/2559
f 2161/2997/2559 1989/3003/2565 1990/2999/2561
f 1991/3000/2562 1992/3004/2566 2162/2998/2560
f 2162/2998/2560 1992/3004/2566 2163/3005/2567
f 2162/2998/2560 2163/3005/2567 2155/2955/2517
f 2155/2955/2517 2163/3005/2567 2156/2958/2520
f 1992/3004/2566 1993/3006/2568 2163/3005/2567
f 2163/3005/2567 1993/3006/2568 1994/3007/2569
f 2163/3005/2567 1994/3007/2569 1995/3008/2570
f 1995/3008/2570 1996/3009/2571 2163/3005/2567
f 2163/3005/2567 1996/3009/2571 1997/3010/2572
f 2163/3005/2567 1997/3010/2572 2164/3011/2573
f 2164/3011/2573 1997/3010/2572 2166/3012/2574
f 2164/3011/2573 2166/3012/2574 2167/3013/2575
f 2167/3013/2575 2166/3012/2574 2169/3014/2576
f 2167/3013/2575 2169/3014/2576 1953/3015/2491
f 1953/3015/2491 2169/3014/2576 1954/3016/2489
f 1954/3016/2489 2169/3014/2576 2171/3017/2577
f 1954/3016/2489 2171/3017/2577 1955/3018/2487
f 1955/3018/2487 2171/3017/2577 2173/3019/2578
f 1955/3018/2487 2173/3019/2578 1956/3020/2485
f 1956/3020/2485 2173/3019/2578 2175/3021/2579
f 1956/3020/2485 2175/3021/2579 1957/3022/2483
f 1957/3022/2483 2175/3021/2579 2177/3023/2580
f 1957/3022/2483 2177/3023/2580 1958/3024/2481
f 1958/3024/2481 2177/3023/2580 2181/3025/2581
f 1958/3024/2481 2181/3025/2581 1959/3026/2479
f 1959/3026/2479 2181/3025/2581 2186/3027/2582
f 1959/3026/2479 2186/3027/2582 2189/3028/2583
f 2189/3028/2583 2186/3027/2582 2188/3029/2584
f 2189/3028/2583 2188/3029/2584 2190/3030/2585
f 2190/3030/2585 2188/3029/2584 2032/3031/2586
f 2190/3030/2585 2032/3031/2586 2033/3032/2587
f 1997/3010/2572 1998/3033/2588 2166/3012/2574
f 2166/3012/2574 1998/3033/2588 1999/3034/2589
f 2166/3012/2574 1999/3034/2589 2000/3035/2590
f 2166/3012/2574 2000/3035/2590 2168/3036/2591
f 2168/3036/2591 2000/3035/2590 2001/3037/2592
f 2168/3036/2591 2001/3037/2592 2170/3038/2593
f 2170/3038/2593 2001/3037/2592 2002/3039/2594
f 2170/3038/2593 2002/3039/2594 2172/3040/2595
f 2172/3040/2595 2002/3039/2594 2003/3041/2596
f 2172/3040/2595 2003/3041/2596 2174/3042/2597
f 2174/3042/2597 2003/3041/2596 2004/3043/2598
f 2174/3042/2597 2004/3043/2598 2176/3044/2599
f 2176/3044/2599 2004/3043/2598 2005/3045/2600
f 2176/3044/2599 2005/3045/2600 2180/3046/2601
f 2180/3046/2601 2005/3045/2600 2006/3047/2602
f 2180/3046/2601 2006/3047/2602 2007/3048/2603
f 2007/3048/2603 2008/3049/2604 2180/3046/2601
f 2180/3046/2601 2008/3049/2604 2009/3050/2605
f 2180/3046/2601 2009/3050/2605 2179/3051/2606
f 2179/3051/2606 2009/3050/2605 2010/3052/2607
f 2179/3051/2606 2010/3052/2607 2011/3053/2608
f 2011/3053/2608 2012/3054/2609 2179/3051/2606
f 2179/3051/2606 2012/3054/2609 2178/3055/2610
f 2179/3051/2606 2178/3055/2610 2184/3056/2611
f 2184/3056/2611 2178/3055/2610 2183/3057/2612
f 2184/3056/2611 2183/3057/2612 2025/3058/2613
f 2025/3058/2613 2183/3057/2612 2024/3059/2614
f 2024/3059/2614 2183/3057/2612 2023/3060/2615
f 2023/3060/2615 2183/3057/2612 2182/3061/2616
f 2023/3060/2615 2182/3061/2616 2022/3062/2617
f 2022/3062/2617 2182/3061/2616 2021/3063/2618
f 2021/3063/2618 2182/3061/2616 2019/3064/2619
f 2021/3063/2618 2019/3064/2619 2020/3065/2620
f 2012/3054/2609 2013/3066/2621 2178/3055/2610
f 2178/3055/2610 2013/3066/2621 2014/3067/2622
f 2178/3055/2610 2014/3067/2622 2151/3068/2623
f 2151/3068/2623 2014/3067/2622 2015/3069/2624
f 2151/3068/2623 2015/3069/2624 2016/3070/2625
f 2017/3071/2626 2018/3072/2627 2016/3070/2625
f 2016/3070/2625 2018/3072/2627 2151/3068/2623
f 2151/3068/2623 2018/3072/2627 2182/3061/2616
f 2182/3061/2616 2018/3072/2627 2019/3064/2619
f 2184/3056/2611 2025/3058/2613 2187/3073/2628
f 2187/3073/2628 2025/3058/2613 2026/3074/2629
f 2187/3073/2628 2026/3074/2629 2027/3075/2630
f 2027/3075/2630 2028/3076/2631 2187/3073/2628
f 2187/3073/2628 2028/3076/2631 2188/3029/2584
f 2187/3073/2628 2188/3029/2584 2185/3077/2632
f 2185/3077/2632 2188/3029/2584 2186/3027/2582
f 2185/3077/2632 2186/3027/2582 2180/3046/2601
f 2180/3046/2601 2186/3027/2582 2181/3025/2581
f 2180/3046/2601 2181/3025/2581 2176/3044/2599
f 2176/3044/2599 2181/3025/2581 2177/3023/2580
f 2176/3044/2599 2177/3023/2580 2174/3042/2597
f 2174/3042/2597 2177/3023/2580 2175/3021/2579
f 2174/3042/2597 2175/3021/2579 2172/3040/2595
f 2172/3040/2595 2175/3021/2579 2173/3019/2578
f 2172/3040/2595 2173/3019/2578 2170/3038/2593
f 2170/3038/2593 2173/3019/2578 2171/3017/2577
f 2170/3038/2593 2171/3017/2577 2168/3036/2591
f 2168/3036/2591 2171/3017/2577 2169/3014/2576
f 2168/3036/2591 2169/3014/2576 2166/3012/2574
f 2028/3076/2631 2029/3078/2633 2188/3029/2584
f 2188/3029/2584 2029/3078/2633 2030/3079/2634
f 2188/3029/2584 2030/3079/2634 2031/3080/2635
f 2031/3080/2635 2032/3031/2586 2188/3029/2584
f 2190/3030/2585 2033/3032/2587 2192/3081/2636
f 2192/3081/2636 2033/3032/2587 2034/3082/2637
f 2192/3081/2636 2034/3082/2637 2149/3083/2638
f 2149/3083/2638 2034/3082/2637 2035/3084/2639
f 2149/3085/2638 2035/3086/2639 2036/3087/2640
f 2149/3085/2638 2036/3087/2640 2194/3088/2641
f 2194/3088/2641 2036/3087/2640 2037/3089/2642
f 2194/3088/2641 2037/3089/2642 2196/3090/2643
f 2196/3090/2643 2037/3089/2642 2038/3091/2644
f 2196/3090/2643 2038/3091/2644 2199/3092/2645
f 2199/3092/2645 2038/3091/2644 2039/3093/2646
f 2199/3092/2645 2039/3093/2646 2040/3094/2647
f 2040/3094/2647 2041/3095/2648 2199/3092/2645
f 2199/3092/2645 2041/3095/2648 2042/3096/2649
f 2199/3092/2645 2042/3096/2649 2198/3097/2650
f 2198/3097/2650 2042/3096/2649 2043/3098/2651
f 2198/3097/2650 2043/3098/2651 2044/3099/2652
f 2198/3097/2650 2044/3099/2652 2203/3100/2653
f 2203/3100/2653 2044/3099/2652 2045/3101/2654
f 2203/3100/2653 2045/3101/2654 2202/3102/2655
f 2202/3102/2655 2045/3101/2654 2046/3103/2656
f 2202/3102/2655 2046/3103/2656 2047/3104/2657
f 2202/3102/2655 2047/3104/2657 2201/3105/2658
f 2201/3105/2658 2047/3104/2657 2048/3106/2659
f 2201/3105/2658 2048/3106/2659 2049/3107/2660
f 2050/3108/2661 2051/3109/2662 2049/3107/2660
f 2049/3107/2660 2051/3109/2662 2201/3105/2658
f 2051/3109/2662 2052/3110/2663 2201/3105/2658
f 2201/3105/2658 2052/3110/2663 2206/3111/2664
f 2201/3105/2658 2206/3111/2664 2207/3112/2665
f 2207/3112/2665 2206/3111/2664 2056/3113/2666
f 2207/3112/2665 2056/3113/2666 2057/3114/2667
f 2053/3115/2668 2054/3116/2669 2052/3110/2663
f 2052/3110/2663 2054/3116/2669 2206/3111/2664
f 2054/3116/2669 2055/3117/2670 2206/3111/2664
f 2206/3111/2664 2055/3117/2670 2056/3113/2666
f 2057/3114/2667 2058/3118/2671 2207/3112/2665
f 2207/3112/2665 2058/3118/2671 2208/3119/2672
f 2207/3112/2665 2208/3119/2672 2202/3102/2655
f 2202/3102/2655 2208/3119/2672 2203/3100/2653
f 2058/3118/2671 2059/3120/2673 2208/3119/2672
f 2208/3119/2672 2059/3120/2673 2060/3121/2674
f 2208/3119/2672 2060/3121/2674 2061/3122/2675
f 2061/3122/2675 2062/3123/2676 2208/3119/2672
f 2208/3119/2672 2062/3123/2676 2063/3124/2677
f 2208/3119/2672 2063/3124/2677 2209/3125/2678
f 2209/3125/2678 2063/3124/2677 2064/3126/2679
f 2209/3125/2678 2064/3126/2679 2211/3127/2680
f 2211/3127/2680 2064/3126/2679 2065/3128/2681
f 2211/3127/2680 2065/3128/2681 2066/3129/2682
f 2211/3127/2680 2066/3129/2682 2213/3130/2683
f 2213/3130/2683 2066/3129/2682 2067/3131/2684
f 2213/3130/2683 2067/3131/2684 2215/3132/2685
f 2215/3132/2685 2067/3131/2684 2068/3133/2686
f 2215/3132/2685 2068/3133/2686 2217/3134/2687
f 2217/3134/2687 2068/3133/2686 2069/3135/2688
f 2217/3134/2687 2069/3135/2688 2219/3136/2689
f 2219/3136/2689 2069/3135/2688 2070/3137/2690
f 2219/3136/2689 2070/3137/2690 2221/3138/2691
f 2221/3138/2691 2070/3137/2690 2071/3139/2692
f 2221/3138/2691 2071/3139/2692 2072/3140/2693
f 2221/3138/2691 2072/3140/2693 2225/3141/2694
f 2225/3141/2694 2072/3140/2693 2073/3142/2695
f 2225/3141/2694 2073/3142/2695 2074/3143/2696
f 2074/3143/2696 2075/3144/2697 2225/3141/2694
f 2225/3141/2694 2075/3144/2697 2224/3145/2698
f 2225/3141/2694 2224/3145/2698 2229/3146/2699
f 2229/3146/2699 2224/3145/2698 2228/3147/2700
f 2229/3146/2699 2228/3147/2700 2091/3148/2701
f 2091/3148/2701 2228/3147/2700 2090/3149/2702
f 2090/3149/2702 2228/3147/2700 2089/3150/2703
f 2089/3150/2703 2228/3147/2700 2227/3151/2704
f 2089/3150/2703 2227/3151/2704 2088/3152/2705
f 2088/3152/2705 2227/3151/2704 2087/3153/2706
f 2087/3153/2706 2227/3151/2704 2085/3154/2707
f 2087/3153/2706 2085/3154/2707 2086/3155/2708
f 2075/3144/2697 2076/3156/2709 2224/3145/2698
f 2224/3145/2698 2076/3156/2709 2077/3157/2710
f 2224/3145/2698 2077/3157/2710 2078/3158/2711
f 2224/3145/2698 2078/3158/2711 2223/3159/2712
f 2223/3159/2712 2078/3158/2711 2079/3160/2713
f 2223/3159/2712 2079/3160/2713 2080/3161/2714
f 2223/3159/2712 2080/3161/2714 2153/3162/2715
f 2153/3162/2715 2080/3161/2714 2081/3163/2716
f 2153/3162/2715 2081/3163/2716 2082/3164/2717
f 2083/3165/2718 2084/3166/2719 2082/3164/2717
f 2082/3164/2717 2084/3166/2719 2153/3162/2715
f 2153/3162/2715 2084/3166/2719 2227/3151/2704
f 2227/3151/2704 2084/3166/2719 2085/3154/2707
f 2091/3148/2701 2092/3167/2720 2229/3146/2699
f 2229/3146/2699 2092/3167/2720 2093/3168/2721
f 2229/3146/2699 2093/3168/2721 2230/3169/2722
f 2230/3169/2722 2093/3168/2721 2232/3170/2723
f 2230/3169/2722 2232/3170/2723 2231/3171/2724
f 2231/3171/2724 2232/3170/2723 2233/3172/2725
f 2231/3171/2724 2233/3172/2725 1976/3173/2445
f 1976/3173/2445 2233/3172/2725 1977/3174/2443
f 1977/3174/2443 2233/3172/2725 1978/3175/2441
f 1978/3175/2441 2233/3172/2725 2235/3176/2726
f 1978/3175/2441 2235/3176/2726 1979/3177/2439
f 1979/3177/2439 2235/3176/2726 2237/3178/2727
f 1979/3177/2439 2237/3178/2727 1980/3179/2437
f 1980/3179/2437 2237/3178/2727 2239/3180/2728
f 1980/3179/2437 2239/3180/2728 1981/3181/2435
f 1981/3181/2435 2239/3180/2728 2241/3182/2729
f 1981/3181/2435 2241/3182/2729 1982/3183/2433
f 1982/3183/2433 2241/3182/2729 2243/3184/2730
f 1982/3183/2433 2243/3184/2730 1983/3185/2431
f 1983/3185/2431 2243/3184/2730 2247/3186/2731
f 1983/3185/2431 2247/3186/2731 1942/3187/2429
f 1942/3187/2429 2247/3186/2731 2252/3188/2732
f 1942/3187/2429 2252/3188/2732 1943/3189/2427
f 1943/3189/2427 2252/3188/2732 2257/3190/2733
f 1943/3189/2427 2257/3190/2733 1944/3191/2509
f 1944/3191/2509 2257/3190/2733 2259/3192/2734
f 1944/3191/2509 2259/3192/2734 1945/3193/2507
f 1945/3193/2507 2259/3192/2734 2261/3194/2735
f 1945/3193/2507 2261/3194/2735 1946/3195/2505
f 1946/3195/2505 2261/3194/2735 2263/3196/2736
f 1946/3195/2505 2263/3196/2736 1947/3197/2503
f 1947/3197/2503 2263/3196/2736 2265/3198/2737
f 1947/3197/2503 2265/3198/2737 1948/3199/2501
f 1948/3199/2501 2265/3198/2737 2267/3200/2738
f 1948/3199/2501 2267/3200/2738 1949/3201/2499
f 1949/3201/2499 2267/3200/2738 2159/3202/2739
f 1949/3201/2499 2159/3202/2739 1950/3203/2497
f 1950/3203/2497 2159/3202/2739 2158/3204/2740
f 1950/3203/2497 2158/3204/2740 1951/3205/2495
f 1951/3205/2495 2158/3204/2740 2165/3206/2741
f 1951/3205/2495 2165/3206/2741 1952/3207/2493
f 1952/3207/2493 2165/3206/2741 2167/3013/2575
f 1952/3207/2493 2167/3013/2575 1953/3015/2491
f 2093/3168/2721 2094/3208/2742 2232/3170/2723
f 2232/3170/2723 2094/3208/2742 2095/3209/2743
f 2232/3170/2723 2095/3209/2743 2096/3210/2744
f 2096/3210/2744 2097/3211/2745 2232/3170/2723
f 2232/3170/2723 2097/3211/2745 2098/3212/2746
f 2232/3170/2723 2098/3212/2746 2099/3213/2747
f 2232/3170/2723 2099/3213/2747 2234/3214/2748
f 2234/3214/2748 2099/3213/2747 2100/3215/2749
f 2234/3214/2748 2100/3215/2749 2236/3216/2750
f 2236/3216/2750 2100/3215/2749 2101/3217/2751
f 2236/3216/2750 2101/3217/2751 2238/3218/2752
f 2238/3218/2752 2101/3217/2751 2102/3219/2753
f 2238/3218/2752 2102/3219/2753 2240/3220/2754
f 2240/3220/2754 2102/3219/2753 2103/3221/2755
f 2240/3220/2754 2103/3221/2755 2242/3222/2756
f 2242/3222/2756 2103/3221/2755 2104/3223/2757
f 2242/3222/2756 2104/3223/2757 2246/3224/2758
f 2246/3224/2758 2104/3223/2757 2105/3225/2759
f 2246/3224/2758 2105/3225/2759 2106/3226/2760
f 2106/3226/2760 2107/3227/2761 2246/3224/2758
f 2246/3224/2758 2107/3227/2761 2108/3228/2762
f 2246/3224/2758 2108/3228/2762 2245/3229/2763
f 2245/3229/2763 2108/3228/2762 2109/3230/2764
f 2245/3229/2763 2109/3230/2764 2110/3231/2765
f 2110/3231/2765 2111/3232/2766 2245/3229/2763
f 2245/3229/2763 2111/3232/2766 2244/3233/2767
f 2245/3229/2763 2244/3233/2767 2250/3234/2768
f 2250/3234/2768 2244/3233/2767 2249/3235/2769
f 2250/3234/2768 2249/3235/2769 2255/2982/2544
f 2255/2982/2544 2249/3235/2769 2254/2988/2550
f 2111/3232/2766 2112/3236/2770 2244/3233/2767
f 2244/3233/2767 2112/3236/2770 2113/3237/2771
f 2244/3233/2767 2113/3237/2771 2152/3238/2772
f 2152/3238/2772 2113/3237/2771 2114/3239/2773
f 2152/3238/2772 2114/3239/2773 2115/3240/2774
f 2116/3241/2775 2117/3242/2776 2115/3240/2774
f 2115/3240/2774 2117/3242/2776 2152/3238/2772
f 2152/3238/2772 2117/3242/2776 2248/3243/2777
f 2248/3243/2777 2117/3242/2776 2118/2994/2556
f 2248/3243/2777 2118/2994/2556 2253/2991/2553
f 1976/3173/2445 1975/3244/2447 2231/3171/2724
f 2231/3171/2724 1975/3244/2447 2226/3245/2778
f 2231/3171/2724 2226/3245/2778 2230/3169/2722
f 2230/3169/2722 2226/3245/2778 2225/3141/2694
f 2230/3169/2722 2225/3141/2694 2229/3146/2699
f 2226/3245/2778 1975/3244/2447 2222/3246/2779
f 2222/3246/2779 1975/3244/2447 1974/3247/2449
f 2222/3246/2779 1974/3247/2449 2220/3248/2780
f 2220/3248/2780 1974/3247/2449 1973/3249/2451
f 2220/3248/2780 1973/3249/2451 2218/3250/2781
f 2218/3250/2781 1973/3249/2451 1972/3251/2453
f 2218/3250/2781 1972/3251/2453 2216/3252/2782
f 2216/3252/2782 1972/3251/2453 1971/3253/2455
f 2216/3252/2782 1971/3253/2455 2214/3254/2783
f 2214/3254/2783 1971/3253/2455 1970/3255/2457
f 2214/3254/2783 1970/3255/2457 2212/3256/2784
f 2212/3256/2784 1970/3255/2457 1969/3257/2459
f 2212/3256/2784 1969/3257/2459 2210/3258/2785
f 2210/3258/2785 1969/3257/2459 1968/3259/2461
f 2210/3258/2785 1968/3259/2461 2205/3260/2786
f 2205/3260/2786 1968/3259/2461 1967/3261/2463
f 2205/3260/2786 1967/3261/2463 2200/3262/2787
f 2200/3262/2787 1967/3261/2463 1966/3263/2465
f 2200/3262/2787 1966/3263/2465 2197/3264/2788
f 2197/3264/2788 1966/3263/2465 1965/3265/2467
f 2197/3264/2788 1965/3265/2467 2195/3266/2789
f 2195/3266/2789 1965/3265/2467 1964/3267/2469
f 2195/3266/2789 1964/3267/2469 2150/3268/2790
f 2150/3268/2790 1964/3267/2469 1963/3269/2471
f 2150/3270/2790 1963/3271/2471 2193/3272/2791
f 2193/3272/2791 1963/3271/2471 1962/3273/2473
f 2193/3272/2791 1962/3273/2473 2191/3274/2792
f 2191/3274/2792 1962/3273/2473 1961/3275/2475
f 2191/3274/2792 1961/3275/2475 1960/3276/2477
f 2191/3274/2792 1960/3276/2477 2189/3028/2583
f 2189/3028/2583 1960/3276/2477 1959/3026/2479
f 2149/3083/2638 2150/3270/2790 2192/3081/2636
f 2192/3081/2636 2150/3270/2790 2193/3272/2791
f 2192/3081/2636 2193/3272/2791 2190/3030/2585
f 2190/3030/2585 2193/3272/2791 2191/3274/2792
f 2190/3030/2585 2191/3274/2792 2189/3028/2583
f 2150/3268/2790 2149/3085/2638 2195/3266/2789
f 2195/3266/2789 2149/3085/2638 2194/3088/2641
f 2195/3266/2789 2194/3088/2641 2197/3264/2788
f 2197/3264/2788 2194/3088/2641 2196/3090/2643
f 2197/3264/2788 2196/3090/2643 2200/3262/2787
f 2200/3262/2787 2196/3090/2643 2199/3092/2645
f 2200/3262/2787 2199/3092/2645 2205/3260/2786
f 2205/3260/2786 2199/3092/2645 2204/3277/2793
f 2205/3260/2786 2204/3277/2793 2210/3258/2785
f 2210/3258/2785 2204/3277/2793 2209/3125/2678
f 2210/3258/2785 2209/3125/2678 2212/3256/2784
f 2212/3256/2784 2209/3125/2678 2211/3127/2680
f 2212/3256/2784 2211/3127/2680 2214/3254/2783
f 2214/3254/2783 2211/3127/2680 2213/3130/2683
f 2214/3254/2783 2213/3130/2683 2216/3252/2782
f 2216/3252/2782 2213/3130/2683 2215/3132/2685
f 2216/3252/2782 2215/3132/2685 2218/3250/2781
f 2218/3250/2781 2215/3132/2685 2217/3134/2687
f 2218/3250/2781 2217/3134/2687 2220/3248/2780
f 2220/3248/2780 2217/3134/2687 2219/3136/2689
f 2220/3248/2780 2219/3136/2689 2222/3246/2779
f 2222/3246/2779 2219/3136/2689 2221/3138/2691
f 2222/3246/2779 2221/3138/2691 2226/3245/2778
f 2226/3245/2778 2221/3138/2691 2225/3141/2694
f 2162/2998/2560 2155/2955/2517 2154/2952/2514
f 2157/2962/2524 2158/3204/2740 2160/2965/2527
f 2160/2965/2527 2158/3204/2740 2159/3202/2739
f 2160/2965/2527 2159/3202/2739 2266/2969/2531
f 2266/2969/2531 2159/3202/2739 2267/3200/2738
f 2266/2969/2531 2267/3200/2738 2264/2971/2533
f 2264/2971/2533 2267/3200/2738 2265/3198/2737
f 2264/2971/2533 2265/3198/2737 2262/2973/2535
f 2262/2973/2535 2265/3198/2737 2263/3196/2736
f 2262/2973/2535 2263/3196/2736 2260/2975/2537
f 2260/2975/2537 2263/3196/2736 2261/3194/2735
f 2260/2975/2537 2261/3194/2735 2258/2977/2539
f 2258/2977/2539 2261/3194/2735 2259/3192/2734
f 2258/2977/2539 2259/3192/2734 2256/2979/2541
f 2256/2979/2541 2259/3192/2734 2257/3190/2733
f 2256/2979/2541 2257/3190/2733 2251/3278/2794
f 2251/3278/2794 2257/3190/2733 2252/3188/2732
f 2251/3278/2794 2252/3188/2732 2246/3224/2758
f 2246/3224/2758 2252/3188/2732 2247/3186/2731
f 2246/3224/2758 2247/3186/2731 2242/3222/2756
f 2242/3222/2756 2247/3186/2731 2243/3184/2730
f 2242/3222/2756 2243/3184/2730 2240/3220/2754
f 2240/3220/2754 2243/3184/2730 2241/3182/2729
f 2240/3220/2754 2241/3182/2729 2238/3218/2752
f 2238/3218/2752 2241/3182/2729 2239/3180/2728
f 2238/3218/2752 2239/3180/2728 2236/3216/2750
f 2236/3216/2750 2239/3180/2728 2237/3178/2727
f 2236/3216/2750 2237/3178/2727 2234/3214/2748
f 2234/3214/2748 2237/3178/2727 2235/3176/2726
f 2234/3214/2748 2235/3176/2726 2232/3170/2723
f 2232/3170/2723 2235/3176/2726 2233/3172/2725
f 2163/3005/2567 2164/3011/2573 2156/2958/2520
f 2156/2958/2520 2164/3011/2573 2157/2962/2524
f 2158/3204/2740 2157/2962/2524 2165/3206/2741
f 2165/3206/2741 2157/2962/2524 2164/3011/2573
f 2165/3206/2741 2164/3011/2573 2167/3013/2575
f 2183/3057/2612 2178/3055/2610 2151/3068/2623
f 2182/3061/2616 2183/3057/2612 2151/3068/2623
f 2185/3077/2632 2180/3046/2601 2179/3051/2606
f 2185/3077/2632 2179/3051/2606 2184/3056/2611
f 2187/3073/2628 2185/3077/2632 2184/3056/2611
f 2204/3277/2793 2199/3092/2645 2198/3097/2650
f 2204/3277/2793 2198/3097/2650 2203/3100/2653
f 2207/3112/2665 2202/3102/2655 2201/3105/2658
f 2209/3125/2678 2204/3277/2793 2203/3100/2653
f 2209/3125/2678 2203/3100/2653 2208/3119/2672
f 2228/3147/2700 2224/3145/2698 2223/3159/2712
f 2228/3147/2700 2223/3159/2712 2227/3151/2704
f 2227/3151/2704 2223/3159/2712 2153/3162/2715
f 2249/3235/2769 2244/3233/2767 2152/3238/2772
f 2251/3278/2794 2246/3224/2758 2245/3229/2763
f 2251/3278/2794 2245/3229/2763 2250/3234/2768
f 2254/2988/2550 2249/3235/2769 2248/3243/2777
f 2248/3243/2777 2249/3235/2769 2152/3238/2772
f 2253/2991/2553 2254/2988/2550 2248/3243/2777
f 2256/2979/2541 2251/3278/2794 2250/3234/2768
f 2256/2979/2541 2250/3234/2768 2255/2982/2544
f 2269/3279/2795 2119/3280/2557 2268/3281/2796
f 2268/3281/2796 2119/3280/2557 2118/3282/2556
f 2268/3283/2796 2118/3284/2556 2117/3285/2776
f 2270/3286/2797 2316/3287/2798 2269/3279/2795
f 2269/3279/2795 2316/3287/2798 2317/3288/2799
f 2269/3279/2795 2317/3288/2799 2318/3289/2800
f 2271/3290/2801 2314/3291/2802 2270/3286/2797
f 2270/3286/2797 2314/3291/2802 2315/3292/2803
f 2270/3286/2797 2315/3292/2803 2316/3287/2798
f 2272/3293/2804 2311/3294/2805 2271/3290/2801
f 2271/3290/2801 2311/3294/2805 2312/3295/2806
f 2271/3290/2801 2312/3295/2806 2313/3296/2807
f 2273/3297/2808 1985/3298/2512 2272/3293/2804
f 2272/3293/2804 1985/3298/2512 1984/3299/2511
f 2272/3293/2804 1984/3299/2511 2307/3300/2809
f 2274/3301/2810 1987/3302/2563 2273/3297/2808
f 2273/3297/2808 1987/3302/2563 1986/3303/2558
f 2273/3297/2808 1986/3303/2558 1985/3298/2512
f 2275/3304/2811 2301/3305/2812 2274/3301/2810
f 2274/3301/2810 2301/3305/2812 2302/3306/2813
f 2274/3301/2810 2302/3306/2813 2303/3307/2814
f 2276/3308/2815 2298/3309/2816 2275/3304/2811
f 2275/3304/2811 2298/3309/2816 2299/3310/2817
f 2275/3304/2811 2299/3310/2817 2300/3311/2818
f 2277/3312/2819 2296/3313/2820 2276/3308/2815
f 2276/3308/2815 2296/3313/2820 2297/3314/2821
f 2276/3308/2815 2297/3314/2821 2298/3309/2816
f 2278/3315/2822 2018/3316/2627 2277/3312/2819
f 2277/3312/2819 2018/3316/2627 2017/3317/2626
f 2277/3312/2819 2017/3317/2626 2292/3318/2823
f 2279/3319/2824 2365/3320/2825 2278/3315/2822
f 2278/3315/2822 2365/3320/2825 2366/3321/2826
f 2278/3315/2822 2366/3321/2826 2020/3322/2620
f 2280/3323/2827 2360/3324/2828 2279/3319/2824
f 2279/3319/2824 2360/3324/2828 2361/3325/2829
f 2279/3319/2824 2361/3325/2829 2362/3326/2830
f 2281/3327/2831 2358/3328/2832 2280/3323/2827
f 2280/3323/2827 2358/3328/2832 2359/3329/2833
f 2280/3323/2827 2359/3329/2833 2360/3324/2828
f 2282/3330/2834 2355/3331/2835 2281/3327/2831
f 2281/3327/2831 2355/3331/2835 2356/3332/2836
f 2281/3327/2831 2356/3332/2836 2357/3333/2837
f 2283/3334/2838 2052/3335/2663 2282/3330/2834
f 2282/3330/2834 2052/3335/2663 2051/3336/2662
f 2282/3330/2834 2051/3336/2662 2050/3337/2661
f 2284/3338/2839 2348/3339/2840 2283/3334/2838
f 2283/3334/2838 2348/3339/2840 2349/3340/2841
f 2283/3334/2838 2349/3340/2841 2350/3341/2842
f 2285/3342/2843 2345/3343/2844 2284/3338/2839
f 2284/3338/2839 2345/3343/2844 2346/3344/2845
f 2284/3338/2839 2346/3344/2845 2347/3345/2846
f 2286/3346/2847 2342/3347/2848 2285/3342/2843
f 2285/3342/2843 2342/3347/2848 2343/3348/2849
f 2285/3342/2843 2343/3348/2849 2344/3349/2850
f 2287/3350/2851 2083/3351/2718 2286/3346/2847
f 2286/3346/2847 2083/3351/2718 2337/3352/2852
f 2286/3346/2847 2337/3352/2852 2338/3353/2853
f 2288/3354/2854 2085/3355/2707 2287/3350/2851
f 2287/3350/2851 2085/3355/2707 2084/3356/2719
f 2287/3350/2851 2084/3356/2719 2083/3351/2718
f 2289/3357/2855 2332/3358/2856 2288/3354/2854
f 2288/3354/2854 2332/3358/2856 2333/3359/2857
f 2288/3354/2854 2333/3359/2857 2334/3360/2858
f 2290/3361/2859 2329/3362/2860 2289/3357/2855
f 2289/3357/2855 2329/3362/2860 2330/3363/2861
f 2289/3357/2855 2330/3363/2861 2331/3364/2862
f 2291/3365/2863 2327/3366/2864 2290/3361/2859
f 2290/3361/2859 2327/3366/2864 2328/3367/2865
f 2290/3361/2859 2328/3367/2865 2329/3362/2860
f 2268/3283/2796 2116/3368/2775 2291/3365/2863
f 2291/3365/2863 2116/3368/2775 2322/3369/2866
f 2291/3365/2863 2322/3369/2866 2323/3370/2867
f 2292/3318/2823 2293/3371/2868 2277/3312/2819
f 2277/3312/2819 2293/3371/2868 2294/3372/2869
f 2277/3312/2819 2294/3372/2869 2295/3373/2870
f 2295/3373/2870 2296/3313/2820 2277/3312/2819
f 2300/3311/2818 2301/3305/2812 2275/3304/2811
f 2303/3307/2814 2304/3374/2871 2274/3301/2810
f 2274/3301/2810 2304/3374/2871 2305/3375/2872
f 2274/3301/2810 2305/3375/2872 2306/3376/2873
f 2306/3376/2873 1987/3302/2563 2274/3301/2810
f 2307/3300/2809 2308/3377/2874 2272/3293/2804
f 2272/3293/2804 2308/3377/2874 2309/3378/2875
f 2272/3293/2804 2309/3378/2875 2310/3379/2876
f 2310/3379/2876 2311/3294/2805 2272/3293/2804
f 2313/3296/2807 2314/3291/2802 2271/3290/2801
f 2318/3289/2800 2319/3380/2877 2269/3279/2795
f 2269/3279/2795 2319/3380/2877 2320/3381/2878
f 2269/3279/2795 2320/3381/2878 2321/3382/2879
f 2321/3382/2879 2119/3280/2557 2269/3279/2795
f 2117/3285/2776 2116/3368/2775 2268/3283/2796
f 2323/3370/2867 2324/3383/2880 2291/3365/2863
f 2291/3365/2863 2324/3383/2880 2325/3384/2881
f 2291/3365/2863 2325/3384/2881 2326/3385/2882
f 2326/3385/2882 2327/3366/2864 2291/3365/2863
f 2331/3364/2862 2332/3358/2856 2289/3357/2855
f 2334/3360/2858 2335/3386/2883 2288/3354/2854
f 2288/3354/2854 2335/3386/2883 2336/3387/2884
f 2288/3354/2854 2336/3387/2884 2086/3388/2708
f 2086/3388/2708 2085/3355/2707 2288/3354/2854
f 2338/3353/2853 2339/3389/2885 2286/3346/2847
f 2286/3346/2847 2339/3389/2885 2340/3390/2886
f 2286/3346/2847 2340/3390/2886 2341/3391/2887
f 2341/3391/2887 2342/3347/2848 2286/3346/2847
f 2344/3349/2850 2345/3343/2844 2285/3342/2843
f 2347/3345/2846 2348/3339/2840 2284/3338/2839
f 2350/3341/2842 2351/3392/2888 2283/3334/2838
f 2283/3334/2838 2351/3392/2888 2053/3393/2668
f 2283/3334/2838 2053/3393/2668 2052/3335/2663
f 2050/3337/2661 2352/3394/2889 2282/3330/2834
f 2282/3330/2834 2352/3394/2889 2353/3395/2890
f 2282/3330/2834 2353/3395/2890 2354/3396/2891
f 2354/3396/2891 2355/3331/2835 2282/3330/2834
f 2357/3333/2837 2358/3328/2832 2281/3327/2831
f 2362/3326/2830 2363/3397/2892 2279/3319/2824
f 2279/3319/2824 2363/3397/2892 2364/3398/2893
f 2279/3319/2824 2364/3398/2893 2365/3320/2825
f 2020/3322/2620 2019/3399/2619 2278/3315/2822
f 2278/3315/2822 2019/3399/2619 2018/3316/2627
f 2368/3400/2894 2420/3401/2895 2367/3402/2896
f 2367/3402/2896 2420/3401/2895 2429/3403/2897
f 2367/3402/2896 2429/3403/2897 2390/3404/2898
f 2390/3404/2898 2429/3403/2897 2530/3405/2899
f 2390/3404/2898 2530/3405/2899 2389/3406/2900
f 2389/3406/2900 2530/3405/2899 2525/3407/2901
f 2389/3406/2900 2525/3407/2901 2388/3408/2902
f 2388/3408/2902 2525/3407/2901 2520/3409/2903
f 2388/3408/2902 2520/3409/2903 2387/3410/2904
f 2387/3410/2904 2520/3409/2903 2515/3411/2905
f 2387/3410/2904 2515/3411/2905 2386/3412/2906
f 2386/3412/2906 2515/3411/2905 2510/3413/2907
f 2386/3412/2906 2510/3413/2907 2385/3414/2908
f 2385/3414/2908 2510/3413/2907 2505/3415/2909
f 2385/3414/2908 2505/3415/2909 2384/3416/2910
f 2384/3416/2910 2505/3415/2909 2500/3417/2911
f 2384/3416/2910 2500/3417/2911 2383/3418/2912
f 2383/3418/2912 2500/3417/2911 2495/3419/2913
f 2383/3418/2912 2495/3419/2913 2382/3420/2914
f 2382/3420/2914 2495/3419/2913 2490/3421/2915
f 2382/3420/2914 2490/3421/2915 2381/3422/2916
f 2381/3422/2916 2490/3421/2915 2485/3423/2917
f 2381/3422/2916 2485/3423/2917 2380/3424/2918
f 2380/3424/2918 2485/3423/2917 2480/3425/2919
f 2380/3424/2918 2480/3425/2919 2379/3426/2920
f 2379/3426/2920 2480/3425/2919 2415/3427/2921
f 2379/3428/2920 2415/3429/2921 2378/3430/2922
f 2378/3430/2922 2415/3429/2921 2475/3431/2923
f 2378/3430/2922 2475/3431/2923 2377/3432/2924
f 2377/3432/2924 2475/3431/2923 2470/3433/2925
f 2377/3432/2924 2470/3433/2925 2376/3434/2926
f 2376/3434/2926 2470/3433/2925 2465/3435/2927
f 2376/3434/2926 2465/3435/2927 2375/3436/2928
f 2375/3436/2928 2465/3435/2927 2460/3437/2929
f 2375/3436/2928 2460/3437/2929 2374/3438/2930
f 2374/3438/2930 2460/3437/2929 2455/3439/2931
f 2374/3438/2930 2455/3439/2931 2373/3440/2932
f 2373/3440/2932 2455/3439/2931 2450/3441/2933
f 2373/3440/2932 2450/3441/2933 2372/3442/2934
f 2372/3442/2934 2450/3441/2933 2445/3443/2935
f 2372/3442/2934 2445/3443/2935 2371/3444/2936
f 2371/3444/2936 2445/3443/2935 2440/3445/2937
f 2371/3444/2936 2440/3445/2937 2370/3446/2938
f 2370/3446/2938 2440/3445/2937 2435/3447/2939
f 2370/3446/2938 2435/3447/2939 2369/3448/2940
f 2369/3448/2940 2435/3447/2939 2430/3449/2941
f 2369/3448/2940 2430/3449/2941 2368/3400/2894
f 2368/3400/2894 2430/3449/2941 2420/3401/2895
f 2392/3450/2942 2534/3451/2943 2391/3452/2944
f 2391/3452/2944 2534/3451/2943 2425/3453/2945
f 2391/3452/2944 2425/3453/2945 2414/3454/2946
f 2414/3454/2946 2425/3453/2945 2424/3455/2947
f 2414/3454/2946 2424/3455/2947 2413/3456/2948
f 2413/3456/2948 2424/3455/2947 2434/3457/2949
f 2413/3456/2948 2434/3457/2949 2412/3458/2950
f 2412/3458/2950 2434/3457/2949 2439/3459/2951
f 2412/3458/2950 2439/3459/2951 2411/3460/2952
f 2411/3460/2952 2439/3459/2951 2444/3461/2953
f 2411/3460/2952 2444/3461/2953 2410/3462/2954
f 2410/3462/2954 2444/3461/2953 2449/3463/2955
f 2410/3462/2954 2449/3463/2955 2409/3464/2956
f 2409/3464/2956 2449/3463/2955 2454/3465/2957
f 2409/3464/2956 2454/3465/2957 2408/3466/2958
f 2408/3466/2958 2454/3465/2957 2459/3467/2959
f 2408/3466/2958 2459/3467/2959 2407/3468/2960
f 2407/3468/2960 2459/3467/2959 2464/3469/2961
f 2407/3468/2960 2464/3469/2961 2406/3470/2962
f 2406/3470/2962 2464/3469/2961 2469/3471/2963
f 2406/3470/2962 2469/3471/2963 2405/3472/2964
f 2405/3472/2964 2469/3471/2963 2474/3473/2965
f 2405/3472/2964 2474/3473/2965 2404/3474/2966
f 2404/3474/2966 2474/3473/2965 2479/3475/2967
f 2404/3474/2966 2479/3475/2967 2403/3476/2968
f 2403/3476/2968 2479/3475/2967 2419/3477/2969
f 2403/3478/2968 2419/3479/2969 2402/3480/2970
f 2402/3480/2970 2419/3479/2969 2484/3481/2971
f 2402/3480/2970 2484/3481/2971 2401/3482/2972
f 2401/3482/2972 2484/3481/2971 2489/3483/2973
f 2401/3482/2972 2489/3483/2973 2400/3484/2974
f 2400/3484/2974 2489/3483/2973 2494/3485/2975
f 2400/3484/2974 2494/3485/2975 2399/3486/2976
f 2399/3486/2976 2494/3485/2975 2499/3487/2977
f 2399/3486/2976 2499/3487/2977 2398/3488/2978
f 2398/3488/2978 2499/3487/2977 2504/3489/2979
f 2398/3488/2978 2504/3489/2979 2397/3490/2980
f 2397/3490/2980 2504/3489/2979 2509/3491/2981
f 2397/3490/2980 2509/3491/2981 2396/3492/2982
f 2396/3492/2982 2509/3491/2981 2514/3493/2983
f 2396/3492/2982 2514/3493/2983 2395/3494/2984
f 2395/3494/2984 2514/3493/2983 2519/3495/2985
f 2395/3494/2984 2519/3495/2985 2394/3496/2986
f 2394/3496/2986 2519/3495/2985 2524/3497/2987
f 2394/3496/2986 2524/3497/2987 2393/3498/2988
f 2393/3498/2988 2524/3497/2987 2529/3499/2989
f 2393/3498/2988 2529/3499/2989 2392/3450/2942
f 2392/3450/2942 2529/3499/2989 2534/3451/2943
f 2415/3429/2921 2416/3500/2990 2475/3431/2923
f 2475/3431/2923 2416/3500/2990 2476/3501/2991
f 2475/3431/2923 2476/3501/2991 2470/3433/2925
f 2470/3433/2925 2476/3501/2991 2471/3502/2992
f 2470/3433/2925 2471/3502/2992 2465/3435/2927
f 2465/3435/2927 2471/3502/2992 2466/3503/2993
f 2465/3435/2927 2466/3503/2993 2460/3437/2929
f 2460/3437/2929 2466/3503/2993 2461/3504/2994
f 2460/3437/2929 2461/3504/2994 2455/3439/2931
f 2455/3439/2931 2461/3504/2994 2456/3505/2995
f 2455/3439/2931 2456/3505/2995 2450/3441/2933
f 2450/3441/2933 2456/3505/2995 2451/3506/2996
f 2450/3441/2933 2451/3506/2996 2445/3443/2935
f 2445/3443/2935 2451/3506/2996 2446/3507/2997
f 2445/3443/2935 2446/3507/2997 2440/3445/2937
f 2440/3445/2937 2446/3507/2997 2441/3508/2998
f 2440/3445/2937 2441/3508/2998 2435/3447/2939
f 2435/3447/2939 2441/3508/2998 2436/3509/2999
f 2435/3447/2939 2436/3509/2999 2430/3449/2941
f 2430/3449/2941 2436/3509/2999 2431/3510/3000
f 2430/3449/2941 2431/3510/3000 2420/3401/2895
f 2420/3401/2895 2431/3510/3000 2421/3511/3001
f 2420/3401/2895 2421/3511/3001 2429/3403/2897
f 2429/3403/2897 2421/3511/3001 2428/3512/3002
f 2429/3403/2897 2428/3512/3002 2530/3405/2899
f 2530/3405/2899 2428/3512/3002 2531/3513/3003
f 2530/3405/2899 2531/3513/3003 2525/3407/2901
f 2525/3407/2901 2531/3513/3003 2526/3514/3004
f 2525/3407/2901 2526/3514/3004 2520/3409/2903
f 2520/3409/2903 2526/3514/3004 2521/3515/3005
f 2520/3409/2903 2521/3515/3005 2515/3411/2905
f 2515/3411/2905 2521/3515/3005 2516/3516/3006
f 2515/3411/2905 2516/3516/3006 2510/3413/2907
f 2510/3413/2907 2516/3516/3006 2511/3517/3007
f 2510/3413/2907 2511/3517/3007 2505/3415/2909
f 2505/3415/2909 2511/3517/3007 2506/3518/3008
f 2505/3415/2909 2506/3518/3008 2500/3417/2911
f 2500/3417/2911 2506/3518/3008 2501/3519/3009
f 2500/3417/2911 2501/3519/3009 2495/3419/2913
f 2495/3419/2913 2501/3519/3009 2496/3520/3010
f 2495/3419/2913 2496/3520/3010 2490/3421/2915
f 2490/3421/2915 2496/3520/3010 2491/3521/3011
f 2490/3421/2915 2491/3521/3011 2485/3423/2917
f 2485/3423/2917 2491/3521/3011 2486/3522/3012
f 2485/3423/2917 2486/3522/3012 2480/3425/2919
f 2480/3425/2919 2486/3522/3012 2481/3523/3013
f 2480/3425/2919 2481/3523/3013 2415/3427/2921
f 2415/3427/2921 2481/3523/3013 2416/3524/2990
f 2416/3500/2990 2417/3525/3014 2476/3501/2991
f 2476/3501/2991 2417/3525/3014 2477/3526/3015
f 2476/3501/2991 2477/3526/3015 2471/3502/2992
f 2471/3502/2992 2477/3526/3015 2472/3527/3016
f 2471/3502/2992 2472/3527/3016 2466/3503/2993
f 2466/3503/2993 2472/3527/3016 2467/3528/3017
f 2466/3503/2993 2467/3528/3017 2461/3504/2994
f 2461/3504/2994 2467/3528/3017 2462/3529/3018
f 2461/3504/2994 2462/3529/3018 2456/3505/2995
f 2456/3505/2995 2462/3529/3018 2457/3530/3019
f 2456/3505/2995 2457/3530/3019 2451/3506/2996
f 2451/3506/2996 2457/3530/3019 2452/3531/3020
f 2451/3506/2996 2452/3531/3020 2446/3507/2997
f 2446/3507/2997 2452/3531/3020 2447/3532/3021
f 2446/3507/2997 2447/3532/3021 2441/3508/2998
f 2441/3508/2998 2447/3532/3021 2442/3533/3022
f 2441/3508/2998 2442/3533/3022 2436/3509/2999
f 2436/3509/2999 2442/3533/3022 2437/3534/3023
f 2436/3509/2999 2437/3534/3023 2431/3510/3000
f 2431/3510/3000 2437/3534/3023 2432/3535/3024
f 2431/3510/3000 2432/3535/3024 2421/3511/3001
f 2421/3511/3001 2432/3535/3024 2422/3536/3025
f 2421/3511/3001 2422/3536/3025 2428/3512/3002
f 2428/3512/3002 2422/3536/3025 2427/3537/3026
f 2428/3512/3002 2427/3537/3026 2531/3513/3003
f 2531/3513/3003 2427/3537/3026 2532/3538/3027
f 2531/3513/3003 2532/3538/3027 2526/3514/3004
f 2526/3514/3004 2532/3538/3027 2527/3539/3028
f 2526/3514/3004 2527/3539/3028 2521/3515/3005
f 2521/3515/3005 2527/3539/3028 2522/3540/3029
f 2521/3515/3005 2522/3540/3029 2516/3516/3006
f 2516/3516/3006 2522/3540/3029 2517/3541/3030
f 2516/3516/3006 2517/3541/3030 2511/3517/3007
f 2511/3517/3007 2517/3541/3030 2512/3542/3031
f 2511/3517/3007 2512/3542/3031 2506/3518/3008
f 2506/3518/3008 2512/3542/3031 2507/3543/3032
f 2506/3518/3008 2507/3543/3032 2501/3519/3009
f 2501/3519/3009 2507/3543/3032 2502/3544/3033
f 2501/3519/3009 2502/3544/3033 2496/3520/3010
f 2496/3520/3010 2502/3544/3033 2497/3545/3034
f 2496/3520/3010 2497/3545/3034 2491/3521/3011
f 2491/3521/3011 2497/3545/3034 2492/3546/3035
f 2491/3521/3011 2492/3546/3035 2486/3522/3012
f 2486/3522/3012 2492/3546/3035 2487/3547/3036
f 2486/3522/3012 2487/3547/3036 2481/3523/3013
f 2481/3523/3013 2487/3547/3036 2482/3548/3037
f 2481/3523/3013 2482/3548/3037 2416/3524/2990
f 2416/3524/2990 2482/3548/3037 2417/3549/3014
f 2417/3525/3014 2418/3550/3038 2477/3526/3015
f 2477/3526/3015 2418/3550/3038 2478/3551/3039
f 2477/3526/3015 2478/3551/3039 2472/3527/3016
f 2472/3527/3016 2478/3551/3039 2473/3552/3040
f 2472/3527/3016 2473/3552/3040 2467/3528/3017
f 2467/3528/3017 2473/3552/3040 2468/3553/3041
f 2467/3528/3017 2468/3553/3041 2462/3529/3018
f 2462/3529/3018 2468/3553/3041 2463/3554/3042
f 2462/3529/3018 2463/3554/3042 2457/3530/3019
f 2457/3530/3019 2463/3554/3042 2458/3555/3043
f 2457/3530/3019 2458/3555/3043 2452/3531/3020
f 2452/3531/3020 2458/3555/3043 2453/3556/3044
f 2452/3531/3020 2453/3556/3044 2447/3532/3021
f 2447/3532/3021 2453/3556/3044 2448/3557/3045
f 2447/3532/3021 2448/3557/3045 2442/3533/3022
f 2442/3533/3022 2448/3557/3045 2443/3558/3046
f 2442/3533/3022 2443/3558/3046 2437/3534/3023
f 2437/3534/3023 2443/3558/3046 2438/3559/3047
f 2437/3534/3023 2438/3559/3047 2432/3535/3024
f 2432/3535/3024 2438/3559/3047 2433/3560/3048
f 2432/3535/3024 2433/3560/3048 2422/3536/3025
f 2422/3536/3025 2433/3560/3048 2423/3561/3049
f 2422/3536/3025 2423/3561/3049 2427/3537/3026
f 2427/3537/3026 2423/3561/3049 2426/3562/3050
f 2427/3537/3026 2426/3562/3050 2532/3538/3027
f 2532/3538/3027 2426/3562/3050 2533/3563/3051
f 2532/3538/3027 2533/3563/3051 2527/3539/3028
f 2527/3539/3028 2533/3563/3051 2528/3564/3052
f 2527/3539/3028 2528/3564/3052 2522/3540/3029
f 2522/3540/3029 2528/3564/3052 2523/3565/3053
f 2522/3540/3029 2523/3565/3053 2517/3541/3030
f 2517/3541/3030 2523/3565/3053 2518/3566/3054
f 2517/3541/3030 2518/3566/3054 2512/3542/3031
f 2512/3542/3031 2518/3566/3054 2513/3567/3055
f 2512/3542/3031 2513/3567/3055 2507/3543/3032
f 2507/3543/3032 2513/3567/3055 2508/3568/3056
f 2507/3543/3032 2508/3568/3056 2502/3544/3033
f 2502/3544/3033 2508/3568/3056 2503/3569/3057
f 2502/3544/3033 2503/3569/3057 2497/3545/3034
f 2497/3545/3034 2503/3569/3057 2498/3570/3058
f 2497/3545/3034 2498/3570/3058 2492/3546/3035
f 2492/3546/3035 2498/3570/3058 2493/3571/3059
f 2492/3546/3035 2493/3571/3059 2487/3547/3036
f 2487/3547/3036 2493/3571/3059 2488/3572/3060
f 2487/3547/3036 2488/3572/3060 2482/3548/3037
f 2482/3548/3037 2488/3572/3060 2483/3573/3061
f 2482/3548/3037 2483/3573/3061 2417/3549/3014
f 2417/3549/3014 2483/3573/3061 2418/3574/3038
f 2418/3550/3038 2419/3477/2969 2478/3551/3039
f 2478/3551/3039 2419/3477/2969 2479/3475/2967
f 2478/3551/3039 2479/3475/2967 2473/3552/3040
f 2473/3552/3040 2479/3475/2967 2474/3473/2965
f 2473/3552/3040 2474/3473/2965 2468/3553/3041
f 2468/3553/3041 2474/3473/2965 2469/3471/2963
f 2468/3553/3041 2469/3471/2963 2463/3554/3042
f 2463/3554/3042 2469/3471/2963 2464/3469/2961
f 2463/3554/3042 2464/3469/2961 2458/3555/3043
f 2458/3555/3043 2464/3469/2961 2459/3467/2959
f 2458/3555/3043 2459/3467/2959 2453/3556/3044
f 2453/3556/3044 2459/3467/2959 2454/3465/2957
f 2453/3556/3044 2454/3465/2957 2448/3557/3045
f 2448/3557/3045 2454/3465/2957 2449/3463/2955
f 2448/3557/3045 2449/3463/2955 2443/3558/3046
f 2443/3558/3046 2449/3463/2955 2444/3461/2953
f 2443/3558/3046 2444/3461/2953 2438/3559/3047
f 2438/3559/3047 2444/3461/2953 2439/3459/2951
f 2438/3559/3047 2439/3459/2951 2433/3560/3048
f 2433/3560/3048 2439/3459/2951 2434/3457/2949
f 2433/3560/3048 2434/3457/2949 2423/3561/3049
f 2423/3561/3049 2434/3457/2949 2424/3455/2947
f 2423/3561/3049 2424/3455/2947 2426/3562/3050
f 2426/3562/3050 2424/3455/2947 2425/3453/2945
f 2426/3562/3050 2425/3453/2945 2533/3563/3051
f 2533/3563/3051 2425/3453/2945 2534/3451/2943
f 2533/3563/3051 2534/3451/2943 2528/3564/3052
f 2528/3564/3052 2534/3451/2943 2529/3499/2989
f 2528/3564/3052 2529/3499/2989 2523/3565/3053
f 2523/3565/3053 2529/3499/2989 2524/3497/2987
f 2523/3565/3053 2524/3497/2987 2518/3566/3054
f 2518/3566/3054 2524/3497/2987 2519/3495/2985
f 2518/3566/3054 2519/3495/2985 2513/3567/3055
f 2513/3567/3055 2519/3495/2985 2514/3493/2983
f 2513/3567/3055 2514/3493/2983 2508/3568/3056
f 2508/3568/3056 2514/3493/2983 2509/3491/2981
f 2508/3568/3056 2509/3491/2981 2503/3569/3057
f 2503/3569/3057 2509/3491/2981 2504/3489/2979
f 2503/3569/3057 2504/3489/2979 2498/3570/3058
f 2498/3570/3058 2504/3489/2979 2499/3487/2977
f 2498/3570/3058 2499/3487/2977 2493/3571/3059
f 2493/3571/3059 2499/3487/2977 2494/3485/2975
f 2493/3571/3059 2494/3485/2975 2488/3572/3060
f 2488/3572/3060 2494/3485/2975 2489/3483/2973
f 2488/3572/3060 2489/3483/2973 2483/3573/3061
f 2483/3573/3061 2489/3483/2973 2484/3481/2971
f 2483/3573/3061 2484/3481/2971 2418/3574/3038
f 2418/3574/3038 2484/3481/2971 2419/3479/2969
f 2536/3575/3062 2404/3576/3063 2535/3577/3064
f 2535/3577/3064 2404/3576/3063 2403/3578/3065
f 2535/3579/3064 2403/3580/3065 2558/3581/3066
f 2558/3581/3066 2403/3580/3065 2402/3582/3067
f 2558/3581/3066 2402/3582/3067 2557/3583/3068
f 2557/3583/3068 2402/3582/3067 2401/3584/3069
f 2557/3583/3068 2401/3584/3069 2556/3585/3070
f 2556/3585/3070 2401/3584/3069 2400/3586/3071
f 2556/3585/3070 2400/3586/3071 2555/3587/3072
f 2555/3587/3072 2400/3586/3071 2399/3588/3073
f 2555/3587/3072 2399/3588/3073 2554/3589/3074
f 2554/3589/3074 2399/3588/3073 2398/3590/3075
f 2554/3589/3074 2398/3590/3075 2553/3591/3076
f 2553/3591/3076 2398/3590/3075 2397/3592/3077
f 2553/3591/3076 2397/3592/3077 2552/3593/3078
f 2552/3593/3078 2397/3592/3077 2396/3594/3079
f 2552/3593/3078 2396/3594/3079 2551/3595/3080
f 2551/3595/3080 2396/3594/3079 2395/3596/3081
f 2551/3595/3080 2395/3596/3081 2550/3597/3082
f 2550/3597/3082 2395/3596/3081 2394/3598/3083
f 2550/3597/3082 2394/3598/3083 2549/3599/3084
f 2549/3599/3084 2394/3598/3083 2393/3600/3085
f 2549/3599/3084 2393/3600/3085 2548/3601/3086
f 2548/3601/3086 2393/3600/3085 2392/3602/3087
f 2548/3601/3086 2392/3602/3087 2547/3603/3088
f 2547/3603/3088 2392/3602/3087 2391/3604/3089
f 2547/3603/3088 2391/3604/3089 2546/3605/3090
f 2546/3605/3090 2391/3604/3089 2414/3606/3091
f 2546/3605/3090 2414/3606/3091 2545/3607/3092
f 2545/3607/3092 2414/3606/3091 2413/3608/3093
f 2545/3607/3092 2413/3608/3093 2544/3609/3094
f 2544/3609/3094 2413/3608/3093 2412/3610/3095
f 2544/3609/3094 2412/3610/3095 2543/3611/3096
f 2543/3611/3096 2412/3610/3095 2411/3612/3097
f 2543/3611/3096 2411/3612/3097 2542/3613/3098
f 2542/3613/3098 2411/3612/3097 2410/3614/3099
f 2542/3613/3098 2410/3614/3099 2541/3615/3100
f 2541/3615/3100 2410/3614/3099 2409/3616/3101
f 2541/3615/3100 2409/3616/3101 2540/3617/3102
f 2540/3617/3102 2409/3616/3101 2408/3618/3103
f 2540/3617/3102 2408/3618/3103 2539/3619/3104
f 2539/3619/3104 2408/3618/3103 2407/3620/3105
f 2539/3619/3104 2407/3620/3105 2538/3621/3106
f 2538/3621/3106 2407/3620/3105 2406/3622/3107
f 2538/3621/3106 2406/3622/3107 2537/3623/3108
f 2537/3623/3108 2406/3622/3107 2405/3624/3109
f 2537/3623/3108 2405/3624/3109 2536/3575/3062
f 2536/3575/3062 2405/3624/3109 2404/3576/3063
f 1462/3625/3110 2564/3626/3111 1439/3627/3112
f 1439/3627/3112 2564/3626/3111 2565/3628/3113
f 1439/3627/3112 2565/3628/3113 2566/3629/3114
f 2564/3626/3111 1462/3625/3110 2563/3630/3115
f 2563/3630/3115 1462/3625/3110 1461/3631/3116
f 2563/3630/3115 1461/3631/3116 2562/3632/3117
f 2562/3632/3117 1461/3631/3116 1460/3633/3118
f 2562/3632/3117 1460/3633/3118 2561/3634/3119
f 2561/3634/3119 1460/3633/3118 1459/3635/3120
f 2561/3634/3119 1459/3635/3120 2560/3636/3121
f 2560/3636/3121 1459/3635/3120 1458/3637/3122
f 2560/3636/3121 1458/3637/3122 2559/3638/3123
f 2559/3638/3123 1458/3637/3122 1457/3639/3124
f 2559/3638/3123 1457/3639/3124 1456/3640/3125
f 2559/3638/3123 1456/3640/3125 2582/3641/3126
f 2582/3641/3126 1456/3640/3125 1455/3642/3127
f 2582/3641/3126 1455/3642/3127 2581/3643/3128
f 2581/3643/3128 1455/3642/3127 1454/3644/3129
f 2581/3643/3128 1454/3644/3129 2580/3645/3130
f 2580/3645/3130 1454/3644/3129 1453/3646/3131
f 2580/3645/3130 1453/3646/3131 2579/3647/3132
f 2579/3647/3132 1453/3646/3131 1452/3648/3133
f 2579/3647/3132 1452/3648/3133 2578/3649/3134
f 2578/3649/3134 1452/3648/3133 1451/3650/3135
f 2578/3649/3134 1451/3650/3135 2577/3651/3136
f 2577/3651/3136 1451/3650/3135 2576/3652/3137
f 2576/3652/3137 1451/3650/3135 1450/3653/3138
f 2576/3652/3137 1450/3653/3138 2575/3654/3139
f 2575/3654/3139 1450/3653/3138 1449/3655/3140
f 2575/3654/3139 1449/3655/3140 2574/3656/3141
f 2574/3656/3141 1449/3655/3140 1448/3657/3142
f 2574/3656/3141 1448/3657/3142 2573/3658/3143
f 2573/3658/3143 1448/3657/3142 1447/3659/3144
f 2573/3658/3143 1447/3659/3144 2572/3660/3145
f 2572/3660/3145 1447/3659/3144 1446/3661/3146
f 2572/3660/3145 1446/3661/3146 2571/3662/3147
f 2571/3662/3147 1446/3661/3146 1445/3663/3148
f 2571/3662/3147 1445/3663/3148 2570/3664/3149
f 2570/3664/3149 1445/3663/3148 1444/3665/3150
f 2570/3664/3149 1444/3665/3150 1443/3666/3151
f 2570/3664/3149 1443/3666/3151 2569/3667/3152
f 2569/3667/3152 1443/3666/3151 1442/3668/3153
f 2569/3667/3152 1442/3668/3153 2568/3669/3154
f 2568/3669/3154 1442/3668/3153 1441/3670/3155
f 2568/3669/3154 1441/3670/3155 2567/3671/3156
f 2567/3671/3156 1441/3670/3155 1440/3672/3157
f 2567/3671/3156 1440/3672/3157 2566/3629/3114
f 2566/3629/3114 1440/3672/3157 1439/3627/3112
f 1731/3673/3158 1730/3674/3159 2599/3675/3160
f 2599/3675/3160 1730/3674/3159 2598/3676/3161
f 2598/3676/3161 1730/3674/3159 2597/3677/3162
f 2597/3677/3162 1730/3674/3159 2596/3678/3163
f 2596/3678/3163 1730/3674/3159 2595/3679/3164
f 2595/3679/3164 1730/3674/3159 2594/3680/3165
f 2594/3680/3165 1730/3674/3159 2593/3681/3166
f 2593/3681/3166 1730/3674/3159 1729/3682/3167
f 2593/3681/3166 1729/3682/3167 2592/3683/3168
f 2592/3683/3168 1729/3682/3167 1728/3684/3169
f 2592/3683/3168 1728/3684/3169 2591/3685/3170
f 2591/3685/3170 1728/3684/3169 2590/3686/3171
f 2590/3686/3171 1728/3684/3169 1727/3687/3172
f 2590/3686/3171 1727/3687/3172 2589/3688/3173
f 2589/3688/3173 1727/3687/3172 1726/3689/3174
f 2589/3688/3173 1726/3689/3174 2588/3690/3175
f 2588/3690/3175 1726/3689/3174 2587/3691/3176
f 2587/3691/3176 1726/3689/3174 2586/3692/3177
f 2586/3692/3177 1726/3689/3174 2585/3693/3178
f 2585/3693/3178 1726/3689/3174 2584/3694/3179
f 2584/3694/3179 1726/3689/3174 2583/3695/3180
f 2583/3695/3180 1726/3689/3174 1725/3696/3181
f 2032/3697/3182 2594/3698/3183 2033/3699/3184
f 2033/3699/3184 2594/3698/3183 2593/3700/3185
f 2033/3699/3184 2593/3700/3185 2034/3701/3186
f 2034/3701/3186 2593/3700/3185 2592/3702/3187
f 2034/3701/3186 2592/3702/3187 2035/3703/3188
f 2035/3703/3188 2592/3702/3187 2591/3704/3189
f 2035/3703/3188 2591/3704/3189 2036/3705/3190
f 2036/3705/3190 2591/3704/3189 2590/3706/3191
f 2036/3705/3190 2590/3706/3191 2037/3707/3192
f 2037/3707/3192 2590/3706/3191 2589/3708/3193
f 2037/3707/3192 2589/3708/3193 2038/3709/3194
f 2038/3709/3194 2589/3708/3193 2588/3710/3195
f 1736/3711/3196 2022/3712/3197 1535/3713/3198
f 1535/3713/3198 2022/3712/3197 2021/3714/3199
f 1535/3713/3198 2021/3714/3199 1536/3715/3200
f 1536/3715/3200 2021/3714/3199 2020/3716/3201
f 1536/3715/3200 2020/3716/3201 2366/3717/3202
f 1736/3711/3196 1735/3718/3203 2022/3712/3197
f 2022/3712/3197 1735/3718/3203 1734/3719/3204
f 1536/3715/3200 2366/3717/3202 1537/3720/3205
f 1537/3720/3205 2366/3717/3202 2365/3721/3206
f 1537/3720/3205 2365/3721/3206 1538/3722/3207
f 1538/3722/3207 2365/3721/3206 2364/3723/3208
f 1538/3722/3207 2364/3723/3208 1539/3724/3209
f 1539/3724/3209 2364/3723/3208 2363/3725/3210
f 2352/3726/3211 2050/3727/3212 1550/3728/3213
f 1550/3728/3213 2050/3727/3212 2049/3729/3214
f 1550/3728/3213 2049/3729/3214 1551/3730/3215
f 1551/3730/3215 2049/3729/3214 2048/3731/3216
f 1551/3730/3215 2048/3731/3216 1719/3732/3217
f 1719/3732/3217 2048/3731/3216 1720/3733/3218
f 1720/3733/3218 2048/3731/3216 1721/3734/3219
f 1721/3734/3219 2048/3731/3216 1722/3735/3220
f 1550/3728/3213 1549/3736/3221 2352/3726/3211
f 2352/3726/3211 1549/3736/3221 2353/3737/3222
f 2353/3737/3222 1549/3736/3221 1548/3738/3223
f 2353/3737/3222 1548/3738/3223 2354/3739/3224
f 2354/3739/3224 1548/3738/3223 1547/3740/3225
f 2354/3739/3224 1547/3740/3225 2355/3741/3226
f 1539/3742/3209 2363/3743/3210 1540/3744/3227
f 1540/3744/3227 2363/3743/3210 2362/3745/3228
f 1540/3744/3227 2362/3745/3228 1541/3746/3229
f 1541/3746/3229 2362/3745/3228 2361/3747/3230
f 1541/3746/3229 2361/3747/3230 1542/3748/3231
f 1542/3748/3231 2361/3747/3230 2360/3749/3232
f 1542/3748/3231 2360/3749/3232 1543/3750/3233
f 1543/3750/3233 2360/3749/3232 2359/3751/3234
f 1543/3750/3233 2359/3751/3234 2358/3752/3235
f 1543/3750/3233 2358/3752/3235 1544/3753/3236
f 1544/3753/3236 2358/3752/3235 2357/3754/3237
f 1544/3753/3236 2357/3754/3237 1545/3755/3238
f 1545/3755/3238 2357/3754/3237 2356/3756/3239
f 1545/3755/3238 2356/3756/3239 1546/3757/3240
f 1546/3757/3240 2356/3756/3239 2355/3758/3226
f 1546/3757/3240 2355/3758/3226 1547/3759/3225
f 1722/3760/3220 2048/3761/3216 1723/3762/3241
f 1723/3762/3241 2048/3761/3216 2047/3763/3242
f 1723/3762/3241 2047/3763/3242 1724/3764/3243
f 1724/3764/3243 2047/3763/3242 2046/3765/3244
f 1724/3764/3243 2046/3765/3244 1725/3766/3245
f 1725/3766/3245 2046/3765/3244 2045/3767/3246
f 1725/3766/3245 2045/3767/3246 2583/3768/3247
f 2583/3768/3247 2045/3767/3246 2044/3769/3248
f 2583/3768/3247 2044/3769/3248 2584/3770/3249
f 2584/3770/3249 2044/3769/3248 2043/3771/3250
f 2584/3770/3249 2043/3771/3250 2585/3772/3251
f 2585/3772/3251 2043/3771/3250 2042/3773/3252
f 2585/3772/3251 2042/3773/3252 2586/3774/3253
f 2586/3774/3253 2042/3773/3252 2041/3775/3254
f 2586/3774/3253 2041/3775/3254 2587/3776/3255
f 2587/3776/3255 2041/3775/3254 2040/3777/3256
f 2587/3776/3255 2040/3777/3256 2039/3778/3257
f 2038/3779/3194 2588/3780/3195 2039/3778/3257
f 2039/3778/3257 2588/3780/3195 2587/3776/3255
f 2032/3781/3182 2031/3782/3258 2594/3783/3183
f 2594/3783/3183 2031/3782/3258 2595/3784/3259
f 2595/3784/3259 2031/3782/3258 2030/3785/3260
f 2595/3784/3259 2030/3785/3260 2029/3786/3261
f 2595/3784/3259 2029/3786/3261 2596/3787/3262
f 2596/3787/3262 2029/3786/3261 2028/3788/3263
f 2596/3787/3262 2028/3788/3263 2597/3789/3264
f 2597/3789/3264 2028/3788/3263 2027/3790/3265
f 2597/3789/3264 2027/3790/3265 2026/3791/3266
f 2597/3789/3264 2026/3791/3266 2598/3792/3267
f 2598/3792/3267 2026/3791/3266 2025/3793/3268
f 2598/3792/3267 2025/3793/3268 2599/3794/3269
f 2599/3794/3269 2025/3793/3268 2024/3795/3270
f 2599/3794/3269 2024/3795/3270 1731/3796/3271
f 1731/3796/3271 2024/3795/3270 1732/3797/3272
f 1732/3797/3272 2024/3795/3270 2023/3798/3273
f 1732/3797/3272 2023/3798/3273 1733/3799/3274
f 1733/3799/3274 2023/3798/3273 2022/3800/3197
f 1733/3799/3274 2022/3800/3197 1734/3801/3204
f 1712/3802/3275 1711/3803/3276 2616/3804/3277
f 2616/3804/3277 1711/3803/3276 2615/3805/3278
f 2615/3805/3278 1711/3803/3276 2614/3806/3279
f 2614/3806/3279 1711/3803/3276 2613/3807/3280
f 2613/3807/3280 1711/3803/3276 2612/3808/3281
f 2612/3808/3281 1711/3803/3276 2611/3809/3282
f 2611/3809/3282 1711/3803/3276 2610/3810/3283
f 2610/3810/3283 1711/3803/3276 1710/3811/3284
f 2610/3810/3283 1710/3811/3284 2609/3812/3285
f 2609/3812/3285 1710/3811/3284 1709/3813/3286
f 2609/3812/3285 1709/3813/3286 2608/3814/3287
f 2608/3814/3287 1709/3813/3286 1708/3815/3288
f 2608/3814/3287 1708/3815/3288 2607/3816/3289
f 2607/3816/3289 1708/3815/3288 2606/3817/3290
f 2606/3817/3290 1708/3815/3288 1707/3818/3291
f 2606/3817/3290 1707/3818/3291 2605/3819/3292
f 2605/3819/3292 1707/3818/3291 2602/3820/3293
f 2605/3819/3292 2602/3820/3293 2603/3821/3294
f 1706/3822/3295 2600/3823/3296 1707/3818/3291
f 1707/3818/3291 2600/3823/3296 2601/3824/3297
f 1707/3818/3291 2601/3824/3297 2602/3820/3293
f 2603/3821/3294 2604/3825/3298 2605/3819/3292
f 2065/3826/3299 2611/3827/3300 2066/3828/3301
f 2066/3828/3301 2611/3827/3300 2610/3829/3302
f 2066/3828/3301 2610/3829/3302 2067/3830/3303
f 2067/3830/3303 2610/3829/3302 2609/3831/3304
f 2067/3830/3303 2609/3831/3304 2068/3832/3305
f 2068/3832/3305 2609/3831/3304 2608/3833/3306
f 2068/3832/3305 2608/3833/3306 2069/3834/3307
f 2069/3834/3307 2608/3833/3306 2607/3835/3308
f 2069/3834/3307 2607/3835/3308 2070/3836/3309
f 2070/3836/3309 2607/3835/3308 2606/3837/3310
f 2070/3836/3309 2606/3837/3310 2071/3838/3311
f 2071/3838/3311 2606/3837/3310 2605/3839/3312
f 1718/3840/3313 2055/3841/3314 1554/3842/3315
f 1554/3842/3315 2055/3841/3314 2054/3843/3316
f 1554/3842/3315 2054/3843/3316 1555/3844/3317
f 1555/3844/3317 2054/3843/3316 2053/3845/3318
f 1555/3844/3317 2053/3845/3318 2351/3846/3319
f 1718/3840/3313 1717/3847/3320 2055/3841/3314
f 2055/3841/3314 1717/3847/3320 1716/3848/3321
f 2055/3841/3314 1716/3848/3321 1715/3849/3322
f 1555/3844/3317 2351/3846/3319 1556/3850/3323
f 1556/3850/3323 2351/3846/3319 2350/3851/3324
f 1556/3850/3323 2350/3851/3324 1557/3852/3325
f 1557/3852/3325 2350/3851/3324 2349/3853/3326
f 1557/3852/3325 2349/3853/3326 1558/3854/3327
f 1558/3854/3327 2349/3853/3326 2348/3855/3328
f 2337/3856/3329 2083/3857/3330 1569/3858/3331
f 1569/3858/3331 2083/3857/3330 2082/3859/3332
f 1569/3858/3331 2082/3859/3332 1570/3860/3333
f 1570/3860/3333 2082/3859/3332 2081/3861/3334
f 1570/3860/3333 2081/3861/3334 1700/3862/3335
f 1700/3862/3335 2081/3861/3334 1701/3863/3336
f 1701/3863/3336 2081/3861/3334 1702/3864/3337
f 1702/3864/3337 2081/3861/3334 1703/3865/3338
f 1569/3858/3331 1568/3866/3339 2337/3856/3329
f 2337/3856/3329 1568/3866/3339 2338/3867/3340
f 2338/3867/3340 1568/3866/3339 1567/3868/3341
f 2338/3867/3340 1567/3868/3341 2339/3869/3342
f 2339/3869/3342 1567/3868/3341 1566/3870/3343
f 2339/3869/3342 1566/3870/3343 2340/3871/3344
f 1558/3872/3327 2348/3873/3328 1559/3874/3345
f 1559/3874/3345 2348/3873/3328 2347/3875/3346
f 1559/3874/3345 2347/3875/3346 1560/3876/3347
f 1560/3876/3347 2347/3875/3346 2346/3877/3348
f 1560/3876/3347 2346/3877/3348 1561/3878/3349
f 1561/3878/3349 2346/3877/3348 2345/3879/3350
f 1561/3878/3349 2345/3879/3350 1562/3880/3351
f 1562/3880/3351 2345/3879/3350 2344/3881/3352
f 1562/3880/3351 2344/3881/3352 2343/3882/3353
f 1562/3880/3351 2343/3882/3353 1563/3883/3354
f 1563/3883/3354 2343/3882/3353 2342/3884/3355
f 1563/3883/3354 2342/3884/3355 1564/3885/3356
f 1564/3885/3356 2342/3884/3355 2341/3886/3357
f 1564/3885/3356 2341/3886/3357 1565/3887/3358
f 1565/3887/3358 2341/3886/3357 2340/3888/3344
f 1565/3887/3358 2340/3888/3344 1566/3889/3343
f 1703/3890/3359 2081/3891/3334 1704/3892/3360
f 1704/3892/3360 2081/3891/3334 2080/3893/3361
f 1704/3892/3360 2080/3893/3361 1705/3894/3362
f 1705/3894/3362 2080/3893/3361 2079/3895/3363
f 1705/3894/3362 2079/3895/3363 1706/3896/3364
f 1706/3896/3364 2079/3895/3363 2078/3897/3365
f 1706/3896/3364 2078/3897/3365 2600/3898/3366
f 2600/3898/3366 2078/3897/3365 2077/3899/3367
f 2600/3898/3366 2077/3899/3367 2601/3900/3368
f 2601/3900/3368 2077/3899/3367 2076/3901/3369
f 2601/3900/3368 2076/3901/3369 2602/3902/3370
f 2602/3902/3370 2076/3901/3369 2075/3903/3371
f 2602/3902/3370 2075/3903/3371 2603/3904/3372
f 2603/3904/3372 2075/3903/3371 2074/3905/3373
f 2603/3904/3372 2074/3905/3373 2604/3906/3374
f 2604/3906/3374 2074/3905/3373 2073/3907/3375
f 2604/3906/3374 2073/3907/3375 2072/3908/3376
f 2071/3909/3311 2605/3910/3312 2072/3908/3376
f 2072/3908/3376 2605/3910/3312 2604/3906/3374
f 2065/3911/3299 2064/3912/3377 2611/3913/3300
f 2611/3913/3300 2064/3912/3377 2612/3914/3378
f 2612/3914/3378 2064/3912/3377 2063/3915/3379
f 2612/3914/3378 2063/3915/3379 2062/3916/3380
f 2612/3914/3378 2062/3916/3380 2613/3917/3381
f 2613/3917/3381 2062/3916/3380 2061/3918/3382
f 2613/3917/3381 2061/3918/3382 2614/3919/3383
f 2614/3919/3383 2061/3918/3382 2060/3920/3384
f 2614/3919/3383 2060/3920/3384 2059/3921/3385
f 2614/3919/3383 2059/3921/3385 2615/3922/3386
f 2615/3922/3386 2059/3921/3385 2058/3923/3387
f 2615/3922/3386 2058/3923/3387 2616/3924/3388
f 2616/3924/3388 2058/3923/3387 2057/3925/3389
f 2616/3924/3388 2057/3925/3389 1712/3926/3390
f 1712/3926/3390 2057/3925/3389 1713/3927/3391
f 1713/3927/3391 2057/3925/3389 2056/3928/3392
f 1713/3927/3391 2056/3928/3392 1714/3929/3393
f 1714/3929/3393 2056/3928/3392 2055/3930/3314
f 1714/3929/3393 2055/3930/3314 1715/3931/3322
f 1692/3932/3394 2628/3933/3395 1693/3934/3396
f 1693/3934/3396 2628/3933/3395 2629/3935/3397
f 1693/3934/3396 2629/3935/3397 2630/3936/3398
f 2628/3933/3395 1692/3932/3394 2627/3937/3399
f 2627/3937/3399 1692/3932/3394 1691/3938/3400
f 2627/3937/3399 1691/3938/3400 2626/3939/3401
f 2626/3939/3401 1691/3938/3400 1690/3940/3402
f 2626/3939/3401 1690/3940/3402 2625/3941/3403
f 2625/3941/3403 1690/3940/3402 1689/3942/3404
f 2625/3941/3403 1689/3942/3404 2624/3943/3405
f 2624/3943/3405 1689/3942/3404 2623/3944/3406
f 2623/3944/3406 1689/3942/3404 1688/3945/3407
f 2623/3944/3406 1688/3945/3407 2622/3946/3408
f 2622/3946/3408 1688/3945/3407 1687/3947/3409
f 2622/3946/3408 1687/3947/3409 2617/3948/3410
f 2617/3948/3410 2618/3949/3411 2622/3946/3408
f 2622/3946/3408 2618/3949/3411 2619/3950/3412
f 2622/3946/3408 2619/3950/3412 2620/3951/3413
f 2620/3951/3413 2621/3952/3414 2622/3946/3408
f 2630/3936/3398 2631/3953/3415 1693/3934/3396
f 1693/3934/3396 2631/3953/3415 2632/3954/3416
f 1693/3934/3396 2632/3954/3416 2633/3955/3417
f 2098/3956/3418 2628/3957/3419 2099/3958/3420
f 2099/3958/3420 2628/3957/3419 2627/3959/3421
f 2099/3958/3420 2627/3959/3421 2100/3960/3422
f 2100/3960/3422 2627/3959/3421 2626/3961/3423
f 2100/3960/3422 2626/3961/3423 2101/3962/3424
f 2101/3962/3424 2626/3961/3423 2625/3963/3425
f 2101/3962/3424 2625/3963/3425 2102/3964/3426
f 2102/3964/3426 2625/3963/3425 2624/3965/3427
f 2102/3964/3426 2624/3965/3427 2103/3966/3428
f 2103/3966/3428 2624/3965/3427 2623/3967/3429
f 2103/3966/3428 2623/3967/3429 2104/3968/3430
f 2104/3968/3430 2623/3967/3429 2622/3969/3431
f 1699/3970/3432 2088/3971/3433 1573/3972/3434
f 1573/3972/3434 2088/3971/3433 2087/3973/3435
f 1573/3972/3434 2087/3973/3435 1574/3974/3436
f 1574/3974/3436 2087/3973/3435 2086/3975/3437
f 1574/3974/3436 2086/3975/3437 2336/3976/3438
f 1699/3970/3432 1698/3977/3439 2088/3971/3433
f 2088/3971/3433 1698/3977/3439 1697/3978/3440
f 2088/3971/3433 1697/3978/3440 1696/3979/3441
f 1574/3974/3436 2336/3976/3438 1575/3980/3442
f 1575/3980/3442 2336/3976/3438 2335/3981/3443
f 1575/3980/3442 2335/3981/3443 1576/3982/3444
f 1576/3982/3444 2335/3981/3443 2334/3983/3445
f 1576/3982/3444 2334/3983/3445 1577/3984/3446
f 1577/3984/3446 2334/3983/3445 2333/3985/3447
f 2322/3986/3448 2116/3987/3449 1588/3988/3450
f 1588/3988/3450 2116/3987/3449 2115/3989/3451
f 1588/3988/3450 2115/3989/3451 1589/3990/3452
f 1589/3990/3452 2115/3989/3451 2114/3991/3453
f 1589/3990/3452 2114/3991/3453 1681/3992/3454
f 1681/3992/3454 2114/3991/3453 1682/3993/3455
f 1682/3993/3455 2114/3991/3453 1683/3994/3456
f 1683/3994/3456 2114/3991/3453 1684/3995/3457
f 1588/3988/3450 1587/3996/3458 2322/3986/3448
f 2322/3986/3448 1587/3996/3458 2323/3997/3459
f 2323/3997/3459 1587/3996/3458 1586/3998/3460
f 2323/3997/3459 1586/3998/3460 2324/3999/3461
f 2324/3999/3461 1586/3998/3460 1585/4000/3462
f 2324/3999/3461 1585/4000/3462 2325/4001/3463
f 1577/4002/3446 2333/4003/3447 1578/4004/3464
f 1578/4004/3464 2333/4003/3447 2332/4005/3465
f 1578/4004/3464 2332/4005/3465 1579/4006/3466
f 1579/4006/3466 2332/4005/3465 2331/4007/3467
f 1579/4006/3466 2331/4007/3467 1580/4008/3468
f 1580/4008/3468 2331/4007/3467 2330/4009/3469
f 1580/4008/3468 2330/4009/3469 1581/4010/3470
f 1581/4010/3470 2330/4009/3469 2329/4011/3471
f 1581/4010/3470 2329/4011/3471 2328/4012/3472
f 1581/4010/3470 2328/4012/3472 1582/4013/3473
f 1582/4013/3473 2328/4012/3472 2327/4014/3474
f 1582/4013/3473 2327/4014/3474 1583/4015/3475
f 1583/4015/3475 2327/4014/3474 2326/4016/3476
f 1583/4015/3475 2326/4016/3476 1584/4017/3477
f 1584/4017/3477 2326/4016/3476 2325/4018/3463
f 1584/4017/3477 2325/4018/3463 1585/4019/3462
f 1684/4020/3478 2114/4021/3453 1685/4022/3479
f 1685/4022/3479 2114/4021/3453 2113/4023/3480
f 1685/4022/3479 2113/4023/3480 1686/4024/3481
f 1686/4024/3481 2113/4023/3480 2112/4025/3482
f 1686/4024/3481 2112/4025/3482 1687/4026/3483
f 1687/4026/3483 2112/4025/3482 2111/4027/3484
f 1687/4026/3483 2111/4027/3484 2617/4028/3485
f 2617/4028/3485 2111/4027/3484 2110/4029/3486
f 2617/4028/3485 2110/4029/3486 2618/4030/3487
f 2618/4030/3487 2110/4029/3486 2109/4031/3488
f 2618/4030/3487 2109/4031/3488 2619/4032/3489
f 2619/4032/3489 2109/4031/3488 2108/4033/3490
f 2619/4032/3489 2108/4033/3490 2620/4034/3491
f 2620/4034/3491 2108/4033/3490 2107/4035/3492
f 2620/4034/3491 2107/4035/3492 2621/4036/3493
f 2621/4036/3493 2107/4035/3492 2106/4037/3494
f 2621/4036/3493 2106/4037/3494 2105/4038/3495
f 2104/4039/3430 2622/4040/3431 2105/4038/3495
f 2105/4038/3495 2622/4040/3431 2621/4036/3493
f 2098/4041/3418 2097/4042/3496 2628/4043/3419
f 2628/4043/3419 2097/4042/3496 2629/4044/3497
f 2629/4044/3497 2097/4042/3496 2096/4045/3498
f 2629/4044/3497 2096/4045/3498 2095/4046/3499
f 2629/4044/3497 2095/4046/3499 2630/4047/3500
f 2630/4047/3500 2095/4046/3499 2094/4048/3501
f 2630/4047/3500 2094/4048/3501 2631/4049/3502
f 2631/4049/3502 2094/4048/3501 2093/4050/3503
f 2631/4049/3502 2093/4050/3503 2092/4051/3504
f 2631/4049/3502 2092/4051/3504 2632/4052/3505
f 2632/4052/3505 2092/4051/3504 2091/4053/3506
f 2632/4052/3505 2091/4053/3506 2633/4054/3507
f 2633/4054/3507 2091/4053/3506 2090/4055/3508
f 2633/4054/3507 2090/4055/3508 1693/4056/3509
f 1693/4056/3509 2090/4055/3508 1694/4057/3510
f 1694/4057/3510 2090/4055/3508 2089/4058/3511
f 1694/4057/3510 2089/4058/3511 1695/4059/3512
f 1695/4059/3512 2089/4058/3511 2088/4060/3433
f 1695/4059/3512 2088/4060/3433 1696/4061/3441
f 2650/4062/3513 1674/4063/3514 2645/4064/3515
f 2645/4064/3515 1674/4063/3514 1673/4065/3516
f 2645/4064/3515 1673/4065/3516 2644/4066/3517
f 2644/4066/3517 1673/4065/3516 1672/4067/3518
f 2644/4066/3517 1672/4067/3518 2643/4068/3519
f 2643/4068/3519 1672/4067/3518 2642/4069/3520
f 2642/4069/3520 1672/4067/3518 1671/4070/3521
f 2642/4069/3520 1671/4070/3521 2641/4071/3522
f 2641/4071/3522 1671/4070/3521 1670/4072/3523
f 2641/4071/3522 1670/4072/3523 2640/4073/3524
f 2640/4073/3524 1670/4072/3523 1669/4074/3525
f 2640/4073/3524 1669/4074/3525 2639/4075/3526
f 2639/4075/3526 1669/4074/3525 1668/4076/3527
f 2639/4075/3526 1668/4076/3527 2638/4077/3528
f 2638/4077/3528 1668/4076/3527 2637/4078/3529
f 2637/4078/3529 1668/4076/3527 2636/4079/3530
f 2636/4079/3530 1668/4076/3527 2635/4080/3531
f 2635/4080/3531 1668/4076/3527 2634/4081/3532
f 2646/4082/3533 2647/4083/3534 2645/4064/3515
f 2645/4064/3515 2647/4083/3534 2648/4084/3535
f 2645/4064/3515 2648/4084/3535 2649/4085/3536
f 2649/4085/3536 2650/4062/3513 2645/4064/3515
f 2131/4086/3537 2645/4087/3538 2132/4088/3539
f 2132/4088/3539 2645/4087/3538 2644/4089/3540
f 2132/4088/3539 2644/4089/3540 2133/4090/3541
f 2133/4090/3541 2644/4089/3540 2643/4091/3542
f 2133/4090/3541 2643/4091/3542 2134/4092/3543
f 2134/4092/3543 2643/4091/3542 2642/4093/3544
f 2134/4092/3543 2642/4093/3544 2135/4094/3545
f 2135/4094/3545 2642/4093/3544 2641/4095/3546
f 2135/4094/3545 2641/4095/3546 2136/4096/3547
f 2136/4096/3547 2641/4095/3546 2640/4097/3548
f 2136/4096/3547 2640/4097/3548 2137/4098/3549
f 2137/4098/3549 2640/4097/3548 2639/4099/3550
f 1680/4100/3551 2121/4101/3552 1592/4102/3553
f 1592/4102/3553 2121/4101/3552 2120/4103/3554
f 1592/4102/3553 2120/4103/3554 1593/4104/3555
f 1593/4104/3555 2120/4103/3554 2119/4105/3556
f 1593/4104/3555 2119/4105/3556 2321/4106/3557
f 1680/4100/3551 1679/4107/3558 2121/4101/3552
f 2121/4101/3552 1679/4107/3558 1678/4108/3559
f 2121/4101/3552 1678/4108/3559 1677/4109/3560
f 1593/4104/3555 2321/4106/3557 1594/4110/3561
f 1594/4110/3561 2321/4106/3557 2320/4111/3562
f 1594/4110/3561 2320/4111/3562 1595/4112/3563
f 1595/4112/3563 2320/4111/3562 2319/4113/3564
f 1595/4112/3563 2319/4113/3564 1596/4114/3565
f 1596/4114/3565 2319/4113/3564 2318/4115/3566
f 2307/4116/3567 1984/4117/3568 1607/4118/3569
f 1607/4118/3569 1984/4117/3568 2148/4119/3570
f 1607/4118/3569 2148/4119/3570 1513/4120/3571
f 1513/4120/3571 2148/4119/3570 2147/4121/3572
f 1513/4120/3571 2147/4121/3572 1662/4122/3573
f 1662/4122/3573 2147/4121/3572 1663/4123/3574
f 1663/4123/3574 2147/4121/3572 1664/4124/3575
f 1664/4124/3575 2147/4121/3572 1665/4125/3576
f 1607/4118/3569 1606/4126/3577 2307/4116/3567
f 2307/4116/3567 1606/4126/3577 2308/4127/3578
f 2308/4127/3578 1606/4126/3577 1605/4128/3579
f 2308/4127/3578 1605/4128/3579 2309/4129/3580
f 2309/4129/3580 1605/4128/3579 1604/4130/3581
f 2309/4129/3580 1604/4130/3581 2310/4131/3582
f 1596/4132/3565 2318/4133/3566 1597/4134/3583
f 1597/4134/3583 2318/4133/3566 2317/4135/3584
f 1597/4134/3583 2317/4135/3584 1598/4136/3585
f 1598/4136/3585 2317/4135/3584 2316/4137/3586
f 1598/4136/3585 2316/4137/3586 1599/4138/3587
f 1599/4138/3587 2316/4137/3586 2315/4139/3588
f 1599/4138/3587 2315/4139/3588 1600/4140/3589
f 1600/4140/3589 2315/4139/3588 2314/4141/3590
f 1600/4140/3589 2314/4141/3590 2313/4142/3591
f 1600/4140/3589 2313/4142/3591 1601/4143/3592
f 1601/4143/3592 2313/4142/3591 2312/4144/3593
f 1601/4143/3592 2312/4144/3593 1602/4145/3594
f 1602/4145/3594 2312/4144/3593 2311/4146/3595
f 1602/4145/3594 2311/4146/3595 1603/4147/3596
f 1603/4147/3596 2311/4146/3595 2310/4148/3582
f 1603/4147/3596 2310/4148/3582 1604/4149/3581
f 1665/4150/3597 2147/4151/3572 1666/4152/3598
f 1666/4152/3598 2147/4151/3572 2146/4153/3599
f 1666/4152/3598 2146/4153/3599 1667/4154/3600
f 1667/4154/3600 2146/4153/3599 2145/4155/3601
f 1667/4154/3600 2145/4155/3601 1668/4156/3602
f 1668/4156/3602 2145/4155/3601 2144/4157/3603
f 1668/4156/3602 2144/4157/3603 2634/4158/3604
f 2634/4158/3604 2144/4157/3603 2143/4159/3605
f 2634/4158/3604 2143/4159/3605 2635/4160/3606
f 2635/4160/3606 2143/4159/3605 2142/4161/3607
f 2635/4160/3606 2142/4161/3607 2636/4162/3608
f 2636/4162/3608 2142/4161/3607 2141/4163/3609
f 2636/4162/3608 2141/4163/3609 2637/4164/3610
f 2637/4164/3610 2141/4163/3609 2140/4165/3611
f 2637/4164/3610 2140/4165/3611 2638/4166/3612
f 2638/4166/3612 2140/4165/3611 2139/4167/3613
f 2638/4166/3612 2139/4167/3613 2138/4168/3614
f 2137/4169/3549 2639/4170/3550 2138/4168/3614
f 2138/4168/3614 2639/4170/3550 2638/4166/3612
f 2131/4171/3537 2130/4172/3615 2645/4173/3538
f 2645/4173/3538 2130/4172/3615 2646/4174/3616
f 2646/4174/3616 2130/4172/3615 2129/4175/3617
f 2646/4174/3616 2129/4175/3617 2128/4176/3618
f 2646/4174/3616 2128/4176/3618 2647/4177/3619
f 2647/4177/3619 2128/4176/3618 2127/4178/3620
f 2647/4177/3619 2127/4178/3620 2648/4179/3621
f 2648/4179/3621 2127/4178/3620 2126/4180/3622
f 2648/4179/3621 2126/4180/3622 2125/4181/3623
f 2648/4179/3621 2125/4181/3623 2649/4182/3624
f 2649/4182/3624 2125/4181/3623 2124/4183/3625
f 2649/4182/3624 2124/4183/3625 2650/4184/3626
f 2650/4184/3626 2124/4183/3625 2123/4185/3627
f 2650/4184/3626 2123/4185/3627 1674/4186/3628
f 1674/4186/3628 2123/4185/3627 1675/4187/3629
f 1675/4187/3629 2123/4185/3627 2122/4188/3630
f 1675/4187/3629 2122/4188/3630 1676/4189/3631
f 1676/4189/3631 2122/4188/3630 2121/4190/3552
f 1676/4189/3631 2121/4190/3552 1677/4191/3560
f 1655/4192/3632 1654/4193/3633 2667/4194/3634
f 2667/4194/3634 1654/4193/3633 2666/4195/3635
f 2666/4195/3635 1654/4193/3633 2665/4196/3636
f 2665/4196/3636 1654/4193/3633 2662/4197/3637
f 2665/4196/3636 2662/4197/3637 2664/4198/3638
f 2664/4198/3638 2662/4197/3637 2663/4199/3639
f 2662/4197/3637 1654/4193/3633 2661/4200/3640
f 2661/4200/3640 1654/4193/3633 1653/4201/3641
f 2661/4200/3640 1653/4201/3641 2660/4202/3642
f 2660/4202/3642 1653/4201/3641 2659/4203/3643
f 2659/4203/3643 1653/4201/3641 1652/4204/3644
f 2659/4203/3643 1652/4204/3644 2658/4205/3645
f 2658/4205/3645 1652/4204/3644 1651/4206/3646
f 2658/4205/3645 1651/4206/3646 2657/4207/3647
f 2657/4207/3647 1651/4206/3646 1650/4208/3648
f 2657/4207/3647 1650/4208/3648 2656/4209/3649
f 2656/4209/3649 1650/4208/3648 2655/4210/3650
f 2655/4210/3650 1650/4208/3648 2654/4211/3651
f 2654/4211/3651 1650/4208/3648 2653/4212/3652
f 2653/4212/3652 1650/4208/3648 2652/4213/3653
f 2652/4213/3653 1650/4208/3648 2651/4214/3654
f 2651/4214/3654 1650/4208/3648 1649/4215/3655
f 1999/4216/3656 2662/4217/3657 2000/4218/3658
f 2000/4218/3658 2662/4217/3657 2661/4219/3659
f 2000/4218/3658 2661/4219/3659 2001/4220/3660
f 2001/4220/3660 2661/4219/3659 2660/4221/3661
f 2001/4220/3660 2660/4221/3661 2002/4222/3662
f 2002/4222/3662 2660/4221/3661 2659/4223/3663
f 2002/4222/3662 2659/4223/3663 2003/4224/3664
f 2003/4224/3664 2659/4223/3663 2658/4225/3665
f 2003/4224/3664 2658/4225/3665 2004/4226/3666
f 2004/4226/3666 2658/4225/3665 2657/4227/3667
f 2004/4226/3666 2657/4227/3667 2005/4228/3668
f 2005/4228/3668 2657/4227/3667 2656/4229/3669
f 1661/4230/3670 1989/4231/3671 1516/4232/3672
f 1516/4232/3672 1989/4231/3671 1988/4233/3673
f 1516/4232/3672 1988/4233/3673 1517/4234/3674
f 1517/4234/3674 1988/4233/3673 1987/4235/3675
f 1517/4234/3674 1987/4235/3675 2306/4236/3676
f 1661/4230/3670 1660/4237/3677 1989/4231/3671
f 1989/4231/3671 1660/4237/3677 1659/4238/3678
f 1989/4231/3671 1659/4238/3678 1658/4239/3679
f 1517/4234/3674 2306/4236/3676 1518/4240/3680
f 1518/4240/3680 2306/4236/3676 2305/4241/3681
f 1518/4240/3680 2305/4241/3681 1519/4242/3682
f 1519/4242/3682 2305/4241/3681 2304/4243/3683
f 1519/4242/3682 2304/4243/3683 1520/4244/3684
f 1520/4244/3684 2304/4243/3683 2303/4245/3685
f 2292/4246/3686 2017/4247/3687 1531/4248/3688
f 1531/4248/3688 2017/4247/3687 2016/4249/3689
f 1531/4248/3688 2016/4249/3689 1532/4250/3690
f 1532/4250/3690 2016/4249/3689 2015/4251/3691
f 1532/4250/3690 2015/4251/3691 1737/4252/3692
f 1737/4252/3692 2015/4251/3691 1738/4253/3693
f 1738/4253/3693 2015/4251/3691 1739/4254/3694
f 1739/4254/3694 2015/4251/3691 1740/4255/3695
f 1531/4248/3688 1530/4256/3696 2292/4246/3686
f 2292/4246/3686 1530/4256/3696 2293/4257/3697
f 2293/4257/3697 1530/4256/3696 1529/4258/3698
f 2293/4257/3697 1529/4258/3698 2294/4259/3699
f 2294/4259/3699 1529/4258/3698 1528/4260/3700
f 2294/4259/3699 1528/4260/3700 2295/4261/3701
f 1520/4262/3684 2303/4263/3685 1521/4264/3702
f 1521/4264/3702 2303/4263/3685 2302/4265/3703
f 1521/4264/3702 2302/4265/3703 1522/4266/3704
f 1522/4266/3704 2302/4265/3703 2301/4267/3705
f 1522/4266/3704 2301/4267/3705 1523/4268/3706
f 1523/4268/3706 2301/4267/3705 2300/4269/3707
f 1523/4268/3706 2300/4269/3707 1524/4270/3708
f 1524/4270/3708 2300/4269/3707 2299/4271/3709
f 1524/4270/3708 2299/4271/3709 2298/4272/3710
f 1524/4270/3708 2298/4272/3710 1525/4273/3711
f 1525/4273/3711 2298/4272/3710 2297/4274/3712
f 1525/4273/3711 2297/4274/3712 1526/4275/3713
f 1526/4275/3713 2297/4274/3712 2296/4276/3714
f 1526/4275/3713 2296/4276/3714 1527/4277/3715
f 1527/4277/3715 2296/4276/3714 2295/4278/3701
f 1527/4277/3715 2295/4278/3701 1528/4279/3700
f 1740/4280/3716 2015/4281/3691 1741/4282/3717
f 1741/4282/3717 2015/4281/3691 2014/4283/3718
f 1741/4282/3717 2014/4283/3718 1742/4284/3719
f 1742/4284/3719 2014/4283/3718 2013/4285/3720
f 1742/4284/3719 2013/4285/3720 1649/4286/3721
f 1649/4286/3721 2013/4285/3720 2012/4287/3722
f 1649/4286/3721 2012/4287/3722 2651/4288/3723
f 2651/4288/3723 2012/4287/3722 2011/4289/3724
f 2651/4288/3723 2011/4289/3724 2652/4290/3725
f 2652/4290/3725 2011/4289/3724 2010/4291/3726
f 2652/4290/3725 2010/4291/3726 2653/4292/3727
f 2653/4292/3727 2010/4291/3726 2009/4293/3728
f 2653/4292/3727 2009/4293/3728 2654/4294/3729
f 2654/4294/3729 2009/4293/3728 2008/4295/3730
f 2654/4294/3729 2008/4295/3730 2655/4296/3731
f 2655/4296/3731 2008/4295/3730 2007/4297/3732
f 2655/4296/3731 2007/4297/3732 2006/4298/3733
f 2005/4299/3668 2656/4300/3669 2006/4298/3733
f 2006/4298/3733 2656/4300/3669 2655/4296/3731
f 1999/4301/3656 1998/4302/3734 2662/4303/3657
f 2662/4303/3657 1998/4302/3734 2663/4304/3735
f 2663/4304/3735 1998/4302/3734 1997/4305/3736
f 2663/4304/3735 1997/4305/3736 1996/4306/3737
f 2663/4304/3735 1996/4306/3737 2664/4307/3738
f 2664/4307/3738 1996/4306/3737 1995/4308/3739
f 2664/4307/3738 1995/4308/3739 2665/4309/3740
f 2665/4309/3740 1995/4308/3739 1994/4310/3741
f 2665/4309/3740 1994/4310/3741 1993/4311/3742
f 2665/4309/3740 1993/4311/3742 2666/4312/3743
f 2666/4312/3743 1993/4311/3742 1992/4313/3744
f 2666/4312/3743 1992/4313/3744 2667/4314/3745
f 2667/4314/3745 1992/4313/3744 1991/4315/3746
f 2667/4314/3745 1991/4315/3746 1655/4316/3747
f 1655/4316/3747 1991/4315/3746 1656/4317/3748
f 1656/4317/3748 1991/4315/3746 1990/4318/3749
f 1656/4317/3748 1990/4318/3749 1657/4319/3750
f 1657/4319/3750 1990/4318/3749 1989/4320/3671
f 1657/4319/3750 1989/4320/3671 1658/4321/3679
f 2558/4322/3066 2673/4323/3751 2535/4324/3064
f 2535/4324/3064 2673/4323/3751 2682/4325/3752
f 2535/4324/3064 2682/4325/3752 2536/4326/3062
f 2536/4326/3062 2682/4325/3752 2783/4327/3753
f 2536/4326/3062 2783/4327/3753 2537/4328/3108
f 2537/4328/3108 2783/4327/3753 2778/4329/3754
f 2537/4328/3108 2778/4329/3754 2538/4330/3106
f 2538/4330/3106 2778/4329/3754 2773/4331/3755
f 2538/4330/3106 2773/4331/3755 2539/4332/3104
f 2539/4332/3104 2773/4331/3755 2768/4333/3756
f 2539/4332/3104 2768/4333/3756 2540/4334/3102
f 2540/4334/3102 2768/4333/3756 2763/4335/3757
f 2540/4334/3102 2763/4335/3757 2541/4336/3100
f 2541/4336/3100 2763/4335/3757 2758/4337/3758
f 2541/4336/3100 2758/4337/3758 2542/4338/3098
f 2542/4338/3098 2758/4337/3758 2753/4339/3759
f 2542/4338/3098 2753/4339/3759 2543/4340/3096
f 2543/4340/3096 2753/4339/3759 2748/4341/3760
f 2543/4340/3096 2748/4341/3760 2544/4342/3094
f 2544/4342/3094 2748/4341/3760 2743/4343/3761
f 2544/4342/3094 2743/4343/3761 2545/4344/3092
f 2545/4344/3092 2743/4343/3761 2738/4345/3762
f 2545/4344/3092 2738/4345/3762 2546/4346/3090
f 2546/4346/3090 2738/4345/3762 2733/4347/3763
f 2546/4346/3090 2733/4347/3763 2547/4348/3088
f 2547/4348/3088 2733/4347/3763 2668/4349/3764
f 2547/4350/3088 2668/4351/3764 2548/4352/3086
f 2548/4352/3086 2668/4351/3764 2728/4353/3765
f 2548/4352/3086 2728/4353/3765 2549/4354/3084
f 2549/4354/3084 2728/4353/3765 2723/4355/3766
f 2549/4354/3084 2723/4355/3766 2550/4356/3082
f 2550/4356/3082 2723/4355/3766 2718/4357/3767
f 2550/4356/3082 2718/4357/3767 2551/4358/3080
f 2551/4358/3080 2718/4357/3767 2713/4359/3768
f 2551/4358/3080 2713/4359/3768 2552/4360/3078
f 2552/4360/3078 2713/4359/3768 2708/4361/3769
f 2552/4360/3078 2708/4361/3769 2553/4362/3076
f 2553/4362/3076 2708/4361/3769 2703/4363/3770
f 2553/4362/3076 2703/4363/3770 2554/4364/3074
f 2554/4364/3074 2703/4363/3770 2698/4365/3771
f 2554/4364/3074 2698/4365/3771 2555/4366/3072
f 2555/4366/3072 2698/4365/3771 2693/4367/3772
f 2555/4366/3072 2693/4367/3772 2556/4368/3070
f 2556/4368/3070 2693/4367/3772 2688/4369/3773
f 2556/4368/3070 2688/4369/3773 2557/4370/3068
f 2557/4370/3068 2688/4369/3773 2683/4371/3774
f 2557/4370/3068 2683/4371/3774 2558/4322/3066
f 2558/4322/3066 2683/4371/3774 2673/4323/3751
f 2582/4372/3126 2787/4373/3775 2559/4374/3123
f 2559/4374/3123 2787/4373/3775 2678/4375/3776
f 2559/4374/3123 2678/4375/3776 2560/4376/3121
f 2560/4376/3121 2678/4375/3776 2677/4377/3777
f 2560/4376/3121 2677/4377/3777 2561/4378/3119
f 2561/4378/3119 2677/4377/3777 2687/4379/3778
f 2561/4378/3119 2687/4379/3778 2562/4380/3117
f 2562/4380/3117 2687/4379/3778 2692/4381/3779
f 2562/4380/3117 2692/4381/3779 2563/4382/3115
f 2563/4382/3115 2692/4381/3779 2697/4383/3780
f 2563/4382/3115 2697/4383/3780 2564/4384/3111
f 2564/4384/3111 2697/4383/3780 2702/4385/3781
f 2564/4384/3111 2702/4385/3781 2565/4386/3113
f 2565/4386/3113 2702/4385/3781 2707/4387/3782
f 2565/4386/3113 2707/4387/3782 2566/4388/3114
f 2566/4388/3114 2707/4387/3782 2712/4389/3783
f 2566/4388/3114 2712/4389/3783 2567/4390/3156
f 2567/4390/3156 2712/4389/3783 2717/4391/3784
f 2567/4390/3156 2717/4391/3784 2568/4392/3154
f 2568/4392/3154 2717/4391/3784 2722/4393/3785
f 2568/4392/3154 2722/4393/3785 2569/4394/3152
f 2569/4394/3152 2722/4393/3785 2727/4395/3786
f 2569/4394/3152 2727/4395/3786 2570/4396/3149
f 2570/4396/3149 2727/4395/3786 2732/4397/3787
f 2570/4396/3149 2732/4397/3787 2571/4398/3147
f 2571/4398/3147 2732/4397/3787 2672/4399/3788
f 2571/4400/3147 2672/4401/3788 2572/4402/3145
f 2572/4402/3145 2672/4401/3788 2737/4403/3789
f 2572/4402/3145 2737/4403/3789 2573/4404/3143
f 2573/4404/3143 2737/4403/3789 2742/4405/3790
f 2573/4404/3143 2742/4405/3790 2574/4406/3141
f 2574/4406/3141 2742/4405/3790 2747/4407/3791
f 2574/4406/3141 2747/4407/3791 2575/4408/3139
f 2575/4408/3139 2747/4407/3791 2752/4409/3792
f 2575/4408/3139 2752/4409/3792 2576/4410/3137
f 2576/4410/3137 2752/4409/3792 2757/4411/3793
f 2576/4410/3137 2757/4411/3793 2577/4412/3136
f 2577/4412/3136 2757/4411/3793 2762/4413/3794
f 2577/4412/3136 2762/4413/3794 2578/4414/3134
f 2578/4414/3134 2762/4413/3794 2767/4415/3795
f 2578/4414/3134 2767/4415/3795 2579/4416/3132
f 2579/4416/3132 2767/4415/3795 2772/4417/3796
f 2579/4416/3132 2772/4417/3796 2580/4418/3130
f 2580/4418/3130 2772/4417/3796 2777/4419/3797
f 2580/4418/3130 2777/4419/3797 2581/4420/3128
f 2581/4420/3128 2777/4419/3797 2782/4421/3798
f 2581/4420/3128 2782/4421/3798 2582/4372/3126
f 2582/4372/3126 2782/4421/3798 2787/4373/3775
f 2668/4351/3764 2669/4422/3799 2728/4353/3765
f 2728/4353/3765 2669/4422/3799 2729/4423/3800
f 2728/4353/3765 2729/4423/3800 2723/4355/3766
f 2723/4355/3766 2729/4423/3800 2724/4424/3801
f 2723/4355/3766 2724/4424/3801 2718/4357/3767
f 2718/4357/3767 2724/4424/3801 2719/4425/3802
f 2718/4357/3767 2719/4425/3802 2713/4359/3768
f 2713/4359/3768 2719/4425/3802 2714/4426/3803
f 2713/4359/3768 2714/4426/3803 2708/4361/3769
f 2708/4361/3769 2714/4426/3803 2709/4427/3804
f 2708/4361/3769 2709/4427/3804 2703/4363/3770
f 2703/4363/3770 2709/4427/3804 2704/4428/3805
f 2703/4363/3770 2704/4428/3805 2698/4365/3771
f 2698/4365/3771 2704/4428/3805 2699/4429/3806
f 2698/4365/3771 2699/4429/3806 2693/4367/3772
f 2693/4367/3772 2699/4429/3806 2694/4430/3807
f 2693/4367/3772 2694/4430/3807 2688/4369/3773
f 2688/4369/3773 2694/4430/3807 2689/4431/3808
f 2688/4369/3773 2689/4431/3808 2683/4371/3774
f 2683/4371/3774 2689/4431/3808 2684/4432/3809
f 2683/4371/3774 2684/4432/3809 2673/4323/3751
f 2673/4323/3751 2684/4432/3809 2674/4433/3810
f 2673/4323/3751 2674/4433/3810 2682/4325/3752
f 2682/4325/3752 2674/4433/3810 2681/4434/3811
f 2682/4325/3752 2681/4434/3811 2783/4327/3753
f 2783/4327/3753 2681/4434/3811 2784/4435/3812
f 2783/4327/3753 2784/4435/3812 2778/4329/3754
f 2778/4329/3754 2784/4435/3812 2779/4436/3813
f 2778/4329/3754 2779/4436/3813 2773/4331/3755
f 2773/4331/3755 2779/4436/3813 2774/4437/3814
f 2773/4331/3755 2774/4437/3814 2768/4333/3756
f 2768/4333/3756 2774/4437/3814 2769/4438/3815
f 2768/4333/3756 2769/4438/3815 2763/4335/3757
f 2763/4335/3757 2769/4438/3815 2764/4439/3816
f 2763/4335/3757 2764/4439/3816 2758/4337/3758
f 2758/4337/3758 2764/4439/3816 2759/4440/3817
f 2758/4337/3758 2759/4440/3817 2753/4339/3759
f 2753/4339/3759 2759/4440/3817 2754/4441/3818
f 2753/4339/3759 2754/4441/3818 2748/4341/3760
f 2748/4341/3760 2754/4441/3818 2749/4442/3819
f 2748/4341/3760 2749/4442/3819 2743/4343/3761
f 2743/4343/3761 2749/4442/3819 2744/4443/3820
f 2743/4343/3761 2744/4443/3820 2738/4345/3762
f 2738/4345/3762 2744/4443/3820 2739/4444/3821
f 2738/4345/3762 2739/4444/3821 2733/4347/3763
f 2733/4347/3763 2739/4444/3821 2734/4445/3822
f 2733/4347/3763 2734/4445/3822 2668/4349/3764
f 2668/4349/3764 2734/4445/3822 2669/4446/3799
f 2669/4422/3799 2670/4447/3823 2729/4423/3800
f 2729/4423/3800 2670/4447/3823 2730/4448/3824
f 2729/4423/3800 2730/4448/3824 2724/4424/3801
f 2724/4424/3801 2730/4448/3824 2725/4449/3825
f 2724/4424/3801 2725/4449/3825 2719/4425/3802
f 2719/4425/3802 2725/4449/3825 2720/4450/3826
f 2719/4425/3802 2720/4450/3826 2714/4426/3803
f 2714/4426/3803 2720/4450/3826 2715/4451/3827
f 2714/4426/3803 2715/4451/3827 2709/4427/3804
f 2709/4427/3804 2715/4451/3827 2710/4452/3828
f 2709/4427/3804 2710/4452/3828 2704/4428/3805
f 2704/4428/3805 2710/4452/3828 2705/4453/3829
f 2704/4428/3805 2705/4453/3829 2699/4429/3806
f 2699/4429/3806 2705/4453/3829 2700/4454/3830
f 2699/4429/3806 2700/4454/3830 2694/4430/3807
f 2694/4430/3807 2700/4454/3830 2695/4455/3831
f 2694/4430/3807 2695/4455/3831 2689/4431/3808
f 2689/4431/3808 2695/4455/3831 2690/4456/3832
f 2689/4431/3808 2690/4456/3832 2684/4432/3809
f 2684/4432/3809 2690/4456/3832 2685/4457/3833
f 2684/4432/3809 2685/4457/3833 2674/4433/3810
f 2674/4433/3810 2685/4457/3833 2675/4458/3834
f 2674/4433/3810 2675/4458/3834 2681/4434/3811
f 2681/4434/3811 2675/4458/3834 2680/4459/3835
f 2681/4434/3811 2680/4459/3835 2784/4435/3812
f 2784/4435/3812 2680/4459/3835 2785/4460/3836
f 2784/4435/3812 2785/4460/3836 2779/4436/3813
f 2779/4436/3813 2785/4460/3836 2780/4461/3837
f 2779/4436/3813 2780/4461/3837 2774/4437/3814
f 2774/4437/3814 2780/4461/3837 2775/4462/3838
f 2774/4437/3814 2775/4462/3838 2769/4438/3815
f 2769/4438/3815 2775/4462/3838 2770/4463/3839
f 2769/4438/3815 2770/4463/3839 2764/4439/3816
f 2764/4439/3816 2770/4463/3839 2765/4464/3840
f 2764/4439/3816 2765/4464/3840 2759/4440/3817
f 2759/4440/3817 2765/4464/3840 2760/4465/3841
f 2759/4440/3817 2760/4465/3841 2754/4441/3818
f 2754/4441/3818 2760/4465/3841 2755/4466/3842
f 2754/4441/3818 2755/4466/3842 2749/4442/3819
f 2749/4442/3819 2755/4466/3842 2750/4467/3843
f 2749/4442/3819 2750/4467/3843 2744/4443/3820
f 2744/4443/3820 2750/4467/3843 2745/4468/3844
f 2744/4443/3820 2745/4468/3844 2739/4444/3821
f 2739/4444/3821 2745/4468/3844 2740/4469/3845
f 2739/4444/3821 2740/4469/3845 2734/4445/3822
f 2734/4445/3822 2740/4469/3845 2735/4470/3846
f 2734/4445/3822 2735/4470/3846 2669/4446/3799
f 2669/4446/3799 2735/4470/3846 2670/4471/3823
f 2670/4447/3823 2671/4472/3847 2730/4448/3824
f 2730/4448/3824 2671/4472/3847 2731/4473/3848
f 2730/4448/3824 2731/4473/3848 2725/4449/3825
f 2725/4449/3825 2731/4473/3848 2726/4474/3849
f 2725/4449/3825 2726/4474/3849 2720/4450/3826
f 2720/4450/3826 2726/4474/3849 2721/4475/3850
f 2720/4450/3826 2721/4475/3850 2715/4451/3827
f 2715/4451/3827 2721/4475/3850 2716/4476/3851
f 2715/4451/3827 2716/4476/3851 2710/4452/3828
f 2710/4452/3828 2716/4476/3851 2711/4477/3852
f 2710/4452/3828 2711/4477/3852 2705/4453/3829
f 2705/4453/3829 2711/4477/3852 2706/4478/3853
f 2705/4453/3829 2706/4478/3853 2700/4454/3830
f 2700/4454/3830 2706/4478/3853 2701/4479/3854
f 2700/4454/3830 2701/4479/3854 2695/4455/3831
f 2695/4455/3831 2701/4479/3854 2696/4480/3855
f 2695/4455/3831 2696/4480/3855 2690/4456/3832
f 2690/4456/3832 2696/4480/3855 2691/4481/3856
f 2690/4456/3832 2691/4481/3856 2685/4457/3833
f 2685/4457/3833 2691/4481/3856 2686/4482/3857
f 2685/4457/3833 2686/4482/3857 2675/4458/3834
f 2675/4458/3834 2686/4482/3857 2676/4483/3858
f 2675/4458/3834 2676/4483/3858 2680/4459/3835
f 2680/4459/3835 2676/4483/3858 2679/4484/3859
f 2680/4459/3835 2679/4484/3859 2785/4460/3836
f 2785/4460/3836 2679/4484/3859 2786/4485/3860
f 2785/4460/3836 2786/4485/3860 2780/4461/3837
f 2780/4461/3837 2786/4485/3860 2781/4486/3861
f 2780/4461/3837 2781/4486/3861 2775/4462/3838
f 2775/4462/3838 2781/4486/3861 2776/4487/3862
f 2775/4462/3838 2776/4487/3862 2770/4463/3839
f 2770/4463/3839 2776/4487/3862 2771/4488/3863
f 2770/4463/3839 2771/4488/3863 2765/4464/3840
f 2765/4464/3840 2771/4488/3863 2766/4489/3864
f 2765/4464/3840 2766/4489/3864 2760/4465/3841
f 2760/4465/3841 2766/4489/3864 2761/4490/3865
f 2760/4465/3841 2761/4490/3865 2755/4466/3842
f 2755/4466/3842 2761/4490/3865 2756/4491/3866
f 2755/4466/3842 2756/4491/3866 2750/4467/3843
f 2750/4467/3843 2756/4491/3866 2751/4492/3867
f 2750/4467/3843 2751/4492/3867 2745/4468/3844
f 2745/4468/3844 2751/4492/3867 2746/4493/3868
f 2745/4468/3844 2746/4493/3868 2740/4469/3845
f 2740/4469/3845 2746/4493/3868 2741/4494/3869
f 2740/4469/3845 2741/4494/3869 2735/4470/3846
f 2735/4470/3846 2741/4494/3869 2736/4495/3870
f 2735/4470/3846 2736/4495/3870 2670/4471/3823
f 2670/4471/3823 2736/4495/3870 2671/4496/3847
f 2671/4472/3847 2672/4399/3788 2731/4473/3848
f 2731/4473/3848 2672/4399/3788 2732/4397/3787
f 2731/4473/3848 2732/4397/3787 2726/4474/3849
f 2726/4474/3849 2732/4397/3787 2727/4395/3786
f 2726/4474/3849 2727/4395/3786 2721/4475/3850
f 2721/4475/3850 2727/4395/3786 2722/4393/3785
f 2721/4475/3850 2722/4393/3785 2716/4476/3851
f 2716/4476/3851 2722/4393/3785 2717/4391/3784
f 2716/4476/3851 2717/4391/3784 2711/4477/3852
f 2711/4477/3852 2717/4391/3784 2712/4389/3783
f 2711/4477/3852 2712/4389/3783 2706/4478/3853
f 2706/4478/3853 2712/4389/3783 2707/4387/3782
f 2706/4478/3853 2707/4387/3782 2701/4479/3854
f 2701/4479/3854 2707/4387/3782 2702/4385/3781
f 2701/4479/3854 2702/4385/3781 2696/4480/3855
f 2696/4480/3855 2702/4385/3781 2697/4383/3780
f 2696/4480/3855 2697/4383/3780 2691/4481/3856
f 2691/4481/3856 2697/4383/3780 2692/4381/3779
f 2691/4481/3856 2692/4381/3779 2686/4482/3857
f 2686/4482/3857 2692/4381/3779 2687/4379/3778
f 2686/4482/3857 2687/4379/3778 2676/4483/3858
f 2676/4483/3858 2687/4379/3778 2677/4377/3777
f 2676/4483/3858 2677/4377/3777 2679/4484/3859
f 2679/4484/3859 2677/4377/3777 2678/4375/3776
f 2679/4484/3859 2678/4375/3776 2786/4485/3860
f 2786/4485/3860 2678/4375/3776 2787/4373/3775
f 2786/4485/3860 2787/4373/3775 2781/4486/3861
f 2781/4486/3861 2787/4373/3775 2782/4421/3798
f 2781/4486/3861 2782/4421/3798 2776/4487/3862
f 2776/4487/3862 2782/4421/3798 2777/4419/3797
f 2776/4487/3862 2777/4419/3797 2771/4488/3863
f 2771/4488/3863 2777/4419/3797 2772/4417/3796
f 2771/4488/3863 2772/4417/3796 2766/4489/3864
f 2766/4489/3864 2772/4417/3796 2767/4415/3795
f 2766/4489/3864 2767/4415/3795 2761/4490/3865
f 2761/4490/3865 2767/4415/3795 2762/4413/3794
f 2761/4490/3865 2762/4413/3794 2756/4491/3866
f 2756/4491/3866 2762/4413/3794 2757/4411/3793
f 2756/4491/3866 2757/4411/3793 2751/4492/3867
f 2751/4492/3867 2757/4411/3793 2752/4409/3792
f 2751/4492/3867 2752/4409/3792 2746/4493/3868
f 2746/4493/3868 2752/4409/3792 2747/4407/3791
f 2746/4493/3868 2747/4407/3791 2741/4494/3869
f 2741/4494/3869 2747/4407/3791 2742/4405/3790
f 2741/4494/3869 2742/4405/3790 2736/4495/3870
f 2736/4495/3870 2742/4405/3790 2737/4403/3789
f 2736/4495/3870 2737/4403/3789 2671/4496/3847
f 2671/4496/3847 2737/4403/3789 2672/4401/3788
f 2291/4497/2863 2793/4498/3871 2268/4499/2796
f 2268/4499/2796 2793/4498/3871 2788/4500/3872
f 2268/4501/2796 2788/4502/3872 2908/4503/3873
f 2908/4503/3873 2788/4502/3872 2789/4504/3874
f 2908/4503/3873 2789/4504/3874 2909/4505/3875
f 2909/4505/3875 2789/4504/3874 2790/4506/3876
f 2909/4505/3875 2790/4506/3876 2910/4507/3877
f 2910/4507/3877 2790/4506/3876 2791/4508/3878
f 2910/4507/3877 2791/4508/3878 2911/4509/3879
f 2911/4509/3879 2791/4508/3878 2792/4510/3880
f 2911/4509/3879 2792/4510/3880 2912/4511/3881
f 2912/4511/3881 2792/4510/3880 2367/4512/2896
f 2912/4511/3881 2367/4512/2896 2390/4513/2898
f 2793/4498/3871 2291/4497/2863 2798/4514/3882
f 2798/4514/3882 2291/4497/2863 2290/4515/2859
f 2798/4514/3882 2290/4515/2859 2803/4516/3883
f 2803/4516/3883 2290/4515/2859 2289/4517/2855
f 2803/4516/3883 2289/4517/2855 2808/4518/3884
f 2808/4518/3884 2289/4517/2855 2288/4519/2854
f 2808/4518/3884 2288/4519/2854 2813/4520/3885
f 2813/4520/3885 2288/4519/2854 2287/4521/2851
f 2813/4520/3885 2287/4521/2851 2818/4522/3886
f 2818/4522/3886 2287/4521/2851 2286/4523/2847
f 2818/4522/3886 2286/4523/2847 2823/4524/3887
f 2823/4524/3887 2286/4523/2847 2285/4525/2843
f 2823/4524/3887 2285/4525/2843 2828/4526/3888
f 2828/4526/3888 2285/4525/2843 2284/4527/2839
f 2828/4526/3888 2284/4527/2839 2833/4528/3889
f 2833/4528/3889 2284/4527/2839 2283/4529/2838
f 2833/4528/3889 2283/4529/2838 2838/4530/3890
f 2838/4530/3890 2283/4529/2838 2282/4531/2834
f 2838/4530/3890 2282/4531/2834 2843/4532/3891
f 2843/4532/3891 2282/4531/2834 2281/4533/2831
f 2843/4532/3891 2281/4533/2831 2848/4534/3892
f 2848/4534/3892 2281/4533/2831 2280/4535/2827
f 2848/4534/3892 2280/4535/2827 2853/4536/3893
f 2853/4536/3893 2280/4535/2827 2279/4537/2824
f 2853/4536/3893 2279/4537/2824 2858/4538/3894
f 2858/4538/3894 2279/4537/2824 2278/4539/2822
f 2858/4538/3894 2278/4539/2822 2863/4540/3895
f 2863/4540/3895 2278/4539/2822 2277/4541/2819
f 2863/4540/3895 2277/4541/2819 2868/4542/3896
f 2868/4542/3896 2277/4541/2819 2276/4543/2815
f 2868/4542/3896 2276/4543/2815 2873/4544/3897
f 2873/4544/3897 2276/4543/2815 2275/4545/2811
f 2873/4544/3897 2275/4545/2811 2878/4546/3898
f 2878/4546/3898 2275/4545/2811 2274/4547/2810
f 2878/4546/3898 2274/4547/2810 2883/4548/3899
f 2883/4548/3899 2274/4547/2810 2273/4549/2808
f 2883/4548/3899 2273/4549/2808 2888/4550/3900
f 2888/4550/3900 2273/4549/2808 2272/4551/2804
f 2888/4550/3900 2272/4551/2804 2893/4552/3901
f 2893/4552/3901 2272/4551/2804 2271/4553/2801
f 2893/4552/3901 2271/4553/2801 2898/4554/3902
f 2898/4554/3902 2271/4553/2801 2270/4555/2797
f 2898/4554/3902 2270/4555/2797 2903/4556/3903
f 2903/4556/3903 2270/4555/2797 2269/4557/2795
f 2903/4556/3903 2269/4557/2795 2908/4503/3873
f 2908/4503/3873 2269/4557/2795 2268/4501/2796
f 2912/4511/3881 2390/4513/2898 2907/4558/3904
f 2907/4558/3904 2390/4513/2898 2389/4559/2900
f 2907/4558/3904 2389/4559/2900 2902/4560/3905
f 2902/4560/3905 2389/4559/2900 2388/4561/2902
f 2902/4560/3905 2388/4561/2902 2897/4562/3906
f 2897/4562/3906 2388/4561/2902 2387/4563/2904
f 2897/4562/3906 2387/4563/2904 2892/4564/3907
f 2892/4564/3907 2387/4563/2904 2386/4565/2906
f 2892/4564/3907 2386/4565/2906 2887/4566/3908
f 2887/4566/3908 2386/4565/2906 2385/4567/2908
f 2887/4566/3908 2385/4567/2908 2882/4568/3909
f 2882/4568/3909 2385/4567/2908 2384/4569/2910
f 2882/4568/3909 2384/4569/2910 2877/4570/3910
f 2877/4570/3910 2384/4569/2910 2383/4571/2912
f 2877/4570/3910 2383/4571/2912 2872/4572/3911
f 2872/4572/3911 2383/4571/2912 2382/4573/2914
f 2872/4572/3911 2382/4573/2914 2867/4574/3912
f 2867/4574/3912 2382/4573/2914 2381/4575/2916
f 2867/4574/3912 2381/4575/2916 2862/4576/3913
f 2862/4576/3913 2381/4575/2916 2380/4577/2918
f 2862/4576/3913 2380/4577/2918 2857/4578/3914
f 2857/4578/3914 2380/4577/2918 2379/4579/2920
f 2857/4578/3914 2379/4579/2920 2852/4580/3915
f 2852/4580/3915 2379/4579/2920 2378/4581/2922
f 2852/4580/3915 2378/4581/2922 2847/4582/3916
f 2847/4582/3916 2378/4581/2922 2377/4583/2924
f 2847/4582/3916 2377/4583/2924 2842/4584/3917
f 2842/4584/3917 2377/4583/2924 2376/4585/2926
f 2842/4584/3917 2376/4585/2926 2837/4586/3918
f 2837/4586/3918 2376/4585/2926 2375/4587/2928
f 2837/4586/3918 2375/4587/2928 2832/4588/3919
f 2832/4588/3919 2375/4587/2928 2374/4589/2930
f 2832/4588/3919 2374/4589/2930 2827/4590/3920
f 2827/4590/3920 2374/4589/2930 2373/4591/2932
f 2827/4590/3920 2373/4591/2932 2822/4592/3921
f 2822/4592/3921 2373/4591/2932 2372/4593/2934
f 2822/4592/3921 2372/4593/2934 2817/4594/3922
f 2817/4594/3922 2372/4593/2934 2371/4595/2936
f 2817/4594/3922 2371/4595/2936 2812/4596/3923
f 2812/4596/3923 2371/4595/2936 2370/4597/2938
f 2812/4596/3923 2370/4597/2938 2807/4598/3924
f 2807/4598/3924 2370/4597/2938 2369/4599/2940
f 2807/4598/3924 2369/4599/2940 2802/4600/3925
f 2802/4600/3925 2369/4599/2940 2368/4601/2894
f 2802/4600/3925 2368/4601/2894 2797/4602/3926
f 2797/4602/3926 2368/4601/2894 2367/4603/2896
f 2797/4602/3926 2367/4603/2896 2792/4604/3880
f 2789/4605/3874 2788/4500/3872 2794/4606/3927
f 2794/4606/3927 2788/4500/3872 2793/4498/3871
f 2794/4606/3927 2793/4498/3871 2799/4607/3928
f 2799/4607/3928 2793/4498/3871 2798/4514/3882
f 2799/4607/3928 2798/4514/3882 2804/4608/3929
f 2804/4608/3929 2798/4514/3882 2803/4516/3883
f 2804/4608/3929 2803/4516/3883 2809/4609/3930
f 2809/4609/3930 2803/4516/3883 2808/4518/3884
f 2809/4609/3930 2808/4518/3884 2814/4610/3931
f 2814/4610/3931 2808/4518/3884 2813/4520/3885
f 2814/4610/3931 2813/4520/3885 2819/4611/3932
f 2819/4611/3932 2813/4520/3885 2818/4522/3886
f 2819/4611/3932 2818/4522/3886 2824/4612/3933
f 2824/4612/3933 2818/4522/3886 2823/4524/3887
f 2824/4612/3933 2823/4524/3887 2829/4613/3934
f 2829/4613/3934 2823/4524/3887 2828/4526/3888
f 2829/4613/3934 2828/4526/3888 2834/4614/3935
f 2834/4614/3935 2828/4526/3888 2833/4528/3889
f 2834/4614/3935 2833/4528/3889 2839/4615/3936
f 2839/4615/3936 2833/4528/3889 2838/4530/3890
f 2839/4615/3936 2838/4530/3890 2844/4616/3937
f 2844/4616/3937 2838/4530/3890 2843/4532/3891
f 2844/4616/3937 2843/4532/3891 2849/4617/3938
f 2849/4617/3938 2843/4532/3891 2848/4534/3892
f 2849/4617/3938 2848/4534/3892 2854/4618/3939
f 2854/4618/3939 2848/4534/3892 2853/4536/3893
f 2854/4618/3939 2853/4536/3893 2859/4619/3940
f 2859/4619/3940 2853/4536/3893 2858/4538/3894
f 2859/4619/3940 2858/4538/3894 2864/4620/3941
f 2864/4620/3941 2858/4538/3894 2863/4540/3895
f 2864/4620/3941 2863/4540/3895 2869/4621/3942
f 2869/4621/3942 2863/4540/3895 2868/4542/3896
f 2869/4621/3942 2868/4542/3896 2874/4622/3943
f 2874/4622/3943 2868/4542/3896 2873/4544/3897
f 2874/4622/3943 2873/4544/3897 2879/4623/3944
f 2879/4623/3944 2873/4544/3897 2878/4546/3898
f 2879/4623/3944 2878/4546/3898 2884/4624/3945
f 2884/4624/3945 2878/4546/3898 2883/4548/3899
f 2884/4624/3945 2883/4548/3899 2889/4625/3946
f 2889/4625/3946 2883/4548/3899 2888/4550/3900
f 2889/4625/3946 2888/4550/3900 2894/4626/3947
f 2894/4626/3947 2888/4550/3900 2893/4552/3901
f 2894/4626/3947 2893/4552/3901 2899/4627/3948
f 2899/4627/3948 2893/4552/3901 2898/4554/3902
f 2899/4627/3948 2898/4554/3902 2904/4628/3949
f 2904/4628/3949 2898/4554/3902 2903/4556/3903
f 2904/4628/3949 2903/4556/3903 2909/4505/3875
f 2909/4505/3875 2903/4556/3903 2908/4503/3873
f 2790/4629/3876 2789/4605/3874 2795/4630/3950
f 2795/4630/3950 2789/4605/3874 2794/4606/3927
f 2795/4630/3950 2794/4606/3927 2800/4631/3951
f 2800/4631/3951 2794/4606/3927 2799/4607/3928
f 2800/4631/3951 2799/4607/3928 2805/4632/3952
f 2805/4632/3952 2799/4607/3928 2804/4608/3929
f 2805/4632/3952 2804/4608/3929 2810/4633/3953
f 2810/4633/3953 2804/4608/3929 2809/4609/3930
f 2810/4633/3953 2809/4609/3930 2815/4634/3954
f 2815/4634/3954 2809/4609/3930 2814/4610/3931
f 2815/4634/3954 2814/4610/3931 2820/4635/3955
f 2820/4635/3955 2814/4610/3931 2819/4611/3932
f 2820/4635/3955 2819/4611/3932 2825/4636/3956
f 2825/4636/3956 2819/4611/3932 2824/4612/3933
f 2825/4636/3956 2824/4612/3933 2830/4637/3957
f 2830/4637/3957 2824/4612/3933 2829/4613/3934
f 2830/4637/3957 2829/4613/3934 2835/4638/3958
f 2835/4638/3958 2829/4613/3934 2834/4614/3935
f 2835/4638/3958 2834/4614/3935 2840/4639/3959
f 2840/4639/3959 2834/4614/3935 2839/4615/3936
f 2840/4639/3959 2839/4615/3936 2845/4640/3960
f 2845/4640/3960 2839/4615/3936 2844/4616/3937
f 2845/4640/3960 2844/4616/3937 2850/4641/3961
f 2850/4641/3961 2844/4616/3937 2849/4617/3938
f 2850/4641/3961 2849/4617/3938 2855/4642/3962
f 2855/4642/3962 2849/4617/3938 2854/4618/3939
f 2855/4642/3962 2854/4618/3939 2860/4643/3963
f 2860/4643/3963 2854/4618/3939 2859/4619/3940
f 2860/4643/3963 2859/4619/3940 2865/4644/3964
f 2865/4644/3964 2859/4619/3940 2864/4620/3941
f 2865/4644/3964 2864/4620/3941 2870/4645/3965
f 2870/4645/3965 2864/4620/3941 2869/4621/3942
f 2870/4645/3965 2869/4621/3942 2875/4646/3966
f 2875/4646/3966 2869/4621/3942 2874/4622/3943
f 2875/4646/3966 2874/4622/3943 2880/4647/3967
f 2880/4647/3967 2874/4622/3943 2879/4623/3944
f 2880/4647/3967 2879/4623/3944 2885/4648/3968
f 2885/4648/3968 2879/4623/3944 2884/4624/3945
f 2885/4648/3968 2884/4624/3945 2890/4649/3969
f 2890/4649/3969 2884/4624/3945 2889/4625/3946
f 2890/4649/3969 2889/4625/3946 2895/4650/3970
f 2895/4650/3970 2889/4625/3946 2894/4626/3947
f 2895/4650/3970 2894/4626/3947 2900/4651/3971
f 2900/4651/3971 2894/4626/3947 2899/4627/3948
f 2900/4651/3971 2899/4627/3948 2905/4652/3972
f 2905/4652/3972 2899/4627/3948 2904/4628/3949
f 2905/4652/3972 2904/4628/3949 2910/4507/3877
f 2910/4507/3877 2904/4628/3949 2909/4505/3875
f 2797/4602/3926 2792/4604/3880 2791/4653/3878
f 2791/4653/3878 2790/4629/3876 2796/4654/3973
f 2796/4654/3973 2790/4629/3876 2795/4630/3950
f 2796/4654/3973 2795/4630/3950 2801/4655/3974
f 2801/4655/3974 2795/4630/3950 2800/4631/3951
f 2801/4655/3974 2800/4631/3951 2806/4656/3975
f 2806/4656/3975 2800/4631/3951 2805/4632/3952
f 2806/4656/3975 2805/4632/3952 2811/4657/3976
f 2811/4657/3976 2805/4632/3952 2810/4633/3953
f 2811/4657/3976 2810/4633/3953 2816/4658/3977
f 2816/4658/3977 2810/4633/3953 2815/4634/3954
f 2816/4658/3977 2815/4634/3954 2821/4659/3978
f 2821/4659/3978 2815/4634/3954 2820/4635/3955
f 2821/4659/3978 2820/4635/3955 2826/4660/3979
f 2826/4660/3979 2820/4635/3955 2825/4636/3956
f 2826/4660/3979 2825/4636/3956 2831/4661/3980
f 2831/4661/3980 2825/4636/3956 2830/4637/3957
f 2831/4661/3980 2830/4637/3957 2836/4662/3981
f 2836/4662/3981 2830/4637/3957 2835/4638/3958
f 2836/4662/3981 2835/4638/3958 2841/4663/3982
f 2841/4663/3982 2835/4638/3958 2840/4639/3959
f 2841/4663/3982 2840/4639/3959 2846/4664/3983
f 2846/4664/3983 2840/4639/3959 2845/4640/3960
f 2846/4664/3983 2845/4640/3960 2851/4665/3984
f 2851/4665/3984 2845/4640/3960 2850/4641/3961
f 2851/4665/3984 2850/4641/3961 2856/4666/3985
f 2856/4666/3985 2850/4641/3961 2855/4642/3962
f 2856/4666/3985 2855/4642/3962 2861/4667/3986
f 2861/4667/3986 2855/4642/3962 2860/4643/3963
f 2861/4667/3986 2860/4643/3963 2866/4668/3987
f 2866/4668/3987 2860/4643/3963 2865/4644/3964
f 2866/4668/3987 2865/4644/3964 2871/4669/3988
f 2871/4669/3988 2865/4644/3964 2870/4645/3965
f 2871/4669/3988 2870/4645/3965 2876/4670/3989
f 2876/4670/3989 2870/4645/3965 2875/4646/3966
f 2876/4670/3989 2875/4646/3966 2881/4671/3990
f 2881/4671/3990 2875/4646/3966 2880/4647/3967
f 2881/4671/3990 2880/4647/3967 2886/4672/3991
f 2886/4672/3991 2880/4647/3967 2885/4648/3968
f 2886/4672/3991 2885/4648/3968 2891/4673/3992
f 2891/4673/3992 2885/4648/3968 2890/4649/3969
f 2891/4673/3992 2890/4649/3969 2896/4674/3993
f 2896/4674/3993 2890/4649/3969 2895/4650/3970
f 2896/4674/3993 2895/4650/3970 2901/4675/3994
f 2901/4675/3994 2895/4650/3970 2900/4651/3971
f 2901/4675/3994 2900/4651/3971 2906/4676/3995
f 2906/4676/3995 2900/4651/3971 2905/4652/3972
f 2906/4676/3995 2905/4652/3972 2911/4509/3879
f 2911/4509/3879 2905/4652/3972 2910/4507/3877
f 2802/4600/3925 2797/4602/3926 2796/4654/3973
f 2796/4654/3973 2797/4602/3926 2791/4653/3878
f 2802/4600/3925 2796/4654/3973 2801/4655/3974
f 2807/4598/3924 2802/4600/3925 2801/4655/3974
f 2807/4598/3924 2801/4655/3974 2806/4656/3975
f 2812/4596/3923 2807/4598/3924 2806/4656/3975
f 2812/4596/3923 2806/4656/3975 2811/4657/3976
f 2817/4594/3922 2812/4596/3923 2811/4657/3976
f 2817/4594/3922 2811/4657/3976 2816/4658/3977
f 2822/4592/3921 2817/4594/3922 2816/4658/3977
f 2822/4592/3921 2816/4658/3977 2821/4659/3978
f 2827/4590/3920 2822/4592/3921 2821/4659/3978
f 2827/4590/3920 2821/4659/3978 2826/4660/3979
f 2832/4588/3919 2827/4590/3920 2826/4660/3979
f 2832/4588/3919 2826/4660/3979 2831/4661/3980
f 2837/4586/3918 2832/4588/3919 2831/4661/3980
f 2837/4586/3918 2831/4661/3980 2836/4662/3981
f 2842/4584/3917 2837/4586/3918 2836/4662/3981
f 2842/4584/3917 2836/4662/3981 2841/4663/3982
f 2847/4582/3916 2842/4584/3917 2841/4663/3982
f 2847/4582/3916 2841/4663/3982 2846/4664/3983
f 2852/4580/3915 2847/4582/3916 2846/4664/3983
f 2852/4580/3915 2846/4664/3983 2851/4665/3984
f 2857/4578/3914 2852/4580/3915 2851/4665/3984
f 2857/4578/3914 2851/4665/3984 2856/4666/3985
f 2862/4576/3913 2857/4578/3914 2856/4666/3985
f 2862/4576/3913 2856/4666/3985 2861/4667/3986
f 2867/4574/3912 2862/4576/3913 2861/4667/3986
f 2867/4574/3912 2861/4667/3986 2866/4668/3987
f 2872/4572/3911 2867/4574/3912 2866/4668/3987
f 2872/4572/3911 2866/4668/3987 2871/4669/3988
f 2877/4570/3910 2872/4572/3911 2871/4669/3988
f 2877/4570/3910 2871/4669/3988 2876/4670/3989
f 2882/4568/3909 2877/4570/3910 2876/4670/3989
f 2882/4568/3909 2876/4670/3989 2881/4671/3990
f 2887/4566/3908 2882/4568/3909 2881/4671/3990
f 2887/4566/3908 2881/4671/3990 2886/4672/3991
f 2892/4564/3907 2887/4566/3908 2886/4672/3991
f 2892/4564/3907 2886/4672/3991 2891/4673/3992
f 2897/4562/3906 2892/4564/3907 2891/4673/3992
f 2897/4562/3906 2891/4673/3992 2896/4674/3993
f 2902/4560/3905 2897/4562/3906 2896/4674/3993
f 2902/4560/3905 2896/4674/3993 2901/4675/3994
f 2907/4558/3904 2902/4560/3905 2901/4675/3994
f 2907/4558/3904 2901/4675/3994 2906/4676/3995
f 2912/4511/3881 2907/4558/3904 2906/4676/3995
f 2912/4511/3881 2906/4676/3995 2911/4509/3879
g Body5

v -0.035893 1.991866 0.468012
v -0.039178 1.990888 0.471755
v -0.042063 1.989777 0.475790
v -0.044515 1.988543 0.480052
v -0.046525 1.987187 0.484507
v -0.048086 1.985713 0.489120
v -0.049185 1.984132 0.493828
v -0.049820 1.982462 0.498584
v -0.049997 1.980713 0.503353
v -0.049720 1.978896 0.508104
v -0.048996 1.977030 0.512790
v -0.047835 1.975136 0.517373
v -0.046249 1.973233 0.521821
v -0.044248 1.971340 0.526105
v -0.041843 1.969477 0.530192
v -0.039052 1.967671 0.534044
v -0.035892 1.965944 0.537632
v -0.032376 1.964323 0.540923
v -0.028523 1.962832 0.543887
v -0.024370 1.961504 0.546480
v -0.019947 1.960364 0.548670
v -0.015279 1.959436 0.550429
v -0.010422 1.958748 0.551723
v -0.005435 1.958318 0.552525
v -0.000370 1.958159 0.552820
v 0.004693 1.958277 0.552600
v 0.009702 1.958669 0.551871
v 0.014576 1.959320 0.550649
v 0.019278 1.960214 0.548955
v 0.023743 1.961326 0.546824
v 0.027933 1.962627 0.544291
v 0.031824 1.964093 0.541386
v 0.035394 1.965698 0.538137
v 0.038612 1.967412 0.534587
v 0.041459 1.969209 0.530771
v 0.043920 1.971065 0.526717
v 0.045982 1.972956 0.522458
v 0.047630 1.974859 0.518031
v 0.048854 1.976755 0.513466
v 0.049642 1.978625 0.508796
v 0.049985 1.980451 0.504050
v 0.049875 1.982212 0.499278
v 0.049307 1.983893 0.494521
v 0.048279 1.985484 0.489813
v 0.046787 1.986975 0.485186
v 0.044839 1.988352 0.480696
v 0.042454 1.989602 0.476406
v 0.039642 1.990727 0.472349
v 0.036416 1.991726 0.468559
v 0.032809 1.992594 0.465091
v 0.028868 1.993333 0.461996
v 0.024620 1.993947 0.459302
v 0.020097 1.994442 0.457038
v 0.015365 1.994822 0.455240
v 0.010467 1.995091 0.453929
v 0.005450 1.995254 0.453119
v 0.000376 1.995313 0.452822
v -0.004701 1.995269 0.453042
v -0.009724 1.995122 0.453776
v -0.014648 1.994869 0.455015
v -0.019406 1.994506 0.456740
v -0.023959 1.994028 0.458935
v -0.028259 1.993431 0.461572
v -0.032246 1.992712 0.464608
v -0.009373 1.991644 0.470220
v -0.032094 1.966801 0.536216
v -0.031128 1.974496 0.520115
v -0.030136 1.981217 0.503585
v -0.029123 1.986939 0.486684
v -0.028091 1.991644 0.469474
v -0.010706 1.966801 0.537069
v -0.010384 1.974496 0.520942
v -0.010054 1.981217 0.504386
v -0.009717 1.986939 0.487458
v 0.010689 1.966801 0.537070
v 0.010368 1.974496 0.520943
v 0.010039 1.981217 0.504386
v 0.009702 1.986939 0.487458
v 0.009359 1.991644 0.470220
v 0.032067 1.966801 0.536218
v 0.031104 1.974496 0.520116
v 0.030116 1.981217 0.503586
v 0.029105 1.986939 0.486685
v 0.028076 1.991644 0.469475
v 0.050000 1.900208 0.502821
v 0.049318 1.900208 0.511051
v 0.047291 1.900208 0.519056
v 0.043974 1.900208 0.526618
v 0.039457 1.900208 0.533531
v 0.033864 1.900208 0.539607
v 0.027347 1.900208 0.544679
v 0.020085 1.900208 0.548610
v 0.012274 1.900208 0.551291
v 0.004129 1.900208 0.552650
v -0.004129 1.900208 0.552650
v -0.012274 1.900208 0.551291
v -0.020085 1.900208 0.548610
v -0.027347 1.900208 0.544679
v -0.033864 1.900208 0.539607
v -0.039457 1.900208 0.533531
v -0.043974 1.900208 0.526618
v -0.047291 1.900208 0.519056
v -0.049318 1.900208 0.511051
v -0.050000 1.900208 0.502821
v -0.049318 1.900208 0.494591
v -0.047291 1.900208 0.486586
v -0.043974 1.900208 0.479023
v -0.039457 1.900208 0.472110
v -0.033864 1.900208 0.466035
v -0.027347 1.900208 0.460963
v -0.020085 1.900208 0.457032
v -0.012274 1.900208 0.454351
v -0.004129 1.900208 0.452992
v 0.004129 1.900208 0.452992
v 0.012274 1.900208 0.454351
v 0.020085 1.900208 0.457032
v 0.027347 1.900208 0.460963
v 0.033864 1.900208 0.466035
v 0.039457 1.900208 0.472110
v 0.043974 1.900208 0.479023
v 0.047291 1.900208 0.486586
v 0.049318 1.900208 0.494591
vt 0.404976 -1.549931 0.000000
vt 0.401219 -1.546274 0.000000
vt 0.400265 -1.554739 0.000000
vt 0.397108 -1.543089 0.000000
vt 0.382391 -1.554736 0.000000
vt 0.392699 -1.540404 0.000000
vt 0.388066 -1.538241 0.000000
vt 0.383247 -1.536593 0.000000
vt 0.378281 -1.535451 0.000000
vt 0.364516 -1.554734 0.000000
vt 0.368155 -1.534645 0.000000
vt 0.363081 -1.534943 0.000000
vt 0.373233 -1.534807 0.000000
vt 0.358041 -1.535679 0.000000
vt 0.353082 -1.536832 0.000000
vt 0.346642 -1.554732 0.000000
vt 0.348242 -1.538377 0.000000
vt 0.343551 -1.540293 0.000000
vt 0.339039 -1.542559 0.000000
vt 0.334737 -1.545157 0.000000
vt 0.330682 -1.548063 0.000000
vt 0.328768 -1.554730 0.000000
vt 0.326906 -1.551259 0.000000
vt 0.323441 -1.554729 0.000000
vt 0.320319 -1.558456 0.000000
vt 0.328768 -1.574834 0.000000
vt 0.346642 -1.574834 0.000000
vt 0.364516 -1.574834 0.000000
vt 0.382391 -1.574834 0.000000
vt 0.400265 -1.574834 0.000000
vt 0.408342 -1.554041 0.000000
vt 0.411281 -1.558576 0.000000
vt 0.413735 -1.563467 0.000000
vt 0.415671 -1.568654 0.000000
vt 0.417065 -1.574079 0.000000
vt 0.417891 -1.579654 0.000000
vt 0.418140 -1.585308 0.000000
vt 0.400265 -1.594928 0.000000
vt 0.417805 -1.590957 0.000000
vt 0.416893 -1.596519 0.000000
vt 0.415418 -1.601909 0.000000
vt 0.413402 -1.607058 0.000000
vt 0.410871 -1.611905 0.000000
vt 0.400265 -1.615022 0.000000
vt 0.407871 -1.616371 0.000000
vt 0.404442 -1.620418 0.000000
vt 0.400616 -1.624019 0.000000
vt 0.396457 -1.627129 0.000000
vt 0.382391 -1.615022 0.000000
vt 0.392027 -1.629726 0.000000
vt 0.387367 -1.631811 0.000000
vt 0.382515 -1.633387 0.000000
vt 0.377536 -1.634453 0.000000
vt 0.372492 -1.635023 0.000000
vt 0.364516 -1.615022 0.000000
vt 0.367415 -1.635117 0.000000
vt 0.362340 -1.634754 0.000000
vt 0.357308 -1.633954 0.000000
vt 0.346642 -1.615022 0.000000
vt 0.352367 -1.632744 0.000000
vt 0.347548 -1.631144 0.000000
vt 0.342880 -1.629175 0.000000
vt 0.338394 -1.626858 0.000000
vt 0.328768 -1.615022 0.000000
vt 0.334128 -1.624214 0.000000
vt 0.330111 -1.621264 0.000000
vt 0.326375 -1.618022 0.000000
vt 0.322954 -1.614510 0.000000
vt 0.319893 -1.610756 0.000000
vt 0.317223 -1.606780 0.000000
vt 0.328768 -1.594928 0.000000
vt 0.314974 -1.602597 0.000000
vt 0.313186 -1.598239 0.000000
vt 0.311896 -1.593757 0.000000
vt 0.311125 -1.589173 0.000000
vt 0.310893 -1.584551 0.000000
vt 0.311205 -1.579926 0.000000
vt 0.312052 -1.575360 0.000000
vt 0.313418 -1.570889 0.000000
vt 0.315275 -1.566556 0.000000
vt 0.317585 -1.562406 0.000000
vt 0.346642 -1.594928 0.000000
vt 0.364516 -1.594928 0.000000
vt 0.382391 -1.594928 0.000000
vt 0.008230 0.049318 0.000000
vt -0.000000 0.050000 0.000000
vt 0.041858 -0.027347 0.000000
vt -0.008230 0.049318 0.000000
vt -0.016235 0.047291 0.000000
vt -0.023797 0.043974 0.000000
vt -0.030711 0.039457 0.000000
vt -0.036786 0.033864 0.000000
vt -0.041858 0.027347 0.000000
vt -0.045789 0.020085 0.000000
vt -0.048470 0.012274 0.000000
vt -0.049829 0.004129 0.000000
vt -0.049829 -0.004129 0.000000
vt 0.036786 -0.033864 0.000000
vt -0.048470 -0.012274 0.000000
vt -0.045789 -0.020085 0.000000
vt -0.041858 -0.027347 0.000000
vt -0.036786 -0.033864 0.000000
vt 0.030711 -0.039457 0.000000
vt -0.030711 -0.039457 0.000000
vt 0.023797 -0.043974 0.000000
vt -0.023797 -0.043974 0.000000
vt 0.016235 -0.047291 0.000000
vt -0.016235 -0.047291 0.000000
vt 0.008230 -0.049318 0.000000
vt -0.008230 -0.049318 0.000000
vt -0.000000 -0.050000 0.000000
vt 0.045789 -0.020085 0.000000
vt 0.041858 0.027347 0.000000
vt 0.036786 0.033864 0.000000
vt 0.030711 0.039457 0.000000
vt 0.045789 0.020085 0.000000
vt 0.048470 -0.012274 0.000000
vt 0.048470 0.012274 0.000000
vt 0.049829 -0.004129 0.000000
vt 0.049829 0.004129 0.000000
vt 0.023797 0.043974 0.000000
vt 0.016235 0.047291 0.000000
vt -0.440000 0.070272 0.000000
vt -0.357996 0.074994 0.000000
vt -0.440000 0.078540 0.000000
vt -0.359757 0.079769 0.000000
vt -0.361584 0.084529 0.000000
vt -0.440000 0.062005 0.000000
vt -0.354724 0.065380 0.000000
vt -0.356315 0.070202 0.000000
vt -0.440000 0.053738 0.000000
vt -0.351857 0.055621 0.000000
vt -0.353233 0.060517 0.000000
vt -0.350606 0.050711 0.000000
vt -0.440000 0.045470 0.000000
vt -0.349481 0.045773 0.000000
vt -0.348483 0.040794 0.000000
vt -0.440000 0.037203 0.000000
vt -0.347614 0.035788 0.000000
vt -0.346876 0.030775 0.000000
vt -0.440000 0.028936 0.000000
vt -0.346262 0.025742 0.000000
vt -0.440000 0.020668 0.000000
vt -0.345766 0.020682 0.000000
vt -0.345386 0.015618 0.000000
vt -0.440000 0.012401 0.000000
vt -0.345117 0.010545 0.000000
vt -0.440000 0.004134 0.000000
vt -0.344954 0.005461 0.000000
vt -0.344895 0.000376 0.000000
vt -0.440000 -0.004134 0.000000
vt -0.344939 -0.004708 0.000000
vt -0.345086 -0.009787 0.000000
vt -0.440000 -0.012401 0.000000
vt -0.345340 -0.014866 0.000000
vt -0.440000 -0.020668 0.000000
vt -0.345702 -0.019930 0.000000
vt -0.346180 -0.024986 0.000000
vt -0.440000 -0.028936 0.000000
vt -0.346777 -0.030033 0.000000
vt -0.347497 -0.035046 0.000000
vt -0.440000 -0.037203 0.000000
vt -0.348343 -0.040037 0.000000
vt -0.440000 -0.045470 0.000000
vt -0.349321 -0.045018 0.000000
vt -0.350431 -0.049981 0.000000
vt -0.440000 -0.053738 0.000000
vt -0.351665 -0.054900 0.000000
vt -0.353021 -0.059790 0.000000
vt -0.440000 -0.062005 0.000000
vt -0.354495 -0.064661 0.000000
vt -0.440000 -0.070272 0.000000
vt -0.356076 -0.069498 0.000000
vt -0.357746 -0.074298 0.000000
vt -0.440000 -0.078540 0.000000
vt -0.359496 -0.079072 0.000000
vt -0.361312 -0.083832 0.000000
vt -0.440000 -0.086807 0.000000
vt -0.363178 -0.088577 0.000000
vt -0.365072 -0.093306 0.000000
vt -0.440000 -0.095075 0.000000
vt -0.366975 -0.098030 0.000000
vt -0.440000 -0.103342 0.000000
vt -0.368868 -0.102760 0.000000
vt -0.370731 -0.107504 0.000000
vt -0.440000 -0.111609 0.000000
vt -0.372538 -0.112262 0.000000
vt -0.374264 -0.117045 0.000000
vt -0.440000 -0.119877 0.000000
vt -0.375885 -0.121863 0.000000
vt -0.440000 -0.128144 0.000000
vt -0.377376 -0.126727 0.000000
vt -0.378704 -0.131625 0.000000
vt -0.440000 -0.136411 0.000000
vt -0.379844 -0.136562 0.000000
vt -0.380772 -0.141553 0.000000
vt -0.440000 -0.144679 0.000000
vt -0.381460 -0.146581 0.000000
vt -0.440000 -0.152946 0.000000
vt -0.381890 -0.151634 0.000000
vt -0.382049 -0.156710 0.000000
vt -0.382049 0.157450 0.000000
vt -0.440000 0.161213 0.000000
vt -0.440000 0.152946 0.000000
vt -0.381931 0.152379 0.000000
vt -0.381540 0.147316 0.000000
vt -0.440000 0.144679 0.000000
vt -0.380889 0.142289 0.000000
vt -0.440000 0.136411 0.000000
vt -0.379994 0.137289 0.000000
vt -0.378882 0.132339 0.000000
vt -0.440000 0.128144 0.000000
vt -0.377581 0.127442 0.000000
vt -0.376115 0.122583 0.000000
vt -0.440000 0.119877 0.000000
vt -0.374510 0.117754 0.000000
vt -0.440000 0.111609 0.000000
vt -0.372796 0.112961 0.000000
vt -0.371000 0.108198 0.000000
vt -0.440000 0.103342 0.000000
vt -0.369144 0.103455 0.000000
vt -0.367252 0.098721 0.000000
vt -0.440000 0.095075 0.000000
vt -0.365349 0.093995 0.000000
vt -0.363454 0.089268 0.000000
vt -0.440000 0.086807 0.000000
vn -0.015169 0.975706 0.218560
vn -0.017686 0.972886 0.230610
vn -0.013999 0.972145 0.233960
vn -0.020243 0.969625 0.243756
vn -0.017433 0.956464 0.291329
vn -0.022793 0.965926 0.257813
vn -0.025272 0.961813 0.272537
vn -0.027636 0.957293 0.287796
vn -0.029834 0.952376 0.303463
vn -0.020806 0.937388 0.347664
vn -0.033497 0.941544 0.335222
vn -0.034868 0.935711 0.351041
vn -0.031805 0.947111 0.319327
vn -0.035882 0.929654 0.366683
vn -0.036501 0.923436 0.382014
vn -0.024105 0.914986 0.402765
vn -0.036697 0.917125 0.396908
vn -0.036452 0.910781 0.411279
vn -0.035748 0.904468 0.425041
vn -0.034575 0.898258 0.438106
vn -0.032933 0.892236 0.450366
vn -0.027319 0.889336 0.456437
vn -0.030825 0.886483 0.461734
vn -0.028258 0.881078 0.472126
vn -0.025249 0.876108 0.481454
vn -0.009113 0.889336 0.457163
vn -0.008041 0.914986 0.403405
vn -0.006941 0.937388 0.348217
vn -0.005816 0.956464 0.291792
vn -0.004671 0.972145 0.234332
vn -0.012718 0.978103 0.207734
vn -0.010350 0.980094 0.198263
vn -0.008087 0.981686 0.190337
vn -0.005926 0.982895 0.184072
vn -0.003848 0.983740 0.179558
vn -0.001835 0.984231 0.176880
vn 0.000146 0.984377 0.176075
vn 0.004664 0.972145 0.234332
vn 0.002131 0.984180 0.177159
vn 0.004153 0.983636 0.180117
vn 0.006240 0.982739 0.184893
vn 0.008417 0.981474 0.191413
vn 0.010698 0.979822 0.199586
vn 0.013991 0.972145 0.233960
vn 0.013075 0.977775 0.209250
vn 0.015539 0.975314 0.220275
vn 0.018073 0.972419 0.232540
vn 0.020632 0.969092 0.245836
vn 0.017422 0.956464 0.291329
vn 0.023165 0.965344 0.259951
vn 0.025629 0.961174 0.274752
vn 0.027975 0.956585 0.290109
vn 0.030142 0.951616 0.305806
vn 0.032071 0.946315 0.321651
vn 0.020791 0.937388 0.347665
vn 0.033717 0.940710 0.337532
vn 0.035040 0.934838 0.353343
vn 0.035998 0.928750 0.368955
vn 0.024087 0.914986 0.402766
vn 0.036556 0.922519 0.384217
vn 0.036690 0.916200 0.399038
vn 0.036378 0.909855 0.413329
vn 0.035605 0.903549 0.427002
vn 0.027296 0.889336 0.456438
vn 0.034365 0.897364 0.439952
vn 0.032654 0.891375 0.452089
vn 0.030474 0.885661 0.463332
vn 0.027838 0.880309 0.473583
vn 0.024773 0.875423 0.482723
vn 0.021305 0.871086 0.490669
vn 0.009099 0.889336 0.457163
vn 0.017465 0.867381 0.497338
vn 0.013305 0.864399 0.502631
vn 0.008903 0.862229 0.506441
vn 0.004321 0.860924 0.508715
vn -0.000341 0.860531 0.509399
vn -0.005002 0.861059 0.508480
vn -0.009558 0.862492 0.505980
vn -0.013933 0.864788 0.501944
vn -0.018048 0.867880 0.496447
vn -0.021833 0.871679 0.489590
vn 0.008029 0.914986 0.403406
vn 0.006931 0.937388 0.348217
vn 0.005808 0.956464 0.291792
vn -0.000000 -1.000000 -0.000000
vn -0.000000 -1.000000 -0.000000
vn -0.000000 -1.000000 -0.000000
vn -0.000000 -1.000000 -0.000000
vn -0.000000 -1.000000 -0.000000
vn -0.000000 -1.000000 -0.000000
vn -0.000000 -1.000000 -0.000000
vn -0.000000 -1.000000 -0.000000
vn -0.000000 -1.000000 -0.000000
vn -0.000000 -1.000000 -0.000000
vn -0.000000 -1.000000 -0.000000
vn -0.000000 -1.000000 -0.000000
vn -0.000000 -1.000000 -0.000000
vn -0.000000 -1.000000 -0.000000
vn -0.000000 -1.000000 -0.000000
vn -0.000000 -1.000000 -0.000000
vn -0.000000 -1.000000 -0.000000
vn -0.000000 -1.000000 -0.000000
vn -0.000000 -1.000000 -0.000000
vn -0.000000 -1.000000 -0.000000
vn -0.000000 -1.000000 -0.000000
vn -0.000000 -1.000000 -0.000000
vn -0.000000 -1.000000 -0.000000
vn -0.000000 -1.000000 -0.000000
vn -0.000000 -1.000000 -0.000000
vn -0.000000 -1.000000 -0.000000
vn -0.000000 -1.000000 -0.000000
vn -0.000000 -1.000000 -0.000000
vn -0.000000 -1.000000 -0.000000
vn -0.000000 -1.000000 -0.000000
vn -0.000000 -1.000000 -0.000000
vn -0.000000 -1.000000 -0.000000
vn -0.000000 -1.000000 -0.000000
vn -0.000000 -1.000000 -0.000000
vn -0.000000 -1.000000 -0.000000
vn -0.000000 -1.000000 -0.000000
vn -0.000000 -1.000000 -0.000000
vn -0.000000 -1.000000 -0.000000
vn 0.986361 -0.000000 -0.164595
vn 0.997487 -0.000000 -0.070851
vn 1.000000 -0.000000 -0.000000
vn 0.999698 0.000000 0.024590
vn 0.992834 0.000000 0.119503
vn 0.945817 -0.000000 -0.324699
vn 0.965565 -0.000000 -0.260162
vn 0.986128 -0.000000 -0.165990
vn 0.879474 -0.000000 -0.475947
vn 0.896775 -0.000000 -0.442488
vn 0.935735 -0.000000 -0.352703
vn 0.849066 -0.000000 -0.528286
vn 0.789141 -0.000000 -0.614213
vn 0.792844 -0.000000 -0.609425
vn 0.728328 -0.000000 -0.685228
vn 0.677282 -0.000000 -0.735724
vn 0.656188 -0.000000 -0.754598
vn 0.577361 -0.000000 -0.816489
vn 0.546948 -0.000000 -0.837166
vn 0.492396 -0.000000 -0.870371
vn 0.401695 -0.000000 -0.915773
vn 0.401943 -0.000000 -0.915665
vn 0.307303 -0.000000 -0.951612
vn 0.245485 -0.000000 -0.969400
vn 0.209340 -0.000000 -0.977843
vn 0.082579 -0.000000 -0.996584
vn 0.109007 -0.000000 -0.994041
vn 0.007528 -0.000000 -0.999972
vn -0.082579 -0.000000 -0.996584
vn -0.094018 -0.000000 -0.995571
vn -0.194485 -0.000000 -0.980905
vn -0.245485 -0.000000 -0.969400
vn -0.292956 -0.000000 -0.956126
vn -0.401695 -0.000000 -0.915773
vn -0.388119 -0.000000 -0.921609
vn -0.479180 -0.000000 -0.877717
vn -0.546948 -0.000000 -0.837166
vn -0.565183 -0.000000 -0.824966
vn -0.644915 -0.000000 -0.764255
vn -0.677282 -0.000000 -0.735724
vn -0.717865 -0.000000 -0.696182
vn -0.789141 -0.000000 -0.614213
vn -0.783553 -0.000000 -0.621325
vn -0.841266 -0.000000 -0.540622
vn -0.879474 -0.000000 -0.475947
vn -0.890302 -0.000000 -0.455370
vn -0.930507 -0.000000 -0.366274
vn -0.945817 -0.000000 -0.324699
vn -0.961723 -0.000000 -0.274025
vn -0.986361 -0.000000 -0.164595
vn -0.983695 -0.000000 -0.179847
vn -0.996403 -0.000000 -0.084738
vn -1.000000 -0.000000 -0.000000
vn -0.999943 -0.000000 0.010647
vn -0.994403 -0.000000 0.105654
vn -0.986361 -0.000000 0.164595
vn -0.979920 -0.000000 0.199389
vn -0.956710 -0.000000 0.291044
vn -0.945817 -0.000000 0.324699
vn -0.924983 -0.000000 0.380010
vn -0.879474 -0.000000 0.475947
vn -0.884953 -0.000000 0.465680
vn -0.836860 -0.000000 0.547418
vn -0.789141 -0.000000 0.614213
vn -0.781048 -0.000000 0.624470
vn -0.717834 -0.000000 0.696214
vn -0.677282 -0.000000 0.735724
vn -0.647523 -0.000000 0.762046
vn -0.546948 -0.000000 0.837166
vn -0.570456 -0.000000 0.821328
vn -0.487393 -0.000000 0.873183
vn -0.401695 -0.000000 0.915773
vn -0.398931 -0.000000 0.916981
vn -0.305572 -0.000000 0.952169
vn -0.245485 -0.000000 0.969400
vn -0.208434 -0.000000 0.978036
vn -0.082579 -0.000000 0.996584
vn -0.108705 -0.000000 0.994074
vn -0.007399 -0.000000 0.999973
vn 0.082579 0.000000 0.996584
vn 0.093869 0.000000 0.995585
vn 0.194041 0.000000 0.980993
vn 0.245485 0.000000 0.969400
vn 0.291518 0.000000 0.956565
vn 0.401695 0.000000 0.915773
vn 0.385556 0.000000 0.922685
vn 0.474861 0.000000 0.880061
vn 0.546948 0.000000 0.837166
vn 0.558651 0.000000 0.829403
vn 0.636481 0.000000 0.771292
vn 0.677282 0.000000 0.735724
vn 0.707889 0.000000 0.706324
vn 0.789141 0.000000 0.614213
vn 0.772244 0.000000 0.635326
vn 0.829171 0.000000 0.558995
vn 0.879474 0.000000 0.475947
vn 0.878398 0.000000 0.477929
vn 0.919646 0.000000 0.392749
vn 0.945817 0.000000 0.324699
vn 0.952609 0.000000 0.304198
vn 0.977071 0.000000 0.212913
vn 0.986361 0.000000 0.164595
f 2976/4677/3996 2913/4678/3997 2982/4679/3998
f 2982/4679/3998 2913/4678/3997 2914/4680/3999
f 2982/4679/3998 2914/4680/3999 2981/4681/4000
f 2981/4681/4000 2914/4680/3999 2915/4682/4001
f 2981/4681/4000 2915/4682/4001 2916/4683/4002
f 2916/4683/4002 2917/4684/4003 2981/4681/4000
f 2981/4681/4000 2917/4684/4003 2918/4685/4004
f 2981/4681/4000 2918/4685/4004 2980/4686/4005
f 2980/4686/4005 2918/4685/4004 2920/4687/4006
f 2980/4686/4005 2920/4687/4006 2921/4688/4007
f 2918/4685/4004 2919/4689/4008 2920/4687/4006
f 2921/4688/4007 2922/4690/4009 2980/4686/4005
f 2980/4686/4005 2922/4690/4009 2923/4691/4010
f 2980/4686/4005 2923/4691/4010 2979/4692/4011
f 2979/4692/4011 2923/4691/4010 2924/4693/4012
f 2979/4692/4011 2924/4693/4012 2925/4694/4013
f 2925/4694/4013 2926/4695/4014 2979/4692/4011
f 2979/4692/4011 2926/4695/4014 2927/4696/4015
f 2979/4692/4011 2927/4696/4015 2928/4697/4016
f 2979/4692/4011 2928/4697/4016 2978/4698/4017
f 2978/4698/4017 2928/4697/4016 2929/4699/4018
f 2978/4698/4017 2929/4699/4018 2930/4700/4019
f 2930/4700/4019 2931/4701/4020 2978/4698/4017
f 2978/4698/4017 2931/4701/4020 2983/4702/4021
f 2978/4698/4017 2983/4702/4021 2979/4692/4011
f 2979/4692/4011 2983/4702/4021 2984/4703/4022
f 2979/4692/4011 2984/4703/4022 2980/4686/4005
f 2980/4686/4005 2984/4703/4022 2985/4704/4023
f 2980/4686/4005 2985/4704/4023 2981/4681/4000
f 2981/4681/4000 2985/4704/4023 2986/4705/4024
f 2981/4681/4000 2986/4705/4024 2982/4679/3998
f 2982/4679/3998 2986/4705/4024 2977/4706/4025
f 2982/4679/3998 2977/4706/4025 2975/4707/4026
f 2975/4707/4026 2977/4706/4025 2974/4708/4027
f 2974/4708/4027 2977/4706/4025 2973/4709/4028
f 2973/4709/4028 2977/4706/4025 2972/4710/4029
f 2972/4710/4029 2977/4706/4025 2971/4711/4030
f 2971/4711/4030 2977/4706/4025 2970/4712/4031
f 2970/4712/4031 2977/4706/4025 2969/4713/4032
f 2969/4713/4032 2977/4706/4025 2991/4714/4033
f 2969/4713/4032 2991/4714/4033 2968/4715/4034
f 2968/4715/4034 2991/4714/4033 2967/4716/4035
f 2967/4716/4035 2991/4714/4033 2966/4717/4036
f 2966/4717/4036 2991/4714/4033 2965/4718/4037
f 2965/4718/4037 2991/4714/4033 2964/4719/4038
f 2964/4719/4038 2991/4714/4033 2996/4720/4039
f 2964/4719/4038 2996/4720/4039 2963/4721/4040
f 2963/4721/4040 2996/4720/4039 2962/4722/4041
f 2962/4722/4041 2996/4720/4039 2961/4723/4042
f 2961/4723/4042 2996/4720/4039 2960/4724/4043
f 2960/4724/4043 2996/4720/4039 2995/4725/4044
f 2960/4724/4043 2995/4725/4044 2959/4726/4045
f 2959/4726/4045 2995/4725/4044 2958/4727/4046
f 2958/4727/4046 2995/4725/4044 2957/4728/4047
f 2957/4728/4047 2995/4725/4044 2956/4729/4048
f 2956/4729/4048 2995/4725/4044 2955/4730/4049
f 2955/4730/4049 2995/4725/4044 2994/4731/4050
f 2955/4730/4049 2994/4731/4050 2954/4732/4051
f 2954/4732/4051 2994/4731/4050 2953/4733/4052
f 2953/4733/4052 2994/4731/4050 2952/4734/4053
f 2952/4734/4053 2994/4731/4050 2993/4735/4054
f 2952/4734/4053 2993/4735/4054 2951/4736/4055
f 2951/4736/4055 2993/4735/4054 2950/4737/4056
f 2950/4737/4056 2993/4735/4054 2949/4738/4057
f 2949/4738/4057 2993/4735/4054 2948/4739/4058
f 2948/4739/4058 2993/4735/4054 2992/4740/4059
f 2948/4739/4058 2992/4740/4059 2947/4741/4060
f 2947/4741/4060 2992/4740/4059 2946/4742/4061
f 2946/4742/4061 2992/4740/4059 2945/4743/4062
f 2945/4743/4062 2992/4740/4059 2944/4744/4063
f 2944/4744/4063 2992/4740/4059 2943/4745/4064
f 2943/4745/4064 2992/4740/4059 2942/4746/4065
f 2942/4746/4065 2992/4740/4059 2987/4747/4066
f 2942/4746/4065 2987/4747/4066 2941/4748/4067
f 2941/4748/4067 2987/4747/4066 2940/4749/4068
f 2940/4749/4068 2987/4747/4066 2939/4750/4069
f 2939/4750/4069 2987/4747/4066 2938/4751/4070
f 2938/4751/4070 2987/4747/4066 2937/4752/4071
f 2937/4752/4071 2987/4747/4066 2983/4702/4021
f 2937/4752/4071 2983/4702/4021 2936/4753/4072
f 2936/4753/4072 2983/4702/4021 2935/4754/4073
f 2935/4754/4073 2983/4702/4021 2934/4755/4074
f 2934/4755/4074 2983/4702/4021 2933/4756/4075
f 2933/4756/4075 2983/4702/4021 2932/4757/4076
f 2932/4757/4076 2983/4702/4021 2931/4701/4020
f 2975/4707/4026 2976/4677/3996 2982/4679/3998
f 2984/4703/4022 2983/4702/4021 2988/4758/4077
f 2988/4758/4077 2983/4702/4021 2987/4747/4066
f 2988/4758/4077 2987/4747/4066 2993/4735/4054
f 2993/4735/4054 2987/4747/4066 2992/4740/4059
f 2985/4704/4023 2984/4703/4022 2989/4759/4078
f 2989/4759/4078 2984/4703/4022 2988/4758/4077
f 2989/4759/4078 2988/4758/4077 2994/4731/4050
f 2994/4731/4050 2988/4758/4077 2993/4735/4054
f 2991/4714/4033 2977/4706/4025 2986/4705/4024
f 2986/4705/4024 2985/4704/4023 2990/4760/4079
f 2990/4760/4079 2985/4704/4023 2989/4759/4078
f 2990/4760/4079 2989/4759/4078 2995/4725/4044
f 2995/4725/4044 2989/4759/4078 2994/4731/4050
f 2996/4720/4039 2991/4714/4033 2990/4760/4079
f 2990/4760/4079 2991/4714/4033 2986/4705/4024
f 2996/4720/4039 2990/4760/4079 2995/4725/4044
f 3034/4761/4080 2997/4762/4081 3022/4763/4082
f 3022/4763/4082 2997/4762/4081 2998/4764/4083
f 3022/4763/4082 2998/4764/4083 2999/4765/4084
f 2999/4765/4084 3000/4766/4085 3022/4763/4082
f 3022/4763/4082 3000/4766/4085 3001/4767/4086
f 3022/4763/4082 3001/4767/4086 3002/4768/4087
f 3002/4768/4087 3003/4769/4088 3022/4763/4082
f 3022/4763/4082 3003/4769/4088 3004/4770/4089
f 3022/4763/4082 3004/4770/4089 3005/4771/4090
f 3005/4771/4090 3006/4772/4091 3022/4763/4082
f 3022/4763/4082 3006/4772/4091 3007/4773/4092
f 3022/4763/4082 3007/4773/4092 3021/4774/4093
f 3021/4774/4093 3007/4773/4092 3008/4775/4094
f 3021/4774/4093 3008/4775/4094 3009/4776/4095
f 3009/4776/4095 3010/4777/4096 3021/4774/4093
f 3021/4774/4093 3010/4777/4096 3011/4778/4097
f 3021/4774/4093 3011/4778/4097 3020/4779/4098
f 3020/4779/4098 3011/4778/4097 3012/4780/4099
f 3020/4779/4098 3012/4780/4099 3019/4781/4100
f 3019/4781/4100 3012/4780/4099 3013/4782/4101
f 3019/4781/4100 3013/4782/4101 3018/4783/4102
f 3018/4783/4102 3013/4782/4101 3014/4784/4103
f 3018/4783/4102 3014/4784/4103 3017/4785/4104
f 3017/4785/4104 3014/4784/4103 3015/4786/4105
f 3017/4785/4104 3015/4786/4105 3016/4787/4106
f 3023/4788/4107 3029/4789/4108 3022/4763/4082
f 3022/4763/4082 3029/4789/4108 3030/4790/4109
f 3022/4763/4082 3030/4790/4109 3031/4791/4110
f 3029/4789/4108 3023/4788/4107 3028/4792/4111
f 3028/4792/4111 3023/4788/4107 3024/4793/4112
f 3028/4792/4111 3024/4793/4112 3027/4794/4113
f 3027/4794/4113 3024/4793/4112 3025/4795/4114
f 3027/4794/4113 3025/4795/4114 3026/4796/4115
f 3031/4791/4110 3032/4797/4116 3022/4763/4082
f 3022/4763/4082 3032/4797/4116 3033/4798/4117
f 3022/4763/4082 3033/4798/4117 3034/4761/4080
f 3034/4799/4118 2954/4800/4119 2997/4801/4120
f 2997/4801/4120 2954/4800/4119 2953/4802/4121
f 2997/4801/4120 2953/4802/4121 2952/4803/4122
f 3033/4804/4123 2956/4805/4124 3034/4799/4118
f 3034/4799/4118 2956/4805/4124 2955/4806/4125
f 3034/4799/4118 2955/4806/4125 2954/4800/4119
f 3032/4807/4126 2958/4808/4127 3033/4804/4123
f 3033/4804/4123 2958/4808/4127 2957/4809/4128
f 3033/4804/4123 2957/4809/4128 2956/4805/4124
f 2958/4808/4127 3032/4807/4126 2959/4810/4129
f 2959/4810/4129 3032/4807/4126 3031/4811/4130
f 2959/4810/4129 3031/4811/4130 2960/4812/4131
f 2960/4812/4131 3031/4811/4130 2961/4813/4132
f 2961/4813/4132 3031/4811/4130 3030/4814/4133
f 2961/4813/4132 3030/4814/4133 2962/4815/4134
f 2962/4815/4134 3030/4814/4133 2963/4816/4135
f 2963/4816/4135 3030/4814/4133 3029/4817/4136
f 2963/4816/4135 3029/4817/4136 2964/4818/4137
f 2964/4818/4137 3029/4817/4136 3028/4819/4138
f 2964/4818/4137 3028/4819/4138 2965/4820/4139
f 2965/4820/4139 3028/4819/4138 2966/4821/4140
f 2966/4821/4140 3028/4819/4138 3027/4822/4141
f 2966/4821/4140 3027/4822/4141 2967/4823/4142
f 2967/4823/4142 3027/4822/4141 3026/4824/4143
f 2967/4823/4142 3026/4824/4143 2968/4825/4144
f 2968/4825/4144 3026/4824/4143 2969/4826/4145
f 2969/4826/4145 3026/4824/4143 3025/4827/4146
f 2969/4826/4145 3025/4827/4146 2970/4828/4147
f 2970/4828/4147 3025/4827/4146 2971/4829/4148
f 2971/4829/4148 3025/4827/4146 3024/4830/4149
f 2971/4829/4148 3024/4830/4149 2972/4831/4150
f 2972/4831/4150 3024/4830/4149 3023/4832/4151
f 2972/4831/4150 3023/4832/4151 2973/4833/4152
f 2973/4833/4152 3023/4832/4151 2974/4834/4153
f 2974/4834/4153 3023/4832/4151 3022/4835/4154
f 2974/4834/4153 3022/4835/4154 2975/4836/4155
f 2975/4836/4155 3022/4835/4154 2976/4837/4156
f 2976/4837/4156 3022/4835/4154 3021/4838/4157
f 2976/4837/4156 3021/4838/4157 2913/4839/4158
f 2913/4839/4158 3021/4838/4157 3020/4840/4159
f 2913/4839/4158 3020/4840/4159 2914/4841/4160
f 2914/4841/4160 3020/4840/4159 2915/4842/4161
f 2915/4842/4161 3020/4840/4159 3019/4843/4162
f 2915/4842/4161 3019/4843/4162 2916/4844/4163
f 2916/4844/4163 3019/4843/4162 2917/4845/4164
f 2917/4845/4164 3019/4843/4162 3018/4846/4165
f 2917/4845/4164 3018/4846/4165 2918/4847/4166
f 2918/4847/4166 3018/4846/4165 3017/4848/4167
f 2918/4847/4166 3017/4848/4167 2919/4849/4168
f 2919/4849/4168 3017/4848/4167 2920/4850/4169
f 2920/4850/4169 3017/4848/4167 3016/4851/4170
f 2920/4850/4169 3016/4851/4170 2921/4852/4171
f 2921/4852/4171 3016/4851/4170 2922/4853/4172
f 2922/4853/4172 3016/4851/4170 3015/4854/4173
f 2922/4853/4172 3015/4854/4173 2923/4855/4174
f 2923/4855/4174 3015/4854/4173 2924/4856/4175
f 2924/4856/4175 3015/4854/4173 3014/4857/4176
f 2924/4856/4175 3014/4857/4176 2925/4858/4177
f 2925/4858/4177 3014/4857/4176 3013/4859/4178
f 2925/4858/4177 3013/4859/4178 2926/4860/4179
f 2926/4860/4179 3013/4859/4178 2927/4861/4180
f 2927/4861/4180 3013/4859/4178 3012/4862/4181
f 2927/4861/4180 3012/4862/4181 2928/4863/4182
f 2928/4863/4182 3012/4862/4181 2929/4864/4183
f 2929/4864/4183 3012/4862/4181 3011/4865/4184
f 2929/4864/4183 3011/4865/4184 2930/4866/4185
f 2930/4866/4185 3011/4865/4184 3010/4867/4186
f 2930/4866/4185 3010/4867/4186 2931/4868/4187
f 2931/4868/4187 3010/4867/4186 2932/4869/4188
f 2932/4869/4188 3010/4867/4186 3009/4870/4189
f 2932/4869/4188 3009/4870/4189 2933/4871/4190
f 2933/4871/4190 3009/4870/4189 2934/4872/4191
f 2934/4872/4191 3009/4870/4189 3008/4873/4192
f 2934/4872/4191 3008/4873/4192 2935/4874/4193
f 2935/4874/4193 3008/4873/4192 3007/4875/4194
f 2935/4874/4193 3007/4875/4194 2936/4876/4195
f 2936/4876/4195 3007/4875/4194 2937/4877/4196
f 2937/4878/4196 3007/4879/4194 3006/4880/4197
f 2937/4878/4196 3006/4880/4197 2938/4881/4198
f 2938/4881/4198 3006/4880/4197 2939/4882/4199
f 2939/4882/4199 3006/4880/4197 3005/4883/4200
f 2939/4882/4199 3005/4883/4200 2940/4884/4201
f 2940/4884/4201 3005/4883/4200 3004/4885/4202
f 2940/4884/4201 3004/4885/4202 2941/4886/4203
f 2941/4886/4203 3004/4885/4202 2942/4887/4204
f 2942/4887/4204 3004/4885/4202 3003/4888/4205
f 2942/4887/4204 3003/4888/4205 2943/4889/4206
f 2943/4889/4206 3003/4888/4205 2944/4890/4207
f 2944/4890/4207 3003/4888/4205 3002/4891/4208
f 2944/4890/4207 3002/4891/4208 2945/4892/4209
f 2945/4892/4209 3002/4891/4208 3001/4893/4210
f 2945/4892/4209 3001/4893/4210 2946/4894/4211
f 2946/4894/4211 3001/4893/4210 2947/4895/4212
f 2947/4895/4212 3001/4893/4210 3000/4896/4213
f 2947/4895/4212 3000/4896/4213 2948/4897/4214
f 2948/4897/4214 3000/4896/4213 2949/4898/4215
f 2949/4898/4215 3000/4896/4213 2999/4899/4216
f 2949/4898/4215 2999/4899/4216 2950/4900/4217
f 2950/4900/4217 2999/4899/4216 2951/4901/4218
f 2951/4901/4218 2999/4899/4216 2998/4902/4219
f 2951/4901/4218 2998/4902/4219 2952/4803/4122
f 2952/4803/4122 2998/4902/4219 2997/4801/4120
g Body6

v 0.468012 1.991866 -0.035893
v 0.464598 1.992714 -0.032234
v 0.461562 1.993433 -0.028244
v 0.458931 1.994029 -0.023952
v 0.456735 1.994507 -0.019393
v 0.455010 1.994870 -0.014634
v 0.453774 1.995122 -0.009714
v 0.453041 1.995270 -0.004685
v 0.452822 1.995313 0.000394
v 0.453121 1.995254 0.005465
v 0.453931 1.995091 0.010477
v 0.455245 1.994821 0.015379
v 0.457043 1.994441 0.020109
v 0.459307 1.993946 0.024628
v 0.462007 1.993330 0.028883
v 0.465100 1.992592 0.032820
v 0.468557 1.991726 0.036414
v 0.472349 1.990728 0.039641
v 0.476421 1.989599 0.042462
v 0.480715 1.988346 0.044848
v 0.485196 1.986972 0.046791
v 0.489828 1.985480 0.048282
v 0.494546 1.983885 0.049311
v 0.499305 1.982202 0.049877
v 0.504074 1.980442 0.049984
v 0.508818 1.978616 0.049639
v 0.513491 1.976745 0.048848
v 0.518055 1.974848 0.047622
v 0.522481 1.972946 0.045973
v 0.526737 1.971056 0.043909
v 0.530790 1.969200 0.041445
v 0.534605 1.967404 0.038598
v 0.538149 1.965692 0.035382
v 0.541394 1.964089 0.031814
v 0.544304 1.962620 0.027913
v 0.546838 1.961319 0.023717
v 0.548965 1.960209 0.019255
v 0.550656 1.959316 0.014553
v 0.551876 1.958666 0.009675
v 0.552602 1.958276 0.004672
v 0.552819 1.958159 -0.000397
v 0.552522 1.958319 -0.005457
v 0.551717 1.958751 -0.010449
v 0.550423 1.959440 -0.015299
v 0.548660 1.960369 -0.019970
v 0.546466 1.961511 -0.024395
v 0.543875 1.962839 -0.028541
v 0.540915 1.964327 -0.032385
v 0.537618 1.965951 -0.035905
v 0.534026 1.967679 -0.039067
v 0.530172 1.969486 -0.041856
v 0.526085 1.971349 -0.044258
v 0.521798 1.973244 -0.046259
v 0.517348 1.975147 -0.047843
v 0.512766 1.977039 -0.049001
v 0.508082 1.978904 -0.049722
v 0.503329 1.980722 -0.049997
v 0.498557 1.982472 -0.049818
v 0.493805 1.984140 -0.049181
v 0.489107 1.985716 -0.048083
v 0.484495 1.987192 -0.046521
v 0.480034 1.988549 -0.044506
v 0.475777 1.989780 -0.042055
v 0.471758 1.990886 -0.039181
v 0.469474 1.991644 -0.028092
v 0.486684 1.986939 -0.029126
v 0.503584 1.981217 -0.030141
v 0.520115 1.974496 -0.031135
v 0.536216 1.966801 -0.032103
v 0.470220 1.991644 -0.009374
v 0.487458 1.986939 -0.009717
v 0.504385 1.981217 -0.010055
v 0.520942 1.974496 -0.010385
v 0.537069 1.966801 -0.010706
v 0.470220 1.991644 0.009358
v 0.487458 1.986939 0.009701
v 0.504386 1.981217 0.010038
v 0.520942 1.974496 0.010368
v 0.537070 1.966801 0.010689
v 0.469475 1.991644 0.028075
v 0.486685 1.986939 0.029105
v 0.503586 1.981217 0.030115
v 0.520116 1.974496 0.031104
v 0.536218 1.966801 0.032067
v 0.502821 1.900208 -0.050000
v 0.511051 1.900208 -0.049318
v 0.519056 1.900208 -0.047291
v 0.526618 1.900208 -0.043974
v 0.533531 1.900208 -0.039457
v 0.539607 1.900208 -0.033864
v 0.544679 1.900208 -0.027347
v 0.548610 1.900208 -0.020085
v 0.551291 1.900208 -0.012274
v 0.552650 1.900208 -0.004129
v 0.552650 1.900208 0.004129
v 0.551291 1.900208 0.012274
v 0.548610 1.900208 0.020085
v 0.544679 1.900208 0.027347
v 0.539607 1.900208 0.033864
v 0.533531 1.900208 0.039457
v 0.526618 1.900208 0.043974
v 0.519056 1.900208 0.047291
v 0.511051 1.900208 0.049318
v 0.502821 1.900208 0.050000
v 0.494591 1.900208 0.049318
v 0.486586 1.900208 0.047291
v 0.479023 1.900208 0.043974
v 0.472110 1.900208 0.039457
v 0.466035 1.900208 0.033864
v 0.460963 1.900208 0.027347
v 0.457032 1.900208 0.020085
v 0.454351 1.900208 0.012274
v 0.452992 1.900208 0.004129
v 0.452992 1.900208 -0.004129
v 0.454351 1.900208 -0.012274
v 0.457032 1.900208 -0.020085
v 0.460963 1.900208 -0.027347
v 0.466035 1.900208 -0.033864
v 0.472110 1.900208 -0.039457
v 0.479023 1.900208 -0.043974
v 0.486586 1.900208 -0.047291
v 0.494591 1.900208 -0.049318
vt 0.397104 0.750641 0.000000
vt 0.401219 0.753829 0.000000
vt 0.400265 0.762293 0.000000
vt 0.404987 0.757499 0.000000
vt 0.408354 0.761612 0.000000
vt 0.411285 0.766139 0.000000
vt 0.400265 0.782389 0.000000
vt 0.382391 0.782389 0.000000
vt 0.382391 0.802483 0.000000
vt 0.364516 0.802483 0.000000
vt 0.364516 0.822577 0.000000
vt 0.346642 0.822577 0.000000
vt 0.352341 0.840292 0.000000
vt 0.347522 0.838689 0.000000
vt 0.413741 0.771036 0.000000
vt 0.415676 0.776225 0.000000
vt 0.417068 0.781647 0.000000
vt 0.417893 0.787227 0.000000
vt 0.418140 0.792883 0.000000
vt 0.400265 0.802483 0.000000
vt 0.417803 0.798529 0.000000
vt 0.416890 0.804086 0.000000
vt 0.415413 0.809481 0.000000
vt 0.413396 0.814626 0.000000
vt 0.410866 0.819469 0.000000
vt 0.400265 0.822577 0.000000
vt 0.407860 0.823942 0.000000
vt 0.404431 0.827985 0.000000
vt 0.400619 0.831572 0.000000
vt 0.396458 0.834684 0.000000
vt 0.382391 0.822577 0.000000
vt 0.392012 0.837290 0.000000
vt 0.387347 0.839374 0.000000
vt 0.382504 0.840945 0.000000
vt 0.377520 0.842011 0.000000
vt 0.367386 0.842672 0.000000
vt 0.362315 0.842306 0.000000
vt 0.372466 0.842580 0.000000
vt 0.357285 0.841505 0.000000
vt 0.342856 0.836719 0.000000
vt 0.338374 0.834402 0.000000
vt 0.334107 0.831756 0.000000
vt 0.328768 0.822577 0.000000
vt 0.330092 0.828804 0.000000
vt 0.326361 0.825566 0.000000
vt 0.322946 0.822056 0.000000
vt 0.319879 0.818292 0.000000
vt 0.328768 0.802483 0.000000
vt 0.317208 0.814311 0.000000
vt 0.314965 0.810132 0.000000
vt 0.313179 0.805774 0.000000
vt 0.311890 0.801287 0.000000
vt 0.311123 0.796709 0.000000
vt 0.310893 0.792082 0.000000
vt 0.328768 0.782389 0.000000
vt 0.346642 0.782389 0.000000
vt 0.346642 0.762281 0.000000
vt 0.364516 0.762285 0.000000
vt 0.353107 0.744381 0.000000
vt 0.358064 0.743230 0.000000
vt 0.311207 0.787462 0.000000
vt 0.312058 0.782891 0.000000
vt 0.313425 0.778425 0.000000
vt 0.315286 0.774090 0.000000
vt 0.317600 0.769938 0.000000
vt 0.328768 0.762277 0.000000
vt 0.320332 0.765994 0.000000
vt 0.323449 0.762276 0.000000
vt 0.326921 0.758802 0.000000
vt 0.330701 0.755604 0.000000
vt 0.334758 0.752699 0.000000
vt 0.339060 0.750103 0.000000
vt 0.343576 0.747837 0.000000
vt 0.348268 0.745923 0.000000
vt 0.363107 0.742496 0.000000
vt 0.368184 0.742201 0.000000
vt 0.373258 0.742365 0.000000
vt 0.382391 0.762289 0.000000
vt 0.378295 0.743009 0.000000
vt 0.383260 0.744152 0.000000
vt 0.388086 0.745805 0.000000
vt 0.392713 0.747967 0.000000
vt 0.364516 0.782389 0.000000
vt 0.346642 0.802483 0.000000
vt 0.049318 0.008230 0.000000
vt -0.049318 0.008230 0.000000
vt 0.050000 0.000000 0.000000
vt -0.050000 0.000000 0.000000
vt 0.049318 -0.008230 0.000000
vt -0.049318 -0.008230 0.000000
vt 0.047291 -0.016235 0.000000
vt -0.047291 -0.016235 0.000000
vt 0.043974 -0.023797 0.000000
vt -0.043974 -0.023797 0.000000
vt 0.039457 -0.030711 0.000000
vt -0.039457 -0.030711 0.000000
vt 0.033864 -0.036786 0.000000
vt -0.033864 -0.036786 0.000000
vt 0.027347 -0.041858 0.000000
vt -0.027347 -0.041858 0.000000
vt 0.020085 -0.045789 0.000000
vt -0.020085 -0.045789 0.000000
vt 0.012274 -0.048470 0.000000
vt -0.012274 -0.048470 0.000000
vt 0.004129 -0.049829 0.000000
vt -0.004129 -0.049829 0.000000
vt -0.047291 0.016235 0.000000
vt 0.047291 0.016235 0.000000
vt -0.043974 0.023797 0.000000
vt 0.043974 0.023797 0.000000
vt -0.039457 0.030711 0.000000
vt 0.039457 0.030711 0.000000
vt -0.033864 0.036786 0.000000
vt 0.033864 0.036786 0.000000
vt -0.027347 0.041858 0.000000
vt 0.027347 0.041858 0.000000
vt -0.020085 0.045789 0.000000
vt 0.020085 0.045789 0.000000
vt -0.012274 0.048470 0.000000
vt 0.012274 0.048470 0.000000
vt -0.004129 0.049829 0.000000
vt 0.004129 0.049829 0.000000
vt -0.440000 -0.008267 0.000000
vt -0.357737 -0.004269 0.000000
vt -0.440000 0.000000 0.000000
vt -0.359486 0.000508 0.000000
vt -0.361304 0.005271 0.000000
vt -0.440000 -0.016535 0.000000
vt -0.354492 -0.013892 0.000000
vt -0.356069 -0.009065 0.000000
vt -0.353017 -0.018763 0.000000
vt -0.440000 -0.024802 0.000000
vt -0.351659 -0.023660 0.000000
vt -0.350428 -0.028574 0.000000
vt -0.440000 -0.033069 0.000000
vt -0.349322 -0.033517 0.000000
vt -0.348343 -0.038503 0.000000
vt -0.440000 -0.041337 0.000000
vt -0.347494 -0.043510 0.000000
vt -0.440000 -0.049604 0.000000
vt -0.346775 -0.048525 0.000000
vt -0.346179 -0.053562 0.000000
vt -0.440000 -0.057871 0.000000
vt -0.345701 -0.058624 0.000000
vt -0.345339 -0.063689 0.000000
vt -0.440000 -0.066139 0.000000
vt -0.345086 -0.068764 0.000000
vt -0.440000 -0.074406 0.000000
vt -0.344939 -0.073848 0.000000
vt -0.344895 -0.078933 0.000000
vt -0.440000 -0.082673 0.000000
vt -0.344954 -0.084016 0.000000
vt -0.345118 -0.089095 0.000000
vt -0.440000 -0.090941 0.000000
vt -0.345387 -0.094173 0.000000
vt -0.440000 -0.099208 0.000000
vt -0.345767 -0.099234 0.000000
vt -0.346263 -0.104291 0.000000
vt -0.440000 -0.107476 0.000000
vt -0.346878 -0.109333 0.000000
vt -0.440000 -0.115743 0.000000
vt -0.347616 -0.114342 0.000000
vt -0.348482 -0.119330 0.000000
vt -0.440000 -0.124010 0.000000
vt -0.349480 -0.124312 0.000000
vt -0.350610 -0.129268 0.000000
vt -0.440000 -0.132278 0.000000
vt -0.351862 -0.134182 0.000000
vt -0.440000 -0.140545 0.000000
vt -0.353236 -0.139067 0.000000
vt -0.354728 -0.143936 0.000000
vt -0.440000 -0.148812 0.000000
vt -0.356323 -0.148766 0.000000
vt -0.358006 -0.153561 0.000000
vt -0.440000 -0.157080 0.000000
vt -0.359766 -0.158333 0.000000
vt -0.359766 0.155826 0.000000
vt -0.440000 0.157080 0.000000
vt -0.361592 0.151068 0.000000
vt -0.440000 0.148812 0.000000
vt -0.363464 0.146327 0.000000
vt -0.440000 0.140545 0.000000
vt -0.365360 0.141599 0.000000
vt -0.367263 0.136874 0.000000
vt -0.440000 0.132278 0.000000
vt -0.369152 0.132143 0.000000
vt -0.371008 0.127397 0.000000
vt -0.440000 0.124010 0.000000
vt -0.372805 0.122635 0.000000
vt -0.374516 0.117848 0.000000
vt -0.440000 0.115743 0.000000
vt -0.376120 0.113024 0.000000
vt -0.440000 0.107476 0.000000
vt -0.377588 0.108154 0.000000
vt -0.378890 0.103251 0.000000
vt -0.440000 0.099208 0.000000
vt -0.379999 0.098306 0.000000
vt -0.380892 0.093307 0.000000
vt -0.440000 0.090941 0.000000
vt -0.381542 0.088276 0.000000
vt -0.440000 0.082673 0.000000
vt -0.381932 0.083218 0.000000
vt -0.382049 0.078143 0.000000
vt -0.440000 0.074406 0.000000
vt -0.381889 0.073072 0.000000
vt -0.381457 0.068013 0.000000
vt -0.440000 0.066139 0.000000
vt -0.380768 0.062991 0.000000
vt -0.440000 0.057871 0.000000
vt -0.379839 0.057997 0.000000
vt -0.378697 0.053056 0.000000
vt -0.440000 0.049604 0.000000
vt -0.377369 0.048165 0.000000
vt -0.375881 0.043311 0.000000
vt -0.440000 0.041337 0.000000
vt -0.374257 0.038487 0.000000
vt -0.440000 0.033069 0.000000
vt -0.372529 0.033699 0.000000
vt -0.370722 0.028940 0.000000
vt -0.440000 0.024802 0.000000
vt -0.368859 0.024198 0.000000
vt -0.366964 0.019466 0.000000
vt -0.440000 0.016535 0.000000
vt -0.365061 0.014740 0.000000
vt -0.440000 0.008267 0.000000
vt -0.363169 0.010012 0.000000
vn 0.243769 0.969622 -0.020246
vn 0.230610 0.972886 -0.017686
vn 0.233960 0.972145 -0.014000
vn 0.218525 0.975714 -0.015161
vn 0.207697 0.978111 -0.012710
vn 0.198250 0.980097 -0.010347
vn 0.234332 0.972145 -0.004671
vn 0.291792 0.956464 -0.005817
vn 0.291792 0.956464 0.005807
vn 0.348217 0.937388 0.006930
vn 0.347664 0.937388 0.020791
vn 0.402766 0.914986 0.024086
vn 0.384297 0.922485 0.036558
vn 0.399118 0.916165 0.036689
vn 0.190317 0.981689 -0.008081
vn 0.184057 0.982898 -0.005920
vn 0.179550 0.983741 -0.003844
vn 0.176874 0.984232 -0.001829
vn 0.176075 0.984377 0.000153
vn 0.234332 0.972145 0.004664
vn 0.177165 0.984179 0.002137
vn 0.180125 0.983635 0.004157
vn 0.184910 0.982736 0.006247
vn 0.191431 0.981470 0.008423
vn 0.199602 0.979819 0.010703
vn 0.233960 0.972145 0.013991
vn 0.209288 0.977767 0.013084
vn 0.220308 0.975307 0.015546
vn 0.232531 0.972421 0.018071
vn 0.245833 0.969093 0.020631
vn 0.291329 0.956464 0.017422
vn 0.260001 0.965330 0.023173
vn 0.274815 0.961155 0.025639
vn 0.290143 0.956574 0.027980
vn 0.305856 0.951600 0.030148
vn 0.337622 0.940677 0.033726
vn 0.353421 0.934808 0.035046
vn 0.321732 0.946287 0.032080
vn 0.369027 0.928721 0.036001
vn 0.413402 0.909822 0.036375
vn 0.427064 0.903520 0.035601
vn 0.440014 0.897333 0.034357
vn 0.456438 0.889337 0.027296
vn 0.452145 0.891347 0.032644
vn 0.463371 0.885640 0.030466
vn 0.473608 0.880296 0.027831
vn 0.482764 0.875400 0.024757
vn 0.457163 0.889337 0.009098
vn 0.490712 0.871062 0.021283
vn 0.497368 0.867364 0.017446
vn 0.502652 0.864387 0.013285
vn 0.506458 0.862219 0.008879
vn 0.508721 0.860920 0.004301
vn 0.509398 0.860531 -0.000366
vn 0.457162 0.889337 -0.009113
vn 0.403405 0.914986 -0.008042
vn 0.402764 0.914986 -0.024110
vn 0.347663 0.937388 -0.020809
vn 0.381935 0.923468 -0.036498
vn 0.366613 0.929681 -0.035878
vn 0.508472 0.861064 -0.005022
vn 0.505962 0.862503 -0.009583
vn 0.501924 0.864799 -0.013951
vn 0.496415 0.867898 -0.018069
vn 0.489546 0.871703 -0.021854
vn 0.456436 0.889337 -0.027326
vn 0.481414 0.876129 -0.025263
vn 0.472101 0.881091 -0.028265
vn 0.461691 0.886505 -0.030834
vn 0.450308 0.892265 -0.032943
vn 0.438043 0.898289 -0.034583
vn 0.424978 0.904497 -0.035752
vn 0.411204 0.910814 -0.036454
vn 0.396827 0.917159 -0.036698
vn 0.350959 0.935742 -0.034862
vn 0.335131 0.941576 -0.033488
vn 0.319249 0.947137 -0.031796
vn 0.291329 0.956464 -0.017435
vn 0.303419 0.952390 -0.029828
vn 0.287755 0.957306 -0.027630
vn 0.272474 0.961832 -0.025262
vn 0.257769 0.965938 -0.022785
vn 0.348216 0.937388 -0.006941
vn 0.403405 0.914986 0.008029
vn -0.000000 -1.000000 -0.000000
vn -0.000000 -1.000000 -0.000000
vn -0.000000 -1.000000 -0.000000
vn -0.000000 -1.000000 -0.000000
vn -0.000000 -1.000000 -0.000000
vn -0.000000 -1.000000 -0.000000
vn -0.000000 -1.000000 -0.000000
vn -0.000000 -1.000000 -0.000000
vn -0.000000 -1.000000 -0.000000
vn -0.000000 -1.000000 -0.000000
vn -0.000000 -1.000000 -0.000000
vn -0.000000 -1.000000 -0.000000
vn -0.000000 -1.000000 -0.000000
vn -0.000000 -1.000000 -0.000000
vn -0.000000 -1.000000 -0.000000
vn -0.000000 -1.000000 -0.000000
vn -0.000000 -1.000000 -0.000000
vn -0.000000 -1.000000 -0.000000
vn -0.000000 -1.000000 -0.000000
vn -0.000000 -1.000000 -0.000000
vn -0.000000 -1.000000 -0.000000
vn -0.000000 -1.000000 -0.000000
vn -0.000000 -1.000000 -0.000000
vn -0.000000 -1.000000 -0.000000
vn -0.000000 -1.000000 -0.000000
vn -0.000000 -1.000000 -0.000000
vn -0.000000 -1.000000 -0.000000
vn -0.000000 -1.000000 -0.000000
vn -0.000000 -1.000000 -0.000000
vn -0.000000 -1.000000 -0.000000
vn -0.000000 -1.000000 -0.000000
vn -0.000000 -1.000000 -0.000000
vn -0.000000 -1.000000 -0.000000
vn -0.000000 -1.000000 -0.000000
vn -0.000000 -1.000000 -0.000000
vn -0.000000 -1.000000 -0.000000
vn -0.000000 -1.000000 -0.000000
vn -0.000000 -1.000000 -0.000000
vn -0.164595 0.000000 -0.986361
vn -0.085281 0.000000 -0.996357
vn 0.000000 0.000000 -1.000000
vn 0.010157 0.000000 -0.999948
vn 0.105224 0.000000 -0.994449
vn -0.324699 0.000000 -0.945817
vn -0.274284 0.000000 -0.961649
vn -0.180316 0.000000 -0.983609
vn -0.366515 0.000000 -0.930412
vn -0.475947 0.000000 -0.879474
vn -0.455741 0.000000 -0.890112
vn -0.540878 0.000000 -0.841101
vn -0.614213 0.000000 -0.789141
vn -0.621253 0.000000 -0.783610
vn -0.696182 0.000000 -0.717865
vn -0.735724 0.000000 -0.677282
vn -0.764455 0.000000 -0.644678
vn -0.837166 0.000000 -0.546948
vn -0.825168 0.000000 -0.564887
vn -0.877792 0.000000 -0.479041
vn -0.915773 0.000000 -0.401695
vn -0.921715 0.000000 -0.387868
vn -0.956211 0.000000 -0.292677
vn -0.969400 0.000000 -0.245485
vn -0.980947 0.000000 -0.194276
vn -0.996584 0.000000 -0.082579
vn -0.995600 0.000000 -0.093707
vn -0.999969 0.000000 0.007871
vn -0.996584 0.000000 0.082579
vn -0.994008 0.000000 0.109307
vn -0.977800 0.000000 0.209541
vn -0.969400 0.000000 0.245485
vn -0.951519 0.000000 0.307589
vn -0.915773 0.000000 0.401695
vn -0.915562 0.000000 0.402177
vn -0.870282 0.000000 0.492554
vn -0.837166 0.000000 0.546948
vn -0.816276 0.000000 0.577662
vn -0.735724 0.000000 0.677282
vn -0.754414 0.000000 0.656399
vn -0.685279 0.000000 0.728281
vn -0.614213 0.000000 0.789141
vn -0.609445 0.000000 0.792828
vn -0.527998 0.000000 0.849246
vn -0.475947 0.000000 0.879474
vn -0.442121 0.000000 0.896956
vn -0.324699 0.000000 0.945817
vn -0.352502 0.000000 0.935811
vn -0.259862 0.000000 0.965646
vn -0.164595 0.000000 0.986361
vn -0.165501 0.000000 0.986210
vn -0.070308 0.000000 0.997525
vn -0.000000 0.000000 1.000000
vn 0.025062 0.000000 0.999686
vn 0.119945 0.000000 0.992781
vn 0.164595 0.000000 0.986361
vn 0.213404 0.000000 0.976964
vn 0.324699 0.000000 0.945817
vn 0.304691 0.000000 0.952451
vn 0.393197 0.000000 0.919454
vn 0.475947 0.000000 0.879474
vn 0.478316 0.000000 0.878188
vn 0.559392 0.000000 0.828903
vn 0.614213 0.000000 0.789141
vn 0.635680 0.000000 0.771952
vn 0.706569 0.000000 0.707645
vn 0.735724 0.000000 0.677282
vn 0.771453 0.000000 0.636286
vn 0.837166 0.000000 0.546948
vn 0.829669 0.000000 0.558256
vn 0.880340 0.000000 0.474343
vn 0.915773 0.000000 0.401695
vn 0.922871 0.000000 0.385108
vn 0.956702 0.000000 0.291069
vn 0.969400 0.000000 0.245485
vn 0.981101 0.000000 0.193496
vn 0.996584 0.000000 0.082579
vn 0.995626 0.000000 0.093433
vn 0.999968 0.000000 -0.007945
vn 0.996584 0.000000 -0.082579
vn 0.994027 0.000000 -0.109137
vn 0.977920 0.000000 -0.208982
vn 0.969400 0.000000 -0.245485
vn 0.952037 0.000000 -0.305984
vn 0.915773 0.000000 -0.401695
vn 0.916775 0.000000 -0.399404
vn 0.872898 0.000000 -0.487903
vn 0.837166 0.000000 -0.546948
vn 0.821075 0.000000 -0.570820
vn 0.761888 0.000000 -0.647709
vn 0.735724 0.000000 -0.677282
vn 0.695948 0.000000 -0.718092
vn 0.614213 0.000000 -0.789141
vn 0.624105 0.000000 -0.781340
vn 0.547019 0.000000 -0.837120
vn 0.475947 0.000000 -0.879474
vn 0.465290 0.000000 -0.885159
vn 0.379552 0.000000 -0.925171
vn 0.324699 0.000000 -0.945817
vn 0.290548 0.000000 -0.956861
vn 0.164595 0.000000 -0.986361
vn 0.198902 0.000000 -0.980019
f 3098/4903/4220 3035/4904/4221 3099/4905/4222
f 3099/4905/4222 3035/4904/4221 3036/4906/4223
f 3099/4905/4222 3036/4906/4223 3037/4907/4224
f 3037/4907/4224 3038/4908/4225 3099/4905/4222
f 3099/4905/4222 3038/4908/4225 3104/4909/4226
f 3099/4905/4222 3104/4909/4226 3105/4910/4227
f 3105/4910/4227 3104/4909/4226 3110/4911/4228
f 3105/4910/4227 3110/4911/4228 3111/4912/4229
f 3111/4912/4229 3110/4911/4228 3116/4913/4230
f 3111/4912/4229 3116/4913/4230 3117/4914/4231
f 3117/4914/4231 3116/4913/4230 3061/4915/4232
f 3117/4914/4231 3061/4915/4232 3062/4916/4233
f 3038/4908/4225 3039/4917/4234 3104/4909/4226
f 3104/4909/4226 3039/4917/4234 3040/4918/4235
f 3104/4909/4226 3040/4918/4235 3041/4919/4236
f 3041/4919/4236 3042/4920/4237 3104/4909/4226
f 3104/4909/4226 3042/4920/4237 3043/4921/4238
f 3104/4909/4226 3043/4921/4238 3109/4922/4239
f 3109/4922/4239 3043/4921/4238 3044/4923/4240
f 3109/4922/4239 3044/4923/4240 3045/4924/4241
f 3045/4924/4241 3046/4925/4242 3109/4922/4239
f 3109/4922/4239 3046/4925/4242 3047/4926/4243
f 3109/4922/4239 3047/4926/4243 3048/4927/4244
f 3109/4922/4239 3048/4927/4244 3114/4928/4245
f 3114/4928/4245 3048/4927/4244 3049/4929/4246
f 3114/4928/4245 3049/4929/4246 3050/4930/4247
f 3050/4930/4247 3051/4931/4248 3114/4928/4245
f 3114/4928/4245 3051/4931/4248 3052/4932/4249
f 3114/4928/4245 3052/4932/4249 3115/4933/4250
f 3115/4933/4250 3052/4932/4249 3053/4934/4251
f 3115/4933/4250 3053/4934/4251 3054/4935/4252
f 3054/4935/4252 3055/4936/4253 3115/4933/4250
f 3115/4933/4250 3055/4936/4253 3056/4937/4254
f 3115/4933/4250 3056/4937/4254 3116/4913/4230
f 3116/4913/4230 3056/4937/4254 3058/4938/4255
f 3116/4913/4230 3058/4938/4255 3059/4939/4256
f 3056/4937/4254 3057/4940/4257 3058/4938/4255
f 3059/4939/4256 3060/4941/4258 3116/4913/4230
f 3116/4913/4230 3060/4941/4258 3061/4915/4232
f 3062/4916/4233 3063/4942/4259 3117/4914/4231
f 3117/4914/4231 3063/4942/4259 3064/4943/4260
f 3117/4914/4231 3064/4943/4260 3065/4944/4261
f 3117/4914/4231 3065/4944/4261 3118/4945/4262
f 3118/4945/4262 3065/4944/4261 3066/4946/4263
f 3118/4945/4262 3066/4946/4263 3067/4947/4264
f 3067/4947/4264 3068/4948/4265 3118/4945/4262
f 3118/4945/4262 3068/4948/4265 3069/4949/4266
f 3118/4945/4262 3069/4949/4266 3113/4950/4267
f 3113/4950/4267 3069/4949/4266 3070/4951/4268
f 3113/4950/4267 3070/4951/4268 3071/4952/4269
f 3071/4952/4269 3072/4953/4270 3113/4950/4267
f 3113/4950/4267 3072/4953/4270 3073/4954/4271
f 3113/4950/4267 3073/4954/4271 3074/4955/4272
f 3074/4955/4272 3075/4956/4273 3113/4950/4267
f 3113/4950/4267 3075/4956/4273 3108/4957/4274
f 3113/4950/4267 3108/4957/4274 3107/4958/4275
f 3107/4958/4275 3108/4957/4274 3102/4959/4276
f 3107/4958/4275 3102/4959/4276 3101/4960/4277
f 3101/4960/4277 3102/4959/4276 3089/4961/4278
f 3101/4960/4277 3089/4961/4278 3090/4962/4279
f 3075/4956/4273 3076/4963/4280 3108/4957/4274
f 3108/4957/4274 3076/4963/4280 3077/4964/4281
f 3108/4957/4274 3077/4964/4281 3078/4965/4282
f 3078/4965/4282 3079/4966/4283 3108/4957/4274
f 3108/4957/4274 3079/4966/4283 3080/4967/4284
f 3108/4957/4274 3080/4967/4284 3103/4968/4285
f 3103/4968/4285 3080/4967/4284 3081/4969/4286
f 3103/4968/4285 3081/4969/4286 3082/4970/4287
f 3082/4970/4287 3083/4971/4288 3103/4968/4285
f 3103/4968/4285 3083/4971/4288 3084/4972/4289
f 3103/4968/4285 3084/4972/4289 3085/4973/4290
f 3085/4973/4290 3086/4974/4291 3103/4968/4285
f 3103/4968/4285 3086/4974/4291 3102/4959/4276
f 3103/4968/4285 3102/4959/4276 3108/4957/4274
f 3086/4974/4291 3087/4975/4292 3102/4959/4276
f 3102/4959/4276 3087/4975/4292 3088/4976/4293
f 3102/4959/4276 3088/4976/4293 3089/4961/4278
f 3090/4962/4279 3091/4977/4294 3101/4960/4277
f 3101/4960/4277 3091/4977/4294 3092/4978/4295
f 3101/4960/4277 3092/4978/4295 3093/4979/4296
f 3101/4960/4277 3093/4979/4296 3100/4980/4297
f 3100/4980/4297 3093/4979/4296 3094/4981/4298
f 3100/4980/4297 3094/4981/4298 3095/4982/4299
f 3095/4982/4299 3096/4983/4300 3100/4980/4297
f 3100/4980/4297 3096/4983/4300 3097/4984/4301
f 3100/4980/4297 3097/4984/4301 3098/4903/4220
f 3100/4980/4297 3098/4903/4220 3099/4905/4222
f 3099/4905/4222 3105/4910/4227 3100/4980/4297
f 3100/4980/4297 3105/4910/4227 3106/4985/4302
f 3100/4980/4297 3106/4985/4302 3101/4960/4277
f 3101/4960/4277 3106/4985/4302 3107/4958/4275
f 3105/4910/4227 3111/4912/4229 3106/4985/4302
f 3106/4985/4302 3111/4912/4229 3112/4986/4303
f 3106/4985/4302 3112/4986/4303 3107/4958/4275
f 3107/4958/4275 3112/4986/4303 3113/4950/4267
f 3104/4909/4226 3109/4922/4239 3110/4911/4228
f 3110/4911/4228 3109/4922/4239 3115/4933/4250
f 3110/4911/4228 3115/4933/4250 3116/4913/4230
f 3114/4928/4245 3115/4933/4250 3109/4922/4239
f 3118/4945/4262 3113/4950/4267 3112/4986/4303
f 3118/4945/4262 3112/4986/4303 3117/4914/4231
f 3117/4914/4231 3112/4986/4303 3111/4912/4229
f 3120/4987/4304 3137/4988/4305 3119/4989/4306
f 3119/4989/4306 3137/4988/4305 3138/4990/4307
f 3119/4989/4306 3138/4990/4307 3156/4991/4308
f 3156/4991/4308 3138/4990/4307 3139/4992/4309
f 3156/4991/4308 3139/4992/4309 3155/4993/4310
f 3155/4993/4310 3139/4992/4309 3140/4994/4311
f 3155/4993/4310 3140/4994/4311 3154/4995/4312
f 3154/4995/4312 3140/4994/4311 3141/4996/4313
f 3154/4995/4312 3141/4996/4313 3153/4997/4314
f 3153/4997/4314 3141/4996/4313 3142/4998/4315
f 3153/4997/4314 3142/4998/4315 3152/4999/4316
f 3152/4999/4316 3142/4998/4315 3143/5000/4317
f 3152/4999/4316 3143/5000/4317 3151/5001/4318
f 3151/5001/4318 3143/5000/4317 3144/5002/4319
f 3151/5001/4318 3144/5002/4319 3150/5003/4320
f 3150/5003/4320 3144/5002/4319 3145/5004/4321
f 3150/5003/4320 3145/5004/4321 3149/5005/4322
f 3149/5005/4322 3145/5004/4321 3146/5006/4323
f 3149/5005/4322 3146/5006/4323 3148/5007/4324
f 3148/5007/4324 3146/5006/4323 3147/5008/4325
f 3137/4988/4305 3120/4987/4304 3136/5009/4326
f 3136/5009/4326 3120/4987/4304 3121/5010/4327
f 3136/5009/4326 3121/5010/4327 3135/5011/4328
f 3135/5011/4328 3121/5010/4327 3122/5012/4329
f 3135/5011/4328 3122/5012/4329 3134/5013/4330
f 3134/5013/4330 3122/5012/4329 3123/5014/4331
f 3134/5013/4330 3123/5014/4331 3133/5015/4332
f 3133/5015/4332 3123/5014/4331 3124/5016/4333
f 3133/5015/4332 3124/5016/4333 3132/5017/4334
f 3132/5017/4334 3124/5016/4333 3125/5018/4335
f 3132/5017/4334 3125/5018/4335 3131/5019/4336
f 3131/5019/4336 3125/5018/4335 3126/5020/4337
f 3131/5019/4336 3126/5020/4337 3130/5021/4338
f 3130/5021/4338 3126/5020/4337 3127/5022/4339
f 3130/5021/4338 3127/5022/4339 3129/5023/4340
f 3129/5023/4340 3127/5022/4339 3128/5024/4341
f 3156/5025/4342 3092/5026/4343 3119/5027/4344
f 3119/5027/4344 3092/5026/4343 3091/5028/4345
f 3119/5027/4344 3091/5028/4345 3090/5029/4346
f 3155/5030/4347 3094/5031/4348 3156/5025/4342
f 3156/5025/4342 3094/5031/4348 3093/5032/4349
f 3156/5025/4342 3093/5032/4349 3092/5026/4343
f 3094/5031/4348 3155/5030/4347 3095/5033/4350
f 3095/5033/4350 3155/5030/4347 3154/5034/4351
f 3095/5033/4350 3154/5034/4351 3096/5035/4352
f 3096/5035/4352 3154/5034/4351 3097/5036/4353
f 3097/5036/4353 3154/5034/4351 3153/5037/4354
f 3097/5036/4353 3153/5037/4354 3098/5038/4355
f 3098/5038/4355 3153/5037/4354 3035/5039/4356
f 3035/5039/4356 3153/5037/4354 3152/5040/4357
f 3035/5039/4356 3152/5040/4357 3036/5041/4358
f 3036/5041/4358 3152/5040/4357 3151/5042/4359
f 3036/5041/4358 3151/5042/4359 3037/5043/4360
f 3037/5043/4360 3151/5042/4359 3038/5044/4361
f 3038/5044/4361 3151/5042/4359 3150/5045/4362
f 3038/5044/4361 3150/5045/4362 3039/5046/4363
f 3039/5046/4363 3150/5045/4362 3040/5047/4364
f 3040/5047/4364 3150/5045/4362 3149/5048/4365
f 3040/5047/4364 3149/5048/4365 3041/5049/4366
f 3041/5049/4366 3149/5048/4365 3148/5050/4367
f 3041/5049/4366 3148/5050/4367 3042/5051/4368
f 3042/5051/4368 3148/5050/4367 3043/5052/4369
f 3043/5052/4369 3148/5050/4367 3147/5053/4370
f 3043/5052/4369 3147/5053/4370 3044/5054/4371
f 3044/5054/4371 3147/5053/4370 3045/5055/4372
f 3045/5055/4372 3147/5053/4370 3146/5056/4373
f 3045/5055/4372 3146/5056/4373 3046/5057/4374
f 3046/5057/4374 3146/5056/4373 3145/5058/4375
f 3046/5057/4374 3145/5058/4375 3047/5059/4376
f 3047/5059/4376 3145/5058/4375 3048/5060/4377
f 3048/5060/4377 3145/5058/4375 3144/5061/4378
f 3048/5060/4377 3144/5061/4378 3049/5062/4379
f 3049/5062/4379 3144/5061/4378 3143/5063/4380
f 3049/5062/4379 3143/5063/4380 3050/5064/4381
f 3050/5064/4381 3143/5063/4380 3051/5065/4382
f 3051/5065/4382 3143/5063/4380 3142/5066/4383
f 3051/5065/4382 3142/5066/4383 3052/5067/4384
f 3052/5067/4384 3142/5066/4383 3053/5068/4385
f 3053/5068/4385 3142/5066/4383 3141/5069/4386
f 3053/5068/4385 3141/5069/4386 3054/5070/4387
f 3054/5070/4387 3141/5069/4386 3140/5071/4388
f 3054/5070/4387 3140/5071/4388 3055/5072/4389
f 3055/5072/4389 3140/5071/4388 3056/5073/4390
f 3056/5073/4390 3140/5071/4388 3139/5074/4391
f 3056/5073/4390 3139/5074/4391 3057/5075/4392
f 3057/5075/4392 3139/5074/4391 3058/5076/4393
f 3058/5076/4393 3139/5074/4391 3138/5077/4394
f 3058/5076/4393 3138/5077/4394 3059/5078/4395
f 3059/5079/4395 3138/5080/4394 3060/5081/4396
f 3060/5081/4396 3138/5080/4394 3137/5082/4397
f 3060/5081/4396 3137/5082/4397 3061/5083/4398
f 3061/5083/4398 3137/5082/4397 3136/5084/4399
f 3061/5083/4398 3136/5084/4399 3062/5085/4400
f 3062/5085/4400 3136/5084/4399 3063/5086/4401
f 3063/5086/4401 3136/5084/4399 3135/5087/4402
f 3063/5086/4401 3135/5087/4402 3064/5088/4403
f 3064/5088/4403 3135/5087/4402 3065/5089/4404
f 3065/5089/4404 3135/5087/4402 3134/5090/4405
f 3065/5089/4404 3134/5090/4405 3066/5091/4406
f 3066/5091/4406 3134/5090/4405 3067/5092/4407
f 3067/5092/4407 3134/5090/4405 3133/5093/4408
f 3067/5092/4407 3133/5093/4408 3068/5094/4409
f 3068/5094/4409 3133/5093/4408 3132/5095/4410
f 3068/5094/4409 3132/5095/4410 3069/5096/4411
f 3069/5096/4411 3132/5095/4410 3070/5097/4412
f 3070/5097/4412 3132/5095/4410 3131/5098/4413
f 3070/5097/4412 3131/5098/4413 3071/5099/4414
f 3071/5099/4414 3131/5098/4413 3072/5100/4415
f 3072/5100/4415 3131/5098/4413 3130/5101/4416
f 3072/5100/4415 3130/5101/4416 3073/5102/4417
f 3073/5102/4417 3130/5101/4416 3129/5103/4418
f 3073/5102/4417 3129/5103/4418 3074/5104/4419
f 3074/5104/4419 3129/5103/4418 3075/5105/4420
f 3075/5105/4420 3129/5103/4418 3128/5106/4421
f 3075/5105/4420 3128/5106/4421 3076/5107/4422
f 3076/5107/4422 3128/5106/4421 3077/5108/4423
f 3077/5108/4423 3128/5106/4421 3127/5109/4424
f 3077/5108/4423 3127/5109/4424 3078/5110/4425
f 3078/5110/4425 3127/5109/4424 3126/5111/4426
f 3078/5110/4425 3126/5111/4426 3079/5112/4427
f 3079/5112/4427 3126/5111/4426 3080/5113/4428
f 3080/5113/4428 3126/5111/4426 3125/5114/4429
f 3080/5113/4428 3125/5114/4429 3081/5115/4430
f 3081/5115/4430 3125/5114/4429 3082/5116/4431
f 3082/5116/4431 3125/5114/4429 3124/5117/4432
f 3082/5116/4431 3124/5117/4432 3083/5118/4433
f 3083/5118/4433 3124/5117/4432 3123/5119/4434
f 3083/5118/4433 3123/5119/4434 3084/5120/4435
f 3084/5120/4435 3123/5119/4434 3085/5121/4436
f 3085/5121/4436 3123/5119/4434 3122/5122/4437
f 3085/5121/4436 3122/5122/4437 3086/5123/4438
f 3086/5123/4438 3122/5122/4437 3087/5124/4439
f 3087/5124/4439 3122/5122/4437 3121/5125/4440
f 3087/5124/4439 3121/5125/4440 3088/5126/4441
f 3088/5126/4441 3121/5125/4440 3120/5127/4442
f 3088/5126/4441 3120/5127/4442 3089/5128/4443
f 3089/5128/4443 3120/5127/4442 3090/5029/4346
f 3090/5029/4346 3120/5127/4442 3119/5027/4344
g Body7

v -0.034657 1.965343 -0.538861
v -0.037953 1.967037 -0.535372
v -0.040880 1.968817 -0.531611
v -0.043425 1.970663 -0.527606
v -0.045574 1.972549 -0.523388
v -0.047312 1.974451 -0.518993
v -0.048627 1.976349 -0.514456
v -0.049510 1.978226 -0.509806
v -0.049949 1.980064 -0.505073
v -0.049937 1.981841 -0.500302
v -0.049467 1.983539 -0.495539
v -0.048538 1.985151 -0.490817
v -0.047146 1.986664 -0.486170
v -0.045294 1.988067 -0.481644
v -0.043002 1.989344 -0.477308
v -0.040281 1.990496 -0.473199
v -0.037143 1.991522 -0.469349
v -0.033613 1.992419 -0.465805
v -0.029741 1.993185 -0.462628
v -0.025556 1.993825 -0.459845
v -0.021087 1.994346 -0.457485
v -0.016396 1.994750 -0.455586
v -0.011530 1.995042 -0.454169
v -0.006533 1.995228 -0.453250
v -0.001468 1.995309 -0.452842
v 0.003614 1.995287 -0.452952
v 0.008653 1.995163 -0.453575
v 0.013603 1.994932 -0.454707
v 0.018401 1.994593 -0.456330
v 0.023001 1.994141 -0.458425
v 0.027362 1.993569 -0.460972
v 0.031418 1.992876 -0.463925
v 0.035140 1.992058 -0.467252
v 0.038505 1.991109 -0.470924
v 0.041480 1.990026 -0.474903
v 0.044026 1.988818 -0.479120
v 0.046132 1.987489 -0.483537
v 0.047790 1.986039 -0.488118
v 0.048988 1.984480 -0.492813
v 0.049723 1.982827 -0.497561
v 0.049998 1.981094 -0.502330
v 0.049818 1.979291 -0.507087
v 0.049189 1.977433 -0.511792
v 0.048121 1.975544 -0.516400
v 0.046625 1.973641 -0.520880
v 0.044712 1.971745 -0.525201
v 0.042392 1.969873 -0.529333
v 0.039683 1.968052 -0.533239
v 0.036601 1.966307 -0.536886
v 0.033160 1.964661 -0.540243
v 0.029376 1.963140 -0.543281
v 0.025285 1.961774 -0.545957
v 0.020917 1.960592 -0.548235
v 0.016300 1.959616 -0.550089
v 0.011476 1.958874 -0.551486
v 0.006515 1.958388 -0.552395
v 0.001458 1.958170 -0.552800
v -0.003609 1.958229 -0.552690
v -0.008637 1.958562 -0.552069
v -0.013543 1.959159 -0.550952
v -0.018286 1.960003 -0.549357
v -0.022807 1.961071 -0.547316
v -0.027058 1.962333 -0.544867
v -0.031015 1.963766 -0.542039
v -0.028051 1.991640 -0.469491
v -0.029079 1.986937 -0.486695
v -0.030088 1.981216 -0.503588
v -0.031075 1.974498 -0.520112
v -0.032037 1.966807 -0.536208
v -0.009338 1.991640 -0.470236
v -0.009681 1.986937 -0.487467
v -0.010017 1.981216 -0.504387
v -0.010345 1.974498 -0.520937
v -0.010665 1.966807 -0.537058
v 0.009389 1.991640 -0.470235
v 0.009733 1.986937 -0.487466
v 0.010071 1.981216 -0.504386
v 0.010401 1.974498 -0.520936
v 0.010723 1.966807 -0.537057
v 0.028101 1.991640 -0.469488
v 0.029131 1.986937 -0.486692
v 0.030142 1.981216 -0.503585
v 0.031131 1.974498 -0.520109
v 0.032094 1.966807 -0.536204
v -0.050000 1.900208 -0.502821
v -0.049318 1.900208 -0.511051
v -0.047291 1.900208 -0.519056
v -0.043974 1.900208 -0.526618
v -0.039457 1.900208 -0.533531
v -0.033864 1.900208 -0.539607
v -0.027347 1.900208 -0.544679
v -0.020085 1.900208 -0.548610
v -0.012274 1.900208 -0.551291
v -0.004129 1.900208 -0.552650
v 0.004129 1.900208 -0.552650
v 0.012274 1.900208 -0.551291
v 0.020085 1.900208 -0.548610
v 0.027347 1.900208 -0.544679
v 0.033864 1.900208 -0.539607
v 0.039457 1.900208 -0.533531
v 0.043974 1.900208 -0.526618
v 0.047291 1.900208 -0.519056
v 0.049318 1.900208 -0.511051
v 0.050000 1.900208 -0.502821
v 0.049318 1.900208 -0.494591
v 0.047291 1.900208 -0.486586
v 0.043974 1.900208 -0.479023
v 0.039457 1.900208 -0.472110
v 0.033864 1.900208 -0.466035
v 0.027347 1.900208 -0.460963
v 0.020085 1.900208 -0.457032
v 0.012274 1.900208 -0.454351
v 0.004129 1.900208 -0.452992
v -0.004129 1.900208 -0.452992
v -0.012274 1.900208 -0.454351
v -0.020085 1.900208 -0.457032
v -0.027347 1.900208 -0.460963
v -0.033864 1.900208 -0.466035
v -0.039457 1.900208 -0.472110
v -0.043974 1.900208 -0.479023
v -0.047291 1.900208 -0.486586
v -0.049318 1.900208 -0.494591
vt 0.322266 -0.028835 0.000000
vt 0.325612 -0.032401 0.000000
vt 0.328781 -0.030106 0.000000
vt 0.329284 -0.035703 0.000000
vt 0.333244 -0.038718 0.000000
vt 0.346648 -0.030106 0.000000
vt 0.337459 -0.041429 0.000000
vt 0.341901 -0.043818 0.000000
vt 0.346532 -0.045863 0.000000
vt 0.351321 -0.047544 0.000000
vt 0.356239 -0.048840 0.000000
vt 0.364516 -0.030106 0.000000
vt 0.361255 -0.049730 0.000000
vt 0.366325 -0.050188 0.000000
vt 0.371404 -0.050194 0.000000
vt 0.376458 -0.049728 0.000000
vt 0.382383 -0.030106 0.000000
vt 0.381454 -0.048770 0.000000
vt 0.386341 -0.047303 0.000000
vt 0.391045 -0.045328 0.000000
vt 0.399748 -0.039841 0.000000
vt 0.400250 -0.030106 0.000000
vt 0.403653 -0.036341 0.000000
vt 0.407170 -0.032387 0.000000
vt 0.395528 -0.042841 0.000000
vt 0.410265 -0.028008 0.000000
vt 0.400250 -0.010017 0.000000
vt 0.382383 -0.010017 0.000000
vt 0.382383 0.010071 0.000000
vt 0.364516 0.010071 0.000000
vt 0.364516 0.030160 0.000000
vt 0.346648 0.030160 0.000000
vt 0.354137 0.048338 0.000000
vt 0.349269 0.046875 0.000000
vt 0.412901 -0.023237 0.000000
vt 0.415030 -0.018148 0.000000
vt 0.416623 -0.012805 0.000000
vt 0.417658 -0.007271 0.000000
vt 0.418117 -0.001635 0.000000
vt 0.400250 0.010071 0.000000
vt 0.417994 0.004026 0.000000
vt 0.417291 0.009623 0.000000
vt 0.416017 0.015088 0.000000
vt 0.414195 0.020332 0.000000
vt 0.411850 0.025291 0.000000
vt 0.409010 0.029910 0.000000
vt 0.400250 0.030160 0.000000
vt 0.382383 0.030160 0.000000
vt 0.398018 0.041157 0.000000
vt 0.393666 0.043953 0.000000
vt 0.405732 0.034113 0.000000
vt 0.402056 0.037869 0.000000
vt 0.389077 0.046227 0.000000
vt 0.384294 0.047985 0.000000
vt 0.379357 0.049235 0.000000
vt 0.374320 0.049985 0.000000
vt 0.369246 0.050248 0.000000
vt 0.364168 0.050048 0.000000
vt 0.359118 0.049404 0.000000
vt 0.344544 0.045037 0.000000
vt 0.339991 0.042845 0.000000
vt 0.335641 0.040316 0.000000
vt 0.331530 0.037474 0.000000
vt 0.328781 0.030160 0.000000
vt 0.346648 0.010071 0.000000
vt 0.328781 0.010071 0.000000
vt 0.346648 -0.010017 0.000000
vt 0.328781 -0.010017 0.000000
vt 0.327692 0.034339 0.000000
vt 0.324157 0.030926 0.000000
vt 0.320957 0.027252 0.000000
vt 0.318137 0.023347 0.000000
vt 0.315734 0.019239 0.000000
vt 0.313777 0.014944 0.000000
vt 0.312302 0.010497 0.000000
vt 0.311342 0.005949 0.000000
vt 0.310914 0.001331 0.000000
vt 0.311030 -0.003294 0.000000
vt 0.311686 -0.007892 0.000000
vt 0.312867 -0.012399 0.000000
vt 0.314550 -0.016786 0.000000
vt 0.316704 -0.021010 0.000000
vt 0.319286 -0.025032 0.000000
vt 0.364516 -0.010017 0.000000
vt -0.000000 -0.050000 0.000000
vt 0.008230 -0.049318 0.000000
vt -0.008230 -0.049318 0.000000
vt -0.016235 -0.047291 0.000000
vt 0.016235 -0.047291 0.000000
vt -0.023797 -0.043974 0.000000
vt 0.023797 -0.043974 0.000000
vt -0.030711 -0.039457 0.000000
vt 0.030711 -0.039457 0.000000
vt -0.036786 -0.033864 0.000000
vt 0.036786 -0.033864 0.000000
vt -0.041858 -0.027347 0.000000
vt -0.045789 -0.020085 0.000000
vt -0.048470 -0.012274 0.000000
vt -0.049829 -0.004129 0.000000
vt 0.041858 -0.027347 0.000000
vt -0.049829 0.004129 0.000000
vt -0.048470 0.012274 0.000000
vt -0.045789 0.020085 0.000000
vt -0.041858 0.027347 0.000000
vt -0.036786 0.033864 0.000000
vt -0.030711 0.039457 0.000000
vt -0.023797 0.043974 0.000000
vt -0.016235 0.047291 0.000000
vt -0.008230 0.049318 0.000000
vt -0.000000 0.050000 0.000000
vt 0.008230 0.049318 0.000000
vt 0.016235 0.047291 0.000000
vt 0.023797 0.043974 0.000000
vt 0.030711 0.039457 0.000000
vt 0.036786 0.033864 0.000000
vt 0.041858 0.027347 0.000000
vt 0.045789 -0.020085 0.000000
vt 0.045789 0.020085 0.000000
vt 0.048470 -0.012274 0.000000
vt 0.048470 0.012274 0.000000
vt 0.049829 -0.004129 0.000000
vt 0.049829 0.004129 0.000000
vt -0.440000 -0.086807 0.000000
vt -0.358368 -0.081060 0.000000
vt -0.440000 -0.078540 0.000000
vt -0.360144 -0.076287 0.000000
vt -0.440000 -0.070272 0.000000
vt -0.361982 -0.071532 0.000000
vt -0.363859 -0.066797 0.000000
vt -0.440000 -0.095075 0.000000
vt -0.355058 -0.090662 0.000000
vt -0.356669 -0.085847 0.000000
vt -0.440000 -0.103342 0.000000
vt -0.352141 -0.100407 0.000000
vt -0.353544 -0.095515 0.000000
vt -0.350864 -0.105313 0.000000
vt -0.440000 -0.111609 0.000000
vt -0.349712 -0.110244 0.000000
vt -0.348686 -0.115213 0.000000
vt -0.440000 -0.119877 0.000000
vt -0.347789 -0.120217 0.000000
vt -0.347024 -0.125228 0.000000
vt -0.440000 -0.128144 0.000000
vt -0.346383 -0.130255 0.000000
vt -0.440000 -0.136411 0.000000
vt -0.345863 -0.135311 0.000000
vt -0.345458 -0.140375 0.000000
vt -0.440000 -0.144679 0.000000
vt -0.345166 -0.145445 0.000000
vt -0.344980 -0.150528 0.000000
vt -0.440000 -0.152946 0.000000
vt -0.344899 -0.155611 0.000000
vt -0.344899 0.158548 0.000000
vt -0.440000 0.161213 0.000000
vt -0.440000 0.152946 0.000000
vt -0.344921 0.153462 0.000000
vt -0.345046 0.148383 0.000000
vt -0.440000 0.144679 0.000000
vt -0.345276 0.143303 0.000000
vt -0.345615 0.138236 0.000000
vt -0.440000 0.136411 0.000000
vt -0.346067 0.133179 0.000000
vt -0.440000 0.128144 0.000000
vt -0.346639 0.128127 0.000000
vt -0.347332 0.123107 0.000000
vt -0.440000 0.119877 0.000000
vt -0.348150 0.118113 0.000000
vt -0.440000 0.111609 0.000000
vt -0.349099 0.113130 0.000000
vt -0.350182 0.108160 0.000000
vt -0.440000 0.103342 0.000000
vt -0.351390 0.103232 0.000000
vt -0.352720 0.098337 0.000000
vt -0.440000 0.095075 0.000000
vt -0.354169 0.093463 0.000000
vt -0.355729 0.088616 0.000000
vt -0.440000 0.086807 0.000000
vt -0.357381 0.083809 0.000000
vt -0.440000 0.078540 0.000000
vt -0.359114 0.079030 0.000000
vt -0.360917 0.074268 0.000000
vt -0.440000 0.070272 0.000000
vt -0.362775 0.069520 0.000000
vt -0.364664 0.064788 0.000000
vt -0.440000 0.062005 0.000000
vt -0.366567 0.060063 0.000000
vt -0.440000 0.053738 0.000000
vt -0.368464 0.055336 0.000000
vt -0.370335 0.050595 0.000000
vt -0.440000 0.045470 0.000000
vt -0.372156 0.045840 0.000000
vt -0.373901 0.041063 0.000000
vt -0.440000 0.037203 0.000000
vt -0.375547 0.036254 0.000000
vt -0.377069 0.031400 0.000000
vt -0.440000 0.028936 0.000000
vt -0.378434 0.026509 0.000000
vt -0.440000 0.020668 0.000000
vt -0.379617 0.021581 0.000000
vt -0.380592 0.016603 0.000000
vt -0.440000 0.012401 0.000000
vt -0.381334 0.011579 0.000000
vt -0.381821 0.006533 0.000000
vt -0.440000 0.004134 0.000000
vt -0.382038 0.001459 0.000000
vt -0.440000 -0.004134 0.000000
vt -0.381980 -0.003612 0.000000
vt -0.381646 -0.008681 0.000000
vt -0.440000 -0.012401 0.000000
vt -0.381049 -0.013715 0.000000
vt -0.380205 -0.018720 0.000000
vt -0.440000 -0.020668 0.000000
vt -0.379138 -0.023683 0.000000
vt -0.440000 -0.028936 0.000000
vt -0.377875 -0.028591 0.000000
vt -0.376443 -0.033457 0.000000
vt -0.440000 -0.037203 0.000000
vt -0.374865 -0.038292 0.000000
vt -0.373172 -0.043093 0.000000
vt -0.440000 -0.045470 0.000000
vt -0.371391 -0.047861 0.000000
vt -0.440000 -0.053738 0.000000
vt -0.369546 -0.052608 0.000000
vt -0.367660 -0.057344 0.000000
vt -0.440000 -0.062005 0.000000
vt -0.365757 -0.062071 0.000000
vn -0.027216 0.879219 -0.475641
vn -0.029946 0.884478 -0.465620
vn -0.027268 0.889357 -0.456399
vn -0.032225 0.890123 -0.454580
vn -0.034037 0.896059 -0.442628
vn -0.024063 0.914995 -0.402748
vn -0.035379 0.902209 -0.429846
vn -0.036251 0.908496 -0.416319
vn -0.036661 0.914839 -0.402152
vn -0.036621 0.921168 -0.387438
vn -0.036152 0.927423 -0.372263
vn -0.020772 0.937387 -0.347668
vn -0.035278 0.933546 -0.356717
vn -0.034030 0.939471 -0.340934
vn -0.032449 0.945137 -0.325060
vn -0.030577 0.950506 -0.309198
vn -0.017408 0.956456 -0.291356
vn -0.028458 0.955548 -0.293459
vn -0.026144 0.960224 -0.278004
vn -0.023701 0.964484 -0.263074
vn -0.018622 0.971740 -0.235318
vn -0.013981 0.972133 -0.234011
vn -0.016078 0.974730 -0.222807
vn -0.013597 0.977282 -0.211505
vn -0.021179 0.968323 -0.248801
vn -0.011201 0.979417 -0.201539
vn -0.004655 0.972133 -0.234382
vn -0.005795 0.956456 -0.291818
vn 0.005826 0.956456 -0.291818
vn 0.006953 0.937387 -0.348219
vn 0.020809 0.937387 -0.347666
vn 0.024106 0.914995 -0.402745
vn 0.036402 0.924780 -0.378757
vn 0.036692 0.918484 -0.393753
vn -0.008898 0.981152 -0.193032
vn -0.006699 0.982499 -0.186148
vn -0.004595 0.983474 -0.180991
vn -0.002560 0.984093 -0.177637
vn -0.000571 0.984363 -0.176148
vn 0.004680 0.972133 -0.234381
vn 0.001409 0.984291 -0.176548
vn 0.003411 0.983875 -0.178827
vn 0.005473 0.983106 -0.182953
vn 0.007615 0.981977 -0.188849
vn 0.009855 0.980469 -0.196427
vn 0.012203 0.978564 -0.205582
vn 0.014006 0.972133 -0.234009
vn 0.017439 0.956456 -0.291354
vn 0.019693 0.970363 -0.240849
vn 0.022250 0.966755 -0.254735
vn 0.014637 0.976255 -0.216129
vn 0.017142 0.973527 -0.227927
vn 0.024748 0.962730 -0.269328
vn 0.027141 0.958297 -0.284483
vn 0.029379 0.953464 -0.300073
vn 0.031404 0.948267 -0.315916
vn 0.033159 0.942762 -0.331814
vn 0.034603 0.936983 -0.347657
vn 0.035696 0.930970 -0.363346
vn 0.036543 0.912142 -0.408243
vn 0.035938 0.905817 -0.422143
vn 0.034867 0.899578 -0.435366
vn 0.033325 0.893509 -0.447807
vn 0.027317 0.889357 -0.456396
vn 0.008054 0.914995 -0.403385
vn 0.009127 0.889357 -0.457122
vn -0.008011 0.914995 -0.403386
vn -0.009078 0.889357 -0.457123
vn 0.031316 0.887691 -0.459374
vn 0.028847 0.882204 -0.469982
vn 0.025930 0.877132 -0.479548
vn 0.022598 0.872579 -0.487950
vn 0.018889 0.868638 -0.495087
vn 0.014842 0.865388 -0.500883
vn 0.010514 0.862914 -0.505242
vn 0.005992 0.861292 -0.508075
vn 0.001344 0.860566 -0.509337
vn -0.003324 0.860762 -0.508997
vn -0.007933 0.861874 -0.507061
vn -0.012379 0.863863 -0.503575
vn -0.016596 0.866676 -0.498595
vn -0.020511 0.870235 -0.492210
vn -0.024062 0.874443 -0.484531
vn -0.006915 0.937387 -0.348220
vn -0.000000 -1.000000 -0.000000
vn -0.000000 -1.000000 -0.000000
vn -0.000000 -1.000000 -0.000000
vn -0.000000 -1.000000 -0.000000
vn -0.000000 -1.000000 -0.000000
vn -0.000000 -1.000000 -0.000000
vn -0.000000 -1.000000 -0.000000
vn -0.000000 -1.000000 -0.000000
vn -0.000000 -1.000000 -0.000000
vn -0.000000 -1.000000 -0.000000
vn -0.000000 -1.000000 -0.000000
vn -0.000000 -1.000000 -0.000000
vn -0.000000 -1.000000 -0.000000
vn -0.000000 -1.000000 -0.000000
vn -0.000000 -1.000000 -0.000000
vn -0.000000 -1.000000 -0.000000
vn -0.000000 -1.000000 -0.000000
vn -0.000000 -1.000000 -0.000000
vn -0.000000 -1.000000 -0.000000
vn -0.000000 -1.000000 -0.000000
vn -0.000000 -1.000000 -0.000000
vn -0.000000 -1.000000 -0.000000
vn -0.000000 -1.000000 -0.000000
vn -0.000000 -1.000000 -0.000000
vn -0.000000 -1.000000 -0.000000
vn -0.000000 -1.000000 -0.000000
vn -0.000000 -1.000000 -0.000000
vn -0.000000 -1.000000 -0.000000
vn -0.000000 -1.000000 -0.000000
vn -0.000000 -1.000000 -0.000000
vn -0.000000 -1.000000 -0.000000
vn -0.000000 -1.000000 -0.000000
vn -0.000000 -1.000000 -0.000000
vn -0.000000 -1.000000 -0.000000
vn -0.000000 -1.000000 -0.000000
vn -0.000000 -1.000000 -0.000000
vn -0.000000 -1.000000 -0.000000
vn -0.000000 -1.000000 -0.000000
vn -0.986361 0.000000 0.164595
vn -0.998730 0.000000 0.050373
vn -1.000000 0.000000 -0.000000
vn -0.998985 0.000000 -0.045046
vn -0.986361 0.000000 -0.164595
vn -0.990194 0.000000 -0.139697
vn -0.972548 0.000000 -0.232702
vn -0.945817 0.000000 0.324699
vn -0.970756 0.000000 0.240067
vn -0.989339 0.000000 0.145632
vn -0.879474 0.000000 0.475947
vn -0.905881 0.000000 0.423533
vn -0.942921 0.000000 0.333015
vn -0.860030 0.000000 0.510244
vn -0.789141 0.000000 0.614213
vn -0.805615 0.000000 0.592440
vn -0.742861 0.000000 0.669445
vn -0.677282 0.000000 0.735724
vn -0.672251 0.000000 0.740323
vn -0.594813 0.000000 0.803864
vn -0.546948 0.000000 0.837166
vn -0.511119 0.000000 0.859510
vn -0.401695 0.000000 0.915773
vn -0.421748 0.000000 0.906713
vn -0.327918 0.000000 0.944706
vn -0.245485 0.000000 0.969400
vn -0.230605 0.000000 0.973047
vn -0.130664 0.000000 0.991427
vn -0.082579 0.000000 0.996584
vn -0.029360 0.000000 0.999569
vn 0.082579 0.000000 0.996584
vn 0.072290 0.000000 0.997384
vn 0.173057 0.000000 0.984912
vn 0.245485 0.000000 0.969400
vn 0.272069 0.000000 0.962278
vn 0.368019 0.000000 0.929818
vn 0.401695 0.000000 0.915773
vn 0.460020 0.000000 0.887909
vn 0.546948 0.000000 0.837166
vn 0.547234 0.000000 0.836979
vn 0.628360 0.000000 0.777923
vn 0.677282 0.000000 0.735724
vn 0.702806 0.000000 0.711382
vn 0.789141 0.000000 0.614213
vn 0.770092 0.000000 0.637932
vn 0.829606 0.000000 0.558349
vn 0.879474 0.000000 0.475947
vn 0.880518 0.000000 0.474013
vn 0.922631 0.000000 0.385683
vn 0.945817 0.000000 0.324699
vn 0.955791 0.000000 0.294047
vn 0.979764 0.000000 0.200158
vn 0.986361 0.000000 0.164595
vn 0.994452 0.000000 0.105194
vn 1.000000 0.000000 -0.000000
vn 0.999952 0.000000 0.009813
vn 0.996353 0.000000 -0.085331
vn 0.986361 0.000000 -0.164595
vn 0.983771 0.000000 -0.179428
vn 0.962416 0.000000 -0.271581
vn 0.945817 0.000000 -0.324699
vn 0.932498 0.000000 -0.361175
vn 0.879474 0.000000 -0.475947
vn 0.894232 0.000000 -0.447603
vn 0.847842 0.000000 -0.530249
vn 0.789141 0.000000 -0.614213
vn 0.793660 0.000000 -0.608362
vn 0.732008 0.000000 -0.681296
vn 0.677282 0.000000 -0.735724
vn 0.663194 0.000000 -0.748447
vn 0.587528 0.000000 -0.809204
vn 0.546948 0.000000 -0.837166
vn 0.505690 0.000000 -0.862715
vn 0.401695 0.000000 -0.915773
vn 0.418344 0.000000 -0.908289
vn 0.325994 0.000000 -0.945372
vn 0.245485 0.000000 -0.969400
vn 0.229521 0.000000 -0.973304
vn 0.130291 0.000000 -0.991476
vn 0.082579 0.000000 -0.996584
vn 0.029167 0.000000 -0.999575
vn -0.082579 0.000000 -0.996584
vn -0.072181 0.000000 -0.997392
vn -0.172740 0.000000 -0.984967
vn -0.245485 0.000000 -0.969400
vn -0.270865 0.000000 -0.962617
vn -0.365715 0.000000 -0.930727
vn -0.401695 0.000000 -0.915773
vn -0.456146 0.000000 -0.889905
vn -0.546948 0.000000 -0.837166
vn -0.541157 0.000000 -0.840921
vn -0.620304 0.000000 -0.784362
vn -0.677282 0.000000 -0.735724
vn -0.693137 0.000000 -0.720806
vn -0.759050 0.000000 -0.651032
vn -0.789141 0.000000 -0.614213
vn -0.817594 0.000000 -0.575794
vn -0.879474 0.000000 -0.475947
vn -0.868497 0.000000 -0.495694
vn -0.911483 0.000000 -0.411337
vn -0.945817 0.000000 -0.324699
vn -0.946245 0.000000 -0.323452
f 3220/5129/4444 3157/5130/4445 3225/5131/4446
f 3225/5131/4446 3157/5130/4445 3158/5132/4447
f 3225/5131/4446 3158/5132/4447 3159/5133/4448
f 3225/5131/4446 3159/5133/4448 3224/5134/4449
f 3224/5134/4449 3159/5133/4448 3160/5135/4450
f 3224/5134/4449 3160/5135/4450 3161/5136/4451
f 3161/5136/4451 3162/5137/4452 3224/5134/4449
f 3224/5134/4449 3162/5137/4452 3163/5138/4453
f 3224/5134/4449 3163/5138/4453 3164/5139/4454
f 3224/5134/4449 3164/5139/4454 3223/5140/4455
f 3223/5140/4455 3164/5139/4454 3165/5141/4456
f 3223/5140/4455 3165/5141/4456 3166/5142/4457
f 3167/5143/4458 3168/5144/4459 3166/5142/4457
f 3166/5142/4457 3168/5144/4459 3223/5140/4455
f 3223/5140/4455 3168/5144/4459 3222/5145/4460
f 3222/5145/4460 3168/5144/4459 3169/5146/4461
f 3222/5145/4460 3169/5146/4461 3170/5147/4462
f 3170/5147/4462 3171/5148/4463 3222/5145/4460
f 3222/5145/4460 3171/5148/4463 3173/5149/4464
f 3222/5145/4460 3173/5149/4464 3221/5150/4465
f 3221/5150/4465 3173/5149/4464 3174/5151/4466
f 3221/5150/4465 3174/5151/4466 3175/5152/4467
f 3171/5148/4463 3172/5153/4468 3173/5149/4464
f 3175/5152/4467 3176/5154/4469 3221/5150/4465
f 3221/5150/4465 3176/5154/4469 3226/5155/4470
f 3221/5150/4465 3226/5155/4470 3227/5156/4471
f 3227/5156/4471 3226/5155/4470 3232/5157/4472
f 3227/5156/4471 3232/5157/4472 3233/5158/4473
f 3233/5158/4473 3232/5157/4472 3238/5159/4474
f 3233/5158/4473 3238/5159/4474 3239/5160/4475
f 3239/5160/4475 3238/5159/4474 3199/5161/4476
f 3239/5160/4475 3199/5161/4476 3200/5162/4477
f 3176/5154/4469 3177/5163/4478 3226/5155/4470
f 3226/5155/4470 3177/5163/4478 3178/5164/4479
f 3226/5155/4470 3178/5164/4479 3179/5165/4480
f 3179/5165/4480 3180/5166/4481 3226/5155/4470
f 3226/5155/4470 3180/5166/4481 3181/5167/4482
f 3226/5155/4470 3181/5167/4482 3231/5168/4483
f 3231/5168/4483 3181/5167/4482 3182/5169/4484
f 3231/5168/4483 3182/5169/4484 3183/5170/4485
f 3183/5170/4485 3184/5171/4486 3231/5168/4483
f 3231/5168/4483 3184/5171/4486 3185/5172/4487
f 3231/5168/4483 3185/5172/4487 3186/5173/4488
f 3186/5173/4488 3187/5174/4489 3231/5168/4483
f 3231/5168/4483 3187/5174/4489 3236/5175/4490
f 3231/5168/4483 3236/5175/4490 3237/5176/4491
f 3237/5176/4491 3236/5175/4490 3190/5177/4492
f 3237/5176/4491 3190/5177/4492 3191/5178/4493
f 3187/5174/4489 3188/5179/4494 3236/5175/4490
f 3236/5175/4490 3188/5179/4494 3189/5180/4495
f 3236/5175/4490 3189/5180/4495 3190/5177/4492
f 3191/5178/4493 3192/5181/4496 3237/5176/4491
f 3237/5176/4491 3192/5181/4496 3193/5182/4497
f 3237/5176/4491 3193/5182/4497 3194/5183/4498
f 3194/5183/4498 3195/5184/4499 3237/5176/4491
f 3237/5176/4491 3195/5184/4499 3238/5159/4474
f 3237/5176/4491 3238/5159/4474 3232/5157/4472
f 3196/5185/4500 3197/5186/4501 3195/5184/4499
f 3195/5184/4499 3197/5186/4501 3238/5159/4474
f 3197/5186/4501 3198/5187/4502 3238/5159/4474
f 3238/5159/4474 3198/5187/4502 3199/5161/4476
f 3200/5162/4477 3201/5188/4503 3239/5160/4475
f 3239/5160/4475 3201/5188/4503 3202/5189/4504
f 3239/5160/4475 3202/5189/4504 3203/5190/4505
f 3203/5190/4505 3204/5191/4506 3239/5160/4475
f 3239/5160/4475 3204/5191/4506 3240/5192/4507
f 3239/5160/4475 3240/5192/4507 3234/5193/4508
f 3234/5193/4508 3240/5192/4507 3235/5194/4509
f 3234/5193/4508 3235/5194/4509 3229/5195/4510
f 3229/5195/4510 3235/5194/4509 3230/5196/4511
f 3229/5195/4510 3230/5196/4511 3224/5134/4449
f 3224/5134/4449 3230/5196/4511 3225/5131/4446
f 3204/5191/4506 3205/5197/4512 3240/5192/4507
f 3240/5192/4507 3205/5197/4512 3206/5198/4513
f 3240/5192/4507 3206/5198/4513 3207/5199/4514
f 3240/5192/4507 3207/5199/4514 3235/5194/4509
f 3235/5194/4509 3207/5199/4514 3208/5200/4515
f 3235/5194/4509 3208/5200/4515 3209/5201/4516
f 3209/5201/4516 3210/5202/4517 3235/5194/4509
f 3235/5194/4509 3210/5202/4517 3211/5203/4518
f 3235/5194/4509 3211/5203/4518 3212/5204/4519
f 3212/5204/4519 3213/5205/4520 3235/5194/4509
f 3235/5194/4509 3213/5205/4520 3230/5196/4511
f 3213/5205/4520 3214/5206/4521 3230/5196/4511
f 3230/5196/4511 3214/5206/4521 3215/5207/4522
f 3230/5196/4511 3215/5207/4522 3216/5208/4523
f 3216/5208/4523 3217/5209/4524 3230/5196/4511
f 3230/5196/4511 3217/5209/4524 3218/5210/4525
f 3230/5196/4511 3218/5210/4525 3219/5211/4526
f 3230/5196/4511 3219/5211/4526 3225/5131/4446
f 3225/5131/4446 3219/5211/4526 3220/5129/4444
f 3221/5150/4465 3227/5156/4471 3222/5145/4460
f 3222/5145/4460 3227/5156/4471 3228/5212/4527
f 3222/5145/4460 3228/5212/4527 3223/5140/4455
f 3223/5140/4455 3228/5212/4527 3229/5195/4510
f 3223/5140/4455 3229/5195/4510 3224/5134/4449
f 3234/5193/4508 3229/5195/4510 3228/5212/4527
f 3234/5193/4508 3228/5212/4527 3233/5158/4473
f 3233/5158/4473 3228/5212/4527 3227/5156/4471
f 3237/5176/4491 3232/5157/4472 3231/5168/4483
f 3231/5168/4483 3232/5157/4472 3226/5155/4470
f 3239/5160/4475 3234/5193/4508 3233/5158/4473
f 3241/5213/4528 3242/5214/4529 3278/5215/4530
f 3278/5215/4530 3242/5214/4529 3277/5216/4531
f 3277/5216/4531 3242/5214/4529 3243/5217/4532
f 3277/5216/4531 3243/5217/4532 3276/5218/4533
f 3276/5218/4533 3243/5217/4532 3244/5219/4534
f 3276/5218/4533 3244/5219/4534 3275/5220/4535
f 3275/5220/4535 3244/5219/4534 3245/5221/4536
f 3275/5220/4535 3245/5221/4536 3274/5222/4537
f 3274/5222/4537 3245/5221/4536 3246/5223/4538
f 3274/5222/4537 3246/5223/4538 3273/5224/4539
f 3273/5224/4539 3246/5223/4538 3272/5225/4540
f 3272/5225/4540 3246/5223/4538 3271/5226/4541
f 3271/5226/4541 3246/5223/4538 3270/5227/4542
f 3270/5227/4542 3246/5223/4538 3247/5228/4543
f 3270/5227/4542 3247/5228/4543 3269/5229/4544
f 3269/5229/4544 3247/5228/4543 3268/5230/4545
f 3268/5230/4545 3247/5228/4543 3267/5231/4546
f 3267/5231/4546 3247/5228/4543 3266/5232/4547
f 3266/5232/4547 3247/5228/4543 3265/5233/4548
f 3265/5233/4548 3247/5228/4543 3264/5234/4549
f 3264/5234/4549 3247/5228/4543 3263/5235/4550
f 3263/5235/4550 3247/5228/4543 3262/5236/4551
f 3262/5236/4551 3247/5228/4543 3261/5237/4552
f 3261/5237/4552 3247/5228/4543 3260/5238/4553
f 3260/5238/4553 3247/5228/4543 3259/5239/4554
f 3259/5239/4554 3247/5228/4543 3258/5240/4555
f 3258/5240/4555 3247/5228/4543 3257/5241/4556
f 3257/5241/4556 3247/5228/4543 3256/5242/4557
f 3256/5242/4557 3247/5228/4543 3255/5243/4558
f 3255/5243/4558 3247/5228/4543 3254/5244/4559
f 3254/5244/4559 3247/5228/4543 3248/5245/4560
f 3254/5244/4559 3248/5245/4560 3253/5246/4561
f 3253/5246/4561 3248/5245/4560 3249/5247/4562
f 3253/5246/4561 3249/5247/4562 3252/5248/4563
f 3252/5248/4563 3249/5247/4562 3250/5249/4564
f 3252/5248/4563 3250/5249/4564 3251/5250/4565
f 3278/5251/4566 3166/5252/4567 3241/5253/4568
f 3241/5253/4568 3166/5252/4567 3165/5254/4569
f 3241/5253/4568 3165/5254/4569 3242/5255/4570
f 3242/5255/4570 3165/5254/4569 3164/5256/4571
f 3242/5255/4570 3164/5256/4571 3163/5257/4572
f 3277/5258/4573 3168/5259/4574 3278/5251/4566
f 3278/5251/4566 3168/5259/4574 3167/5260/4575
f 3278/5251/4566 3167/5260/4575 3166/5252/4567
f 3276/5261/4576 3170/5262/4577 3277/5258/4573
f 3277/5258/4573 3170/5262/4577 3169/5263/4578
f 3277/5258/4573 3169/5263/4578 3168/5259/4574
f 3170/5262/4577 3276/5261/4576 3171/5264/4579
f 3171/5264/4579 3276/5261/4576 3275/5265/4580
f 3171/5264/4579 3275/5265/4580 3172/5266/4581
f 3172/5266/4581 3275/5265/4580 3173/5267/4582
f 3173/5267/4582 3275/5265/4580 3274/5268/4583
f 3173/5267/4582 3274/5268/4583 3174/5269/4584
f 3174/5269/4584 3274/5268/4583 3175/5270/4585
f 3175/5270/4585 3274/5268/4583 3273/5271/4586
f 3175/5270/4585 3273/5271/4586 3176/5272/4587
f 3176/5272/4587 3273/5271/4586 3272/5273/4588
f 3176/5272/4587 3272/5273/4588 3177/5274/4589
f 3177/5274/4589 3272/5273/4588 3178/5275/4590
f 3178/5275/4590 3272/5273/4588 3271/5276/4591
f 3178/5275/4590 3271/5276/4591 3179/5277/4592
f 3179/5277/4592 3271/5276/4591 3180/5278/4593
f 3180/5278/4593 3271/5276/4591 3270/5279/4594
f 3180/5278/4593 3270/5279/4594 3181/5280/4595
f 3181/5281/4595 3270/5282/4594 3269/5283/4596
f 3181/5281/4595 3269/5283/4596 3182/5284/4597
f 3182/5284/4597 3269/5283/4596 3183/5285/4598
f 3183/5285/4598 3269/5283/4596 3268/5286/4599
f 3183/5285/4598 3268/5286/4599 3184/5287/4600
f 3184/5287/4600 3268/5286/4599 3185/5288/4601
f 3185/5288/4601 3268/5286/4599 3267/5289/4602
f 3185/5288/4601 3267/5289/4602 3186/5290/4603
f 3186/5290/4603 3267/5289/4602 3266/5291/4604
f 3186/5290/4603 3266/5291/4604 3187/5292/4605
f 3187/5292/4605 3266/5291/4604 3188/5293/4606
f 3188/5293/4606 3266/5291/4604 3265/5294/4607
f 3188/5293/4606 3265/5294/4607 3189/5295/4608
f 3189/5295/4608 3265/5294/4607 3264/5296/4609
f 3189/5295/4608 3264/5296/4609 3190/5297/4610
f 3190/5297/4610 3264/5296/4609 3191/5298/4611
f 3191/5298/4611 3264/5296/4609 3263/5299/4612
f 3191/5298/4611 3263/5299/4612 3192/5300/4613
f 3192/5300/4613 3263/5299/4612 3193/5301/4614
f 3193/5301/4614 3263/5299/4612 3262/5302/4615
f 3193/5301/4614 3262/5302/4615 3194/5303/4616
f 3194/5303/4616 3262/5302/4615 3195/5304/4617
f 3195/5304/4617 3262/5302/4615 3261/5305/4618
f 3195/5304/4617 3261/5305/4618 3196/5306/4619
f 3196/5306/4619 3261/5305/4618 3260/5307/4620
f 3196/5306/4619 3260/5307/4620 3197/5308/4621
f 3197/5308/4621 3260/5307/4620 3198/5309/4622
f 3198/5309/4622 3260/5307/4620 3259/5310/4623
f 3198/5309/4622 3259/5310/4623 3199/5311/4624
f 3199/5311/4624 3259/5310/4623 3200/5312/4625
f 3200/5312/4625 3259/5310/4623 3258/5313/4626
f 3200/5312/4625 3258/5313/4626 3201/5314/4627
f 3201/5314/4627 3258/5313/4626 3257/5315/4628
f 3201/5314/4627 3257/5315/4628 3202/5316/4629
f 3202/5316/4629 3257/5315/4628 3203/5317/4630
f 3203/5317/4630 3257/5315/4628 3256/5318/4631
f 3203/5317/4630 3256/5318/4631 3204/5319/4632
f 3204/5319/4632 3256/5318/4631 3205/5320/4633
f 3205/5320/4633 3256/5318/4631 3255/5321/4634
f 3205/5320/4633 3255/5321/4634 3206/5322/4635
f 3206/5322/4635 3255/5321/4634 3207/5323/4636
f 3207/5323/4636 3255/5321/4634 3254/5324/4637
f 3207/5323/4636 3254/5324/4637 3208/5325/4638
f 3208/5325/4638 3254/5324/4637 3253/5326/4639
f 3208/5325/4638 3253/5326/4639 3209/5327/4640
f 3209/5327/4640 3253/5326/4639 3210/5328/4641
f 3210/5328/4641 3253/5326/4639 3252/5329/4642
f 3210/5328/4641 3252/5329/4642 3211/5330/4643
f 3211/5330/4643 3252/5329/4642 3212/5331/4644
f 3212/5331/4644 3252/5329/4642 3251/5332/4645
f 3212/5331/4644 3251/5332/4645 3213/5333/4646
f 3213/5333/4646 3251/5332/4645 3250/5334/4647
f 3213/5333/4646 3250/5334/4647 3214/5335/4648
f 3214/5335/4648 3250/5334/4647 3215/5336/4649
f 3215/5336/4649 3250/5334/4647 3249/5337/4650
f 3215/5336/4649 3249/5337/4650 3216/5338/4651
f 3216/5338/4651 3249/5337/4650 3217/5339/4652
f 3217/5339/4652 3249/5337/4650 3248/5340/4653
f 3217/5339/4652 3248/5340/4653 3218/5341/4654
f 3218/5341/4654 3248/5340/4653 3247/5342/4655
f 3218/5341/4654 3247/5342/4655 3219/5343/4656
f 3219/5343/4656 3247/5342/4655 3220/5344/4657
f 3220/5344/4657 3247/5342/4655 3246/5345/4658
f 3220/5344/4657 3246/5345/4658 3157/5346/4659
f 3157/5346/4659 3246/5345/4658 3158/5347/4660
f 3158/5347/4660 3246/5345/4658 3245/5348/4661
f 3158/5347/4660 3245/5348/4661 3159/5349/4662
f 3159/5349/4662 3245/5348/4661 3244/5350/4663
f 3159/5349/4662 3244/5350/4663 3160/5351/4664
f 3160/5351/4664 3244/5350/4663 3161/5352/4665
f 3161/5352/4665 3244/5350/4663 3243/5353/4666
f 3161/5352/4665 3243/5353/4666 3162/5354/4667
f 3162/5354/4667 3243/5353/4666 3163/5257/4572
f 3163/5257/4572 3243/5353/4666 3242/5255/4570
g Body8

v -0.538861 1.965343 -0.034657
v -0.542038 1.963766 -0.031016
v -0.544872 1.962330 -0.027049
v -0.547322 1.961067 -0.022795
v -0.549359 1.960002 -0.018281
v -0.550954 1.959158 -0.013534
v -0.552071 1.958561 -0.008626
v -0.552691 1.958228 -0.003602
v -0.552799 1.958170 0.001469
v -0.552394 1.958388 0.006522
v -0.551483 1.958876 0.011487
v -0.550088 1.959617 0.016303
v -0.548231 1.960594 0.020928
v -0.545950 1.961777 0.025296
v -0.543279 1.963141 0.029380
v -0.540245 1.964660 0.033157
v -0.536882 1.966309 0.036604
v -0.533232 1.968055 0.039688
v -0.529326 1.969876 0.042396
v -0.525195 1.971748 0.044715
v -0.520870 1.973646 0.046628
v -0.516390 1.975548 0.048124
v -0.511783 1.977437 0.049190
v -0.507082 1.979293 0.049818
v -0.502320 1.981098 0.049998
v -0.497550 1.982831 0.049722
v -0.492806 1.984481 0.048987
v -0.488123 1.986037 0.047791
v -0.483537 1.987489 0.046132
v -0.479116 1.988820 0.044024
v -0.474906 1.990025 0.041483
v -0.470942 1.991104 0.038520
v -0.467260 1.992056 0.035149
v -0.463924 1.992877 0.031417
v -0.460972 1.993569 0.027361
v -0.458429 1.994140 0.023009
v -0.456331 1.994593 0.018403
v -0.454708 1.994932 0.013606
v -0.453576 1.995162 0.008657
v -0.452952 1.995287 0.003615
v -0.452842 1.995309 -0.001469
v -0.453249 1.995228 -0.006531
v -0.454167 1.995042 -0.011525
v -0.455585 1.994750 -0.016395
v -0.457483 1.994346 -0.021083
v -0.459843 1.993825 -0.025552
v -0.462629 1.993184 -0.029743
v -0.465801 1.992420 -0.033609
v -0.469331 1.991526 -0.037128
v -0.473189 1.990500 -0.040274
v -0.477311 1.989344 -0.043003
v -0.481647 1.988065 -0.045296
v -0.486164 1.986666 -0.047144
v -0.490820 1.985151 -0.048538
v -0.495549 1.983536 -0.049469
v -0.500314 1.981836 -0.049937
v -0.505080 1.980061 -0.049949
v -0.509813 1.978224 -0.049509
v -0.514466 1.976345 -0.048625
v -0.519003 1.974446 -0.047309
v -0.523395 1.972545 -0.045571
v -0.527612 1.970660 -0.043421
v -0.531618 1.968814 -0.040875
v -0.535378 1.967034 -0.037948
v -0.536207 1.966807 -0.032037
v -0.520112 1.974498 -0.031075
v -0.503588 1.981216 -0.030088
v -0.486695 1.986937 -0.029079
v -0.469491 1.991640 -0.028051
v -0.537058 1.966807 -0.010666
v -0.520937 1.974498 -0.010346
v -0.504387 1.981216 -0.010017
v -0.487467 1.986937 -0.009681
v -0.470236 1.991640 -0.009339
v -0.537057 1.966807 0.010723
v -0.520936 1.974498 0.010401
v -0.504386 1.981216 0.010070
v -0.487465 1.986937 0.009733
v -0.470235 1.991640 0.009388
v -0.536204 1.966807 0.032094
v -0.520109 1.974498 0.031131
v -0.503585 1.981216 0.030142
v -0.486692 1.986937 0.029130
v -0.469488 1.991640 0.028101
v -0.502821 1.900208 0.050000
v -0.511051 1.900208 0.049318
v -0.519056 1.900208 0.047291
v -0.526618 1.900208 0.043974
v -0.533531 1.900208 0.039457
v -0.539607 1.900208 0.033864
v -0.544679 1.900208 0.027347
v -0.548610 1.900208 0.020085
v -0.551291 1.900208 0.012274
v -0.552650 1.900208 0.004129
v -0.552650 1.900208 -0.004129
v -0.551291 1.900208 -0.012274
v -0.548610 1.900208 -0.020085
v -0.544679 1.900208 -0.027347
v -0.539607 1.900208 -0.033864
v -0.533531 1.900208 -0.039457
v -0.526618 1.900208 -0.043974
v -0.519056 1.900208 -0.047291
v -0.511051 1.900208 -0.049318
v -0.502821 1.900208 -0.050000
v -0.494591 1.900208 -0.049318
v -0.486586 1.900208 -0.047291
v -0.479023 1.900208 -0.043974
v -0.472110 1.900208 -0.039457
v -0.466035 1.900208 -0.033864
v -0.460963 1.900208 -0.027347
v -0.457032 1.900208 -0.020085
v -0.454351 1.900208 -0.012274
v -0.452992 1.900208 -0.004129
v -0.452992 1.900208 0.004129
v -0.454351 1.900208 0.012274
v -0.457032 1.900208 0.020085
v -0.460963 1.900208 0.027347
v -0.466035 1.900208 0.033864
v -0.472110 1.900208 0.039457
v -0.479023 1.900208 0.043974
v -0.486586 1.900208 0.047291
v -0.494591 1.900208 0.049318
vt 0.329279 -0.756746 0.000000
vt 0.325612 -0.760044 0.000000
vt 0.328782 -0.762339 0.000000
vt 0.322267 -0.763609 0.000000
vt 0.328782 -0.782428 0.000000
vt 0.319280 -0.767421 0.000000
vt 0.316697 -0.771446 0.000000
vt 0.314548 -0.775664 0.000000
vt 0.312864 -0.780055 0.000000
vt 0.311684 -0.784563 0.000000
vt 0.311029 -0.789158 0.000000
vt 0.310914 -0.793786 0.000000
vt 0.328782 -0.802516 0.000000
vt 0.311343 -0.798401 0.000000
vt 0.312305 -0.802952 0.000000
vt 0.313778 -0.807392 0.000000
vt 0.315739 -0.811694 0.000000
vt 0.318144 -0.815803 0.000000
vt 0.328782 -0.822605 0.000000
vt 0.320960 -0.819701 0.000000
vt 0.324155 -0.823369 0.000000
vt 0.327695 -0.826787 0.000000
vt 0.331537 -0.829925 0.000000
vt 0.335648 -0.832766 0.000000
vt 0.346649 -0.822605 0.000000
vt 0.339998 -0.835294 0.000000
vt 0.344554 -0.837487 0.000000
vt 0.349280 -0.839324 0.000000
vt 0.354146 -0.840786 0.000000
vt 0.364516 -0.822605 0.000000
vt 0.359124 -0.841850 0.000000
vt 0.364179 -0.842494 0.000000
vt 0.369258 -0.842693 0.000000
vt 0.374327 -0.842429 0.000000
vt 0.382383 -0.822605 0.000000
vt 0.379351 -0.841682 0.000000
vt 0.384295 -0.840430 0.000000
vt 0.389082 -0.838670 0.000000
vt 0.393662 -0.836400 0.000000
vt 0.397998 -0.833617 0.000000
vt 0.400250 -0.822605 0.000000
vt 0.402047 -0.830323 0.000000
vt 0.405733 -0.826557 0.000000
vt 0.409011 -0.822354 0.000000
vt 0.411845 -0.817744 0.000000
vt 0.400250 -0.802516 0.000000
vt 0.414194 -0.812779 0.000000
vt 0.416016 -0.807536 0.000000
vt 0.417290 -0.802073 0.000000
vt 0.417994 -0.796471 0.000000
vt 0.418117 -0.790809 0.000000
vt 0.400250 -0.782428 0.000000
vt 0.417658 -0.785176 0.000000
vt 0.416624 -0.779646 0.000000
vt 0.415031 -0.774299 0.000000
vt 0.412903 -0.769213 0.000000
vt 0.410267 -0.764441 0.000000
vt 0.400250 -0.762339 0.000000
vt 0.407169 -0.760056 0.000000
vt 0.403656 -0.756108 0.000000
vt 0.399767 -0.752620 0.000000
vt 0.395538 -0.749611 0.000000
vt 0.382383 -0.762339 0.000000
vt 0.391043 -0.747116 0.000000
vt 0.386337 -0.745141 0.000000
vt 0.381461 -0.743677 0.000000
vt 0.376456 -0.742717 0.000000
vt 0.364516 -0.762339 0.000000
vt 0.366313 -0.742258 0.000000
vt 0.361247 -0.742717 0.000000
vt 0.371393 -0.742251 0.000000
vt 0.356231 -0.743607 0.000000
vt 0.351311 -0.744905 0.000000
vt 0.346649 -0.762339 0.000000
vt 0.346522 -0.746587 0.000000
vt 0.341893 -0.748632 0.000000
vt 0.337453 -0.751021 0.000000
vt 0.333236 -0.753733 0.000000
vt 0.346649 -0.782428 0.000000
vt 0.346649 -0.802516 0.000000
vt 0.364516 -0.782428 0.000000
vt 0.364516 -0.802516 0.000000
vt 0.382383 -0.782428 0.000000
vt 0.382383 -0.802516 0.000000
vt -0.049318 -0.008230 0.000000
vt 0.049318 -0.008230 0.000000
vt -0.050000 0.000000 0.000000
vt 0.050000 0.000000 0.000000
vt -0.049318 0.008230 0.000000
vt 0.049318 0.008230 0.000000
vt -0.047291 0.016235 0.000000
vt 0.047291 0.016235 0.000000
vt -0.043974 0.023797 0.000000
vt 0.043974 0.023797 0.000000
vt -0.039457 0.030711 0.000000
vt 0.039457 0.030711 0.000000
vt -0.033864 0.036786 0.000000
vt 0.033864 0.036786 0.000000
vt -0.027347 0.041858 0.000000
vt 0.027347 0.041858 0.000000
vt -0.020085 0.045789 0.000000
vt 0.020085 0.045789 0.000000
vt -0.012274 0.048470 0.000000
vt 0.012274 0.048470 0.000000
vt -0.004129 0.049829 0.000000
vt 0.004129 0.049829 0.000000
vt 0.047291 -0.016235 0.000000
vt -0.047291 -0.016235 0.000000
vt 0.043974 -0.023797 0.000000
vt -0.043974 -0.023797 0.000000
vt 0.039457 -0.030711 0.000000
vt -0.039457 -0.030711 0.000000
vt 0.033864 -0.036786 0.000000
vt -0.033864 -0.036786 0.000000
vt 0.027347 -0.041858 0.000000
vt -0.027347 -0.041858 0.000000
vt 0.020085 -0.045789 0.000000
vt -0.020085 -0.045789 0.000000
vt 0.012274 -0.048470 0.000000
vt -0.012274 -0.048470 0.000000
vt 0.004129 -0.049829 0.000000
vt -0.004129 -0.049829 0.000000
vt -0.440000 0.148812 0.000000
vt -0.357377 0.151799 0.000000
vt -0.440000 0.157080 0.000000
vt -0.359110 0.156579 0.000000
vt -0.440000 -0.157080 0.000000
vt -0.359110 -0.157580 0.000000
vt -0.360915 -0.152813 0.000000
vt -0.355727 0.146997 0.000000
vt -0.440000 0.140545 0.000000
vt -0.354171 0.142162 0.000000
vt -0.352719 0.137282 0.000000
vt -0.440000 0.132278 0.000000
vt -0.351389 0.132383 0.000000
vt -0.350184 0.127464 0.000000
vt -0.440000 0.124010 0.000000
vt -0.349105 0.122513 0.000000
vt -0.348152 0.117518 0.000000
vt -0.440000 0.115743 0.000000
vt -0.347332 0.112511 0.000000
vt -0.440000 0.107476 0.000000
vt -0.346639 0.107492 0.000000
vt -0.346068 0.102449 0.000000
vt -0.440000 0.099208 0.000000
vt -0.345615 0.097385 0.000000
vt -0.440000 0.090941 0.000000
vt -0.345276 0.092320 0.000000
vt -0.345046 0.087241 0.000000
vt -0.440000 0.082673 0.000000
vt -0.344921 0.082158 0.000000
vt -0.344899 0.077071 0.000000
vt -0.440000 0.074406 0.000000
vt -0.344980 0.071990 0.000000
vt -0.440000 0.066139 0.000000
vt -0.345166 0.066910 0.000000
vt -0.345458 0.061836 0.000000
vt -0.440000 0.057871 0.000000
vt -0.345862 0.056776 0.000000
vt -0.346383 0.051720 0.000000
vt -0.440000 0.049604 0.000000
vt -0.347024 0.046686 0.000000
vt -0.440000 0.041337 0.000000
vt -0.347789 0.041682 0.000000
vt -0.348682 0.036696 0.000000
vt -0.440000 0.033069 0.000000
vt -0.349709 0.031716 0.000000
vt -0.350864 0.026770 0.000000
vt -0.440000 0.024802 0.000000
vt -0.352143 0.021863 0.000000
vt -0.440000 0.016535 0.000000
vt -0.353542 0.016982 0.000000
vt -0.355057 0.012119 0.000000
vt -0.440000 0.008267 0.000000
vt -0.356672 0.007297 0.000000
vt -0.358372 0.002508 0.000000
vt -0.440000 0.000000 0.000000
vt -0.360147 -0.002260 0.000000
vt -0.440000 -0.008267 0.000000
vt -0.361985 -0.007016 0.000000
vt -0.363863 -0.011753 0.000000
vt -0.440000 -0.016535 0.000000
vt -0.365762 -0.016479 0.000000
vt -0.367664 -0.021205 0.000000
vt -0.440000 -0.024802 0.000000
vt -0.369548 -0.025939 0.000000
vt -0.371394 -0.030688 0.000000
vt -0.440000 -0.033069 0.000000
vt -0.373174 -0.035454 0.000000
vt -0.440000 -0.041337 0.000000
vt -0.374865 -0.040248 0.000000
vt -0.376442 -0.045082 0.000000
vt -0.440000 -0.049604 0.000000
vt -0.377878 -0.049959 0.000000
vt -0.379141 -0.054870 0.000000
vt -0.440000 -0.057871 0.000000
vt -0.380206 -0.059825 0.000000
vt -0.440000 -0.066139 0.000000
vt -0.381051 -0.064835 0.000000
vt -0.381647 -0.069870 0.000000
vt -0.440000 -0.074406 0.000000
vt -0.381980 -0.074935 0.000000
vt -0.382038 -0.080009 0.000000
vt -0.440000 -0.082673 0.000000
vt -0.381820 -0.085080 0.000000
vt -0.440000 -0.090941 0.000000
vt -0.381333 -0.090131 0.000000
vt -0.380591 -0.095146 0.000000
vt -0.440000 -0.099208 0.000000
vt -0.379614 -0.100132 0.000000
vt -0.378431 -0.105062 0.000000
vt -0.440000 -0.107476 0.000000
vt -0.377067 -0.109944 0.000000
vt -0.440000 -0.115743 0.000000
vt -0.375548 -0.114791 0.000000
vt -0.373899 -0.119608 0.000000
vt -0.440000 -0.124010 0.000000
vt -0.372153 -0.124388 0.000000
vt -0.370332 -0.129143 0.000000
vt -0.440000 -0.132278 0.000000
vt -0.368460 -0.133883 0.000000
vt -0.440000 -0.140545 0.000000
vt -0.366562 -0.138613 0.000000
vt -0.364660 -0.143339 0.000000
vt -0.440000 -0.148812 0.000000
vt -0.362772 -0.148068 0.000000
vn -0.454597 0.890114 -0.032222
vn -0.465620 0.884478 -0.029946
vn -0.456398 0.889358 -0.027269
vn -0.475637 0.879220 -0.027217
vn -0.457122 0.889358 -0.009078
vn -0.484548 0.874434 -0.024055
vn -0.492229 0.870224 -0.020501
vn -0.498602 0.866672 -0.016592
vn -0.503583 0.863858 -0.012371
vn -0.507066 0.861871 -0.007923
vn -0.508998 0.860761 -0.003317
vn -0.509336 0.860567 0.001353
vn -0.457121 0.889358 0.009127
vn -0.508072 0.861294 0.005998
vn -0.505234 0.862918 0.010524
vn -0.500880 0.865390 0.014845
vn -0.495072 0.868646 0.018898
vn -0.487930 0.872590 0.022607
vn -0.456395 0.889358 0.027317
vn -0.479541 0.877136 0.025933
vn -0.469989 0.882201 0.028845
vn -0.459363 0.887696 0.031318
vn -0.447786 0.893519 0.033328
vn -0.435345 0.899588 0.034869
vn -0.402744 0.914995 0.024106
vn -0.422122 0.905826 0.035939
vn -0.408212 0.912155 0.036543
vn -0.393719 0.918498 0.036692
vn -0.378729 0.924792 0.036402
vn -0.347666 0.937388 0.020809
vn -0.363328 0.930977 0.035695
vn -0.347623 0.936996 0.034600
vn -0.331775 0.942776 0.033155
vn -0.315895 0.948274 0.031401
vn -0.291354 0.956456 0.017439
vn -0.300090 0.953458 0.029381
vn -0.284483 0.958297 0.027141
vn -0.269313 0.962735 0.024746
vn -0.254746 0.966752 0.022252
vn -0.240912 0.970347 0.019705
vn -0.234009 0.972133 0.014006
vn -0.227956 0.973520 0.017148
vn -0.216127 0.976256 0.014636
vn -0.205581 0.978564 0.012202
vn -0.196441 0.980466 0.009859
vn -0.234381 0.972133 0.004680
vn -0.188851 0.981976 0.007616
vn -0.182955 0.983106 0.005474
vn -0.178830 0.983874 0.003413
vn -0.176548 0.984291 0.001409
vn -0.176148 0.984363 -0.000571
vn -0.234382 0.972133 -0.004655
vn -0.177636 0.984093 -0.002560
vn -0.180986 0.983475 -0.004593
vn -0.186146 0.982499 -0.006699
vn -0.193024 0.981154 -0.008895
vn -0.201531 0.979418 -0.011199
vn -0.234011 0.972133 -0.013982
vn -0.211510 0.977281 -0.013598
vn -0.222795 0.974733 -0.016075
vn -0.235257 0.971755 -0.018611
vn -0.248767 0.968332 -0.021173
vn -0.291356 0.956456 -0.017408
vn -0.263083 0.964482 -0.023702
vn -0.278016 0.960221 -0.026146
vn -0.293437 0.955555 -0.028455
vn -0.309206 0.950503 -0.030578
vn -0.347668 0.937388 -0.020772
vn -0.340973 0.939457 -0.034033
vn -0.356739 0.933538 -0.035279
vn -0.325094 0.945125 -0.032453
vn -0.372288 0.927413 -0.036153
vn -0.387470 0.921154 -0.036622
vn -0.402747 0.914995 -0.024063
vn -0.402185 0.914824 -0.036660
vn -0.416344 0.908484 -0.036250
vn -0.429865 0.902200 -0.035377
vn -0.442650 0.896048 -0.034034
vn -0.403386 0.914995 -0.008011
vn -0.403385 0.914995 0.008054
vn -0.348219 0.937388 -0.006915
vn -0.348218 0.937388 0.006952
vn -0.291818 0.956456 -0.005795
vn -0.291817 0.956456 0.005826
vn -0.000000 -1.000000 -0.000000
vn -0.000000 -1.000000 -0.000000
vn -0.000000 -1.000000 -0.000000
vn -0.000000 -1.000000 -0.000000
vn -0.000000 -1.000000 -0.000000
vn -0.000000 -1.000000 -0.000000
vn -0.000000 -1.000000 -0.000000
vn -0.000000 -1.000000 -0.000000
vn -0.000000 -1.000000 -0.000000
vn -0.000000 -1.000000 -0.000000
vn -0.000000 -1.000000 -0.000000
vn -0.000000 -1.000000 -0.000000
vn -0.000000 -1.000000 -0.000000
vn -0.000000 -1.000000 -0.000000
vn -0.000000 -1.000000 -0.000000
vn -0.000000 -1.000000 -0.000000
vn -0.000000 -1.000000 -0.000000
vn -0.000000 -1.000000 -0.000000
vn -0.000000 -1.000000 -0.000000
vn -0.000000 -1.000000 -0.000000
vn -0.000000 -1.000000 -0.000000
vn -0.000000 -1.000000 -0.000000
vn -0.000000 -1.000000 -0.000000
vn -0.000000 -1.000000 -0.000000
vn -0.000000 -1.000000 -0.000000
vn -0.000000 -1.000000 -0.000000
vn -0.000000 -1.000000 -0.000000
vn -0.000000 -1.000000 -0.000000
vn -0.000000 -1.000000 -0.000000
vn -0.000000 -1.000000 -0.000000
vn -0.000000 -1.000000 -0.000000
vn -0.000000 -1.000000 -0.000000
vn -0.000000 -1.000000 -0.000000
vn -0.000000 -1.000000 -0.000000
vn -0.000000 -1.000000 -0.000000
vn -0.000000 -1.000000 -0.000000
vn -0.000000 -1.000000 -0.000000
vn -0.000000 -1.000000 -0.000000
vn 0.164595 0.000000 0.986361
vn 0.105425 0.000000 0.994427
vn 0.000000 0.000000 1.000000
vn 0.010017 0.000000 0.999950
vn -0.085220 0.000000 0.996362
vn 0.200289 0.000000 0.979737
vn 0.324699 0.000000 0.945817
vn 0.293947 0.000000 0.955822
vn 0.385683 0.000000 0.922631
vn 0.475947 0.000000 0.879474
vn 0.474100 0.000000 0.880471
vn 0.558287 0.000000 0.829648
vn 0.614213 0.000000 0.789141
vn 0.637569 0.000000 0.770393
vn 0.711217 0.000000 0.702973
vn 0.735724 0.000000 0.677282
vn 0.777936 0.000000 0.628344
vn 0.837166 0.000000 0.546948
vn 0.836984 0.000000 0.547227
vn 0.887830 0.000000 0.460172
vn 0.915773 0.000000 0.401695
vn 0.929806 0.000000 0.368051
vn 0.969400 0.000000 0.245485
vn 0.962263 0.000000 0.272120
vn 0.984897 0.000000 0.173144
vn 0.996584 0.000000 0.082579
vn 0.997384 0.000000 0.072292
vn 0.999569 0.000000 -0.029372
vn 0.996584 0.000000 -0.082579
vn 0.991432 0.000000 -0.130621
vn 0.969400 0.000000 -0.245485
vn 0.973073 0.000000 -0.230497
vn 0.944713 0.000000 -0.327898
vn 0.915773 0.000000 -0.401695
vn 0.906756 0.000000 -0.421656
vn 0.859553 0.000000 -0.511047
vn 0.837166 0.000000 -0.546948
vn 0.803835 0.000000 -0.594853
vn 0.735724 0.000000 -0.677282
vn 0.740387 0.000000 -0.672180
vn 0.669788 0.000000 -0.742552
vn 0.614213 0.000000 -0.789141
vn 0.592633 0.000000 -0.805473
vn 0.510192 0.000000 -0.860061
vn 0.475947 0.000000 -0.879474
vn 0.423466 0.000000 -0.905912
vn 0.324699 0.000000 -0.945817
vn 0.333145 0.000000 -0.942876
vn 0.240018 0.000000 -0.970768
vn 0.164595 0.000000 -0.986361
vn 0.145427 0.000000 -0.989369
vn 0.050142 0.000000 -0.998742
vn 0.000000 0.000000 -1.000000
vn -0.045182 0.000000 -0.998979
vn -0.164595 0.000000 -0.986361
vn -0.139851 0.000000 -0.990173
vn -0.232902 0.000000 -0.972500
vn -0.324699 0.000000 -0.945817
vn -0.323651 0.000000 -0.946176
vn -0.411492 0.000000 -0.911413
vn -0.475947 0.000000 -0.879474
vn -0.495818 0.000000 -0.868427
vn -0.575938 0.000000 -0.817494
vn -0.614213 0.000000 -0.789141
vn -0.651135 0.000000 -0.758962
vn -0.735724 0.000000 -0.677282
vn -0.720806 0.000000 -0.693137
vn -0.784342 0.000000 -0.620329
vn -0.837166 0.000000 -0.546948
vn -0.841031 0.000000 -0.540987
vn -0.890027 0.000000 -0.455908
vn -0.915773 0.000000 -0.401695
vn -0.930767 0.000000 -0.365612
vn -0.969400 0.000000 -0.245485
vn -0.962668 0.000000 -0.270686
vn -0.985004 0.000000 -0.172530
vn -0.996584 0.000000 -0.082579
vn -0.997402 0.000000 -0.072032
vn -0.999568 0.000000 0.029376
vn -0.996584 0.000000 0.082579
vn -0.991457 0.000000 0.130432
vn -0.969400 0.000000 0.245485
vn -0.973251 0.000000 0.229746
vn -0.945349 0.000000 0.326060
vn -0.915773 0.000000 0.401695
vn -0.908192 0.000000 0.418553
vn -0.862586 0.000000 0.505910
vn -0.837166 0.000000 0.546948
vn -0.809159 0.000000 0.587590
vn -0.735724 0.000000 0.677282
vn -0.748489 0.000000 0.663147
vn -0.681229 0.000000 0.732070
vn -0.614213 0.000000 0.789141
vn -0.608228 0.000000 0.793762
vn -0.530110 0.000000 0.847929
vn -0.475947 0.000000 0.879474
vn -0.447476 0.000000 0.894296
vn -0.324699 0.000000 0.945817
vn -0.360989 0.000000 0.932570
vn -0.271376 0.000000 0.962473
vn -0.164595 0.000000 0.986361
vn -0.179250 0.000000 0.983804
f 3342/5355/4668 3279/5356/4669 3343/5357/4670
f 3343/5357/4670 3279/5356/4669 3280/5358/4671
f 3343/5357/4670 3280/5358/4671 3348/5359/4672
f 3348/5359/4672 3280/5358/4671 3281/5360/4673
f 3348/5359/4672 3281/5360/4673 3282/5361/4674
f 3282/5361/4674 3283/5362/4675 3348/5359/4672
f 3348/5359/4672 3283/5362/4675 3284/5363/4676
f 3348/5359/4672 3284/5363/4676 3285/5364/4677
f 3285/5364/4677 3286/5365/4678 3348/5359/4672
f 3348/5359/4672 3286/5365/4678 3287/5366/4679
f 3348/5359/4672 3287/5366/4679 3353/5367/4680
f 3353/5367/4680 3287/5366/4679 3288/5368/4681
f 3353/5367/4680 3288/5368/4681 3289/5369/4682
f 3289/5369/4682 3290/5370/4683 3353/5367/4680
f 3353/5367/4680 3290/5370/4683 3291/5371/4684
f 3353/5367/4680 3291/5371/4684 3292/5372/4685
f 3353/5367/4680 3292/5372/4685 3358/5373/4686
f 3358/5373/4686 3292/5372/4685 3293/5374/4687
f 3358/5373/4686 3293/5374/4687 3294/5375/4688
f 3294/5375/4688 3295/5376/4689 3358/5373/4686
f 3358/5373/4686 3295/5376/4689 3296/5377/4690
f 3358/5373/4686 3296/5377/4690 3297/5378/4691
f 3358/5373/4686 3297/5378/4691 3359/5379/4692
f 3359/5379/4692 3297/5378/4691 3298/5380/4693
f 3359/5379/4692 3298/5380/4693 3299/5381/4694
f 3299/5381/4694 3300/5382/4695 3359/5379/4692
f 3359/5379/4692 3300/5382/4695 3301/5383/4696
f 3359/5379/4692 3301/5383/4696 3360/5384/4697
f 3360/5384/4697 3301/5383/4696 3302/5385/4698
f 3360/5384/4697 3302/5385/4698 3303/5386/4699
f 3303/5386/4699 3304/5387/4700 3360/5384/4697
f 3360/5384/4697 3304/5387/4700 3305/5388/4701
f 3360/5384/4697 3305/5388/4701 3361/5389/4702
f 3361/5389/4702 3305/5388/4701 3306/5390/4703
f 3361/5389/4702 3306/5390/4703 3307/5391/4704
f 3307/5391/4704 3308/5392/4705 3361/5389/4702
f 3361/5389/4702 3308/5392/4705 3309/5393/4706
f 3361/5389/4702 3309/5393/4706 3310/5394/4707
f 3361/5389/4702 3310/5394/4707 3362/5395/4708
f 3362/5395/4708 3310/5394/4707 3311/5396/4709
f 3362/5395/4708 3311/5396/4709 3312/5397/4710
f 3312/5397/4710 3313/5398/4711 3362/5395/4708
f 3362/5395/4708 3313/5398/4711 3314/5399/4712
f 3362/5395/4708 3314/5399/4712 3357/5400/4713
f 3357/5400/4713 3314/5399/4712 3315/5401/4714
f 3357/5400/4713 3315/5401/4714 3316/5402/4715
f 3316/5402/4715 3317/5403/4716 3357/5400/4713
f 3357/5400/4713 3317/5403/4716 3318/5404/4717
f 3357/5400/4713 3318/5404/4717 3319/5405/4718
f 3357/5400/4713 3319/5405/4718 3352/5406/4719
f 3352/5406/4719 3319/5405/4718 3320/5407/4720
f 3352/5406/4719 3320/5407/4720 3321/5408/4721
f 3321/5408/4721 3322/5409/4722 3352/5406/4719
f 3352/5406/4719 3322/5409/4722 3323/5410/4723
f 3352/5406/4719 3323/5410/4723 3324/5411/4724
f 3352/5406/4719 3324/5411/4724 3347/5412/4725
f 3347/5412/4725 3324/5411/4724 3325/5413/4726
f 3347/5412/4725 3325/5413/4726 3326/5414/4727
f 3326/5414/4727 3327/5415/4728 3347/5412/4725
f 3347/5412/4725 3327/5415/4728 3328/5416/4729
f 3347/5412/4725 3328/5416/4729 3346/5417/4730
f 3346/5417/4730 3328/5416/4729 3329/5418/4731
f 3346/5417/4730 3329/5418/4731 3330/5419/4732
f 3330/5419/4732 3331/5420/4733 3346/5417/4730
f 3346/5417/4730 3331/5420/4733 3332/5421/4734
f 3346/5417/4730 3332/5421/4734 3345/5422/4735
f 3345/5422/4735 3332/5421/4734 3334/5423/4736
f 3345/5422/4735 3334/5423/4736 3335/5424/4737
f 3332/5421/4734 3333/5425/4738 3334/5423/4736
f 3335/5424/4737 3336/5426/4739 3345/5422/4735
f 3345/5422/4735 3336/5426/4739 3337/5427/4740
f 3345/5422/4735 3337/5427/4740 3344/5428/4741
f 3344/5428/4741 3337/5427/4740 3338/5429/4742
f 3344/5428/4741 3338/5429/4742 3339/5430/4743
f 3339/5430/4743 3340/5431/4744 3344/5428/4741
f 3344/5428/4741 3340/5431/4744 3341/5432/4745
f 3344/5428/4741 3341/5432/4745 3343/5357/4670
f 3343/5357/4670 3341/5432/4745 3342/5355/4668
f 3344/5428/4741 3343/5357/4670 3349/5433/4746
f 3349/5433/4746 3343/5357/4670 3348/5359/4672
f 3349/5433/4746 3348/5359/4672 3354/5434/4747
f 3354/5434/4747 3348/5359/4672 3353/5367/4680
f 3354/5434/4747 3353/5367/4680 3359/5379/4692
f 3359/5379/4692 3353/5367/4680 3358/5373/4686
f 3345/5422/4735 3344/5428/4741 3350/5435/4748
f 3350/5435/4748 3344/5428/4741 3349/5433/4746
f 3350/5435/4748 3349/5433/4746 3355/5436/4749
f 3355/5436/4749 3349/5433/4746 3354/5434/4747
f 3355/5436/4749 3354/5434/4747 3360/5384/4697
f 3360/5384/4697 3354/5434/4747 3359/5379/4692
f 3352/5406/4719 3347/5412/4725 3346/5417/4730
f 3346/5417/4730 3345/5422/4735 3351/5437/4750
f 3351/5437/4750 3345/5422/4735 3350/5435/4748
f 3351/5437/4750 3350/5435/4748 3356/5438/4751
f 3356/5438/4751 3350/5435/4748 3355/5436/4749
f 3356/5438/4751 3355/5436/4749 3361/5389/4702
f 3361/5389/4702 3355/5436/4749 3360/5384/4697
f 3357/5400/4713 3352/5406/4719 3351/5437/4750
f 3351/5437/4750 3352/5406/4719 3346/5417/4730
f 3357/5400/4713 3351/5437/4750 3356/5438/4751
f 3362/5395/4708 3357/5400/4713 3356/5438/4751
f 3362/5395/4708 3356/5438/4751 3361/5389/4702
f 3364/5439/4752 3381/5440/4753 3363/5441/4754
f 3363/5441/4754 3381/5440/4753 3382/5442/4755
f 3363/5441/4754 3382/5442/4755 3400/5443/4756
f 3400/5443/4756 3382/5442/4755 3383/5444/4757
f 3400/5443/4756 3383/5444/4757 3399/5445/4758
f 3399/5445/4758 3383/5444/4757 3384/5446/4759
f 3399/5445/4758 3384/5446/4759 3398/5447/4760
f 3398/5447/4760 3384/5446/4759 3385/5448/4761
f 3398/5447/4760 3385/5448/4761 3397/5449/4762
f 3397/5449/4762 3385/5448/4761 3386/5450/4763
f 3397/5449/4762 3386/5450/4763 3396/5451/4764
f 3396/5451/4764 3386/5450/4763 3387/5452/4765
f 3396/5451/4764 3387/5452/4765 3395/5453/4766
f 3395/5453/4766 3387/5452/4765 3388/5454/4767
f 3395/5453/4766 3388/5454/4767 3394/5455/4768
f 3394/5455/4768 3388/5454/4767 3389/5456/4769
f 3394/5455/4768 3389/5456/4769 3393/5457/4770
f 3393/5457/4770 3389/5456/4769 3390/5458/4771
f 3393/5457/4770 3390/5458/4771 3392/5459/4772
f 3392/5459/4772 3390/5458/4771 3391/5460/4773
f 3381/5440/4753 3364/5439/4752 3380/5461/4774
f 3380/5461/4774 3364/5439/4752 3365/5462/4775
f 3380/5461/4774 3365/5462/4775 3379/5463/4776
f 3379/5463/4776 3365/5462/4775 3366/5464/4777
f 3379/5463/4776 3366/5464/4777 3378/5465/4778
f 3378/5465/4778 3366/5464/4777 3367/5466/4779
f 3378/5465/4778 3367/5466/4779 3377/5467/4780
f 3377/5467/4780 3367/5466/4779 3368/5468/4781
f 3377/5467/4780 3368/5468/4781 3376/5469/4782
f 3376/5469/4782 3368/5468/4781 3369/5470/4783
f 3376/5469/4782 3369/5470/4783 3375/5471/4784
f 3375/5471/4784 3369/5470/4783 3370/5472/4785
f 3375/5471/4784 3370/5472/4785 3374/5473/4786
f 3374/5473/4786 3370/5472/4785 3371/5474/4787
f 3374/5473/4786 3371/5474/4787 3373/5475/4788
f 3373/5475/4788 3371/5474/4787 3372/5476/4789
f 3400/5477/4790 3304/5478/4791 3363/5479/4792
f 3363/5479/4792 3304/5478/4791 3303/5480/4793
f 3363/5481/4792 3303/5482/4793 3302/5483/4794
f 3304/5478/4791 3400/5477/4790 3305/5484/4795
f 3305/5484/4795 3400/5477/4790 3399/5485/4796
f 3305/5484/4795 3399/5485/4796 3306/5486/4797
f 3306/5486/4797 3399/5485/4796 3307/5487/4798
f 3307/5487/4798 3399/5485/4796 3398/5488/4799
f 3307/5487/4798 3398/5488/4799 3308/5489/4800
f 3308/5489/4800 3398/5488/4799 3309/5490/4801
f 3309/5490/4801 3398/5488/4799 3397/5491/4802
f 3309/5490/4801 3397/5491/4802 3310/5492/4803
f 3310/5492/4803 3397/5491/4802 3311/5493/4804
f 3311/5493/4804 3397/5491/4802 3396/5494/4805
f 3311/5493/4804 3396/5494/4805 3312/5495/4806
f 3312/5495/4806 3396/5494/4805 3395/5496/4807
f 3312/5495/4806 3395/5496/4807 3313/5497/4808
f 3313/5497/4808 3395/5496/4807 3314/5498/4809
f 3314/5498/4809 3395/5496/4807 3394/5499/4810
f 3314/5498/4809 3394/5499/4810 3315/5500/4811
f 3315/5500/4811 3394/5499/4810 3393/5501/4812
f 3315/5500/4811 3393/5501/4812 3316/5502/4813
f 3316/5502/4813 3393/5501/4812 3317/5503/4814
f 3317/5503/4814 3393/5501/4812 3392/5504/4815
f 3317/5503/4814 3392/5504/4815 3318/5505/4816
f 3318/5505/4816 3392/5504/4815 3319/5506/4817
f 3319/5506/4817 3392/5504/4815 3391/5507/4818
f 3319/5506/4817 3391/5507/4818 3320/5508/4819
f 3320/5508/4819 3391/5507/4818 3390/5509/4820
f 3320/5508/4819 3390/5509/4820 3321/5510/4821
f 3321/5510/4821 3390/5509/4820 3322/5511/4822
f 3322/5511/4822 3390/5509/4820 3389/5512/4823
f 3322/5511/4822 3389/5512/4823 3323/5513/4824
f 3323/5513/4824 3389/5512/4823 3324/5514/4825
f 3324/5514/4825 3389/5512/4823 3388/5515/4826
f 3324/5514/4825 3388/5515/4826 3325/5516/4827
f 3325/5516/4827 3388/5515/4826 3387/5517/4828
f 3325/5516/4827 3387/5517/4828 3326/5518/4829
f 3326/5518/4829 3387/5517/4828 3327/5519/4830
f 3327/5519/4830 3387/5517/4828 3386/5520/4831
f 3327/5519/4830 3386/5520/4831 3328/5521/4832
f 3328/5521/4832 3386/5520/4831 3329/5522/4833
f 3329/5522/4833 3386/5520/4831 3385/5523/4834
f 3329/5522/4833 3385/5523/4834 3330/5524/4835
f 3330/5524/4835 3385/5523/4834 3384/5525/4836
f 3330/5524/4835 3384/5525/4836 3331/5526/4837
f 3331/5526/4837 3384/5525/4836 3332/5527/4838
f 3332/5527/4838 3384/5525/4836 3383/5528/4839
f 3332/5527/4838 3383/5528/4839 3333/5529/4840
f 3333/5529/4840 3383/5528/4839 3334/5530/4841
f 3334/5530/4841 3383/5528/4839 3382/5531/4842
f 3334/5530/4841 3382/5531/4842 3335/5532/4843
f 3335/5532/4843 3382/5531/4842 3381/5533/4844
f 3335/5532/4843 3381/5533/4844 3336/5534/4845
f 3336/5534/4845 3381/5533/4844 3337/5535/4846
f 3337/5535/4846 3381/5533/4844 3380/5536/4847
f 3337/5535/4846 3380/5536/4847 3338/5537/4848
f 3338/5537/4848 3380/5536/4847 3339/5538/4849
f 3339/5538/4849 3380/5536/4847 3379/5539/4850
f 3339/5538/4849 3379/5539/4850 3340/5540/4851
f 3340/5540/4851 3379/5539/4850 3341/5541/4852
f 3341/5541/4852 3379/5539/4850 3378/5542/4853
f 3341/5541/4852 3378/5542/4853 3342/5543/4854
f 3342/5543/4854 3378/5542/4853 3377/5544/4855
f 3342/5543/4854 3377/5544/4855 3279/5545/4856
f 3279/5545/4856 3377/5544/4855 3280/5546/4857
f 3280/5546/4857 3377/5544/4855 3376/5547/4858
f 3280/5546/4857 3376/5547/4858 3281/5548/4859
f 3281/5548/4859 3376/5547/4858 3282/5549/4860
f 3282/5549/4860 3376/5547/4858 3375/5550/4861
f 3282/5549/4860 3375/5550/4861 3283/5551/4862
f 3283/5551/4862 3375/5550/4861 3374/5552/4863
f 3283/5551/4862 3374/5552/4863 3284/5553/4864
f 3284/5553/4864 3374/5552/4863 3285/5554/4865
f 3285/5554/4865 3374/5552/4863 3373/5555/4866
f 3285/5554/4865 3373/5555/4866 3286/5556/4867
f 3286/5556/4867 3373/5555/4866 3287/5557/4868
f 3287/5557/4868 3373/5555/4866 3372/5558/4869
f 3287/5557/4868 3372/5558/4869 3288/5559/4870
f 3288/5559/4870 3372/5558/4869 3371/5560/4871
f 3288/5559/4870 3371/5560/4871 3289/5561/4872
f 3289/5561/4872 3371/5560/4871 3290/5562/4873
f 3290/5562/4873 3371/5560/4871 3370/5563/4874
f 3290/5562/4873 3370/5563/4874 3291/5564/4875
f 3291/5564/4875 3370/5563/4874 3292/5565/4876
f 3292/5565/4876 3370/5563/4874 3369/5566/4877
f 3292/5565/4876 3369/5566/4877 3293/5567/4878
f 3293/5567/4878 3369/5566/4877 3368/5568/4879
f 3293/5567/4878 3368/5568/4879 3294/5569/4880
f 3294/5569/4880 3368/5568/4879 3295/5570/4881
f 3295/5570/4881 3368/5568/4879 3367/5571/4882
f 3295/5570/4881 3367/5571/4882 3296/5572/4883
f 3296/5572/4883 3367/5571/4882 3297/5573/4884
f 3297/5573/4884 3367/5571/4882 3366/5574/4885
f 3297/5573/4884 3366/5574/4885 3298/5575/4886
f 3298/5575/4886 3366/5574/4885 3365/5576/4887
f 3298/5575/4886 3365/5576/4887 3299/5577/4888
f 3299/5577/4888 3365/5576/4887 3300/5578/4889
f 3300/5578/4889 3365/5576/4887 3364/5579/4890
f 3300/5578/4889 3364/5579/4890 3301/5580/4891
f 3301/5580/4891 3364/5579/4890 3302/5483/4794
f 3302/5483/4794 3364/5579/4890 3363/5481/4792
# 3400 vertices
# 5580 texture params
# 4891 normals
# 6804 facets

# 8 groups
